sample_id,split,split_strategy
0,train,random_iid
1,train,random_iid
2,train,random_iid
4,train,random_iid
5,train,random_iid
7,train,random_iid
8,train,random_iid
9,train,random_iid
10,train,random_iid
11,train,random_iid
12,train,random_iid
13,train,random_iid
14,train,random_iid
15,train,random_iid
16,train,random_iid
17,train,random_iid
18,train,random_iid
20,train,random_iid
21,train,random_iid
22,train,random_iid
23,train,random_iid
24,train,random_iid
25,train,random_iid
26,train,random_iid
27,train,random_iid
28,train,random_iid
30,train,random_iid
31,train,random_iid
32,train,random_iid
33,train,random_iid
36,train,random_iid
37,train,random_iid
38,train,random_iid
39,train,random_iid
40,train,random_iid
41,train,random_iid
43,train,random_iid
44,train,random_iid
45,train,random_iid
46,train,random_iid
48,train,random_iid
49,train,random_iid
51,train,random_iid
52,train,random_iid
54,train,random_iid
55,train,random_iid
56,train,random_iid
58,train,random_iid
60,train,random_iid
61,train,random_iid
63,train,random_iid
64,train,random_iid
65,train,random_iid
66,train,random_iid
67,train,random_iid
68,train,random_iid
69,train,random_iid
70,train,random_iid
71,train,random_iid
73,train,random_iid
74,train,random_iid
75,train,random_iid
76,train,random_iid
77,train,random_iid
78,train,random_iid
79,train,random_iid
80,train,random_iid
81,train,random_iid
82,train,random_iid
83,train,random_iid
85,train,random_iid
86,train,random_iid
87,train,random_iid
90,train,random_iid
91,train,random_iid
92,train,random_iid
93,train,random_iid
94,train,random_iid
96,train,random_iid
97,train,random_iid
99,train,random_iid
100,train,random_iid
102,train,random_iid
104,train,random_iid
105,train,random_iid
106,train,random_iid
107,train,random_iid
108,train,random_iid
109,train,random_iid
110,train,random_iid
111,train,random_iid
112,train,random_iid
113,train,random_iid
114,train,random_iid
115,train,random_iid
116,train,random_iid
117,train,random_iid
118,train,random_iid
120,train,random_iid
121,train,random_iid
122,train,random_iid
125,train,random_iid
126,train,random_iid
128,train,random_iid
130,train,random_iid
131,train,random_iid
132,train,random_iid
133,train,random_iid
135,train,random_iid
136,train,random_iid
138,train,random_iid
139,train,random_iid
140,train,random_iid
141,train,random_iid
142,train,random_iid
143,train,random_iid
144,train,random_iid
145,train,random_iid
146,train,random_iid
147,train,random_iid
148,train,random_iid
149,train,random_iid
150,train,random_iid
151,train,random_iid
152,train,random_iid
153,train,random_iid
154,train,random_iid
155,train,random_iid
156,train,random_iid
157,train,random_iid
158,train,random_iid
159,train,random_iid
161,train,random_iid
163,train,random_iid
164,train,random_iid
165,train,random_iid
166,train,random_iid
167,train,random_iid
168,train,random_iid
170,train,random_iid
171,train,random_iid
172,train,random_iid
173,train,random_iid
174,train,random_iid
175,train,random_iid
176,train,random_iid
177,train,random_iid
178,train,random_iid
180,train,random_iid
181,train,random_iid
182,train,random_iid
184,train,random_iid
185,train,random_iid
186,train,random_iid
187,train,random_iid
188,train,random_iid
191,train,random_iid
192,train,random_iid
193,train,random_iid
194,train,random_iid
196,train,random_iid
197,train,random_iid
198,train,random_iid
199,train,random_iid
201,train,random_iid
202,train,random_iid
203,train,random_iid
205,train,random_iid
206,train,random_iid
207,train,random_iid
208,train,random_iid
209,train,random_iid
210,train,random_iid
211,train,random_iid
212,train,random_iid
213,train,random_iid
214,train,random_iid
215,train,random_iid
216,train,random_iid
218,train,random_iid
219,train,random_iid
220,train,random_iid
221,train,random_iid
222,train,random_iid
223,train,random_iid
224,train,random_iid
225,train,random_iid
226,train,random_iid
227,train,random_iid
228,train,random_iid
229,train,random_iid
230,train,random_iid
232,train,random_iid
234,train,random_iid
235,train,random_iid
236,train,random_iid
237,train,random_iid
238,train,random_iid
239,train,random_iid
240,train,random_iid
241,train,random_iid
242,train,random_iid
243,train,random_iid
244,train,random_iid
245,train,random_iid
246,train,random_iid
248,train,random_iid
249,train,random_iid
250,train,random_iid
252,train,random_iid
253,train,random_iid
254,train,random_iid
255,train,random_iid
256,train,random_iid
257,train,random_iid
258,train,random_iid
259,train,random_iid
260,train,random_iid
261,train,random_iid
262,train,random_iid
264,train,random_iid
265,train,random_iid
266,train,random_iid
267,train,random_iid
268,train,random_iid
269,train,random_iid
270,train,random_iid
271,train,random_iid
272,train,random_iid
274,train,random_iid
275,train,random_iid
276,train,random_iid
277,train,random_iid
278,train,random_iid
279,train,random_iid
280,train,random_iid
281,train,random_iid
282,train,random_iid
283,train,random_iid
284,train,random_iid
285,train,random_iid
287,train,random_iid
288,train,random_iid
289,train,random_iid
292,train,random_iid
293,train,random_iid
294,train,random_iid
297,train,random_iid
298,train,random_iid
299,train,random_iid
300,train,random_iid
301,train,random_iid
302,train,random_iid
303,train,random_iid
304,train,random_iid
305,train,random_iid
306,train,random_iid
308,train,random_iid
309,train,random_iid
310,train,random_iid
311,train,random_iid
312,train,random_iid
314,train,random_iid
315,train,random_iid
316,train,random_iid
317,train,random_iid
318,train,random_iid
319,train,random_iid
320,train,random_iid
321,train,random_iid
324,train,random_iid
325,train,random_iid
328,train,random_iid
329,train,random_iid
330,train,random_iid
331,train,random_iid
332,train,random_iid
333,train,random_iid
334,train,random_iid
335,train,random_iid
336,train,random_iid
337,train,random_iid
338,train,random_iid
339,train,random_iid
340,train,random_iid
341,train,random_iid
342,train,random_iid
343,train,random_iid
345,train,random_iid
346,train,random_iid
347,train,random_iid
348,train,random_iid
349,train,random_iid
350,train,random_iid
352,train,random_iid
353,train,random_iid
354,train,random_iid
355,train,random_iid
356,train,random_iid
357,train,random_iid
358,train,random_iid
359,train,random_iid
360,train,random_iid
362,train,random_iid
363,train,random_iid
364,train,random_iid
365,train,random_iid
366,train,random_iid
367,train,random_iid
368,train,random_iid
369,train,random_iid
370,train,random_iid
371,train,random_iid
372,train,random_iid
374,train,random_iid
375,train,random_iid
376,train,random_iid
377,train,random_iid
378,train,random_iid
380,train,random_iid
381,train,random_iid
382,train,random_iid
383,train,random_iid
384,train,random_iid
385,train,random_iid
386,train,random_iid
388,train,random_iid
389,train,random_iid
390,train,random_iid
391,train,random_iid
392,train,random_iid
393,train,random_iid
394,train,random_iid
395,train,random_iid
396,train,random_iid
397,train,random_iid
398,train,random_iid
399,train,random_iid
403,train,random_iid
404,train,random_iid
405,train,random_iid
406,train,random_iid
407,train,random_iid
408,train,random_iid
412,train,random_iid
413,train,random_iid
414,train,random_iid
415,train,random_iid
416,train,random_iid
417,train,random_iid
418,train,random_iid
419,train,random_iid
420,train,random_iid
421,train,random_iid
422,train,random_iid
425,train,random_iid
426,train,random_iid
427,train,random_iid
430,train,random_iid
431,train,random_iid
432,train,random_iid
433,train,random_iid
435,train,random_iid
436,train,random_iid
437,train,random_iid
440,train,random_iid
442,train,random_iid
443,train,random_iid
444,train,random_iid
445,train,random_iid
446,train,random_iid
447,train,random_iid
448,train,random_iid
449,train,random_iid
451,train,random_iid
452,train,random_iid
453,train,random_iid
454,train,random_iid
456,train,random_iid
457,train,random_iid
458,train,random_iid
459,train,random_iid
461,train,random_iid
462,train,random_iid
463,train,random_iid
464,train,random_iid
466,train,random_iid
468,train,random_iid
469,train,random_iid
470,train,random_iid
471,train,random_iid
473,train,random_iid
474,train,random_iid
475,train,random_iid
477,train,random_iid
478,train,random_iid
479,train,random_iid
480,train,random_iid
481,train,random_iid
482,train,random_iid
483,train,random_iid
484,train,random_iid
486,train,random_iid
488,train,random_iid
489,train,random_iid
490,train,random_iid
491,train,random_iid
493,train,random_iid
495,train,random_iid
496,train,random_iid
497,train,random_iid
499,train,random_iid
500,train,random_iid
501,train,random_iid
502,train,random_iid
503,train,random_iid
504,train,random_iid
505,train,random_iid
506,train,random_iid
508,train,random_iid
509,train,random_iid
510,train,random_iid
512,train,random_iid
514,train,random_iid
515,train,random_iid
516,train,random_iid
517,train,random_iid
518,train,random_iid
519,train,random_iid
520,train,random_iid
521,train,random_iid
523,train,random_iid
524,train,random_iid
525,train,random_iid
526,train,random_iid
527,train,random_iid
528,train,random_iid
530,train,random_iid
531,train,random_iid
532,train,random_iid
533,train,random_iid
534,train,random_iid
535,train,random_iid
536,train,random_iid
537,train,random_iid
538,train,random_iid
539,train,random_iid
540,train,random_iid
541,train,random_iid
543,train,random_iid
544,train,random_iid
545,train,random_iid
546,train,random_iid
547,train,random_iid
548,train,random_iid
550,train,random_iid
552,train,random_iid
555,train,random_iid
556,train,random_iid
557,train,random_iid
559,train,random_iid
560,train,random_iid
561,train,random_iid
562,train,random_iid
564,train,random_iid
565,train,random_iid
566,train,random_iid
567,train,random_iid
568,train,random_iid
569,train,random_iid
571,train,random_iid
573,train,random_iid
574,train,random_iid
575,train,random_iid
577,train,random_iid
578,train,random_iid
579,train,random_iid
582,train,random_iid
584,train,random_iid
585,train,random_iid
586,train,random_iid
587,train,random_iid
588,train,random_iid
589,train,random_iid
590,train,random_iid
591,train,random_iid
592,train,random_iid
593,train,random_iid
594,train,random_iid
595,train,random_iid
596,train,random_iid
597,train,random_iid
598,train,random_iid
601,train,random_iid
602,train,random_iid
603,train,random_iid
604,train,random_iid
605,train,random_iid
606,train,random_iid
607,train,random_iid
609,train,random_iid
610,train,random_iid
611,train,random_iid
612,train,random_iid
613,train,random_iid
614,train,random_iid
615,train,random_iid
616,train,random_iid
617,train,random_iid
618,train,random_iid
619,train,random_iid
620,train,random_iid
622,train,random_iid
623,train,random_iid
624,train,random_iid
625,train,random_iid
626,train,random_iid
627,train,random_iid
628,train,random_iid
629,train,random_iid
630,train,random_iid
631,train,random_iid
632,train,random_iid
633,train,random_iid
634,train,random_iid
636,train,random_iid
637,train,random_iid
638,train,random_iid
639,train,random_iid
640,train,random_iid
641,train,random_iid
642,train,random_iid
643,train,random_iid
644,train,random_iid
645,train,random_iid
646,train,random_iid
647,train,random_iid
648,train,random_iid
650,train,random_iid
652,train,random_iid
653,train,random_iid
654,train,random_iid
655,train,random_iid
656,train,random_iid
658,train,random_iid
659,train,random_iid
660,train,random_iid
661,train,random_iid
663,train,random_iid
664,train,random_iid
665,train,random_iid
666,train,random_iid
667,train,random_iid
668,train,random_iid
670,train,random_iid
671,train,random_iid
672,train,random_iid
675,train,random_iid
676,train,random_iid
677,train,random_iid
678,train,random_iid
679,train,random_iid
680,train,random_iid
681,train,random_iid
682,train,random_iid
683,train,random_iid
684,train,random_iid
686,train,random_iid
687,train,random_iid
688,train,random_iid
689,train,random_iid
690,train,random_iid
691,train,random_iid
692,train,random_iid
693,train,random_iid
694,train,random_iid
695,train,random_iid
696,train,random_iid
697,train,random_iid
698,train,random_iid
699,train,random_iid
700,train,random_iid
701,train,random_iid
702,train,random_iid
703,train,random_iid
704,train,random_iid
706,train,random_iid
709,train,random_iid
710,train,random_iid
711,train,random_iid
712,train,random_iid
713,train,random_iid
714,train,random_iid
716,train,random_iid
717,train,random_iid
718,train,random_iid
719,train,random_iid
720,train,random_iid
722,train,random_iid
723,train,random_iid
724,train,random_iid
725,train,random_iid
726,train,random_iid
727,train,random_iid
728,train,random_iid
730,train,random_iid
731,train,random_iid
732,train,random_iid
734,train,random_iid
735,train,random_iid
737,train,random_iid
738,train,random_iid
740,train,random_iid
741,train,random_iid
742,train,random_iid
743,train,random_iid
745,train,random_iid
746,train,random_iid
748,train,random_iid
749,train,random_iid
750,train,random_iid
752,train,random_iid
753,train,random_iid
754,train,random_iid
755,train,random_iid
756,train,random_iid
757,train,random_iid
758,train,random_iid
759,train,random_iid
760,train,random_iid
761,train,random_iid
763,train,random_iid
764,train,random_iid
765,train,random_iid
766,train,random_iid
767,train,random_iid
769,train,random_iid
770,train,random_iid
771,train,random_iid
772,train,random_iid
773,train,random_iid
774,train,random_iid
775,train,random_iid
776,train,random_iid
777,train,random_iid
778,train,random_iid
779,train,random_iid
781,train,random_iid
782,train,random_iid
783,train,random_iid
784,train,random_iid
785,train,random_iid
786,train,random_iid
787,train,random_iid
788,train,random_iid
789,train,random_iid
791,train,random_iid
793,train,random_iid
794,train,random_iid
796,train,random_iid
797,train,random_iid
798,train,random_iid
799,train,random_iid
800,train,random_iid
801,train,random_iid
802,train,random_iid
803,train,random_iid
804,train,random_iid
805,train,random_iid
806,train,random_iid
807,train,random_iid
808,train,random_iid
810,train,random_iid
811,train,random_iid
812,train,random_iid
813,train,random_iid
814,train,random_iid
815,train,random_iid
816,train,random_iid
818,train,random_iid
819,train,random_iid
821,train,random_iid
823,train,random_iid
824,train,random_iid
825,train,random_iid
826,train,random_iid
827,train,random_iid
829,train,random_iid
830,train,random_iid
831,train,random_iid
832,train,random_iid
833,train,random_iid
834,train,random_iid
835,train,random_iid
836,train,random_iid
837,train,random_iid
838,train,random_iid
839,train,random_iid
840,train,random_iid
841,train,random_iid
842,train,random_iid
843,train,random_iid
844,train,random_iid
845,train,random_iid
846,train,random_iid
847,train,random_iid
849,train,random_iid
850,train,random_iid
851,train,random_iid
853,train,random_iid
854,train,random_iid
855,train,random_iid
857,train,random_iid
859,train,random_iid
861,train,random_iid
862,train,random_iid
864,train,random_iid
865,train,random_iid
866,train,random_iid
867,train,random_iid
868,train,random_iid
869,train,random_iid
870,train,random_iid
871,train,random_iid
872,train,random_iid
873,train,random_iid
874,train,random_iid
875,train,random_iid
876,train,random_iid
877,train,random_iid
879,train,random_iid
881,train,random_iid
882,train,random_iid
883,train,random_iid
885,train,random_iid
886,train,random_iid
887,train,random_iid
888,train,random_iid
889,train,random_iid
891,train,random_iid
892,train,random_iid
894,train,random_iid
895,train,random_iid
896,train,random_iid
897,train,random_iid
899,train,random_iid
900,train,random_iid
901,train,random_iid
903,train,random_iid
904,train,random_iid
905,train,random_iid
906,train,random_iid
907,train,random_iid
908,train,random_iid
909,train,random_iid
910,train,random_iid
911,train,random_iid
912,train,random_iid
913,train,random_iid
914,train,random_iid
915,train,random_iid
916,train,random_iid
917,train,random_iid
918,train,random_iid
919,train,random_iid
920,train,random_iid
921,train,random_iid
922,train,random_iid
923,train,random_iid
924,train,random_iid
925,train,random_iid
926,train,random_iid
929,train,random_iid
930,train,random_iid
931,train,random_iid
932,train,random_iid
933,train,random_iid
934,train,random_iid
935,train,random_iid
937,train,random_iid
938,train,random_iid
939,train,random_iid
940,train,random_iid
941,train,random_iid
943,train,random_iid
944,train,random_iid
945,train,random_iid
946,train,random_iid
947,train,random_iid
948,train,random_iid
949,train,random_iid
951,train,random_iid
952,train,random_iid
953,train,random_iid
954,train,random_iid
955,train,random_iid
956,train,random_iid
957,train,random_iid
958,train,random_iid
959,train,random_iid
961,train,random_iid
962,train,random_iid
964,train,random_iid
965,train,random_iid
966,train,random_iid
968,train,random_iid
969,train,random_iid
972,train,random_iid
973,train,random_iid
974,train,random_iid
975,train,random_iid
976,train,random_iid
978,train,random_iid
982,train,random_iid
983,train,random_iid
984,train,random_iid
985,train,random_iid
986,train,random_iid
987,train,random_iid
988,train,random_iid
989,train,random_iid
990,train,random_iid
991,train,random_iid
992,train,random_iid
993,train,random_iid
994,train,random_iid
995,train,random_iid
996,train,random_iid
997,train,random_iid
998,train,random_iid
999,train,random_iid
1000,train,random_iid
1001,train,random_iid
1002,train,random_iid
1003,train,random_iid
1004,train,random_iid
1005,train,random_iid
1006,train,random_iid
1007,train,random_iid
1008,train,random_iid
1009,train,random_iid
1010,train,random_iid
1011,train,random_iid
1012,train,random_iid
1013,train,random_iid
1014,train,random_iid
1015,train,random_iid
1016,train,random_iid
1017,train,random_iid
1018,train,random_iid
1019,train,random_iid
1021,train,random_iid
1022,train,random_iid
1024,train,random_iid
1025,train,random_iid
1028,train,random_iid
1029,train,random_iid
1030,train,random_iid
1031,train,random_iid
1032,train,random_iid
1033,train,random_iid
1036,train,random_iid
1037,train,random_iid
1038,train,random_iid
1039,train,random_iid
1040,train,random_iid
1041,train,random_iid
1042,train,random_iid
1043,train,random_iid
1044,train,random_iid
1045,train,random_iid
1046,train,random_iid
1047,train,random_iid
1048,train,random_iid
1049,train,random_iid
1050,train,random_iid
1051,train,random_iid
1052,train,random_iid
1053,train,random_iid
1054,train,random_iid
1055,train,random_iid
1056,train,random_iid
1057,train,random_iid
1058,train,random_iid
1059,train,random_iid
1060,train,random_iid
1061,train,random_iid
1062,train,random_iid
1063,train,random_iid
1064,train,random_iid
1065,train,random_iid
1067,train,random_iid
1068,train,random_iid
1069,train,random_iid
1072,train,random_iid
1073,train,random_iid
1074,train,random_iid
1075,train,random_iid
1076,train,random_iid
1077,train,random_iid
1078,train,random_iid
1079,train,random_iid
1080,train,random_iid
1081,train,random_iid
1082,train,random_iid
1083,train,random_iid
1085,train,random_iid
1088,train,random_iid
1089,train,random_iid
1090,train,random_iid
1091,train,random_iid
1093,train,random_iid
1094,train,random_iid
1095,train,random_iid
1096,train,random_iid
1097,train,random_iid
1099,train,random_iid
1100,train,random_iid
1101,train,random_iid
1102,train,random_iid
1103,train,random_iid
1104,train,random_iid
1105,train,random_iid
1106,train,random_iid
1107,train,random_iid
1108,train,random_iid
1109,train,random_iid
1110,train,random_iid
1111,train,random_iid
1112,train,random_iid
1113,train,random_iid
1115,train,random_iid
1117,train,random_iid
1118,train,random_iid
1119,train,random_iid
1120,train,random_iid
1121,train,random_iid
1122,train,random_iid
1123,train,random_iid
1124,train,random_iid
1125,train,random_iid
1126,train,random_iid
1127,train,random_iid
1128,train,random_iid
1129,train,random_iid
1130,train,random_iid
1131,train,random_iid
1132,train,random_iid
1133,train,random_iid
1134,train,random_iid
1135,train,random_iid
1136,train,random_iid
1138,train,random_iid
1139,train,random_iid
1140,train,random_iid
1141,train,random_iid
1142,train,random_iid
1143,train,random_iid
1145,train,random_iid
1146,train,random_iid
1148,train,random_iid
1149,train,random_iid
1150,train,random_iid
1151,train,random_iid
1152,train,random_iid
1153,train,random_iid
1154,train,random_iid
1155,train,random_iid
1159,train,random_iid
1160,train,random_iid
1161,train,random_iid
1164,train,random_iid
1166,train,random_iid
1168,train,random_iid
1169,train,random_iid
1170,train,random_iid
1173,train,random_iid
1174,train,random_iid
1175,train,random_iid
1176,train,random_iid
1177,train,random_iid
1178,train,random_iid
1179,train,random_iid
1180,train,random_iid
1181,train,random_iid
1183,train,random_iid
1184,train,random_iid
1185,train,random_iid
1186,train,random_iid
1187,train,random_iid
1189,train,random_iid
1190,train,random_iid
1191,train,random_iid
1192,train,random_iid
1194,train,random_iid
1195,train,random_iid
1196,train,random_iid
1197,train,random_iid
1200,train,random_iid
1201,train,random_iid
1203,train,random_iid
1204,train,random_iid
1205,train,random_iid
1206,train,random_iid
1207,train,random_iid
1208,train,random_iid
1209,train,random_iid
1210,train,random_iid
1212,train,random_iid
1214,train,random_iid
1215,train,random_iid
1216,train,random_iid
1217,train,random_iid
1218,train,random_iid
1220,train,random_iid
1221,train,random_iid
1222,train,random_iid
1223,train,random_iid
1224,train,random_iid
1225,train,random_iid
1226,train,random_iid
1228,train,random_iid
1229,train,random_iid
1230,train,random_iid
1232,train,random_iid
1233,train,random_iid
1234,train,random_iid
1235,train,random_iid
1236,train,random_iid
1237,train,random_iid
1238,train,random_iid
1239,train,random_iid
1240,train,random_iid
1241,train,random_iid
1242,train,random_iid
1244,train,random_iid
1245,train,random_iid
1246,train,random_iid
1249,train,random_iid
1250,train,random_iid
1251,train,random_iid
1252,train,random_iid
1253,train,random_iid
1254,train,random_iid
1255,train,random_iid
1257,train,random_iid
1258,train,random_iid
1262,train,random_iid
1264,train,random_iid
1265,train,random_iid
1266,train,random_iid
1267,train,random_iid
1268,train,random_iid
1269,train,random_iid
1270,train,random_iid
1271,train,random_iid
1274,train,random_iid
1275,train,random_iid
1276,train,random_iid
1277,train,random_iid
1278,train,random_iid
1279,train,random_iid
1280,train,random_iid
1281,train,random_iid
1282,train,random_iid
1283,train,random_iid
1284,train,random_iid
1285,train,random_iid
1286,train,random_iid
1287,train,random_iid
1288,train,random_iid
1289,train,random_iid
1291,train,random_iid
1292,train,random_iid
1293,train,random_iid
1294,train,random_iid
1295,train,random_iid
1296,train,random_iid
1298,train,random_iid
1299,train,random_iid
1300,train,random_iid
1301,train,random_iid
1302,train,random_iid
1304,train,random_iid
1306,train,random_iid
1307,train,random_iid
1308,train,random_iid
1309,train,random_iid
1310,train,random_iid
1311,train,random_iid
1312,train,random_iid
1313,train,random_iid
1314,train,random_iid
1315,train,random_iid
1316,train,random_iid
1317,train,random_iid
1318,train,random_iid
1319,train,random_iid
1320,train,random_iid
1322,train,random_iid
1324,train,random_iid
1325,train,random_iid
1326,train,random_iid
1327,train,random_iid
1329,train,random_iid
1330,train,random_iid
1331,train,random_iid
1332,train,random_iid
1333,train,random_iid
1334,train,random_iid
1335,train,random_iid
1336,train,random_iid
1337,train,random_iid
1338,train,random_iid
1339,train,random_iid
1340,train,random_iid
1341,train,random_iid
1342,train,random_iid
1343,train,random_iid
1344,train,random_iid
1345,train,random_iid
1348,train,random_iid
1349,train,random_iid
1351,train,random_iid
1352,train,random_iid
1354,train,random_iid
1356,train,random_iid
1357,train,random_iid
1358,train,random_iid
1359,train,random_iid
1360,train,random_iid
1361,train,random_iid
1362,train,random_iid
1363,train,random_iid
1364,train,random_iid
1365,train,random_iid
1366,train,random_iid
1367,train,random_iid
1368,train,random_iid
1369,train,random_iid
1372,train,random_iid
1373,train,random_iid
1374,train,random_iid
1375,train,random_iid
1376,train,random_iid
1377,train,random_iid
1378,train,random_iid
1379,train,random_iid
1380,train,random_iid
1381,train,random_iid
1382,train,random_iid
1385,train,random_iid
1386,train,random_iid
1387,train,random_iid
1388,train,random_iid
1389,train,random_iid
1390,train,random_iid
1391,train,random_iid
1392,train,random_iid
1393,train,random_iid
1394,train,random_iid
1395,train,random_iid
1398,train,random_iid
1399,train,random_iid
1400,train,random_iid
1402,train,random_iid
1403,train,random_iid
1405,train,random_iid
1406,train,random_iid
1407,train,random_iid
1408,train,random_iid
1410,train,random_iid
1411,train,random_iid
1412,train,random_iid
1413,train,random_iid
1414,train,random_iid
1415,train,random_iid
1417,train,random_iid
1418,train,random_iid
1420,train,random_iid
1421,train,random_iid
1425,train,random_iid
1426,train,random_iid
1428,train,random_iid
1431,train,random_iid
1434,train,random_iid
1435,train,random_iid
1436,train,random_iid
1437,train,random_iid
1438,train,random_iid
1439,train,random_iid
1440,train,random_iid
1441,train,random_iid
1442,train,random_iid
1443,train,random_iid
1445,train,random_iid
1446,train,random_iid
1447,train,random_iid
1449,train,random_iid
1451,train,random_iid
1452,train,random_iid
1454,train,random_iid
1455,train,random_iid
1457,train,random_iid
1458,train,random_iid
1459,train,random_iid
1460,train,random_iid
1461,train,random_iid
1462,train,random_iid
1464,train,random_iid
1465,train,random_iid
1466,train,random_iid
1467,train,random_iid
1468,train,random_iid
1469,train,random_iid
1470,train,random_iid
1471,train,random_iid
1472,train,random_iid
1474,train,random_iid
1475,train,random_iid
1476,train,random_iid
1477,train,random_iid
1478,train,random_iid
1479,train,random_iid
1480,train,random_iid
1481,train,random_iid
1484,train,random_iid
1485,train,random_iid
1486,train,random_iid
1487,train,random_iid
1488,train,random_iid
1489,train,random_iid
1491,train,random_iid
1492,train,random_iid
1495,train,random_iid
1496,train,random_iid
1497,train,random_iid
1498,train,random_iid
1499,train,random_iid
1500,train,random_iid
1501,train,random_iid
1502,train,random_iid
1503,train,random_iid
1504,train,random_iid
1505,train,random_iid
1506,train,random_iid
1507,train,random_iid
1508,train,random_iid
1509,train,random_iid
1511,train,random_iid
1513,train,random_iid
1514,train,random_iid
1515,train,random_iid
1516,train,random_iid
1517,train,random_iid
1518,train,random_iid
1519,train,random_iid
1520,train,random_iid
1522,train,random_iid
1523,train,random_iid
1524,train,random_iid
1525,train,random_iid
1526,train,random_iid
1528,train,random_iid
1529,train,random_iid
1530,train,random_iid
1532,train,random_iid
1533,train,random_iid
1534,train,random_iid
1535,train,random_iid
1536,train,random_iid
1539,train,random_iid
1540,train,random_iid
1541,train,random_iid
1542,train,random_iid
1543,train,random_iid
1544,train,random_iid
1545,train,random_iid
1546,train,random_iid
1547,train,random_iid
1548,train,random_iid
1549,train,random_iid
1550,train,random_iid
1551,train,random_iid
1552,train,random_iid
1553,train,random_iid
1556,train,random_iid
1558,train,random_iid
1559,train,random_iid
1560,train,random_iid
1561,train,random_iid
1562,train,random_iid
1563,train,random_iid
1564,train,random_iid
1565,train,random_iid
1566,train,random_iid
1567,train,random_iid
1568,train,random_iid
1569,train,random_iid
1570,train,random_iid
1571,train,random_iid
1572,train,random_iid
1573,train,random_iid
1574,train,random_iid
1575,train,random_iid
1576,train,random_iid
1577,train,random_iid
1578,train,random_iid
1579,train,random_iid
1581,train,random_iid
1582,train,random_iid
1583,train,random_iid
1584,train,random_iid
1585,train,random_iid
1586,train,random_iid
1587,train,random_iid
1590,train,random_iid
1591,train,random_iid
1592,train,random_iid
1593,train,random_iid
1594,train,random_iid
1595,train,random_iid
1596,train,random_iid
1597,train,random_iid
1598,train,random_iid
1600,train,random_iid
1601,train,random_iid
1602,train,random_iid
1603,train,random_iid
1605,train,random_iid
1606,train,random_iid
1607,train,random_iid
1608,train,random_iid
1609,train,random_iid
1610,train,random_iid
1612,train,random_iid
1615,train,random_iid
1617,train,random_iid
1619,train,random_iid
1620,train,random_iid
1621,train,random_iid
1622,train,random_iid
1623,train,random_iid
1625,train,random_iid
1627,train,random_iid
1628,train,random_iid
1629,train,random_iid
1630,train,random_iid
1631,train,random_iid
1633,train,random_iid
1634,train,random_iid
1635,train,random_iid
1636,train,random_iid
1637,train,random_iid
1638,train,random_iid
1639,train,random_iid
1641,train,random_iid
1642,train,random_iid
1643,train,random_iid
1644,train,random_iid
1646,train,random_iid
1647,train,random_iid
1648,train,random_iid
1649,train,random_iid
1650,train,random_iid
1651,train,random_iid
1652,train,random_iid
1653,train,random_iid
1654,train,random_iid
1655,train,random_iid
1656,train,random_iid
1657,train,random_iid
1658,train,random_iid
1659,train,random_iid
1660,train,random_iid
1661,train,random_iid
1662,train,random_iid
1664,train,random_iid
1665,train,random_iid
1666,train,random_iid
1667,train,random_iid
1668,train,random_iid
1669,train,random_iid
1671,train,random_iid
1672,train,random_iid
1674,train,random_iid
1675,train,random_iid
1676,train,random_iid
1677,train,random_iid
1678,train,random_iid
1679,train,random_iid
1680,train,random_iid
1681,train,random_iid
1682,train,random_iid
1683,train,random_iid
1684,train,random_iid
1685,train,random_iid
1687,train,random_iid
1688,train,random_iid
1689,train,random_iid
1690,train,random_iid
1691,train,random_iid
1692,train,random_iid
1693,train,random_iid
1694,train,random_iid
1695,train,random_iid
1696,train,random_iid
1698,train,random_iid
1699,train,random_iid
1700,train,random_iid
1701,train,random_iid
1702,train,random_iid
1703,train,random_iid
1706,train,random_iid
1707,train,random_iid
1709,train,random_iid
1711,train,random_iid
1714,train,random_iid
1715,train,random_iid
1716,train,random_iid
1717,train,random_iid
1718,train,random_iid
1719,train,random_iid
1720,train,random_iid
1721,train,random_iid
1723,train,random_iid
1724,train,random_iid
1725,train,random_iid
1726,train,random_iid
1727,train,random_iid
1728,train,random_iid
1731,train,random_iid
1732,train,random_iid
1733,train,random_iid
1734,train,random_iid
1735,train,random_iid
1737,train,random_iid
1738,train,random_iid
1739,train,random_iid
1740,train,random_iid
1741,train,random_iid
1742,train,random_iid
1743,train,random_iid
1744,train,random_iid
1745,train,random_iid
1746,train,random_iid
1748,train,random_iid
1749,train,random_iid
1750,train,random_iid
1751,train,random_iid
1752,train,random_iid
1753,train,random_iid
1754,train,random_iid
1755,train,random_iid
1756,train,random_iid
1758,train,random_iid
1759,train,random_iid
1761,train,random_iid
1762,train,random_iid
1763,train,random_iid
1764,train,random_iid
1766,train,random_iid
1767,train,random_iid
1770,train,random_iid
1771,train,random_iid
1772,train,random_iid
1773,train,random_iid
1774,train,random_iid
1775,train,random_iid
1778,train,random_iid
1779,train,random_iid
1780,train,random_iid
1781,train,random_iid
1782,train,random_iid
1783,train,random_iid
1784,train,random_iid
1785,train,random_iid
1786,train,random_iid
1787,train,random_iid
1788,train,random_iid
1789,train,random_iid
1790,train,random_iid
1791,train,random_iid
1792,train,random_iid
1793,train,random_iid
1794,train,random_iid
1795,train,random_iid
1796,train,random_iid
1797,train,random_iid
1798,train,random_iid
1799,train,random_iid
1800,train,random_iid
1801,train,random_iid
1802,train,random_iid
1803,train,random_iid
1805,train,random_iid
1806,train,random_iid
1808,train,random_iid
1810,train,random_iid
1811,train,random_iid
1812,train,random_iid
1813,train,random_iid
1814,train,random_iid
1816,train,random_iid
1817,train,random_iid
1818,train,random_iid
1819,train,random_iid
1820,train,random_iid
1821,train,random_iid
1822,train,random_iid
1823,train,random_iid
1824,train,random_iid
1825,train,random_iid
1826,train,random_iid
1827,train,random_iid
1828,train,random_iid
1829,train,random_iid
1830,train,random_iid
1831,train,random_iid
1832,train,random_iid
1833,train,random_iid
1835,train,random_iid
1836,train,random_iid
1837,train,random_iid
1839,train,random_iid
1840,train,random_iid
1841,train,random_iid
1842,train,random_iid
1844,train,random_iid
1845,train,random_iid
1846,train,random_iid
1847,train,random_iid
1848,train,random_iid
1849,train,random_iid
1850,train,random_iid
1851,train,random_iid
1852,train,random_iid
1853,train,random_iid
1854,train,random_iid
1855,train,random_iid
1856,train,random_iid
1857,train,random_iid
1858,train,random_iid
1859,train,random_iid
1860,train,random_iid
1861,train,random_iid
1863,train,random_iid
1864,train,random_iid
1865,train,random_iid
1866,train,random_iid
1867,train,random_iid
1868,train,random_iid
1870,train,random_iid
1872,train,random_iid
1873,train,random_iid
1874,train,random_iid
1875,train,random_iid
1876,train,random_iid
1877,train,random_iid
1879,train,random_iid
1880,train,random_iid
1881,train,random_iid
1882,train,random_iid
1883,train,random_iid
1884,train,random_iid
1886,train,random_iid
1887,train,random_iid
1888,train,random_iid
1889,train,random_iid
1890,train,random_iid
1891,train,random_iid
1892,train,random_iid
1893,train,random_iid
1894,train,random_iid
1895,train,random_iid
1896,train,random_iid
1897,train,random_iid
1898,train,random_iid
1899,train,random_iid
1900,train,random_iid
1902,train,random_iid
1903,train,random_iid
1904,train,random_iid
1906,train,random_iid
1907,train,random_iid
1908,train,random_iid
1909,train,random_iid
1910,train,random_iid
1911,train,random_iid
1913,train,random_iid
1914,train,random_iid
1916,train,random_iid
1917,train,random_iid
1919,train,random_iid
1921,train,random_iid
1922,train,random_iid
1923,train,random_iid
1924,train,random_iid
1925,train,random_iid
1926,train,random_iid
1927,train,random_iid
1928,train,random_iid
1929,train,random_iid
1930,train,random_iid
1932,train,random_iid
1933,train,random_iid
1934,train,random_iid
1936,train,random_iid
1937,train,random_iid
1938,train,random_iid
1939,train,random_iid
1940,train,random_iid
1941,train,random_iid
1942,train,random_iid
1945,train,random_iid
1946,train,random_iid
1947,train,random_iid
1948,train,random_iid
1950,train,random_iid
1953,train,random_iid
1955,train,random_iid
1956,train,random_iid
1959,train,random_iid
1960,train,random_iid
1961,train,random_iid
1964,train,random_iid
1965,train,random_iid
1966,train,random_iid
1967,train,random_iid
1968,train,random_iid
1969,train,random_iid
1970,train,random_iid
1972,train,random_iid
1973,train,random_iid
1974,train,random_iid
1975,train,random_iid
1976,train,random_iid
1977,train,random_iid
1978,train,random_iid
1979,train,random_iid
1980,train,random_iid
1982,train,random_iid
1984,train,random_iid
1985,train,random_iid
1986,train,random_iid
1987,train,random_iid
1988,train,random_iid
1989,train,random_iid
1990,train,random_iid
1991,train,random_iid
1992,train,random_iid
1993,train,random_iid
1994,train,random_iid
1995,train,random_iid
1996,train,random_iid
1998,train,random_iid
1999,train,random_iid
2000,train,random_iid
2001,train,random_iid
2002,train,random_iid
2003,train,random_iid
2004,train,random_iid
2005,train,random_iid
2009,train,random_iid
2011,train,random_iid
2012,train,random_iid
2013,train,random_iid
2014,train,random_iid
2015,train,random_iid
2016,train,random_iid
2017,train,random_iid
2018,train,random_iid
2019,train,random_iid
2021,train,random_iid
2022,train,random_iid
2023,train,random_iid
2024,train,random_iid
2025,train,random_iid
2028,train,random_iid
2029,train,random_iid
2030,train,random_iid
2031,train,random_iid
2032,train,random_iid
2033,train,random_iid
2034,train,random_iid
2035,train,random_iid
2036,train,random_iid
2037,train,random_iid
2038,train,random_iid
2039,train,random_iid
2040,train,random_iid
2041,train,random_iid
2044,train,random_iid
2045,train,random_iid
2046,train,random_iid
2047,train,random_iid
2048,train,random_iid
2050,train,random_iid
2052,train,random_iid
2054,train,random_iid
2055,train,random_iid
2056,train,random_iid
2057,train,random_iid
2059,train,random_iid
2060,train,random_iid
2061,train,random_iid
2063,train,random_iid
2065,train,random_iid
2067,train,random_iid
2068,train,random_iid
2069,train,random_iid
2070,train,random_iid
2072,train,random_iid
2073,train,random_iid
2074,train,random_iid
2075,train,random_iid
2076,train,random_iid
2077,train,random_iid
2079,train,random_iid
2080,train,random_iid
2081,train,random_iid
2082,train,random_iid
2083,train,random_iid
2084,train,random_iid
2085,train,random_iid
2086,train,random_iid
2087,train,random_iid
2088,train,random_iid
2089,train,random_iid
2090,train,random_iid
2091,train,random_iid
2092,train,random_iid
2094,train,random_iid
2095,train,random_iid
2096,train,random_iid
2097,train,random_iid
2098,train,random_iid
2099,train,random_iid
2100,train,random_iid
2101,train,random_iid
2102,train,random_iid
2103,train,random_iid
2105,train,random_iid
2106,train,random_iid
2108,train,random_iid
2109,train,random_iid
2110,train,random_iid
2113,train,random_iid
2114,train,random_iid
2118,train,random_iid
2120,train,random_iid
2121,train,random_iid
2122,train,random_iid
2123,train,random_iid
2124,train,random_iid
2125,train,random_iid
2126,train,random_iid
2128,train,random_iid
2130,train,random_iid
2131,train,random_iid
2132,train,random_iid
2134,train,random_iid
2135,train,random_iid
2137,train,random_iid
2138,train,random_iid
2139,train,random_iid
2140,train,random_iid
2141,train,random_iid
2142,train,random_iid
2143,train,random_iid
2144,train,random_iid
2146,train,random_iid
2147,train,random_iid
2149,train,random_iid
2150,train,random_iid
2153,train,random_iid
2154,train,random_iid
2155,train,random_iid
2156,train,random_iid
2157,train,random_iid
2158,train,random_iid
2159,train,random_iid
2160,train,random_iid
2161,train,random_iid
2162,train,random_iid
2164,train,random_iid
2165,train,random_iid
2166,train,random_iid
2168,train,random_iid
2169,train,random_iid
2170,train,random_iid
2171,train,random_iid
2172,train,random_iid
2173,train,random_iid
2175,train,random_iid
2176,train,random_iid
2178,train,random_iid
2179,train,random_iid
2180,train,random_iid
2181,train,random_iid
2182,train,random_iid
2183,train,random_iid
2184,train,random_iid
2185,train,random_iid
2186,train,random_iid
2187,train,random_iid
2188,train,random_iid
2190,train,random_iid
2191,train,random_iid
2193,train,random_iid
2194,train,random_iid
2195,train,random_iid
2197,train,random_iid
2198,train,random_iid
2200,train,random_iid
2201,train,random_iid
2202,train,random_iid
2203,train,random_iid
2204,train,random_iid
2205,train,random_iid
2206,train,random_iid
2207,train,random_iid
2208,train,random_iid
2209,train,random_iid
2210,train,random_iid
2211,train,random_iid
2212,train,random_iid
2213,train,random_iid
2215,train,random_iid
2216,train,random_iid
2217,train,random_iid
2219,train,random_iid
2220,train,random_iid
2222,train,random_iid
2223,train,random_iid
2224,train,random_iid
2225,train,random_iid
2226,train,random_iid
2227,train,random_iid
2229,train,random_iid
2230,train,random_iid
2231,train,random_iid
2233,train,random_iid
2235,train,random_iid
2236,train,random_iid
2237,train,random_iid
2239,train,random_iid
2240,train,random_iid
2241,train,random_iid
2242,train,random_iid
2244,train,random_iid
2245,train,random_iid
2246,train,random_iid
2249,train,random_iid
2251,train,random_iid
2252,train,random_iid
2253,train,random_iid
2254,train,random_iid
2256,train,random_iid
2257,train,random_iid
2258,train,random_iid
2259,train,random_iid
2260,train,random_iid
2261,train,random_iid
2263,train,random_iid
2264,train,random_iid
2265,train,random_iid
2268,train,random_iid
2269,train,random_iid
2272,train,random_iid
2273,train,random_iid
2275,train,random_iid
2276,train,random_iid
2277,train,random_iid
2278,train,random_iid
2280,train,random_iid
2282,train,random_iid
2283,train,random_iid
2284,train,random_iid
2285,train,random_iid
2286,train,random_iid
2287,train,random_iid
2288,train,random_iid
2289,train,random_iid
2290,train,random_iid
2291,train,random_iid
2292,train,random_iid
2293,train,random_iid
2295,train,random_iid
2296,train,random_iid
2299,train,random_iid
2302,train,random_iid
2303,train,random_iid
2304,train,random_iid
2305,train,random_iid
2306,train,random_iid
2307,train,random_iid
2309,train,random_iid
2310,train,random_iid
2311,train,random_iid
2313,train,random_iid
2314,train,random_iid
2316,train,random_iid
2317,train,random_iid
2318,train,random_iid
2321,train,random_iid
2324,train,random_iid
2326,train,random_iid
2327,train,random_iid
2328,train,random_iid
2329,train,random_iid
2330,train,random_iid
2331,train,random_iid
2332,train,random_iid
2335,train,random_iid
2336,train,random_iid
2337,train,random_iid
2338,train,random_iid
2339,train,random_iid
2340,train,random_iid
2341,train,random_iid
2342,train,random_iid
2344,train,random_iid
2345,train,random_iid
2346,train,random_iid
2347,train,random_iid
2348,train,random_iid
2349,train,random_iid
2350,train,random_iid
2352,train,random_iid
2353,train,random_iid
2354,train,random_iid
2355,train,random_iid
2356,train,random_iid
2357,train,random_iid
2358,train,random_iid
2359,train,random_iid
2362,train,random_iid
2363,train,random_iid
2364,train,random_iid
2365,train,random_iid
2366,train,random_iid
2367,train,random_iid
2368,train,random_iid
2369,train,random_iid
2370,train,random_iid
2371,train,random_iid
2372,train,random_iid
2373,train,random_iid
2374,train,random_iid
2375,train,random_iid
2376,train,random_iid
2377,train,random_iid
2378,train,random_iid
2379,train,random_iid
2380,train,random_iid
2381,train,random_iid
2382,train,random_iid
2383,train,random_iid
2385,train,random_iid
2386,train,random_iid
2387,train,random_iid
2389,train,random_iid
2390,train,random_iid
2393,train,random_iid
2394,train,random_iid
2395,train,random_iid
2396,train,random_iid
2397,train,random_iid
2398,train,random_iid
2399,train,random_iid
2400,train,random_iid
2401,train,random_iid
2402,train,random_iid
2406,train,random_iid
2407,train,random_iid
2409,train,random_iid
2410,train,random_iid
2412,train,random_iid
2413,train,random_iid
2416,train,random_iid
2417,train,random_iid
2418,train,random_iid
2419,train,random_iid
2420,train,random_iid
2421,train,random_iid
2422,train,random_iid
2423,train,random_iid
2424,train,random_iid
2425,train,random_iid
2426,train,random_iid
2427,train,random_iid
2428,train,random_iid
2429,train,random_iid
2430,train,random_iid
2431,train,random_iid
2432,train,random_iid
2433,train,random_iid
2434,train,random_iid
2435,train,random_iid
2437,train,random_iid
2438,train,random_iid
2440,train,random_iid
2441,train,random_iid
2442,train,random_iid
2443,train,random_iid
2446,train,random_iid
2447,train,random_iid
2449,train,random_iid
2451,train,random_iid
2452,train,random_iid
2455,train,random_iid
2456,train,random_iid
2457,train,random_iid
2459,train,random_iid
2461,train,random_iid
2462,train,random_iid
2463,train,random_iid
2464,train,random_iid
2465,train,random_iid
2468,train,random_iid
2469,train,random_iid
2470,train,random_iid
2471,train,random_iid
2472,train,random_iid
2473,train,random_iid
2475,train,random_iid
2477,train,random_iid
2478,train,random_iid
2479,train,random_iid
2481,train,random_iid
2482,train,random_iid
2484,train,random_iid
2486,train,random_iid
2487,train,random_iid
2488,train,random_iid
2489,train,random_iid
2490,train,random_iid
2491,train,random_iid
2492,train,random_iid
2493,train,random_iid
2494,train,random_iid
2496,train,random_iid
2497,train,random_iid
2499,train,random_iid
2500,train,random_iid
2502,train,random_iid
2504,train,random_iid
2505,train,random_iid
2506,train,random_iid
2507,train,random_iid
2508,train,random_iid
2509,train,random_iid
2510,train,random_iid
2511,train,random_iid
2512,train,random_iid
2514,train,random_iid
2515,train,random_iid
2517,train,random_iid
2518,train,random_iid
2521,train,random_iid
2523,train,random_iid
2524,train,random_iid
2525,train,random_iid
2526,train,random_iid
2527,train,random_iid
2528,train,random_iid
2529,train,random_iid
2531,train,random_iid
2532,train,random_iid
2535,train,random_iid
2536,train,random_iid
2537,train,random_iid
2538,train,random_iid
2539,train,random_iid
2541,train,random_iid
2542,train,random_iid
2544,train,random_iid
2545,train,random_iid
2546,train,random_iid
2547,train,random_iid
2548,train,random_iid
2549,train,random_iid
2551,train,random_iid
2552,train,random_iid
2553,train,random_iid
2555,train,random_iid
2556,train,random_iid
2557,train,random_iid
2559,train,random_iid
2560,train,random_iid
2562,train,random_iid
2563,train,random_iid
2564,train,random_iid
2566,train,random_iid
2567,train,random_iid
2568,train,random_iid
2571,train,random_iid
2572,train,random_iid
2573,train,random_iid
2575,train,random_iid
2576,train,random_iid
2578,train,random_iid
2579,train,random_iid
2580,train,random_iid
2581,train,random_iid
2582,train,random_iid
2586,train,random_iid
2587,train,random_iid
2590,train,random_iid
2592,train,random_iid
2594,train,random_iid
2595,train,random_iid
2596,train,random_iid
2597,train,random_iid
2598,train,random_iid
2599,train,random_iid
2600,train,random_iid
2601,train,random_iid
2603,train,random_iid
2604,train,random_iid
2606,train,random_iid
2607,train,random_iid
2608,train,random_iid
2610,train,random_iid
2611,train,random_iid
2612,train,random_iid
2613,train,random_iid
2615,train,random_iid
2617,train,random_iid
2618,train,random_iid
2619,train,random_iid
2620,train,random_iid
2621,train,random_iid
2622,train,random_iid
2623,train,random_iid
2624,train,random_iid
2625,train,random_iid
2627,train,random_iid
2628,train,random_iid
2629,train,random_iid
2630,train,random_iid
2631,train,random_iid
2632,train,random_iid
2634,train,random_iid
2636,train,random_iid
2638,train,random_iid
2639,train,random_iid
2640,train,random_iid
2641,train,random_iid
2643,train,random_iid
2644,train,random_iid
2645,train,random_iid
2646,train,random_iid
2648,train,random_iid
2650,train,random_iid
2651,train,random_iid
2652,train,random_iid
2653,train,random_iid
2654,train,random_iid
2655,train,random_iid
2656,train,random_iid
2657,train,random_iid
2658,train,random_iid
2659,train,random_iid
2661,train,random_iid
2663,train,random_iid
2664,train,random_iid
2665,train,random_iid
2666,train,random_iid
2667,train,random_iid
2668,train,random_iid
2669,train,random_iid
2670,train,random_iid
2671,train,random_iid
2672,train,random_iid
2673,train,random_iid
2674,train,random_iid
2675,train,random_iid
2679,train,random_iid
2681,train,random_iid
2682,train,random_iid
2683,train,random_iid
2685,train,random_iid
2687,train,random_iid
2688,train,random_iid
2689,train,random_iid
2690,train,random_iid
2691,train,random_iid
2692,train,random_iid
2693,train,random_iid
2694,train,random_iid
2696,train,random_iid
2699,train,random_iid
2700,train,random_iid
2701,train,random_iid
2702,train,random_iid
2703,train,random_iid
2705,train,random_iid
2706,train,random_iid
2707,train,random_iid
2708,train,random_iid
2709,train,random_iid
2710,train,random_iid
2711,train,random_iid
2713,train,random_iid
2714,train,random_iid
2715,train,random_iid
2716,train,random_iid
2717,train,random_iid
2718,train,random_iid
2719,train,random_iid
2720,train,random_iid
2721,train,random_iid
2723,train,random_iid
2724,train,random_iid
2725,train,random_iid
2726,train,random_iid
2727,train,random_iid
2728,train,random_iid
2729,train,random_iid
2731,train,random_iid
2732,train,random_iid
2733,train,random_iid
2734,train,random_iid
2736,train,random_iid
2737,train,random_iid
2738,train,random_iid
2739,train,random_iid
2741,train,random_iid
2742,train,random_iid
2743,train,random_iid
2744,train,random_iid
2745,train,random_iid
2746,train,random_iid
2747,train,random_iid
2748,train,random_iid
2749,train,random_iid
2750,train,random_iid
2751,train,random_iid
2752,train,random_iid
2753,train,random_iid
2754,train,random_iid
2755,train,random_iid
2756,train,random_iid
2757,train,random_iid
2758,train,random_iid
2759,train,random_iid
2760,train,random_iid
2761,train,random_iid
2762,train,random_iid
2763,train,random_iid
2764,train,random_iid
2765,train,random_iid
2766,train,random_iid
2767,train,random_iid
2768,train,random_iid
2769,train,random_iid
2772,train,random_iid
2773,train,random_iid
2774,train,random_iid
2775,train,random_iid
2776,train,random_iid
2779,train,random_iid
2780,train,random_iid
2781,train,random_iid
2782,train,random_iid
2783,train,random_iid
2784,train,random_iid
2785,train,random_iid
2786,train,random_iid
2787,train,random_iid
2788,train,random_iid
2789,train,random_iid
2790,train,random_iid
2791,train,random_iid
2792,train,random_iid
2793,train,random_iid
2795,train,random_iid
2798,train,random_iid
2799,train,random_iid
2804,train,random_iid
2806,train,random_iid
2807,train,random_iid
2808,train,random_iid
2810,train,random_iid
2811,train,random_iid
2812,train,random_iid
2814,train,random_iid
2815,train,random_iid
2816,train,random_iid
2817,train,random_iid
2818,train,random_iid
2819,train,random_iid
2820,train,random_iid
2822,train,random_iid
2823,train,random_iid
2824,train,random_iid
2827,train,random_iid
2828,train,random_iid
2831,train,random_iid
2832,train,random_iid
2833,train,random_iid
2835,train,random_iid
2836,train,random_iid
2837,train,random_iid
2838,train,random_iid
2839,train,random_iid
2840,train,random_iid
2841,train,random_iid
2842,train,random_iid
2844,train,random_iid
2847,train,random_iid
2849,train,random_iid
2850,train,random_iid
2851,train,random_iid
2852,train,random_iid
2853,train,random_iid
2855,train,random_iid
2857,train,random_iid
2858,train,random_iid
2859,train,random_iid
2860,train,random_iid
2861,train,random_iid
2863,train,random_iid
2864,train,random_iid
2865,train,random_iid
2866,train,random_iid
2867,train,random_iid
2868,train,random_iid
2870,train,random_iid
2871,train,random_iid
2872,train,random_iid
2873,train,random_iid
2874,train,random_iid
2875,train,random_iid
2876,train,random_iid
2877,train,random_iid
2880,train,random_iid
2881,train,random_iid
2882,train,random_iid
2883,train,random_iid
2884,train,random_iid
2885,train,random_iid
2886,train,random_iid
2887,train,random_iid
2888,train,random_iid
2889,train,random_iid
2890,train,random_iid
2891,train,random_iid
2892,train,random_iid
2896,train,random_iid
2897,train,random_iid
2898,train,random_iid
2899,train,random_iid
2900,train,random_iid
2901,train,random_iid
2902,train,random_iid
2903,train,random_iid
2904,train,random_iid
2905,train,random_iid
2906,train,random_iid
2907,train,random_iid
2908,train,random_iid
2909,train,random_iid
2910,train,random_iid
2911,train,random_iid
2912,train,random_iid
2913,train,random_iid
2914,train,random_iid
2915,train,random_iid
2916,train,random_iid
2917,train,random_iid
2918,train,random_iid
2919,train,random_iid
2920,train,random_iid
2921,train,random_iid
2923,train,random_iid
2924,train,random_iid
2925,train,random_iid
2926,train,random_iid
2927,train,random_iid
2928,train,random_iid
2930,train,random_iid
2931,train,random_iid
2932,train,random_iid
2933,train,random_iid
2934,train,random_iid
2935,train,random_iid
2936,train,random_iid
2939,train,random_iid
2940,train,random_iid
2941,train,random_iid
2942,train,random_iid
2943,train,random_iid
2944,train,random_iid
2945,train,random_iid
2946,train,random_iid
2947,train,random_iid
2949,train,random_iid
2950,train,random_iid
2951,train,random_iid
2952,train,random_iid
2955,train,random_iid
2956,train,random_iid
2960,train,random_iid
2961,train,random_iid
2962,train,random_iid
2963,train,random_iid
2964,train,random_iid
2965,train,random_iid
2966,train,random_iid
2967,train,random_iid
2969,train,random_iid
2970,train,random_iid
2971,train,random_iid
2972,train,random_iid
2973,train,random_iid
2975,train,random_iid
2976,train,random_iid
2977,train,random_iid
2978,train,random_iid
2979,train,random_iid
2980,train,random_iid
2982,train,random_iid
2983,train,random_iid
2984,train,random_iid
2985,train,random_iid
2986,train,random_iid
2987,train,random_iid
2988,train,random_iid
2989,train,random_iid
2990,train,random_iid
2991,train,random_iid
2992,train,random_iid
2993,train,random_iid
2994,train,random_iid
2995,train,random_iid
2996,train,random_iid
2997,train,random_iid
2999,train,random_iid
3000,train,random_iid
3001,train,random_iid
3002,train,random_iid
3003,train,random_iid
3004,train,random_iid
3006,train,random_iid
3007,train,random_iid
3008,train,random_iid
3009,train,random_iid
3010,train,random_iid
3012,train,random_iid
3013,train,random_iid
3014,train,random_iid
3018,train,random_iid
3019,train,random_iid
3020,train,random_iid
3021,train,random_iid
3024,train,random_iid
3025,train,random_iid
3026,train,random_iid
3027,train,random_iid
3028,train,random_iid
3029,train,random_iid
3030,train,random_iid
3031,train,random_iid
3033,train,random_iid
3034,train,random_iid
3035,train,random_iid
3036,train,random_iid
3037,train,random_iid
3038,train,random_iid
3039,train,random_iid
3040,train,random_iid
3041,train,random_iid
3044,train,random_iid
3045,train,random_iid
3046,train,random_iid
3047,train,random_iid
3049,train,random_iid
3050,train,random_iid
3051,train,random_iid
3052,train,random_iid
3053,train,random_iid
3054,train,random_iid
3056,train,random_iid
3057,train,random_iid
3058,train,random_iid
3060,train,random_iid
3061,train,random_iid
3062,train,random_iid
3064,train,random_iid
3065,train,random_iid
3066,train,random_iid
3067,train,random_iid
3068,train,random_iid
3069,train,random_iid
3070,train,random_iid
3071,train,random_iid
3072,train,random_iid
3074,train,random_iid
3075,train,random_iid
3076,train,random_iid
3078,train,random_iid
3079,train,random_iid
3080,train,random_iid
3081,train,random_iid
3082,train,random_iid
3083,train,random_iid
3084,train,random_iid
3085,train,random_iid
3086,train,random_iid
3087,train,random_iid
3088,train,random_iid
3089,train,random_iid
3090,train,random_iid
3091,train,random_iid
3092,train,random_iid
3093,train,random_iid
3094,train,random_iid
3095,train,random_iid
3096,train,random_iid
3097,train,random_iid
3098,train,random_iid
3099,train,random_iid
3100,train,random_iid
3101,train,random_iid
3102,train,random_iid
3103,train,random_iid
3108,train,random_iid
3109,train,random_iid
3111,train,random_iid
3112,train,random_iid
3113,train,random_iid
3114,train,random_iid
3116,train,random_iid
3118,train,random_iid
3119,train,random_iid
3120,train,random_iid
3121,train,random_iid
3122,train,random_iid
3123,train,random_iid
3124,train,random_iid
3125,train,random_iid
3126,train,random_iid
3127,train,random_iid
3129,train,random_iid
3130,train,random_iid
3131,train,random_iid
3132,train,random_iid
3134,train,random_iid
3136,train,random_iid
3137,train,random_iid
3138,train,random_iid
3139,train,random_iid
3140,train,random_iid
3141,train,random_iid
3142,train,random_iid
3143,train,random_iid
3145,train,random_iid
3146,train,random_iid
3147,train,random_iid
3148,train,random_iid
3150,train,random_iid
3151,train,random_iid
3152,train,random_iid
3153,train,random_iid
3155,train,random_iid
3156,train,random_iid
3157,train,random_iid
3158,train,random_iid
3159,train,random_iid
3160,train,random_iid
3161,train,random_iid
3162,train,random_iid
3163,train,random_iid
3166,train,random_iid
3167,train,random_iid
3168,train,random_iid
3170,train,random_iid
3171,train,random_iid
3172,train,random_iid
3174,train,random_iid
3175,train,random_iid
3176,train,random_iid
3177,train,random_iid
3178,train,random_iid
3179,train,random_iid
3181,train,random_iid
3182,train,random_iid
3183,train,random_iid
3184,train,random_iid
3185,train,random_iid
3186,train,random_iid
3188,train,random_iid
3189,train,random_iid
3190,train,random_iid
3191,train,random_iid
3195,train,random_iid
3196,train,random_iid
3197,train,random_iid
3198,train,random_iid
3199,train,random_iid
3202,train,random_iid
3203,train,random_iid
3204,train,random_iid
3206,train,random_iid
3208,train,random_iid
3209,train,random_iid
3210,train,random_iid
3211,train,random_iid
3212,train,random_iid
3213,train,random_iid
3214,train,random_iid
3215,train,random_iid
3218,train,random_iid
3219,train,random_iid
3220,train,random_iid
3221,train,random_iid
3222,train,random_iid
3223,train,random_iid
3225,train,random_iid
3226,train,random_iid
3227,train,random_iid
3228,train,random_iid
3229,train,random_iid
3232,train,random_iid
3235,train,random_iid
3236,train,random_iid
3237,train,random_iid
3238,train,random_iid
3239,train,random_iid
3241,train,random_iid
3242,train,random_iid
3243,train,random_iid
3244,train,random_iid
3246,train,random_iid
3247,train,random_iid
3249,train,random_iid
3250,train,random_iid
3251,train,random_iid
3252,train,random_iid
3253,train,random_iid
3254,train,random_iid
3256,train,random_iid
3257,train,random_iid
3258,train,random_iid
3259,train,random_iid
3260,train,random_iid
3261,train,random_iid
3262,train,random_iid
3264,train,random_iid
3265,train,random_iid
3266,train,random_iid
3267,train,random_iid
3269,train,random_iid
3270,train,random_iid
3271,train,random_iid
3272,train,random_iid
3273,train,random_iid
3275,train,random_iid
3276,train,random_iid
3277,train,random_iid
3278,train,random_iid
3279,train,random_iid
3280,train,random_iid
3281,train,random_iid
3284,train,random_iid
3285,train,random_iid
3286,train,random_iid
3288,train,random_iid
3289,train,random_iid
3290,train,random_iid
3291,train,random_iid
3292,train,random_iid
3294,train,random_iid
3297,train,random_iid
3299,train,random_iid
3300,train,random_iid
3301,train,random_iid
3302,train,random_iid
3303,train,random_iid
3304,train,random_iid
3305,train,random_iid
3306,train,random_iid
3307,train,random_iid
3308,train,random_iid
3309,train,random_iid
3312,train,random_iid
3313,train,random_iid
3314,train,random_iid
3315,train,random_iid
3316,train,random_iid
3317,train,random_iid
3318,train,random_iid
3320,train,random_iid
3321,train,random_iid
3322,train,random_iid
3325,train,random_iid
3326,train,random_iid
3327,train,random_iid
3328,train,random_iid
3330,train,random_iid
3331,train,random_iid
3332,train,random_iid
3335,train,random_iid
3336,train,random_iid
3337,train,random_iid
3338,train,random_iid
3340,train,random_iid
3343,train,random_iid
3344,train,random_iid
3345,train,random_iid
3346,train,random_iid
3347,train,random_iid
3348,train,random_iid
3349,train,random_iid
3351,train,random_iid
3354,train,random_iid
3355,train,random_iid
3356,train,random_iid
3358,train,random_iid
3359,train,random_iid
3360,train,random_iid
3361,train,random_iid
3362,train,random_iid
3363,train,random_iid
3365,train,random_iid
3366,train,random_iid
3367,train,random_iid
3368,train,random_iid
3369,train,random_iid
3370,train,random_iid
3371,train,random_iid
3372,train,random_iid
3373,train,random_iid
3374,train,random_iid
3376,train,random_iid
3378,train,random_iid
3380,train,random_iid
3381,train,random_iid
3382,train,random_iid
3383,train,random_iid
3384,train,random_iid
3385,train,random_iid
3386,train,random_iid
3387,train,random_iid
3389,train,random_iid
3390,train,random_iid
3391,train,random_iid
3393,train,random_iid
3394,train,random_iid
3395,train,random_iid
3396,train,random_iid
3398,train,random_iid
3399,train,random_iid
3400,train,random_iid
3401,train,random_iid
3402,train,random_iid
3403,train,random_iid
3405,train,random_iid
3406,train,random_iid
3407,train,random_iid
3408,train,random_iid
3409,train,random_iid
3410,train,random_iid
3411,train,random_iid
3412,train,random_iid
3413,train,random_iid
3414,train,random_iid
3415,train,random_iid
3416,train,random_iid
3417,train,random_iid
3418,train,random_iid
3419,train,random_iid
3420,train,random_iid
3422,train,random_iid
3423,train,random_iid
3424,train,random_iid
3426,train,random_iid
3427,train,random_iid
3428,train,random_iid
3430,train,random_iid
3431,train,random_iid
3432,train,random_iid
3433,train,random_iid
3436,train,random_iid
3437,train,random_iid
3438,train,random_iid
3439,train,random_iid
3440,train,random_iid
3441,train,random_iid
3442,train,random_iid
3443,train,random_iid
3444,train,random_iid
3445,train,random_iid
3446,train,random_iid
3447,train,random_iid
3448,train,random_iid
3449,train,random_iid
3450,train,random_iid
3451,train,random_iid
3452,train,random_iid
3453,train,random_iid
3454,train,random_iid
3455,train,random_iid
3456,train,random_iid
3457,train,random_iid
3458,train,random_iid
3459,train,random_iid
3460,train,random_iid
3462,train,random_iid
3463,train,random_iid
3464,train,random_iid
3465,train,random_iid
3466,train,random_iid
3467,train,random_iid
3469,train,random_iid
3470,train,random_iid
3471,train,random_iid
3473,train,random_iid
3475,train,random_iid
3476,train,random_iid
3478,train,random_iid
3479,train,random_iid
3480,train,random_iid
3481,train,random_iid
3482,train,random_iid
3483,train,random_iid
3484,train,random_iid
3488,train,random_iid
3489,train,random_iid
3490,train,random_iid
3492,train,random_iid
3493,train,random_iid
3494,train,random_iid
3495,train,random_iid
3496,train,random_iid
3498,train,random_iid
3499,train,random_iid
3502,train,random_iid
3503,train,random_iid
3504,train,random_iid
3505,train,random_iid
3507,train,random_iid
3508,train,random_iid
3509,train,random_iid
3510,train,random_iid
3511,train,random_iid
3512,train,random_iid
3515,train,random_iid
3516,train,random_iid
3517,train,random_iid
3518,train,random_iid
3519,train,random_iid
3520,train,random_iid
3522,train,random_iid
3523,train,random_iid
3524,train,random_iid
3525,train,random_iid
3527,train,random_iid
3530,train,random_iid
3533,train,random_iid
3534,train,random_iid
3535,train,random_iid
3536,train,random_iid
3539,train,random_iid
3540,train,random_iid
3541,train,random_iid
3542,train,random_iid
3543,train,random_iid
3546,train,random_iid
3548,train,random_iid
3549,train,random_iid
3550,train,random_iid
3551,train,random_iid
3552,train,random_iid
3553,train,random_iid
3554,train,random_iid
3555,train,random_iid
3557,train,random_iid
3558,train,random_iid
3559,train,random_iid
3560,train,random_iid
3561,train,random_iid
3563,train,random_iid
3564,train,random_iid
3565,train,random_iid
3566,train,random_iid
3567,train,random_iid
3568,train,random_iid
3569,train,random_iid
3571,train,random_iid
3573,train,random_iid
3574,train,random_iid
3575,train,random_iid
3577,train,random_iid
3578,train,random_iid
3579,train,random_iid
3580,train,random_iid
3581,train,random_iid
3582,train,random_iid
3584,train,random_iid
3586,train,random_iid
3587,train,random_iid
3589,train,random_iid
3590,train,random_iid
3591,train,random_iid
3592,train,random_iid
3594,train,random_iid
3595,train,random_iid
3596,train,random_iid
3597,train,random_iid
3598,train,random_iid
3599,train,random_iid
3600,train,random_iid
3601,train,random_iid
3602,train,random_iid
3604,train,random_iid
3606,train,random_iid
3607,train,random_iid
3609,train,random_iid
3610,train,random_iid
3611,train,random_iid
3612,train,random_iid
3613,train,random_iid
3615,train,random_iid
3618,train,random_iid
3619,train,random_iid
3621,train,random_iid
3622,train,random_iid
3624,train,random_iid
3625,train,random_iid
3626,train,random_iid
3627,train,random_iid
3628,train,random_iid
3629,train,random_iid
3630,train,random_iid
3631,train,random_iid
3632,train,random_iid
3633,train,random_iid
3634,train,random_iid
3636,train,random_iid
3637,train,random_iid
3638,train,random_iid
3639,train,random_iid
3640,train,random_iid
3641,train,random_iid
3642,train,random_iid
3644,train,random_iid
3645,train,random_iid
3647,train,random_iid
3648,train,random_iid
3649,train,random_iid
3650,train,random_iid
3652,train,random_iid
3653,train,random_iid
3654,train,random_iid
3655,train,random_iid
3658,train,random_iid
3660,train,random_iid
3661,train,random_iid
3663,train,random_iid
3664,train,random_iid
3665,train,random_iid
3666,train,random_iid
3667,train,random_iid
3668,train,random_iid
3670,train,random_iid
3671,train,random_iid
3672,train,random_iid
3673,train,random_iid
3674,train,random_iid
3675,train,random_iid
3676,train,random_iid
3677,train,random_iid
3678,train,random_iid
3679,train,random_iid
3680,train,random_iid
3681,train,random_iid
3682,train,random_iid
3683,train,random_iid
3685,train,random_iid
3686,train,random_iid
3687,train,random_iid
3688,train,random_iid
3689,train,random_iid
3690,train,random_iid
3691,train,random_iid
3692,train,random_iid
3693,train,random_iid
3694,train,random_iid
3695,train,random_iid
3696,train,random_iid
3697,train,random_iid
3698,train,random_iid
3699,train,random_iid
3700,train,random_iid
3701,train,random_iid
3702,train,random_iid
3705,train,random_iid
3706,train,random_iid
3708,train,random_iid
3709,train,random_iid
3711,train,random_iid
3712,train,random_iid
3713,train,random_iid
3714,train,random_iid
3715,train,random_iid
3716,train,random_iid
3717,train,random_iid
3719,train,random_iid
3720,train,random_iid
3723,train,random_iid
3724,train,random_iid
3726,train,random_iid
3727,train,random_iid
3728,train,random_iid
3729,train,random_iid
3730,train,random_iid
3731,train,random_iid
3732,train,random_iid
3734,train,random_iid
3735,train,random_iid
3736,train,random_iid
3737,train,random_iid
3738,train,random_iid
3741,train,random_iid
3743,train,random_iid
3744,train,random_iid
3747,train,random_iid
3748,train,random_iid
3749,train,random_iid
3750,train,random_iid
3751,train,random_iid
3752,train,random_iid
3754,train,random_iid
3756,train,random_iid
3757,train,random_iid
3759,train,random_iid
3760,train,random_iid
3761,train,random_iid
3762,train,random_iid
3763,train,random_iid
3764,train,random_iid
3765,train,random_iid
3766,train,random_iid
3767,train,random_iid
3768,train,random_iid
3769,train,random_iid
3770,train,random_iid
3771,train,random_iid
3772,train,random_iid
3773,train,random_iid
3774,train,random_iid
3775,train,random_iid
3777,train,random_iid
3778,train,random_iid
3779,train,random_iid
3780,train,random_iid
3782,train,random_iid
3783,train,random_iid
3784,train,random_iid
3785,train,random_iid
3786,train,random_iid
3787,train,random_iid
3789,train,random_iid
3790,train,random_iid
3791,train,random_iid
3792,train,random_iid
3794,train,random_iid
3795,train,random_iid
3796,train,random_iid
3799,train,random_iid
3800,train,random_iid
3801,train,random_iid
3802,train,random_iid
3803,train,random_iid
3804,train,random_iid
3805,train,random_iid
3806,train,random_iid
3807,train,random_iid
3808,train,random_iid
3809,train,random_iid
3810,train,random_iid
3813,train,random_iid
3814,train,random_iid
3815,train,random_iid
3816,train,random_iid
3818,train,random_iid
3819,train,random_iid
3820,train,random_iid
3822,train,random_iid
3824,train,random_iid
3825,train,random_iid
3826,train,random_iid
3828,train,random_iid
3829,train,random_iid
3831,train,random_iid
3832,train,random_iid
3833,train,random_iid
3834,train,random_iid
3835,train,random_iid
3836,train,random_iid
3837,train,random_iid
3838,train,random_iid
3839,train,random_iid
3840,train,random_iid
3841,train,random_iid
3842,train,random_iid
3843,train,random_iid
3845,train,random_iid
3846,train,random_iid
3847,train,random_iid
3849,train,random_iid
3850,train,random_iid
3852,train,random_iid
3853,train,random_iid
3854,train,random_iid
3855,train,random_iid
3858,train,random_iid
3859,train,random_iid
3861,train,random_iid
3862,train,random_iid
3863,train,random_iid
3864,train,random_iid
3866,train,random_iid
3867,train,random_iid
3868,train,random_iid
3869,train,random_iid
3870,train,random_iid
3871,train,random_iid
3872,train,random_iid
3873,train,random_iid
3874,train,random_iid
3875,train,random_iid
3877,train,random_iid
3878,train,random_iid
3879,train,random_iid
3880,train,random_iid
3882,train,random_iid
3883,train,random_iid
3884,train,random_iid
3885,train,random_iid
3887,train,random_iid
3888,train,random_iid
3889,train,random_iid
3890,train,random_iid
3891,train,random_iid
3892,train,random_iid
3893,train,random_iid
3895,train,random_iid
3896,train,random_iid
3897,train,random_iid
3898,train,random_iid
3899,train,random_iid
3900,train,random_iid
3901,train,random_iid
3902,train,random_iid
3903,train,random_iid
3904,train,random_iid
3905,train,random_iid
3906,train,random_iid
3907,train,random_iid
3908,train,random_iid
3909,train,random_iid
3911,train,random_iid
3912,train,random_iid
3913,train,random_iid
3915,train,random_iid
3916,train,random_iid
3917,train,random_iid
3918,train,random_iid
3920,train,random_iid
3921,train,random_iid
3922,train,random_iid
3923,train,random_iid
3924,train,random_iid
3925,train,random_iid
3926,train,random_iid
3927,train,random_iid
3929,train,random_iid
3930,train,random_iid
3931,train,random_iid
3933,train,random_iid
3935,train,random_iid
3936,train,random_iid
3937,train,random_iid
3939,train,random_iid
3940,train,random_iid
3941,train,random_iid
3942,train,random_iid
3943,train,random_iid
3944,train,random_iid
3945,train,random_iid
3946,train,random_iid
3947,train,random_iid
3949,train,random_iid
3950,train,random_iid
3951,train,random_iid
3952,train,random_iid
3953,train,random_iid
3954,train,random_iid
3955,train,random_iid
3956,train,random_iid
3957,train,random_iid
3958,train,random_iid
3959,train,random_iid
3960,train,random_iid
3961,train,random_iid
3962,train,random_iid
3963,train,random_iid
3964,train,random_iid
3965,train,random_iid
3966,train,random_iid
3967,train,random_iid
3968,train,random_iid
3969,train,random_iid
3970,train,random_iid
3973,train,random_iid
3976,train,random_iid
3978,train,random_iid
3979,train,random_iid
3980,train,random_iid
3982,train,random_iid
3983,train,random_iid
3985,train,random_iid
3986,train,random_iid
3987,train,random_iid
3988,train,random_iid
3989,train,random_iid
3990,train,random_iid
3991,train,random_iid
3992,train,random_iid
3993,train,random_iid
3994,train,random_iid
3995,train,random_iid
3996,train,random_iid
3997,train,random_iid
3998,train,random_iid
3999,train,random_iid
4000,train,random_iid
4001,train,random_iid
4003,train,random_iid
4004,train,random_iid
4005,train,random_iid
4006,train,random_iid
4007,train,random_iid
4008,train,random_iid
4009,train,random_iid
4011,train,random_iid
4012,train,random_iid
4013,train,random_iid
4014,train,random_iid
4015,train,random_iid
4016,train,random_iid
4017,train,random_iid
4018,train,random_iid
4019,train,random_iid
4020,train,random_iid
4022,train,random_iid
4023,train,random_iid
4024,train,random_iid
4026,train,random_iid
4027,train,random_iid
4028,train,random_iid
4029,train,random_iid
4031,train,random_iid
4034,train,random_iid
4035,train,random_iid
4036,train,random_iid
4037,train,random_iid
4038,train,random_iid
4039,train,random_iid
4040,train,random_iid
4041,train,random_iid
4042,train,random_iid
4043,train,random_iid
4044,train,random_iid
4045,train,random_iid
4047,train,random_iid
4048,train,random_iid
4050,train,random_iid
4051,train,random_iid
4052,train,random_iid
4053,train,random_iid
4054,train,random_iid
4055,train,random_iid
4056,train,random_iid
4057,train,random_iid
4059,train,random_iid
4060,train,random_iid
4062,train,random_iid
4063,train,random_iid
4064,train,random_iid
4065,train,random_iid
4066,train,random_iid
4068,train,random_iid
4070,train,random_iid
4071,train,random_iid
4072,train,random_iid
4074,train,random_iid
4075,train,random_iid
4076,train,random_iid
4077,train,random_iid
4078,train,random_iid
4079,train,random_iid
4080,train,random_iid
4081,train,random_iid
4082,train,random_iid
4083,train,random_iid
4085,train,random_iid
4086,train,random_iid
4087,train,random_iid
4088,train,random_iid
4089,train,random_iid
4090,train,random_iid
4091,train,random_iid
4092,train,random_iid
4094,train,random_iid
4095,train,random_iid
4096,train,random_iid
4099,train,random_iid
4100,train,random_iid
4102,train,random_iid
4103,train,random_iid
4106,train,random_iid
4107,train,random_iid
4108,train,random_iid
4109,train,random_iid
4111,train,random_iid
4112,train,random_iid
4113,train,random_iid
4114,train,random_iid
4116,train,random_iid
4117,train,random_iid
4118,train,random_iid
4119,train,random_iid
4120,train,random_iid
4121,train,random_iid
4122,train,random_iid
4123,train,random_iid
4124,train,random_iid
4125,train,random_iid
4127,train,random_iid
4132,train,random_iid
4133,train,random_iid
4134,train,random_iid
4135,train,random_iid
4138,train,random_iid
4139,train,random_iid
4140,train,random_iid
4141,train,random_iid
4142,train,random_iid
4144,train,random_iid
4145,train,random_iid
4146,train,random_iid
4147,train,random_iid
4148,train,random_iid
4150,train,random_iid
4151,train,random_iid
4152,train,random_iid
4154,train,random_iid
4155,train,random_iid
4157,train,random_iid
4158,train,random_iid
4159,train,random_iid
4160,train,random_iid
4161,train,random_iid
4162,train,random_iid
4163,train,random_iid
4164,train,random_iid
4165,train,random_iid
4167,train,random_iid
4168,train,random_iid
4170,train,random_iid
4171,train,random_iid
4172,train,random_iid
4173,train,random_iid
4174,train,random_iid
4176,train,random_iid
4177,train,random_iid
4179,train,random_iid
4180,train,random_iid
4181,train,random_iid
4182,train,random_iid
4183,train,random_iid
4184,train,random_iid
4185,train,random_iid
4186,train,random_iid
4187,train,random_iid
4188,train,random_iid
4189,train,random_iid
4190,train,random_iid
4191,train,random_iid
4192,train,random_iid
4196,train,random_iid
4197,train,random_iid
4198,train,random_iid
4199,train,random_iid
4200,train,random_iid
4201,train,random_iid
4202,train,random_iid
4203,train,random_iid
4204,train,random_iid
4206,train,random_iid
4207,train,random_iid
4208,train,random_iid
4209,train,random_iid
4210,train,random_iid
4211,train,random_iid
4212,train,random_iid
4213,train,random_iid
4214,train,random_iid
4215,train,random_iid
4216,train,random_iid
4217,train,random_iid
4218,train,random_iid
4219,train,random_iid
4220,train,random_iid
4221,train,random_iid
4223,train,random_iid
4224,train,random_iid
4226,train,random_iid
4227,train,random_iid
4228,train,random_iid
4229,train,random_iid
4230,train,random_iid
4231,train,random_iid
4232,train,random_iid
4233,train,random_iid
4235,train,random_iid
4236,train,random_iid
4237,train,random_iid
4238,train,random_iid
4239,train,random_iid
4241,train,random_iid
4242,train,random_iid
4243,train,random_iid
4244,train,random_iid
4246,train,random_iid
4247,train,random_iid
4248,train,random_iid
4249,train,random_iid
4250,train,random_iid
4251,train,random_iid
4252,train,random_iid
4253,train,random_iid
4254,train,random_iid
4255,train,random_iid
4256,train,random_iid
4257,train,random_iid
4259,train,random_iid
4260,train,random_iid
4261,train,random_iid
4263,train,random_iid
4264,train,random_iid
4265,train,random_iid
4266,train,random_iid
4267,train,random_iid
4268,train,random_iid
4270,train,random_iid
4271,train,random_iid
4272,train,random_iid
4273,train,random_iid
4274,train,random_iid
4275,train,random_iid
4276,train,random_iid
4277,train,random_iid
4278,train,random_iid
4279,train,random_iid
4280,train,random_iid
4281,train,random_iid
4282,train,random_iid
4283,train,random_iid
4284,train,random_iid
4285,train,random_iid
4287,train,random_iid
4288,train,random_iid
4289,train,random_iid
4290,train,random_iid
4292,train,random_iid
4293,train,random_iid
4294,train,random_iid
4296,train,random_iid
4297,train,random_iid
4298,train,random_iid
4299,train,random_iid
4300,train,random_iid
4301,train,random_iid
4302,train,random_iid
4303,train,random_iid
4305,train,random_iid
4306,train,random_iid
4307,train,random_iid
4308,train,random_iid
4309,train,random_iid
4310,train,random_iid
4311,train,random_iid
4312,train,random_iid
4313,train,random_iid
4314,train,random_iid
4316,train,random_iid
4319,train,random_iid
4320,train,random_iid
4321,train,random_iid
4322,train,random_iid
4323,train,random_iid
4324,train,random_iid
4326,train,random_iid
4327,train,random_iid
4329,train,random_iid
4330,train,random_iid
4331,train,random_iid
4332,train,random_iid
4334,train,random_iid
4335,train,random_iid
4336,train,random_iid
4337,train,random_iid
4341,train,random_iid
4342,train,random_iid
4343,train,random_iid
4345,train,random_iid
4346,train,random_iid
4347,train,random_iid
4348,train,random_iid
4349,train,random_iid
4350,train,random_iid
4352,train,random_iid
4353,train,random_iid
4354,train,random_iid
4355,train,random_iid
4356,train,random_iid
4357,train,random_iid
4358,train,random_iid
4359,train,random_iid
4360,train,random_iid
4361,train,random_iid
4362,train,random_iid
4363,train,random_iid
4364,train,random_iid
4366,train,random_iid
4367,train,random_iid
4368,train,random_iid
4369,train,random_iid
4370,train,random_iid
4371,train,random_iid
4372,train,random_iid
4373,train,random_iid
4374,train,random_iid
4376,train,random_iid
4377,train,random_iid
4378,train,random_iid
4379,train,random_iid
4380,train,random_iid
4381,train,random_iid
4382,train,random_iid
4383,train,random_iid
4386,train,random_iid
4388,train,random_iid
4389,train,random_iid
4390,train,random_iid
4391,train,random_iid
4392,train,random_iid
4394,train,random_iid
4395,train,random_iid
4396,train,random_iid
4397,train,random_iid
4398,train,random_iid
4399,train,random_iid
4402,train,random_iid
4403,train,random_iid
4404,train,random_iid
4405,train,random_iid
4406,train,random_iid
4408,train,random_iid
4409,train,random_iid
4410,train,random_iid
4412,train,random_iid
4413,train,random_iid
4414,train,random_iid
4415,train,random_iid
4416,train,random_iid
4417,train,random_iid
4418,train,random_iid
4419,train,random_iid
4420,train,random_iid
4421,train,random_iid
4422,train,random_iid
4423,train,random_iid
4424,train,random_iid
4425,train,random_iid
4426,train,random_iid
4427,train,random_iid
4429,train,random_iid
4430,train,random_iid
4431,train,random_iid
4433,train,random_iid
4434,train,random_iid
4435,train,random_iid
4436,train,random_iid
4437,train,random_iid
4439,train,random_iid
4440,train,random_iid
4441,train,random_iid
4442,train,random_iid
4443,train,random_iid
4444,train,random_iid
4446,train,random_iid
4447,train,random_iid
4448,train,random_iid
4449,train,random_iid
4450,train,random_iid
4451,train,random_iid
4452,train,random_iid
4453,train,random_iid
4454,train,random_iid
4457,train,random_iid
4458,train,random_iid
4459,train,random_iid
4460,train,random_iid
4461,train,random_iid
4463,train,random_iid
4465,train,random_iid
4466,train,random_iid
4467,train,random_iid
4468,train,random_iid
4469,train,random_iid
4470,train,random_iid
4472,train,random_iid
4473,train,random_iid
4474,train,random_iid
4476,train,random_iid
4477,train,random_iid
4478,train,random_iid
4479,train,random_iid
4480,train,random_iid
4481,train,random_iid
4482,train,random_iid
4483,train,random_iid
4484,train,random_iid
4485,train,random_iid
4486,train,random_iid
4487,train,random_iid
4489,train,random_iid
4490,train,random_iid
4491,train,random_iid
4492,train,random_iid
4493,train,random_iid
4494,train,random_iid
4495,train,random_iid
4496,train,random_iid
4497,train,random_iid
4498,train,random_iid
4499,train,random_iid
4500,train,random_iid
4502,train,random_iid
4504,train,random_iid
4505,train,random_iid
4506,train,random_iid
4507,train,random_iid
4508,train,random_iid
4509,train,random_iid
4511,train,random_iid
4512,train,random_iid
4513,train,random_iid
4514,train,random_iid
4515,train,random_iid
4516,train,random_iid
4517,train,random_iid
4519,train,random_iid
4520,train,random_iid
4521,train,random_iid
4522,train,random_iid
4523,train,random_iid
4526,train,random_iid
4528,train,random_iid
4529,train,random_iid
4530,train,random_iid
4531,train,random_iid
4532,train,random_iid
4533,train,random_iid
4534,train,random_iid
4535,train,random_iid
4536,train,random_iid
4537,train,random_iid
4538,train,random_iid
4539,train,random_iid
4540,train,random_iid
4541,train,random_iid
4542,train,random_iid
4543,train,random_iid
4544,train,random_iid
4545,train,random_iid
4546,train,random_iid
4549,train,random_iid
4550,train,random_iid
4551,train,random_iid
4552,train,random_iid
4553,train,random_iid
4554,train,random_iid
4555,train,random_iid
4556,train,random_iid
4557,train,random_iid
4558,train,random_iid
4559,train,random_iid
4560,train,random_iid
4561,train,random_iid
4562,train,random_iid
4563,train,random_iid
4564,train,random_iid
4566,train,random_iid
4567,train,random_iid
4568,train,random_iid
4569,train,random_iid
4570,train,random_iid
4571,train,random_iid
4573,train,random_iid
4576,train,random_iid
4578,train,random_iid
4580,train,random_iid
4581,train,random_iid
4582,train,random_iid
4583,train,random_iid
4584,train,random_iid
4585,train,random_iid
4586,train,random_iid
4587,train,random_iid
4588,train,random_iid
4589,train,random_iid
4591,train,random_iid
4592,train,random_iid
4593,train,random_iid
4594,train,random_iid
4595,train,random_iid
4597,train,random_iid
4598,train,random_iid
4599,train,random_iid
4601,train,random_iid
4603,train,random_iid
4604,train,random_iid
4605,train,random_iid
4606,train,random_iid
4607,train,random_iid
4608,train,random_iid
4609,train,random_iid
4610,train,random_iid
4611,train,random_iid
4612,train,random_iid
4613,train,random_iid
4615,train,random_iid
4616,train,random_iid
4617,train,random_iid
4619,train,random_iid
4620,train,random_iid
4621,train,random_iid
4622,train,random_iid
4624,train,random_iid
4625,train,random_iid
4626,train,random_iid
4627,train,random_iid
4628,train,random_iid
4630,train,random_iid
4631,train,random_iid
4632,train,random_iid
4633,train,random_iid
4635,train,random_iid
4636,train,random_iid
4637,train,random_iid
4639,train,random_iid
4640,train,random_iid
4641,train,random_iid
4642,train,random_iid
4643,train,random_iid
4644,train,random_iid
4645,train,random_iid
4646,train,random_iid
4647,train,random_iid
4648,train,random_iid
4649,train,random_iid
4650,train,random_iid
4651,train,random_iid
4652,train,random_iid
4653,train,random_iid
4654,train,random_iid
4655,train,random_iid
4657,train,random_iid
4658,train,random_iid
4659,train,random_iid
4660,train,random_iid
4661,train,random_iid
4663,train,random_iid
4664,train,random_iid
4665,train,random_iid
4666,train,random_iid
4669,train,random_iid
4670,train,random_iid
4671,train,random_iid
4672,train,random_iid
4674,train,random_iid
4675,train,random_iid
4676,train,random_iid
4677,train,random_iid
4679,train,random_iid
4680,train,random_iid
4681,train,random_iid
4682,train,random_iid
4683,train,random_iid
4684,train,random_iid
4685,train,random_iid
4686,train,random_iid
4687,train,random_iid
4688,train,random_iid
4689,train,random_iid
4690,train,random_iid
4691,train,random_iid
4692,train,random_iid
4694,train,random_iid
4695,train,random_iid
4696,train,random_iid
4697,train,random_iid
4698,train,random_iid
4699,train,random_iid
4700,train,random_iid
4701,train,random_iid
4702,train,random_iid
4703,train,random_iid
4704,train,random_iid
4705,train,random_iid
4707,train,random_iid
4708,train,random_iid
4709,train,random_iid
4710,train,random_iid
4711,train,random_iid
4714,train,random_iid
4716,train,random_iid
4717,train,random_iid
4718,train,random_iid
4721,train,random_iid
4722,train,random_iid
4723,train,random_iid
4725,train,random_iid
4726,train,random_iid
4727,train,random_iid
4728,train,random_iid
4729,train,random_iid
4732,train,random_iid
4733,train,random_iid
4735,train,random_iid
4736,train,random_iid
4737,train,random_iid
4740,train,random_iid
4741,train,random_iid
4742,train,random_iid
4745,train,random_iid
4746,train,random_iid
4747,train,random_iid
4748,train,random_iid
4749,train,random_iid
4750,train,random_iid
4751,train,random_iid
4752,train,random_iid
4753,train,random_iid
4754,train,random_iid
4756,train,random_iid
4757,train,random_iid
4758,train,random_iid
4759,train,random_iid
4761,train,random_iid
4763,train,random_iid
4764,train,random_iid
4765,train,random_iid
4766,train,random_iid
4767,train,random_iid
4768,train,random_iid
4769,train,random_iid
4770,train,random_iid
4772,train,random_iid
4773,train,random_iid
4774,train,random_iid
4775,train,random_iid
4776,train,random_iid
4777,train,random_iid
4778,train,random_iid
4780,train,random_iid
4781,train,random_iid
4782,train,random_iid
4783,train,random_iid
4785,train,random_iid
4786,train,random_iid
4789,train,random_iid
4790,train,random_iid
4791,train,random_iid
4792,train,random_iid
4793,train,random_iid
4794,train,random_iid
4795,train,random_iid
4796,train,random_iid
4797,train,random_iid
4798,train,random_iid
4799,train,random_iid
4800,train,random_iid
4801,train,random_iid
4802,train,random_iid
4803,train,random_iid
4804,train,random_iid
4805,train,random_iid
4807,train,random_iid
4808,train,random_iid
4809,train,random_iid
4810,train,random_iid
4811,train,random_iid
4812,train,random_iid
4813,train,random_iid
4814,train,random_iid
4816,train,random_iid
4817,train,random_iid
4818,train,random_iid
4819,train,random_iid
4820,train,random_iid
4821,train,random_iid
4823,train,random_iid
4825,train,random_iid
4826,train,random_iid
4827,train,random_iid
4829,train,random_iid
4830,train,random_iid
4831,train,random_iid
4832,train,random_iid
4833,train,random_iid
4834,train,random_iid
4835,train,random_iid
4837,train,random_iid
4838,train,random_iid
4839,train,random_iid
4840,train,random_iid
4841,train,random_iid
4844,train,random_iid
4845,train,random_iid
4846,train,random_iid
4847,train,random_iid
4848,train,random_iid
4849,train,random_iid
4850,train,random_iid
4851,train,random_iid
4853,train,random_iid
4854,train,random_iid
4855,train,random_iid
4857,train,random_iid
4858,train,random_iid
4859,train,random_iid
4861,train,random_iid
4862,train,random_iid
4864,train,random_iid
4865,train,random_iid
4866,train,random_iid
4867,train,random_iid
4868,train,random_iid
4869,train,random_iid
4871,train,random_iid
4872,train,random_iid
4873,train,random_iid
4874,train,random_iid
4875,train,random_iid
4876,train,random_iid
4877,train,random_iid
4878,train,random_iid
4879,train,random_iid
4880,train,random_iid
4882,train,random_iid
4883,train,random_iid
4885,train,random_iid
4887,train,random_iid
4888,train,random_iid
4889,train,random_iid
4890,train,random_iid
4891,train,random_iid
4892,train,random_iid
4893,train,random_iid
4894,train,random_iid
4895,train,random_iid
4896,train,random_iid
4897,train,random_iid
4898,train,random_iid
4900,train,random_iid
4901,train,random_iid
4902,train,random_iid
4903,train,random_iid
4904,train,random_iid
4905,train,random_iid
4906,train,random_iid
4907,train,random_iid
4910,train,random_iid
4911,train,random_iid
4912,train,random_iid
4913,train,random_iid
4914,train,random_iid
4915,train,random_iid
4916,train,random_iid
4917,train,random_iid
4919,train,random_iid
4920,train,random_iid
4921,train,random_iid
4922,train,random_iid
4923,train,random_iid
4924,train,random_iid
4925,train,random_iid
4926,train,random_iid
4928,train,random_iid
4930,train,random_iid
4931,train,random_iid
4932,train,random_iid
4933,train,random_iid
4934,train,random_iid
4937,train,random_iid
4938,train,random_iid
4939,train,random_iid
4940,train,random_iid
4941,train,random_iid
4943,train,random_iid
4945,train,random_iid
4947,train,random_iid
4948,train,random_iid
4949,train,random_iid
4950,train,random_iid
4951,train,random_iid
4952,train,random_iid
4953,train,random_iid
4956,train,random_iid
4957,train,random_iid
4958,train,random_iid
4959,train,random_iid
4960,train,random_iid
4962,train,random_iid
4963,train,random_iid
4964,train,random_iid
4965,train,random_iid
4966,train,random_iid
4967,train,random_iid
4969,train,random_iid
4970,train,random_iid
4971,train,random_iid
4972,train,random_iid
4975,train,random_iid
4976,train,random_iid
4978,train,random_iid
4979,train,random_iid
4980,train,random_iid
4984,train,random_iid
4985,train,random_iid
4987,train,random_iid
4988,train,random_iid
4990,train,random_iid
4991,train,random_iid
4993,train,random_iid
4994,train,random_iid
4995,train,random_iid
4997,train,random_iid
5001,train,random_iid
5003,train,random_iid
5004,train,random_iid
5005,train,random_iid
5006,train,random_iid
5007,train,random_iid
5008,train,random_iid
5009,train,random_iid
5010,train,random_iid
5011,train,random_iid
5013,train,random_iid
5014,train,random_iid
5015,train,random_iid
5017,train,random_iid
5018,train,random_iid
5021,train,random_iid
5023,train,random_iid
5024,train,random_iid
5025,train,random_iid
5027,train,random_iid
5029,train,random_iid
5030,train,random_iid
5031,train,random_iid
5032,train,random_iid
5033,train,random_iid
5034,train,random_iid
5036,train,random_iid
5039,train,random_iid
5040,train,random_iid
5041,train,random_iid
5042,train,random_iid
5043,train,random_iid
5044,train,random_iid
5045,train,random_iid
5046,train,random_iid
5047,train,random_iid
5048,train,random_iid
5049,train,random_iid
5050,train,random_iid
5051,train,random_iid
5052,train,random_iid
5053,train,random_iid
5055,train,random_iid
5056,train,random_iid
5057,train,random_iid
5058,train,random_iid
5059,train,random_iid
5060,train,random_iid
5061,train,random_iid
5062,train,random_iid
5063,train,random_iid
5064,train,random_iid
5066,train,random_iid
5067,train,random_iid
5068,train,random_iid
5070,train,random_iid
5071,train,random_iid
5072,train,random_iid
5073,train,random_iid
5074,train,random_iid
5075,train,random_iid
5076,train,random_iid
5077,train,random_iid
5078,train,random_iid
5079,train,random_iid
5080,train,random_iid
5081,train,random_iid
5082,train,random_iid
5083,train,random_iid
5084,train,random_iid
5085,train,random_iid
5086,train,random_iid
5087,train,random_iid
5088,train,random_iid
5091,train,random_iid
5092,train,random_iid
5093,train,random_iid
5095,train,random_iid
5096,train,random_iid
5097,train,random_iid
5098,train,random_iid
5099,train,random_iid
5100,train,random_iid
5101,train,random_iid
5103,train,random_iid
5105,train,random_iid
5108,train,random_iid
5109,train,random_iid
5110,train,random_iid
5111,train,random_iid
5113,train,random_iid
5114,train,random_iid
5117,train,random_iid
5119,train,random_iid
5120,train,random_iid
5121,train,random_iid
5122,train,random_iid
5124,train,random_iid
5125,train,random_iid
5126,train,random_iid
5127,train,random_iid
5128,train,random_iid
5130,train,random_iid
5131,train,random_iid
5132,train,random_iid
5134,train,random_iid
5135,train,random_iid
5138,train,random_iid
5139,train,random_iid
5141,train,random_iid
5142,train,random_iid
5143,train,random_iid
5144,train,random_iid
5145,train,random_iid
5146,train,random_iid
5147,train,random_iid
5149,train,random_iid
5150,train,random_iid
5152,train,random_iid
5153,train,random_iid
5154,train,random_iid
5155,train,random_iid
5156,train,random_iid
5157,train,random_iid
5158,train,random_iid
5159,train,random_iid
5160,train,random_iid
5161,train,random_iid
5162,train,random_iid
5163,train,random_iid
5164,train,random_iid
5167,train,random_iid
5168,train,random_iid
5169,train,random_iid
5171,train,random_iid
5172,train,random_iid
5173,train,random_iid
5174,train,random_iid
5175,train,random_iid
5176,train,random_iid
5177,train,random_iid
5178,train,random_iid
5179,train,random_iid
5180,train,random_iid
5181,train,random_iid
5183,train,random_iid
5184,train,random_iid
5185,train,random_iid
5187,train,random_iid
5188,train,random_iid
5190,train,random_iid
5191,train,random_iid
5192,train,random_iid
5193,train,random_iid
5196,train,random_iid
5197,train,random_iid
5198,train,random_iid
5199,train,random_iid
5200,train,random_iid
5202,train,random_iid
5204,train,random_iid
5205,train,random_iid
5206,train,random_iid
5207,train,random_iid
5208,train,random_iid
5209,train,random_iid
5210,train,random_iid
5211,train,random_iid
5212,train,random_iid
5213,train,random_iid
5214,train,random_iid
5215,train,random_iid
5216,train,random_iid
5218,train,random_iid
5220,train,random_iid
5221,train,random_iid
5222,train,random_iid
5226,train,random_iid
5227,train,random_iid
5228,train,random_iid
5229,train,random_iid
5231,train,random_iid
5232,train,random_iid
5233,train,random_iid
5235,train,random_iid
5236,train,random_iid
5237,train,random_iid
5238,train,random_iid
5239,train,random_iid
5240,train,random_iid
5241,train,random_iid
5242,train,random_iid
5243,train,random_iid
5244,train,random_iid
5245,train,random_iid
5246,train,random_iid
5247,train,random_iid
5248,train,random_iid
5249,train,random_iid
5250,train,random_iid
5251,train,random_iid
5252,train,random_iid
5253,train,random_iid
5255,train,random_iid
5256,train,random_iid
5257,train,random_iid
5258,train,random_iid
5259,train,random_iid
5262,train,random_iid
5263,train,random_iid
5264,train,random_iid
5265,train,random_iid
5266,train,random_iid
5268,train,random_iid
5269,train,random_iid
5270,train,random_iid
5271,train,random_iid
5272,train,random_iid
5274,train,random_iid
5275,train,random_iid
5277,train,random_iid
5278,train,random_iid
5281,train,random_iid
5283,train,random_iid
5286,train,random_iid
5287,train,random_iid
5288,train,random_iid
5289,train,random_iid
5290,train,random_iid
5291,train,random_iid
5292,train,random_iid
5293,train,random_iid
5294,train,random_iid
5295,train,random_iid
5296,train,random_iid
5297,train,random_iid
5298,train,random_iid
5299,train,random_iid
5300,train,random_iid
5301,train,random_iid
5302,train,random_iid
5303,train,random_iid
5305,train,random_iid
5306,train,random_iid
5307,train,random_iid
5308,train,random_iid
5309,train,random_iid
5310,train,random_iid
5311,train,random_iid
5312,train,random_iid
5313,train,random_iid
5314,train,random_iid
5316,train,random_iid
5317,train,random_iid
5319,train,random_iid
5320,train,random_iid
5321,train,random_iid
5322,train,random_iid
5323,train,random_iid
5324,train,random_iid
5325,train,random_iid
5326,train,random_iid
5327,train,random_iid
5328,train,random_iid
5329,train,random_iid
5330,train,random_iid
5331,train,random_iid
5332,train,random_iid
5333,train,random_iid
5334,train,random_iid
5335,train,random_iid
5336,train,random_iid
5338,train,random_iid
5339,train,random_iid
5340,train,random_iid
5341,train,random_iid
5342,train,random_iid
5344,train,random_iid
5346,train,random_iid
5347,train,random_iid
5349,train,random_iid
5350,train,random_iid
5351,train,random_iid
5352,train,random_iid
5353,train,random_iid
5354,train,random_iid
5355,train,random_iid
5356,train,random_iid
5357,train,random_iid
5359,train,random_iid
5360,train,random_iid
5361,train,random_iid
5362,train,random_iid
5364,train,random_iid
5365,train,random_iid
5366,train,random_iid
5367,train,random_iid
5368,train,random_iid
5369,train,random_iid
5370,train,random_iid
5371,train,random_iid
5373,train,random_iid
5374,train,random_iid
5375,train,random_iid
5376,train,random_iid
5379,train,random_iid
5381,train,random_iid
5383,train,random_iid
5384,train,random_iid
5385,train,random_iid
5389,train,random_iid
5390,train,random_iid
5392,train,random_iid
5393,train,random_iid
5394,train,random_iid
5396,train,random_iid
5397,train,random_iid
5398,train,random_iid
5399,train,random_iid
5400,train,random_iid
5401,train,random_iid
5402,train,random_iid
5403,train,random_iid
5404,train,random_iid
5405,train,random_iid
5406,train,random_iid
5407,train,random_iid
5408,train,random_iid
5409,train,random_iid
5410,train,random_iid
5411,train,random_iid
5412,train,random_iid
5413,train,random_iid
5414,train,random_iid
5415,train,random_iid
5417,train,random_iid
5418,train,random_iid
5420,train,random_iid
5422,train,random_iid
5423,train,random_iid
5424,train,random_iid
5425,train,random_iid
5427,train,random_iid
5428,train,random_iid
5429,train,random_iid
5430,train,random_iid
5431,train,random_iid
5432,train,random_iid
5433,train,random_iid
5434,train,random_iid
5435,train,random_iid
5436,train,random_iid
5437,train,random_iid
5439,train,random_iid
5442,train,random_iid
5443,train,random_iid
5444,train,random_iid
5445,train,random_iid
5447,train,random_iid
5448,train,random_iid
5449,train,random_iid
5450,train,random_iid
5451,train,random_iid
5452,train,random_iid
5453,train,random_iid
5454,train,random_iid
5455,train,random_iid
5456,train,random_iid
5457,train,random_iid
5459,train,random_iid
5461,train,random_iid
5462,train,random_iid
5463,train,random_iid
5464,train,random_iid
5468,train,random_iid
5469,train,random_iid
5470,train,random_iid
5471,train,random_iid
5472,train,random_iid
5475,train,random_iid
5476,train,random_iid
5477,train,random_iid
5478,train,random_iid
5479,train,random_iid
5480,train,random_iid
5481,train,random_iid
5482,train,random_iid
5484,train,random_iid
5485,train,random_iid
5486,train,random_iid
5487,train,random_iid
5488,train,random_iid
5489,train,random_iid
5491,train,random_iid
5492,train,random_iid
5493,train,random_iid
5495,train,random_iid
5497,train,random_iid
5499,train,random_iid
5500,train,random_iid
5501,train,random_iid
5502,train,random_iid
5503,train,random_iid
5504,train,random_iid
5506,train,random_iid
5507,train,random_iid
5508,train,random_iid
5509,train,random_iid
5510,train,random_iid
5511,train,random_iid
5512,train,random_iid
5513,train,random_iid
5515,train,random_iid
5516,train,random_iid
5517,train,random_iid
5518,train,random_iid
5520,train,random_iid
5521,train,random_iid
5523,train,random_iid
5524,train,random_iid
5525,train,random_iid
5526,train,random_iid
5528,train,random_iid
5529,train,random_iid
5530,train,random_iid
5531,train,random_iid
5533,train,random_iid
5534,train,random_iid
5535,train,random_iid
5536,train,random_iid
5539,train,random_iid
5540,train,random_iid
5541,train,random_iid
5542,train,random_iid
5543,train,random_iid
5545,train,random_iid
5546,train,random_iid
5550,train,random_iid
5551,train,random_iid
5552,train,random_iid
5553,train,random_iid
5554,train,random_iid
5555,train,random_iid
5558,train,random_iid
5559,train,random_iid
5560,train,random_iid
5561,train,random_iid
5562,train,random_iid
5563,train,random_iid
5565,train,random_iid
5566,train,random_iid
5567,train,random_iid
5569,train,random_iid
5570,train,random_iid
5571,train,random_iid
5573,train,random_iid
5574,train,random_iid
5575,train,random_iid
5576,train,random_iid
5577,train,random_iid
5578,train,random_iid
5579,train,random_iid
5580,train,random_iid
5581,train,random_iid
5582,train,random_iid
5583,train,random_iid
5584,train,random_iid
5585,train,random_iid
5586,train,random_iid
5587,train,random_iid
5588,train,random_iid
5591,train,random_iid
5592,train,random_iid
5593,train,random_iid
5595,train,random_iid
5596,train,random_iid
5598,train,random_iid
5599,train,random_iid
5600,train,random_iid
5601,train,random_iid
5602,train,random_iid
5603,train,random_iid
5604,train,random_iid
5605,train,random_iid
5606,train,random_iid
5607,train,random_iid
5608,train,random_iid
5609,train,random_iid
5610,train,random_iid
5611,train,random_iid
5612,train,random_iid
5613,train,random_iid
5614,train,random_iid
5616,train,random_iid
5617,train,random_iid
5618,train,random_iid
5619,train,random_iid
5621,train,random_iid
5622,train,random_iid
5624,train,random_iid
5625,train,random_iid
5626,train,random_iid
5627,train,random_iid
5628,train,random_iid
5630,train,random_iid
5632,train,random_iid
5633,train,random_iid
5634,train,random_iid
5635,train,random_iid
5636,train,random_iid
5637,train,random_iid
5638,train,random_iid
5639,train,random_iid
5640,train,random_iid
5641,train,random_iid
5642,train,random_iid
5643,train,random_iid
5644,train,random_iid
5645,train,random_iid
5646,train,random_iid
5647,train,random_iid
5649,train,random_iid
5650,train,random_iid
5651,train,random_iid
5652,train,random_iid
5653,train,random_iid
5655,train,random_iid
5656,train,random_iid
5657,train,random_iid
5658,train,random_iid
5660,train,random_iid
5661,train,random_iid
5662,train,random_iid
5663,train,random_iid
5664,train,random_iid
5665,train,random_iid
5666,train,random_iid
5668,train,random_iid
5669,train,random_iid
5670,train,random_iid
5672,train,random_iid
5673,train,random_iid
5674,train,random_iid
5675,train,random_iid
5676,train,random_iid
5677,train,random_iid
5678,train,random_iid
5679,train,random_iid
5680,train,random_iid
5681,train,random_iid
5682,train,random_iid
5684,train,random_iid
5685,train,random_iid
5686,train,random_iid
5689,train,random_iid
5690,train,random_iid
5691,train,random_iid
5692,train,random_iid
5693,train,random_iid
5694,train,random_iid
5696,train,random_iid
5697,train,random_iid
5698,train,random_iid
5699,train,random_iid
5700,train,random_iid
5702,train,random_iid
5703,train,random_iid
5704,train,random_iid
5705,train,random_iid
5706,train,random_iid
5708,train,random_iid
5710,train,random_iid
5711,train,random_iid
5712,train,random_iid
5713,train,random_iid
5714,train,random_iid
5715,train,random_iid
5717,train,random_iid
5718,train,random_iid
5719,train,random_iid
5720,train,random_iid
5721,train,random_iid
5722,train,random_iid
5723,train,random_iid
5724,train,random_iid
5725,train,random_iid
5726,train,random_iid
5727,train,random_iid
5729,train,random_iid
5730,train,random_iid
5731,train,random_iid
5733,train,random_iid
5734,train,random_iid
5735,train,random_iid
5736,train,random_iid
5737,train,random_iid
5738,train,random_iid
5739,train,random_iid
5740,train,random_iid
5741,train,random_iid
5742,train,random_iid
5744,train,random_iid
5747,train,random_iid
5750,train,random_iid
5751,train,random_iid
5752,train,random_iid
5753,train,random_iid
5754,train,random_iid
5755,train,random_iid
5756,train,random_iid
5757,train,random_iid
5758,train,random_iid
5759,train,random_iid
5760,train,random_iid
5763,train,random_iid
5765,train,random_iid
5767,train,random_iid
5769,train,random_iid
5771,train,random_iid
5772,train,random_iid
5773,train,random_iid
5774,train,random_iid
5775,train,random_iid
5776,train,random_iid
5777,train,random_iid
5778,train,random_iid
5779,train,random_iid
5781,train,random_iid
5782,train,random_iid
5783,train,random_iid
5784,train,random_iid
5785,train,random_iid
5788,train,random_iid
5790,train,random_iid
5791,train,random_iid
5792,train,random_iid
5793,train,random_iid
5794,train,random_iid
5795,train,random_iid
5796,train,random_iid
5797,train,random_iid
5801,train,random_iid
5802,train,random_iid
5804,train,random_iid
5805,train,random_iid
5806,train,random_iid
5809,train,random_iid
5810,train,random_iid
5811,train,random_iid
5812,train,random_iid
5813,train,random_iid
5816,train,random_iid
5817,train,random_iid
5818,train,random_iid
5819,train,random_iid
5820,train,random_iid
5821,train,random_iid
5822,train,random_iid
5823,train,random_iid
5824,train,random_iid
5825,train,random_iid
5826,train,random_iid
5827,train,random_iid
5828,train,random_iid
5829,train,random_iid
5830,train,random_iid
5831,train,random_iid
5834,train,random_iid
5835,train,random_iid
5837,train,random_iid
5838,train,random_iid
5839,train,random_iid
5840,train,random_iid
5842,train,random_iid
5844,train,random_iid
5845,train,random_iid
5848,train,random_iid
5850,train,random_iid
5851,train,random_iid
5852,train,random_iid
5853,train,random_iid
5854,train,random_iid
5855,train,random_iid
5856,train,random_iid
5859,train,random_iid
5860,train,random_iid
5861,train,random_iid
5864,train,random_iid
5865,train,random_iid
5866,train,random_iid
5867,train,random_iid
5868,train,random_iid
5869,train,random_iid
5871,train,random_iid
5872,train,random_iid
5873,train,random_iid
5874,train,random_iid
5875,train,random_iid
5876,train,random_iid
5877,train,random_iid
5878,train,random_iid
5879,train,random_iid
5880,train,random_iid
5881,train,random_iid
5882,train,random_iid
5883,train,random_iid
5884,train,random_iid
5886,train,random_iid
5887,train,random_iid
5889,train,random_iid
5890,train,random_iid
5891,train,random_iid
5892,train,random_iid
5893,train,random_iid
5895,train,random_iid
5896,train,random_iid
5897,train,random_iid
5898,train,random_iid
5899,train,random_iid
5900,train,random_iid
5901,train,random_iid
5903,train,random_iid
5904,train,random_iid
5906,train,random_iid
5907,train,random_iid
5908,train,random_iid
5909,train,random_iid
5910,train,random_iid
5911,train,random_iid
5912,train,random_iid
5913,train,random_iid
5914,train,random_iid
5916,train,random_iid
5917,train,random_iid
5918,train,random_iid
5919,train,random_iid
5920,train,random_iid
5922,train,random_iid
5923,train,random_iid
5924,train,random_iid
5925,train,random_iid
5926,train,random_iid
5929,train,random_iid
5930,train,random_iid
5931,train,random_iid
5932,train,random_iid
5934,train,random_iid
5936,train,random_iid
5938,train,random_iid
5939,train,random_iid
5941,train,random_iid
5943,train,random_iid
5944,train,random_iid
5945,train,random_iid
5946,train,random_iid
5947,train,random_iid
5948,train,random_iid
5949,train,random_iid
5950,train,random_iid
5951,train,random_iid
5952,train,random_iid
5953,train,random_iid
5955,train,random_iid
5956,train,random_iid
5957,train,random_iid
5958,train,random_iid
5960,train,random_iid
5961,train,random_iid
5962,train,random_iid
5964,train,random_iid
5965,train,random_iid
5966,train,random_iid
5967,train,random_iid
5968,train,random_iid
5969,train,random_iid
5970,train,random_iid
5972,train,random_iid
5973,train,random_iid
5974,train,random_iid
5975,train,random_iid
5976,train,random_iid
5977,train,random_iid
5978,train,random_iid
5980,train,random_iid
5981,train,random_iid
5982,train,random_iid
5983,train,random_iid
5984,train,random_iid
5985,train,random_iid
5986,train,random_iid
5987,train,random_iid
5988,train,random_iid
5989,train,random_iid
5991,train,random_iid
5992,train,random_iid
5993,train,random_iid
5994,train,random_iid
5995,train,random_iid
5996,train,random_iid
5997,train,random_iid
5999,train,random_iid
6000,train,random_iid
6001,train,random_iid
6002,train,random_iid
6003,train,random_iid
6004,train,random_iid
6005,train,random_iid
6006,train,random_iid
6007,train,random_iid
6008,train,random_iid
6009,train,random_iid
6010,train,random_iid
6011,train,random_iid
6012,train,random_iid
6013,train,random_iid
6014,train,random_iid
6015,train,random_iid
6016,train,random_iid
6017,train,random_iid
6018,train,random_iid
6019,train,random_iid
6020,train,random_iid
6021,train,random_iid
6022,train,random_iid
6023,train,random_iid
6024,train,random_iid
6025,train,random_iid
6026,train,random_iid
6028,train,random_iid
6030,train,random_iid
6031,train,random_iid
6032,train,random_iid
6033,train,random_iid
6034,train,random_iid
6035,train,random_iid
6036,train,random_iid
6037,train,random_iid
6038,train,random_iid
6039,train,random_iid
6040,train,random_iid
6041,train,random_iid
6042,train,random_iid
6043,train,random_iid
6044,train,random_iid
6045,train,random_iid
6046,train,random_iid
6047,train,random_iid
6048,train,random_iid
6050,train,random_iid
6052,train,random_iid
6054,train,random_iid
6055,train,random_iid
6056,train,random_iid
6057,train,random_iid
6058,train,random_iid
6060,train,random_iid
6061,train,random_iid
6064,train,random_iid
6065,train,random_iid
6066,train,random_iid
6068,train,random_iid
6071,train,random_iid
6072,train,random_iid
6073,train,random_iid
6075,train,random_iid
6076,train,random_iid
6077,train,random_iid
6078,train,random_iid
6079,train,random_iid
6080,train,random_iid
6081,train,random_iid
6082,train,random_iid
6083,train,random_iid
6085,train,random_iid
6086,train,random_iid
6087,train,random_iid
6088,train,random_iid
6089,train,random_iid
6090,train,random_iid
6091,train,random_iid
6092,train,random_iid
6093,train,random_iid
6095,train,random_iid
6096,train,random_iid
6097,train,random_iid
6098,train,random_iid
6099,train,random_iid
6100,train,random_iid
6101,train,random_iid
6102,train,random_iid
6103,train,random_iid
6104,train,random_iid
6105,train,random_iid
6106,train,random_iid
6107,train,random_iid
6108,train,random_iid
6109,train,random_iid
6112,train,random_iid
6113,train,random_iid
6114,train,random_iid
6115,train,random_iid
6116,train,random_iid
6117,train,random_iid
6119,train,random_iid
6120,train,random_iid
6121,train,random_iid
6122,train,random_iid
6123,train,random_iid
6124,train,random_iid
6125,train,random_iid
6126,train,random_iid
6127,train,random_iid
6129,train,random_iid
6130,train,random_iid
6131,train,random_iid
6132,train,random_iid
6133,train,random_iid
6135,train,random_iid
6136,train,random_iid
6137,train,random_iid
6138,train,random_iid
6139,train,random_iid
6140,train,random_iid
6141,train,random_iid
6142,train,random_iid
6143,train,random_iid
6144,train,random_iid
6145,train,random_iid
6146,train,random_iid
6147,train,random_iid
6148,train,random_iid
6150,train,random_iid
6151,train,random_iid
6152,train,random_iid
6153,train,random_iid
6154,train,random_iid
6155,train,random_iid
6156,train,random_iid
6157,train,random_iid
6158,train,random_iid
6159,train,random_iid
6160,train,random_iid
6161,train,random_iid
6163,train,random_iid
6165,train,random_iid
6167,train,random_iid
6168,train,random_iid
6169,train,random_iid
6170,train,random_iid
6171,train,random_iid
6172,train,random_iid
6174,train,random_iid
6175,train,random_iid
6176,train,random_iid
6178,train,random_iid
6180,train,random_iid
6181,train,random_iid
6182,train,random_iid
6184,train,random_iid
6186,train,random_iid
6187,train,random_iid
6188,train,random_iid
6189,train,random_iid
6191,train,random_iid
6192,train,random_iid
6194,train,random_iid
6195,train,random_iid
6196,train,random_iid
6197,train,random_iid
6198,train,random_iid
6199,train,random_iid
6200,train,random_iid
6201,train,random_iid
6202,train,random_iid
6204,train,random_iid
6205,train,random_iid
6206,train,random_iid
6209,train,random_iid
6210,train,random_iid
6211,train,random_iid
6212,train,random_iid
6214,train,random_iid
6215,train,random_iid
6216,train,random_iid
6217,train,random_iid
6218,train,random_iid
6219,train,random_iid
6221,train,random_iid
6223,train,random_iid
6224,train,random_iid
6225,train,random_iid
6226,train,random_iid
6227,train,random_iid
6228,train,random_iid
6229,train,random_iid
6230,train,random_iid
6231,train,random_iid
6232,train,random_iid
6233,train,random_iid
6234,train,random_iid
6235,train,random_iid
6236,train,random_iid
6237,train,random_iid
6238,train,random_iid
6239,train,random_iid
6240,train,random_iid
6241,train,random_iid
6242,train,random_iid
6243,train,random_iid
6244,train,random_iid
6247,train,random_iid
6248,train,random_iid
6249,train,random_iid
6250,train,random_iid
6254,train,random_iid
6255,train,random_iid
6256,train,random_iid
6257,train,random_iid
6259,train,random_iid
6260,train,random_iid
6261,train,random_iid
6262,train,random_iid
6263,train,random_iid
6264,train,random_iid
6265,train,random_iid
6266,train,random_iid
6270,train,random_iid
6272,train,random_iid
6273,train,random_iid
6274,train,random_iid
6276,train,random_iid
6277,train,random_iid
6278,train,random_iid
6279,train,random_iid
6281,train,random_iid
6282,train,random_iid
6283,train,random_iid
6284,train,random_iid
6285,train,random_iid
6286,train,random_iid
6288,train,random_iid
6289,train,random_iid
6290,train,random_iid
6291,train,random_iid
6292,train,random_iid
6293,train,random_iid
6294,train,random_iid
6295,train,random_iid
6296,train,random_iid
6297,train,random_iid
6298,train,random_iid
6300,train,random_iid
6301,train,random_iid
6302,train,random_iid
6303,train,random_iid
6304,train,random_iid
6305,train,random_iid
6306,train,random_iid
6307,train,random_iid
6308,train,random_iid
6309,train,random_iid
6310,train,random_iid
6311,train,random_iid
6312,train,random_iid
6313,train,random_iid
6314,train,random_iid
6316,train,random_iid
6317,train,random_iid
6318,train,random_iid
6319,train,random_iid
6320,train,random_iid
6321,train,random_iid
6322,train,random_iid
6323,train,random_iid
6324,train,random_iid
6325,train,random_iid
6326,train,random_iid
6327,train,random_iid
6328,train,random_iid
6330,train,random_iid
6331,train,random_iid
6332,train,random_iid
6333,train,random_iid
6334,train,random_iid
6335,train,random_iid
6336,train,random_iid
6337,train,random_iid
6338,train,random_iid
6339,train,random_iid
6341,train,random_iid
6342,train,random_iid
6343,train,random_iid
6346,train,random_iid
6347,train,random_iid
6350,train,random_iid
6351,train,random_iid
6352,train,random_iid
6353,train,random_iid
6354,train,random_iid
6357,train,random_iid
6358,train,random_iid
6359,train,random_iid
6360,train,random_iid
6361,train,random_iid
6362,train,random_iid
6363,train,random_iid
6364,train,random_iid
6365,train,random_iid
6366,train,random_iid
6369,train,random_iid
6372,train,random_iid
6373,train,random_iid
6374,train,random_iid
6375,train,random_iid
6376,train,random_iid
6377,train,random_iid
6379,train,random_iid
6380,train,random_iid
6381,train,random_iid
6382,train,random_iid
6383,train,random_iid
6384,train,random_iid
6385,train,random_iid
6386,train,random_iid
6387,train,random_iid
6388,train,random_iid
6391,train,random_iid
6393,train,random_iid
6394,train,random_iid
6395,train,random_iid
6396,train,random_iid
6397,train,random_iid
6399,train,random_iid
6400,train,random_iid
6403,train,random_iid
6404,train,random_iid
6406,train,random_iid
6408,train,random_iid
6409,train,random_iid
6410,train,random_iid
6411,train,random_iid
6412,train,random_iid
6413,train,random_iid
6414,train,random_iid
6415,train,random_iid
6416,train,random_iid
6418,train,random_iid
6419,train,random_iid
6420,train,random_iid
6421,train,random_iid
6422,train,random_iid
6424,train,random_iid
6426,train,random_iid
6427,train,random_iid
6430,train,random_iid
6433,train,random_iid
6434,train,random_iid
6435,train,random_iid
6436,train,random_iid
6437,train,random_iid
6438,train,random_iid
6441,train,random_iid
6443,train,random_iid
6445,train,random_iid
6446,train,random_iid
6447,train,random_iid
6449,train,random_iid
6450,train,random_iid
6451,train,random_iid
6452,train,random_iid
6453,train,random_iid
6457,train,random_iid
6458,train,random_iid
6459,train,random_iid
6460,train,random_iid
6461,train,random_iid
6463,train,random_iid
6464,train,random_iid
6465,train,random_iid
6466,train,random_iid
6467,train,random_iid
6468,train,random_iid
6469,train,random_iid
6470,train,random_iid
6471,train,random_iid
6473,train,random_iid
6474,train,random_iid
6475,train,random_iid
6476,train,random_iid
6477,train,random_iid
6478,train,random_iid
6479,train,random_iid
6480,train,random_iid
6481,train,random_iid
6482,train,random_iid
6484,train,random_iid
6485,train,random_iid
6486,train,random_iid
6487,train,random_iid
6488,train,random_iid
6489,train,random_iid
6490,train,random_iid
6491,train,random_iid
6493,train,random_iid
6494,train,random_iid
6495,train,random_iid
6496,train,random_iid
6497,train,random_iid
6498,train,random_iid
6499,train,random_iid
6500,train,random_iid
6501,train,random_iid
6502,train,random_iid
6503,train,random_iid
6505,train,random_iid
6506,train,random_iid
6509,train,random_iid
6510,train,random_iid
6511,train,random_iid
6513,train,random_iid
6514,train,random_iid
6518,train,random_iid
6520,train,random_iid
6521,train,random_iid
6522,train,random_iid
6523,train,random_iid
6524,train,random_iid
6525,train,random_iid
6526,train,random_iid
6528,train,random_iid
6529,train,random_iid
6530,train,random_iid
6531,train,random_iid
6534,train,random_iid
6535,train,random_iid
6537,train,random_iid
6538,train,random_iid
6539,train,random_iid
6540,train,random_iid
6541,train,random_iid
6542,train,random_iid
6543,train,random_iid
6545,train,random_iid
6547,train,random_iid
6548,train,random_iid
6549,train,random_iid
6551,train,random_iid
6552,train,random_iid
6553,train,random_iid
6554,train,random_iid
6555,train,random_iid
6556,train,random_iid
6557,train,random_iid
6558,train,random_iid
6559,train,random_iid
6560,train,random_iid
6561,train,random_iid
6562,train,random_iid
6563,train,random_iid
6564,train,random_iid
6565,train,random_iid
6566,train,random_iid
6567,train,random_iid
6568,train,random_iid
6569,train,random_iid
6570,train,random_iid
6571,train,random_iid
6575,train,random_iid
6576,train,random_iid
6578,train,random_iid
6579,train,random_iid
6581,train,random_iid
6582,train,random_iid
6583,train,random_iid
6585,train,random_iid
6586,train,random_iid
6587,train,random_iid
6588,train,random_iid
6589,train,random_iid
6591,train,random_iid
6592,train,random_iid
6593,train,random_iid
6594,train,random_iid
6595,train,random_iid
6596,train,random_iid
6597,train,random_iid
6598,train,random_iid
6603,train,random_iid
6604,train,random_iid
6605,train,random_iid
6606,train,random_iid
6607,train,random_iid
6610,train,random_iid
6611,train,random_iid
6612,train,random_iid
6613,train,random_iid
6614,train,random_iid
6615,train,random_iid
6616,train,random_iid
6617,train,random_iid
6618,train,random_iid
6619,train,random_iid
6620,train,random_iid
6621,train,random_iid
6623,train,random_iid
6624,train,random_iid
6625,train,random_iid
6626,train,random_iid
6627,train,random_iid
6628,train,random_iid
6629,train,random_iid
6631,train,random_iid
6633,train,random_iid
6634,train,random_iid
6635,train,random_iid
6638,train,random_iid
6639,train,random_iid
6640,train,random_iid
6642,train,random_iid
6644,train,random_iid
6645,train,random_iid
6648,train,random_iid
6649,train,random_iid
6650,train,random_iid
6651,train,random_iid
6652,train,random_iid
6653,train,random_iid
6654,train,random_iid
6657,train,random_iid
6658,train,random_iid
6659,train,random_iid
6661,train,random_iid
6663,train,random_iid
6664,train,random_iid
6666,train,random_iid
6667,train,random_iid
6668,train,random_iid
6669,train,random_iid
6670,train,random_iid
6671,train,random_iid
6672,train,random_iid
6673,train,random_iid
6674,train,random_iid
6675,train,random_iid
6677,train,random_iid
6678,train,random_iid
6679,train,random_iid
6680,train,random_iid
6681,train,random_iid
6682,train,random_iid
6683,train,random_iid
6684,train,random_iid
6686,train,random_iid
6687,train,random_iid
6689,train,random_iid
6690,train,random_iid
6691,train,random_iid
6692,train,random_iid
6693,train,random_iid
6694,train,random_iid
6695,train,random_iid
6696,train,random_iid
6697,train,random_iid
6698,train,random_iid
6700,train,random_iid
6701,train,random_iid
6702,train,random_iid
6703,train,random_iid
6704,train,random_iid
6706,train,random_iid
6707,train,random_iid
6708,train,random_iid
6709,train,random_iid
6710,train,random_iid
6711,train,random_iid
6712,train,random_iid
6713,train,random_iid
6715,train,random_iid
6716,train,random_iid
6718,train,random_iid
6719,train,random_iid
6720,train,random_iid
6721,train,random_iid
6722,train,random_iid
6724,train,random_iid
6725,train,random_iid
6726,train,random_iid
6727,train,random_iid
6728,train,random_iid
6730,train,random_iid
6732,train,random_iid
6737,train,random_iid
6738,train,random_iid
6739,train,random_iid
6742,train,random_iid
6743,train,random_iid
6744,train,random_iid
6745,train,random_iid
6747,train,random_iid
6748,train,random_iid
6749,train,random_iid
6751,train,random_iid
6752,train,random_iid
6753,train,random_iid
6754,train,random_iid
6755,train,random_iid
6756,train,random_iid
6757,train,random_iid
6760,train,random_iid
6761,train,random_iid
6763,train,random_iid
6764,train,random_iid
6765,train,random_iid
6766,train,random_iid
6767,train,random_iid
6768,train,random_iid
6769,train,random_iid
6770,train,random_iid
6771,train,random_iid
6772,train,random_iid
6773,train,random_iid
6774,train,random_iid
6775,train,random_iid
6776,train,random_iid
6779,train,random_iid
6780,train,random_iid
6781,train,random_iid
6782,train,random_iid
6783,train,random_iid
6784,train,random_iid
6785,train,random_iid
6786,train,random_iid
6787,train,random_iid
6789,train,random_iid
6790,train,random_iid
6791,train,random_iid
6792,train,random_iid
6793,train,random_iid
6794,train,random_iid
6795,train,random_iid
6796,train,random_iid
6799,train,random_iid
6800,train,random_iid
6801,train,random_iid
6802,train,random_iid
6803,train,random_iid
6805,train,random_iid
6806,train,random_iid
6807,train,random_iid
6809,train,random_iid
6810,train,random_iid
6811,train,random_iid
6815,train,random_iid
6816,train,random_iid
6817,train,random_iid
6819,train,random_iid
6820,train,random_iid
6821,train,random_iid
6822,train,random_iid
6823,train,random_iid
6824,train,random_iid
6825,train,random_iid
6827,train,random_iid
6829,train,random_iid
6833,train,random_iid
6835,train,random_iid
6836,train,random_iid
6837,train,random_iid
6839,train,random_iid
6840,train,random_iid
6842,train,random_iid
6843,train,random_iid
6844,train,random_iid
6845,train,random_iid
6846,train,random_iid
6847,train,random_iid
6848,train,random_iid
6849,train,random_iid
6850,train,random_iid
6851,train,random_iid
6852,train,random_iid
6853,train,random_iid
6855,train,random_iid
6856,train,random_iid
6857,train,random_iid
6859,train,random_iid
6860,train,random_iid
6862,train,random_iid
6864,train,random_iid
6865,train,random_iid
6866,train,random_iid
6867,train,random_iid
6869,train,random_iid
6870,train,random_iid
6871,train,random_iid
6872,train,random_iid
6873,train,random_iid
6874,train,random_iid
6875,train,random_iid
6876,train,random_iid
6877,train,random_iid
6878,train,random_iid
6881,train,random_iid
6882,train,random_iid
6883,train,random_iid
6884,train,random_iid
6885,train,random_iid
6886,train,random_iid
6887,train,random_iid
6888,train,random_iid
6889,train,random_iid
6890,train,random_iid
6891,train,random_iid
6892,train,random_iid
6893,train,random_iid
6894,train,random_iid
6895,train,random_iid
6896,train,random_iid
6897,train,random_iid
6898,train,random_iid
6899,train,random_iid
6900,train,random_iid
6901,train,random_iid
6902,train,random_iid
6903,train,random_iid
6904,train,random_iid
6905,train,random_iid
6906,train,random_iid
6908,train,random_iid
6909,train,random_iid
6910,train,random_iid
6912,train,random_iid
6914,train,random_iid
6915,train,random_iid
6916,train,random_iid
6917,train,random_iid
6919,train,random_iid
6920,train,random_iid
6921,train,random_iid
6922,train,random_iid
6923,train,random_iid
6924,train,random_iid
6927,train,random_iid
6928,train,random_iid
6929,train,random_iid
6930,train,random_iid
6931,train,random_iid
6932,train,random_iid
6933,train,random_iid
6935,train,random_iid
6936,train,random_iid
6937,train,random_iid
6938,train,random_iid
6939,train,random_iid
6940,train,random_iid
6941,train,random_iid
6942,train,random_iid
6943,train,random_iid
6944,train,random_iid
6945,train,random_iid
6946,train,random_iid
6947,train,random_iid
6948,train,random_iid
6949,train,random_iid
6950,train,random_iid
6951,train,random_iid
6952,train,random_iid
6954,train,random_iid
6957,train,random_iid
6959,train,random_iid
6960,train,random_iid
6961,train,random_iid
6962,train,random_iid
6963,train,random_iid
6964,train,random_iid
6965,train,random_iid
6966,train,random_iid
6967,train,random_iid
6970,train,random_iid
6971,train,random_iid
6973,train,random_iid
6974,train,random_iid
6976,train,random_iid
6977,train,random_iid
6979,train,random_iid
6980,train,random_iid
6981,train,random_iid
6982,train,random_iid
6983,train,random_iid
6984,train,random_iid
6985,train,random_iid
6986,train,random_iid
6987,train,random_iid
6988,train,random_iid
6989,train,random_iid
6990,train,random_iid
6991,train,random_iid
6992,train,random_iid
6993,train,random_iid
6994,train,random_iid
6995,train,random_iid
6996,train,random_iid
6997,train,random_iid
6998,train,random_iid
6999,train,random_iid
7000,train,random_iid
7001,train,random_iid
7002,train,random_iid
7003,train,random_iid
7004,train,random_iid
7005,train,random_iid
7006,train,random_iid
7007,train,random_iid
7008,train,random_iid
7009,train,random_iid
7010,train,random_iid
7011,train,random_iid
7012,train,random_iid
7014,train,random_iid
7015,train,random_iid
7016,train,random_iid
7017,train,random_iid
7018,train,random_iid
7019,train,random_iid
7022,train,random_iid
7023,train,random_iid
7024,train,random_iid
7026,train,random_iid
7027,train,random_iid
7028,train,random_iid
7029,train,random_iid
7030,train,random_iid
7031,train,random_iid
7032,train,random_iid
7033,train,random_iid
7034,train,random_iid
7035,train,random_iid
7036,train,random_iid
7037,train,random_iid
7038,train,random_iid
7039,train,random_iid
7042,train,random_iid
7043,train,random_iid
7044,train,random_iid
7045,train,random_iid
7049,train,random_iid
7050,train,random_iid
7051,train,random_iid
7052,train,random_iid
7054,train,random_iid
7055,train,random_iid
7056,train,random_iid
7057,train,random_iid
7058,train,random_iid
7059,train,random_iid
7060,train,random_iid
7062,train,random_iid
7064,train,random_iid
7065,train,random_iid
7067,train,random_iid
7068,train,random_iid
7069,train,random_iid
7070,train,random_iid
7071,train,random_iid
7072,train,random_iid
7073,train,random_iid
7076,train,random_iid
7077,train,random_iid
7079,train,random_iid
7080,train,random_iid
7081,train,random_iid
7082,train,random_iid
7083,train,random_iid
7084,train,random_iid
7085,train,random_iid
7087,train,random_iid
7088,train,random_iid
7090,train,random_iid
7092,train,random_iid
7093,train,random_iid
7094,train,random_iid
7096,train,random_iid
7097,train,random_iid
7099,train,random_iid
7100,train,random_iid
7101,train,random_iid
7102,train,random_iid
7103,train,random_iid
7104,train,random_iid
7105,train,random_iid
7106,train,random_iid
7107,train,random_iid
7108,train,random_iid
7109,train,random_iid
7110,train,random_iid
7112,train,random_iid
7113,train,random_iid
7114,train,random_iid
7115,train,random_iid
7116,train,random_iid
7117,train,random_iid
7118,train,random_iid
7120,train,random_iid
7121,train,random_iid
7122,train,random_iid
7123,train,random_iid
7124,train,random_iid
7125,train,random_iid
7126,train,random_iid
7128,train,random_iid
7129,train,random_iid
7131,train,random_iid
7133,train,random_iid
7134,train,random_iid
7135,train,random_iid
7136,train,random_iid
7137,train,random_iid
7141,train,random_iid
7143,train,random_iid
7144,train,random_iid
7145,train,random_iid
7146,train,random_iid
7147,train,random_iid
7148,train,random_iid
7149,train,random_iid
7150,train,random_iid
7151,train,random_iid
7152,train,random_iid
7153,train,random_iid
7154,train,random_iid
7155,train,random_iid
7156,train,random_iid
7157,train,random_iid
7160,train,random_iid
7161,train,random_iid
7162,train,random_iid
7163,train,random_iid
7164,train,random_iid
7165,train,random_iid
7166,train,random_iid
7169,train,random_iid
7170,train,random_iid
7171,train,random_iid
7174,train,random_iid
7176,train,random_iid
7178,train,random_iid
7179,train,random_iid
7181,train,random_iid
7182,train,random_iid
7183,train,random_iid
7184,train,random_iid
7186,train,random_iid
7187,train,random_iid
7188,train,random_iid
7189,train,random_iid
7190,train,random_iid
7192,train,random_iid
7193,train,random_iid
7194,train,random_iid
7195,train,random_iid
7196,train,random_iid
7197,train,random_iid
7199,train,random_iid
7200,train,random_iid
7201,train,random_iid
7202,train,random_iid
7203,train,random_iid
7204,train,random_iid
7205,train,random_iid
7206,train,random_iid
7207,train,random_iid
7208,train,random_iid
7209,train,random_iid
7210,train,random_iid
7211,train,random_iid
7213,train,random_iid
7214,train,random_iid
7216,train,random_iid
7217,train,random_iid
7218,train,random_iid
7219,train,random_iid
7222,train,random_iid
7223,train,random_iid
7224,train,random_iid
7225,train,random_iid
7226,train,random_iid
7227,train,random_iid
7230,train,random_iid
7231,train,random_iid
7232,train,random_iid
7233,train,random_iid
7234,train,random_iid
7235,train,random_iid
7236,train,random_iid
7237,train,random_iid
7240,train,random_iid
7242,train,random_iid
7243,train,random_iid
7244,train,random_iid
7246,train,random_iid
7248,train,random_iid
7249,train,random_iid
7251,train,random_iid
7252,train,random_iid
7253,train,random_iid
7254,train,random_iid
7255,train,random_iid
7256,train,random_iid
7258,train,random_iid
7259,train,random_iid
7260,train,random_iid
7261,train,random_iid
7262,train,random_iid
7263,train,random_iid
7264,train,random_iid
7265,train,random_iid
7266,train,random_iid
7268,train,random_iid
7269,train,random_iid
7271,train,random_iid
7274,train,random_iid
7275,train,random_iid
7277,train,random_iid
7278,train,random_iid
7279,train,random_iid
7280,train,random_iid
7281,train,random_iid
7282,train,random_iid
7283,train,random_iid
7284,train,random_iid
7286,train,random_iid
7287,train,random_iid
7288,train,random_iid
7290,train,random_iid
7291,train,random_iid
7292,train,random_iid
7293,train,random_iid
7294,train,random_iid
7295,train,random_iid
7296,train,random_iid
7297,train,random_iid
7301,train,random_iid
7303,train,random_iid
7304,train,random_iid
7305,train,random_iid
7307,train,random_iid
7308,train,random_iid
7309,train,random_iid
7310,train,random_iid
7311,train,random_iid
7312,train,random_iid
7313,train,random_iid
7314,train,random_iid
7317,train,random_iid
7318,train,random_iid
7320,train,random_iid
7321,train,random_iid
7322,train,random_iid
7324,train,random_iid
7325,train,random_iid
7326,train,random_iid
7327,train,random_iid
7328,train,random_iid
7329,train,random_iid
7330,train,random_iid
7331,train,random_iid
7332,train,random_iid
7334,train,random_iid
7336,train,random_iid
7338,train,random_iid
7339,train,random_iid
7340,train,random_iid
7342,train,random_iid
7343,train,random_iid
7345,train,random_iid
7347,train,random_iid
7350,train,random_iid
7351,train,random_iid
7352,train,random_iid
7354,train,random_iid
7355,train,random_iid
7356,train,random_iid
7357,train,random_iid
7358,train,random_iid
7359,train,random_iid
7360,train,random_iid
7361,train,random_iid
7363,train,random_iid
7364,train,random_iid
7365,train,random_iid
7366,train,random_iid
7367,train,random_iid
7368,train,random_iid
7370,train,random_iid
7371,train,random_iid
7372,train,random_iid
7373,train,random_iid
7374,train,random_iid
7376,train,random_iid
7377,train,random_iid
7379,train,random_iid
7381,train,random_iid
7382,train,random_iid
7384,train,random_iid
7385,train,random_iid
7386,train,random_iid
7387,train,random_iid
7389,train,random_iid
7390,train,random_iid
7391,train,random_iid
7392,train,random_iid
7393,train,random_iid
7394,train,random_iid
7395,train,random_iid
7396,train,random_iid
7397,train,random_iid
7398,train,random_iid
7399,train,random_iid
7400,train,random_iid
7401,train,random_iid
7402,train,random_iid
7403,train,random_iid
7404,train,random_iid
7406,train,random_iid
7407,train,random_iid
7408,train,random_iid
7409,train,random_iid
7410,train,random_iid
7411,train,random_iid
7412,train,random_iid
7413,train,random_iid
7415,train,random_iid
7416,train,random_iid
7419,train,random_iid
7421,train,random_iid
7422,train,random_iid
7423,train,random_iid
7424,train,random_iid
7425,train,random_iid
7426,train,random_iid
7427,train,random_iid
7430,train,random_iid
7431,train,random_iid
7433,train,random_iid
7434,train,random_iid
7435,train,random_iid
7436,train,random_iid
7438,train,random_iid
7439,train,random_iid
7440,train,random_iid
7442,train,random_iid
7446,train,random_iid
7447,train,random_iid
7448,train,random_iid
7449,train,random_iid
7450,train,random_iid
7452,train,random_iid
7453,train,random_iid
7454,train,random_iid
7456,train,random_iid
7457,train,random_iid
7458,train,random_iid
7459,train,random_iid
7460,train,random_iid
7461,train,random_iid
7462,train,random_iid
7463,train,random_iid
7465,train,random_iid
7466,train,random_iid
7468,train,random_iid
7469,train,random_iid
7470,train,random_iid
7472,train,random_iid
7473,train,random_iid
7474,train,random_iid
7475,train,random_iid
7476,train,random_iid
7478,train,random_iid
7479,train,random_iid
7480,train,random_iid
7481,train,random_iid
7482,train,random_iid
7483,train,random_iid
7484,train,random_iid
7485,train,random_iid
7486,train,random_iid
7487,train,random_iid
7488,train,random_iid
7489,train,random_iid
7490,train,random_iid
7491,train,random_iid
7492,train,random_iid
7494,train,random_iid
7495,train,random_iid
7496,train,random_iid
7497,train,random_iid
7498,train,random_iid
7500,train,random_iid
7501,train,random_iid
7502,train,random_iid
7503,train,random_iid
7504,train,random_iid
7505,train,random_iid
7507,train,random_iid
7508,train,random_iid
7509,train,random_iid
7510,train,random_iid
7511,train,random_iid
7512,train,random_iid
7513,train,random_iid
7515,train,random_iid
7516,train,random_iid
7517,train,random_iid
7518,train,random_iid
7519,train,random_iid
7520,train,random_iid
7521,train,random_iid
7522,train,random_iid
7523,train,random_iid
7524,train,random_iid
7525,train,random_iid
7526,train,random_iid
7527,train,random_iid
7528,train,random_iid
7529,train,random_iid
7530,train,random_iid
7531,train,random_iid
7532,train,random_iid
7533,train,random_iid
7534,train,random_iid
7535,train,random_iid
7536,train,random_iid
7537,train,random_iid
7538,train,random_iid
7539,train,random_iid
7542,train,random_iid
7543,train,random_iid
7544,train,random_iid
7545,train,random_iid
7546,train,random_iid
7547,train,random_iid
7548,train,random_iid
7549,train,random_iid
7551,train,random_iid
7552,train,random_iid
7553,train,random_iid
7556,train,random_iid
7557,train,random_iid
7558,train,random_iid
7559,train,random_iid
7560,train,random_iid
7561,train,random_iid
7563,train,random_iid
7564,train,random_iid
7565,train,random_iid
7566,train,random_iid
7568,train,random_iid
7569,train,random_iid
7571,train,random_iid
7572,train,random_iid
7573,train,random_iid
7574,train,random_iid
7575,train,random_iid
7577,train,random_iid
7578,train,random_iid
7579,train,random_iid
7580,train,random_iid
7581,train,random_iid
7582,train,random_iid
7583,train,random_iid
7585,train,random_iid
7586,train,random_iid
7587,train,random_iid
7588,train,random_iid
7591,train,random_iid
7593,train,random_iid
7594,train,random_iid
7595,train,random_iid
7597,train,random_iid
7598,train,random_iid
7600,train,random_iid
7601,train,random_iid
7602,train,random_iid
7603,train,random_iid
7604,train,random_iid
7605,train,random_iid
7606,train,random_iid
7607,train,random_iid
7608,train,random_iid
7610,train,random_iid
7611,train,random_iid
7612,train,random_iid
7613,train,random_iid
7615,train,random_iid
7617,train,random_iid
7618,train,random_iid
7619,train,random_iid
7620,train,random_iid
7621,train,random_iid
7622,train,random_iid
7624,train,random_iid
7625,train,random_iid
7627,train,random_iid
7628,train,random_iid
7629,train,random_iid
7630,train,random_iid
7631,train,random_iid
7632,train,random_iid
7634,train,random_iid
7635,train,random_iid
7636,train,random_iid
7637,train,random_iid
7638,train,random_iid
7640,train,random_iid
7641,train,random_iid
7642,train,random_iid
7643,train,random_iid
7644,train,random_iid
7645,train,random_iid
7646,train,random_iid
7647,train,random_iid
7648,train,random_iid
7650,train,random_iid
7651,train,random_iid
7652,train,random_iid
7653,train,random_iid
7654,train,random_iid
7655,train,random_iid
7657,train,random_iid
7658,train,random_iid
7659,train,random_iid
7660,train,random_iid
7661,train,random_iid
7662,train,random_iid
7663,train,random_iid
7664,train,random_iid
7665,train,random_iid
7666,train,random_iid
7667,train,random_iid
7669,train,random_iid
7671,train,random_iid
7673,train,random_iid
7674,train,random_iid
7675,train,random_iid
7676,train,random_iid
7677,train,random_iid
7678,train,random_iid
7679,train,random_iid
7680,train,random_iid
7681,train,random_iid
7683,train,random_iid
7684,train,random_iid
7685,train,random_iid
7686,train,random_iid
7687,train,random_iid
7688,train,random_iid
7689,train,random_iid
7690,train,random_iid
7691,train,random_iid
7693,train,random_iid
7694,train,random_iid
7695,train,random_iid
7696,train,random_iid
7697,train,random_iid
7698,train,random_iid
7699,train,random_iid
7700,train,random_iid
7701,train,random_iid
7702,train,random_iid
7703,train,random_iid
7704,train,random_iid
7705,train,random_iid
7706,train,random_iid
7707,train,random_iid
7708,train,random_iid
7709,train,random_iid
7710,train,random_iid
7711,train,random_iid
7712,train,random_iid
7713,train,random_iid
7715,train,random_iid
7716,train,random_iid
7717,train,random_iid
7718,train,random_iid
7719,train,random_iid
7720,train,random_iid
7721,train,random_iid
7722,train,random_iid
7723,train,random_iid
7724,train,random_iid
7725,train,random_iid
7727,train,random_iid
7728,train,random_iid
7730,train,random_iid
7732,train,random_iid
7733,train,random_iid
7734,train,random_iid
7736,train,random_iid
7737,train,random_iid
7738,train,random_iid
7739,train,random_iid
7740,train,random_iid
7741,train,random_iid
7742,train,random_iid
7743,train,random_iid
7744,train,random_iid
7745,train,random_iid
7746,train,random_iid
7748,train,random_iid
7749,train,random_iid
7750,train,random_iid
7751,train,random_iid
7754,train,random_iid
7755,train,random_iid
7756,train,random_iid
7757,train,random_iid
7758,train,random_iid
7759,train,random_iid
7760,train,random_iid
7762,train,random_iid
7763,train,random_iid
7764,train,random_iid
7766,train,random_iid
7768,train,random_iid
7769,train,random_iid
7770,train,random_iid
7771,train,random_iid
7772,train,random_iid
7773,train,random_iid
7774,train,random_iid
7775,train,random_iid
7776,train,random_iid
7777,train,random_iid
7778,train,random_iid
7780,train,random_iid
7783,train,random_iid
7784,train,random_iid
7785,train,random_iid
7786,train,random_iid
7787,train,random_iid
7788,train,random_iid
7789,train,random_iid
7790,train,random_iid
7792,train,random_iid
7793,train,random_iid
7795,train,random_iid
7796,train,random_iid
7797,train,random_iid
7798,train,random_iid
7799,train,random_iid
7800,train,random_iid
7801,train,random_iid
7804,train,random_iid
7805,train,random_iid
7806,train,random_iid
7807,train,random_iid
7808,train,random_iid
7810,train,random_iid
7811,train,random_iid
7812,train,random_iid
7813,train,random_iid
7815,train,random_iid
7816,train,random_iid
7817,train,random_iid
7818,train,random_iid
7819,train,random_iid
7821,train,random_iid
7823,train,random_iid
7824,train,random_iid
7825,train,random_iid
7826,train,random_iid
7828,train,random_iid
7829,train,random_iid
7830,train,random_iid
7832,train,random_iid
7833,train,random_iid
7834,train,random_iid
7835,train,random_iid
7837,train,random_iid
7838,train,random_iid
7841,train,random_iid
7842,train,random_iid
7843,train,random_iid
7844,train,random_iid
7845,train,random_iid
7847,train,random_iid
7848,train,random_iid
7849,train,random_iid
7850,train,random_iid
7851,train,random_iid
7852,train,random_iid
7855,train,random_iid
7856,train,random_iid
7857,train,random_iid
7858,train,random_iid
7859,train,random_iid
7860,train,random_iid
7861,train,random_iid
7862,train,random_iid
7863,train,random_iid
7865,train,random_iid
7866,train,random_iid
7867,train,random_iid
7868,train,random_iid
7869,train,random_iid
7871,train,random_iid
7872,train,random_iid
7873,train,random_iid
7874,train,random_iid
7875,train,random_iid
7876,train,random_iid
7877,train,random_iid
7878,train,random_iid
7879,train,random_iid
7880,train,random_iid
7881,train,random_iid
7883,train,random_iid
7887,train,random_iid
7888,train,random_iid
7890,train,random_iid
7891,train,random_iid
7892,train,random_iid
7893,train,random_iid
7895,train,random_iid
7896,train,random_iid
7899,train,random_iid
7900,train,random_iid
7901,train,random_iid
7902,train,random_iid
7903,train,random_iid
7904,train,random_iid
7905,train,random_iid
7906,train,random_iid
7907,train,random_iid
7908,train,random_iid
7909,train,random_iid
7910,train,random_iid
7911,train,random_iid
7913,train,random_iid
7914,train,random_iid
7915,train,random_iid
7916,train,random_iid
7917,train,random_iid
7918,train,random_iid
7919,train,random_iid
7920,train,random_iid
7921,train,random_iid
7923,train,random_iid
7924,train,random_iid
7925,train,random_iid
7926,train,random_iid
7927,train,random_iid
7928,train,random_iid
7929,train,random_iid
7931,train,random_iid
7932,train,random_iid
7933,train,random_iid
7935,train,random_iid
7937,train,random_iid
7938,train,random_iid
7939,train,random_iid
7940,train,random_iid
7941,train,random_iid
7942,train,random_iid
7943,train,random_iid
7947,train,random_iid
7949,train,random_iid
7950,train,random_iid
7951,train,random_iid
7952,train,random_iid
7953,train,random_iid
7955,train,random_iid
7956,train,random_iid
7957,train,random_iid
7958,train,random_iid
7959,train,random_iid
7960,train,random_iid
7961,train,random_iid
7962,train,random_iid
7963,train,random_iid
7965,train,random_iid
7966,train,random_iid
7967,train,random_iid
7968,train,random_iid
7969,train,random_iid
7970,train,random_iid
7971,train,random_iid
7972,train,random_iid
7973,train,random_iid
7974,train,random_iid
7975,train,random_iid
7977,train,random_iid
7978,train,random_iid
7979,train,random_iid
7981,train,random_iid
7983,train,random_iid
7984,train,random_iid
7985,train,random_iid
7986,train,random_iid
7987,train,random_iid
7988,train,random_iid
7989,train,random_iid
7990,train,random_iid
7991,train,random_iid
7992,train,random_iid
7993,train,random_iid
7994,train,random_iid
7995,train,random_iid
7996,train,random_iid
7997,train,random_iid
8000,train,random_iid
8001,train,random_iid
8002,train,random_iid
8003,train,random_iid
8004,train,random_iid
8005,train,random_iid
8006,train,random_iid
8008,train,random_iid
8009,train,random_iid
8010,train,random_iid
8011,train,random_iid
8012,train,random_iid
8014,train,random_iid
8015,train,random_iid
8016,train,random_iid
8017,train,random_iid
8019,train,random_iid
8021,train,random_iid
8022,train,random_iid
8023,train,random_iid
8024,train,random_iid
8025,train,random_iid
8026,train,random_iid
8027,train,random_iid
8030,train,random_iid
8032,train,random_iid
8033,train,random_iid
8034,train,random_iid
8035,train,random_iid
8036,train,random_iid
8038,train,random_iid
8039,train,random_iid
8041,train,random_iid
8042,train,random_iid
8043,train,random_iid
8044,train,random_iid
8046,train,random_iid
8047,train,random_iid
8048,train,random_iid
8049,train,random_iid
8050,train,random_iid
8052,train,random_iid
8053,train,random_iid
8054,train,random_iid
8055,train,random_iid
8058,train,random_iid
8059,train,random_iid
8060,train,random_iid
8061,train,random_iid
8062,train,random_iid
8063,train,random_iid
8064,train,random_iid
8065,train,random_iid
8066,train,random_iid
8067,train,random_iid
8069,train,random_iid
8070,train,random_iid
8071,train,random_iid
8072,train,random_iid
8073,train,random_iid
8074,train,random_iid
8075,train,random_iid
8077,train,random_iid
8078,train,random_iid
8079,train,random_iid
8080,train,random_iid
8081,train,random_iid
8083,train,random_iid
8084,train,random_iid
8085,train,random_iid
8086,train,random_iid
8088,train,random_iid
8089,train,random_iid
8090,train,random_iid
8091,train,random_iid
8092,train,random_iid
8093,train,random_iid
8095,train,random_iid
8096,train,random_iid
8097,train,random_iid
8098,train,random_iid
8099,train,random_iid
8100,train,random_iid
8102,train,random_iid
8105,train,random_iid
8106,train,random_iid
8107,train,random_iid
8110,train,random_iid
8111,train,random_iid
8112,train,random_iid
8113,train,random_iid
8114,train,random_iid
8116,train,random_iid
8117,train,random_iid
8118,train,random_iid
8119,train,random_iid
8121,train,random_iid
8122,train,random_iid
8123,train,random_iid
8125,train,random_iid
8127,train,random_iid
8128,train,random_iid
8129,train,random_iid
8130,train,random_iid
8131,train,random_iid
8132,train,random_iid
8133,train,random_iid
8134,train,random_iid
8135,train,random_iid
8136,train,random_iid
8138,train,random_iid
8139,train,random_iid
8141,train,random_iid
8142,train,random_iid
8143,train,random_iid
8144,train,random_iid
8145,train,random_iid
8146,train,random_iid
8147,train,random_iid
8148,train,random_iid
8149,train,random_iid
8150,train,random_iid
8151,train,random_iid
8152,train,random_iid
8153,train,random_iid
8154,train,random_iid
8155,train,random_iid
8156,train,random_iid
8157,train,random_iid
8158,train,random_iid
8159,train,random_iid
8161,train,random_iid
8162,train,random_iid
8163,train,random_iid
8164,train,random_iid
8166,train,random_iid
8168,train,random_iid
8169,train,random_iid
8170,train,random_iid
8171,train,random_iid
8172,train,random_iid
8173,train,random_iid
8174,train,random_iid
8175,train,random_iid
8176,train,random_iid
8177,train,random_iid
8178,train,random_iid
8179,train,random_iid
8180,train,random_iid
8181,train,random_iid
8182,train,random_iid
8183,train,random_iid
8184,train,random_iid
8186,train,random_iid
8187,train,random_iid
8189,train,random_iid
8190,train,random_iid
8191,train,random_iid
8193,train,random_iid
8194,train,random_iid
8195,train,random_iid
8196,train,random_iid
8198,train,random_iid
8199,train,random_iid
8200,train,random_iid
8201,train,random_iid
8202,train,random_iid
8203,train,random_iid
8205,train,random_iid
8207,train,random_iid
8208,train,random_iid
8209,train,random_iid
8210,train,random_iid
8211,train,random_iid
8213,train,random_iid
8214,train,random_iid
8215,train,random_iid
8216,train,random_iid
8217,train,random_iid
8219,train,random_iid
8220,train,random_iid
8222,train,random_iid
8223,train,random_iid
8228,train,random_iid
8232,train,random_iid
8234,train,random_iid
8235,train,random_iid
8237,train,random_iid
8238,train,random_iid
8240,train,random_iid
8241,train,random_iid
8242,train,random_iid
8243,train,random_iid
8245,train,random_iid
8246,train,random_iid
8247,train,random_iid
8248,train,random_iid
8249,train,random_iid
8251,train,random_iid
8252,train,random_iid
8255,train,random_iid
8256,train,random_iid
8257,train,random_iid
8258,train,random_iid
8259,train,random_iid
8260,train,random_iid
8261,train,random_iid
8262,train,random_iid
8263,train,random_iid
8264,train,random_iid
8265,train,random_iid
8266,train,random_iid
8269,train,random_iid
8270,train,random_iid
8271,train,random_iid
8272,train,random_iid
8274,train,random_iid
8275,train,random_iid
8276,train,random_iid
8277,train,random_iid
8278,train,random_iid
8279,train,random_iid
8280,train,random_iid
8281,train,random_iid
8282,train,random_iid
8283,train,random_iid
8284,train,random_iid
8286,train,random_iid
8288,train,random_iid
8289,train,random_iid
8290,train,random_iid
8293,train,random_iid
8294,train,random_iid
8296,train,random_iid
8297,train,random_iid
8298,train,random_iid
8299,train,random_iid
8300,train,random_iid
8301,train,random_iid
8302,train,random_iid
8303,train,random_iid
8304,train,random_iid
8305,train,random_iid
8307,train,random_iid
8308,train,random_iid
8310,train,random_iid
8312,train,random_iid
8313,train,random_iid
8314,train,random_iid
8315,train,random_iid
8316,train,random_iid
8318,train,random_iid
8319,train,random_iid
8320,train,random_iid
8321,train,random_iid
8322,train,random_iid
8323,train,random_iid
8324,train,random_iid
8327,train,random_iid
8328,train,random_iid
8329,train,random_iid
8330,train,random_iid
8332,train,random_iid
8333,train,random_iid
8334,train,random_iid
8336,train,random_iid
8337,train,random_iid
8338,train,random_iid
8339,train,random_iid
8341,train,random_iid
8342,train,random_iid
8343,train,random_iid
8345,train,random_iid
8346,train,random_iid
8347,train,random_iid
8348,train,random_iid
8349,train,random_iid
8350,train,random_iid
8352,train,random_iid
8353,train,random_iid
8356,train,random_iid
8357,train,random_iid
8358,train,random_iid
8359,train,random_iid
8361,train,random_iid
8363,train,random_iid
8365,train,random_iid
8366,train,random_iid
8367,train,random_iid
8368,train,random_iid
8370,train,random_iid
8371,train,random_iid
8372,train,random_iid
8376,train,random_iid
8378,train,random_iid
8379,train,random_iid
8380,train,random_iid
8381,train,random_iid
8382,train,random_iid
8384,train,random_iid
8385,train,random_iid
8386,train,random_iid
8387,train,random_iid
8388,train,random_iid
8389,train,random_iid
8390,train,random_iid
8391,train,random_iid
8392,train,random_iid
8394,train,random_iid
8397,train,random_iid
8398,train,random_iid
8399,train,random_iid
8400,train,random_iid
8401,train,random_iid
8403,train,random_iid
8405,train,random_iid
8406,train,random_iid
8407,train,random_iid
8408,train,random_iid
8409,train,random_iid
8410,train,random_iid
8411,train,random_iid
8412,train,random_iid
8413,train,random_iid
8414,train,random_iid
8418,train,random_iid
8419,train,random_iid
8420,train,random_iid
8421,train,random_iid
8423,train,random_iid
8424,train,random_iid
8425,train,random_iid
8426,train,random_iid
8427,train,random_iid
8428,train,random_iid
8429,train,random_iid
8430,train,random_iid
8431,train,random_iid
8432,train,random_iid
8433,train,random_iid
8434,train,random_iid
8435,train,random_iid
8439,train,random_iid
8442,train,random_iid
8444,train,random_iid
8446,train,random_iid
8447,train,random_iid
8448,train,random_iid
8449,train,random_iid
8450,train,random_iid
8451,train,random_iid
8452,train,random_iid
8454,train,random_iid
8456,train,random_iid
8458,train,random_iid
8459,train,random_iid
8460,train,random_iid
8461,train,random_iid
8462,train,random_iid
8463,train,random_iid
8464,train,random_iid
8467,train,random_iid
8468,train,random_iid
8469,train,random_iid
8470,train,random_iid
8471,train,random_iid
8473,train,random_iid
8475,train,random_iid
8477,train,random_iid
8479,train,random_iid
8480,train,random_iid
8483,train,random_iid
8486,train,random_iid
8487,train,random_iid
8488,train,random_iid
8489,train,random_iid
8490,train,random_iid
8492,train,random_iid
8496,train,random_iid
8497,train,random_iid
8498,train,random_iid
8499,train,random_iid
8500,train,random_iid
8501,train,random_iid
8502,train,random_iid
8503,train,random_iid
8504,train,random_iid
8505,train,random_iid
8506,train,random_iid
8508,train,random_iid
8509,train,random_iid
8511,train,random_iid
8512,train,random_iid
8513,train,random_iid
8514,train,random_iid
8515,train,random_iid
8516,train,random_iid
8517,train,random_iid
8518,train,random_iid
8520,train,random_iid
8521,train,random_iid
8522,train,random_iid
8524,train,random_iid
8525,train,random_iid
8528,train,random_iid
8531,train,random_iid
8532,train,random_iid
8533,train,random_iid
8534,train,random_iid
8537,train,random_iid
8538,train,random_iid
8539,train,random_iid
8540,train,random_iid
8542,train,random_iid
8543,train,random_iid
8544,train,random_iid
8547,train,random_iid
8548,train,random_iid
8549,train,random_iid
8550,train,random_iid
8551,train,random_iid
8552,train,random_iid
8553,train,random_iid
8554,train,random_iid
8555,train,random_iid
8557,train,random_iid
8558,train,random_iid
8559,train,random_iid
8560,train,random_iid
8563,train,random_iid
8564,train,random_iid
8565,train,random_iid
8567,train,random_iid
8568,train,random_iid
8570,train,random_iid
8572,train,random_iid
8573,train,random_iid
8574,train,random_iid
8575,train,random_iid
8576,train,random_iid
8577,train,random_iid
8578,train,random_iid
8579,train,random_iid
8581,train,random_iid
8582,train,random_iid
8584,train,random_iid
8585,train,random_iid
8586,train,random_iid
8587,train,random_iid
8588,train,random_iid
8589,train,random_iid
8591,train,random_iid
8592,train,random_iid
8593,train,random_iid
8594,train,random_iid
8595,train,random_iid
8596,train,random_iid
8597,train,random_iid
8600,train,random_iid
8601,train,random_iid
8602,train,random_iid
8604,train,random_iid
8605,train,random_iid
8606,train,random_iid
8607,train,random_iid
8609,train,random_iid
8610,train,random_iid
8611,train,random_iid
8612,train,random_iid
8613,train,random_iid
8614,train,random_iid
8615,train,random_iid
8616,train,random_iid
8617,train,random_iid
8619,train,random_iid
8621,train,random_iid
8622,train,random_iid
8623,train,random_iid
8624,train,random_iid
8625,train,random_iid
8627,train,random_iid
8628,train,random_iid
8629,train,random_iid
8630,train,random_iid
8631,train,random_iid
8632,train,random_iid
8633,train,random_iid
8634,train,random_iid
8635,train,random_iid
8638,train,random_iid
8639,train,random_iid
8640,train,random_iid
8641,train,random_iid
8642,train,random_iid
8643,train,random_iid
8645,train,random_iid
8646,train,random_iid
8647,train,random_iid
8648,train,random_iid
8651,train,random_iid
8652,train,random_iid
8653,train,random_iid
8654,train,random_iid
8655,train,random_iid
8656,train,random_iid
8657,train,random_iid
8659,train,random_iid
8661,train,random_iid
8662,train,random_iid
8663,train,random_iid
8664,train,random_iid
8665,train,random_iid
8666,train,random_iid
8667,train,random_iid
8669,train,random_iid
8670,train,random_iid
8671,train,random_iid
8672,train,random_iid
8673,train,random_iid
8674,train,random_iid
8675,train,random_iid
8676,train,random_iid
8677,train,random_iid
8679,train,random_iid
8680,train,random_iid
8681,train,random_iid
8682,train,random_iid
8683,train,random_iid
8684,train,random_iid
8685,train,random_iid
8686,train,random_iid
8688,train,random_iid
8689,train,random_iid
8690,train,random_iid
8691,train,random_iid
8693,train,random_iid
8694,train,random_iid
8697,train,random_iid
8698,train,random_iid
8699,train,random_iid
8700,train,random_iid
8701,train,random_iid
8702,train,random_iid
8703,train,random_iid
8705,train,random_iid
8707,train,random_iid
8708,train,random_iid
8709,train,random_iid
8711,train,random_iid
8712,train,random_iid
8713,train,random_iid
8714,train,random_iid
8715,train,random_iid
8716,train,random_iid
8718,train,random_iid
8719,train,random_iid
8721,train,random_iid
8722,train,random_iid
8724,train,random_iid
8726,train,random_iid
8727,train,random_iid
8728,train,random_iid
8730,train,random_iid
8731,train,random_iid
8732,train,random_iid
8733,train,random_iid
8737,train,random_iid
8738,train,random_iid
8739,train,random_iid
8740,train,random_iid
8741,train,random_iid
8742,train,random_iid
8743,train,random_iid
8744,train,random_iid
8747,train,random_iid
8749,train,random_iid
8751,train,random_iid
8754,train,random_iid
8755,train,random_iid
8756,train,random_iid
8757,train,random_iid
8758,train,random_iid
8760,train,random_iid
8761,train,random_iid
8762,train,random_iid
8763,train,random_iid
8764,train,random_iid
8765,train,random_iid
8766,train,random_iid
8767,train,random_iid
8768,train,random_iid
8769,train,random_iid
8771,train,random_iid
8772,train,random_iid
8773,train,random_iid
8774,train,random_iid
8775,train,random_iid
8776,train,random_iid
8777,train,random_iid
8778,train,random_iid
8779,train,random_iid
8780,train,random_iid
8781,train,random_iid
8782,train,random_iid
8783,train,random_iid
8784,train,random_iid
8785,train,random_iid
8786,train,random_iid
8787,train,random_iid
8788,train,random_iid
8789,train,random_iid
8790,train,random_iid
8791,train,random_iid
8792,train,random_iid
8794,train,random_iid
8795,train,random_iid
8796,train,random_iid
8797,train,random_iid
8798,train,random_iid
8799,train,random_iid
8800,train,random_iid
8801,train,random_iid
8802,train,random_iid
8803,train,random_iid
8804,train,random_iid
8806,train,random_iid
8807,train,random_iid
8808,train,random_iid
8809,train,random_iid
8810,train,random_iid
8811,train,random_iid
8812,train,random_iid
8813,train,random_iid
8814,train,random_iid
8816,train,random_iid
8817,train,random_iid
8820,train,random_iid
8822,train,random_iid
8823,train,random_iid
8824,train,random_iid
8826,train,random_iid
8827,train,random_iid
8828,train,random_iid
8829,train,random_iid
8830,train,random_iid
8831,train,random_iid
8834,train,random_iid
8835,train,random_iid
8836,train,random_iid
8837,train,random_iid
8838,train,random_iid
8839,train,random_iid
8840,train,random_iid
8841,train,random_iid
8843,train,random_iid
8844,train,random_iid
8846,train,random_iid
8847,train,random_iid
8848,train,random_iid
8849,train,random_iid
8850,train,random_iid
8851,train,random_iid
8853,train,random_iid
8856,train,random_iid
8857,train,random_iid
8858,train,random_iid
8859,train,random_iid
8860,train,random_iid
8862,train,random_iid
8863,train,random_iid
8864,train,random_iid
8865,train,random_iid
8866,train,random_iid
8867,train,random_iid
8868,train,random_iid
8869,train,random_iid
8870,train,random_iid
8872,train,random_iid
8873,train,random_iid
8874,train,random_iid
8875,train,random_iid
8876,train,random_iid
8878,train,random_iid
8879,train,random_iid
8880,train,random_iid
8881,train,random_iid
8882,train,random_iid
8883,train,random_iid
8884,train,random_iid
8885,train,random_iid
8886,train,random_iid
8887,train,random_iid
8888,train,random_iid
8889,train,random_iid
8890,train,random_iid
8891,train,random_iid
8893,train,random_iid
8895,train,random_iid
8897,train,random_iid
8898,train,random_iid
8899,train,random_iid
8900,train,random_iid
8901,train,random_iid
8902,train,random_iid
8903,train,random_iid
8905,train,random_iid
8906,train,random_iid
8907,train,random_iid
8908,train,random_iid
8909,train,random_iid
8910,train,random_iid
8911,train,random_iid
8912,train,random_iid
8913,train,random_iid
8914,train,random_iid
8915,train,random_iid
8916,train,random_iid
8918,train,random_iid
8919,train,random_iid
8920,train,random_iid
8921,train,random_iid
8923,train,random_iid
8924,train,random_iid
8925,train,random_iid
8926,train,random_iid
8927,train,random_iid
8929,train,random_iid
8931,train,random_iid
8932,train,random_iid
8933,train,random_iid
8935,train,random_iid
8936,train,random_iid
8937,train,random_iid
8939,train,random_iid
8940,train,random_iid
8942,train,random_iid
8943,train,random_iid
8945,train,random_iid
8946,train,random_iid
8947,train,random_iid
8949,train,random_iid
8950,train,random_iid
8953,train,random_iid
8954,train,random_iid
8955,train,random_iid
8956,train,random_iid
8959,train,random_iid
8960,train,random_iid
8962,train,random_iid
8963,train,random_iid
8964,train,random_iid
8965,train,random_iid
8966,train,random_iid
8967,train,random_iid
8969,train,random_iid
8970,train,random_iid
8972,train,random_iid
8973,train,random_iid
8974,train,random_iid
8975,train,random_iid
8977,train,random_iid
8978,train,random_iid
8979,train,random_iid
8981,train,random_iid
8982,train,random_iid
8984,train,random_iid
8985,train,random_iid
8986,train,random_iid
8987,train,random_iid
8988,train,random_iid
8989,train,random_iid
8990,train,random_iid
8991,train,random_iid
8992,train,random_iid
8994,train,random_iid
8995,train,random_iid
8996,train,random_iid
8997,train,random_iid
9001,train,random_iid
9002,train,random_iid
9003,train,random_iid
9004,train,random_iid
9005,train,random_iid
9008,train,random_iid
9009,train,random_iid
9010,train,random_iid
9011,train,random_iid
9012,train,random_iid
9013,train,random_iid
9014,train,random_iid
9015,train,random_iid
9016,train,random_iid
9017,train,random_iid
9020,train,random_iid
9021,train,random_iid
9022,train,random_iid
9023,train,random_iid
9024,train,random_iid
9025,train,random_iid
9026,train,random_iid
9028,train,random_iid
9029,train,random_iid
9030,train,random_iid
9031,train,random_iid
9032,train,random_iid
9033,train,random_iid
9034,train,random_iid
9035,train,random_iid
9036,train,random_iid
9037,train,random_iid
9038,train,random_iid
9039,train,random_iid
9040,train,random_iid
9041,train,random_iid
9043,train,random_iid
9044,train,random_iid
9047,train,random_iid
9048,train,random_iid
9049,train,random_iid
9050,train,random_iid
9051,train,random_iid
9052,train,random_iid
9053,train,random_iid
9057,train,random_iid
9060,train,random_iid
9061,train,random_iid
9062,train,random_iid
9063,train,random_iid
9066,train,random_iid
9068,train,random_iid
9069,train,random_iid
9070,train,random_iid
9072,train,random_iid
9073,train,random_iid
9074,train,random_iid
9075,train,random_iid
9076,train,random_iid
9078,train,random_iid
9079,train,random_iid
9080,train,random_iid
9081,train,random_iid
9082,train,random_iid
9083,train,random_iid
9084,train,random_iid
9085,train,random_iid
9087,train,random_iid
9088,train,random_iid
9089,train,random_iid
9090,train,random_iid
9091,train,random_iid
9092,train,random_iid
9093,train,random_iid
9094,train,random_iid
9095,train,random_iid
9096,train,random_iid
9097,train,random_iid
9099,train,random_iid
9100,train,random_iid
9101,train,random_iid
9102,train,random_iid
9103,train,random_iid
9104,train,random_iid
9105,train,random_iid
9106,train,random_iid
9107,train,random_iid
9108,train,random_iid
9110,train,random_iid
9111,train,random_iid
9112,train,random_iid
9113,train,random_iid
9114,train,random_iid
9115,train,random_iid
9116,train,random_iid
9117,train,random_iid
9120,train,random_iid
9121,train,random_iid
9122,train,random_iid
9123,train,random_iid
9124,train,random_iid
9125,train,random_iid
9128,train,random_iid
9130,train,random_iid
9131,train,random_iid
9132,train,random_iid
9133,train,random_iid
9134,train,random_iid
9135,train,random_iid
9136,train,random_iid
9137,train,random_iid
9139,train,random_iid
9141,train,random_iid
9142,train,random_iid
9143,train,random_iid
9144,train,random_iid
9145,train,random_iid
9146,train,random_iid
9147,train,random_iid
9148,train,random_iid
9151,train,random_iid
9154,train,random_iid
9155,train,random_iid
9157,train,random_iid
9158,train,random_iid
9159,train,random_iid
9160,train,random_iid
9161,train,random_iid
9162,train,random_iid
9163,train,random_iid
9164,train,random_iid
9165,train,random_iid
9166,train,random_iid
9167,train,random_iid
9168,train,random_iid
9169,train,random_iid
9170,train,random_iid
9171,train,random_iid
9172,train,random_iid
9173,train,random_iid
9176,train,random_iid
9177,train,random_iid
9178,train,random_iid
9179,train,random_iid
9180,train,random_iid
9181,train,random_iid
9182,train,random_iid
9183,train,random_iid
9185,train,random_iid
9186,train,random_iid
9188,train,random_iid
9189,train,random_iid
9191,train,random_iid
9194,train,random_iid
9195,train,random_iid
9196,train,random_iid
9197,train,random_iid
9198,train,random_iid
9199,train,random_iid
9200,train,random_iid
9202,train,random_iid
9203,train,random_iid
9204,train,random_iid
9205,train,random_iid
9207,train,random_iid
9208,train,random_iid
9209,train,random_iid
9211,train,random_iid
9212,train,random_iid
9213,train,random_iid
9214,train,random_iid
9215,train,random_iid
9217,train,random_iid
9219,train,random_iid
9221,train,random_iid
9222,train,random_iid
9223,train,random_iid
9224,train,random_iid
9225,train,random_iid
9227,train,random_iid
9230,train,random_iid
9231,train,random_iid
9232,train,random_iid
9233,train,random_iid
9235,train,random_iid
9236,train,random_iid
9237,train,random_iid
9238,train,random_iid
9239,train,random_iid
9240,train,random_iid
9241,train,random_iid
9242,train,random_iid
9243,train,random_iid
9244,train,random_iid
9246,train,random_iid
9247,train,random_iid
9248,train,random_iid
9252,train,random_iid
9253,train,random_iid
9254,train,random_iid
9256,train,random_iid
9258,train,random_iid
9259,train,random_iid
9260,train,random_iid
9261,train,random_iid
9263,train,random_iid
9264,train,random_iid
9265,train,random_iid
9266,train,random_iid
9267,train,random_iid
9268,train,random_iid
9269,train,random_iid
9270,train,random_iid
9271,train,random_iid
9272,train,random_iid
9273,train,random_iid
9274,train,random_iid
9275,train,random_iid
9276,train,random_iid
9277,train,random_iid
9278,train,random_iid
9279,train,random_iid
9280,train,random_iid
9281,train,random_iid
9283,train,random_iid
9284,train,random_iid
9285,train,random_iid
9287,train,random_iid
9288,train,random_iid
9289,train,random_iid
9290,train,random_iid
9291,train,random_iid
9292,train,random_iid
9293,train,random_iid
9294,train,random_iid
9295,train,random_iid
9296,train,random_iid
9297,train,random_iid
9299,train,random_iid
9300,train,random_iid
9302,train,random_iid
9304,train,random_iid
9306,train,random_iid
9308,train,random_iid
9309,train,random_iid
9310,train,random_iid
9311,train,random_iid
9314,train,random_iid
9315,train,random_iid
9317,train,random_iid
9318,train,random_iid
9319,train,random_iid
9320,train,random_iid
9321,train,random_iid
9323,train,random_iid
9324,train,random_iid
9325,train,random_iid
9326,train,random_iid
9327,train,random_iid
9329,train,random_iid
9330,train,random_iid
9333,train,random_iid
9335,train,random_iid
9336,train,random_iid
9338,train,random_iid
9339,train,random_iid
9341,train,random_iid
9342,train,random_iid
9344,train,random_iid
9346,train,random_iid
9347,train,random_iid
9348,train,random_iid
9349,train,random_iid
9350,train,random_iid
9351,train,random_iid
9352,train,random_iid
9353,train,random_iid
9354,train,random_iid
9355,train,random_iid
9356,train,random_iid
9357,train,random_iid
9359,train,random_iid
9361,train,random_iid
9362,train,random_iid
9363,train,random_iid
9364,train,random_iid
9365,train,random_iid
9366,train,random_iid
9367,train,random_iid
9368,train,random_iid
9369,train,random_iid
9370,train,random_iid
9371,train,random_iid
9372,train,random_iid
9373,train,random_iid
9375,train,random_iid
9376,train,random_iid
9377,train,random_iid
9378,train,random_iid
9379,train,random_iid
9380,train,random_iid
9381,train,random_iid
9382,train,random_iid
9383,train,random_iid
9384,train,random_iid
9385,train,random_iid
9387,train,random_iid
9389,train,random_iid
9392,train,random_iid
9393,train,random_iid
9395,train,random_iid
9396,train,random_iid
9398,train,random_iid
9399,train,random_iid
9401,train,random_iid
9402,train,random_iid
9405,train,random_iid
9406,train,random_iid
9407,train,random_iid
9408,train,random_iid
9409,train,random_iid
9410,train,random_iid
9411,train,random_iid
9412,train,random_iid
9413,train,random_iid
9414,train,random_iid
9415,train,random_iid
9416,train,random_iid
9417,train,random_iid
9419,train,random_iid
9420,train,random_iid
9421,train,random_iid
9422,train,random_iid
9423,train,random_iid
9424,train,random_iid
9426,train,random_iid
9427,train,random_iid
9428,train,random_iid
9430,train,random_iid
9431,train,random_iid
9432,train,random_iid
9433,train,random_iid
9434,train,random_iid
9435,train,random_iid
9436,train,random_iid
9437,train,random_iid
9439,train,random_iid
9440,train,random_iid
9442,train,random_iid
9443,train,random_iid
9444,train,random_iid
9445,train,random_iid
9446,train,random_iid
9447,train,random_iid
9448,train,random_iid
9449,train,random_iid
9450,train,random_iid
9451,train,random_iid
9452,train,random_iid
9453,train,random_iid
9454,train,random_iid
9455,train,random_iid
9456,train,random_iid
9457,train,random_iid
9458,train,random_iid
9460,train,random_iid
9461,train,random_iid
9462,train,random_iid
9464,train,random_iid
9465,train,random_iid
9466,train,random_iid
9467,train,random_iid
9468,train,random_iid
9469,train,random_iid
9470,train,random_iid
9471,train,random_iid
9472,train,random_iid
9473,train,random_iid
9474,train,random_iid
9476,train,random_iid
9477,train,random_iid
9480,train,random_iid
9481,train,random_iid
9482,train,random_iid
9484,train,random_iid
9485,train,random_iid
9486,train,random_iid
9487,train,random_iid
9488,train,random_iid
9489,train,random_iid
9490,train,random_iid
9491,train,random_iid
9492,train,random_iid
9493,train,random_iid
9495,train,random_iid
9496,train,random_iid
9497,train,random_iid
9498,train,random_iid
9499,train,random_iid
9501,train,random_iid
9505,train,random_iid
9506,train,random_iid
9507,train,random_iid
9508,train,random_iid
9510,train,random_iid
9513,train,random_iid
9514,train,random_iid
9516,train,random_iid
9517,train,random_iid
9518,train,random_iid
9519,train,random_iid
9520,train,random_iid
9521,train,random_iid
9522,train,random_iid
9523,train,random_iid
9524,train,random_iid
9526,train,random_iid
9527,train,random_iid
9528,train,random_iid
9529,train,random_iid
9531,train,random_iid
9532,train,random_iid
9533,train,random_iid
9534,train,random_iid
9535,train,random_iid
9536,train,random_iid
9538,train,random_iid
9539,train,random_iid
9540,train,random_iid
9541,train,random_iid
9542,train,random_iid
9543,train,random_iid
9544,train,random_iid
9546,train,random_iid
9547,train,random_iid
9548,train,random_iid
9549,train,random_iid
9550,train,random_iid
9551,train,random_iid
9552,train,random_iid
9554,train,random_iid
9555,train,random_iid
9556,train,random_iid
9557,train,random_iid
9558,train,random_iid
9559,train,random_iid
9560,train,random_iid
9563,train,random_iid
9564,train,random_iid
9565,train,random_iid
9566,train,random_iid
9567,train,random_iid
9568,train,random_iid
9569,train,random_iid
9570,train,random_iid
9571,train,random_iid
9572,train,random_iid
9573,train,random_iid
9574,train,random_iid
9575,train,random_iid
9576,train,random_iid
9577,train,random_iid
9578,train,random_iid
9579,train,random_iid
9580,train,random_iid
9581,train,random_iid
9582,train,random_iid
9583,train,random_iid
9586,train,random_iid
9587,train,random_iid
9588,train,random_iid
9589,train,random_iid
9590,train,random_iid
9591,train,random_iid
9593,train,random_iid
9595,train,random_iid
9596,train,random_iid
9597,train,random_iid
9600,train,random_iid
9601,train,random_iid
9602,train,random_iid
9603,train,random_iid
9604,train,random_iid
9605,train,random_iid
9606,train,random_iid
9607,train,random_iid
9608,train,random_iid
9609,train,random_iid
9611,train,random_iid
9612,train,random_iid
9613,train,random_iid
9614,train,random_iid
9615,train,random_iid
9616,train,random_iid
9617,train,random_iid
9622,train,random_iid
9623,train,random_iid
9624,train,random_iid
9626,train,random_iid
9627,train,random_iid
9628,train,random_iid
9629,train,random_iid
9630,train,random_iid
9631,train,random_iid
9633,train,random_iid
9634,train,random_iid
9635,train,random_iid
9636,train,random_iid
9637,train,random_iid
9638,train,random_iid
9639,train,random_iid
9640,train,random_iid
9641,train,random_iid
9642,train,random_iid
9643,train,random_iid
9644,train,random_iid
9645,train,random_iid
9646,train,random_iid
9647,train,random_iid
9648,train,random_iid
9650,train,random_iid
9651,train,random_iid
9652,train,random_iid
9653,train,random_iid
9654,train,random_iid
9655,train,random_iid
9656,train,random_iid
9657,train,random_iid
9661,train,random_iid
9662,train,random_iid
9663,train,random_iid
9664,train,random_iid
9665,train,random_iid
9667,train,random_iid
9668,train,random_iid
9669,train,random_iid
9670,train,random_iid
9671,train,random_iid
9672,train,random_iid
9673,train,random_iid
9674,train,random_iid
9675,train,random_iid
9677,train,random_iid
9678,train,random_iid
9679,train,random_iid
9680,train,random_iid
9681,train,random_iid
9682,train,random_iid
9683,train,random_iid
9684,train,random_iid
9685,train,random_iid
9686,train,random_iid
9687,train,random_iid
9688,train,random_iid
9689,train,random_iid
9690,train,random_iid
9691,train,random_iid
9692,train,random_iid
9693,train,random_iid
9694,train,random_iid
9695,train,random_iid
9696,train,random_iid
9697,train,random_iid
9698,train,random_iid
9699,train,random_iid
9700,train,random_iid
9702,train,random_iid
9703,train,random_iid
9706,train,random_iid
9707,train,random_iid
9708,train,random_iid
9709,train,random_iid
9711,train,random_iid
9712,train,random_iid
9714,train,random_iid
9715,train,random_iid
9716,train,random_iid
9717,train,random_iid
9718,train,random_iid
9719,train,random_iid
9720,train,random_iid
9721,train,random_iid
9722,train,random_iid
9724,train,random_iid
9725,train,random_iid
9726,train,random_iid
9727,train,random_iid
9728,train,random_iid
9729,train,random_iid
9731,train,random_iid
9732,train,random_iid
9733,train,random_iid
9734,train,random_iid
9736,train,random_iid
9738,train,random_iid
9739,train,random_iid
9741,train,random_iid
9743,train,random_iid
9744,train,random_iid
9745,train,random_iid
9746,train,random_iid
9747,train,random_iid
9749,train,random_iid
9750,train,random_iid
9751,train,random_iid
9752,train,random_iid
9754,train,random_iid
9755,train,random_iid
9756,train,random_iid
9757,train,random_iid
9758,train,random_iid
9760,train,random_iid
9761,train,random_iid
9762,train,random_iid
9763,train,random_iid
9764,train,random_iid
9765,train,random_iid
9766,train,random_iid
9767,train,random_iid
9768,train,random_iid
9769,train,random_iid
9770,train,random_iid
9772,train,random_iid
9773,train,random_iid
9774,train,random_iid
9775,train,random_iid
9776,train,random_iid
9777,train,random_iid
9778,train,random_iid
9780,train,random_iid
9781,train,random_iid
9783,train,random_iid
9784,train,random_iid
9785,train,random_iid
9786,train,random_iid
9787,train,random_iid
9788,train,random_iid
9789,train,random_iid
9790,train,random_iid
9791,train,random_iid
9792,train,random_iid
9793,train,random_iid
9795,train,random_iid
9796,train,random_iid
9797,train,random_iid
9799,train,random_iid
9800,train,random_iid
9802,train,random_iid
9803,train,random_iid
9805,train,random_iid
9806,train,random_iid
9807,train,random_iid
9808,train,random_iid
9809,train,random_iid
9810,train,random_iid
9811,train,random_iid
9812,train,random_iid
9813,train,random_iid
9814,train,random_iid
9815,train,random_iid
9816,train,random_iid
9817,train,random_iid
9818,train,random_iid
9819,train,random_iid
9820,train,random_iid
9821,train,random_iid
9822,train,random_iid
9823,train,random_iid
9824,train,random_iid
9825,train,random_iid
9828,train,random_iid
9830,train,random_iid
9831,train,random_iid
9832,train,random_iid
9833,train,random_iid
9835,train,random_iid
9837,train,random_iid
9838,train,random_iid
9839,train,random_iid
9841,train,random_iid
9843,train,random_iid
9844,train,random_iid
9845,train,random_iid
9846,train,random_iid
9847,train,random_iid
9848,train,random_iid
9850,train,random_iid
9851,train,random_iid
9852,train,random_iid
9855,train,random_iid
9856,train,random_iid
9858,train,random_iid
9859,train,random_iid
9860,train,random_iid
9863,train,random_iid
9864,train,random_iid
9865,train,random_iid
9867,train,random_iid
9868,train,random_iid
9869,train,random_iid
9870,train,random_iid
9872,train,random_iid
9873,train,random_iid
9874,train,random_iid
9875,train,random_iid
9877,train,random_iid
9878,train,random_iid
9879,train,random_iid
9880,train,random_iid
9881,train,random_iid
9882,train,random_iid
9883,train,random_iid
9884,train,random_iid
9885,train,random_iid
9886,train,random_iid
9887,train,random_iid
9888,train,random_iid
9889,train,random_iid
9890,train,random_iid
9891,train,random_iid
9892,train,random_iid
9893,train,random_iid
9894,train,random_iid
9895,train,random_iid
9896,train,random_iid
9897,train,random_iid
9898,train,random_iid
9899,train,random_iid
9900,train,random_iid
9901,train,random_iid
9902,train,random_iid
9903,train,random_iid
9906,train,random_iid
9907,train,random_iid
9908,train,random_iid
9909,train,random_iid
9911,train,random_iid
9912,train,random_iid
9913,train,random_iid
9914,train,random_iid
9915,train,random_iid
9916,train,random_iid
9917,train,random_iid
9918,train,random_iid
9919,train,random_iid
9921,train,random_iid
9922,train,random_iid
9925,train,random_iid
9926,train,random_iid
9927,train,random_iid
9928,train,random_iid
9929,train,random_iid
9930,train,random_iid
9931,train,random_iid
9934,train,random_iid
9935,train,random_iid
9937,train,random_iid
9939,train,random_iid
9940,train,random_iid
9941,train,random_iid
9942,train,random_iid
9943,train,random_iid
9944,train,random_iid
9945,train,random_iid
9946,train,random_iid
9947,train,random_iid
9948,train,random_iid
9949,train,random_iid
9950,train,random_iid
9951,train,random_iid
9952,train,random_iid
9953,train,random_iid
9954,train,random_iid
9956,train,random_iid
9957,train,random_iid
9958,train,random_iid
9960,train,random_iid
9961,train,random_iid
9963,train,random_iid
9966,train,random_iid
9968,train,random_iid
9969,train,random_iid
9971,train,random_iid
9972,train,random_iid
9973,train,random_iid
9974,train,random_iid
9975,train,random_iid
9976,train,random_iid
9978,train,random_iid
9979,train,random_iid
9980,train,random_iid
9981,train,random_iid
9982,train,random_iid
9983,train,random_iid
9984,train,random_iid
9985,train,random_iid
9986,train,random_iid
9988,train,random_iid
9989,train,random_iid
9990,train,random_iid
9991,train,random_iid
9992,train,random_iid
9993,train,random_iid
9994,train,random_iid
9996,train,random_iid
9997,train,random_iid
10000,train,random_iid
10001,train,random_iid
10003,train,random_iid
10004,train,random_iid
10005,train,random_iid
10006,train,random_iid
10009,train,random_iid
10010,train,random_iid
10012,train,random_iid
10013,train,random_iid
10014,train,random_iid
10016,train,random_iid
10017,train,random_iid
10018,train,random_iid
10019,train,random_iid
10020,train,random_iid
10021,train,random_iid
10022,train,random_iid
10023,train,random_iid
10024,train,random_iid
10025,train,random_iid
10026,train,random_iid
10028,train,random_iid
10030,train,random_iid
10031,train,random_iid
10033,train,random_iid
10034,train,random_iid
10037,train,random_iid
10038,train,random_iid
10039,train,random_iid
10040,train,random_iid
10041,train,random_iid
10042,train,random_iid
10043,train,random_iid
10045,train,random_iid
10046,train,random_iid
10047,train,random_iid
10048,train,random_iid
10049,train,random_iid
10050,train,random_iid
10051,train,random_iid
10053,train,random_iid
10055,train,random_iid
10056,train,random_iid
10057,train,random_iid
10058,train,random_iid
10059,train,random_iid
10060,train,random_iid
10061,train,random_iid
10062,train,random_iid
10063,train,random_iid
10064,train,random_iid
10065,train,random_iid
10066,train,random_iid
10067,train,random_iid
10068,train,random_iid
10069,train,random_iid
10070,train,random_iid
10072,train,random_iid
10073,train,random_iid
10075,train,random_iid
10076,train,random_iid
10077,train,random_iid
10078,train,random_iid
10079,train,random_iid
10082,train,random_iid
10084,train,random_iid
10085,train,random_iid
10086,train,random_iid
10087,train,random_iid
10088,train,random_iid
10089,train,random_iid
10090,train,random_iid
10094,train,random_iid
10095,train,random_iid
10096,train,random_iid
10097,train,random_iid
10098,train,random_iid
10100,train,random_iid
10101,train,random_iid
10102,train,random_iid
10103,train,random_iid
10105,train,random_iid
10107,train,random_iid
10108,train,random_iid
10110,train,random_iid
10111,train,random_iid
10112,train,random_iid
10114,train,random_iid
10115,train,random_iid
10116,train,random_iid
10117,train,random_iid
10118,train,random_iid
10119,train,random_iid
10121,train,random_iid
10122,train,random_iid
10123,train,random_iid
10124,train,random_iid
10125,train,random_iid
10126,train,random_iid
10127,train,random_iid
10128,train,random_iid
10129,train,random_iid
10130,train,random_iid
10131,train,random_iid
10132,train,random_iid
10133,train,random_iid
10134,train,random_iid
10135,train,random_iid
10136,train,random_iid
10137,train,random_iid
10138,train,random_iid
10139,train,random_iid
10141,train,random_iid
10143,train,random_iid
10145,train,random_iid
10150,train,random_iid
10151,train,random_iid
10152,train,random_iid
10153,train,random_iid
10154,train,random_iid
10156,train,random_iid
10158,train,random_iid
10160,train,random_iid
10161,train,random_iid
10162,train,random_iid
10163,train,random_iid
10164,train,random_iid
10165,train,random_iid
10166,train,random_iid
10167,train,random_iid
10168,train,random_iid
10169,train,random_iid
10171,train,random_iid
10172,train,random_iid
10173,train,random_iid
10174,train,random_iid
10177,train,random_iid
10178,train,random_iid
10179,train,random_iid
10180,train,random_iid
10181,train,random_iid
10182,train,random_iid
10184,train,random_iid
10186,train,random_iid
10187,train,random_iid
10188,train,random_iid
10189,train,random_iid
10191,train,random_iid
10192,train,random_iid
10193,train,random_iid
10194,train,random_iid
10195,train,random_iid
10196,train,random_iid
10197,train,random_iid
10198,train,random_iid
10200,train,random_iid
10201,train,random_iid
10202,train,random_iid
10204,train,random_iid
10205,train,random_iid
10206,train,random_iid
10207,train,random_iid
10208,train,random_iid
10209,train,random_iid
10211,train,random_iid
10212,train,random_iid
10213,train,random_iid
10214,train,random_iid
10215,train,random_iid
10216,train,random_iid
10217,train,random_iid
10218,train,random_iid
10220,train,random_iid
10221,train,random_iid
10222,train,random_iid
10223,train,random_iid
10224,train,random_iid
10225,train,random_iid
10226,train,random_iid
10228,train,random_iid
10229,train,random_iid
10230,train,random_iid
10232,train,random_iid
10233,train,random_iid
10234,train,random_iid
10235,train,random_iid
10236,train,random_iid
10237,train,random_iid
10240,train,random_iid
10243,train,random_iid
10245,train,random_iid
10246,train,random_iid
10247,train,random_iid
10248,train,random_iid
10249,train,random_iid
10250,train,random_iid
10251,train,random_iid
10252,train,random_iid
10253,train,random_iid
10254,train,random_iid
10257,train,random_iid
10258,train,random_iid
10259,train,random_iid
10260,train,random_iid
10261,train,random_iid
10262,train,random_iid
10263,train,random_iid
10265,train,random_iid
10266,train,random_iid
10267,train,random_iid
10268,train,random_iid
10270,train,random_iid
10271,train,random_iid
10273,train,random_iid
10274,train,random_iid
10275,train,random_iid
10276,train,random_iid
10277,train,random_iid
10279,train,random_iid
10280,train,random_iid
10281,train,random_iid
10282,train,random_iid
10283,train,random_iid
10284,train,random_iid
10285,train,random_iid
10286,train,random_iid
10288,train,random_iid
10289,train,random_iid
10290,train,random_iid
10291,train,random_iid
10292,train,random_iid
10293,train,random_iid
10294,train,random_iid
10295,train,random_iid
10296,train,random_iid
10297,train,random_iid
10300,train,random_iid
10303,train,random_iid
10304,train,random_iid
10307,train,random_iid
10308,train,random_iid
10309,train,random_iid
10313,train,random_iid
10314,train,random_iid
10315,train,random_iid
10316,train,random_iid
10317,train,random_iid
10318,train,random_iid
10319,train,random_iid
10320,train,random_iid
10322,train,random_iid
10324,train,random_iid
10326,train,random_iid
10327,train,random_iid
10328,train,random_iid
10329,train,random_iid
10330,train,random_iid
10332,train,random_iid
10333,train,random_iid
10335,train,random_iid
10336,train,random_iid
10337,train,random_iid
10338,train,random_iid
10339,train,random_iid
10340,train,random_iid
10342,train,random_iid
10343,train,random_iid
10344,train,random_iid
10345,train,random_iid
10346,train,random_iid
10347,train,random_iid
10348,train,random_iid
10349,train,random_iid
10350,train,random_iid
10351,train,random_iid
10352,train,random_iid
10353,train,random_iid
10354,train,random_iid
10355,train,random_iid
10357,train,random_iid
10358,train,random_iid
10359,train,random_iid
10361,train,random_iid
10362,train,random_iid
10363,train,random_iid
10364,train,random_iid
10365,train,random_iid
10366,train,random_iid
10367,train,random_iid
10368,train,random_iid
10369,train,random_iid
10371,train,random_iid
10372,train,random_iid
10374,train,random_iid
10375,train,random_iid
10376,train,random_iid
10379,train,random_iid
10380,train,random_iid
10381,train,random_iid
10382,train,random_iid
10383,train,random_iid
10384,train,random_iid
10386,train,random_iid
10387,train,random_iid
10388,train,random_iid
10389,train,random_iid
10390,train,random_iid
10391,train,random_iid
10392,train,random_iid
10393,train,random_iid
10394,train,random_iid
10395,train,random_iid
10396,train,random_iid
10398,train,random_iid
10400,train,random_iid
10401,train,random_iid
10402,train,random_iid
10403,train,random_iid
10404,train,random_iid
10405,train,random_iid
10406,train,random_iid
10408,train,random_iid
10409,train,random_iid
10410,train,random_iid
10411,train,random_iid
10412,train,random_iid
10413,train,random_iid
10414,train,random_iid
10415,train,random_iid
10416,train,random_iid
10417,train,random_iid
10418,train,random_iid
10419,train,random_iid
10420,train,random_iid
10424,train,random_iid
10425,train,random_iid
10426,train,random_iid
10428,train,random_iid
10432,train,random_iid
10433,train,random_iid
10434,train,random_iid
10436,train,random_iid
10438,train,random_iid
10439,train,random_iid
10441,train,random_iid
10442,train,random_iid
10444,train,random_iid
10445,train,random_iid
10446,train,random_iid
10447,train,random_iid
10449,train,random_iid
10450,train,random_iid
10451,train,random_iid
10452,train,random_iid
10453,train,random_iid
10454,train,random_iid
10455,train,random_iid
10456,train,random_iid
10458,train,random_iid
10459,train,random_iid
10460,train,random_iid
10461,train,random_iid
10462,train,random_iid
10463,train,random_iid
10464,train,random_iid
10465,train,random_iid
10468,train,random_iid
10469,train,random_iid
10471,train,random_iid
10472,train,random_iid
10473,train,random_iid
10474,train,random_iid
10476,train,random_iid
10477,train,random_iid
10478,train,random_iid
10479,train,random_iid
10480,train,random_iid
10482,train,random_iid
10483,train,random_iid
10484,train,random_iid
10485,train,random_iid
10486,train,random_iid
10487,train,random_iid
10488,train,random_iid
10489,train,random_iid
10491,train,random_iid
10492,train,random_iid
10494,train,random_iid
10495,train,random_iid
10497,train,random_iid
10498,train,random_iid
10499,train,random_iid
10500,train,random_iid
10502,train,random_iid
10503,train,random_iid
10504,train,random_iid
10506,train,random_iid
10507,train,random_iid
10508,train,random_iid
10509,train,random_iid
10510,train,random_iid
10511,train,random_iid
10512,train,random_iid
10514,train,random_iid
10515,train,random_iid
10516,train,random_iid
10517,train,random_iid
10518,train,random_iid
10519,train,random_iid
10520,train,random_iid
10521,train,random_iid
10522,train,random_iid
10524,train,random_iid
10525,train,random_iid
10526,train,random_iid
10528,train,random_iid
10529,train,random_iid
10530,train,random_iid
10531,train,random_iid
10533,train,random_iid
10534,train,random_iid
10535,train,random_iid
10536,train,random_iid
10537,train,random_iid
10538,train,random_iid
10539,train,random_iid
10541,train,random_iid
10542,train,random_iid
10543,train,random_iid
10544,train,random_iid
10545,train,random_iid
10546,train,random_iid
10547,train,random_iid
10549,train,random_iid
10550,train,random_iid
10551,train,random_iid
10552,train,random_iid
10553,train,random_iid
10554,train,random_iid
10555,train,random_iid
10556,train,random_iid
10558,train,random_iid
10559,train,random_iid
10560,train,random_iid
10561,train,random_iid
10562,train,random_iid
10563,train,random_iid
10564,train,random_iid
10565,train,random_iid
10566,train,random_iid
10568,train,random_iid
10569,train,random_iid
10570,train,random_iid
10572,train,random_iid
10573,train,random_iid
10574,train,random_iid
10575,train,random_iid
10576,train,random_iid
10577,train,random_iid
10578,train,random_iid
10579,train,random_iid
10580,train,random_iid
10581,train,random_iid
10582,train,random_iid
10583,train,random_iid
10585,train,random_iid
10589,train,random_iid
10591,train,random_iid
10592,train,random_iid
10593,train,random_iid
10594,train,random_iid
10596,train,random_iid
10597,train,random_iid
10598,train,random_iid
10599,train,random_iid
10600,train,random_iid
10602,train,random_iid
10603,train,random_iid
10604,train,random_iid
10606,train,random_iid
10608,train,random_iid
10609,train,random_iid
10610,train,random_iid
10611,train,random_iid
10613,train,random_iid
10614,train,random_iid
10616,train,random_iid
10617,train,random_iid
10618,train,random_iid
10619,train,random_iid
10621,train,random_iid
10622,train,random_iid
10624,train,random_iid
10625,train,random_iid
10627,train,random_iid
10628,train,random_iid
10629,train,random_iid
10631,train,random_iid
10632,train,random_iid
10633,train,random_iid
10634,train,random_iid
10635,train,random_iid
10636,train,random_iid
10637,train,random_iid
10639,train,random_iid
10640,train,random_iid
10641,train,random_iid
10642,train,random_iid
10643,train,random_iid
10644,train,random_iid
10645,train,random_iid
10646,train,random_iid
10648,train,random_iid
10650,train,random_iid
10651,train,random_iid
10652,train,random_iid
10653,train,random_iid
10654,train,random_iid
10655,train,random_iid
10656,train,random_iid
10657,train,random_iid
10658,train,random_iid
10659,train,random_iid
10660,train,random_iid
10661,train,random_iid
10662,train,random_iid
10663,train,random_iid
10664,train,random_iid
10665,train,random_iid
10666,train,random_iid
10667,train,random_iid
10668,train,random_iid
10669,train,random_iid
10671,train,random_iid
10672,train,random_iid
10673,train,random_iid
10675,train,random_iid
10676,train,random_iid
10677,train,random_iid
10678,train,random_iid
10679,train,random_iid
10680,train,random_iid
10681,train,random_iid
10682,train,random_iid
10683,train,random_iid
10684,train,random_iid
10686,train,random_iid
10687,train,random_iid
10688,train,random_iid
10689,train,random_iid
10690,train,random_iid
10691,train,random_iid
10692,train,random_iid
10693,train,random_iid
10694,train,random_iid
10696,train,random_iid
10697,train,random_iid
10698,train,random_iid
10699,train,random_iid
10700,train,random_iid
10701,train,random_iid
10702,train,random_iid
10703,train,random_iid
10704,train,random_iid
10705,train,random_iid
10706,train,random_iid
10707,train,random_iid
10708,train,random_iid
10709,train,random_iid
10710,train,random_iid
10711,train,random_iid
10712,train,random_iid
10714,train,random_iid
10715,train,random_iid
10716,train,random_iid
10719,train,random_iid
10720,train,random_iid
10721,train,random_iid
10723,train,random_iid
10724,train,random_iid
10725,train,random_iid
10727,train,random_iid
10728,train,random_iid
10730,train,random_iid
10732,train,random_iid
10733,train,random_iid
10736,train,random_iid
10737,train,random_iid
10738,train,random_iid
10740,train,random_iid
10741,train,random_iid
10742,train,random_iid
10743,train,random_iid
10744,train,random_iid
10745,train,random_iid
10748,train,random_iid
10749,train,random_iid
10750,train,random_iid
10751,train,random_iid
10752,train,random_iid
10753,train,random_iid
10754,train,random_iid
10755,train,random_iid
10757,train,random_iid
10758,train,random_iid
10759,train,random_iid
10760,train,random_iid
10762,train,random_iid
10763,train,random_iid
10764,train,random_iid
10765,train,random_iid
10766,train,random_iid
10768,train,random_iid
10769,train,random_iid
10770,train,random_iid
10771,train,random_iid
10772,train,random_iid
10773,train,random_iid
10775,train,random_iid
10777,train,random_iid
10778,train,random_iid
10779,train,random_iid
10780,train,random_iid
10781,train,random_iid
10783,train,random_iid
10784,train,random_iid
10785,train,random_iid
10787,train,random_iid
10788,train,random_iid
10789,train,random_iid
10790,train,random_iid
10791,train,random_iid
10792,train,random_iid
10793,train,random_iid
10795,train,random_iid
10797,train,random_iid
10798,train,random_iid
10799,train,random_iid
10802,train,random_iid
10803,train,random_iid
10804,train,random_iid
10805,train,random_iid
10806,train,random_iid
10809,train,random_iid
10810,train,random_iid
10811,train,random_iid
10812,train,random_iid
10813,train,random_iid
10814,train,random_iid
10815,train,random_iid
10816,train,random_iid
10817,train,random_iid
10819,train,random_iid
10820,train,random_iid
10821,train,random_iid
10822,train,random_iid
10823,train,random_iid
10826,train,random_iid
10828,train,random_iid
10829,train,random_iid
10831,train,random_iid
10832,train,random_iid
10833,train,random_iid
10834,train,random_iid
10837,train,random_iid
10838,train,random_iid
10839,train,random_iid
10840,train,random_iid
10841,train,random_iid
10842,train,random_iid
10843,train,random_iid
10844,train,random_iid
10845,train,random_iid
10846,train,random_iid
10847,train,random_iid
10848,train,random_iid
10849,train,random_iid
10850,train,random_iid
10851,train,random_iid
10852,train,random_iid
10853,train,random_iid
10854,train,random_iid
10855,train,random_iid
10856,train,random_iid
10857,train,random_iid
10858,train,random_iid
10859,train,random_iid
10860,train,random_iid
10861,train,random_iid
10862,train,random_iid
10866,train,random_iid
10868,train,random_iid
10869,train,random_iid
10870,train,random_iid
10872,train,random_iid
10874,train,random_iid
10875,train,random_iid
10877,train,random_iid
10878,train,random_iid
10880,train,random_iid
10881,train,random_iid
10883,train,random_iid
10885,train,random_iid
10886,train,random_iid
10888,train,random_iid
10889,train,random_iid
10891,train,random_iid
10893,train,random_iid
10896,train,random_iid
10897,train,random_iid
10900,train,random_iid
10902,train,random_iid
10903,train,random_iid
10904,train,random_iid
10905,train,random_iid
10906,train,random_iid
10908,train,random_iid
10909,train,random_iid
10910,train,random_iid
10911,train,random_iid
10912,train,random_iid
10913,train,random_iid
10914,train,random_iid
10915,train,random_iid
10916,train,random_iid
10918,train,random_iid
10919,train,random_iid
10920,train,random_iid
10921,train,random_iid
10922,train,random_iid
10924,train,random_iid
10927,train,random_iid
10928,train,random_iid
10929,train,random_iid
10930,train,random_iid
10932,train,random_iid
10937,train,random_iid
10939,train,random_iid
10940,train,random_iid
10941,train,random_iid
10942,train,random_iid
10943,train,random_iid
10945,train,random_iid
10946,train,random_iid
10947,train,random_iid
10948,train,random_iid
10949,train,random_iid
10950,train,random_iid
10951,train,random_iid
10952,train,random_iid
10953,train,random_iid
10954,train,random_iid
10956,train,random_iid
10957,train,random_iid
10958,train,random_iid
10959,train,random_iid
10960,train,random_iid
10961,train,random_iid
10962,train,random_iid
10963,train,random_iid
10964,train,random_iid
10965,train,random_iid
10966,train,random_iid
10968,train,random_iid
10969,train,random_iid
10970,train,random_iid
10971,train,random_iid
10972,train,random_iid
10973,train,random_iid
10974,train,random_iid
10975,train,random_iid
10976,train,random_iid
10978,train,random_iid
10979,train,random_iid
10980,train,random_iid
10981,train,random_iid
10982,train,random_iid
10983,train,random_iid
10985,train,random_iid
10986,train,random_iid
10987,train,random_iid
10988,train,random_iid
10989,train,random_iid
10990,train,random_iid
10991,train,random_iid
10992,train,random_iid
10993,train,random_iid
10994,train,random_iid
10996,train,random_iid
10997,train,random_iid
10998,train,random_iid
10999,train,random_iid
11000,train,random_iid
11001,train,random_iid
11002,train,random_iid
11004,train,random_iid
11005,train,random_iid
11006,train,random_iid
11007,train,random_iid
11008,train,random_iid
11009,train,random_iid
11010,train,random_iid
11011,train,random_iid
11012,train,random_iid
11013,train,random_iid
11014,train,random_iid
11015,train,random_iid
11016,train,random_iid
11017,train,random_iid
11020,train,random_iid
11021,train,random_iid
11022,train,random_iid
11023,train,random_iid
11024,train,random_iid
11025,train,random_iid
11027,train,random_iid
11028,train,random_iid
11029,train,random_iid
11030,train,random_iid
11031,train,random_iid
11033,train,random_iid
11034,train,random_iid
11035,train,random_iid
11036,train,random_iid
11038,train,random_iid
11040,train,random_iid
11041,train,random_iid
11042,train,random_iid
11043,train,random_iid
11045,train,random_iid
11047,train,random_iid
11048,train,random_iid
11049,train,random_iid
11051,train,random_iid
11052,train,random_iid
11054,train,random_iid
11056,train,random_iid
11057,train,random_iid
11058,train,random_iid
11060,train,random_iid
11061,train,random_iid
11062,train,random_iid
11063,train,random_iid
11064,train,random_iid
11065,train,random_iid
11067,train,random_iid
11068,train,random_iid
11069,train,random_iid
11070,train,random_iid
11071,train,random_iid
11073,train,random_iid
11075,train,random_iid
11076,train,random_iid
11077,train,random_iid
11079,train,random_iid
11080,train,random_iid
11081,train,random_iid
11082,train,random_iid
11084,train,random_iid
11085,train,random_iid
11086,train,random_iid
11088,train,random_iid
11089,train,random_iid
11092,train,random_iid
11093,train,random_iid
11094,train,random_iid
11095,train,random_iid
11099,train,random_iid
11100,train,random_iid
11102,train,random_iid
11103,train,random_iid
11104,train,random_iid
11105,train,random_iid
11106,train,random_iid
11107,train,random_iid
11108,train,random_iid
11109,train,random_iid
11110,train,random_iid
11111,train,random_iid
11112,train,random_iid
11113,train,random_iid
11115,train,random_iid
11116,train,random_iid
11117,train,random_iid
11118,train,random_iid
11119,train,random_iid
11120,train,random_iid
11121,train,random_iid
11122,train,random_iid
11123,train,random_iid
11124,train,random_iid
11125,train,random_iid
11126,train,random_iid
11128,train,random_iid
11129,train,random_iid
11131,train,random_iid
11133,train,random_iid
11134,train,random_iid
11135,train,random_iid
11136,train,random_iid
11137,train,random_iid
11138,train,random_iid
11139,train,random_iid
11140,train,random_iid
11141,train,random_iid
11142,train,random_iid
11144,train,random_iid
11146,train,random_iid
11147,train,random_iid
11149,train,random_iid
11150,train,random_iid
11151,train,random_iid
11152,train,random_iid
11153,train,random_iid
11154,train,random_iid
11156,train,random_iid
11157,train,random_iid
11158,train,random_iid
11159,train,random_iid
11161,train,random_iid
11163,train,random_iid
11164,train,random_iid
11165,train,random_iid
11166,train,random_iid
11167,train,random_iid
11169,train,random_iid
11170,train,random_iid
11171,train,random_iid
11172,train,random_iid
11173,train,random_iid
11174,train,random_iid
11175,train,random_iid
11176,train,random_iid
11179,train,random_iid
11180,train,random_iid
11181,train,random_iid
11182,train,random_iid
11184,train,random_iid
11185,train,random_iid
11186,train,random_iid
11188,train,random_iid
11189,train,random_iid
11190,train,random_iid
11191,train,random_iid
11192,train,random_iid
11193,train,random_iid
11194,train,random_iid
11196,train,random_iid
11197,train,random_iid
11198,train,random_iid
11200,train,random_iid
11201,train,random_iid
11202,train,random_iid
11203,train,random_iid
11204,train,random_iid
11205,train,random_iid
11207,train,random_iid
11208,train,random_iid
11209,train,random_iid
11210,train,random_iid
11211,train,random_iid
11212,train,random_iid
11213,train,random_iid
11214,train,random_iid
11215,train,random_iid
11216,train,random_iid
11217,train,random_iid
11218,train,random_iid
11219,train,random_iid
11220,train,random_iid
11221,train,random_iid
11222,train,random_iid
11223,train,random_iid
11224,train,random_iid
11226,train,random_iid
11227,train,random_iid
11228,train,random_iid
11229,train,random_iid
11230,train,random_iid
11231,train,random_iid
11232,train,random_iid
11233,train,random_iid
11234,train,random_iid
11236,train,random_iid
11238,train,random_iid
11239,train,random_iid
11240,train,random_iid
11241,train,random_iid
11242,train,random_iid
11243,train,random_iid
11244,train,random_iid
11246,train,random_iid
11247,train,random_iid
11248,train,random_iid
11249,train,random_iid
11251,train,random_iid
11252,train,random_iid
11253,train,random_iid
11254,train,random_iid
11255,train,random_iid
11256,train,random_iid
11257,train,random_iid
11260,train,random_iid
11261,train,random_iid
11262,train,random_iid
11263,train,random_iid
11264,train,random_iid
11265,train,random_iid
11266,train,random_iid
11268,train,random_iid
11269,train,random_iid
11271,train,random_iid
11272,train,random_iid
11274,train,random_iid
11276,train,random_iid
11277,train,random_iid
11278,train,random_iid
11279,train,random_iid
11280,train,random_iid
11281,train,random_iid
11283,train,random_iid
11284,train,random_iid
11285,train,random_iid
11286,train,random_iid
11288,train,random_iid
11289,train,random_iid
11290,train,random_iid
11291,train,random_iid
11294,train,random_iid
11295,train,random_iid
11296,train,random_iid
11297,train,random_iid
11298,train,random_iid
11299,train,random_iid
11300,train,random_iid
11301,train,random_iid
11302,train,random_iid
11303,train,random_iid
11304,train,random_iid
11305,train,random_iid
11306,train,random_iid
11307,train,random_iid
11308,train,random_iid
11309,train,random_iid
11310,train,random_iid
11312,train,random_iid
11314,train,random_iid
11317,train,random_iid
11318,train,random_iid
11319,train,random_iid
11320,train,random_iid
11321,train,random_iid
11322,train,random_iid
11323,train,random_iid
11324,train,random_iid
11325,train,random_iid
11326,train,random_iid
11327,train,random_iid
11328,train,random_iid
11330,train,random_iid
11331,train,random_iid
11332,train,random_iid
11333,train,random_iid
11334,train,random_iid
11337,train,random_iid
11338,train,random_iid
11340,train,random_iid
11341,train,random_iid
11342,train,random_iid
11343,train,random_iid
11344,train,random_iid
11345,train,random_iid
11346,train,random_iid
11347,train,random_iid
11348,train,random_iid
11349,train,random_iid
11350,train,random_iid
11351,train,random_iid
11352,train,random_iid
11353,train,random_iid
11355,train,random_iid
11356,train,random_iid
11357,train,random_iid
11358,train,random_iid
11359,train,random_iid
11360,train,random_iid
11361,train,random_iid
11362,train,random_iid
11363,train,random_iid
11364,train,random_iid
11365,train,random_iid
11366,train,random_iid
11367,train,random_iid
11370,train,random_iid
11372,train,random_iid
11373,train,random_iid
11374,train,random_iid
11375,train,random_iid
11376,train,random_iid
11377,train,random_iid
11378,train,random_iid
11380,train,random_iid
11381,train,random_iid
11382,train,random_iid
11383,train,random_iid
11384,train,random_iid
11385,train,random_iid
11386,train,random_iid
11388,train,random_iid
11389,train,random_iid
11390,train,random_iid
11393,train,random_iid
11396,train,random_iid
11397,train,random_iid
11400,train,random_iid
11401,train,random_iid
11402,train,random_iid
11403,train,random_iid
11404,train,random_iid
11405,train,random_iid
11406,train,random_iid
11407,train,random_iid
11408,train,random_iid
11409,train,random_iid
11410,train,random_iid
11412,train,random_iid
11413,train,random_iid
11414,train,random_iid
11415,train,random_iid
11416,train,random_iid
11417,train,random_iid
11418,train,random_iid
11420,train,random_iid
11421,train,random_iid
11422,train,random_iid
11425,train,random_iid
11426,train,random_iid
11428,train,random_iid
11430,train,random_iid
11431,train,random_iid
11433,train,random_iid
11434,train,random_iid
11435,train,random_iid
11436,train,random_iid
11437,train,random_iid
11439,train,random_iid
11440,train,random_iid
11441,train,random_iid
11443,train,random_iid
11444,train,random_iid
11445,train,random_iid
11446,train,random_iid
11447,train,random_iid
11448,train,random_iid
11449,train,random_iid
11451,train,random_iid
11452,train,random_iid
11454,train,random_iid
11455,train,random_iid
11456,train,random_iid
11458,train,random_iid
11461,train,random_iid
11462,train,random_iid
11463,train,random_iid
11464,train,random_iid
11466,train,random_iid
11468,train,random_iid
11469,train,random_iid
11470,train,random_iid
11472,train,random_iid
11474,train,random_iid
11475,train,random_iid
11476,train,random_iid
11477,train,random_iid
11478,train,random_iid
11479,train,random_iid
11480,train,random_iid
11481,train,random_iid
11482,train,random_iid
11483,train,random_iid
11484,train,random_iid
11485,train,random_iid
11486,train,random_iid
11487,train,random_iid
11488,train,random_iid
11489,train,random_iid
11490,train,random_iid
11491,train,random_iid
11492,train,random_iid
11493,train,random_iid
11494,train,random_iid
11495,train,random_iid
11497,train,random_iid
11498,train,random_iid
11499,train,random_iid
11500,train,random_iid
11503,train,random_iid
11505,train,random_iid
11507,train,random_iid
11508,train,random_iid
11509,train,random_iid
11512,train,random_iid
11513,train,random_iid
11514,train,random_iid
11515,train,random_iid
11516,train,random_iid
11517,train,random_iid
11519,train,random_iid
11520,train,random_iid
11521,train,random_iid
11522,train,random_iid
11523,train,random_iid
11524,train,random_iid
11525,train,random_iid
11526,train,random_iid
11527,train,random_iid
11528,train,random_iid
11530,train,random_iid
11532,train,random_iid
11533,train,random_iid
11534,train,random_iid
11536,train,random_iid
11537,train,random_iid
11538,train,random_iid
11539,train,random_iid
11540,train,random_iid
11541,train,random_iid
11542,train,random_iid
11543,train,random_iid
11544,train,random_iid
11546,train,random_iid
11547,train,random_iid
11548,train,random_iid
11549,train,random_iid
11550,train,random_iid
11551,train,random_iid
11552,train,random_iid
11553,train,random_iid
11554,train,random_iid
11555,train,random_iid
11556,train,random_iid
11557,train,random_iid
11558,train,random_iid
11559,train,random_iid
11560,train,random_iid
11561,train,random_iid
11562,train,random_iid
11563,train,random_iid
11564,train,random_iid
11565,train,random_iid
11566,train,random_iid
11568,train,random_iid
11569,train,random_iid
11571,train,random_iid
11572,train,random_iid
11573,train,random_iid
11574,train,random_iid
11576,train,random_iid
11577,train,random_iid
11578,train,random_iid
11580,train,random_iid
11581,train,random_iid
11582,train,random_iid
11584,train,random_iid
11585,train,random_iid
11586,train,random_iid
11587,train,random_iid
11588,train,random_iid
11589,train,random_iid
11590,train,random_iid
11591,train,random_iid
11592,train,random_iid
11594,train,random_iid
11595,train,random_iid
11597,train,random_iid
11598,train,random_iid
11599,train,random_iid
11600,train,random_iid
11601,train,random_iid
11602,train,random_iid
11604,train,random_iid
11605,train,random_iid
11606,train,random_iid
11607,train,random_iid
11609,train,random_iid
11610,train,random_iid
11611,train,random_iid
11612,train,random_iid
11613,train,random_iid
11616,train,random_iid
11617,train,random_iid
11618,train,random_iid
11619,train,random_iid
11620,train,random_iid
11622,train,random_iid
11623,train,random_iid
11624,train,random_iid
11625,train,random_iid
11626,train,random_iid
11628,train,random_iid
11629,train,random_iid
11632,train,random_iid
11634,train,random_iid
11635,train,random_iid
11636,train,random_iid
11637,train,random_iid
11638,train,random_iid
11639,train,random_iid
11640,train,random_iid
11641,train,random_iid
11642,train,random_iid
11643,train,random_iid
11644,train,random_iid
11645,train,random_iid
11646,train,random_iid
11647,train,random_iid
11648,train,random_iid
11650,train,random_iid
11652,train,random_iid
11653,train,random_iid
11654,train,random_iid
11655,train,random_iid
11656,train,random_iid
11657,train,random_iid
11660,train,random_iid
11661,train,random_iid
11662,train,random_iid
11663,train,random_iid
11664,train,random_iid
11665,train,random_iid
11666,train,random_iid
11667,train,random_iid
11669,train,random_iid
11670,train,random_iid
11671,train,random_iid
11672,train,random_iid
11673,train,random_iid
11674,train,random_iid
11676,train,random_iid
11678,train,random_iid
11679,train,random_iid
11680,train,random_iid
11681,train,random_iid
11683,train,random_iid
11684,train,random_iid
11685,train,random_iid
11686,train,random_iid
11689,train,random_iid
11690,train,random_iid
11691,train,random_iid
11692,train,random_iid
11693,train,random_iid
11694,train,random_iid
11697,train,random_iid
11699,train,random_iid
11700,train,random_iid
11701,train,random_iid
11703,train,random_iid
11704,train,random_iid
11705,train,random_iid
11707,train,random_iid
11708,train,random_iid
11709,train,random_iid
11710,train,random_iid
11711,train,random_iid
11713,train,random_iid
11715,train,random_iid
11716,train,random_iid
11718,train,random_iid
11719,train,random_iid
11720,train,random_iid
11721,train,random_iid
11722,train,random_iid
11723,train,random_iid
11724,train,random_iid
11725,train,random_iid
11727,train,random_iid
11728,train,random_iid
11729,train,random_iid
11730,train,random_iid
11732,train,random_iid
11733,train,random_iid
11734,train,random_iid
11735,train,random_iid
11737,train,random_iid
11738,train,random_iid
11739,train,random_iid
11740,train,random_iid
11741,train,random_iid
11743,train,random_iid
11744,train,random_iid
11745,train,random_iid
11746,train,random_iid
11747,train,random_iid
11748,train,random_iid
11749,train,random_iid
11750,train,random_iid
11751,train,random_iid
11752,train,random_iid
11754,train,random_iid
11755,train,random_iid
11756,train,random_iid
11757,train,random_iid
11758,train,random_iid
11760,train,random_iid
11761,train,random_iid
11762,train,random_iid
11763,train,random_iid
11764,train,random_iid
11765,train,random_iid
11766,train,random_iid
11767,train,random_iid
11768,train,random_iid
11769,train,random_iid
11771,train,random_iid
11772,train,random_iid
11773,train,random_iid
11774,train,random_iid
11775,train,random_iid
11777,train,random_iid
11779,train,random_iid
11780,train,random_iid
11781,train,random_iid
11783,train,random_iid
11784,train,random_iid
11785,train,random_iid
11786,train,random_iid
11787,train,random_iid
11788,train,random_iid
11789,train,random_iid
11791,train,random_iid
11792,train,random_iid
11793,train,random_iid
11794,train,random_iid
11795,train,random_iid
11798,train,random_iid
11800,train,random_iid
11801,train,random_iid
11802,train,random_iid
11803,train,random_iid
11805,train,random_iid
11806,train,random_iid
11808,train,random_iid
11809,train,random_iid
11810,train,random_iid
11812,train,random_iid
11813,train,random_iid
11814,train,random_iid
11815,train,random_iid
11818,train,random_iid
11819,train,random_iid
11820,train,random_iid
11821,train,random_iid
11822,train,random_iid
11823,train,random_iid
11824,train,random_iid
11826,train,random_iid
11829,train,random_iid
11832,train,random_iid
11833,train,random_iid
11834,train,random_iid
11835,train,random_iid
11836,train,random_iid
11837,train,random_iid
11839,train,random_iid
11840,train,random_iid
11841,train,random_iid
11842,train,random_iid
11843,train,random_iid
11845,train,random_iid
11846,train,random_iid
11847,train,random_iid
11848,train,random_iid
11849,train,random_iid
11850,train,random_iid
11851,train,random_iid
11852,train,random_iid
11853,train,random_iid
11854,train,random_iid
11855,train,random_iid
11856,train,random_iid
11857,train,random_iid
11858,train,random_iid
11859,train,random_iid
11860,train,random_iid
11861,train,random_iid
11862,train,random_iid
11863,train,random_iid
11864,train,random_iid
11865,train,random_iid
11867,train,random_iid
11870,train,random_iid
11871,train,random_iid
11873,train,random_iid
11874,train,random_iid
11875,train,random_iid
11876,train,random_iid
11878,train,random_iid
11879,train,random_iid
11880,train,random_iid
11881,train,random_iid
11882,train,random_iid
11883,train,random_iid
11884,train,random_iid
11887,train,random_iid
11888,train,random_iid
11889,train,random_iid
11891,train,random_iid
11892,train,random_iid
11893,train,random_iid
11894,train,random_iid
11895,train,random_iid
11897,train,random_iid
11898,train,random_iid
11899,train,random_iid
11902,train,random_iid
11903,train,random_iid
11904,train,random_iid
11907,train,random_iid
11908,train,random_iid
11909,train,random_iid
11910,train,random_iid
11911,train,random_iid
11912,train,random_iid
11913,train,random_iid
11916,train,random_iid
11917,train,random_iid
11918,train,random_iid
11920,train,random_iid
11922,train,random_iid
11923,train,random_iid
11925,train,random_iid
11926,train,random_iid
11927,train,random_iid
11931,train,random_iid
11932,train,random_iid
11934,train,random_iid
11936,train,random_iid
11938,train,random_iid
11939,train,random_iid
11941,train,random_iid
11944,train,random_iid
11945,train,random_iid
11946,train,random_iid
11947,train,random_iid
11949,train,random_iid
11950,train,random_iid
11951,train,random_iid
11953,train,random_iid
11954,train,random_iid
11955,train,random_iid
11956,train,random_iid
11957,train,random_iid
11958,train,random_iid
11959,train,random_iid
11960,train,random_iid
11961,train,random_iid
11962,train,random_iid
11963,train,random_iid
11964,train,random_iid
11965,train,random_iid
11966,train,random_iid
11967,train,random_iid
11969,train,random_iid
11970,train,random_iid
11971,train,random_iid
11972,train,random_iid
11973,train,random_iid
11974,train,random_iid
11975,train,random_iid
11976,train,random_iid
11978,train,random_iid
11979,train,random_iid
11980,train,random_iid
11982,train,random_iid
11984,train,random_iid
11985,train,random_iid
11986,train,random_iid
11987,train,random_iid
11988,train,random_iid
11989,train,random_iid
11990,train,random_iid
11991,train,random_iid
11992,train,random_iid
11993,train,random_iid
11994,train,random_iid
11995,train,random_iid
11996,train,random_iid
11997,train,random_iid
11998,train,random_iid
11999,train,random_iid
12001,train,random_iid
12002,train,random_iid
12003,train,random_iid
12006,train,random_iid
12007,train,random_iid
12008,train,random_iid
12009,train,random_iid
12010,train,random_iid
12012,train,random_iid
12013,train,random_iid
12015,train,random_iid
12017,train,random_iid
12018,train,random_iid
12020,train,random_iid
12021,train,random_iid
12023,train,random_iid
12024,train,random_iid
12025,train,random_iid
12026,train,random_iid
12027,train,random_iid
12029,train,random_iid
12030,train,random_iid
12031,train,random_iid
12032,train,random_iid
12033,train,random_iid
12035,train,random_iid
12036,train,random_iid
12037,train,random_iid
12040,train,random_iid
12041,train,random_iid
12042,train,random_iid
12044,train,random_iid
12045,train,random_iid
12046,train,random_iid
12048,train,random_iid
12049,train,random_iid
12050,train,random_iid
12051,train,random_iid
12052,train,random_iid
12053,train,random_iid
12054,train,random_iid
12055,train,random_iid
12057,train,random_iid
12058,train,random_iid
12059,train,random_iid
12061,train,random_iid
12063,train,random_iid
12064,train,random_iid
12065,train,random_iid
12067,train,random_iid
12068,train,random_iid
12070,train,random_iid
12071,train,random_iid
12072,train,random_iid
12074,train,random_iid
12075,train,random_iid
12077,train,random_iid
12078,train,random_iid
12081,train,random_iid
12082,train,random_iid
12085,train,random_iid
12086,train,random_iid
12087,train,random_iid
12088,train,random_iid
12089,train,random_iid
12090,train,random_iid
12091,train,random_iid
12092,train,random_iid
12093,train,random_iid
12094,train,random_iid
12095,train,random_iid
12096,train,random_iid
12097,train,random_iid
12098,train,random_iid
12099,train,random_iid
12101,train,random_iid
12102,train,random_iid
12103,train,random_iid
12105,train,random_iid
12106,train,random_iid
12107,train,random_iid
12108,train,random_iid
12110,train,random_iid
12111,train,random_iid
12112,train,random_iid
12113,train,random_iid
12114,train,random_iid
12115,train,random_iid
12116,train,random_iid
12117,train,random_iid
12118,train,random_iid
12121,train,random_iid
12123,train,random_iid
12124,train,random_iid
12125,train,random_iid
12126,train,random_iid
12127,train,random_iid
12128,train,random_iid
12129,train,random_iid
12130,train,random_iid
12132,train,random_iid
12133,train,random_iid
12134,train,random_iid
12135,train,random_iid
12136,train,random_iid
12137,train,random_iid
12140,train,random_iid
12141,train,random_iid
12142,train,random_iid
12144,train,random_iid
12145,train,random_iid
12147,train,random_iid
12148,train,random_iid
12149,train,random_iid
12150,train,random_iid
12151,train,random_iid
12152,train,random_iid
12153,train,random_iid
12154,train,random_iid
12155,train,random_iid
12156,train,random_iid
12157,train,random_iid
12158,train,random_iid
12160,train,random_iid
12163,train,random_iid
12164,train,random_iid
12165,train,random_iid
12166,train,random_iid
12167,train,random_iid
12168,train,random_iid
12169,train,random_iid
12171,train,random_iid
12172,train,random_iid
12173,train,random_iid
12174,train,random_iid
12175,train,random_iid
12177,train,random_iid
12178,train,random_iid
12180,train,random_iid
12182,train,random_iid
12183,train,random_iid
12184,train,random_iid
12185,train,random_iid
12186,train,random_iid
12188,train,random_iid
12189,train,random_iid
12190,train,random_iid
12191,train,random_iid
12192,train,random_iid
12193,train,random_iid
12196,train,random_iid
12197,train,random_iid
12198,train,random_iid
12199,train,random_iid
12200,train,random_iid
12201,train,random_iid
12202,train,random_iid
12203,train,random_iid
12204,train,random_iid
12205,train,random_iid
12206,train,random_iid
12208,train,random_iid
12209,train,random_iid
12210,train,random_iid
12212,train,random_iid
12213,train,random_iid
12214,train,random_iid
12215,train,random_iid
12216,train,random_iid
12217,train,random_iid
12218,train,random_iid
12219,train,random_iid
12220,train,random_iid
12221,train,random_iid
12222,train,random_iid
12223,train,random_iid
12224,train,random_iid
12225,train,random_iid
12226,train,random_iid
12227,train,random_iid
12228,train,random_iid
12229,train,random_iid
12230,train,random_iid
12231,train,random_iid
12232,train,random_iid
12233,train,random_iid
12234,train,random_iid
12235,train,random_iid
12236,train,random_iid
12237,train,random_iid
12238,train,random_iid
12239,train,random_iid
12240,train,random_iid
12241,train,random_iid
12242,train,random_iid
12244,train,random_iid
12245,train,random_iid
12246,train,random_iid
12247,train,random_iid
12248,train,random_iid
12249,train,random_iid
12250,train,random_iid
12251,train,random_iid
12253,train,random_iid
12254,train,random_iid
12255,train,random_iid
12256,train,random_iid
12257,train,random_iid
12258,train,random_iid
12259,train,random_iid
12260,train,random_iid
12261,train,random_iid
12262,train,random_iid
12263,train,random_iid
12265,train,random_iid
12266,train,random_iid
12267,train,random_iid
12268,train,random_iid
12271,train,random_iid
12272,train,random_iid
12274,train,random_iid
12275,train,random_iid
12278,train,random_iid
12279,train,random_iid
12280,train,random_iid
12281,train,random_iid
12282,train,random_iid
12284,train,random_iid
12286,train,random_iid
12287,train,random_iid
12288,train,random_iid
12289,train,random_iid
12290,train,random_iid
12291,train,random_iid
12292,train,random_iid
12293,train,random_iid
12294,train,random_iid
12295,train,random_iid
12296,train,random_iid
12298,train,random_iid
12300,train,random_iid
12302,train,random_iid
12304,train,random_iid
12305,train,random_iid
12306,train,random_iid
12308,train,random_iid
12309,train,random_iid
12310,train,random_iid
12311,train,random_iid
12312,train,random_iid
12315,train,random_iid
12316,train,random_iid
12317,train,random_iid
12318,train,random_iid
12321,train,random_iid
12322,train,random_iid
12324,train,random_iid
12325,train,random_iid
12327,train,random_iid
12328,train,random_iid
12329,train,random_iid
12330,train,random_iid
12331,train,random_iid
12332,train,random_iid
12333,train,random_iid
12335,train,random_iid
12336,train,random_iid
12337,train,random_iid
12338,train,random_iid
12339,train,random_iid
12340,train,random_iid
12341,train,random_iid
12342,train,random_iid
12343,train,random_iid
12344,train,random_iid
12346,train,random_iid
12347,train,random_iid
12348,train,random_iid
12350,train,random_iid
12351,train,random_iid
12352,train,random_iid
12353,train,random_iid
12354,train,random_iid
12355,train,random_iid
12356,train,random_iid
12357,train,random_iid
12359,train,random_iid
12360,train,random_iid
12362,train,random_iid
12363,train,random_iid
12364,train,random_iid
12367,train,random_iid
12368,train,random_iid
12369,train,random_iid
12370,train,random_iid
12371,train,random_iid
12372,train,random_iid
12375,train,random_iid
12376,train,random_iid
12377,train,random_iid
12378,train,random_iid
12380,train,random_iid
12383,train,random_iid
12384,train,random_iid
12385,train,random_iid
12386,train,random_iid
12387,train,random_iid
12388,train,random_iid
12389,train,random_iid
12390,train,random_iid
12391,train,random_iid
12392,train,random_iid
12393,train,random_iid
12395,train,random_iid
12396,train,random_iid
12397,train,random_iid
12398,train,random_iid
12399,train,random_iid
12400,train,random_iid
12402,train,random_iid
12403,train,random_iid
12408,train,random_iid
12409,train,random_iid
12410,train,random_iid
12411,train,random_iid
12413,train,random_iid
12414,train,random_iid
12415,train,random_iid
12417,train,random_iid
12418,train,random_iid
12419,train,random_iid
12420,train,random_iid
12421,train,random_iid
12422,train,random_iid
12423,train,random_iid
12424,train,random_iid
12425,train,random_iid
12426,train,random_iid
12427,train,random_iid
12428,train,random_iid
12429,train,random_iid
12430,train,random_iid
12432,train,random_iid
12433,train,random_iid
12435,train,random_iid
12436,train,random_iid
12438,train,random_iid
12440,train,random_iid
12442,train,random_iid
12443,train,random_iid
12446,train,random_iid
12447,train,random_iid
12448,train,random_iid
12449,train,random_iid
12450,train,random_iid
12451,train,random_iid
12452,train,random_iid
12453,train,random_iid
12455,train,random_iid
12457,train,random_iid
12458,train,random_iid
12459,train,random_iid
12460,train,random_iid
12462,train,random_iid
12463,train,random_iid
12464,train,random_iid
12465,train,random_iid
12466,train,random_iid
12467,train,random_iid
12468,train,random_iid
12469,train,random_iid
12470,train,random_iid
12471,train,random_iid
12472,train,random_iid
12473,train,random_iid
12474,train,random_iid
12476,train,random_iid
12477,train,random_iid
12478,train,random_iid
12479,train,random_iid
12480,train,random_iid
12481,train,random_iid
12482,train,random_iid
12483,train,random_iid
12486,train,random_iid
12488,train,random_iid
12489,train,random_iid
12491,train,random_iid
12493,train,random_iid
12494,train,random_iid
12496,train,random_iid
12497,train,random_iid
12498,train,random_iid
12499,train,random_iid
12500,train,random_iid
12501,train,random_iid
12502,train,random_iid
12504,train,random_iid
12505,train,random_iid
12506,train,random_iid
12507,train,random_iid
12508,train,random_iid
12509,train,random_iid
12512,train,random_iid
12513,train,random_iid
12514,train,random_iid
12515,train,random_iid
12516,train,random_iid
12517,train,random_iid
12518,train,random_iid
12521,train,random_iid
12522,train,random_iid
12524,train,random_iid
12525,train,random_iid
12526,train,random_iid
12527,train,random_iid
12528,train,random_iid
12529,train,random_iid
12530,train,random_iid
12531,train,random_iid
12533,train,random_iid
12535,train,random_iid
12538,train,random_iid
12539,train,random_iid
12540,train,random_iid
12541,train,random_iid
12542,train,random_iid
12543,train,random_iid
12544,train,random_iid
12545,train,random_iid
12547,train,random_iid
12548,train,random_iid
12549,train,random_iid
12550,train,random_iid
12551,train,random_iid
12552,train,random_iid
12553,train,random_iid
12554,train,random_iid
12556,train,random_iid
12557,train,random_iid
12558,train,random_iid
12559,train,random_iid
12561,train,random_iid
12563,train,random_iid
12564,train,random_iid
12565,train,random_iid
12566,train,random_iid
12567,train,random_iid
12568,train,random_iid
12569,train,random_iid
12571,train,random_iid
12572,train,random_iid
12573,train,random_iid
12575,train,random_iid
12576,train,random_iid
12578,train,random_iid
12579,train,random_iid
12581,train,random_iid
12582,train,random_iid
12583,train,random_iid
12585,train,random_iid
12586,train,random_iid
12587,train,random_iid
12589,train,random_iid
12590,train,random_iid
12591,train,random_iid
12592,train,random_iid
12594,train,random_iid
12595,train,random_iid
12597,train,random_iid
12598,train,random_iid
12599,train,random_iid
12601,train,random_iid
12602,train,random_iid
12603,train,random_iid
12604,train,random_iid
12605,train,random_iid
12606,train,random_iid
12608,train,random_iid
12609,train,random_iid
12610,train,random_iid
12611,train,random_iid
12612,train,random_iid
12615,train,random_iid
12617,train,random_iid
12619,train,random_iid
12620,train,random_iid
12621,train,random_iid
12622,train,random_iid
12623,train,random_iid
12624,train,random_iid
12625,train,random_iid
12626,train,random_iid
12627,train,random_iid
12628,train,random_iid
12629,train,random_iid
12630,train,random_iid
12631,train,random_iid
12632,train,random_iid
12633,train,random_iid
12637,train,random_iid
12639,train,random_iid
12640,train,random_iid
12641,train,random_iid
12642,train,random_iid
12643,train,random_iid
12644,train,random_iid
12645,train,random_iid
12646,train,random_iid
12647,train,random_iid
12648,train,random_iid
12650,train,random_iid
12651,train,random_iid
12652,train,random_iid
12653,train,random_iid
12654,train,random_iid
12657,train,random_iid
12658,train,random_iid
12659,train,random_iid
12660,train,random_iid
12661,train,random_iid
12662,train,random_iid
12663,train,random_iid
12664,train,random_iid
12665,train,random_iid
12666,train,random_iid
12667,train,random_iid
12668,train,random_iid
12669,train,random_iid
12670,train,random_iid
12671,train,random_iid
12672,train,random_iid
12673,train,random_iid
12674,train,random_iid
12675,train,random_iid
12676,train,random_iid
12677,train,random_iid
12678,train,random_iid
12679,train,random_iid
12680,train,random_iid
12683,train,random_iid
12684,train,random_iid
12686,train,random_iid
12688,train,random_iid
12689,train,random_iid
12690,train,random_iid
12691,train,random_iid
12692,train,random_iid
12693,train,random_iid
12695,train,random_iid
12696,train,random_iid
12697,train,random_iid
12698,train,random_iid
12699,train,random_iid
12700,train,random_iid
12701,train,random_iid
12702,train,random_iid
12703,train,random_iid
12704,train,random_iid
12705,train,random_iid
12706,train,random_iid
12707,train,random_iid
12708,train,random_iid
12709,train,random_iid
12710,train,random_iid
12713,train,random_iid
12714,train,random_iid
12715,train,random_iid
12716,train,random_iid
12717,train,random_iid
12718,train,random_iid
12719,train,random_iid
12720,train,random_iid
12722,train,random_iid
12723,train,random_iid
12725,train,random_iid
12726,train,random_iid
12728,train,random_iid
12729,train,random_iid
12731,train,random_iid
12732,train,random_iid
12733,train,random_iid
12734,train,random_iid
12736,train,random_iid
12738,train,random_iid
12740,train,random_iid
12741,train,random_iid
12742,train,random_iid
12743,train,random_iid
12744,train,random_iid
12745,train,random_iid
12746,train,random_iid
12747,train,random_iid
12748,train,random_iid
12749,train,random_iid
12750,train,random_iid
12752,train,random_iid
12753,train,random_iid
12754,train,random_iid
12755,train,random_iid
12756,train,random_iid
12757,train,random_iid
12759,train,random_iid
12760,train,random_iid
12762,train,random_iid
12763,train,random_iid
12765,train,random_iid
12766,train,random_iid
12768,train,random_iid
12769,train,random_iid
12770,train,random_iid
12771,train,random_iid
12772,train,random_iid
12773,train,random_iid
12774,train,random_iid
12775,train,random_iid
12776,train,random_iid
12777,train,random_iid
12778,train,random_iid
12779,train,random_iid
12780,train,random_iid
12781,train,random_iid
12782,train,random_iid
12783,train,random_iid
12784,train,random_iid
12788,train,random_iid
12789,train,random_iid
12790,train,random_iid
12791,train,random_iid
12793,train,random_iid
12794,train,random_iid
12795,train,random_iid
12796,train,random_iid
12799,train,random_iid
12800,train,random_iid
12803,train,random_iid
12805,train,random_iid
12806,train,random_iid
12807,train,random_iid
12808,train,random_iid
12809,train,random_iid
12810,train,random_iid
12812,train,random_iid
12813,train,random_iid
12815,train,random_iid
12816,train,random_iid
12817,train,random_iid
12818,train,random_iid
12819,train,random_iid
12820,train,random_iid
12821,train,random_iid
12823,train,random_iid
12824,train,random_iid
12825,train,random_iid
12826,train,random_iid
12827,train,random_iid
12828,train,random_iid
12829,train,random_iid
12830,train,random_iid
12831,train,random_iid
12832,train,random_iid
12833,train,random_iid
12834,train,random_iid
12835,train,random_iid
12836,train,random_iid
12838,train,random_iid
12839,train,random_iid
12840,train,random_iid
12841,train,random_iid
12842,train,random_iid
12844,train,random_iid
12845,train,random_iid
12846,train,random_iid
12847,train,random_iid
12848,train,random_iid
12849,train,random_iid
12850,train,random_iid
12851,train,random_iid
12852,train,random_iid
12853,train,random_iid
12854,train,random_iid
12855,train,random_iid
12856,train,random_iid
12857,train,random_iid
12858,train,random_iid
12859,train,random_iid
12860,train,random_iid
12861,train,random_iid
12862,train,random_iid
12863,train,random_iid
12864,train,random_iid
12865,train,random_iid
12866,train,random_iid
12867,train,random_iid
12868,train,random_iid
12869,train,random_iid
12870,train,random_iid
12871,train,random_iid
12872,train,random_iid
12873,train,random_iid
12874,train,random_iid
12876,train,random_iid
12877,train,random_iid
12879,train,random_iid
12880,train,random_iid
12882,train,random_iid
12886,train,random_iid
12887,train,random_iid
12888,train,random_iid
12889,train,random_iid
12890,train,random_iid
12891,train,random_iid
12892,train,random_iid
12893,train,random_iid
12895,train,random_iid
12898,train,random_iid
12901,train,random_iid
12902,train,random_iid
12903,train,random_iid
12905,train,random_iid
12906,train,random_iid
12907,train,random_iid
12908,train,random_iid
12909,train,random_iid
12910,train,random_iid
12911,train,random_iid
12912,train,random_iid
12913,train,random_iid
12914,train,random_iid
12915,train,random_iid
12917,train,random_iid
12918,train,random_iid
12921,train,random_iid
12922,train,random_iid
12923,train,random_iid
12924,train,random_iid
12925,train,random_iid
12927,train,random_iid
12929,train,random_iid
12930,train,random_iid
12933,train,random_iid
12934,train,random_iid
12935,train,random_iid
12936,train,random_iid
12937,train,random_iid
12938,train,random_iid
12940,train,random_iid
12941,train,random_iid
12942,train,random_iid
12943,train,random_iid
12944,train,random_iid
12945,train,random_iid
12946,train,random_iid
12948,train,random_iid
12949,train,random_iid
12950,train,random_iid
12951,train,random_iid
12952,train,random_iid
12953,train,random_iid
12954,train,random_iid
12955,train,random_iid
12956,train,random_iid
12957,train,random_iid
12958,train,random_iid
12959,train,random_iid
12960,train,random_iid
12961,train,random_iid
12962,train,random_iid
12963,train,random_iid
12964,train,random_iid
12965,train,random_iid
12966,train,random_iid
12967,train,random_iid
12968,train,random_iid
12971,train,random_iid
12972,train,random_iid
12973,train,random_iid
12974,train,random_iid
12975,train,random_iid
12976,train,random_iid
12977,train,random_iid
12978,train,random_iid
12979,train,random_iid
12980,train,random_iid
12981,train,random_iid
12982,train,random_iid
12983,train,random_iid
12984,train,random_iid
12985,train,random_iid
12986,train,random_iid
12987,train,random_iid
12989,train,random_iid
12990,train,random_iid
12991,train,random_iid
12992,train,random_iid
12993,train,random_iid
12994,train,random_iid
12997,train,random_iid
12998,train,random_iid
12999,train,random_iid
13000,train,random_iid
13001,train,random_iid
13002,train,random_iid
13005,train,random_iid
13007,train,random_iid
13008,train,random_iid
13009,train,random_iid
13011,train,random_iid
13012,train,random_iid
13013,train,random_iid
13014,train,random_iid
13016,train,random_iid
13017,train,random_iid
13018,train,random_iid
13019,train,random_iid
13020,train,random_iid
13023,train,random_iid
13024,train,random_iid
13025,train,random_iid
13026,train,random_iid
13027,train,random_iid
13028,train,random_iid
13030,train,random_iid
13031,train,random_iid
13032,train,random_iid
13033,train,random_iid
13034,train,random_iid
13035,train,random_iid
13036,train,random_iid
13037,train,random_iid
13038,train,random_iid
13039,train,random_iid
13040,train,random_iid
13042,train,random_iid
13045,train,random_iid
13046,train,random_iid
13047,train,random_iid
13048,train,random_iid
13049,train,random_iid
13050,train,random_iid
13051,train,random_iid
13052,train,random_iid
13053,train,random_iid
13054,train,random_iid
13055,train,random_iid
13056,train,random_iid
13057,train,random_iid
13058,train,random_iid
13059,train,random_iid
13060,train,random_iid
13061,train,random_iid
13062,train,random_iid
13063,train,random_iid
13064,train,random_iid
13065,train,random_iid
13066,train,random_iid
13067,train,random_iid
13069,train,random_iid
13070,train,random_iid
13071,train,random_iid
13072,train,random_iid
13073,train,random_iid
13074,train,random_iid
13076,train,random_iid
13078,train,random_iid
13079,train,random_iid
13080,train,random_iid
13081,train,random_iid
13083,train,random_iid
13085,train,random_iid
13086,train,random_iid
13087,train,random_iid
13088,train,random_iid
13090,train,random_iid
13091,train,random_iid
13092,train,random_iid
13093,train,random_iid
13095,train,random_iid
13097,train,random_iid
13099,train,random_iid
13101,train,random_iid
13102,train,random_iid
13103,train,random_iid
13104,train,random_iid
13105,train,random_iid
13107,train,random_iid
13108,train,random_iid
13109,train,random_iid
13110,train,random_iid
13111,train,random_iid
13112,train,random_iid
13114,train,random_iid
13115,train,random_iid
13116,train,random_iid
13117,train,random_iid
13118,train,random_iid
13119,train,random_iid
13120,train,random_iid
13121,train,random_iid
13122,train,random_iid
13123,train,random_iid
13125,train,random_iid
13126,train,random_iid
13127,train,random_iid
13128,train,random_iid
13129,train,random_iid
13130,train,random_iid
13131,train,random_iid
13133,train,random_iid
13134,train,random_iid
13135,train,random_iid
13136,train,random_iid
13137,train,random_iid
13138,train,random_iid
13139,train,random_iid
13140,train,random_iid
13141,train,random_iid
13142,train,random_iid
13143,train,random_iid
13144,train,random_iid
13145,train,random_iid
13146,train,random_iid
13148,train,random_iid
13149,train,random_iid
13150,train,random_iid
13151,train,random_iid
13152,train,random_iid
13154,train,random_iid
13155,train,random_iid
13156,train,random_iid
13158,train,random_iid
13159,train,random_iid
13160,train,random_iid
13161,train,random_iid
13162,train,random_iid
13163,train,random_iid
13164,train,random_iid
13165,train,random_iid
13166,train,random_iid
13167,train,random_iid
13168,train,random_iid
13169,train,random_iid
13170,train,random_iid
13171,train,random_iid
13172,train,random_iid
13175,train,random_iid
13177,train,random_iid
13178,train,random_iid
13180,train,random_iid
13182,train,random_iid
13183,train,random_iid
13184,train,random_iid
13186,train,random_iid
13187,train,random_iid
13188,train,random_iid
13189,train,random_iid
13190,train,random_iid
13191,train,random_iid
13192,train,random_iid
13193,train,random_iid
13194,train,random_iid
13196,train,random_iid
13197,train,random_iid
13198,train,random_iid
13199,train,random_iid
13200,train,random_iid
13202,train,random_iid
13203,train,random_iid
13206,train,random_iid
13207,train,random_iid
13209,train,random_iid
13210,train,random_iid
13213,train,random_iid
13214,train,random_iid
13215,train,random_iid
13216,train,random_iid
13217,train,random_iid
13218,train,random_iid
13219,train,random_iid
13220,train,random_iid
13221,train,random_iid
13222,train,random_iid
13223,train,random_iid
13224,train,random_iid
13225,train,random_iid
13227,train,random_iid
13228,train,random_iid
13229,train,random_iid
13230,train,random_iid
13231,train,random_iid
13232,train,random_iid
13233,train,random_iid
13234,train,random_iid
13236,train,random_iid
13237,train,random_iid
13239,train,random_iid
13240,train,random_iid
13242,train,random_iid
13244,train,random_iid
13246,train,random_iid
13247,train,random_iid
13248,train,random_iid
13249,train,random_iid
13251,train,random_iid
13252,train,random_iid
13254,train,random_iid
13255,train,random_iid
13256,train,random_iid
13257,train,random_iid
13258,train,random_iid
13259,train,random_iid
13261,train,random_iid
13262,train,random_iid
13263,train,random_iid
13264,train,random_iid
13265,train,random_iid
13266,train,random_iid
13267,train,random_iid
13269,train,random_iid
13270,train,random_iid
13271,train,random_iid
13272,train,random_iid
13273,train,random_iid
13274,train,random_iid
13276,train,random_iid
13277,train,random_iid
13278,train,random_iid
13279,train,random_iid
13280,train,random_iid
13281,train,random_iid
13283,train,random_iid
13285,train,random_iid
13286,train,random_iid
13288,train,random_iid
13289,train,random_iid
13290,train,random_iid
13291,train,random_iid
13292,train,random_iid
13293,train,random_iid
13294,train,random_iid
13295,train,random_iid
13296,train,random_iid
13297,train,random_iid
13299,train,random_iid
13300,train,random_iid
13301,train,random_iid
13302,train,random_iid
13303,train,random_iid
13304,train,random_iid
13305,train,random_iid
13306,train,random_iid
13307,train,random_iid
13308,train,random_iid
13309,train,random_iid
13311,train,random_iid
13312,train,random_iid
13317,train,random_iid
13319,train,random_iid
13320,train,random_iid
13321,train,random_iid
13322,train,random_iid
13323,train,random_iid
13324,train,random_iid
13326,train,random_iid
13327,train,random_iid
13329,train,random_iid
13330,train,random_iid
13331,train,random_iid
13333,train,random_iid
13334,train,random_iid
13336,train,random_iid
13339,train,random_iid
13340,train,random_iid
13342,train,random_iid
13343,train,random_iid
13344,train,random_iid
13347,train,random_iid
13348,train,random_iid
13349,train,random_iid
13350,train,random_iid
13351,train,random_iid
13352,train,random_iid
13353,train,random_iid
13355,train,random_iid
13356,train,random_iid
13357,train,random_iid
13358,train,random_iid
13359,train,random_iid
13360,train,random_iid
13363,train,random_iid
13364,train,random_iid
13365,train,random_iid
13366,train,random_iid
13367,train,random_iid
13368,train,random_iid
13370,train,random_iid
13371,train,random_iid
13372,train,random_iid
13373,train,random_iid
13374,train,random_iid
13375,train,random_iid
13377,train,random_iid
13378,train,random_iid
13379,train,random_iid
13380,train,random_iid
13381,train,random_iid
13382,train,random_iid
13383,train,random_iid
13384,train,random_iid
13385,train,random_iid
13386,train,random_iid
13387,train,random_iid
13389,train,random_iid
13390,train,random_iid
13391,train,random_iid
13393,train,random_iid
13394,train,random_iid
13395,train,random_iid
13399,train,random_iid
13400,train,random_iid
13401,train,random_iid
13402,train,random_iid
13403,train,random_iid
13404,train,random_iid
13405,train,random_iid
13407,train,random_iid
13408,train,random_iid
13409,train,random_iid
13410,train,random_iid
13411,train,random_iid
13412,train,random_iid
13413,train,random_iid
13414,train,random_iid
13415,train,random_iid
13417,train,random_iid
13419,train,random_iid
13420,train,random_iid
13421,train,random_iid
13422,train,random_iid
13423,train,random_iid
13424,train,random_iid
13425,train,random_iid
13426,train,random_iid
13427,train,random_iid
13428,train,random_iid
13429,train,random_iid
13430,train,random_iid
13432,train,random_iid
13433,train,random_iid
13434,train,random_iid
13435,train,random_iid
13437,train,random_iid
13438,train,random_iid
13439,train,random_iid
13440,train,random_iid
13442,train,random_iid
13443,train,random_iid
13444,train,random_iid
13445,train,random_iid
13446,train,random_iid
13448,train,random_iid
13449,train,random_iid
13450,train,random_iid
13451,train,random_iid
13452,train,random_iid
13453,train,random_iid
13455,train,random_iid
13456,train,random_iid
13458,train,random_iid
13459,train,random_iid
13460,train,random_iid
13462,train,random_iid
13463,train,random_iid
13464,train,random_iid
13465,train,random_iid
13466,train,random_iid
13468,train,random_iid
13469,train,random_iid
13470,train,random_iid
13471,train,random_iid
13472,train,random_iid
13474,train,random_iid
13475,train,random_iid
13476,train,random_iid
13477,train,random_iid
13478,train,random_iid
13479,train,random_iid
13480,train,random_iid
13481,train,random_iid
13482,train,random_iid
13484,train,random_iid
13485,train,random_iid
13486,train,random_iid
13487,train,random_iid
13488,train,random_iid
13489,train,random_iid
13490,train,random_iid
13492,train,random_iid
13493,train,random_iid
13494,train,random_iid
13495,train,random_iid
13496,train,random_iid
13497,train,random_iid
13498,train,random_iid
13499,train,random_iid
13501,train,random_iid
13502,train,random_iid
13503,train,random_iid
13504,train,random_iid
13506,train,random_iid
13507,train,random_iid
13509,train,random_iid
13510,train,random_iid
13511,train,random_iid
13512,train,random_iid
13513,train,random_iid
13514,train,random_iid
13515,train,random_iid
13516,train,random_iid
13517,train,random_iid
13518,train,random_iid
13519,train,random_iid
13520,train,random_iid
13521,train,random_iid
13523,train,random_iid
13525,train,random_iid
13526,train,random_iid
13527,train,random_iid
13528,train,random_iid
13531,train,random_iid
13532,train,random_iid
13533,train,random_iid
13534,train,random_iid
13535,train,random_iid
13536,train,random_iid
13537,train,random_iid
13538,train,random_iid
13539,train,random_iid
13540,train,random_iid
13541,train,random_iid
13542,train,random_iid
13543,train,random_iid
13544,train,random_iid
13545,train,random_iid
13546,train,random_iid
13547,train,random_iid
13548,train,random_iid
13549,train,random_iid
13550,train,random_iid
13551,train,random_iid
13552,train,random_iid
13553,train,random_iid
13554,train,random_iid
13555,train,random_iid
13557,train,random_iid
13558,train,random_iid
13559,train,random_iid
13560,train,random_iid
13561,train,random_iid
13562,train,random_iid
13563,train,random_iid
13564,train,random_iid
13567,train,random_iid
13568,train,random_iid
13570,train,random_iid
13571,train,random_iid
13573,train,random_iid
13574,train,random_iid
13575,train,random_iid
13576,train,random_iid
13577,train,random_iid
13578,train,random_iid
13579,train,random_iid
13580,train,random_iid
13581,train,random_iid
13583,train,random_iid
13586,train,random_iid
13587,train,random_iid
13588,train,random_iid
13592,train,random_iid
13593,train,random_iid
13594,train,random_iid
13595,train,random_iid
13596,train,random_iid
13597,train,random_iid
13598,train,random_iid
13599,train,random_iid
13600,train,random_iid
13601,train,random_iid
13602,train,random_iid
13605,train,random_iid
13606,train,random_iid
13607,train,random_iid
13608,train,random_iid
13609,train,random_iid
13610,train,random_iid
13611,train,random_iid
13612,train,random_iid
13614,train,random_iid
13615,train,random_iid
13617,train,random_iid
13618,train,random_iid
13621,train,random_iid
13622,train,random_iid
13623,train,random_iid
13625,train,random_iid
13627,train,random_iid
13628,train,random_iid
13629,train,random_iid
13630,train,random_iid
13631,train,random_iid
13632,train,random_iid
13633,train,random_iid
13634,train,random_iid
13636,train,random_iid
13638,train,random_iid
13640,train,random_iid
13644,train,random_iid
13645,train,random_iid
13647,train,random_iid
13650,train,random_iid
13652,train,random_iid
13653,train,random_iid
13654,train,random_iid
13655,train,random_iid
13656,train,random_iid
13657,train,random_iid
13659,train,random_iid
13660,train,random_iid
13661,train,random_iid
13662,train,random_iid
13663,train,random_iid
13664,train,random_iid
13665,train,random_iid
13667,train,random_iid
13669,train,random_iid
13670,train,random_iid
13671,train,random_iid
13673,train,random_iid
13674,train,random_iid
13675,train,random_iid
13676,train,random_iid
13677,train,random_iid
13679,train,random_iid
13680,train,random_iid
13681,train,random_iid
13682,train,random_iid
13686,train,random_iid
13687,train,random_iid
13688,train,random_iid
13689,train,random_iid
13691,train,random_iid
13692,train,random_iid
13693,train,random_iid
13694,train,random_iid
13695,train,random_iid
13697,train,random_iid
13698,train,random_iid
13699,train,random_iid
13700,train,random_iid
13701,train,random_iid
13702,train,random_iid
13704,train,random_iid
13705,train,random_iid
13707,train,random_iid
13708,train,random_iid
13709,train,random_iid
13711,train,random_iid
13712,train,random_iid
13713,train,random_iid
13714,train,random_iid
13715,train,random_iid
13719,train,random_iid
13720,train,random_iid
13721,train,random_iid
13722,train,random_iid
13723,train,random_iid
13724,train,random_iid
13725,train,random_iid
13726,train,random_iid
13727,train,random_iid
13728,train,random_iid
13729,train,random_iid
13730,train,random_iid
13731,train,random_iid
13732,train,random_iid
13733,train,random_iid
13734,train,random_iid
13735,train,random_iid
13737,train,random_iid
13738,train,random_iid
13739,train,random_iid
13740,train,random_iid
13741,train,random_iid
13742,train,random_iid
13743,train,random_iid
13744,train,random_iid
13745,train,random_iid
13746,train,random_iid
13747,train,random_iid
13748,train,random_iid
13749,train,random_iid
13750,train,random_iid
13752,train,random_iid
13753,train,random_iid
13754,train,random_iid
13757,train,random_iid
13758,train,random_iid
13759,train,random_iid
13760,train,random_iid
13762,train,random_iid
13763,train,random_iid
13764,train,random_iid
13765,train,random_iid
13766,train,random_iid
13768,train,random_iid
13769,train,random_iid
13770,train,random_iid
13771,train,random_iid
13772,train,random_iid
13774,train,random_iid
13775,train,random_iid
13776,train,random_iid
13777,train,random_iid
13778,train,random_iid
13779,train,random_iid
13780,train,random_iid
13781,train,random_iid
13782,train,random_iid
13783,train,random_iid
13784,train,random_iid
13785,train,random_iid
13786,train,random_iid
13788,train,random_iid
13789,train,random_iid
13790,train,random_iid
13791,train,random_iid
13792,train,random_iid
13793,train,random_iid
13794,train,random_iid
13795,train,random_iid
13796,train,random_iid
13798,train,random_iid
13800,train,random_iid
13801,train,random_iid
13802,train,random_iid
13803,train,random_iid
13804,train,random_iid
13805,train,random_iid
13806,train,random_iid
13807,train,random_iid
13809,train,random_iid
13810,train,random_iid
13811,train,random_iid
13812,train,random_iid
13813,train,random_iid
13815,train,random_iid
13816,train,random_iid
13818,train,random_iid
13819,train,random_iid
13820,train,random_iid
13822,train,random_iid
13823,train,random_iid
13825,train,random_iid
13826,train,random_iid
13827,train,random_iid
13830,train,random_iid
13831,train,random_iid
13832,train,random_iid
13833,train,random_iid
13834,train,random_iid
13836,train,random_iid
13838,train,random_iid
13839,train,random_iid
13840,train,random_iid
13842,train,random_iid
13843,train,random_iid
13844,train,random_iid
13845,train,random_iid
13846,train,random_iid
13847,train,random_iid
13849,train,random_iid
13850,train,random_iid
13851,train,random_iid
13854,train,random_iid
13855,train,random_iid
13857,train,random_iid
13858,train,random_iid
13859,train,random_iid
13860,train,random_iid
13862,train,random_iid
13863,train,random_iid
13864,train,random_iid
13865,train,random_iid
13866,train,random_iid
13867,train,random_iid
13868,train,random_iid
13871,train,random_iid
13872,train,random_iid
13873,train,random_iid
13874,train,random_iid
13875,train,random_iid
13878,train,random_iid
13879,train,random_iid
13881,train,random_iid
13882,train,random_iid
13883,train,random_iid
13884,train,random_iid
13885,train,random_iid
13886,train,random_iid
13887,train,random_iid
13888,train,random_iid
13889,train,random_iid
13890,train,random_iid
13891,train,random_iid
13893,train,random_iid
13894,train,random_iid
13895,train,random_iid
13896,train,random_iid
13897,train,random_iid
13899,train,random_iid
13900,train,random_iid
13901,train,random_iid
13902,train,random_iid
13904,train,random_iid
13905,train,random_iid
13906,train,random_iid
13907,train,random_iid
13908,train,random_iid
13909,train,random_iid
13910,train,random_iid
13911,train,random_iid
13912,train,random_iid
13913,train,random_iid
13914,train,random_iid
13915,train,random_iid
13916,train,random_iid
13917,train,random_iid
13919,train,random_iid
13921,train,random_iid
13922,train,random_iid
13923,train,random_iid
13924,train,random_iid
13925,train,random_iid
13926,train,random_iid
13927,train,random_iid
13928,train,random_iid
13929,train,random_iid
13930,train,random_iid
13931,train,random_iid
13932,train,random_iid
13933,train,random_iid
13935,train,random_iid
13936,train,random_iid
13938,train,random_iid
13939,train,random_iid
13941,train,random_iid
13942,train,random_iid
13943,train,random_iid
13944,train,random_iid
13945,train,random_iid
13946,train,random_iid
13947,train,random_iid
13948,train,random_iid
13949,train,random_iid
13950,train,random_iid
13952,train,random_iid
13955,train,random_iid
13956,train,random_iid
13957,train,random_iid
13959,train,random_iid
13960,train,random_iid
13961,train,random_iid
13962,train,random_iid
13963,train,random_iid
13964,train,random_iid
13965,train,random_iid
13966,train,random_iid
13968,train,random_iid
13969,train,random_iid
13970,train,random_iid
13971,train,random_iid
13972,train,random_iid
13973,train,random_iid
13975,train,random_iid
13976,train,random_iid
13977,train,random_iid
13978,train,random_iid
13980,train,random_iid
13981,train,random_iid
13982,train,random_iid
13983,train,random_iid
13984,train,random_iid
13985,train,random_iid
13986,train,random_iid
13988,train,random_iid
13989,train,random_iid
13990,train,random_iid
13991,train,random_iid
13992,train,random_iid
13993,train,random_iid
13994,train,random_iid
13995,train,random_iid
13996,train,random_iid
13997,train,random_iid
13998,train,random_iid
13999,train,random_iid
14000,train,random_iid
14001,train,random_iid
14002,train,random_iid
14007,train,random_iid
14008,train,random_iid
14009,train,random_iid
14010,train,random_iid
14011,train,random_iid
14012,train,random_iid
14014,train,random_iid
14015,train,random_iid
14016,train,random_iid
14019,train,random_iid
14020,train,random_iid
14021,train,random_iid
14022,train,random_iid
14023,train,random_iid
14024,train,random_iid
14026,train,random_iid
14027,train,random_iid
14028,train,random_iid
14029,train,random_iid
14030,train,random_iid
14031,train,random_iid
14033,train,random_iid
14034,train,random_iid
14036,train,random_iid
14037,train,random_iid
14039,train,random_iid
14040,train,random_iid
14041,train,random_iid
14042,train,random_iid
14043,train,random_iid
14046,train,random_iid
14047,train,random_iid
14048,train,random_iid
14049,train,random_iid
14050,train,random_iid
14051,train,random_iid
14052,train,random_iid
14053,train,random_iid
14054,train,random_iid
14055,train,random_iid
14056,train,random_iid
14057,train,random_iid
14058,train,random_iid
14059,train,random_iid
14060,train,random_iid
14062,train,random_iid
14063,train,random_iid
14065,train,random_iid
14066,train,random_iid
14068,train,random_iid
14069,train,random_iid
14070,train,random_iid
14072,train,random_iid
14073,train,random_iid
14074,train,random_iid
14075,train,random_iid
14077,train,random_iid
14078,train,random_iid
14079,train,random_iid
14080,train,random_iid
14081,train,random_iid
14082,train,random_iid
14083,train,random_iid
14084,train,random_iid
14085,train,random_iid
14086,train,random_iid
14087,train,random_iid
14088,train,random_iid
14091,train,random_iid
14092,train,random_iid
14094,train,random_iid
14095,train,random_iid
14096,train,random_iid
14097,train,random_iid
14098,train,random_iid
14099,train,random_iid
14100,train,random_iid
14101,train,random_iid
14102,train,random_iid
14103,train,random_iid
14105,train,random_iid
14106,train,random_iid
14107,train,random_iid
14108,train,random_iid
14109,train,random_iid
14110,train,random_iid
14111,train,random_iid
14112,train,random_iid
14114,train,random_iid
14116,train,random_iid
14118,train,random_iid
14119,train,random_iid
14120,train,random_iid
14121,train,random_iid
14122,train,random_iid
14123,train,random_iid
14124,train,random_iid
14125,train,random_iid
14126,train,random_iid
14127,train,random_iid
14129,train,random_iid
14130,train,random_iid
14131,train,random_iid
14133,train,random_iid
14134,train,random_iid
14135,train,random_iid
14137,train,random_iid
14138,train,random_iid
14139,train,random_iid
14140,train,random_iid
14141,train,random_iid
14143,train,random_iid
14144,train,random_iid
14145,train,random_iid
14146,train,random_iid
14148,train,random_iid
14149,train,random_iid
14151,train,random_iid
14152,train,random_iid
14153,train,random_iid
14154,train,random_iid
14155,train,random_iid
14156,train,random_iid
14157,train,random_iid
14158,train,random_iid
14160,train,random_iid
14161,train,random_iid
14162,train,random_iid
14163,train,random_iid
14164,train,random_iid
14166,train,random_iid
14167,train,random_iid
14168,train,random_iid
14169,train,random_iid
14170,train,random_iid
14171,train,random_iid
14172,train,random_iid
14174,train,random_iid
14175,train,random_iid
14177,train,random_iid
14178,train,random_iid
14179,train,random_iid
14180,train,random_iid
14182,train,random_iid
14183,train,random_iid
14184,train,random_iid
14185,train,random_iid
14186,train,random_iid
14187,train,random_iid
14188,train,random_iid
14189,train,random_iid
14191,train,random_iid
14192,train,random_iid
14193,train,random_iid
14194,train,random_iid
14195,train,random_iid
14196,train,random_iid
14197,train,random_iid
14199,train,random_iid
14200,train,random_iid
14201,train,random_iid
14202,train,random_iid
14204,train,random_iid
14206,train,random_iid
14207,train,random_iid
14208,train,random_iid
14210,train,random_iid
14211,train,random_iid
14212,train,random_iid
14214,train,random_iid
14215,train,random_iid
14216,train,random_iid
14217,train,random_iid
14218,train,random_iid
14219,train,random_iid
14221,train,random_iid
14222,train,random_iid
14223,train,random_iid
14224,train,random_iid
14225,train,random_iid
14226,train,random_iid
14227,train,random_iid
14228,train,random_iid
14229,train,random_iid
14230,train,random_iid
14231,train,random_iid
14232,train,random_iid
14233,train,random_iid
14234,train,random_iid
14235,train,random_iid
14238,train,random_iid
14239,train,random_iid
14240,train,random_iid
14241,train,random_iid
14244,train,random_iid
14245,train,random_iid
14246,train,random_iid
14247,train,random_iid
14249,train,random_iid
14250,train,random_iid
14252,train,random_iid
14253,train,random_iid
14254,train,random_iid
14255,train,random_iid
14256,train,random_iid
14257,train,random_iid
14258,train,random_iid
14259,train,random_iid
14260,train,random_iid
14261,train,random_iid
14262,train,random_iid
14263,train,random_iid
14264,train,random_iid
14265,train,random_iid
14267,train,random_iid
14268,train,random_iid
14269,train,random_iid
14271,train,random_iid
14274,train,random_iid
14275,train,random_iid
14276,train,random_iid
14277,train,random_iid
14280,train,random_iid
14281,train,random_iid
14282,train,random_iid
14283,train,random_iid
14284,train,random_iid
14286,train,random_iid
14287,train,random_iid
14288,train,random_iid
14289,train,random_iid
14290,train,random_iid
14291,train,random_iid
14292,train,random_iid
14293,train,random_iid
14295,train,random_iid
14296,train,random_iid
14298,train,random_iid
14299,train,random_iid
14300,train,random_iid
14301,train,random_iid
14302,train,random_iid
14303,train,random_iid
14304,train,random_iid
14305,train,random_iid
14307,train,random_iid
14308,train,random_iid
14309,train,random_iid
14310,train,random_iid
14311,train,random_iid
14312,train,random_iid
14313,train,random_iid
14314,train,random_iid
14315,train,random_iid
14317,train,random_iid
14318,train,random_iid
14319,train,random_iid
14320,train,random_iid
14321,train,random_iid
14323,train,random_iid
14325,train,random_iid
14326,train,random_iid
14328,train,random_iid
14329,train,random_iid
14330,train,random_iid
14331,train,random_iid
14332,train,random_iid
14334,train,random_iid
14337,train,random_iid
14338,train,random_iid
14339,train,random_iid
14340,train,random_iid
14341,train,random_iid
14342,train,random_iid
14343,train,random_iid
14345,train,random_iid
14346,train,random_iid
14347,train,random_iid
14348,train,random_iid
14349,train,random_iid
14350,train,random_iid
14351,train,random_iid
14352,train,random_iid
14355,train,random_iid
14356,train,random_iid
14357,train,random_iid
14358,train,random_iid
14359,train,random_iid
14360,train,random_iid
14361,train,random_iid
14362,train,random_iid
14363,train,random_iid
14365,train,random_iid
14366,train,random_iid
14367,train,random_iid
14369,train,random_iid
14370,train,random_iid
14371,train,random_iid
14372,train,random_iid
14373,train,random_iid
14376,train,random_iid
14377,train,random_iid
14378,train,random_iid
14379,train,random_iid
14380,train,random_iid
14382,train,random_iid
14385,train,random_iid
14386,train,random_iid
14387,train,random_iid
14389,train,random_iid
14390,train,random_iid
14391,train,random_iid
14392,train,random_iid
14393,train,random_iid
14394,train,random_iid
14396,train,random_iid
14397,train,random_iid
14398,train,random_iid
14401,train,random_iid
14402,train,random_iid
14403,train,random_iid
14404,train,random_iid
14405,train,random_iid
14406,train,random_iid
14407,train,random_iid
14408,train,random_iid
14409,train,random_iid
14410,train,random_iid
14411,train,random_iid
14413,train,random_iid
14414,train,random_iid
14415,train,random_iid
14416,train,random_iid
14418,train,random_iid
14419,train,random_iid
14420,train,random_iid
14421,train,random_iid
14422,train,random_iid
14423,train,random_iid
14424,train,random_iid
14425,train,random_iid
14426,train,random_iid
14427,train,random_iid
14428,train,random_iid
14430,train,random_iid
14431,train,random_iid
14432,train,random_iid
14433,train,random_iid
14435,train,random_iid
14436,train,random_iid
14437,train,random_iid
14438,train,random_iid
14439,train,random_iid
14440,train,random_iid
14442,train,random_iid
14443,train,random_iid
14444,train,random_iid
14445,train,random_iid
14446,train,random_iid
14447,train,random_iid
14449,train,random_iid
14452,train,random_iid
14453,train,random_iid
14456,train,random_iid
14457,train,random_iid
14458,train,random_iid
14460,train,random_iid
14462,train,random_iid
14463,train,random_iid
14464,train,random_iid
14466,train,random_iid
14467,train,random_iid
14468,train,random_iid
14469,train,random_iid
14470,train,random_iid
14471,train,random_iid
14472,train,random_iid
14473,train,random_iid
14474,train,random_iid
14475,train,random_iid
14476,train,random_iid
14477,train,random_iid
14478,train,random_iid
14479,train,random_iid
14481,train,random_iid
14483,train,random_iid
14484,train,random_iid
14485,train,random_iid
14486,train,random_iid
14487,train,random_iid
14489,train,random_iid
14490,train,random_iid
14491,train,random_iid
14494,train,random_iid
14495,train,random_iid
14496,train,random_iid
14497,train,random_iid
14498,train,random_iid
14499,train,random_iid
14500,train,random_iid
14501,train,random_iid
14502,train,random_iid
14504,train,random_iid
14505,train,random_iid
14506,train,random_iid
14507,train,random_iid
14508,train,random_iid
14509,train,random_iid
14510,train,random_iid
14512,train,random_iid
14513,train,random_iid
14514,train,random_iid
14515,train,random_iid
14516,train,random_iid
14517,train,random_iid
14518,train,random_iid
14521,train,random_iid
14522,train,random_iid
14523,train,random_iid
14524,train,random_iid
14527,train,random_iid
14528,train,random_iid
14529,train,random_iid
14530,train,random_iid
14531,train,random_iid
14532,train,random_iid
14533,train,random_iid
14534,train,random_iid
14536,train,random_iid
14537,train,random_iid
14538,train,random_iid
14540,train,random_iid
14542,train,random_iid
14543,train,random_iid
14544,train,random_iid
14545,train,random_iid
14546,train,random_iid
14547,train,random_iid
14548,train,random_iid
14550,train,random_iid
14551,train,random_iid
14552,train,random_iid
14553,train,random_iid
14556,train,random_iid
14557,train,random_iid
14558,train,random_iid
14559,train,random_iid
14560,train,random_iid
14561,train,random_iid
14562,train,random_iid
14564,train,random_iid
14565,train,random_iid
14566,train,random_iid
14567,train,random_iid
14568,train,random_iid
14570,train,random_iid
14571,train,random_iid
14572,train,random_iid
14573,train,random_iid
14574,train,random_iid
14575,train,random_iid
14576,train,random_iid
14577,train,random_iid
14578,train,random_iid
14579,train,random_iid
14580,train,random_iid
14581,train,random_iid
14582,train,random_iid
14583,train,random_iid
14584,train,random_iid
14585,train,random_iid
14587,train,random_iid
14588,train,random_iid
14589,train,random_iid
14590,train,random_iid
14591,train,random_iid
14592,train,random_iid
14593,train,random_iid
14594,train,random_iid
14595,train,random_iid
14596,train,random_iid
14597,train,random_iid
14598,train,random_iid
14599,train,random_iid
14600,train,random_iid
14601,train,random_iid
14603,train,random_iid
14604,train,random_iid
14605,train,random_iid
14607,train,random_iid
14608,train,random_iid
14609,train,random_iid
14611,train,random_iid
14612,train,random_iid
14615,train,random_iid
14616,train,random_iid
14618,train,random_iid
14619,train,random_iid
14621,train,random_iid
14622,train,random_iid
14623,train,random_iid
14624,train,random_iid
14625,train,random_iid
14626,train,random_iid
14627,train,random_iid
14628,train,random_iid
14629,train,random_iid
14630,train,random_iid
14631,train,random_iid
14632,train,random_iid
14634,train,random_iid
14635,train,random_iid
14636,train,random_iid
14637,train,random_iid
14638,train,random_iid
14639,train,random_iid
14640,train,random_iid
14641,train,random_iid
14642,train,random_iid
14643,train,random_iid
14644,train,random_iid
14645,train,random_iid
14647,train,random_iid
14648,train,random_iid
14650,train,random_iid
14652,train,random_iid
14653,train,random_iid
14654,train,random_iid
14655,train,random_iid
14656,train,random_iid
14659,train,random_iid
14660,train,random_iid
14661,train,random_iid
14662,train,random_iid
14663,train,random_iid
14664,train,random_iid
14665,train,random_iid
14666,train,random_iid
14667,train,random_iid
14668,train,random_iid
14669,train,random_iid
14670,train,random_iid
14671,train,random_iid
14672,train,random_iid
14673,train,random_iid
14674,train,random_iid
14675,train,random_iid
14677,train,random_iid
14679,train,random_iid
14681,train,random_iid
14683,train,random_iid
14684,train,random_iid
14686,train,random_iid
14688,train,random_iid
14690,train,random_iid
14692,train,random_iid
14693,train,random_iid
14694,train,random_iid
14696,train,random_iid
14697,train,random_iid
14698,train,random_iid
14700,train,random_iid
14701,train,random_iid
14704,train,random_iid
14705,train,random_iid
14706,train,random_iid
14707,train,random_iid
14708,train,random_iid
14709,train,random_iid
14710,train,random_iid
14711,train,random_iid
14712,train,random_iid
14713,train,random_iid
14715,train,random_iid
14716,train,random_iid
14717,train,random_iid
14719,train,random_iid
14720,train,random_iid
14721,train,random_iid
14722,train,random_iid
14723,train,random_iid
14725,train,random_iid
14727,train,random_iid
14728,train,random_iid
14729,train,random_iid
14730,train,random_iid
14732,train,random_iid
14733,train,random_iid
14734,train,random_iid
14737,train,random_iid
14740,train,random_iid
14742,train,random_iid
14743,train,random_iid
14744,train,random_iid
14745,train,random_iid
14746,train,random_iid
14747,train,random_iid
14748,train,random_iid
14750,train,random_iid
14751,train,random_iid
14753,train,random_iid
14755,train,random_iid
14756,train,random_iid
14757,train,random_iid
14758,train,random_iid
14762,train,random_iid
14764,train,random_iid
14765,train,random_iid
14766,train,random_iid
14767,train,random_iid
14768,train,random_iid
14769,train,random_iid
14770,train,random_iid
14772,train,random_iid
14773,train,random_iid
14774,train,random_iid
14775,train,random_iid
14776,train,random_iid
14777,train,random_iid
14778,train,random_iid
14779,train,random_iid
14784,train,random_iid
14785,train,random_iid
14786,train,random_iid
14788,train,random_iid
14789,train,random_iid
14790,train,random_iid
14791,train,random_iid
14792,train,random_iid
14793,train,random_iid
14794,train,random_iid
14795,train,random_iid
14796,train,random_iid
14797,train,random_iid
14798,train,random_iid
14799,train,random_iid
14800,train,random_iid
14801,train,random_iid
14802,train,random_iid
14803,train,random_iid
14804,train,random_iid
14805,train,random_iid
14806,train,random_iid
14808,train,random_iid
14812,train,random_iid
14813,train,random_iid
14815,train,random_iid
14816,train,random_iid
14817,train,random_iid
14818,train,random_iid
14819,train,random_iid
14820,train,random_iid
14821,train,random_iid
14823,train,random_iid
14824,train,random_iid
14826,train,random_iid
14827,train,random_iid
14828,train,random_iid
14829,train,random_iid
14831,train,random_iid
14832,train,random_iid
14833,train,random_iid
14834,train,random_iid
14835,train,random_iid
14836,train,random_iid
14837,train,random_iid
14839,train,random_iid
14841,train,random_iid
14842,train,random_iid
14843,train,random_iid
14844,train,random_iid
14845,train,random_iid
14848,train,random_iid
14849,train,random_iid
14851,train,random_iid
14852,train,random_iid
14855,train,random_iid
14856,train,random_iid
14857,train,random_iid
14858,train,random_iid
14859,train,random_iid
14860,train,random_iid
14863,train,random_iid
14864,train,random_iid
14867,train,random_iid
14871,train,random_iid
14875,train,random_iid
14876,train,random_iid
14877,train,random_iid
14878,train,random_iid
14879,train,random_iid
14880,train,random_iid
14881,train,random_iid
14882,train,random_iid
14883,train,random_iid
14884,train,random_iid
14885,train,random_iid
14886,train,random_iid
14887,train,random_iid
14888,train,random_iid
14889,train,random_iid
14890,train,random_iid
14891,train,random_iid
14892,train,random_iid
14893,train,random_iid
14894,train,random_iid
14895,train,random_iid
14896,train,random_iid
14898,train,random_iid
14899,train,random_iid
14904,train,random_iid
14906,train,random_iid
14907,train,random_iid
14908,train,random_iid
14909,train,random_iid
14910,train,random_iid
14912,train,random_iid
14914,train,random_iid
14915,train,random_iid
14916,train,random_iid
14918,train,random_iid
14919,train,random_iid
14921,train,random_iid
14922,train,random_iid
14924,train,random_iid
14925,train,random_iid
14926,train,random_iid
14927,train,random_iid
14929,train,random_iid
14931,train,random_iid
14932,train,random_iid
14933,train,random_iid
14934,train,random_iid
14935,train,random_iid
14936,train,random_iid
14937,train,random_iid
14939,train,random_iid
14940,train,random_iid
14941,train,random_iid
14942,train,random_iid
14943,train,random_iid
14944,train,random_iid
14947,train,random_iid
14948,train,random_iid
14949,train,random_iid
14951,train,random_iid
14952,train,random_iid
14954,train,random_iid
14957,train,random_iid
14958,train,random_iid
14959,train,random_iid
14960,train,random_iid
14961,train,random_iid
14962,train,random_iid
14963,train,random_iid
14964,train,random_iid
14965,train,random_iid
14966,train,random_iid
14968,train,random_iid
14969,train,random_iid
14970,train,random_iid
14971,train,random_iid
14972,train,random_iid
14973,train,random_iid
14974,train,random_iid
14975,train,random_iid
14976,train,random_iid
14977,train,random_iid
14978,train,random_iid
14979,train,random_iid
14980,train,random_iid
14981,train,random_iid
14982,train,random_iid
14984,train,random_iid
14985,train,random_iid
14986,train,random_iid
14987,train,random_iid
14988,train,random_iid
14989,train,random_iid
14990,train,random_iid
14991,train,random_iid
14993,train,random_iid
14996,train,random_iid
14997,train,random_iid
14998,train,random_iid
14999,train,random_iid
15000,train,random_iid
15002,train,random_iid
15003,train,random_iid
15004,train,random_iid
15006,train,random_iid
15007,train,random_iid
15008,train,random_iid
15011,train,random_iid
15013,train,random_iid
15014,train,random_iid
15017,train,random_iid
15018,train,random_iid
15019,train,random_iid
15020,train,random_iid
15021,train,random_iid
15022,train,random_iid
15023,train,random_iid
15025,train,random_iid
15027,train,random_iid
15028,train,random_iid
15029,train,random_iid
15030,train,random_iid
15031,train,random_iid
15032,train,random_iid
15033,train,random_iid
15035,train,random_iid
15036,train,random_iid
15037,train,random_iid
15038,train,random_iid
15039,train,random_iid
15040,train,random_iid
15041,train,random_iid
15043,train,random_iid
15044,train,random_iid
15046,train,random_iid
15047,train,random_iid
15049,train,random_iid
15050,train,random_iid
15051,train,random_iid
15052,train,random_iid
15053,train,random_iid
15055,train,random_iid
15056,train,random_iid
15057,train,random_iid
15058,train,random_iid
15059,train,random_iid
15060,train,random_iid
15061,train,random_iid
15062,train,random_iid
15063,train,random_iid
15064,train,random_iid
15065,train,random_iid
15066,train,random_iid
15069,train,random_iid
15070,train,random_iid
15071,train,random_iid
15072,train,random_iid
15073,train,random_iid
15074,train,random_iid
15075,train,random_iid
15076,train,random_iid
15077,train,random_iid
15078,train,random_iid
15079,train,random_iid
15080,train,random_iid
15081,train,random_iid
15083,train,random_iid
15085,train,random_iid
15086,train,random_iid
15087,train,random_iid
15088,train,random_iid
15089,train,random_iid
15091,train,random_iid
15092,train,random_iid
15093,train,random_iid
15094,train,random_iid
15095,train,random_iid
15096,train,random_iid
15097,train,random_iid
15099,train,random_iid
15101,train,random_iid
15102,train,random_iid
15104,train,random_iid
15106,train,random_iid
15107,train,random_iid
15109,train,random_iid
15110,train,random_iid
15113,train,random_iid
15114,train,random_iid
15115,train,random_iid
15117,train,random_iid
15118,train,random_iid
15122,train,random_iid
15124,train,random_iid
15125,train,random_iid
15128,train,random_iid
15129,train,random_iid
15130,train,random_iid
15131,train,random_iid
15132,train,random_iid
15133,train,random_iid
15134,train,random_iid
15135,train,random_iid
15136,train,random_iid
15137,train,random_iid
15138,train,random_iid
15140,train,random_iid
15141,train,random_iid
15142,train,random_iid
15143,train,random_iid
15144,train,random_iid
15145,train,random_iid
15146,train,random_iid
15147,train,random_iid
15148,train,random_iid
15149,train,random_iid
15151,train,random_iid
15152,train,random_iid
15154,train,random_iid
15155,train,random_iid
15156,train,random_iid
15157,train,random_iid
15158,train,random_iid
15159,train,random_iid
15160,train,random_iid
15163,train,random_iid
15164,train,random_iid
15165,train,random_iid
15167,train,random_iid
15168,train,random_iid
15169,train,random_iid
15170,train,random_iid
15171,train,random_iid
15172,train,random_iid
15173,train,random_iid
15174,train,random_iid
15175,train,random_iid
15176,train,random_iid
15177,train,random_iid
15178,train,random_iid
15179,train,random_iid
15180,train,random_iid
15181,train,random_iid
15182,train,random_iid
15183,train,random_iid
15184,train,random_iid
15185,train,random_iid
15187,train,random_iid
15188,train,random_iid
15189,train,random_iid
15190,train,random_iid
15191,train,random_iid
15192,train,random_iid
15193,train,random_iid
15194,train,random_iid
15195,train,random_iid
15197,train,random_iid
15198,train,random_iid
15199,train,random_iid
15200,train,random_iid
15201,train,random_iid
15203,train,random_iid
15205,train,random_iid
15206,train,random_iid
15207,train,random_iid
15208,train,random_iid
15209,train,random_iid
15210,train,random_iid
15212,train,random_iid
15213,train,random_iid
15215,train,random_iid
15216,train,random_iid
15217,train,random_iid
15220,train,random_iid
15221,train,random_iid
15222,train,random_iid
15223,train,random_iid
15224,train,random_iid
15225,train,random_iid
15226,train,random_iid
15227,train,random_iid
15228,train,random_iid
15229,train,random_iid
15230,train,random_iid
15232,train,random_iid
15233,train,random_iid
15234,train,random_iid
15235,train,random_iid
15236,train,random_iid
15237,train,random_iid
15238,train,random_iid
15239,train,random_iid
15240,train,random_iid
15241,train,random_iid
15242,train,random_iid
15243,train,random_iid
15244,train,random_iid
15245,train,random_iid
15246,train,random_iid
15248,train,random_iid
15249,train,random_iid
15250,train,random_iid
15251,train,random_iid
15252,train,random_iid
15253,train,random_iid
15254,train,random_iid
15255,train,random_iid
15258,train,random_iid
15259,train,random_iid
15260,train,random_iid
15261,train,random_iid
15263,train,random_iid
15264,train,random_iid
15265,train,random_iid
15267,train,random_iid
15268,train,random_iid
15269,train,random_iid
15270,train,random_iid
15271,train,random_iid
15272,train,random_iid
15273,train,random_iid
15274,train,random_iid
15275,train,random_iid
15276,train,random_iid
15277,train,random_iid
15278,train,random_iid
15279,train,random_iid
15280,train,random_iid
15281,train,random_iid
15282,train,random_iid
15283,train,random_iid
15284,train,random_iid
15285,train,random_iid
15286,train,random_iid
15287,train,random_iid
15289,train,random_iid
15291,train,random_iid
15294,train,random_iid
15295,train,random_iid
15297,train,random_iid
15301,train,random_iid
15302,train,random_iid
15303,train,random_iid
15304,train,random_iid
15305,train,random_iid
15307,train,random_iid
15308,train,random_iid
15309,train,random_iid
15311,train,random_iid
15312,train,random_iid
15313,train,random_iid
15314,train,random_iid
15315,train,random_iid
15316,train,random_iid
15317,train,random_iid
15318,train,random_iid
15319,train,random_iid
15320,train,random_iid
15321,train,random_iid
15322,train,random_iid
15324,train,random_iid
15325,train,random_iid
15326,train,random_iid
15327,train,random_iid
15328,train,random_iid
15329,train,random_iid
15331,train,random_iid
15332,train,random_iid
15334,train,random_iid
15335,train,random_iid
15336,train,random_iid
15337,train,random_iid
15338,train,random_iid
15339,train,random_iid
15340,train,random_iid
15342,train,random_iid
15343,train,random_iid
15344,train,random_iid
15345,train,random_iid
15346,train,random_iid
15347,train,random_iid
15348,train,random_iid
15349,train,random_iid
15350,train,random_iid
15351,train,random_iid
15352,train,random_iid
15353,train,random_iid
15354,train,random_iid
15355,train,random_iid
15356,train,random_iid
15357,train,random_iid
15358,train,random_iid
15359,train,random_iid
15360,train,random_iid
15363,train,random_iid
15364,train,random_iid
15365,train,random_iid
15366,train,random_iid
15367,train,random_iid
15368,train,random_iid
15369,train,random_iid
15370,train,random_iid
15371,train,random_iid
15374,train,random_iid
15375,train,random_iid
15376,train,random_iid
15378,train,random_iid
15379,train,random_iid
15380,train,random_iid
15381,train,random_iid
15382,train,random_iid
15383,train,random_iid
15384,train,random_iid
15385,train,random_iid
15386,train,random_iid
15388,train,random_iid
15390,train,random_iid
15391,train,random_iid
15392,train,random_iid
15394,train,random_iid
15395,train,random_iid
15396,train,random_iid
15397,train,random_iid
15398,train,random_iid
15399,train,random_iid
15400,train,random_iid
15401,train,random_iid
15402,train,random_iid
15403,train,random_iid
15404,train,random_iid
15406,train,random_iid
15407,train,random_iid
15408,train,random_iid
15409,train,random_iid
15410,train,random_iid
15411,train,random_iid
15412,train,random_iid
15413,train,random_iid
15414,train,random_iid
15415,train,random_iid
15416,train,random_iid
15417,train,random_iid
15418,train,random_iid
15419,train,random_iid
15420,train,random_iid
15421,train,random_iid
15422,train,random_iid
15425,train,random_iid
15426,train,random_iid
15427,train,random_iid
15429,train,random_iid
15430,train,random_iid
15431,train,random_iid
15432,train,random_iid
15433,train,random_iid
15434,train,random_iid
15435,train,random_iid
15436,train,random_iid
15437,train,random_iid
15438,train,random_iid
15439,train,random_iid
15440,train,random_iid
15441,train,random_iid
15442,train,random_iid
15443,train,random_iid
15444,train,random_iid
15445,train,random_iid
15446,train,random_iid
15447,train,random_iid
15449,train,random_iid
15451,train,random_iid
15452,train,random_iid
15453,train,random_iid
15456,train,random_iid
15457,train,random_iid
15459,train,random_iid
15460,train,random_iid
15462,train,random_iid
15463,train,random_iid
15464,train,random_iid
15465,train,random_iid
15466,train,random_iid
15468,train,random_iid
15470,train,random_iid
15472,train,random_iid
15473,train,random_iid
15475,train,random_iid
15476,train,random_iid
15478,train,random_iid
15480,train,random_iid
15481,train,random_iid
15482,train,random_iid
15485,train,random_iid
15486,train,random_iid
15487,train,random_iid
15488,train,random_iid
15490,train,random_iid
15492,train,random_iid
15493,train,random_iid
15495,train,random_iid
15496,train,random_iid
15498,train,random_iid
15499,train,random_iid
15500,train,random_iid
15501,train,random_iid
15502,train,random_iid
15503,train,random_iid
15504,train,random_iid
15505,train,random_iid
15506,train,random_iid
15507,train,random_iid
15508,train,random_iid
15509,train,random_iid
15511,train,random_iid
15512,train,random_iid
15513,train,random_iid
15514,train,random_iid
15515,train,random_iid
15516,train,random_iid
15517,train,random_iid
15518,train,random_iid
15519,train,random_iid
15520,train,random_iid
15521,train,random_iid
15522,train,random_iid
15523,train,random_iid
15524,train,random_iid
15525,train,random_iid
15526,train,random_iid
15527,train,random_iid
15529,train,random_iid
15530,train,random_iid
15531,train,random_iid
15533,train,random_iid
15535,train,random_iid
15536,train,random_iid
15537,train,random_iid
15539,train,random_iid
15540,train,random_iid
15541,train,random_iid
15543,train,random_iid
15544,train,random_iid
15546,train,random_iid
15547,train,random_iid
15548,train,random_iid
15549,train,random_iid
15550,train,random_iid
15551,train,random_iid
15552,train,random_iid
15553,train,random_iid
15554,train,random_iid
15557,train,random_iid
15558,train,random_iid
15560,train,random_iid
15561,train,random_iid
15562,train,random_iid
15563,train,random_iid
15564,train,random_iid
15565,train,random_iid
15566,train,random_iid
15569,train,random_iid
15571,train,random_iid
15572,train,random_iid
15573,train,random_iid
15574,train,random_iid
15575,train,random_iid
15576,train,random_iid
15577,train,random_iid
15578,train,random_iid
15580,train,random_iid
15582,train,random_iid
15583,train,random_iid
15584,train,random_iid
15585,train,random_iid
15586,train,random_iid
15587,train,random_iid
15588,train,random_iid
15589,train,random_iid
15591,train,random_iid
15592,train,random_iid
15593,train,random_iid
15594,train,random_iid
15595,train,random_iid
15596,train,random_iid
15597,train,random_iid
15598,train,random_iid
15599,train,random_iid
15600,train,random_iid
15601,train,random_iid
15602,train,random_iid
15604,train,random_iid
15605,train,random_iid
15606,train,random_iid
15607,train,random_iid
15608,train,random_iid
15610,train,random_iid
15612,train,random_iid
15613,train,random_iid
15614,train,random_iid
15615,train,random_iid
15616,train,random_iid
15618,train,random_iid
15620,train,random_iid
15621,train,random_iid
15622,train,random_iid
15623,train,random_iid
15624,train,random_iid
15625,train,random_iid
15627,train,random_iid
15629,train,random_iid
15631,train,random_iid
15632,train,random_iid
15634,train,random_iid
15636,train,random_iid
15637,train,random_iid
15638,train,random_iid
15639,train,random_iid
15640,train,random_iid
15642,train,random_iid
15643,train,random_iid
15644,train,random_iid
15645,train,random_iid
15646,train,random_iid
15647,train,random_iid
15649,train,random_iid
15650,train,random_iid
15651,train,random_iid
15652,train,random_iid
15653,train,random_iid
15654,train,random_iid
15655,train,random_iid
15656,train,random_iid
15657,train,random_iid
15658,train,random_iid
15659,train,random_iid
15661,train,random_iid
15662,train,random_iid
15663,train,random_iid
15664,train,random_iid
15665,train,random_iid
15666,train,random_iid
15668,train,random_iid
15669,train,random_iid
15670,train,random_iid
15671,train,random_iid
15673,train,random_iid
15674,train,random_iid
15677,train,random_iid
15678,train,random_iid
15679,train,random_iid
15680,train,random_iid
15681,train,random_iid
15683,train,random_iid
15684,train,random_iid
15685,train,random_iid
15686,train,random_iid
15688,train,random_iid
15691,train,random_iid
15694,train,random_iid
15697,train,random_iid
15698,train,random_iid
15700,train,random_iid
15701,train,random_iid
15702,train,random_iid
15703,train,random_iid
15704,train,random_iid
15705,train,random_iid
15706,train,random_iid
15708,train,random_iid
15710,train,random_iid
15712,train,random_iid
15713,train,random_iid
15714,train,random_iid
15715,train,random_iid
15716,train,random_iid
15717,train,random_iid
15718,train,random_iid
15719,train,random_iid
15720,train,random_iid
15721,train,random_iid
15722,train,random_iid
15723,train,random_iid
15724,train,random_iid
15725,train,random_iid
15726,train,random_iid
15727,train,random_iid
15728,train,random_iid
15729,train,random_iid
15730,train,random_iid
15732,train,random_iid
15733,train,random_iid
15734,train,random_iid
15735,train,random_iid
15736,train,random_iid
15738,train,random_iid
15739,train,random_iid
15740,train,random_iid
15741,train,random_iid
15742,train,random_iid
15743,train,random_iid
15745,train,random_iid
15746,train,random_iid
15747,train,random_iid
15748,train,random_iid
15749,train,random_iid
15750,train,random_iid
15751,train,random_iid
15752,train,random_iid
15753,train,random_iid
15754,train,random_iid
15755,train,random_iid
15756,train,random_iid
15757,train,random_iid
15758,train,random_iid
15759,train,random_iid
15760,train,random_iid
15761,train,random_iid
15762,train,random_iid
15763,train,random_iid
15764,train,random_iid
15765,train,random_iid
15766,train,random_iid
15767,train,random_iid
15768,train,random_iid
15769,train,random_iid
15770,train,random_iid
15772,train,random_iid
15773,train,random_iid
15774,train,random_iid
15775,train,random_iid
15776,train,random_iid
15777,train,random_iid
15778,train,random_iid
15779,train,random_iid
15780,train,random_iid
15781,train,random_iid
15782,train,random_iid
15783,train,random_iid
15785,train,random_iid
15787,train,random_iid
15788,train,random_iid
15789,train,random_iid
15790,train,random_iid
15793,train,random_iid
15794,train,random_iid
15795,train,random_iid
15796,train,random_iid
15797,train,random_iid
15798,train,random_iid
15799,train,random_iid
15800,train,random_iid
15801,train,random_iid
15803,train,random_iid
15805,train,random_iid
15806,train,random_iid
15807,train,random_iid
15808,train,random_iid
15810,train,random_iid
15811,train,random_iid
15812,train,random_iid
15813,train,random_iid
15814,train,random_iid
15815,train,random_iid
15816,train,random_iid
15819,train,random_iid
15820,train,random_iid
15822,train,random_iid
15823,train,random_iid
15824,train,random_iid
15825,train,random_iid
15826,train,random_iid
15827,train,random_iid
15828,train,random_iid
15829,train,random_iid
15831,train,random_iid
15832,train,random_iid
15833,train,random_iid
15834,train,random_iid
15835,train,random_iid
15836,train,random_iid
15837,train,random_iid
15839,train,random_iid
15840,train,random_iid
15841,train,random_iid
15842,train,random_iid
15843,train,random_iid
15844,train,random_iid
15845,train,random_iid
15846,train,random_iid
15847,train,random_iid
15848,train,random_iid
15851,train,random_iid
15852,train,random_iid
15853,train,random_iid
15854,train,random_iid
15855,train,random_iid
15856,train,random_iid
15857,train,random_iid
15858,train,random_iid
15859,train,random_iid
15860,train,random_iid
15861,train,random_iid
15862,train,random_iid
15863,train,random_iid
15864,train,random_iid
15866,train,random_iid
15868,train,random_iid
15869,train,random_iid
15870,train,random_iid
15871,train,random_iid
15873,train,random_iid
15874,train,random_iid
15880,train,random_iid
15881,train,random_iid
15882,train,random_iid
15883,train,random_iid
15884,train,random_iid
15885,train,random_iid
15886,train,random_iid
15887,train,random_iid
15888,train,random_iid
15889,train,random_iid
15890,train,random_iid
15891,train,random_iid
15892,train,random_iid
15893,train,random_iid
15894,train,random_iid
15895,train,random_iid
15896,train,random_iid
15897,train,random_iid
15899,train,random_iid
15900,train,random_iid
15901,train,random_iid
15902,train,random_iid
15904,train,random_iid
15906,train,random_iid
15908,train,random_iid
15909,train,random_iid
15910,train,random_iid
15913,train,random_iid
15914,train,random_iid
15915,train,random_iid
15918,train,random_iid
15919,train,random_iid
15920,train,random_iid
15921,train,random_iid
15922,train,random_iid
15923,train,random_iid
15924,train,random_iid
15925,train,random_iid
15927,train,random_iid
15929,train,random_iid
15930,train,random_iid
15931,train,random_iid
15932,train,random_iid
15933,train,random_iid
15934,train,random_iid
15935,train,random_iid
15936,train,random_iid
15938,train,random_iid
15939,train,random_iid
15940,train,random_iid
15941,train,random_iid
15942,train,random_iid
15943,train,random_iid
15944,train,random_iid
15945,train,random_iid
15946,train,random_iid
15947,train,random_iid
15948,train,random_iid
15949,train,random_iid
15950,train,random_iid
15951,train,random_iid
15952,train,random_iid
15953,train,random_iid
15955,train,random_iid
15956,train,random_iid
15957,train,random_iid
15958,train,random_iid
15959,train,random_iid
15960,train,random_iid
15962,train,random_iid
15963,train,random_iid
15964,train,random_iid
15965,train,random_iid
15966,train,random_iid
15967,train,random_iid
15968,train,random_iid
15969,train,random_iid
15970,train,random_iid
15971,train,random_iid
15972,train,random_iid
15974,train,random_iid
15976,train,random_iid
15977,train,random_iid
15978,train,random_iid
15979,train,random_iid
15980,train,random_iid
15981,train,random_iid
15983,train,random_iid
15985,train,random_iid
15988,train,random_iid
15990,train,random_iid
15991,train,random_iid
15992,train,random_iid
15993,train,random_iid
15996,train,random_iid
15997,train,random_iid
15999,train,random_iid
16000,train,random_iid
16001,train,random_iid
16002,train,random_iid
16005,train,random_iid
16006,train,random_iid
16009,train,random_iid
16010,train,random_iid
16011,train,random_iid
16012,train,random_iid
16013,train,random_iid
16014,train,random_iid
16015,train,random_iid
16017,train,random_iid
16018,train,random_iid
16019,train,random_iid
16020,train,random_iid
16021,train,random_iid
16022,train,random_iid
16025,train,random_iid
16027,train,random_iid
16028,train,random_iid
16029,train,random_iid
16030,train,random_iid
16031,train,random_iid
16032,train,random_iid
16033,train,random_iid
16034,train,random_iid
16035,train,random_iid
16036,train,random_iid
16037,train,random_iid
16038,train,random_iid
16039,train,random_iid
16040,train,random_iid
16041,train,random_iid
16042,train,random_iid
16043,train,random_iid
16044,train,random_iid
16046,train,random_iid
16048,train,random_iid
16049,train,random_iid
16050,train,random_iid
16051,train,random_iid
16052,train,random_iid
16053,train,random_iid
16054,train,random_iid
16056,train,random_iid
16058,train,random_iid
16059,train,random_iid
16063,train,random_iid
16064,train,random_iid
16065,train,random_iid
16068,train,random_iid
16069,train,random_iid
16070,train,random_iid
16071,train,random_iid
16072,train,random_iid
16074,train,random_iid
16076,train,random_iid
16077,train,random_iid
16079,train,random_iid
16080,train,random_iid
16081,train,random_iid
16083,train,random_iid
16084,train,random_iid
16085,train,random_iid
16086,train,random_iid
16089,train,random_iid
16090,train,random_iid
16091,train,random_iid
16092,train,random_iid
16093,train,random_iid
16094,train,random_iid
16096,train,random_iid
16097,train,random_iid
16098,train,random_iid
16099,train,random_iid
16100,train,random_iid
16102,train,random_iid
16103,train,random_iid
16104,train,random_iid
16105,train,random_iid
16106,train,random_iid
16107,train,random_iid
16108,train,random_iid
16111,train,random_iid
16112,train,random_iid
16113,train,random_iid
16114,train,random_iid
16115,train,random_iid
16116,train,random_iid
16117,train,random_iid
16118,train,random_iid
16119,train,random_iid
16120,train,random_iid
16121,train,random_iid
16122,train,random_iid
16123,train,random_iid
16124,train,random_iid
16125,train,random_iid
16127,train,random_iid
16129,train,random_iid
16130,train,random_iid
16131,train,random_iid
16132,train,random_iid
16133,train,random_iid
16135,train,random_iid
16136,train,random_iid
16137,train,random_iid
16138,train,random_iid
16140,train,random_iid
16141,train,random_iid
16142,train,random_iid
16143,train,random_iid
16144,train,random_iid
16145,train,random_iid
16146,train,random_iid
16147,train,random_iid
16148,train,random_iid
16149,train,random_iid
16150,train,random_iid
16151,train,random_iid
16154,train,random_iid
16155,train,random_iid
16157,train,random_iid
16158,train,random_iid
16159,train,random_iid
16160,train,random_iid
16161,train,random_iid
16162,train,random_iid
16163,train,random_iid
16164,train,random_iid
16165,train,random_iid
16166,train,random_iid
16168,train,random_iid
16169,train,random_iid
16173,train,random_iid
16174,train,random_iid
16175,train,random_iid
16178,train,random_iid
16181,train,random_iid
16182,train,random_iid
16183,train,random_iid
16184,train,random_iid
16185,train,random_iid
16187,train,random_iid
16188,train,random_iid
16189,train,random_iid
16190,train,random_iid
16191,train,random_iid
16192,train,random_iid
16193,train,random_iid
16195,train,random_iid
16196,train,random_iid
16197,train,random_iid
16198,train,random_iid
16200,train,random_iid
16201,train,random_iid
16202,train,random_iid
16203,train,random_iid
16204,train,random_iid
16205,train,random_iid
16206,train,random_iid
16207,train,random_iid
16210,train,random_iid
16212,train,random_iid
16213,train,random_iid
16214,train,random_iid
16215,train,random_iid
16216,train,random_iid
16217,train,random_iid
16218,train,random_iid
16219,train,random_iid
16220,train,random_iid
16221,train,random_iid
16223,train,random_iid
16224,train,random_iid
16225,train,random_iid
16226,train,random_iid
16227,train,random_iid
16230,train,random_iid
16233,train,random_iid
16235,train,random_iid
16236,train,random_iid
16238,train,random_iid
16239,train,random_iid
16241,train,random_iid
16243,train,random_iid
16244,train,random_iid
16246,train,random_iid
16247,train,random_iid
16248,train,random_iid
16249,train,random_iid
16250,train,random_iid
16252,train,random_iid
16254,train,random_iid
16255,train,random_iid
16256,train,random_iid
16257,train,random_iid
16258,train,random_iid
16259,train,random_iid
16260,train,random_iid
16261,train,random_iid
16265,train,random_iid
16266,train,random_iid
16267,train,random_iid
16270,train,random_iid
16271,train,random_iid
16272,train,random_iid
16275,train,random_iid
16276,train,random_iid
16278,train,random_iid
16280,train,random_iid
16281,train,random_iid
16282,train,random_iid
16283,train,random_iid
16284,train,random_iid
16285,train,random_iid
16286,train,random_iid
16287,train,random_iid
16288,train,random_iid
16290,train,random_iid
16291,train,random_iid
16292,train,random_iid
16293,train,random_iid
16294,train,random_iid
16295,train,random_iid
16297,train,random_iid
16298,train,random_iid
16299,train,random_iid
16300,train,random_iid
16302,train,random_iid
16303,train,random_iid
16304,train,random_iid
16305,train,random_iid
16306,train,random_iid
16308,train,random_iid
16309,train,random_iid
16310,train,random_iid
16311,train,random_iid
16312,train,random_iid
16313,train,random_iid
16314,train,random_iid
16315,train,random_iid
16316,train,random_iid
16317,train,random_iid
16319,train,random_iid
16320,train,random_iid
16321,train,random_iid
16322,train,random_iid
16323,train,random_iid
16324,train,random_iid
16326,train,random_iid
16327,train,random_iid
16328,train,random_iid
16329,train,random_iid
16330,train,random_iid
16332,train,random_iid
16333,train,random_iid
16334,train,random_iid
16335,train,random_iid
16336,train,random_iid
16338,train,random_iid
16339,train,random_iid
16341,train,random_iid
16342,train,random_iid
16345,train,random_iid
16346,train,random_iid
16347,train,random_iid
16348,train,random_iid
16349,train,random_iid
16350,train,random_iid
16352,train,random_iid
16353,train,random_iid
16354,train,random_iid
16355,train,random_iid
16356,train,random_iid
16357,train,random_iid
16358,train,random_iid
16362,train,random_iid
16363,train,random_iid
16364,train,random_iid
16365,train,random_iid
16366,train,random_iid
16367,train,random_iid
16368,train,random_iid
16369,train,random_iid
16370,train,random_iid
16372,train,random_iid
16373,train,random_iid
16374,train,random_iid
16375,train,random_iid
16376,train,random_iid
16377,train,random_iid
16378,train,random_iid
16379,train,random_iid
16380,train,random_iid
16381,train,random_iid
16383,train,random_iid
16385,train,random_iid
16386,train,random_iid
16387,train,random_iid
16388,train,random_iid
16389,train,random_iid
16390,train,random_iid
16391,train,random_iid
16392,train,random_iid
16393,train,random_iid
16394,train,random_iid
16395,train,random_iid
16396,train,random_iid
16397,train,random_iid
16398,train,random_iid
16400,train,random_iid
16401,train,random_iid
16402,train,random_iid
16404,train,random_iid
16405,train,random_iid
16407,train,random_iid
16408,train,random_iid
16409,train,random_iid
16410,train,random_iid
16411,train,random_iid
16412,train,random_iid
16413,train,random_iid
16417,train,random_iid
16419,train,random_iid
16420,train,random_iid
16421,train,random_iid
16422,train,random_iid
16424,train,random_iid
16425,train,random_iid
16428,train,random_iid
16429,train,random_iid
16430,train,random_iid
16431,train,random_iid
16432,train,random_iid
16433,train,random_iid
16434,train,random_iid
16435,train,random_iid
16437,train,random_iid
16438,train,random_iid
16440,train,random_iid
16442,train,random_iid
16443,train,random_iid
16444,train,random_iid
16445,train,random_iid
16447,train,random_iid
16449,train,random_iid
16451,train,random_iid
16452,train,random_iid
16453,train,random_iid
16454,train,random_iid
16455,train,random_iid
16456,train,random_iid
16457,train,random_iid
16458,train,random_iid
16460,train,random_iid
16461,train,random_iid
16462,train,random_iid
16463,train,random_iid
16464,train,random_iid
16465,train,random_iid
16466,train,random_iid
16469,train,random_iid
16470,train,random_iid
16471,train,random_iid
16472,train,random_iid
16475,train,random_iid
16476,train,random_iid
16477,train,random_iid
16479,train,random_iid
16480,train,random_iid
16481,train,random_iid
16483,train,random_iid
16485,train,random_iid
16486,train,random_iid
16487,train,random_iid
16488,train,random_iid
16489,train,random_iid
16490,train,random_iid
16491,train,random_iid
16492,train,random_iid
16494,train,random_iid
16495,train,random_iid
16496,train,random_iid
16497,train,random_iid
16498,train,random_iid
16499,train,random_iid
16500,train,random_iid
16501,train,random_iid
16502,train,random_iid
16503,train,random_iid
16504,train,random_iid
16505,train,random_iid
16506,train,random_iid
16507,train,random_iid
16509,train,random_iid
16511,train,random_iid
16512,train,random_iid
16513,train,random_iid
16514,train,random_iid
16516,train,random_iid
16517,train,random_iid
16518,train,random_iid
16519,train,random_iid
16520,train,random_iid
16521,train,random_iid
16522,train,random_iid
16524,train,random_iid
16525,train,random_iid
16526,train,random_iid
16527,train,random_iid
16528,train,random_iid
16529,train,random_iid
16530,train,random_iid
16531,train,random_iid
16533,train,random_iid
16534,train,random_iid
16535,train,random_iid
16536,train,random_iid
16538,train,random_iid
16539,train,random_iid
16540,train,random_iid
16543,train,random_iid
16544,train,random_iid
16546,train,random_iid
16548,train,random_iid
16549,train,random_iid
16550,train,random_iid
16551,train,random_iid
16552,train,random_iid
16553,train,random_iid
16554,train,random_iid
16555,train,random_iid
16556,train,random_iid
16557,train,random_iid
16558,train,random_iid
16560,train,random_iid
16561,train,random_iid
16562,train,random_iid
16563,train,random_iid
16564,train,random_iid
16565,train,random_iid
16569,train,random_iid
16570,train,random_iid
16571,train,random_iid
16572,train,random_iid
16575,train,random_iid
16576,train,random_iid
16577,train,random_iid
16578,train,random_iid
16579,train,random_iid
16580,train,random_iid
16582,train,random_iid
16583,train,random_iid
16585,train,random_iid
16587,train,random_iid
16589,train,random_iid
16592,train,random_iid
16593,train,random_iid
16594,train,random_iid
16595,train,random_iid
16597,train,random_iid
16599,train,random_iid
16600,train,random_iid
16601,train,random_iid
16603,train,random_iid
16604,train,random_iid
16606,train,random_iid
16608,train,random_iid
16609,train,random_iid
16610,train,random_iid
16612,train,random_iid
16613,train,random_iid
16616,train,random_iid
16617,train,random_iid
16618,train,random_iid
16620,train,random_iid
16622,train,random_iid
16623,train,random_iid
16624,train,random_iid
16625,train,random_iid
16626,train,random_iid
16627,train,random_iid
16629,train,random_iid
16630,train,random_iid
16631,train,random_iid
16632,train,random_iid
16634,train,random_iid
16635,train,random_iid
16636,train,random_iid
16639,train,random_iid
16642,train,random_iid
16644,train,random_iid
16645,train,random_iid
16646,train,random_iid
16647,train,random_iid
16648,train,random_iid
16649,train,random_iid
16650,train,random_iid
16651,train,random_iid
16652,train,random_iid
16653,train,random_iid
16654,train,random_iid
16655,train,random_iid
16657,train,random_iid
16658,train,random_iid
16659,train,random_iid
16661,train,random_iid
16662,train,random_iid
16663,train,random_iid
16664,train,random_iid
16665,train,random_iid
16666,train,random_iid
16667,train,random_iid
16669,train,random_iid
16670,train,random_iid
16672,train,random_iid
16673,train,random_iid
16674,train,random_iid
16675,train,random_iid
16676,train,random_iid
16677,train,random_iid
16678,train,random_iid
16681,train,random_iid
16682,train,random_iid
16683,train,random_iid
16686,train,random_iid
16688,train,random_iid
16690,train,random_iid
16691,train,random_iid
16692,train,random_iid
16694,train,random_iid
16695,train,random_iid
16696,train,random_iid
16697,train,random_iid
16698,train,random_iid
16699,train,random_iid
16700,train,random_iid
16701,train,random_iid
16703,train,random_iid
16704,train,random_iid
16705,train,random_iid
16706,train,random_iid
16707,train,random_iid
16708,train,random_iid
16709,train,random_iid
16710,train,random_iid
16711,train,random_iid
16712,train,random_iid
16713,train,random_iid
16714,train,random_iid
16715,train,random_iid
16716,train,random_iid
16718,train,random_iid
16719,train,random_iid
16720,train,random_iid
16721,train,random_iid
16722,train,random_iid
16723,train,random_iid
16724,train,random_iid
16725,train,random_iid
16726,train,random_iid
16728,train,random_iid
16729,train,random_iid
16730,train,random_iid
16731,train,random_iid
16732,train,random_iid
16734,train,random_iid
16735,train,random_iid
16736,train,random_iid
16737,train,random_iid
16740,train,random_iid
16741,train,random_iid
16744,train,random_iid
16745,train,random_iid
16747,train,random_iid
16748,train,random_iid
16749,train,random_iid
16750,train,random_iid
16751,train,random_iid
16752,train,random_iid
16753,train,random_iid
16754,train,random_iid
16756,train,random_iid
16757,train,random_iid
16760,train,random_iid
16762,train,random_iid
16763,train,random_iid
16764,train,random_iid
16765,train,random_iid
16766,train,random_iid
16767,train,random_iid
16768,train,random_iid
16769,train,random_iid
16770,train,random_iid
16771,train,random_iid
16772,train,random_iid
16775,train,random_iid
16777,train,random_iid
16778,train,random_iid
16779,train,random_iid
16780,train,random_iid
16781,train,random_iid
16782,train,random_iid
16783,train,random_iid
16784,train,random_iid
16786,train,random_iid
16787,train,random_iid
16788,train,random_iid
16790,train,random_iid
16791,train,random_iid
16793,train,random_iid
16794,train,random_iid
16798,train,random_iid
16800,train,random_iid
16801,train,random_iid
16802,train,random_iid
16803,train,random_iid
16804,train,random_iid
16805,train,random_iid
16806,train,random_iid
16807,train,random_iid
16809,train,random_iid
16810,train,random_iid
16811,train,random_iid
16812,train,random_iid
16815,train,random_iid
16817,train,random_iid
16818,train,random_iid
16819,train,random_iid
16821,train,random_iid
16822,train,random_iid
16824,train,random_iid
16825,train,random_iid
16826,train,random_iid
16827,train,random_iid
16828,train,random_iid
16829,train,random_iid
16830,train,random_iid
16831,train,random_iid
16832,train,random_iid
16833,train,random_iid
16834,train,random_iid
16835,train,random_iid
16836,train,random_iid
16837,train,random_iid
16838,train,random_iid
16839,train,random_iid
16840,train,random_iid
16841,train,random_iid
16842,train,random_iid
16843,train,random_iid
16844,train,random_iid
16845,train,random_iid
16846,train,random_iid
16847,train,random_iid
16848,train,random_iid
16849,train,random_iid
16850,train,random_iid
16851,train,random_iid
16852,train,random_iid
16853,train,random_iid
16856,train,random_iid
16857,train,random_iid
16859,train,random_iid
16860,train,random_iid
16862,train,random_iid
16863,train,random_iid
16864,train,random_iid
16865,train,random_iid
16866,train,random_iid
16867,train,random_iid
16868,train,random_iid
16871,train,random_iid
16872,train,random_iid
16873,train,random_iid
16874,train,random_iid
16875,train,random_iid
16876,train,random_iid
16878,train,random_iid
16879,train,random_iid
16881,train,random_iid
16882,train,random_iid
16884,train,random_iid
16885,train,random_iid
16887,train,random_iid
16888,train,random_iid
16889,train,random_iid
16890,train,random_iid
16892,train,random_iid
16893,train,random_iid
16894,train,random_iid
16895,train,random_iid
16897,train,random_iid
16898,train,random_iid
16899,train,random_iid
16900,train,random_iid
16901,train,random_iid
16902,train,random_iid
16903,train,random_iid
16904,train,random_iid
16905,train,random_iid
16906,train,random_iid
16907,train,random_iid
16908,train,random_iid
16909,train,random_iid
16910,train,random_iid
16911,train,random_iid
16912,train,random_iid
16913,train,random_iid
16914,train,random_iid
16915,train,random_iid
16917,train,random_iid
16918,train,random_iid
16920,train,random_iid
16921,train,random_iid
16922,train,random_iid
16923,train,random_iid
16925,train,random_iid
16926,train,random_iid
16928,train,random_iid
16930,train,random_iid
16931,train,random_iid
16932,train,random_iid
16933,train,random_iid
16934,train,random_iid
16936,train,random_iid
16937,train,random_iid
16938,train,random_iid
16940,train,random_iid
16942,train,random_iid
16943,train,random_iid
16944,train,random_iid
16946,train,random_iid
16948,train,random_iid
16950,train,random_iid
16951,train,random_iid
16952,train,random_iid
16953,train,random_iid
16954,train,random_iid
16955,train,random_iid
16956,train,random_iid
16957,train,random_iid
16958,train,random_iid
16959,train,random_iid
16960,train,random_iid
16962,train,random_iid
16963,train,random_iid
16965,train,random_iid
16967,train,random_iid
16969,train,random_iid
16973,train,random_iid
16974,train,random_iid
16975,train,random_iid
16976,train,random_iid
16977,train,random_iid
16978,train,random_iid
16979,train,random_iid
16980,train,random_iid
16981,train,random_iid
16982,train,random_iid
16983,train,random_iid
16985,train,random_iid
16986,train,random_iid
16987,train,random_iid
16988,train,random_iid
16990,train,random_iid
16991,train,random_iid
16992,train,random_iid
16993,train,random_iid
16994,train,random_iid
16995,train,random_iid
16997,train,random_iid
16998,train,random_iid
16999,train,random_iid
17000,train,random_iid
17001,train,random_iid
17002,train,random_iid
17003,train,random_iid
17004,train,random_iid
17005,train,random_iid
17006,train,random_iid
17007,train,random_iid
17008,train,random_iid
17010,train,random_iid
17012,train,random_iid
17014,train,random_iid
17015,train,random_iid
17016,train,random_iid
17017,train,random_iid
17018,train,random_iid
17019,train,random_iid
17020,train,random_iid
17021,train,random_iid
17022,train,random_iid
17023,train,random_iid
17024,train,random_iid
17025,train,random_iid
17026,train,random_iid
17027,train,random_iid
17029,train,random_iid
17030,train,random_iid
17031,train,random_iid
17032,train,random_iid
17033,train,random_iid
17036,train,random_iid
17037,train,random_iid
17038,train,random_iid
17039,train,random_iid
17041,train,random_iid
17043,train,random_iid
17044,train,random_iid
17045,train,random_iid
17046,train,random_iid
17047,train,random_iid
17048,train,random_iid
17049,train,random_iid
17050,train,random_iid
17051,train,random_iid
17053,train,random_iid
17054,train,random_iid
17055,train,random_iid
17056,train,random_iid
17057,train,random_iid
17058,train,random_iid
17059,train,random_iid
17061,train,random_iid
17063,train,random_iid
17064,train,random_iid
17065,train,random_iid
17066,train,random_iid
17067,train,random_iid
17068,train,random_iid
17069,train,random_iid
17070,train,random_iid
17071,train,random_iid
17072,train,random_iid
17073,train,random_iid
17074,train,random_iid
17075,train,random_iid
17076,train,random_iid
17077,train,random_iid
17078,train,random_iid
17079,train,random_iid
17081,train,random_iid
17082,train,random_iid
17083,train,random_iid
17084,train,random_iid
17085,train,random_iid
17086,train,random_iid
17087,train,random_iid
17088,train,random_iid
17089,train,random_iid
17090,train,random_iid
17092,train,random_iid
17093,train,random_iid
17094,train,random_iid
17095,train,random_iid
17096,train,random_iid
17097,train,random_iid
17098,train,random_iid
17099,train,random_iid
17100,train,random_iid
17102,train,random_iid
17103,train,random_iid
17105,train,random_iid
17106,train,random_iid
17107,train,random_iid
17108,train,random_iid
17109,train,random_iid
17110,train,random_iid
17111,train,random_iid
17112,train,random_iid
17114,train,random_iid
17115,train,random_iid
17116,train,random_iid
17117,train,random_iid
17118,train,random_iid
17119,train,random_iid
17120,train,random_iid
17124,train,random_iid
17126,train,random_iid
17127,train,random_iid
17128,train,random_iid
17131,train,random_iid
17133,train,random_iid
17134,train,random_iid
17136,train,random_iid
17137,train,random_iid
17138,train,random_iid
17139,train,random_iid
17140,train,random_iid
17141,train,random_iid
17143,train,random_iid
17144,train,random_iid
17145,train,random_iid
17146,train,random_iid
17147,train,random_iid
17150,train,random_iid
17151,train,random_iid
17152,train,random_iid
17153,train,random_iid
17155,train,random_iid
17156,train,random_iid
17157,train,random_iid
17158,train,random_iid
17159,train,random_iid
17161,train,random_iid
17162,train,random_iid
17163,train,random_iid
17164,train,random_iid
17167,train,random_iid
17168,train,random_iid
17174,train,random_iid
17175,train,random_iid
17176,train,random_iid
17177,train,random_iid
17178,train,random_iid
17179,train,random_iid
17180,train,random_iid
17181,train,random_iid
17182,train,random_iid
17183,train,random_iid
17184,train,random_iid
17185,train,random_iid
17187,train,random_iid
17188,train,random_iid
17189,train,random_iid
17190,train,random_iid
17192,train,random_iid
17193,train,random_iid
17196,train,random_iid
17197,train,random_iid
17198,train,random_iid
17199,train,random_iid
17200,train,random_iid
17202,train,random_iid
17205,train,random_iid
17206,train,random_iid
17207,train,random_iid
17208,train,random_iid
17209,train,random_iid
17211,train,random_iid
17213,train,random_iid
17214,train,random_iid
17216,train,random_iid
17217,train,random_iid
17218,train,random_iid
17221,train,random_iid
17222,train,random_iid
17223,train,random_iid
17225,train,random_iid
17226,train,random_iid
17227,train,random_iid
17228,train,random_iid
17229,train,random_iid
17230,train,random_iid
17231,train,random_iid
17232,train,random_iid
17234,train,random_iid
17236,train,random_iid
17237,train,random_iid
17239,train,random_iid
17241,train,random_iid
17242,train,random_iid
17243,train,random_iid
17245,train,random_iid
17247,train,random_iid
17248,train,random_iid
17249,train,random_iid
17251,train,random_iid
17252,train,random_iid
17253,train,random_iid
17255,train,random_iid
17256,train,random_iid
17257,train,random_iid
17258,train,random_iid
17259,train,random_iid
17260,train,random_iid
17261,train,random_iid
17263,train,random_iid
17264,train,random_iid
17265,train,random_iid
17266,train,random_iid
17267,train,random_iid
17269,train,random_iid
17270,train,random_iid
17271,train,random_iid
17272,train,random_iid
17275,train,random_iid
17276,train,random_iid
17277,train,random_iid
17278,train,random_iid
17279,train,random_iid
17280,train,random_iid
17281,train,random_iid
17282,train,random_iid
17283,train,random_iid
17284,train,random_iid
17285,train,random_iid
17286,train,random_iid
17287,train,random_iid
17288,train,random_iid
17289,train,random_iid
17290,train,random_iid
17291,train,random_iid
17293,train,random_iid
17294,train,random_iid
17295,train,random_iid
17296,train,random_iid
17297,train,random_iid
17298,train,random_iid
17299,train,random_iid
17300,train,random_iid
17301,train,random_iid
17303,train,random_iid
17304,train,random_iid
17305,train,random_iid
17306,train,random_iid
17307,train,random_iid
17310,train,random_iid
17311,train,random_iid
17312,train,random_iid
17313,train,random_iid
17314,train,random_iid
17316,train,random_iid
17317,train,random_iid
17318,train,random_iid
17320,train,random_iid
17321,train,random_iid
17322,train,random_iid
17323,train,random_iid
17325,train,random_iid
17326,train,random_iid
17328,train,random_iid
17329,train,random_iid
17330,train,random_iid
17331,train,random_iid
17332,train,random_iid
17333,train,random_iid
17334,train,random_iid
17336,train,random_iid
17337,train,random_iid
17338,train,random_iid
17339,train,random_iid
17340,train,random_iid
17341,train,random_iid
17342,train,random_iid
17343,train,random_iid
17345,train,random_iid
17346,train,random_iid
17347,train,random_iid
17348,train,random_iid
17350,train,random_iid
17351,train,random_iid
17352,train,random_iid
17353,train,random_iid
17354,train,random_iid
17355,train,random_iid
17356,train,random_iid
17358,train,random_iid
17359,train,random_iid
17360,train,random_iid
17361,train,random_iid
17364,train,random_iid
17365,train,random_iid
17366,train,random_iid
17367,train,random_iid
17369,train,random_iid
17370,train,random_iid
17371,train,random_iid
17372,train,random_iid
17373,train,random_iid
17374,train,random_iid
17375,train,random_iid
17376,train,random_iid
17377,train,random_iid
17378,train,random_iid
17381,train,random_iid
17382,train,random_iid
17383,train,random_iid
17384,train,random_iid
17386,train,random_iid
17387,train,random_iid
17391,train,random_iid
17392,train,random_iid
17393,train,random_iid
17394,train,random_iid
17395,train,random_iid
17397,train,random_iid
17398,train,random_iid
17399,train,random_iid
17400,train,random_iid
17401,train,random_iid
17402,train,random_iid
17403,train,random_iid
17404,train,random_iid
17405,train,random_iid
17407,train,random_iid
17408,train,random_iid
17409,train,random_iid
17410,train,random_iid
17411,train,random_iid
17412,train,random_iid
17413,train,random_iid
17415,train,random_iid
17416,train,random_iid
17417,train,random_iid
17418,train,random_iid
17420,train,random_iid
17421,train,random_iid
17422,train,random_iid
17424,train,random_iid
17425,train,random_iid
17426,train,random_iid
17427,train,random_iid
17428,train,random_iid
17429,train,random_iid
17432,train,random_iid
17433,train,random_iid
17434,train,random_iid
17435,train,random_iid
17436,train,random_iid
17437,train,random_iid
17439,train,random_iid
17441,train,random_iid
17443,train,random_iid
17444,train,random_iid
17445,train,random_iid
17446,train,random_iid
17447,train,random_iid
17448,train,random_iid
17449,train,random_iid
17450,train,random_iid
17453,train,random_iid
17454,train,random_iid
17455,train,random_iid
17456,train,random_iid
17458,train,random_iid
17459,train,random_iid
17460,train,random_iid
17461,train,random_iid
17462,train,random_iid
17464,train,random_iid
17465,train,random_iid
17466,train,random_iid
17468,train,random_iid
17469,train,random_iid
17470,train,random_iid
17471,train,random_iid
17472,train,random_iid
17473,train,random_iid
17474,train,random_iid
17475,train,random_iid
17476,train,random_iid
17477,train,random_iid
17478,train,random_iid
17479,train,random_iid
17480,train,random_iid
17482,train,random_iid
17483,train,random_iid
17485,train,random_iid
17486,train,random_iid
17487,train,random_iid
17489,train,random_iid
17491,train,random_iid
17492,train,random_iid
17494,train,random_iid
17495,train,random_iid
17496,train,random_iid
17498,train,random_iid
17499,train,random_iid
17500,train,random_iid
17501,train,random_iid
17502,train,random_iid
17503,train,random_iid
17504,train,random_iid
17505,train,random_iid
17506,train,random_iid
17507,train,random_iid
17508,train,random_iid
17509,train,random_iid
17510,train,random_iid
17512,train,random_iid
17513,train,random_iid
17514,train,random_iid
17515,train,random_iid
17516,train,random_iid
17517,train,random_iid
17518,train,random_iid
17519,train,random_iid
17520,train,random_iid
17521,train,random_iid
17522,train,random_iid
17523,train,random_iid
17524,train,random_iid
17525,train,random_iid
17527,train,random_iid
17528,train,random_iid
17530,train,random_iid
17531,train,random_iid
17532,train,random_iid
17533,train,random_iid
17534,train,random_iid
17537,train,random_iid
17539,train,random_iid
17540,train,random_iid
17541,train,random_iid
17543,train,random_iid
17545,train,random_iid
17546,train,random_iid
17547,train,random_iid
17548,train,random_iid
17549,train,random_iid
17550,train,random_iid
17551,train,random_iid
17552,train,random_iid
17555,train,random_iid
17557,train,random_iid
17558,train,random_iid
17559,train,random_iid
17561,train,random_iid
17562,train,random_iid
17563,train,random_iid
17564,train,random_iid
17565,train,random_iid
17566,train,random_iid
17567,train,random_iid
17568,train,random_iid
17569,train,random_iid
17570,train,random_iid
17571,train,random_iid
17573,train,random_iid
17576,train,random_iid
17577,train,random_iid
17579,train,random_iid
17580,train,random_iid
17581,train,random_iid
17582,train,random_iid
17583,train,random_iid
17584,train,random_iid
17585,train,random_iid
17586,train,random_iid
17587,train,random_iid
17588,train,random_iid
17589,train,random_iid
17590,train,random_iid
17591,train,random_iid
17593,train,random_iid
17594,train,random_iid
17595,train,random_iid
17599,train,random_iid
17600,train,random_iid
17601,train,random_iid
17602,train,random_iid
17604,train,random_iid
17605,train,random_iid
17606,train,random_iid
17607,train,random_iid
17609,train,random_iid
17610,train,random_iid
17611,train,random_iid
17612,train,random_iid
17613,train,random_iid
17614,train,random_iid
17615,train,random_iid
17616,train,random_iid
17617,train,random_iid
17618,train,random_iid
17620,train,random_iid
17622,train,random_iid
17624,train,random_iid
17625,train,random_iid
17626,train,random_iid
17627,train,random_iid
17629,train,random_iid
17630,train,random_iid
17631,train,random_iid
17632,train,random_iid
17633,train,random_iid
17634,train,random_iid
17635,train,random_iid
17636,train,random_iid
17638,train,random_iid
17639,train,random_iid
17640,train,random_iid
17641,train,random_iid
17643,train,random_iid
17645,train,random_iid
17648,train,random_iid
17649,train,random_iid
17650,train,random_iid
17651,train,random_iid
17652,train,random_iid
17653,train,random_iid
17654,train,random_iid
17655,train,random_iid
17656,train,random_iid
17657,train,random_iid
17660,train,random_iid
17661,train,random_iid
17663,train,random_iid
17664,train,random_iid
17665,train,random_iid
17666,train,random_iid
17667,train,random_iid
17668,train,random_iid
17669,train,random_iid
17670,train,random_iid
17671,train,random_iid
17672,train,random_iid
17673,train,random_iid
17674,train,random_iid
17676,train,random_iid
17677,train,random_iid
17679,train,random_iid
17680,train,random_iid
17681,train,random_iid
17684,train,random_iid
17685,train,random_iid
17687,train,random_iid
17688,train,random_iid
17689,train,random_iid
17690,train,random_iid
17691,train,random_iid
17692,train,random_iid
17693,train,random_iid
17694,train,random_iid
17695,train,random_iid
17696,train,random_iid
17697,train,random_iid
17698,train,random_iid
17699,train,random_iid
17700,train,random_iid
17701,train,random_iid
17702,train,random_iid
17704,train,random_iid
17705,train,random_iid
17706,train,random_iid
17708,train,random_iid
17709,train,random_iid
17710,train,random_iid
17711,train,random_iid
17712,train,random_iid
17713,train,random_iid
17714,train,random_iid
17715,train,random_iid
17716,train,random_iid
17717,train,random_iid
17718,train,random_iid
17719,train,random_iid
17720,train,random_iid
17721,train,random_iid
17722,train,random_iid
17723,train,random_iid
17724,train,random_iid
17725,train,random_iid
17726,train,random_iid
17727,train,random_iid
17728,train,random_iid
17730,train,random_iid
17732,train,random_iid
17733,train,random_iid
17734,train,random_iid
17735,train,random_iid
17736,train,random_iid
17737,train,random_iid
17739,train,random_iid
17741,train,random_iid
17742,train,random_iid
17743,train,random_iid
17744,train,random_iid
17745,train,random_iid
17746,train,random_iid
17747,train,random_iid
17748,train,random_iid
17749,train,random_iid
17750,train,random_iid
17753,train,random_iid
17754,train,random_iid
17755,train,random_iid
17757,train,random_iid
17758,train,random_iid
17759,train,random_iid
17760,train,random_iid
17764,train,random_iid
17766,train,random_iid
17767,train,random_iid
17768,train,random_iid
17770,train,random_iid
17771,train,random_iid
17772,train,random_iid
17774,train,random_iid
17775,train,random_iid
17776,train,random_iid
17777,train,random_iid
17778,train,random_iid
17779,train,random_iid
17780,train,random_iid
17781,train,random_iid
17782,train,random_iid
17783,train,random_iid
17784,train,random_iid
17785,train,random_iid
17786,train,random_iid
17787,train,random_iid
17790,train,random_iid
17792,train,random_iid
17793,train,random_iid
17795,train,random_iid
17796,train,random_iid
17797,train,random_iid
17798,train,random_iid
17799,train,random_iid
17800,train,random_iid
17801,train,random_iid
17802,train,random_iid
17803,train,random_iid
17804,train,random_iid
17805,train,random_iid
17806,train,random_iid
17807,train,random_iid
17808,train,random_iid
17809,train,random_iid
17810,train,random_iid
17811,train,random_iid
17812,train,random_iid
17814,train,random_iid
17815,train,random_iid
17816,train,random_iid
17818,train,random_iid
17819,train,random_iid
17820,train,random_iid
17821,train,random_iid
17823,train,random_iid
17824,train,random_iid
17826,train,random_iid
17830,train,random_iid
17831,train,random_iid
17832,train,random_iid
17833,train,random_iid
17834,train,random_iid
17835,train,random_iid
17836,train,random_iid
17837,train,random_iid
17838,train,random_iid
17839,train,random_iid
17840,train,random_iid
17841,train,random_iid
17842,train,random_iid
17844,train,random_iid
17845,train,random_iid
17846,train,random_iid
17848,train,random_iid
17849,train,random_iid
17850,train,random_iid
17852,train,random_iid
17853,train,random_iid
17854,train,random_iid
17855,train,random_iid
17856,train,random_iid
17857,train,random_iid
17858,train,random_iid
17859,train,random_iid
17860,train,random_iid
17861,train,random_iid
17862,train,random_iid
17863,train,random_iid
17865,train,random_iid
17866,train,random_iid
17867,train,random_iid
17868,train,random_iid
17869,train,random_iid
17870,train,random_iid
17872,train,random_iid
17873,train,random_iid
17874,train,random_iid
17875,train,random_iid
17876,train,random_iid
17878,train,random_iid
17879,train,random_iid
17880,train,random_iid
17882,train,random_iid
17883,train,random_iid
17884,train,random_iid
17886,train,random_iid
17887,train,random_iid
17888,train,random_iid
17889,train,random_iid
17890,train,random_iid
17891,train,random_iid
17893,train,random_iid
17894,train,random_iid
17895,train,random_iid
17896,train,random_iid
17897,train,random_iid
17899,train,random_iid
17900,train,random_iid
17901,train,random_iid
17903,train,random_iid
17904,train,random_iid
17906,train,random_iid
17907,train,random_iid
17908,train,random_iid
17909,train,random_iid
17910,train,random_iid
17911,train,random_iid
17912,train,random_iid
17913,train,random_iid
17914,train,random_iid
17915,train,random_iid
17916,train,random_iid
17917,train,random_iid
17920,train,random_iid
17921,train,random_iid
17922,train,random_iid
17924,train,random_iid
17929,train,random_iid
17930,train,random_iid
17931,train,random_iid
17933,train,random_iid
17934,train,random_iid
17935,train,random_iid
17936,train,random_iid
17940,train,random_iid
17941,train,random_iid
17942,train,random_iid
17943,train,random_iid
17944,train,random_iid
17945,train,random_iid
17946,train,random_iid
17947,train,random_iid
17948,train,random_iid
17949,train,random_iid
17951,train,random_iid
17952,train,random_iid
17954,train,random_iid
17955,train,random_iid
17956,train,random_iid
17957,train,random_iid
17958,train,random_iid
17959,train,random_iid
17960,train,random_iid
17961,train,random_iid
17962,train,random_iid
17963,train,random_iid
17965,train,random_iid
17966,train,random_iid
17967,train,random_iid
17968,train,random_iid
17969,train,random_iid
17971,train,random_iid
17972,train,random_iid
17973,train,random_iid
17975,train,random_iid
17977,train,random_iid
17978,train,random_iid
17979,train,random_iid
17980,train,random_iid
17981,train,random_iid
17982,train,random_iid
17983,train,random_iid
17984,train,random_iid
17986,train,random_iid
17987,train,random_iid
17988,train,random_iid
17991,train,random_iid
17992,train,random_iid
17993,train,random_iid
17994,train,random_iid
17995,train,random_iid
17996,train,random_iid
17997,train,random_iid
17998,train,random_iid
17999,train,random_iid
18001,train,random_iid
18002,train,random_iid
18003,train,random_iid
18005,train,random_iid
18006,train,random_iid
18007,train,random_iid
18008,train,random_iid
18009,train,random_iid
18010,train,random_iid
18011,train,random_iid
18014,train,random_iid
18015,train,random_iid
18016,train,random_iid
18017,train,random_iid
18018,train,random_iid
18019,train,random_iid
18020,train,random_iid
18023,train,random_iid
18025,train,random_iid
18026,train,random_iid
18027,train,random_iid
18028,train,random_iid
18029,train,random_iid
18030,train,random_iid
18031,train,random_iid
18032,train,random_iid
18033,train,random_iid
18034,train,random_iid
18035,train,random_iid
18038,train,random_iid
18039,train,random_iid
18040,train,random_iid
18041,train,random_iid
18042,train,random_iid
18044,train,random_iid
18045,train,random_iid
18046,train,random_iid
18047,train,random_iid
18048,train,random_iid
18049,train,random_iid
18050,train,random_iid
18051,train,random_iid
18053,train,random_iid
18056,train,random_iid
18057,train,random_iid
18058,train,random_iid
18059,train,random_iid
18060,train,random_iid
18061,train,random_iid
18062,train,random_iid
18063,train,random_iid
18064,train,random_iid
18065,train,random_iid
18066,train,random_iid
18067,train,random_iid
18068,train,random_iid
18069,train,random_iid
18070,train,random_iid
18072,train,random_iid
18073,train,random_iid
18074,train,random_iid
18075,train,random_iid
18076,train,random_iid
18077,train,random_iid
18078,train,random_iid
18079,train,random_iid
18081,train,random_iid
18082,train,random_iid
18083,train,random_iid
18084,train,random_iid
18085,train,random_iid
18086,train,random_iid
18087,train,random_iid
18089,train,random_iid
18090,train,random_iid
18091,train,random_iid
18092,train,random_iid
18093,train,random_iid
18094,train,random_iid
18095,train,random_iid
18096,train,random_iid
18098,train,random_iid
18099,train,random_iid
18100,train,random_iid
18101,train,random_iid
18105,train,random_iid
18106,train,random_iid
18107,train,random_iid
18109,train,random_iid
18110,train,random_iid
18111,train,random_iid
18112,train,random_iid
18115,train,random_iid
18116,train,random_iid
18117,train,random_iid
18118,train,random_iid
18120,train,random_iid
18121,train,random_iid
18122,train,random_iid
18125,train,random_iid
18126,train,random_iid
18129,train,random_iid
18131,train,random_iid
18132,train,random_iid
18133,train,random_iid
18134,train,random_iid
18136,train,random_iid
18137,train,random_iid
18138,train,random_iid
18140,train,random_iid
18141,train,random_iid
18142,train,random_iid
18143,train,random_iid
18144,train,random_iid
18146,train,random_iid
18147,train,random_iid
18148,train,random_iid
18150,train,random_iid
18151,train,random_iid
18152,train,random_iid
18153,train,random_iid
18154,train,random_iid
18155,train,random_iid
18156,train,random_iid
18157,train,random_iid
18158,train,random_iid
18159,train,random_iid
18160,train,random_iid
18161,train,random_iid
18162,train,random_iid
18163,train,random_iid
18164,train,random_iid
18165,train,random_iid
18166,train,random_iid
18167,train,random_iid
18168,train,random_iid
18169,train,random_iid
18170,train,random_iid
18172,train,random_iid
18173,train,random_iid
18174,train,random_iid
18175,train,random_iid
18176,train,random_iid
18177,train,random_iid
18178,train,random_iid
18179,train,random_iid
18180,train,random_iid
18181,train,random_iid
18182,train,random_iid
18183,train,random_iid
18184,train,random_iid
18185,train,random_iid
18186,train,random_iid
18187,train,random_iid
18188,train,random_iid
18189,train,random_iid
18193,train,random_iid
18195,train,random_iid
18196,train,random_iid
18197,train,random_iid
18199,train,random_iid
18200,train,random_iid
18201,train,random_iid
18202,train,random_iid
18203,train,random_iid
18204,train,random_iid
18205,train,random_iid
18206,train,random_iid
18207,train,random_iid
18209,train,random_iid
18211,train,random_iid
18212,train,random_iid
18213,train,random_iid
18214,train,random_iid
18215,train,random_iid
18216,train,random_iid
18218,train,random_iid
18219,train,random_iid
18220,train,random_iid
18221,train,random_iid
18222,train,random_iid
18223,train,random_iid
18224,train,random_iid
18225,train,random_iid
18227,train,random_iid
18231,train,random_iid
18232,train,random_iid
18233,train,random_iid
18235,train,random_iid
18236,train,random_iid
18237,train,random_iid
18238,train,random_iid
18239,train,random_iid
18240,train,random_iid
18241,train,random_iid
18242,train,random_iid
18243,train,random_iid
18244,train,random_iid
18245,train,random_iid
18247,train,random_iid
18249,train,random_iid
18250,train,random_iid
18252,train,random_iid
18254,train,random_iid
18256,train,random_iid
18257,train,random_iid
18258,train,random_iid
18259,train,random_iid
18260,train,random_iid
18261,train,random_iid
18263,train,random_iid
18265,train,random_iid
18266,train,random_iid
18267,train,random_iid
18268,train,random_iid
18270,train,random_iid
18271,train,random_iid
18272,train,random_iid
18273,train,random_iid
18274,train,random_iid
18276,train,random_iid
18278,train,random_iid
18279,train,random_iid
18283,train,random_iid
18284,train,random_iid
18285,train,random_iid
18286,train,random_iid
18287,train,random_iid
18288,train,random_iid
18290,train,random_iid
18292,train,random_iid
18293,train,random_iid
18294,train,random_iid
18296,train,random_iid
18298,train,random_iid
18299,train,random_iid
18301,train,random_iid
18302,train,random_iid
18304,train,random_iid
18306,train,random_iid
18307,train,random_iid
18308,train,random_iid
18309,train,random_iid
18310,train,random_iid
18311,train,random_iid
18312,train,random_iid
18313,train,random_iid
18315,train,random_iid
18316,train,random_iid
18317,train,random_iid
18318,train,random_iid
18319,train,random_iid
18320,train,random_iid
18321,train,random_iid
18322,train,random_iid
18323,train,random_iid
18325,train,random_iid
18326,train,random_iid
18329,train,random_iid
18330,train,random_iid
18331,train,random_iid
18332,train,random_iid
18333,train,random_iid
18334,train,random_iid
18336,train,random_iid
18338,train,random_iid
18339,train,random_iid
18340,train,random_iid
18341,train,random_iid
18342,train,random_iid
18346,train,random_iid
18347,train,random_iid
18348,train,random_iid
18349,train,random_iid
18351,train,random_iid
18352,train,random_iid
18353,train,random_iid
18354,train,random_iid
18355,train,random_iid
18358,train,random_iid
18359,train,random_iid
18360,train,random_iid
18361,train,random_iid
18363,train,random_iid
18365,train,random_iid
18366,train,random_iid
18367,train,random_iid
18369,train,random_iid
18371,train,random_iid
18372,train,random_iid
18373,train,random_iid
18374,train,random_iid
18377,train,random_iid
18379,train,random_iid
18380,train,random_iid
18381,train,random_iid
18382,train,random_iid
18383,train,random_iid
18385,train,random_iid
18387,train,random_iid
18389,train,random_iid
18391,train,random_iid
18392,train,random_iid
18393,train,random_iid
18394,train,random_iid
18395,train,random_iid
18399,train,random_iid
18400,train,random_iid
18401,train,random_iid
18402,train,random_iid
18403,train,random_iid
18404,train,random_iid
18405,train,random_iid
18406,train,random_iid
18407,train,random_iid
18408,train,random_iid
18410,train,random_iid
18411,train,random_iid
18412,train,random_iid
18415,train,random_iid
18416,train,random_iid
18417,train,random_iid
18418,train,random_iid
18420,train,random_iid
18421,train,random_iid
18424,train,random_iid
18426,train,random_iid
18427,train,random_iid
18428,train,random_iid
18429,train,random_iid
18430,train,random_iid
18431,train,random_iid
18434,train,random_iid
18435,train,random_iid
18436,train,random_iid
18438,train,random_iid
18440,train,random_iid
18441,train,random_iid
18442,train,random_iid
18443,train,random_iid
18444,train,random_iid
18445,train,random_iid
18447,train,random_iid
18448,train,random_iid
18449,train,random_iid
18451,train,random_iid
18452,train,random_iid
18453,train,random_iid
18454,train,random_iid
18456,train,random_iid
18458,train,random_iid
18459,train,random_iid
18460,train,random_iid
18461,train,random_iid
18462,train,random_iid
18463,train,random_iid
18464,train,random_iid
18465,train,random_iid
18466,train,random_iid
18467,train,random_iid
18468,train,random_iid
18469,train,random_iid
18470,train,random_iid
18471,train,random_iid
18472,train,random_iid
18473,train,random_iid
18474,train,random_iid
18475,train,random_iid
18479,train,random_iid
18481,train,random_iid
18482,train,random_iid
18484,train,random_iid
18485,train,random_iid
18486,train,random_iid
18487,train,random_iid
18488,train,random_iid
18489,train,random_iid
18490,train,random_iid
18491,train,random_iid
18493,train,random_iid
18494,train,random_iid
18495,train,random_iid
18496,train,random_iid
18497,train,random_iid
18498,train,random_iid
18499,train,random_iid
18500,train,random_iid
18501,train,random_iid
18502,train,random_iid
18503,train,random_iid
18505,train,random_iid
18506,train,random_iid
18507,train,random_iid
18508,train,random_iid
18509,train,random_iid
18511,train,random_iid
18512,train,random_iid
18514,train,random_iid
18515,train,random_iid
18516,train,random_iid
18517,train,random_iid
18519,train,random_iid
18521,train,random_iid
18522,train,random_iid
18524,train,random_iid
18525,train,random_iid
18526,train,random_iid
18530,train,random_iid
18531,train,random_iid
18534,train,random_iid
18536,train,random_iid
18537,train,random_iid
18538,train,random_iid
18539,train,random_iid
18540,train,random_iid
18541,train,random_iid
18542,train,random_iid
18543,train,random_iid
18544,train,random_iid
18545,train,random_iid
18547,train,random_iid
18548,train,random_iid
18549,train,random_iid
18550,train,random_iid
18553,train,random_iid
18555,train,random_iid
18556,train,random_iid
18557,train,random_iid
18559,train,random_iid
18561,train,random_iid
18562,train,random_iid
18563,train,random_iid
18564,train,random_iid
18565,train,random_iid
18568,train,random_iid
18569,train,random_iid
18570,train,random_iid
18571,train,random_iid
18574,train,random_iid
18575,train,random_iid
18576,train,random_iid
18577,train,random_iid
18578,train,random_iid
18580,train,random_iid
18581,train,random_iid
18583,train,random_iid
18584,train,random_iid
18585,train,random_iid
18586,train,random_iid
18587,train,random_iid
18588,train,random_iid
18590,train,random_iid
18591,train,random_iid
18592,train,random_iid
18593,train,random_iid
18594,train,random_iid
18597,train,random_iid
18598,train,random_iid
18599,train,random_iid
18600,train,random_iid
18601,train,random_iid
18603,train,random_iid
18604,train,random_iid
18606,train,random_iid
18607,train,random_iid
18609,train,random_iid
18611,train,random_iid
18612,train,random_iid
18613,train,random_iid
18614,train,random_iid
18615,train,random_iid
18616,train,random_iid
18618,train,random_iid
18619,train,random_iid
18620,train,random_iid
18621,train,random_iid
18622,train,random_iid
18623,train,random_iid
18624,train,random_iid
18625,train,random_iid
18626,train,random_iid
18627,train,random_iid
18628,train,random_iid
18630,train,random_iid
18631,train,random_iid
18632,train,random_iid
18634,train,random_iid
18635,train,random_iid
18636,train,random_iid
18637,train,random_iid
18638,train,random_iid
18641,train,random_iid
18642,train,random_iid
18643,train,random_iid
18644,train,random_iid
18645,train,random_iid
18646,train,random_iid
18647,train,random_iid
18648,train,random_iid
18649,train,random_iid
18651,train,random_iid
18652,train,random_iid
18653,train,random_iid
18654,train,random_iid
18656,train,random_iid
18659,train,random_iid
18660,train,random_iid
18661,train,random_iid
18662,train,random_iid
18663,train,random_iid
18666,train,random_iid
18667,train,random_iid
18668,train,random_iid
18669,train,random_iid
18670,train,random_iid
18671,train,random_iid
18674,train,random_iid
18675,train,random_iid
18677,train,random_iid
18678,train,random_iid
18681,train,random_iid
18682,train,random_iid
18683,train,random_iid
18684,train,random_iid
18685,train,random_iid
18686,train,random_iid
18687,train,random_iid
18688,train,random_iid
18689,train,random_iid
18690,train,random_iid
18691,train,random_iid
18692,train,random_iid
18695,train,random_iid
18696,train,random_iid
18697,train,random_iid
18698,train,random_iid
18699,train,random_iid
18700,train,random_iid
18701,train,random_iid
18702,train,random_iid
18703,train,random_iid
18704,train,random_iid
18705,train,random_iid
18706,train,random_iid
18707,train,random_iid
18708,train,random_iid
18709,train,random_iid
18710,train,random_iid
18711,train,random_iid
18712,train,random_iid
18713,train,random_iid
18714,train,random_iid
18715,train,random_iid
18716,train,random_iid
18718,train,random_iid
18719,train,random_iid
18721,train,random_iid
18722,train,random_iid
18725,train,random_iid
18727,train,random_iid
18728,train,random_iid
18729,train,random_iid
18730,train,random_iid
18731,train,random_iid
18732,train,random_iid
18733,train,random_iid
18734,train,random_iid
18735,train,random_iid
18737,train,random_iid
18738,train,random_iid
18739,train,random_iid
18741,train,random_iid
18742,train,random_iid
18744,train,random_iid
18745,train,random_iid
18746,train,random_iid
18748,train,random_iid
18749,train,random_iid
18750,train,random_iid
18751,train,random_iid
18754,train,random_iid
18756,train,random_iid
18757,train,random_iid
18759,train,random_iid
18760,train,random_iid
18761,train,random_iid
18764,train,random_iid
18765,train,random_iid
18767,train,random_iid
18768,train,random_iid
18769,train,random_iid
18770,train,random_iid
18771,train,random_iid
18772,train,random_iid
18773,train,random_iid
18774,train,random_iid
18777,train,random_iid
18778,train,random_iid
18779,train,random_iid
18780,train,random_iid
18782,train,random_iid
18784,train,random_iid
18785,train,random_iid
18787,train,random_iid
18788,train,random_iid
18790,train,random_iid
18791,train,random_iid
18792,train,random_iid
18793,train,random_iid
18795,train,random_iid
18796,train,random_iid
18797,train,random_iid
18798,train,random_iid
18799,train,random_iid
18801,train,random_iid
18802,train,random_iid
18803,train,random_iid
18804,train,random_iid
18805,train,random_iid
18806,train,random_iid
18807,train,random_iid
18808,train,random_iid
18811,train,random_iid
18812,train,random_iid
18813,train,random_iid
18814,train,random_iid
18815,train,random_iid
18816,train,random_iid
18817,train,random_iid
18820,train,random_iid
18821,train,random_iid
18822,train,random_iid
18823,train,random_iid
18824,train,random_iid
18825,train,random_iid
18826,train,random_iid
18828,train,random_iid
18829,train,random_iid
18831,train,random_iid
18832,train,random_iid
18833,train,random_iid
18834,train,random_iid
18835,train,random_iid
18836,train,random_iid
18837,train,random_iid
18838,train,random_iid
18839,train,random_iid
18840,train,random_iid
18841,train,random_iid
18842,train,random_iid
18843,train,random_iid
18845,train,random_iid
18846,train,random_iid
18847,train,random_iid
18848,train,random_iid
18849,train,random_iid
18851,train,random_iid
18852,train,random_iid
18853,train,random_iid
18854,train,random_iid
18855,train,random_iid
18856,train,random_iid
18857,train,random_iid
18859,train,random_iid
18860,train,random_iid
18861,train,random_iid
18862,train,random_iid
18863,train,random_iid
18864,train,random_iid
18865,train,random_iid
18867,train,random_iid
18868,train,random_iid
18869,train,random_iid
18870,train,random_iid
18872,train,random_iid
18873,train,random_iid
18874,train,random_iid
18875,train,random_iid
18876,train,random_iid
18877,train,random_iid
18878,train,random_iid
18879,train,random_iid
18880,train,random_iid
18881,train,random_iid
18882,train,random_iid
18884,train,random_iid
18886,train,random_iid
18887,train,random_iid
18888,train,random_iid
18889,train,random_iid
18890,train,random_iid
18891,train,random_iid
18892,train,random_iid
18893,train,random_iid
18895,train,random_iid
18896,train,random_iid
18897,train,random_iid
18898,train,random_iid
18899,train,random_iid
18900,train,random_iid
18901,train,random_iid
18903,train,random_iid
18905,train,random_iid
18908,train,random_iid
18909,train,random_iid
18910,train,random_iid
18911,train,random_iid
18912,train,random_iid
18913,train,random_iid
18915,train,random_iid
18917,train,random_iid
18918,train,random_iid
18920,train,random_iid
18921,train,random_iid
18923,train,random_iid
18925,train,random_iid
18927,train,random_iid
