sample_id,split_strategy,budget_label,model,y_true,y_pred
5,group_reduced_formula,full,dummy_mean,1.48,1.4741028012684987
19,group_reduced_formula,full,dummy_mean,0.46,1.4741028012684987
48,group_reduced_formula,full,dummy_mean,2.84,1.4741028012684987
55,group_reduced_formula,full,dummy_mean,1.36,1.4741028012684987
56,group_reduced_formula,full,dummy_mean,1.78,1.4741028012684987
59,group_reduced_formula,full,dummy_mean,0.64,1.4741028012684987
70,group_reduced_formula,full,dummy_mean,1.08,1.4741028012684987
83,group_reduced_formula,full,dummy_mean,0.96,1.4741028012684987
91,group_reduced_formula,full,dummy_mean,1.32,1.4741028012684987
114,group_reduced_formula,full,dummy_mean,1.3,1.4741028012684987
127,group_reduced_formula,full,dummy_mean,0.48,1.4741028012684987
133,group_reduced_formula,full,dummy_mean,1.14,1.4741028012684987
150,group_reduced_formula,full,dummy_mean,1.26,1.4741028012684987
204,group_reduced_formula,full,dummy_mean,4.18,1.4741028012684987
220,group_reduced_formula,full,dummy_mean,0.92,1.4741028012684987
222,group_reduced_formula,full,dummy_mean,1.16,1.4741028012684987
225,group_reduced_formula,full,dummy_mean,1.22,1.4741028012684987
233,group_reduced_formula,full,dummy_mean,0.98,1.4741028012684987
242,group_reduced_formula,full,dummy_mean,1.98,1.4741028012684987
252,group_reduced_formula,full,dummy_mean,1.16,1.4741028012684987
256,group_reduced_formula,full,dummy_mean,1.08,1.4741028012684987
261,group_reduced_formula,full,dummy_mean,0.92,1.4741028012684987
275,group_reduced_formula,full,dummy_mean,1.14,1.4741028012684987
279,group_reduced_formula,full,dummy_mean,1.7,1.4741028012684987
283,group_reduced_formula,full,dummy_mean,1.66,1.4741028012684987
289,group_reduced_formula,full,dummy_mean,1.02,1.4741028012684987
295,group_reduced_formula,full,dummy_mean,1.2,1.4741028012684987
311,group_reduced_formula,full,dummy_mean,3.84,1.4741028012684987
314,group_reduced_formula,full,dummy_mean,1.26,1.4741028012684987
316,group_reduced_formula,full,dummy_mean,0.3,1.4741028012684987
319,group_reduced_formula,full,dummy_mean,0.4,1.4741028012684987
321,group_reduced_formula,full,dummy_mean,1.74,1.4741028012684987
327,group_reduced_formula,full,dummy_mean,1.18,1.4741028012684987
336,group_reduced_formula,full,dummy_mean,1.84,1.4741028012684987
341,group_reduced_formula,full,dummy_mean,1.08,1.4741028012684987
361,group_reduced_formula,full,dummy_mean,0.8,1.4741028012684987
366,group_reduced_formula,full,dummy_mean,0.5,1.4741028012684987
378,group_reduced_formula,full,dummy_mean,2.44,1.4741028012684987
382,group_reduced_formula,full,dummy_mean,1.96,1.4741028012684987
387,group_reduced_formula,full,dummy_mean,2.02,1.4741028012684987
399,group_reduced_formula,full,dummy_mean,1.02,1.4741028012684987
422,group_reduced_formula,full,dummy_mean,1.36,1.4741028012684987
424,group_reduced_formula,full,dummy_mean,1.9,1.4741028012684987
445,group_reduced_formula,full,dummy_mean,2.3,1.4741028012684987
452,group_reduced_formula,full,dummy_mean,1.44,1.4741028012684987
478,group_reduced_formula,full,dummy_mean,1.88,1.4741028012684987
490,group_reduced_formula,full,dummy_mean,1.36,1.4741028012684987
494,group_reduced_formula,full,dummy_mean,3.42,1.4741028012684987
518,group_reduced_formula,full,dummy_mean,0.84,1.4741028012684987
524,group_reduced_formula,full,dummy_mean,1.1,1.4741028012684987
535,group_reduced_formula,full,dummy_mean,1.16,1.4741028012684987
559,group_reduced_formula,full,dummy_mean,2.6,1.4741028012684987
573,group_reduced_formula,full,dummy_mean,1.22,1.4741028012684987
589,group_reduced_formula,full,dummy_mean,1.1,1.4741028012684987
600,group_reduced_formula,full,dummy_mean,1.8,1.4741028012684987
602,group_reduced_formula,full,dummy_mean,1.52,1.4741028012684987
605,group_reduced_formula,full,dummy_mean,1.04,1.4741028012684987
617,group_reduced_formula,full,dummy_mean,0.76,1.4741028012684987
627,group_reduced_formula,full,dummy_mean,1.44,1.4741028012684987
629,group_reduced_formula,full,dummy_mean,0.6,1.4741028012684987
630,group_reduced_formula,full,dummy_mean,1.84,1.4741028012684987
636,group_reduced_formula,full,dummy_mean,1.88,1.4741028012684987
638,group_reduced_formula,full,dummy_mean,0.94,1.4741028012684987
649,group_reduced_formula,full,dummy_mean,0.68,1.4741028012684987
664,group_reduced_formula,full,dummy_mean,1.82,1.4741028012684987
667,group_reduced_formula,full,dummy_mean,2.02,1.4741028012684987
670,group_reduced_formula,full,dummy_mean,0.62,1.4741028012684987
689,group_reduced_formula,full,dummy_mean,1.18,1.4741028012684987
692,group_reduced_formula,full,dummy_mean,1.94,1.4741028012684987
693,group_reduced_formula,full,dummy_mean,0.52,1.4741028012684987
695,group_reduced_formula,full,dummy_mean,2.46,1.4741028012684987
699,group_reduced_formula,full,dummy_mean,1.18,1.4741028012684987
704,group_reduced_formula,full,dummy_mean,1.14,1.4741028012684987
709,group_reduced_formula,full,dummy_mean,2.0,1.4741028012684987
719,group_reduced_formula,full,dummy_mean,1.9,1.4741028012684987
721,group_reduced_formula,full,dummy_mean,2.1,1.4741028012684987
753,group_reduced_formula,full,dummy_mean,0.52,1.4741028012684987
754,group_reduced_formula,full,dummy_mean,1.3,1.4741028012684987
793,group_reduced_formula,full,dummy_mean,1.24,1.4741028012684987
796,group_reduced_formula,full,dummy_mean,1.2,1.4741028012684987
812,group_reduced_formula,full,dummy_mean,0.48,1.4741028012684987
818,group_reduced_formula,full,dummy_mean,1.08,1.4741028012684987
832,group_reduced_formula,full,dummy_mean,1.24,1.4741028012684987
882,group_reduced_formula,full,dummy_mean,1.96,1.4741028012684987
890,group_reduced_formula,full,dummy_mean,0.56,1.4741028012684987
892,group_reduced_formula,full,dummy_mean,1.46,1.4741028012684987
899,group_reduced_formula,full,dummy_mean,0.66,1.4741028012684987
904,group_reduced_formula,full,dummy_mean,1.66,1.4741028012684987
945,group_reduced_formula,full,dummy_mean,2.02,1.4741028012684987
958,group_reduced_formula,full,dummy_mean,1.4,1.4741028012684987
959,group_reduced_formula,full,dummy_mean,1.04,1.4741028012684987
970,group_reduced_formula,full,dummy_mean,1.28,1.4741028012684987
985,group_reduced_formula,full,dummy_mean,2.66,1.4741028012684987
992,group_reduced_formula,full,dummy_mean,2.46,1.4741028012684987
996,group_reduced_formula,full,dummy_mean,1.28,1.4741028012684987
997,group_reduced_formula,full,dummy_mean,1.4,1.4741028012684987
1004,group_reduced_formula,full,dummy_mean,0.72,1.4741028012684987
1020,group_reduced_formula,full,dummy_mean,0.72,1.4741028012684987
1027,group_reduced_formula,full,dummy_mean,1.38,1.4741028012684987
1032,group_reduced_formula,full,dummy_mean,0.84,1.4741028012684987
1037,group_reduced_formula,full,dummy_mean,2.62,1.4741028012684987
1047,group_reduced_formula,full,dummy_mean,1.04,1.4741028012684987
1058,group_reduced_formula,full,dummy_mean,1.2,1.4741028012684987
1059,group_reduced_formula,full,dummy_mean,0.96,1.4741028012684987
1070,group_reduced_formula,full,dummy_mean,0.78,1.4741028012684987
1078,group_reduced_formula,full,dummy_mean,1.74,1.4741028012684987
1106,group_reduced_formula,full,dummy_mean,1.42,1.4741028012684987
1112,group_reduced_formula,full,dummy_mean,1.02,1.4741028012684987
1125,group_reduced_formula,full,dummy_mean,0.56,1.4741028012684987
1129,group_reduced_formula,full,dummy_mean,2.06,1.4741028012684987
1135,group_reduced_formula,full,dummy_mean,0.6,1.4741028012684987
1159,group_reduced_formula,full,dummy_mean,1.86,1.4741028012684987
1180,group_reduced_formula,full,dummy_mean,0.98,1.4741028012684987
1181,group_reduced_formula,full,dummy_mean,1.04,1.4741028012684987
1204,group_reduced_formula,full,dummy_mean,2.16,1.4741028012684987
1220,group_reduced_formula,full,dummy_mean,0.76,1.4741028012684987
1221,group_reduced_formula,full,dummy_mean,2.44,1.4741028012684987
1240,group_reduced_formula,full,dummy_mean,1.7,1.4741028012684987
1247,group_reduced_formula,full,dummy_mean,1.9,1.4741028012684987
1248,group_reduced_formula,full,dummy_mean,2.28,1.4741028012684987
1274,group_reduced_formula,full,dummy_mean,1.18,1.4741028012684987
1330,group_reduced_formula,full,dummy_mean,1.02,1.4741028012684987
1331,group_reduced_formula,full,dummy_mean,1.4,1.4741028012684987
1342,group_reduced_formula,full,dummy_mean,0.42,1.4741028012684987
1343,group_reduced_formula,full,dummy_mean,2.02,1.4741028012684987
1357,group_reduced_formula,full,dummy_mean,1.92,1.4741028012684987
1371,group_reduced_formula,full,dummy_mean,1.26,1.4741028012684987
1377,group_reduced_formula,full,dummy_mean,1.34,1.4741028012684987
1393,group_reduced_formula,full,dummy_mean,1.24,1.4741028012684987
1404,group_reduced_formula,full,dummy_mean,1.68,1.4741028012684987
1405,group_reduced_formula,full,dummy_mean,1.46,1.4741028012684987
1408,group_reduced_formula,full,dummy_mean,0.9,1.4741028012684987
1414,group_reduced_formula,full,dummy_mean,0.54,1.4741028012684987
1415,group_reduced_formula,full,dummy_mean,0.88,1.4741028012684987
1421,group_reduced_formula,full,dummy_mean,1.04,1.4741028012684987
1430,group_reduced_formula,full,dummy_mean,0.62,1.4741028012684987
1453,group_reduced_formula,full,dummy_mean,0.78,1.4741028012684987
1464,group_reduced_formula,full,dummy_mean,1.52,1.4741028012684987
1465,group_reduced_formula,full,dummy_mean,1.42,1.4741028012684987
1492,group_reduced_formula,full,dummy_mean,1.14,1.4741028012684987
1507,group_reduced_formula,full,dummy_mean,1.92,1.4741028012684987
1510,group_reduced_formula,full,dummy_mean,1.84,1.4741028012684987
1513,group_reduced_formula,full,dummy_mean,1.52,1.4741028012684987
1516,group_reduced_formula,full,dummy_mean,2.64,1.4741028012684987
1519,group_reduced_formula,full,dummy_mean,0.74,1.4741028012684987
1520,group_reduced_formula,full,dummy_mean,1.64,1.4741028012684987
1522,group_reduced_formula,full,dummy_mean,0.94,1.4741028012684987
1533,group_reduced_formula,full,dummy_mean,0.46,1.4741028012684987
1541,group_reduced_formula,full,dummy_mean,2.1,1.4741028012684987
1552,group_reduced_formula,full,dummy_mean,2.88,1.4741028012684987
1560,group_reduced_formula,full,dummy_mean,1.46,1.4741028012684987
1578,group_reduced_formula,full,dummy_mean,1.58,1.4741028012684987
1581,group_reduced_formula,full,dummy_mean,2.04,1.4741028012684987
1589,group_reduced_formula,full,dummy_mean,3.06,1.4741028012684987
1597,group_reduced_formula,full,dummy_mean,1.1,1.4741028012684987
1598,group_reduced_formula,full,dummy_mean,0.98,1.4741028012684987
1601,group_reduced_formula,full,dummy_mean,1.46,1.4741028012684987
1607,group_reduced_formula,full,dummy_mean,1.42,1.4741028012684987
1609,group_reduced_formula,full,dummy_mean,2.22,1.4741028012684987
1628,group_reduced_formula,full,dummy_mean,3.2,1.4741028012684987
1648,group_reduced_formula,full,dummy_mean,1.62,1.4741028012684987
1652,group_reduced_formula,full,dummy_mean,1.24,1.4741028012684987
1663,group_reduced_formula,full,dummy_mean,1.18,1.4741028012684987
1683,group_reduced_formula,full,dummy_mean,1.94,1.4741028012684987
1692,group_reduced_formula,full,dummy_mean,1.1,1.4741028012684987
1707,group_reduced_formula,full,dummy_mean,2.0,1.4741028012684987
1711,group_reduced_formula,full,dummy_mean,1.14,1.4741028012684987
1723,group_reduced_formula,full,dummy_mean,1.36,1.4741028012684987
1725,group_reduced_formula,full,dummy_mean,1.84,1.4741028012684987
1727,group_reduced_formula,full,dummy_mean,1.76,1.4741028012684987
1734,group_reduced_formula,full,dummy_mean,0.98,1.4741028012684987
1770,group_reduced_formula,full,dummy_mean,0.96,1.4741028012684987
1783,group_reduced_formula,full,dummy_mean,1.68,1.4741028012684987
1792,group_reduced_formula,full,dummy_mean,1.6,1.4741028012684987
1821,group_reduced_formula,full,dummy_mean,1.46,1.4741028012684987
1822,group_reduced_formula,full,dummy_mean,0.18,1.4741028012684987
1833,group_reduced_formula,full,dummy_mean,1.44,1.4741028012684987
1848,group_reduced_formula,full,dummy_mean,2.92,1.4741028012684987
1856,group_reduced_formula,full,dummy_mean,2.0,1.4741028012684987
1868,group_reduced_formula,full,dummy_mean,1.04,1.4741028012684987
1875,group_reduced_formula,full,dummy_mean,1.88,1.4741028012684987
1881,group_reduced_formula,full,dummy_mean,2.1,1.4741028012684987
1891,group_reduced_formula,full,dummy_mean,1.74,1.4741028012684987
1898,group_reduced_formula,full,dummy_mean,0.94,1.4741028012684987
1900,group_reduced_formula,full,dummy_mean,1.34,1.4741028012684987
1906,group_reduced_formula,full,dummy_mean,0.78,1.4741028012684987
1909,group_reduced_formula,full,dummy_mean,1.72,1.4741028012684987
1919,group_reduced_formula,full,dummy_mean,1.04,1.4741028012684987
1923,group_reduced_formula,full,dummy_mean,0.98,1.4741028012684987
1928,group_reduced_formula,full,dummy_mean,1.78,1.4741028012684987
1940,group_reduced_formula,full,dummy_mean,2.08,1.4741028012684987
1948,group_reduced_formula,full,dummy_mean,2.04,1.4741028012684987
1949,group_reduced_formula,full,dummy_mean,1.2,1.4741028012684987
1957,group_reduced_formula,full,dummy_mean,2.22,1.4741028012684987
1963,group_reduced_formula,full,dummy_mean,1.16,1.4741028012684987
1981,group_reduced_formula,full,dummy_mean,1.96,1.4741028012684987
2016,group_reduced_formula,full,dummy_mean,1.44,1.4741028012684987
2025,group_reduced_formula,full,dummy_mean,2.64,1.4741028012684987
2039,group_reduced_formula,full,dummy_mean,1.28,1.4741028012684987
2040,group_reduced_formula,full,dummy_mean,1.2,1.4741028012684987
2052,group_reduced_formula,full,dummy_mean,1.18,1.4741028012684987
2053,group_reduced_formula,full,dummy_mean,3.36,1.4741028012684987
2072,group_reduced_formula,full,dummy_mean,1.32,1.4741028012684987
2089,group_reduced_formula,full,dummy_mean,1.9,1.4741028012684987
2091,group_reduced_formula,full,dummy_mean,1.3,1.4741028012684987
2092,group_reduced_formula,full,dummy_mean,0.62,1.4741028012684987
2121,group_reduced_formula,full,dummy_mean,1.7,1.4741028012684987
2132,group_reduced_formula,full,dummy_mean,1.56,1.4741028012684987
2139,group_reduced_formula,full,dummy_mean,0.98,1.4741028012684987
2146,group_reduced_formula,full,dummy_mean,0.22,1.4741028012684987
2159,group_reduced_formula,full,dummy_mean,2.72,1.4741028012684987
2184,group_reduced_formula,full,dummy_mean,2.34,1.4741028012684987
2189,group_reduced_formula,full,dummy_mean,1.44,1.4741028012684987
2198,group_reduced_formula,full,dummy_mean,1.26,1.4741028012684987
2205,group_reduced_formula,full,dummy_mean,0.5,1.4741028012684987
2231,group_reduced_formula,full,dummy_mean,1.0,1.4741028012684987
2253,group_reduced_formula,full,dummy_mean,0.96,1.4741028012684987
2258,group_reduced_formula,full,dummy_mean,1.58,1.4741028012684987
2259,group_reduced_formula,full,dummy_mean,1.82,1.4741028012684987
2266,group_reduced_formula,full,dummy_mean,1.88,1.4741028012684987
2276,group_reduced_formula,full,dummy_mean,1.52,1.4741028012684987
2281,group_reduced_formula,full,dummy_mean,1.98,1.4741028012684987
2282,group_reduced_formula,full,dummy_mean,3.26,1.4741028012684987
2284,group_reduced_formula,full,dummy_mean,1.76,1.4741028012684987
2287,group_reduced_formula,full,dummy_mean,2.64,1.4741028012684987
2296,group_reduced_formula,full,dummy_mean,1.36,1.4741028012684987
2297,group_reduced_formula,full,dummy_mean,1.5,1.4741028012684987
2302,group_reduced_formula,full,dummy_mean,2.02,1.4741028012684987
2315,group_reduced_formula,full,dummy_mean,0.82,1.4741028012684987
2326,group_reduced_formula,full,dummy_mean,1.34,1.4741028012684987
2334,group_reduced_formula,full,dummy_mean,0.38,1.4741028012684987
2340,group_reduced_formula,full,dummy_mean,2.28,1.4741028012684987
2342,group_reduced_formula,full,dummy_mean,1.18,1.4741028012684987
2351,group_reduced_formula,full,dummy_mean,1.4,1.4741028012684987
2383,group_reduced_formula,full,dummy_mean,1.24,1.4741028012684987
2391,group_reduced_formula,full,dummy_mean,0.1,1.4741028012684987
2440,group_reduced_formula,full,dummy_mean,1.26,1.4741028012684987
2451,group_reduced_formula,full,dummy_mean,2.0,1.4741028012684987
2462,group_reduced_formula,full,dummy_mean,1.1,1.4741028012684987
2466,group_reduced_formula,full,dummy_mean,2.14,1.4741028012684987
2471,group_reduced_formula,full,dummy_mean,0.68,1.4741028012684987
2474,group_reduced_formula,full,dummy_mean,2.92,1.4741028012684987
2476,group_reduced_formula,full,dummy_mean,0.82,1.4741028012684987
2481,group_reduced_formula,full,dummy_mean,1.02,1.4741028012684987
2503,group_reduced_formula,full,dummy_mean,1.2,1.4741028012684987
2516,group_reduced_formula,full,dummy_mean,1.24,1.4741028012684987
2544,group_reduced_formula,full,dummy_mean,1.54,1.4741028012684987
2556,group_reduced_formula,full,dummy_mean,2.68,1.4741028012684987
2557,group_reduced_formula,full,dummy_mean,1.04,1.4741028012684987
2595,group_reduced_formula,full,dummy_mean,0.98,1.4741028012684987
2600,group_reduced_formula,full,dummy_mean,1.56,1.4741028012684987
2617,group_reduced_formula,full,dummy_mean,2.58,1.4741028012684987
2618,group_reduced_formula,full,dummy_mean,1.54,1.4741028012684987
2636,group_reduced_formula,full,dummy_mean,2.18,1.4741028012684987
2643,group_reduced_formula,full,dummy_mean,2.6,1.4741028012684987
2666,group_reduced_formula,full,dummy_mean,1.04,1.4741028012684987
2683,group_reduced_formula,full,dummy_mean,1.42,1.4741028012684987
2687,group_reduced_formula,full,dummy_mean,1.44,1.4741028012684987
2704,group_reduced_formula,full,dummy_mean,1.24,1.4741028012684987
2707,group_reduced_formula,full,dummy_mean,2.76,1.4741028012684987
2710,group_reduced_formula,full,dummy_mean,0.92,1.4741028012684987
2713,group_reduced_formula,full,dummy_mean,1.66,1.4741028012684987
2721,group_reduced_formula,full,dummy_mean,1.6,1.4741028012684987
2723,group_reduced_formula,full,dummy_mean,0.78,1.4741028012684987
2729,group_reduced_formula,full,dummy_mean,2.34,1.4741028012684987
2734,group_reduced_formula,full,dummy_mean,1.36,1.4741028012684987
2740,group_reduced_formula,full,dummy_mean,1.16,1.4741028012684987
2741,group_reduced_formula,full,dummy_mean,0.9,1.4741028012684987
2748,group_reduced_formula,full,dummy_mean,1.6,1.4741028012684987
2773,group_reduced_formula,full,dummy_mean,1.56,1.4741028012684987
2775,group_reduced_formula,full,dummy_mean,1.84,1.4741028012684987
2792,group_reduced_formula,full,dummy_mean,2.1,1.4741028012684987
2797,group_reduced_formula,full,dummy_mean,1.14,1.4741028012684987
2814,group_reduced_formula,full,dummy_mean,1.42,1.4741028012684987
2829,group_reduced_formula,full,dummy_mean,1.64,1.4741028012684987
2831,group_reduced_formula,full,dummy_mean,0.88,1.4741028012684987
2835,group_reduced_formula,full,dummy_mean,0.52,1.4741028012684987
2839,group_reduced_formula,full,dummy_mean,0.92,1.4741028012684987
2841,group_reduced_formula,full,dummy_mean,1.7,1.4741028012684987
2845,group_reduced_formula,full,dummy_mean,2.2,1.4741028012684987
2861,group_reduced_formula,full,dummy_mean,1.2,1.4741028012684987
2884,group_reduced_formula,full,dummy_mean,3.54,1.4741028012684987
2887,group_reduced_formula,full,dummy_mean,1.94,1.4741028012684987
2897,group_reduced_formula,full,dummy_mean,1.82,1.4741028012684987
2909,group_reduced_formula,full,dummy_mean,3.46,1.4741028012684987
2927,group_reduced_formula,full,dummy_mean,1.14,1.4741028012684987
2933,group_reduced_formula,full,dummy_mean,1.2,1.4741028012684987
2942,group_reduced_formula,full,dummy_mean,2.16,1.4741028012684987
2943,group_reduced_formula,full,dummy_mean,1.72,1.4741028012684987
2947,group_reduced_formula,full,dummy_mean,0.44,1.4741028012684987
2952,group_reduced_formula,full,dummy_mean,1.1,1.4741028012684987
2953,group_reduced_formula,full,dummy_mean,1.48,1.4741028012684987
2959,group_reduced_formula,full,dummy_mean,1.54,1.4741028012684987
2964,group_reduced_formula,full,dummy_mean,1.68,1.4741028012684987
2968,group_reduced_formula,full,dummy_mean,2.42,1.4741028012684987
2989,group_reduced_formula,full,dummy_mean,0.92,1.4741028012684987
2996,group_reduced_formula,full,dummy_mean,0.58,1.4741028012684987
3004,group_reduced_formula,full,dummy_mean,0.26,1.4741028012684987
3021,group_reduced_formula,full,dummy_mean,0.38,1.4741028012684987
3022,group_reduced_formula,full,dummy_mean,1.26,1.4741028012684987
3041,group_reduced_formula,full,dummy_mean,1.82,1.4741028012684987
3045,group_reduced_formula,full,dummy_mean,2.86,1.4741028012684987
3054,group_reduced_formula,full,dummy_mean,0.78,1.4741028012684987
3082,group_reduced_formula,full,dummy_mean,1.46,1.4741028012684987
3093,group_reduced_formula,full,dummy_mean,1.1,1.4741028012684987
3128,group_reduced_formula,full,dummy_mean,1.34,1.4741028012684987
3149,group_reduced_formula,full,dummy_mean,1.34,1.4741028012684987
3158,group_reduced_formula,full,dummy_mean,1.52,1.4741028012684987
3164,group_reduced_formula,full,dummy_mean,0.72,1.4741028012684987
3181,group_reduced_formula,full,dummy_mean,0.68,1.4741028012684987
3184,group_reduced_formula,full,dummy_mean,0.92,1.4741028012684987
3195,group_reduced_formula,full,dummy_mean,0.98,1.4741028012684987
3220,group_reduced_formula,full,dummy_mean,0.82,1.4741028012684987
3222,group_reduced_formula,full,dummy_mean,0.84,1.4741028012684987
3223,group_reduced_formula,full,dummy_mean,2.0,1.4741028012684987
3238,group_reduced_formula,full,dummy_mean,1.54,1.4741028012684987
3244,group_reduced_formula,full,dummy_mean,0.78,1.4741028012684987
3252,group_reduced_formula,full,dummy_mean,1.24,1.4741028012684987
3258,group_reduced_formula,full,dummy_mean,1.08,1.4741028012684987
3272,group_reduced_formula,full,dummy_mean,2.32,1.4741028012684987
3275,group_reduced_formula,full,dummy_mean,1.04,1.4741028012684987
3278,group_reduced_formula,full,dummy_mean,3.68,1.4741028012684987
3281,group_reduced_formula,full,dummy_mean,1.8,1.4741028012684987
3298,group_reduced_formula,full,dummy_mean,0.42,1.4741028012684987
3324,group_reduced_formula,full,dummy_mean,2.18,1.4741028012684987
3331,group_reduced_formula,full,dummy_mean,2.7,1.4741028012684987
3350,group_reduced_formula,full,dummy_mean,1.6,1.4741028012684987
3353,group_reduced_formula,full,dummy_mean,0.34,1.4741028012684987
3373,group_reduced_formula,full,dummy_mean,0.48,1.4741028012684987
3378,group_reduced_formula,full,dummy_mean,2.84,1.4741028012684987
3381,group_reduced_formula,full,dummy_mean,1.2,1.4741028012684987
3385,group_reduced_formula,full,dummy_mean,0.94,1.4741028012684987
3389,group_reduced_formula,full,dummy_mean,1.28,1.4741028012684987
3391,group_reduced_formula,full,dummy_mean,0.56,1.4741028012684987
3404,group_reduced_formula,full,dummy_mean,0.76,1.4741028012684987
3413,group_reduced_formula,full,dummy_mean,0.56,1.4741028012684987
3417,group_reduced_formula,full,dummy_mean,1.02,1.4741028012684987
3418,group_reduced_formula,full,dummy_mean,0.86,1.4741028012684987
3429,group_reduced_formula,full,dummy_mean,1.7,1.4741028012684987
3442,group_reduced_formula,full,dummy_mean,0.94,1.4741028012684987
3451,group_reduced_formula,full,dummy_mean,1.34,1.4741028012684987
3454,group_reduced_formula,full,dummy_mean,0.98,1.4741028012684987
3461,group_reduced_formula,full,dummy_mean,2.12,1.4741028012684987
3490,group_reduced_formula,full,dummy_mean,0.48,1.4741028012684987
3491,group_reduced_formula,full,dummy_mean,1.74,1.4741028012684987
3492,group_reduced_formula,full,dummy_mean,0.6,1.4741028012684987
3493,group_reduced_formula,full,dummy_mean,0.78,1.4741028012684987
3502,group_reduced_formula,full,dummy_mean,1.6,1.4741028012684987
3504,group_reduced_formula,full,dummy_mean,1.94,1.4741028012684987
3522,group_reduced_formula,full,dummy_mean,3.58,1.4741028012684987
3530,group_reduced_formula,full,dummy_mean,2.78,1.4741028012684987
3541,group_reduced_formula,full,dummy_mean,2.28,1.4741028012684987
3558,group_reduced_formula,full,dummy_mean,0.78,1.4741028012684987
3562,group_reduced_formula,full,dummy_mean,1.38,1.4741028012684987
3569,group_reduced_formula,full,dummy_mean,1.42,1.4741028012684987
3580,group_reduced_formula,full,dummy_mean,1.74,1.4741028012684987
3581,group_reduced_formula,full,dummy_mean,0.94,1.4741028012684987
3592,group_reduced_formula,full,dummy_mean,1.46,1.4741028012684987
3614,group_reduced_formula,full,dummy_mean,1.0,1.4741028012684987
3642,group_reduced_formula,full,dummy_mean,0.96,1.4741028012684987
3679,group_reduced_formula,full,dummy_mean,1.9,1.4741028012684987
3681,group_reduced_formula,full,dummy_mean,1.34,1.4741028012684987
3690,group_reduced_formula,full,dummy_mean,1.58,1.4741028012684987
3701,group_reduced_formula,full,dummy_mean,1.18,1.4741028012684987
3712,group_reduced_formula,full,dummy_mean,2.7,1.4741028012684987
3714,group_reduced_formula,full,dummy_mean,3.48,1.4741028012684987
3738,group_reduced_formula,full,dummy_mean,1.54,1.4741028012684987
3747,group_reduced_formula,full,dummy_mean,1.4,1.4741028012684987
3749,group_reduced_formula,full,dummy_mean,1.12,1.4741028012684987
3750,group_reduced_formula,full,dummy_mean,2.88,1.4741028012684987
3759,group_reduced_formula,full,dummy_mean,3.22,1.4741028012684987
3771,group_reduced_formula,full,dummy_mean,1.06,1.4741028012684987
3778,group_reduced_formula,full,dummy_mean,1.72,1.4741028012684987
3781,group_reduced_formula,full,dummy_mean,1.28,1.4741028012684987
3784,group_reduced_formula,full,dummy_mean,0.96,1.4741028012684987
3795,group_reduced_formula,full,dummy_mean,1.06,1.4741028012684987
3799,group_reduced_formula,full,dummy_mean,0.92,1.4741028012684987
3820,group_reduced_formula,full,dummy_mean,1.2,1.4741028012684987
3830,group_reduced_formula,full,dummy_mean,1.0,1.4741028012684987
3843,group_reduced_formula,full,dummy_mean,1.96,1.4741028012684987
3845,group_reduced_formula,full,dummy_mean,0.98,1.4741028012684987
3862,group_reduced_formula,full,dummy_mean,1.88,1.4741028012684987
3885,group_reduced_formula,full,dummy_mean,1.8,1.4741028012684987
3894,group_reduced_formula,full,dummy_mean,0.4,1.4741028012684987
3895,group_reduced_formula,full,dummy_mean,2.42,1.4741028012684987
3903,group_reduced_formula,full,dummy_mean,1.86,1.4741028012684987
3912,group_reduced_formula,full,dummy_mean,1.34,1.4741028012684987
3913,group_reduced_formula,full,dummy_mean,3.3,1.4741028012684987
3949,group_reduced_formula,full,dummy_mean,0.9,1.4741028012684987
3961,group_reduced_formula,full,dummy_mean,-0.1,1.4741028012684987
4014,group_reduced_formula,full,dummy_mean,1.5,1.4741028012684987
4016,group_reduced_formula,full,dummy_mean,1.54,1.4741028012684987
4020,group_reduced_formula,full,dummy_mean,1.42,1.4741028012684987
4032,group_reduced_formula,full,dummy_mean,2.3,1.4741028012684987
4059,group_reduced_formula,full,dummy_mean,2.62,1.4741028012684987
4078,group_reduced_formula,full,dummy_mean,3.72,1.4741028012684987
4084,group_reduced_formula,full,dummy_mean,0.36,1.4741028012684987
4113,group_reduced_formula,full,dummy_mean,1.0,1.4741028012684987
4122,group_reduced_formula,full,dummy_mean,2.68,1.4741028012684987
4125,group_reduced_formula,full,dummy_mean,0.3,1.4741028012684987
4128,group_reduced_formula,full,dummy_mean,1.46,1.4741028012684987
4134,group_reduced_formula,full,dummy_mean,1.74,1.4741028012684987
4138,group_reduced_formula,full,dummy_mean,1.8,1.4741028012684987
4144,group_reduced_formula,full,dummy_mean,0.98,1.4741028012684987
4151,group_reduced_formula,full,dummy_mean,0.78,1.4741028012684987
4159,group_reduced_formula,full,dummy_mean,-0.32,1.4741028012684987
4163,group_reduced_formula,full,dummy_mean,1.2,1.4741028012684987
4175,group_reduced_formula,full,dummy_mean,1.82,1.4741028012684987
4192,group_reduced_formula,full,dummy_mean,0.42,1.4741028012684987
4194,group_reduced_formula,full,dummy_mean,2.86,1.4741028012684987
4231,group_reduced_formula,full,dummy_mean,1.2,1.4741028012684987
4232,group_reduced_formula,full,dummy_mean,0.56,1.4741028012684987
4233,group_reduced_formula,full,dummy_mean,1.0,1.4741028012684987
4235,group_reduced_formula,full,dummy_mean,2.8,1.4741028012684987
4236,group_reduced_formula,full,dummy_mean,1.58,1.4741028012684987
4244,group_reduced_formula,full,dummy_mean,0.24,1.4741028012684987
4246,group_reduced_formula,full,dummy_mean,1.34,1.4741028012684987
4248,group_reduced_formula,full,dummy_mean,0.92,1.4741028012684987
4257,group_reduced_formula,full,dummy_mean,1.34,1.4741028012684987
4258,group_reduced_formula,full,dummy_mean,1.08,1.4741028012684987
4307,group_reduced_formula,full,dummy_mean,1.98,1.4741028012684987
4312,group_reduced_formula,full,dummy_mean,1.52,1.4741028012684987
4317,group_reduced_formula,full,dummy_mean,1.82,1.4741028012684987
4343,group_reduced_formula,full,dummy_mean,1.42,1.4741028012684987
4355,group_reduced_formula,full,dummy_mean,1.88,1.4741028012684987
4358,group_reduced_formula,full,dummy_mean,0.66,1.4741028012684987
4365,group_reduced_formula,full,dummy_mean,1.5,1.4741028012684987
4366,group_reduced_formula,full,dummy_mean,0.86,1.4741028012684987
4367,group_reduced_formula,full,dummy_mean,0.76,1.4741028012684987
4368,group_reduced_formula,full,dummy_mean,2.72,1.4741028012684987
4385,group_reduced_formula,full,dummy_mean,1.14,1.4741028012684987
4386,group_reduced_formula,full,dummy_mean,2.98,1.4741028012684987
4389,group_reduced_formula,full,dummy_mean,1.74,1.4741028012684987
4398,group_reduced_formula,full,dummy_mean,2.88,1.4741028012684987
4401,group_reduced_formula,full,dummy_mean,1.0,1.4741028012684987
4418,group_reduced_formula,full,dummy_mean,0.62,1.4741028012684987
4422,group_reduced_formula,full,dummy_mean,2.32,1.4741028012684987
4487,group_reduced_formula,full,dummy_mean,0.66,1.4741028012684987
4490,group_reduced_formula,full,dummy_mean,1.5,1.4741028012684987
4500,group_reduced_formula,full,dummy_mean,1.58,1.4741028012684987
4502,group_reduced_formula,full,dummy_mean,2.4,1.4741028012684987
4512,group_reduced_formula,full,dummy_mean,1.34,1.4741028012684987
4522,group_reduced_formula,full,dummy_mean,1.38,1.4741028012684987
4534,group_reduced_formula,full,dummy_mean,1.2,1.4741028012684987
4539,group_reduced_formula,full,dummy_mean,1.12,1.4741028012684987
4545,group_reduced_formula,full,dummy_mean,0.8,1.4741028012684987
4556,group_reduced_formula,full,dummy_mean,0.9,1.4741028012684987
4558,group_reduced_formula,full,dummy_mean,1.16,1.4741028012684987
4576,group_reduced_formula,full,dummy_mean,1.84,1.4741028012684987
4583,group_reduced_formula,full,dummy_mean,0.8,1.4741028012684987
4594,group_reduced_formula,full,dummy_mean,0.36,1.4741028012684987
4599,group_reduced_formula,full,dummy_mean,1.68,1.4741028012684987
4641,group_reduced_formula,full,dummy_mean,0.82,1.4741028012684987
4674,group_reduced_formula,full,dummy_mean,0.94,1.4741028012684987
4687,group_reduced_formula,full,dummy_mean,0.96,1.4741028012684987
4702,group_reduced_formula,full,dummy_mean,1.12,1.4741028012684987
4717,group_reduced_formula,full,dummy_mean,1.72,1.4741028012684987
4725,group_reduced_formula,full,dummy_mean,1.54,1.4741028012684987
4749,group_reduced_formula,full,dummy_mean,1.44,1.4741028012684987
4753,group_reduced_formula,full,dummy_mean,1.2,1.4741028012684987
4757,group_reduced_formula,full,dummy_mean,0.86,1.4741028012684987
4760,group_reduced_formula,full,dummy_mean,0.42,1.4741028012684987
4767,group_reduced_formula,full,dummy_mean,1.8,1.4741028012684987
4781,group_reduced_formula,full,dummy_mean,0.86,1.4741028012684987
4786,group_reduced_formula,full,dummy_mean,0.14,1.4741028012684987
4788,group_reduced_formula,full,dummy_mean,1.64,1.4741028012684987
4794,group_reduced_formula,full,dummy_mean,3.18,1.4741028012684987
4839,group_reduced_formula,full,dummy_mean,1.8,1.4741028012684987
4853,group_reduced_formula,full,dummy_mean,0.2,1.4741028012684987
4881,group_reduced_formula,full,dummy_mean,0.44,1.4741028012684987
4886,group_reduced_formula,full,dummy_mean,0.68,1.4741028012684987
4903,group_reduced_formula,full,dummy_mean,1.58,1.4741028012684987
4904,group_reduced_formula,full,dummy_mean,2.12,1.4741028012684987
4905,group_reduced_formula,full,dummy_mean,0.04,1.4741028012684987
4910,group_reduced_formula,full,dummy_mean,0.64,1.4741028012684987
4913,group_reduced_formula,full,dummy_mean,2.0,1.4741028012684987
4922,group_reduced_formula,full,dummy_mean,1.56,1.4741028012684987
4927,group_reduced_formula,full,dummy_mean,2.88,1.4741028012684987
4937,group_reduced_formula,full,dummy_mean,1.7,1.4741028012684987
4951,group_reduced_formula,full,dummy_mean,1.72,1.4741028012684987
4957,group_reduced_formula,full,dummy_mean,1.72,1.4741028012684987
4965,group_reduced_formula,full,dummy_mean,1.22,1.4741028012684987
4978,group_reduced_formula,full,dummy_mean,1.82,1.4741028012684987
4985,group_reduced_formula,full,dummy_mean,1.92,1.4741028012684987
5006,group_reduced_formula,full,dummy_mean,2.48,1.4741028012684987
5024,group_reduced_formula,full,dummy_mean,3.56,1.4741028012684987
5032,group_reduced_formula,full,dummy_mean,2.68,1.4741028012684987
5035,group_reduced_formula,full,dummy_mean,1.18,1.4741028012684987
5039,group_reduced_formula,full,dummy_mean,1.62,1.4741028012684987
5041,group_reduced_formula,full,dummy_mean,1.8,1.4741028012684987
5044,group_reduced_formula,full,dummy_mean,1.08,1.4741028012684987
5047,group_reduced_formula,full,dummy_mean,0.78,1.4741028012684987
5051,group_reduced_formula,full,dummy_mean,1.88,1.4741028012684987
5059,group_reduced_formula,full,dummy_mean,0.94,1.4741028012684987
5061,group_reduced_formula,full,dummy_mean,0.76,1.4741028012684987
5076,group_reduced_formula,full,dummy_mean,0.7,1.4741028012684987
5078,group_reduced_formula,full,dummy_mean,0.82,1.4741028012684987
5082,group_reduced_formula,full,dummy_mean,2.1,1.4741028012684987
5084,group_reduced_formula,full,dummy_mean,1.78,1.4741028012684987
5086,group_reduced_formula,full,dummy_mean,0.72,1.4741028012684987
5103,group_reduced_formula,full,dummy_mean,2.5,1.4741028012684987
5110,group_reduced_formula,full,dummy_mean,0.94,1.4741028012684987
5116,group_reduced_formula,full,dummy_mean,0.16,1.4741028012684987
5122,group_reduced_formula,full,dummy_mean,0.74,1.4741028012684987
5133,group_reduced_formula,full,dummy_mean,3.42,1.4741028012684987
5137,group_reduced_formula,full,dummy_mean,-0.16,1.4741028012684987
5144,group_reduced_formula,full,dummy_mean,0.54,1.4741028012684987
5152,group_reduced_formula,full,dummy_mean,2.76,1.4741028012684987
5157,group_reduced_formula,full,dummy_mean,1.86,1.4741028012684987
5166,group_reduced_formula,full,dummy_mean,0.96,1.4741028012684987
5168,group_reduced_formula,full,dummy_mean,1.14,1.4741028012684987
5175,group_reduced_formula,full,dummy_mean,1.96,1.4741028012684987
5192,group_reduced_formula,full,dummy_mean,1.32,1.4741028012684987
5195,group_reduced_formula,full,dummy_mean,1.76,1.4741028012684987
5201,group_reduced_formula,full,dummy_mean,0.62,1.4741028012684987
5211,group_reduced_formula,full,dummy_mean,1.3,1.4741028012684987
5230,group_reduced_formula,full,dummy_mean,1.06,1.4741028012684987
5232,group_reduced_formula,full,dummy_mean,1.36,1.4741028012684987
5233,group_reduced_formula,full,dummy_mean,0.96,1.4741028012684987
5239,group_reduced_formula,full,dummy_mean,1.92,1.4741028012684987
5243,group_reduced_formula,full,dummy_mean,1.24,1.4741028012684987
5244,group_reduced_formula,full,dummy_mean,1.36,1.4741028012684987
5257,group_reduced_formula,full,dummy_mean,2.24,1.4741028012684987
5273,group_reduced_formula,full,dummy_mean,1.66,1.4741028012684987
5281,group_reduced_formula,full,dummy_mean,1.9,1.4741028012684987
5286,group_reduced_formula,full,dummy_mean,1.14,1.4741028012684987
5289,group_reduced_formula,full,dummy_mean,2.08,1.4741028012684987
5294,group_reduced_formula,full,dummy_mean,0.52,1.4741028012684987
5298,group_reduced_formula,full,dummy_mean,1.5,1.4741028012684987
5308,group_reduced_formula,full,dummy_mean,1.98,1.4741028012684987
5321,group_reduced_formula,full,dummy_mean,1.02,1.4741028012684987
5326,group_reduced_formula,full,dummy_mean,1.2,1.4741028012684987
5341,group_reduced_formula,full,dummy_mean,0.9,1.4741028012684987
5350,group_reduced_formula,full,dummy_mean,0.42,1.4741028012684987
5364,group_reduced_formula,full,dummy_mean,3.34,1.4741028012684987
5384,group_reduced_formula,full,dummy_mean,1.52,1.4741028012684987
5412,group_reduced_formula,full,dummy_mean,0.72,1.4741028012684987
5430,group_reduced_formula,full,dummy_mean,1.44,1.4741028012684987
5446,group_reduced_formula,full,dummy_mean,1.32,1.4741028012684987
5448,group_reduced_formula,full,dummy_mean,0.74,1.4741028012684987
5454,group_reduced_formula,full,dummy_mean,2.28,1.4741028012684987
5456,group_reduced_formula,full,dummy_mean,1.26,1.4741028012684987
5496,group_reduced_formula,full,dummy_mean,0.5,1.4741028012684987
5507,group_reduced_formula,full,dummy_mean,1.82,1.4741028012684987
5517,group_reduced_formula,full,dummy_mean,1.18,1.4741028012684987
5518,group_reduced_formula,full,dummy_mean,3.3,1.4741028012684987
5545,group_reduced_formula,full,dummy_mean,0.84,1.4741028012684987
5548,group_reduced_formula,full,dummy_mean,2.1,1.4741028012684987
5557,group_reduced_formula,full,dummy_mean,0.9,1.4741028012684987
5587,group_reduced_formula,full,dummy_mean,2.66,1.4741028012684987
5598,group_reduced_formula,full,dummy_mean,3.92,1.4741028012684987
5600,group_reduced_formula,full,dummy_mean,2.38,1.4741028012684987
5606,group_reduced_formula,full,dummy_mean,1.66,1.4741028012684987
5608,group_reduced_formula,full,dummy_mean,2.1,1.4741028012684987
5615,group_reduced_formula,full,dummy_mean,1.02,1.4741028012684987
5632,group_reduced_formula,full,dummy_mean,1.96,1.4741028012684987
5638,group_reduced_formula,full,dummy_mean,1.82,1.4741028012684987
5652,group_reduced_formula,full,dummy_mean,1.3,1.4741028012684987
5653,group_reduced_formula,full,dummy_mean,1.8,1.4741028012684987
5677,group_reduced_formula,full,dummy_mean,1.38,1.4741028012684987
5691,group_reduced_formula,full,dummy_mean,0.94,1.4741028012684987
5693,group_reduced_formula,full,dummy_mean,0.42,1.4741028012684987
5695,group_reduced_formula,full,dummy_mean,0.32,1.4741028012684987
5717,group_reduced_formula,full,dummy_mean,0.8,1.4741028012684987
5720,group_reduced_formula,full,dummy_mean,1.86,1.4741028012684987
5724,group_reduced_formula,full,dummy_mean,1.28,1.4741028012684987
5728,group_reduced_formula,full,dummy_mean,1.08,1.4741028012684987
5738,group_reduced_formula,full,dummy_mean,0.34,1.4741028012684987
5757,group_reduced_formula,full,dummy_mean,1.38,1.4741028012684987
5760,group_reduced_formula,full,dummy_mean,1.98,1.4741028012684987
5773,group_reduced_formula,full,dummy_mean,1.9,1.4741028012684987
5788,group_reduced_formula,full,dummy_mean,1.86,1.4741028012684987
5792,group_reduced_formula,full,dummy_mean,1.88,1.4741028012684987
5813,group_reduced_formula,full,dummy_mean,1.4,1.4741028012684987
5867,group_reduced_formula,full,dummy_mean,1.88,1.4741028012684987
5868,group_reduced_formula,full,dummy_mean,2.3,1.4741028012684987
5881,group_reduced_formula,full,dummy_mean,1.32,1.4741028012684987
5887,group_reduced_formula,full,dummy_mean,1.88,1.4741028012684987
5895,group_reduced_formula,full,dummy_mean,0.96,1.4741028012684987
5904,group_reduced_formula,full,dummy_mean,2.34,1.4741028012684987
5910,group_reduced_formula,full,dummy_mean,0.3,1.4741028012684987
5913,group_reduced_formula,full,dummy_mean,1.16,1.4741028012684987
5915,group_reduced_formula,full,dummy_mean,0.64,1.4741028012684987
5944,group_reduced_formula,full,dummy_mean,1.8,1.4741028012684987
5947,group_reduced_formula,full,dummy_mean,0.62,1.4741028012684987
5957,group_reduced_formula,full,dummy_mean,1.92,1.4741028012684987
5973,group_reduced_formula,full,dummy_mean,1.44,1.4741028012684987
5977,group_reduced_formula,full,dummy_mean,0.72,1.4741028012684987
5988,group_reduced_formula,full,dummy_mean,1.1,1.4741028012684987
5991,group_reduced_formula,full,dummy_mean,1.16,1.4741028012684987
5995,group_reduced_formula,full,dummy_mean,1.52,1.4741028012684987
6002,group_reduced_formula,full,dummy_mean,0.68,1.4741028012684987
6006,group_reduced_formula,full,dummy_mean,1.14,1.4741028012684987
6014,group_reduced_formula,full,dummy_mean,0.98,1.4741028012684987
6023,group_reduced_formula,full,dummy_mean,1.18,1.4741028012684987
6062,group_reduced_formula,full,dummy_mean,1.96,1.4741028012684987
6063,group_reduced_formula,full,dummy_mean,1.32,1.4741028012684987
6088,group_reduced_formula,full,dummy_mean,2.24,1.4741028012684987
6090,group_reduced_formula,full,dummy_mean,1.14,1.4741028012684987
6095,group_reduced_formula,full,dummy_mean,1.06,1.4741028012684987
6097,group_reduced_formula,full,dummy_mean,0.76,1.4741028012684987
6105,group_reduced_formula,full,dummy_mean,1.6,1.4741028012684987
6112,group_reduced_formula,full,dummy_mean,4.86,1.4741028012684987
6115,group_reduced_formula,full,dummy_mean,2.04,1.4741028012684987
6120,group_reduced_formula,full,dummy_mean,1.02,1.4741028012684987
6131,group_reduced_formula,full,dummy_mean,0.48,1.4741028012684987
6132,group_reduced_formula,full,dummy_mean,1.46,1.4741028012684987
6135,group_reduced_formula,full,dummy_mean,1.48,1.4741028012684987
6142,group_reduced_formula,full,dummy_mean,0.68,1.4741028012684987
6164,group_reduced_formula,full,dummy_mean,1.12,1.4741028012684987
6171,group_reduced_formula,full,dummy_mean,1.38,1.4741028012684987
6175,group_reduced_formula,full,dummy_mean,1.78,1.4741028012684987
6183,group_reduced_formula,full,dummy_mean,1.66,1.4741028012684987
6197,group_reduced_formula,full,dummy_mean,0.88,1.4741028012684987
6203,group_reduced_formula,full,dummy_mean,0.98,1.4741028012684987
6205,group_reduced_formula,full,dummy_mean,1.0,1.4741028012684987
6221,group_reduced_formula,full,dummy_mean,0.32,1.4741028012684987
6235,group_reduced_formula,full,dummy_mean,1.1,1.4741028012684987
6238,group_reduced_formula,full,dummy_mean,1.62,1.4741028012684987
6255,group_reduced_formula,full,dummy_mean,0.98,1.4741028012684987
6289,group_reduced_formula,full,dummy_mean,1.56,1.4741028012684987
6322,group_reduced_formula,full,dummy_mean,0.38,1.4741028012684987
6331,group_reduced_formula,full,dummy_mean,0.88,1.4741028012684987
6345,group_reduced_formula,full,dummy_mean,0.6,1.4741028012684987
6350,group_reduced_formula,full,dummy_mean,1.76,1.4741028012684987
6369,group_reduced_formula,full,dummy_mean,0.48,1.4741028012684987
6385,group_reduced_formula,full,dummy_mean,0.9,1.4741028012684987
6388,group_reduced_formula,full,dummy_mean,1.62,1.4741028012684987
6399,group_reduced_formula,full,dummy_mean,1.0,1.4741028012684987
6439,group_reduced_formula,full,dummy_mean,1.7,1.4741028012684987
6440,group_reduced_formula,full,dummy_mean,1.5,1.4741028012684987
6445,group_reduced_formula,full,dummy_mean,1.32,1.4741028012684987
6455,group_reduced_formula,full,dummy_mean,1.0,1.4741028012684987
6465,group_reduced_formula,full,dummy_mean,1.56,1.4741028012684987
6472,group_reduced_formula,full,dummy_mean,0.62,1.4741028012684987
6476,group_reduced_formula,full,dummy_mean,1.72,1.4741028012684987
6483,group_reduced_formula,full,dummy_mean,1.58,1.4741028012684987
6487,group_reduced_formula,full,dummy_mean,1.82,1.4741028012684987
6492,group_reduced_formula,full,dummy_mean,0.86,1.4741028012684987
6494,group_reduced_formula,full,dummy_mean,1.14,1.4741028012684987
6499,group_reduced_formula,full,dummy_mean,0.86,1.4741028012684987
6500,group_reduced_formula,full,dummy_mean,1.22,1.4741028012684987
6501,group_reduced_formula,full,dummy_mean,1.32,1.4741028012684987
6524,group_reduced_formula,full,dummy_mean,1.56,1.4741028012684987
6530,group_reduced_formula,full,dummy_mean,0.5,1.4741028012684987
6544,group_reduced_formula,full,dummy_mean,2.26,1.4741028012684987
6545,group_reduced_formula,full,dummy_mean,2.8,1.4741028012684987
6553,group_reduced_formula,full,dummy_mean,1.44,1.4741028012684987
6584,group_reduced_formula,full,dummy_mean,2.84,1.4741028012684987
6601,group_reduced_formula,full,dummy_mean,0.86,1.4741028012684987
6609,group_reduced_formula,full,dummy_mean,1.1,1.4741028012684987
6613,group_reduced_formula,full,dummy_mean,2.9,1.4741028012684987
6644,group_reduced_formula,full,dummy_mean,1.14,1.4741028012684987
6645,group_reduced_formula,full,dummy_mean,0.6,1.4741028012684987
6647,group_reduced_formula,full,dummy_mean,1.48,1.4741028012684987
6654,group_reduced_formula,full,dummy_mean,3.32,1.4741028012684987
6655,group_reduced_formula,full,dummy_mean,0.66,1.4741028012684987
6660,group_reduced_formula,full,dummy_mean,0.54,1.4741028012684987
6690,group_reduced_formula,full,dummy_mean,1.24,1.4741028012684987
6692,group_reduced_formula,full,dummy_mean,0.94,1.4741028012684987
6695,group_reduced_formula,full,dummy_mean,1.18,1.4741028012684987
6710,group_reduced_formula,full,dummy_mean,1.34,1.4741028012684987
6713,group_reduced_formula,full,dummy_mean,3.08,1.4741028012684987
6725,group_reduced_formula,full,dummy_mean,2.56,1.4741028012684987
6726,group_reduced_formula,full,dummy_mean,1.04,1.4741028012684987
6740,group_reduced_formula,full,dummy_mean,0.96,1.4741028012684987
6755,group_reduced_formula,full,dummy_mean,0.72,1.4741028012684987
6758,group_reduced_formula,full,dummy_mean,1.48,1.4741028012684987
6783,group_reduced_formula,full,dummy_mean,1.16,1.4741028012684987
6796,group_reduced_formula,full,dummy_mean,0.88,1.4741028012684987
6812,group_reduced_formula,full,dummy_mean,1.04,1.4741028012684987
6817,group_reduced_formula,full,dummy_mean,1.32,1.4741028012684987
6822,group_reduced_formula,full,dummy_mean,1.7,1.4741028012684987
6836,group_reduced_formula,full,dummy_mean,0.36,1.4741028012684987
6839,group_reduced_formula,full,dummy_mean,0.78,1.4741028012684987
6845,group_reduced_formula,full,dummy_mean,2.48,1.4741028012684987
6848,group_reduced_formula,full,dummy_mean,-0.14,1.4741028012684987
6854,group_reduced_formula,full,dummy_mean,2.4,1.4741028012684987
6870,group_reduced_formula,full,dummy_mean,0.84,1.4741028012684987
6875,group_reduced_formula,full,dummy_mean,1.74,1.4741028012684987
6881,group_reduced_formula,full,dummy_mean,3.28,1.4741028012684987
6887,group_reduced_formula,full,dummy_mean,0.88,1.4741028012684987
6893,group_reduced_formula,full,dummy_mean,0.66,1.4741028012684987
6914,group_reduced_formula,full,dummy_mean,2.58,1.4741028012684987
6917,group_reduced_formula,full,dummy_mean,2.0,1.4741028012684987
6934,group_reduced_formula,full,dummy_mean,1.1,1.4741028012684987
6961,group_reduced_formula,full,dummy_mean,-0.14,1.4741028012684987
6970,group_reduced_formula,full,dummy_mean,1.76,1.4741028012684987
6987,group_reduced_formula,full,dummy_mean,1.22,1.4741028012684987
7012,group_reduced_formula,full,dummy_mean,1.72,1.4741028012684987
7015,group_reduced_formula,full,dummy_mean,0.2,1.4741028012684987
7038,group_reduced_formula,full,dummy_mean,1.3,1.4741028012684987
7043,group_reduced_formula,full,dummy_mean,0.94,1.4741028012684987
7050,group_reduced_formula,full,dummy_mean,1.48,1.4741028012684987
7059,group_reduced_formula,full,dummy_mean,1.84,1.4741028012684987
7082,group_reduced_formula,full,dummy_mean,0.66,1.4741028012684987
7138,group_reduced_formula,full,dummy_mean,1.74,1.4741028012684987
7155,group_reduced_formula,full,dummy_mean,2.4,1.4741028012684987
7161,group_reduced_formula,full,dummy_mean,2.06,1.4741028012684987
7171,group_reduced_formula,full,dummy_mean,0.64,1.4741028012684987
7180,group_reduced_formula,full,dummy_mean,1.48,1.4741028012684987
7181,group_reduced_formula,full,dummy_mean,1.36,1.4741028012684987
7182,group_reduced_formula,full,dummy_mean,2.38,1.4741028012684987
7183,group_reduced_formula,full,dummy_mean,0.58,1.4741028012684987
7194,group_reduced_formula,full,dummy_mean,1.44,1.4741028012684987
7203,group_reduced_formula,full,dummy_mean,1.48,1.4741028012684987
7204,group_reduced_formula,full,dummy_mean,1.36,1.4741028012684987
7213,group_reduced_formula,full,dummy_mean,0.76,1.4741028012684987
7217,group_reduced_formula,full,dummy_mean,0.4,1.4741028012684987
7218,group_reduced_formula,full,dummy_mean,0.78,1.4741028012684987
7223,group_reduced_formula,full,dummy_mean,0.96,1.4741028012684987
7229,group_reduced_formula,full,dummy_mean,0.7,1.4741028012684987
7240,group_reduced_formula,full,dummy_mean,0.64,1.4741028012684987
7261,group_reduced_formula,full,dummy_mean,1.62,1.4741028012684987
7264,group_reduced_formula,full,dummy_mean,1.7,1.4741028012684987
7275,group_reduced_formula,full,dummy_mean,1.5,1.4741028012684987
7279,group_reduced_formula,full,dummy_mean,1.02,1.4741028012684987
7280,group_reduced_formula,full,dummy_mean,0.84,1.4741028012684987
7299,group_reduced_formula,full,dummy_mean,2.68,1.4741028012684987
7302,group_reduced_formula,full,dummy_mean,1.98,1.4741028012684987
7317,group_reduced_formula,full,dummy_mean,1.44,1.4741028012684987
7324,group_reduced_formula,full,dummy_mean,0.54,1.4741028012684987
7339,group_reduced_formula,full,dummy_mean,1.52,1.4741028012684987
7350,group_reduced_formula,full,dummy_mean,2.06,1.4741028012684987
7364,group_reduced_formula,full,dummy_mean,0.18,1.4741028012684987
7373,group_reduced_formula,full,dummy_mean,3.24,1.4741028012684987
7384,group_reduced_formula,full,dummy_mean,1.66,1.4741028012684987
7386,group_reduced_formula,full,dummy_mean,0.3,1.4741028012684987
7403,group_reduced_formula,full,dummy_mean,0.98,1.4741028012684987
7414,group_reduced_formula,full,dummy_mean,1.9,1.4741028012684987
7420,group_reduced_formula,full,dummy_mean,1.74,1.4741028012684987
7424,group_reduced_formula,full,dummy_mean,0.1,1.4741028012684987
7433,group_reduced_formula,full,dummy_mean,3.6,1.4741028012684987
7434,group_reduced_formula,full,dummy_mean,1.22,1.4741028012684987
7439,group_reduced_formula,full,dummy_mean,1.04,1.4741028012684987
7442,group_reduced_formula,full,dummy_mean,1.68,1.4741028012684987
7448,group_reduced_formula,full,dummy_mean,1.66,1.4741028012684987
7456,group_reduced_formula,full,dummy_mean,1.86,1.4741028012684987
7459,group_reduced_formula,full,dummy_mean,0.56,1.4741028012684987
7474,group_reduced_formula,full,dummy_mean,1.1,1.4741028012684987
7479,group_reduced_formula,full,dummy_mean,0.18,1.4741028012684987
7486,group_reduced_formula,full,dummy_mean,1.04,1.4741028012684987
7509,group_reduced_formula,full,dummy_mean,1.08,1.4741028012684987
7510,group_reduced_formula,full,dummy_mean,2.74,1.4741028012684987
7520,group_reduced_formula,full,dummy_mean,2.36,1.4741028012684987
7523,group_reduced_formula,full,dummy_mean,1.74,1.4741028012684987
7529,group_reduced_formula,full,dummy_mean,2.02,1.4741028012684987
7534,group_reduced_formula,full,dummy_mean,1.98,1.4741028012684987
7542,group_reduced_formula,full,dummy_mean,1.04,1.4741028012684987
7545,group_reduced_formula,full,dummy_mean,1.4,1.4741028012684987
7547,group_reduced_formula,full,dummy_mean,1.52,1.4741028012684987
7570,group_reduced_formula,full,dummy_mean,0.34,1.4741028012684987
7571,group_reduced_formula,full,dummy_mean,1.44,1.4741028012684987
7575,group_reduced_formula,full,dummy_mean,1.78,1.4741028012684987
7586,group_reduced_formula,full,dummy_mean,1.4,1.4741028012684987
7589,group_reduced_formula,full,dummy_mean,1.28,1.4741028012684987
7591,group_reduced_formula,full,dummy_mean,1.54,1.4741028012684987
7605,group_reduced_formula,full,dummy_mean,2.82,1.4741028012684987
7619,group_reduced_formula,full,dummy_mean,2.9,1.4741028012684987
7632,group_reduced_formula,full,dummy_mean,1.36,1.4741028012684987
7639,group_reduced_formula,full,dummy_mean,0.64,1.4741028012684987
7653,group_reduced_formula,full,dummy_mean,2.7,1.4741028012684987
7659,group_reduced_formula,full,dummy_mean,1.38,1.4741028012684987
7666,group_reduced_formula,full,dummy_mean,1.14,1.4741028012684987
7673,group_reduced_formula,full,dummy_mean,2.14,1.4741028012684987
7680,group_reduced_formula,full,dummy_mean,0.98,1.4741028012684987
7686,group_reduced_formula,full,dummy_mean,1.24,1.4741028012684987
7687,group_reduced_formula,full,dummy_mean,1.64,1.4741028012684987
7694,group_reduced_formula,full,dummy_mean,2.56,1.4741028012684987
7696,group_reduced_formula,full,dummy_mean,0.86,1.4741028012684987
7708,group_reduced_formula,full,dummy_mean,2.58,1.4741028012684987
7723,group_reduced_formula,full,dummy_mean,1.0,1.4741028012684987
7732,group_reduced_formula,full,dummy_mean,0.68,1.4741028012684987
7739,group_reduced_formula,full,dummy_mean,0.84,1.4741028012684987
7742,group_reduced_formula,full,dummy_mean,1.26,1.4741028012684987
7748,group_reduced_formula,full,dummy_mean,2.58,1.4741028012684987
7753,group_reduced_formula,full,dummy_mean,2.08,1.4741028012684987
7791,group_reduced_formula,full,dummy_mean,1.58,1.4741028012684987
7813,group_reduced_formula,full,dummy_mean,1.82,1.4741028012684987
7836,group_reduced_formula,full,dummy_mean,1.18,1.4741028012684987
7850,group_reduced_formula,full,dummy_mean,1.72,1.4741028012684987
7856,group_reduced_formula,full,dummy_mean,0.86,1.4741028012684987
7883,group_reduced_formula,full,dummy_mean,1.04,1.4741028012684987
7887,group_reduced_formula,full,dummy_mean,3.46,1.4741028012684987
7892,group_reduced_formula,full,dummy_mean,1.44,1.4741028012684987
7894,group_reduced_formula,full,dummy_mean,2.84,1.4741028012684987
7899,group_reduced_formula,full,dummy_mean,1.0,1.4741028012684987
7914,group_reduced_formula,full,dummy_mean,1.8,1.4741028012684987
7928,group_reduced_formula,full,dummy_mean,0.84,1.4741028012684987
7930,group_reduced_formula,full,dummy_mean,0.5,1.4741028012684987
7952,group_reduced_formula,full,dummy_mean,2.28,1.4741028012684987
7962,group_reduced_formula,full,dummy_mean,1.0,1.4741028012684987
7963,group_reduced_formula,full,dummy_mean,1.24,1.4741028012684987
7969,group_reduced_formula,full,dummy_mean,1.14,1.4741028012684987
7972,group_reduced_formula,full,dummy_mean,1.52,1.4741028012684987
7987,group_reduced_formula,full,dummy_mean,1.38,1.4741028012684987
8004,group_reduced_formula,full,dummy_mean,2.64,1.4741028012684987
8035,group_reduced_formula,full,dummy_mean,1.54,1.4741028012684987
8040,group_reduced_formula,full,dummy_mean,2.12,1.4741028012684987
8042,group_reduced_formula,full,dummy_mean,1.54,1.4741028012684987
8047,group_reduced_formula,full,dummy_mean,1.02,1.4741028012684987
8055,group_reduced_formula,full,dummy_mean,1.36,1.4741028012684987
8059,group_reduced_formula,full,dummy_mean,1.92,1.4741028012684987
8092,group_reduced_formula,full,dummy_mean,1.34,1.4741028012684987
8104,group_reduced_formula,full,dummy_mean,1.06,1.4741028012684987
8105,group_reduced_formula,full,dummy_mean,1.24,1.4741028012684987
8106,group_reduced_formula,full,dummy_mean,1.62,1.4741028012684987
8125,group_reduced_formula,full,dummy_mean,2.46,1.4741028012684987
8127,group_reduced_formula,full,dummy_mean,1.8,1.4741028012684987
8130,group_reduced_formula,full,dummy_mean,2.24,1.4741028012684987
8151,group_reduced_formula,full,dummy_mean,0.84,1.4741028012684987
8159,group_reduced_formula,full,dummy_mean,1.46,1.4741028012684987
8166,group_reduced_formula,full,dummy_mean,1.1,1.4741028012684987
8170,group_reduced_formula,full,dummy_mean,1.0,1.4741028012684987
8175,group_reduced_formula,full,dummy_mean,0.48,1.4741028012684987
8190,group_reduced_formula,full,dummy_mean,1.5,1.4741028012684987
8194,group_reduced_formula,full,dummy_mean,1.56,1.4741028012684987
8203,group_reduced_formula,full,dummy_mean,0.94,1.4741028012684987
8205,group_reduced_formula,full,dummy_mean,3.4,1.4741028012684987
8264,group_reduced_formula,full,dummy_mean,1.36,1.4741028012684987
8272,group_reduced_formula,full,dummy_mean,2.0,1.4741028012684987
8274,group_reduced_formula,full,dummy_mean,1.14,1.4741028012684987
8276,group_reduced_formula,full,dummy_mean,0.86,1.4741028012684987
8277,group_reduced_formula,full,dummy_mean,0.82,1.4741028012684987
8298,group_reduced_formula,full,dummy_mean,1.62,1.4741028012684987
8303,group_reduced_formula,full,dummy_mean,2.88,1.4741028012684987
8312,group_reduced_formula,full,dummy_mean,0.5,1.4741028012684987
8315,group_reduced_formula,full,dummy_mean,1.86,1.4741028012684987
8330,group_reduced_formula,full,dummy_mean,1.54,1.4741028012684987
8345,group_reduced_formula,full,dummy_mean,0.52,1.4741028012684987
8389,group_reduced_formula,full,dummy_mean,1.8,1.4741028012684987
8390,group_reduced_formula,full,dummy_mean,1.18,1.4741028012684987
8399,group_reduced_formula,full,dummy_mean,1.86,1.4741028012684987
8404,group_reduced_formula,full,dummy_mean,0.8,1.4741028012684987
8413,group_reduced_formula,full,dummy_mean,1.52,1.4741028012684987
8423,group_reduced_formula,full,dummy_mean,0.74,1.4741028012684987
8429,group_reduced_formula,full,dummy_mean,0.9,1.4741028012684987
8430,group_reduced_formula,full,dummy_mean,0.46,1.4741028012684987
8435,group_reduced_formula,full,dummy_mean,0.88,1.4741028012684987
8439,group_reduced_formula,full,dummy_mean,1.3,1.4741028012684987
8451,group_reduced_formula,full,dummy_mean,1.66,1.4741028012684987
8459,group_reduced_formula,full,dummy_mean,1.14,1.4741028012684987
8464,group_reduced_formula,full,dummy_mean,2.94,1.4741028012684987
8483,group_reduced_formula,full,dummy_mean,0.68,1.4741028012684987
8487,group_reduced_formula,full,dummy_mean,0.52,1.4741028012684987
8489,group_reduced_formula,full,dummy_mean,1.22,1.4741028012684987
8499,group_reduced_formula,full,dummy_mean,2.52,1.4741028012684987
8529,group_reduced_formula,full,dummy_mean,1.84,1.4741028012684987
8538,group_reduced_formula,full,dummy_mean,1.38,1.4741028012684987
8574,group_reduced_formula,full,dummy_mean,1.54,1.4741028012684987
8575,group_reduced_formula,full,dummy_mean,1.94,1.4741028012684987
8578,group_reduced_formula,full,dummy_mean,2.84,1.4741028012684987
8602,group_reduced_formula,full,dummy_mean,1.5,1.4741028012684987
8605,group_reduced_formula,full,dummy_mean,0.74,1.4741028012684987
8630,group_reduced_formula,full,dummy_mean,2.24,1.4741028012684987
8640,group_reduced_formula,full,dummy_mean,0.38,1.4741028012684987
8656,group_reduced_formula,full,dummy_mean,1.94,1.4741028012684987
8659,group_reduced_formula,full,dummy_mean,1.78,1.4741028012684987
8684,group_reduced_formula,full,dummy_mean,2.46,1.4741028012684987
8686,group_reduced_formula,full,dummy_mean,2.76,1.4741028012684987
8691,group_reduced_formula,full,dummy_mean,1.18,1.4741028012684987
8712,group_reduced_formula,full,dummy_mean,1.32,1.4741028012684987
8726,group_reduced_formula,full,dummy_mean,0.76,1.4741028012684987
8741,group_reduced_formula,full,dummy_mean,1.38,1.4741028012684987
8754,group_reduced_formula,full,dummy_mean,1.22,1.4741028012684987
8757,group_reduced_formula,full,dummy_mean,0.9,1.4741028012684987
8758,group_reduced_formula,full,dummy_mean,1.88,1.4741028012684987
8766,group_reduced_formula,full,dummy_mean,1.6,1.4741028012684987
8793,group_reduced_formula,full,dummy_mean,1.26,1.4741028012684987
8798,group_reduced_formula,full,dummy_mean,1.44,1.4741028012684987
8804,group_reduced_formula,full,dummy_mean,1.86,1.4741028012684987
8808,group_reduced_formula,full,dummy_mean,1.82,1.4741028012684987
8852,group_reduced_formula,full,dummy_mean,1.24,1.4741028012684987
8859,group_reduced_formula,full,dummy_mean,1.54,1.4741028012684987
8869,group_reduced_formula,full,dummy_mean,1.08,1.4741028012684987
8871,group_reduced_formula,full,dummy_mean,2.02,1.4741028012684987
8879,group_reduced_formula,full,dummy_mean,1.32,1.4741028012684987
8886,group_reduced_formula,full,dummy_mean,1.04,1.4741028012684987
8891,group_reduced_formula,full,dummy_mean,0.9,1.4741028012684987
8902,group_reduced_formula,full,dummy_mean,0.98,1.4741028012684987
8905,group_reduced_formula,full,dummy_mean,1.18,1.4741028012684987
8910,group_reduced_formula,full,dummy_mean,1.52,1.4741028012684987
8911,group_reduced_formula,full,dummy_mean,1.56,1.4741028012684987
8917,group_reduced_formula,full,dummy_mean,2.64,1.4741028012684987
8943,group_reduced_formula,full,dummy_mean,0.36,1.4741028012684987
8947,group_reduced_formula,full,dummy_mean,0.86,1.4741028012684987
8952,group_reduced_formula,full,dummy_mean,1.4,1.4741028012684987
8956,group_reduced_formula,full,dummy_mean,1.18,1.4741028012684987
8978,group_reduced_formula,full,dummy_mean,0.74,1.4741028012684987
8995,group_reduced_formula,full,dummy_mean,1.06,1.4741028012684987
8996,group_reduced_formula,full,dummy_mean,1.86,1.4741028012684987
9005,group_reduced_formula,full,dummy_mean,1.58,1.4741028012684987
9008,group_reduced_formula,full,dummy_mean,1.7,1.4741028012684987
9022,group_reduced_formula,full,dummy_mean,2.62,1.4741028012684987
9033,group_reduced_formula,full,dummy_mean,0.46,1.4741028012684987
9043,group_reduced_formula,full,dummy_mean,2.74,1.4741028012684987
9049,group_reduced_formula,full,dummy_mean,0.78,1.4741028012684987
9053,group_reduced_formula,full,dummy_mean,1.22,1.4741028012684987
9062,group_reduced_formula,full,dummy_mean,1.14,1.4741028012684987
9088,group_reduced_formula,full,dummy_mean,1.6,1.4741028012684987
9096,group_reduced_formula,full,dummy_mean,1.1,1.4741028012684987
9115,group_reduced_formula,full,dummy_mean,0.54,1.4741028012684987
9132,group_reduced_formula,full,dummy_mean,0.58,1.4741028012684987
9137,group_reduced_formula,full,dummy_mean,2.32,1.4741028012684987
9155,group_reduced_formula,full,dummy_mean,0.8,1.4741028012684987
9158,group_reduced_formula,full,dummy_mean,1.56,1.4741028012684987
9181,group_reduced_formula,full,dummy_mean,1.76,1.4741028012684987
9189,group_reduced_formula,full,dummy_mean,1.02,1.4741028012684987
9190,group_reduced_formula,full,dummy_mean,2.96,1.4741028012684987
9191,group_reduced_formula,full,dummy_mean,1.64,1.4741028012684987
9215,group_reduced_formula,full,dummy_mean,0.96,1.4741028012684987
9218,group_reduced_formula,full,dummy_mean,1.1,1.4741028012684987
9219,group_reduced_formula,full,dummy_mean,2.12,1.4741028012684987
9229,group_reduced_formula,full,dummy_mean,2.68,1.4741028012684987
9231,group_reduced_formula,full,dummy_mean,1.54,1.4741028012684987
9249,group_reduced_formula,full,dummy_mean,1.76,1.4741028012684987
9255,group_reduced_formula,full,dummy_mean,1.88,1.4741028012684987
9258,group_reduced_formula,full,dummy_mean,3.0,1.4741028012684987
9276,group_reduced_formula,full,dummy_mean,0.28,1.4741028012684987
9278,group_reduced_formula,full,dummy_mean,1.16,1.4741028012684987
9296,group_reduced_formula,full,dummy_mean,1.58,1.4741028012684987
9306,group_reduced_formula,full,dummy_mean,0.62,1.4741028012684987
9316,group_reduced_formula,full,dummy_mean,2.82,1.4741028012684987
9325,group_reduced_formula,full,dummy_mean,1.72,1.4741028012684987
9333,group_reduced_formula,full,dummy_mean,1.26,1.4741028012684987
9355,group_reduced_formula,full,dummy_mean,2.1,1.4741028012684987
9366,group_reduced_formula,full,dummy_mean,2.3,1.4741028012684987
9367,group_reduced_formula,full,dummy_mean,2.5,1.4741028012684987
9376,group_reduced_formula,full,dummy_mean,1.98,1.4741028012684987
9378,group_reduced_formula,full,dummy_mean,0.58,1.4741028012684987
9404,group_reduced_formula,full,dummy_mean,1.86,1.4741028012684987
9416,group_reduced_formula,full,dummy_mean,0.84,1.4741028012684987
9417,group_reduced_formula,full,dummy_mean,1.42,1.4741028012684987
9428,group_reduced_formula,full,dummy_mean,1.98,1.4741028012684987
9437,group_reduced_formula,full,dummy_mean,2.14,1.4741028012684987
9439,group_reduced_formula,full,dummy_mean,0.92,1.4741028012684987
9441,group_reduced_formula,full,dummy_mean,1.02,1.4741028012684987
9453,group_reduced_formula,full,dummy_mean,1.98,1.4741028012684987
9461,group_reduced_formula,full,dummy_mean,1.16,1.4741028012684987
9475,group_reduced_formula,full,dummy_mean,1.56,1.4741028012684987
9476,group_reduced_formula,full,dummy_mean,1.32,1.4741028012684987
9487,group_reduced_formula,full,dummy_mean,1.22,1.4741028012684987
9490,group_reduced_formula,full,dummy_mean,1.7,1.4741028012684987
9495,group_reduced_formula,full,dummy_mean,0.58,1.4741028012684987
9524,group_reduced_formula,full,dummy_mean,1.22,1.4741028012684987
9527,group_reduced_formula,full,dummy_mean,2.06,1.4741028012684987
9533,group_reduced_formula,full,dummy_mean,1.64,1.4741028012684987
9557,group_reduced_formula,full,dummy_mean,1.88,1.4741028012684987
9564,group_reduced_formula,full,dummy_mean,1.16,1.4741028012684987
9568,group_reduced_formula,full,dummy_mean,1.32,1.4741028012684987
9571,group_reduced_formula,full,dummy_mean,1.44,1.4741028012684987
9579,group_reduced_formula,full,dummy_mean,1.56,1.4741028012684987
9593,group_reduced_formula,full,dummy_mean,0.52,1.4741028012684987
9596,group_reduced_formula,full,dummy_mean,1.64,1.4741028012684987
9604,group_reduced_formula,full,dummy_mean,3.06,1.4741028012684987
9605,group_reduced_formula,full,dummy_mean,0.98,1.4741028012684987
9613,group_reduced_formula,full,dummy_mean,3.56,1.4741028012684987
9614,group_reduced_formula,full,dummy_mean,0.38,1.4741028012684987
9621,group_reduced_formula,full,dummy_mean,1.4,1.4741028012684987
9630,group_reduced_formula,full,dummy_mean,1.48,1.4741028012684987
9639,group_reduced_formula,full,dummy_mean,0.42,1.4741028012684987
9647,group_reduced_formula,full,dummy_mean,0.42,1.4741028012684987
9673,group_reduced_formula,full,dummy_mean,1.46,1.4741028012684987
9685,group_reduced_formula,full,dummy_mean,3.34,1.4741028012684987
9686,group_reduced_formula,full,dummy_mean,1.68,1.4741028012684987
9696,group_reduced_formula,full,dummy_mean,0.84,1.4741028012684987
9698,group_reduced_formula,full,dummy_mean,1.18,1.4741028012684987
9699,group_reduced_formula,full,dummy_mean,1.14,1.4741028012684987
9711,group_reduced_formula,full,dummy_mean,0.78,1.4741028012684987
9714,group_reduced_formula,full,dummy_mean,3.74,1.4741028012684987
9725,group_reduced_formula,full,dummy_mean,1.86,1.4741028012684987
9732,group_reduced_formula,full,dummy_mean,0.96,1.4741028012684987
9737,group_reduced_formula,full,dummy_mean,2.26,1.4741028012684987
9739,group_reduced_formula,full,dummy_mean,0.96,1.4741028012684987
9772,group_reduced_formula,full,dummy_mean,1.64,1.4741028012684987
9775,group_reduced_formula,full,dummy_mean,0.94,1.4741028012684987
9794,group_reduced_formula,full,dummy_mean,1.4,1.4741028012684987
9818,group_reduced_formula,full,dummy_mean,2.02,1.4741028012684987
9819,group_reduced_formula,full,dummy_mean,2.12,1.4741028012684987
9835,group_reduced_formula,full,dummy_mean,1.64,1.4741028012684987
9845,group_reduced_formula,full,dummy_mean,1.46,1.4741028012684987
9852,group_reduced_formula,full,dummy_mean,1.72,1.4741028012684987
9862,group_reduced_formula,full,dummy_mean,2.44,1.4741028012684987
9863,group_reduced_formula,full,dummy_mean,0.92,1.4741028012684987
9888,group_reduced_formula,full,dummy_mean,1.22,1.4741028012684987
9893,group_reduced_formula,full,dummy_mean,1.84,1.4741028012684987
9903,group_reduced_formula,full,dummy_mean,1.48,1.4741028012684987
9912,group_reduced_formula,full,dummy_mean,1.46,1.4741028012684987
9922,group_reduced_formula,full,dummy_mean,3.52,1.4741028012684987
9926,group_reduced_formula,full,dummy_mean,1.74,1.4741028012684987
9930,group_reduced_formula,full,dummy_mean,1.14,1.4741028012684987
9936,group_reduced_formula,full,dummy_mean,2.74,1.4741028012684987
9943,group_reduced_formula,full,dummy_mean,1.7,1.4741028012684987
9948,group_reduced_formula,full,dummy_mean,0.38,1.4741028012684987
9950,group_reduced_formula,full,dummy_mean,1.74,1.4741028012684987
9965,group_reduced_formula,full,dummy_mean,2.0,1.4741028012684987
9968,group_reduced_formula,full,dummy_mean,4.12,1.4741028012684987
9977,group_reduced_formula,full,dummy_mean,0.8,1.4741028012684987
9983,group_reduced_formula,full,dummy_mean,0.72,1.4741028012684987
10037,group_reduced_formula,full,dummy_mean,0.7,1.4741028012684987
10038,group_reduced_formula,full,dummy_mean,1.88,1.4741028012684987
10053,group_reduced_formula,full,dummy_mean,2.0,1.4741028012684987
10058,group_reduced_formula,full,dummy_mean,1.36,1.4741028012684987
10063,group_reduced_formula,full,dummy_mean,1.06,1.4741028012684987
10078,group_reduced_formula,full,dummy_mean,1.4,1.4741028012684987
10081,group_reduced_formula,full,dummy_mean,0.2,1.4741028012684987
10088,group_reduced_formula,full,dummy_mean,1.8,1.4741028012684987
10113,group_reduced_formula,full,dummy_mean,2.38,1.4741028012684987
10125,group_reduced_formula,full,dummy_mean,1.28,1.4741028012684987
10131,group_reduced_formula,full,dummy_mean,2.14,1.4741028012684987
10140,group_reduced_formula,full,dummy_mean,1.42,1.4741028012684987
10142,group_reduced_formula,full,dummy_mean,1.18,1.4741028012684987
10151,group_reduced_formula,full,dummy_mean,1.0,1.4741028012684987
10155,group_reduced_formula,full,dummy_mean,0.6,1.4741028012684987
10168,group_reduced_formula,full,dummy_mean,0.36,1.4741028012684987
10175,group_reduced_formula,full,dummy_mean,3.54,1.4741028012684987
10183,group_reduced_formula,full,dummy_mean,1.46,1.4741028012684987
10207,group_reduced_formula,full,dummy_mean,2.1,1.4741028012684987
10209,group_reduced_formula,full,dummy_mean,1.6,1.4741028012684987
10231,group_reduced_formula,full,dummy_mean,3.44,1.4741028012684987
10233,group_reduced_formula,full,dummy_mean,0.38,1.4741028012684987
10240,group_reduced_formula,full,dummy_mean,1.76,1.4741028012684987
10244,group_reduced_formula,full,dummy_mean,1.76,1.4741028012684987
10261,group_reduced_formula,full,dummy_mean,3.82,1.4741028012684987
10292,group_reduced_formula,full,dummy_mean,1.12,1.4741028012684987
10295,group_reduced_formula,full,dummy_mean,2.02,1.4741028012684987
10296,group_reduced_formula,full,dummy_mean,2.06,1.4741028012684987
10307,group_reduced_formula,full,dummy_mean,0.6,1.4741028012684987
10323,group_reduced_formula,full,dummy_mean,1.4,1.4741028012684987
10327,group_reduced_formula,full,dummy_mean,1.44,1.4741028012684987
10328,group_reduced_formula,full,dummy_mean,1.56,1.4741028012684987
10329,group_reduced_formula,full,dummy_mean,0.68,1.4741028012684987
10330,group_reduced_formula,full,dummy_mean,1.9,1.4741028012684987
10336,group_reduced_formula,full,dummy_mean,0.96,1.4741028012684987
10340,group_reduced_formula,full,dummy_mean,1.6,1.4741028012684987
10358,group_reduced_formula,full,dummy_mean,2.48,1.4741028012684987
10364,group_reduced_formula,full,dummy_mean,1.6,1.4741028012684987
10365,group_reduced_formula,full,dummy_mean,0.5,1.4741028012684987
10395,group_reduced_formula,full,dummy_mean,1.5,1.4741028012684987
10403,group_reduced_formula,full,dummy_mean,2.06,1.4741028012684987
10405,group_reduced_formula,full,dummy_mean,2.08,1.4741028012684987
10416,group_reduced_formula,full,dummy_mean,1.78,1.4741028012684987
10422,group_reduced_formula,full,dummy_mean,1.38,1.4741028012684987
10440,group_reduced_formula,full,dummy_mean,3.14,1.4741028012684987
10476,group_reduced_formula,full,dummy_mean,1.22,1.4741028012684987
10484,group_reduced_formula,full,dummy_mean,0.5,1.4741028012684987
10500,group_reduced_formula,full,dummy_mean,0.9,1.4741028012684987
10503,group_reduced_formula,full,dummy_mean,1.18,1.4741028012684987
10510,group_reduced_formula,full,dummy_mean,0.58,1.4741028012684987
10534,group_reduced_formula,full,dummy_mean,1.0,1.4741028012684987
10536,group_reduced_formula,full,dummy_mean,1.68,1.4741028012684987
10548,group_reduced_formula,full,dummy_mean,1.88,1.4741028012684987
10552,group_reduced_formula,full,dummy_mean,1.12,1.4741028012684987
10557,group_reduced_formula,full,dummy_mean,1.24,1.4741028012684987
10573,group_reduced_formula,full,dummy_mean,2.02,1.4741028012684987
10597,group_reduced_formula,full,dummy_mean,1.58,1.4741028012684987
10611,group_reduced_formula,full,dummy_mean,2.04,1.4741028012684987
10624,group_reduced_formula,full,dummy_mean,1.34,1.4741028012684987
10627,group_reduced_formula,full,dummy_mean,1.1,1.4741028012684987
10631,group_reduced_formula,full,dummy_mean,0.98,1.4741028012684987
10633,group_reduced_formula,full,dummy_mean,1.48,1.4741028012684987
10638,group_reduced_formula,full,dummy_mean,1.42,1.4741028012684987
10639,group_reduced_formula,full,dummy_mean,-0.16,1.4741028012684987
10643,group_reduced_formula,full,dummy_mean,0.38,1.4741028012684987
10650,group_reduced_formula,full,dummy_mean,2.12,1.4741028012684987
10652,group_reduced_formula,full,dummy_mean,1.58,1.4741028012684987
10657,group_reduced_formula,full,dummy_mean,3.64,1.4741028012684987
10688,group_reduced_formula,full,dummy_mean,1.18,1.4741028012684987
10691,group_reduced_formula,full,dummy_mean,1.06,1.4741028012684987
10695,group_reduced_formula,full,dummy_mean,2.06,1.4741028012684987
10702,group_reduced_formula,full,dummy_mean,3.0,1.4741028012684987
10715,group_reduced_formula,full,dummy_mean,1.02,1.4741028012684987
10716,group_reduced_formula,full,dummy_mean,2.22,1.4741028012684987
10729,group_reduced_formula,full,dummy_mean,2.1,1.4741028012684987
10735,group_reduced_formula,full,dummy_mean,1.02,1.4741028012684987
10745,group_reduced_formula,full,dummy_mean,1.9,1.4741028012684987
10783,group_reduced_formula,full,dummy_mean,1.16,1.4741028012684987
10784,group_reduced_formula,full,dummy_mean,0.64,1.4741028012684987
10790,group_reduced_formula,full,dummy_mean,1.36,1.4741028012684987
10797,group_reduced_formula,full,dummy_mean,3.88,1.4741028012684987
10801,group_reduced_formula,full,dummy_mean,1.68,1.4741028012684987
10804,group_reduced_formula,full,dummy_mean,1.42,1.4741028012684987
10827,group_reduced_formula,full,dummy_mean,1.32,1.4741028012684987
10840,group_reduced_formula,full,dummy_mean,1.58,1.4741028012684987
10847,group_reduced_formula,full,dummy_mean,0.28,1.4741028012684987
10857,group_reduced_formula,full,dummy_mean,1.66,1.4741028012684987
10864,group_reduced_formula,full,dummy_mean,1.58,1.4741028012684987
10876,group_reduced_formula,full,dummy_mean,2.02,1.4741028012684987
10880,group_reduced_formula,full,dummy_mean,1.4,1.4741028012684987
10892,group_reduced_formula,full,dummy_mean,1.02,1.4741028012684987
10896,group_reduced_formula,full,dummy_mean,0.58,1.4741028012684987
10928,group_reduced_formula,full,dummy_mean,0.84,1.4741028012684987
10933,group_reduced_formula,full,dummy_mean,1.76,1.4741028012684987
10944,group_reduced_formula,full,dummy_mean,1.32,1.4741028012684987
10952,group_reduced_formula,full,dummy_mean,2.04,1.4741028012684987
10967,group_reduced_formula,full,dummy_mean,1.8,1.4741028012684987
10978,group_reduced_formula,full,dummy_mean,0.48,1.4741028012684987
10984,group_reduced_formula,full,dummy_mean,1.84,1.4741028012684987
10991,group_reduced_formula,full,dummy_mean,0.44,1.4741028012684987
11000,group_reduced_formula,full,dummy_mean,1.8,1.4741028012684987
11010,group_reduced_formula,full,dummy_mean,1.64,1.4741028012684987
11021,group_reduced_formula,full,dummy_mean,1.06,1.4741028012684987
11073,group_reduced_formula,full,dummy_mean,2.08,1.4741028012684987
11080,group_reduced_formula,full,dummy_mean,0.66,1.4741028012684987
11095,group_reduced_formula,full,dummy_mean,0.1,1.4741028012684987
11096,group_reduced_formula,full,dummy_mean,0.34,1.4741028012684987
11098,group_reduced_formula,full,dummy_mean,4.62,1.4741028012684987
11101,group_reduced_formula,full,dummy_mean,1.96,1.4741028012684987
11105,group_reduced_formula,full,dummy_mean,0.82,1.4741028012684987
11115,group_reduced_formula,full,dummy_mean,1.14,1.4741028012684987
11123,group_reduced_formula,full,dummy_mean,1.48,1.4741028012684987
11132,group_reduced_formula,full,dummy_mean,2.08,1.4741028012684987
11143,group_reduced_formula,full,dummy_mean,0.2,1.4741028012684987
11149,group_reduced_formula,full,dummy_mean,1.86,1.4741028012684987
11162,group_reduced_formula,full,dummy_mean,1.12,1.4741028012684987
11172,group_reduced_formula,full,dummy_mean,3.82,1.4741028012684987
11173,group_reduced_formula,full,dummy_mean,0.56,1.4741028012684987
11199,group_reduced_formula,full,dummy_mean,1.16,1.4741028012684987
11205,group_reduced_formula,full,dummy_mean,1.5,1.4741028012684987
11209,group_reduced_formula,full,dummy_mean,1.48,1.4741028012684987
11211,group_reduced_formula,full,dummy_mean,1.68,1.4741028012684987
11232,group_reduced_formula,full,dummy_mean,0.72,1.4741028012684987
11238,group_reduced_formula,full,dummy_mean,1.54,1.4741028012684987
11246,group_reduced_formula,full,dummy_mean,0.78,1.4741028012684987
11252,group_reduced_formula,full,dummy_mean,2.16,1.4741028012684987
11258,group_reduced_formula,full,dummy_mean,1.4,1.4741028012684987
11275,group_reduced_formula,full,dummy_mean,0.8,1.4741028012684987
11279,group_reduced_formula,full,dummy_mean,1.06,1.4741028012684987
11301,group_reduced_formula,full,dummy_mean,1.88,1.4741028012684987
11322,group_reduced_formula,full,dummy_mean,1.12,1.4741028012684987
11324,group_reduced_formula,full,dummy_mean,1.9,1.4741028012684987
11326,group_reduced_formula,full,dummy_mean,1.08,1.4741028012684987
11349,group_reduced_formula,full,dummy_mean,2.2,1.4741028012684987
11359,group_reduced_formula,full,dummy_mean,0.96,1.4741028012684987
11360,group_reduced_formula,full,dummy_mean,2.82,1.4741028012684987
11378,group_reduced_formula,full,dummy_mean,1.84,1.4741028012684987
11382,group_reduced_formula,full,dummy_mean,1.28,1.4741028012684987
11393,group_reduced_formula,full,dummy_mean,0.72,1.4741028012684987
11409,group_reduced_formula,full,dummy_mean,1.6,1.4741028012684987
11434,group_reduced_formula,full,dummy_mean,1.34,1.4741028012684987
11440,group_reduced_formula,full,dummy_mean,1.52,1.4741028012684987
11444,group_reduced_formula,full,dummy_mean,1.38,1.4741028012684987
11454,group_reduced_formula,full,dummy_mean,1.54,1.4741028012684987
11475,group_reduced_formula,full,dummy_mean,1.72,1.4741028012684987
11485,group_reduced_formula,full,dummy_mean,1.18,1.4741028012684987
11506,group_reduced_formula,full,dummy_mean,1.44,1.4741028012684987
11557,group_reduced_formula,full,dummy_mean,2.36,1.4741028012684987
11561,group_reduced_formula,full,dummy_mean,1.26,1.4741028012684987
11582,group_reduced_formula,full,dummy_mean,1.16,1.4741028012684987
11602,group_reduced_formula,full,dummy_mean,0.56,1.4741028012684987
11606,group_reduced_formula,full,dummy_mean,1.92,1.4741028012684987
11610,group_reduced_formula,full,dummy_mean,0.4,1.4741028012684987
11622,group_reduced_formula,full,dummy_mean,2.96,1.4741028012684987
11626,group_reduced_formula,full,dummy_mean,1.7,1.4741028012684987
11632,group_reduced_formula,full,dummy_mean,1.36,1.4741028012684987
11648,group_reduced_formula,full,dummy_mean,1.62,1.4741028012684987
11662,group_reduced_formula,full,dummy_mean,1.9,1.4741028012684987
11681,group_reduced_formula,full,dummy_mean,1.26,1.4741028012684987
11695,group_reduced_formula,full,dummy_mean,1.24,1.4741028012684987
11708,group_reduced_formula,full,dummy_mean,1.06,1.4741028012684987
11712,group_reduced_formula,full,dummy_mean,1.46,1.4741028012684987
11724,group_reduced_formula,full,dummy_mean,0.76,1.4741028012684987
11741,group_reduced_formula,full,dummy_mean,3.12,1.4741028012684987
11743,group_reduced_formula,full,dummy_mean,0.98,1.4741028012684987
11762,group_reduced_formula,full,dummy_mean,1.1,1.4741028012684987
11780,group_reduced_formula,full,dummy_mean,1.22,1.4741028012684987
11816,group_reduced_formula,full,dummy_mean,2.24,1.4741028012684987
11846,group_reduced_formula,full,dummy_mean,0.94,1.4741028012684987
11854,group_reduced_formula,full,dummy_mean,0.74,1.4741028012684987
11884,group_reduced_formula,full,dummy_mean,1.14,1.4741028012684987
11886,group_reduced_formula,full,dummy_mean,0.4,1.4741028012684987
11894,group_reduced_formula,full,dummy_mean,0.8,1.4741028012684987
11897,group_reduced_formula,full,dummy_mean,0.74,1.4741028012684987
11898,group_reduced_formula,full,dummy_mean,1.92,1.4741028012684987
11899,group_reduced_formula,full,dummy_mean,1.18,1.4741028012684987
11917,group_reduced_formula,full,dummy_mean,2.4,1.4741028012684987
11938,group_reduced_formula,full,dummy_mean,1.54,1.4741028012684987
11964,group_reduced_formula,full,dummy_mean,1.14,1.4741028012684987
11975,group_reduced_formula,full,dummy_mean,1.04,1.4741028012684987
11978,group_reduced_formula,full,dummy_mean,1.16,1.4741028012684987
11986,group_reduced_formula,full,dummy_mean,1.64,1.4741028012684987
11992,group_reduced_formula,full,dummy_mean,3.5,1.4741028012684987
12004,group_reduced_formula,full,dummy_mean,0.92,1.4741028012684987
12013,group_reduced_formula,full,dummy_mean,2.66,1.4741028012684987
12052,group_reduced_formula,full,dummy_mean,1.08,1.4741028012684987
12068,group_reduced_formula,full,dummy_mean,2.44,1.4741028012684987
12074,group_reduced_formula,full,dummy_mean,2.06,1.4741028012684987
12079,group_reduced_formula,full,dummy_mean,1.36,1.4741028012684987
12081,group_reduced_formula,full,dummy_mean,1.12,1.4741028012684987
12084,group_reduced_formula,full,dummy_mean,1.12,1.4741028012684987
12085,group_reduced_formula,full,dummy_mean,1.38,1.4741028012684987
12110,group_reduced_formula,full,dummy_mean,0.12,1.4741028012684987
12140,group_reduced_formula,full,dummy_mean,1.2,1.4741028012684987
12160,group_reduced_formula,full,dummy_mean,1.16,1.4741028012684987
12163,group_reduced_formula,full,dummy_mean,0.54,1.4741028012684987
12174,group_reduced_formula,full,dummy_mean,1.68,1.4741028012684987
12175,group_reduced_formula,full,dummy_mean,1.7,1.4741028012684987
12176,group_reduced_formula,full,dummy_mean,2.1,1.4741028012684987
12177,group_reduced_formula,full,dummy_mean,2.66,1.4741028012684987
12216,group_reduced_formula,full,dummy_mean,1.48,1.4741028012684987
12219,group_reduced_formula,full,dummy_mean,1.12,1.4741028012684987
12223,group_reduced_formula,full,dummy_mean,2.86,1.4741028012684987
12256,group_reduced_formula,full,dummy_mean,4.18,1.4741028012684987
12269,group_reduced_formula,full,dummy_mean,0.66,1.4741028012684987
12271,group_reduced_formula,full,dummy_mean,2.84,1.4741028012684987
12313,group_reduced_formula,full,dummy_mean,0.56,1.4741028012684987
12315,group_reduced_formula,full,dummy_mean,1.18,1.4741028012684987
12331,group_reduced_formula,full,dummy_mean,3.8,1.4741028012684987
12336,group_reduced_formula,full,dummy_mean,2.36,1.4741028012684987
12340,group_reduced_formula,full,dummy_mean,0.7,1.4741028012684987
12342,group_reduced_formula,full,dummy_mean,0.5,1.4741028012684987
12343,group_reduced_formula,full,dummy_mean,0.64,1.4741028012684987
12346,group_reduced_formula,full,dummy_mean,1.92,1.4741028012684987
12347,group_reduced_formula,full,dummy_mean,2.12,1.4741028012684987
12350,group_reduced_formula,full,dummy_mean,1.24,1.4741028012684987
12355,group_reduced_formula,full,dummy_mean,1.6,1.4741028012684987
12364,group_reduced_formula,full,dummy_mean,1.0,1.4741028012684987
12380,group_reduced_formula,full,dummy_mean,1.92,1.4741028012684987
12392,group_reduced_formula,full,dummy_mean,0.38,1.4741028012684987
12393,group_reduced_formula,full,dummy_mean,1.64,1.4741028012684987
12395,group_reduced_formula,full,dummy_mean,3.14,1.4741028012684987
12407,group_reduced_formula,full,dummy_mean,1.44,1.4741028012684987
12411,group_reduced_formula,full,dummy_mean,2.14,1.4741028012684987
12414,group_reduced_formula,full,dummy_mean,1.2,1.4741028012684987
12415,group_reduced_formula,full,dummy_mean,0.82,1.4741028012684987
12416,group_reduced_formula,full,dummy_mean,0.96,1.4741028012684987
12418,group_reduced_formula,full,dummy_mean,1.82,1.4741028012684987
12426,group_reduced_formula,full,dummy_mean,1.22,1.4741028012684987
12427,group_reduced_formula,full,dummy_mean,0.92,1.4741028012684987
12440,group_reduced_formula,full,dummy_mean,1.2,1.4741028012684987
12460,group_reduced_formula,full,dummy_mean,3.9,1.4741028012684987
12463,group_reduced_formula,full,dummy_mean,0.32,1.4741028012684987
12464,group_reduced_formula,full,dummy_mean,0.08,1.4741028012684987
12479,group_reduced_formula,full,dummy_mean,1.94,1.4741028012684987
12491,group_reduced_formula,full,dummy_mean,0.44,1.4741028012684987
12493,group_reduced_formula,full,dummy_mean,1.98,1.4741028012684987
12510,group_reduced_formula,full,dummy_mean,1.3,1.4741028012684987
12521,group_reduced_formula,full,dummy_mean,1.92,1.4741028012684987
12524,group_reduced_formula,full,dummy_mean,1.34,1.4741028012684987
12562,group_reduced_formula,full,dummy_mean,1.8,1.4741028012684987
12565,group_reduced_formula,full,dummy_mean,2.86,1.4741028012684987
12566,group_reduced_formula,full,dummy_mean,1.22,1.4741028012684987
12569,group_reduced_formula,full,dummy_mean,1.26,1.4741028012684987
12577,group_reduced_formula,full,dummy_mean,1.26,1.4741028012684987
12596,group_reduced_formula,full,dummy_mean,1.12,1.4741028012684987
12627,group_reduced_formula,full,dummy_mean,2.44,1.4741028012684987
12631,group_reduced_formula,full,dummy_mean,1.56,1.4741028012684987
12651,group_reduced_formula,full,dummy_mean,1.36,1.4741028012684987
12656,group_reduced_formula,full,dummy_mean,1.0,1.4741028012684987
12676,group_reduced_formula,full,dummy_mean,1.26,1.4741028012684987
12677,group_reduced_formula,full,dummy_mean,1.04,1.4741028012684987
12700,group_reduced_formula,full,dummy_mean,0.64,1.4741028012684987
12703,group_reduced_formula,full,dummy_mean,0.78,1.4741028012684987
12708,group_reduced_formula,full,dummy_mean,1.3,1.4741028012684987
12713,group_reduced_formula,full,dummy_mean,2.72,1.4741028012684987
12715,group_reduced_formula,full,dummy_mean,1.7,1.4741028012684987
12723,group_reduced_formula,full,dummy_mean,1.6,1.4741028012684987
12727,group_reduced_formula,full,dummy_mean,1.08,1.4741028012684987
12730,group_reduced_formula,full,dummy_mean,0.98,1.4741028012684987
12735,group_reduced_formula,full,dummy_mean,2.38,1.4741028012684987
12752,group_reduced_formula,full,dummy_mean,1.3,1.4741028012684987
12804,group_reduced_formula,full,dummy_mean,1.62,1.4741028012684987
12810,group_reduced_formula,full,dummy_mean,1.08,1.4741028012684987
12812,group_reduced_formula,full,dummy_mean,2.78,1.4741028012684987
12842,group_reduced_formula,full,dummy_mean,1.08,1.4741028012684987
12848,group_reduced_formula,full,dummy_mean,1.22,1.4741028012684987
12864,group_reduced_formula,full,dummy_mean,1.54,1.4741028012684987
12870,group_reduced_formula,full,dummy_mean,1.4,1.4741028012684987
12893,group_reduced_formula,full,dummy_mean,0.98,1.4741028012684987
12909,group_reduced_formula,full,dummy_mean,2.2,1.4741028012684987
12931,group_reduced_formula,full,dummy_mean,1.1,1.4741028012684987
12939,group_reduced_formula,full,dummy_mean,1.08,1.4741028012684987
12941,group_reduced_formula,full,dummy_mean,1.88,1.4741028012684987
12944,group_reduced_formula,full,dummy_mean,2.34,1.4741028012684987
12951,group_reduced_formula,full,dummy_mean,1.38,1.4741028012684987
12956,group_reduced_formula,full,dummy_mean,1.62,1.4741028012684987
12965,group_reduced_formula,full,dummy_mean,4.3,1.4741028012684987
12967,group_reduced_formula,full,dummy_mean,1.8,1.4741028012684987
12977,group_reduced_formula,full,dummy_mean,1.58,1.4741028012684987
12978,group_reduced_formula,full,dummy_mean,1.94,1.4741028012684987
12983,group_reduced_formula,full,dummy_mean,0.92,1.4741028012684987
12991,group_reduced_formula,full,dummy_mean,0.76,1.4741028012684987
13009,group_reduced_formula,full,dummy_mean,0.72,1.4741028012684987
13019,group_reduced_formula,full,dummy_mean,2.72,1.4741028012684987
13026,group_reduced_formula,full,dummy_mean,3.16,1.4741028012684987
13044,group_reduced_formula,full,dummy_mean,1.74,1.4741028012684987
13047,group_reduced_formula,full,dummy_mean,1.54,1.4741028012684987
13054,group_reduced_formula,full,dummy_mean,1.22,1.4741028012684987
13060,group_reduced_formula,full,dummy_mean,1.38,1.4741028012684987
13061,group_reduced_formula,full,dummy_mean,1.34,1.4741028012684987
13062,group_reduced_formula,full,dummy_mean,1.78,1.4741028012684987
13069,group_reduced_formula,full,dummy_mean,1.24,1.4741028012684987
13074,group_reduced_formula,full,dummy_mean,0.96,1.4741028012684987
13093,group_reduced_formula,full,dummy_mean,2.26,1.4741028012684987
13104,group_reduced_formula,full,dummy_mean,1.14,1.4741028012684987
13124,group_reduced_formula,full,dummy_mean,1.04,1.4741028012684987
13126,group_reduced_formula,full,dummy_mean,1.72,1.4741028012684987
13128,group_reduced_formula,full,dummy_mean,0.9,1.4741028012684987
13132,group_reduced_formula,full,dummy_mean,1.16,1.4741028012684987
13140,group_reduced_formula,full,dummy_mean,2.08,1.4741028012684987
13148,group_reduced_formula,full,dummy_mean,2.22,1.4741028012684987
13162,group_reduced_formula,full,dummy_mean,1.52,1.4741028012684987
13168,group_reduced_formula,full,dummy_mean,1.18,1.4741028012684987
13194,group_reduced_formula,full,dummy_mean,1.76,1.4741028012684987
13208,group_reduced_formula,full,dummy_mean,3.2,1.4741028012684987
13212,group_reduced_formula,full,dummy_mean,1.76,1.4741028012684987
13214,group_reduced_formula,full,dummy_mean,1.8,1.4741028012684987
13215,group_reduced_formula,full,dummy_mean,2.28,1.4741028012684987
13216,group_reduced_formula,full,dummy_mean,1.52,1.4741028012684987
13237,group_reduced_formula,full,dummy_mean,0.9,1.4741028012684987
13281,group_reduced_formula,full,dummy_mean,0.82,1.4741028012684987
13300,group_reduced_formula,full,dummy_mean,0.78,1.4741028012684987
13313,group_reduced_formula,full,dummy_mean,0.94,1.4741028012684987
13340,group_reduced_formula,full,dummy_mean,0.3,1.4741028012684987
13344,group_reduced_formula,full,dummy_mean,1.2,1.4741028012684987
13350,group_reduced_formula,full,dummy_mean,2.06,1.4741028012684987
13356,group_reduced_formula,full,dummy_mean,1.44,1.4741028012684987
13364,group_reduced_formula,full,dummy_mean,1.22,1.4741028012684987
13376,group_reduced_formula,full,dummy_mean,1.22,1.4741028012684987
13394,group_reduced_formula,full,dummy_mean,0.18,1.4741028012684987
13409,group_reduced_formula,full,dummy_mean,1.28,1.4741028012684987
13423,group_reduced_formula,full,dummy_mean,1.52,1.4741028012684987
13424,group_reduced_formula,full,dummy_mean,1.34,1.4741028012684987
13442,group_reduced_formula,full,dummy_mean,2.06,1.4741028012684987
13443,group_reduced_formula,full,dummy_mean,1.66,1.4741028012684987
13454,group_reduced_formula,full,dummy_mean,1.72,1.4741028012684987
13458,group_reduced_formula,full,dummy_mean,1.46,1.4741028012684987
13466,group_reduced_formula,full,dummy_mean,1.66,1.4741028012684987
13480,group_reduced_formula,full,dummy_mean,1.18,1.4741028012684987
13515,group_reduced_formula,full,dummy_mean,1.14,1.4741028012684987
13540,group_reduced_formula,full,dummy_mean,1.0,1.4741028012684987
13563,group_reduced_formula,full,dummy_mean,2.4,1.4741028012684987
13568,group_reduced_formula,full,dummy_mean,1.12,1.4741028012684987
13580,group_reduced_formula,full,dummy_mean,1.34,1.4741028012684987
13584,group_reduced_formula,full,dummy_mean,1.18,1.4741028012684987
13591,group_reduced_formula,full,dummy_mean,1.2,1.4741028012684987
13602,group_reduced_formula,full,dummy_mean,2.68,1.4741028012684987
13627,group_reduced_formula,full,dummy_mean,0.66,1.4741028012684987
13634,group_reduced_formula,full,dummy_mean,0.04,1.4741028012684987
13642,group_reduced_formula,full,dummy_mean,1.62,1.4741028012684987
13656,group_reduced_formula,full,dummy_mean,1.94,1.4741028012684987
13678,group_reduced_formula,full,dummy_mean,0.3,1.4741028012684987
13695,group_reduced_formula,full,dummy_mean,0.8,1.4741028012684987
13709,group_reduced_formula,full,dummy_mean,1.66,1.4741028012684987
13711,group_reduced_formula,full,dummy_mean,1.08,1.4741028012684987
13717,group_reduced_formula,full,dummy_mean,0.18,1.4741028012684987
13718,group_reduced_formula,full,dummy_mean,1.8,1.4741028012684987
13719,group_reduced_formula,full,dummy_mean,2.16,1.4741028012684987
13728,group_reduced_formula,full,dummy_mean,1.1,1.4741028012684987
13736,group_reduced_formula,full,dummy_mean,1.12,1.4741028012684987
13743,group_reduced_formula,full,dummy_mean,1.12,1.4741028012684987
13745,group_reduced_formula,full,dummy_mean,0.84,1.4741028012684987
13749,group_reduced_formula,full,dummy_mean,-0.08,1.4741028012684987
13754,group_reduced_formula,full,dummy_mean,0.82,1.4741028012684987
13756,group_reduced_formula,full,dummy_mean,1.6,1.4741028012684987
13758,group_reduced_formula,full,dummy_mean,2.14,1.4741028012684987
13764,group_reduced_formula,full,dummy_mean,1.36,1.4741028012684987
13778,group_reduced_formula,full,dummy_mean,1.4,1.4741028012684987
13779,group_reduced_formula,full,dummy_mean,0.24,1.4741028012684987
13792,group_reduced_formula,full,dummy_mean,0.18,1.4741028012684987
13795,group_reduced_formula,full,dummy_mean,0.54,1.4741028012684987
13811,group_reduced_formula,full,dummy_mean,0.98,1.4741028012684987
13823,group_reduced_formula,full,dummy_mean,0.94,1.4741028012684987
13840,group_reduced_formula,full,dummy_mean,1.02,1.4741028012684987
13848,group_reduced_formula,full,dummy_mean,1.78,1.4741028012684987
13870,group_reduced_formula,full,dummy_mean,1.34,1.4741028012684987
13889,group_reduced_formula,full,dummy_mean,0.36,1.4741028012684987
13902,group_reduced_formula,full,dummy_mean,0.56,1.4741028012684987
13904,group_reduced_formula,full,dummy_mean,0.38,1.4741028012684987
13910,group_reduced_formula,full,dummy_mean,1.2,1.4741028012684987
13919,group_reduced_formula,full,dummy_mean,1.34,1.4741028012684987
13931,group_reduced_formula,full,dummy_mean,1.48,1.4741028012684987
13932,group_reduced_formula,full,dummy_mean,1.0,1.4741028012684987
13936,group_reduced_formula,full,dummy_mean,1.16,1.4741028012684987
13947,group_reduced_formula,full,dummy_mean,2.02,1.4741028012684987
13950,group_reduced_formula,full,dummy_mean,1.98,1.4741028012684987
13960,group_reduced_formula,full,dummy_mean,1.12,1.4741028012684987
13962,group_reduced_formula,full,dummy_mean,1.76,1.4741028012684987
13995,group_reduced_formula,full,dummy_mean,1.68,1.4741028012684987
13999,group_reduced_formula,full,dummy_mean,1.34,1.4741028012684987
14003,group_reduced_formula,full,dummy_mean,1.34,1.4741028012684987
14005,group_reduced_formula,full,dummy_mean,1.34,1.4741028012684987
14012,group_reduced_formula,full,dummy_mean,1.62,1.4741028012684987
14017,group_reduced_formula,full,dummy_mean,2.3,1.4741028012684987
14031,group_reduced_formula,full,dummy_mean,1.24,1.4741028012684987
14034,group_reduced_formula,full,dummy_mean,1.52,1.4741028012684987
14037,group_reduced_formula,full,dummy_mean,0.4,1.4741028012684987
14041,group_reduced_formula,full,dummy_mean,3.88,1.4741028012684987
14046,group_reduced_formula,full,dummy_mean,1.22,1.4741028012684987
14054,group_reduced_formula,full,dummy_mean,3.78,1.4741028012684987
14061,group_reduced_formula,full,dummy_mean,1.6,1.4741028012684987
14071,group_reduced_formula,full,dummy_mean,0.88,1.4741028012684987
14076,group_reduced_formula,full,dummy_mean,1.2,1.4741028012684987
14080,group_reduced_formula,full,dummy_mean,2.06,1.4741028012684987
14090,group_reduced_formula,full,dummy_mean,0.98,1.4741028012684987
14093,group_reduced_formula,full,dummy_mean,1.26,1.4741028012684987
14110,group_reduced_formula,full,dummy_mean,1.62,1.4741028012684987
14135,group_reduced_formula,full,dummy_mean,0.6,1.4741028012684987
14148,group_reduced_formula,full,dummy_mean,1.76,1.4741028012684987
14155,group_reduced_formula,full,dummy_mean,1.9,1.4741028012684987
14163,group_reduced_formula,full,dummy_mean,2.1,1.4741028012684987
14168,group_reduced_formula,full,dummy_mean,0.86,1.4741028012684987
14170,group_reduced_formula,full,dummy_mean,0.94,1.4741028012684987
14196,group_reduced_formula,full,dummy_mean,1.88,1.4741028012684987
14203,group_reduced_formula,full,dummy_mean,2.02,1.4741028012684987
14205,group_reduced_formula,full,dummy_mean,1.34,1.4741028012684987
14210,group_reduced_formula,full,dummy_mean,1.72,1.4741028012684987
14229,group_reduced_formula,full,dummy_mean,1.18,1.4741028012684987
14230,group_reduced_formula,full,dummy_mean,1.14,1.4741028012684987
14248,group_reduced_formula,full,dummy_mean,1.02,1.4741028012684987
14274,group_reduced_formula,full,dummy_mean,1.68,1.4741028012684987
14277,group_reduced_formula,full,dummy_mean,1.74,1.4741028012684987
14281,group_reduced_formula,full,dummy_mean,1.2,1.4741028012684987
14286,group_reduced_formula,full,dummy_mean,0.74,1.4741028012684987
14294,group_reduced_formula,full,dummy_mean,1.72,1.4741028012684987
14313,group_reduced_formula,full,dummy_mean,1.28,1.4741028012684987
14323,group_reduced_formula,full,dummy_mean,0.86,1.4741028012684987
14350,group_reduced_formula,full,dummy_mean,0.06,1.4741028012684987
14376,group_reduced_formula,full,dummy_mean,1.74,1.4741028012684987
14384,group_reduced_formula,full,dummy_mean,2.18,1.4741028012684987
14386,group_reduced_formula,full,dummy_mean,0.82,1.4741028012684987
14389,group_reduced_formula,full,dummy_mean,1.52,1.4741028012684987
14396,group_reduced_formula,full,dummy_mean,1.58,1.4741028012684987
14402,group_reduced_formula,full,dummy_mean,0.88,1.4741028012684987
14404,group_reduced_formula,full,dummy_mean,1.26,1.4741028012684987
14442,group_reduced_formula,full,dummy_mean,1.3,1.4741028012684987
14446,group_reduced_formula,full,dummy_mean,0.82,1.4741028012684987
14463,group_reduced_formula,full,dummy_mean,0.9,1.4741028012684987
14466,group_reduced_formula,full,dummy_mean,2.38,1.4741028012684987
14475,group_reduced_formula,full,dummy_mean,0.84,1.4741028012684987
14477,group_reduced_formula,full,dummy_mean,3.36,1.4741028012684987
14487,group_reduced_formula,full,dummy_mean,2.56,1.4741028012684987
14497,group_reduced_formula,full,dummy_mean,1.96,1.4741028012684987
14568,group_reduced_formula,full,dummy_mean,0.98,1.4741028012684987
14584,group_reduced_formula,full,dummy_mean,0.26,1.4741028012684987
14604,group_reduced_formula,full,dummy_mean,1.12,1.4741028012684987
14613,group_reduced_formula,full,dummy_mean,2.18,1.4741028012684987
14619,group_reduced_formula,full,dummy_mean,1.4,1.4741028012684987
14635,group_reduced_formula,full,dummy_mean,1.94,1.4741028012684987
14640,group_reduced_formula,full,dummy_mean,1.7,1.4741028012684987
14641,group_reduced_formula,full,dummy_mean,0.12,1.4741028012684987
14646,group_reduced_formula,full,dummy_mean,0.58,1.4741028012684987
14652,group_reduced_formula,full,dummy_mean,1.4,1.4741028012684987
14680,group_reduced_formula,full,dummy_mean,2.32,1.4741028012684987
14689,group_reduced_formula,full,dummy_mean,2.14,1.4741028012684987
14691,group_reduced_formula,full,dummy_mean,0.5,1.4741028012684987
14695,group_reduced_formula,full,dummy_mean,0.7,1.4741028012684987
14703,group_reduced_formula,full,dummy_mean,0.32,1.4741028012684987
14705,group_reduced_formula,full,dummy_mean,2.18,1.4741028012684987
14709,group_reduced_formula,full,dummy_mean,1.04,1.4741028012684987
14745,group_reduced_formula,full,dummy_mean,2.24,1.4741028012684987
14750,group_reduced_formula,full,dummy_mean,1.28,1.4741028012684987
14761,group_reduced_formula,full,dummy_mean,0.84,1.4741028012684987
14764,group_reduced_formula,full,dummy_mean,2.22,1.4741028012684987
14772,group_reduced_formula,full,dummy_mean,0.78,1.4741028012684987
14792,group_reduced_formula,full,dummy_mean,1.3,1.4741028012684987
14798,group_reduced_formula,full,dummy_mean,1.0,1.4741028012684987
14807,group_reduced_formula,full,dummy_mean,2.32,1.4741028012684987
14810,group_reduced_formula,full,dummy_mean,0.02,1.4741028012684987
14832,group_reduced_formula,full,dummy_mean,0.64,1.4741028012684987
14845,group_reduced_formula,full,dummy_mean,1.6,1.4741028012684987
14860,group_reduced_formula,full,dummy_mean,0.56,1.4741028012684987
14867,group_reduced_formula,full,dummy_mean,0.8,1.4741028012684987
14868,group_reduced_formula,full,dummy_mean,1.08,1.4741028012684987
14875,group_reduced_formula,full,dummy_mean,1.6,1.4741028012684987
14879,group_reduced_formula,full,dummy_mean,1.4,1.4741028012684987
14905,group_reduced_formula,full,dummy_mean,1.38,1.4741028012684987
14911,group_reduced_formula,full,dummy_mean,1.5,1.4741028012684987
14937,group_reduced_formula,full,dummy_mean,1.56,1.4741028012684987
14944,group_reduced_formula,full,dummy_mean,2.24,1.4741028012684987
14945,group_reduced_formula,full,dummy_mean,0.84,1.4741028012684987
14947,group_reduced_formula,full,dummy_mean,2.58,1.4741028012684987
14953,group_reduced_formula,full,dummy_mean,0.84,1.4741028012684987
14957,group_reduced_formula,full,dummy_mean,0.5,1.4741028012684987
14961,group_reduced_formula,full,dummy_mean,2.38,1.4741028012684987
14966,group_reduced_formula,full,dummy_mean,1.22,1.4741028012684987
14972,group_reduced_formula,full,dummy_mean,2.06,1.4741028012684987
14975,group_reduced_formula,full,dummy_mean,1.62,1.4741028012684987
14981,group_reduced_formula,full,dummy_mean,1.14,1.4741028012684987
14995,group_reduced_formula,full,dummy_mean,2.88,1.4741028012684987
15001,group_reduced_formula,full,dummy_mean,2.06,1.4741028012684987
15011,group_reduced_formula,full,dummy_mean,1.2,1.4741028012684987
15028,group_reduced_formula,full,dummy_mean,1.58,1.4741028012684987
15037,group_reduced_formula,full,dummy_mean,1.32,1.4741028012684987
15048,group_reduced_formula,full,dummy_mean,0.52,1.4741028012684987
15070,group_reduced_formula,full,dummy_mean,2.84,1.4741028012684987
15088,group_reduced_formula,full,dummy_mean,1.42,1.4741028012684987
15091,group_reduced_formula,full,dummy_mean,2.44,1.4741028012684987
15101,group_reduced_formula,full,dummy_mean,1.08,1.4741028012684987
15150,group_reduced_formula,full,dummy_mean,1.2,1.4741028012684987
15162,group_reduced_formula,full,dummy_mean,1.16,1.4741028012684987
15174,group_reduced_formula,full,dummy_mean,1.72,1.4741028012684987
15194,group_reduced_formula,full,dummy_mean,0.6,1.4741028012684987
15202,group_reduced_formula,full,dummy_mean,3.08,1.4741028012684987
15213,group_reduced_formula,full,dummy_mean,2.04,1.4741028012684987
15215,group_reduced_formula,full,dummy_mean,1.42,1.4741028012684987
15220,group_reduced_formula,full,dummy_mean,1.92,1.4741028012684987
15221,group_reduced_formula,full,dummy_mean,0.76,1.4741028012684987
15224,group_reduced_formula,full,dummy_mean,1.7,1.4741028012684987
15244,group_reduced_formula,full,dummy_mean,0.62,1.4741028012684987
15245,group_reduced_formula,full,dummy_mean,0.3,1.4741028012684987
15260,group_reduced_formula,full,dummy_mean,0.52,1.4741028012684987
15264,group_reduced_formula,full,dummy_mean,2.06,1.4741028012684987
15272,group_reduced_formula,full,dummy_mean,0.66,1.4741028012684987
15301,group_reduced_formula,full,dummy_mean,1.68,1.4741028012684987
15307,group_reduced_formula,full,dummy_mean,3.16,1.4741028012684987
15314,group_reduced_formula,full,dummy_mean,1.7,1.4741028012684987
15330,group_reduced_formula,full,dummy_mean,1.26,1.4741028012684987
15343,group_reduced_formula,full,dummy_mean,1.06,1.4741028012684987
15353,group_reduced_formula,full,dummy_mean,1.28,1.4741028012684987
15376,group_reduced_formula,full,dummy_mean,0.46,1.4741028012684987
15378,group_reduced_formula,full,dummy_mean,1.72,1.4741028012684987
15383,group_reduced_formula,full,dummy_mean,0.92,1.4741028012684987
15390,group_reduced_formula,full,dummy_mean,1.76,1.4741028012684987
15392,group_reduced_formula,full,dummy_mean,1.1,1.4741028012684987
15394,group_reduced_formula,full,dummy_mean,0.28,1.4741028012684987
15400,group_reduced_formula,full,dummy_mean,0.64,1.4741028012684987
15439,group_reduced_formula,full,dummy_mean,1.64,1.4741028012684987
15458,group_reduced_formula,full,dummy_mean,0.78,1.4741028012684987
15461,group_reduced_formula,full,dummy_mean,1.38,1.4741028012684987
15485,group_reduced_formula,full,dummy_mean,1.16,1.4741028012684987
15503,group_reduced_formula,full,dummy_mean,1.22,1.4741028012684987
15524,group_reduced_formula,full,dummy_mean,1.04,1.4741028012684987
15525,group_reduced_formula,full,dummy_mean,1.1,1.4741028012684987
15532,group_reduced_formula,full,dummy_mean,1.84,1.4741028012684987
15535,group_reduced_formula,full,dummy_mean,0.94,1.4741028012684987
15545,group_reduced_formula,full,dummy_mean,2.34,1.4741028012684987
15547,group_reduced_formula,full,dummy_mean,2.36,1.4741028012684987
15551,group_reduced_formula,full,dummy_mean,1.84,1.4741028012684987
15552,group_reduced_formula,full,dummy_mean,0.3,1.4741028012684987
15554,group_reduced_formula,full,dummy_mean,1.5,1.4741028012684987
15557,group_reduced_formula,full,dummy_mean,1.18,1.4741028012684987
15569,group_reduced_formula,full,dummy_mean,2.04,1.4741028012684987
15578,group_reduced_formula,full,dummy_mean,2.1,1.4741028012684987
15583,group_reduced_formula,full,dummy_mean,1.98,1.4741028012684987
15593,group_reduced_formula,full,dummy_mean,1.36,1.4741028012684987
15629,group_reduced_formula,full,dummy_mean,1.26,1.4741028012684987
15657,group_reduced_formula,full,dummy_mean,1.28,1.4741028012684987
15670,group_reduced_formula,full,dummy_mean,1.16,1.4741028012684987
15674,group_reduced_formula,full,dummy_mean,1.3,1.4741028012684987
15693,group_reduced_formula,full,dummy_mean,1.3,1.4741028012684987
15694,group_reduced_formula,full,dummy_mean,0.9,1.4741028012684987
15704,group_reduced_formula,full,dummy_mean,1.66,1.4741028012684987
15715,group_reduced_formula,full,dummy_mean,2.8,1.4741028012684987
15717,group_reduced_formula,full,dummy_mean,1.74,1.4741028012684987
15718,group_reduced_formula,full,dummy_mean,1.4,1.4741028012684987
15738,group_reduced_formula,full,dummy_mean,0.92,1.4741028012684987
15739,group_reduced_formula,full,dummy_mean,2.6,1.4741028012684987
15756,group_reduced_formula,full,dummy_mean,0.5,1.4741028012684987
15763,group_reduced_formula,full,dummy_mean,2.28,1.4741028012684987
15769,group_reduced_formula,full,dummy_mean,0.94,1.4741028012684987
15770,group_reduced_formula,full,dummy_mean,3.08,1.4741028012684987
15771,group_reduced_formula,full,dummy_mean,1.86,1.4741028012684987
15777,group_reduced_formula,full,dummy_mean,1.24,1.4741028012684987
15785,group_reduced_formula,full,dummy_mean,1.94,1.4741028012684987
15797,group_reduced_formula,full,dummy_mean,1.68,1.4741028012684987
15800,group_reduced_formula,full,dummy_mean,0.14,1.4741028012684987
15808,group_reduced_formula,full,dummy_mean,1.48,1.4741028012684987
15809,group_reduced_formula,full,dummy_mean,1.58,1.4741028012684987
15811,group_reduced_formula,full,dummy_mean,2.2,1.4741028012684987
15816,group_reduced_formula,full,dummy_mean,0.68,1.4741028012684987
15817,group_reduced_formula,full,dummy_mean,1.58,1.4741028012684987
15829,group_reduced_formula,full,dummy_mean,1.46,1.4741028012684987
15832,group_reduced_formula,full,dummy_mean,0.7,1.4741028012684987
15839,group_reduced_formula,full,dummy_mean,1.16,1.4741028012684987
15848,group_reduced_formula,full,dummy_mean,0.26,1.4741028012684987
15855,group_reduced_formula,full,dummy_mean,0.68,1.4741028012684987
15876,group_reduced_formula,full,dummy_mean,1.38,1.4741028012684987
15883,group_reduced_formula,full,dummy_mean,0.42,1.4741028012684987
15884,group_reduced_formula,full,dummy_mean,1.66,1.4741028012684987
15886,group_reduced_formula,full,dummy_mean,1.2,1.4741028012684987
15906,group_reduced_formula,full,dummy_mean,0.76,1.4741028012684987
15907,group_reduced_formula,full,dummy_mean,1.36,1.4741028012684987
15910,group_reduced_formula,full,dummy_mean,4.48,1.4741028012684987
15912,group_reduced_formula,full,dummy_mean,0.78,1.4741028012684987
15915,group_reduced_formula,full,dummy_mean,2.68,1.4741028012684987
15916,group_reduced_formula,full,dummy_mean,1.36,1.4741028012684987
15920,group_reduced_formula,full,dummy_mean,0.56,1.4741028012684987
15928,group_reduced_formula,full,dummy_mean,-0.06,1.4741028012684987
15931,group_reduced_formula,full,dummy_mean,1.94,1.4741028012684987
15934,group_reduced_formula,full,dummy_mean,0.24,1.4741028012684987
15937,group_reduced_formula,full,dummy_mean,0.92,1.4741028012684987
15950,group_reduced_formula,full,dummy_mean,3.68,1.4741028012684987
15955,group_reduced_formula,full,dummy_mean,2.48,1.4741028012684987
15960,group_reduced_formula,full,dummy_mean,1.9,1.4741028012684987
15966,group_reduced_formula,full,dummy_mean,1.3,1.4741028012684987
15973,group_reduced_formula,full,dummy_mean,1.24,1.4741028012684987
15979,group_reduced_formula,full,dummy_mean,1.96,1.4741028012684987
15996,group_reduced_formula,full,dummy_mean,0.54,1.4741028012684987
16024,group_reduced_formula,full,dummy_mean,1.94,1.4741028012684987
16025,group_reduced_formula,full,dummy_mean,1.34,1.4741028012684987
16047,group_reduced_formula,full,dummy_mean,1.74,1.4741028012684987
16051,group_reduced_formula,full,dummy_mean,1.06,1.4741028012684987
16053,group_reduced_formula,full,dummy_mean,1.58,1.4741028012684987
16058,group_reduced_formula,full,dummy_mean,1.62,1.4741028012684987
16082,group_reduced_formula,full,dummy_mean,1.36,1.4741028012684987
16083,group_reduced_formula,full,dummy_mean,1.98,1.4741028012684987
16122,group_reduced_formula,full,dummy_mean,2.24,1.4741028012684987
16124,group_reduced_formula,full,dummy_mean,0.68,1.4741028012684987
16125,group_reduced_formula,full,dummy_mean,1.36,1.4741028012684987
16126,group_reduced_formula,full,dummy_mean,0.46,1.4741028012684987
16144,group_reduced_formula,full,dummy_mean,2.1,1.4741028012684987
16154,group_reduced_formula,full,dummy_mean,1.1,1.4741028012684987
16211,group_reduced_formula,full,dummy_mean,0.8,1.4741028012684987
16215,group_reduced_formula,full,dummy_mean,2.26,1.4741028012684987
16217,group_reduced_formula,full,dummy_mean,2.92,1.4741028012684987
16220,group_reduced_formula,full,dummy_mean,2.88,1.4741028012684987
16237,group_reduced_formula,full,dummy_mean,0.68,1.4741028012684987
16241,group_reduced_formula,full,dummy_mean,2.02,1.4741028012684987
16249,group_reduced_formula,full,dummy_mean,0.32,1.4741028012684987
16252,group_reduced_formula,full,dummy_mean,1.44,1.4741028012684987
16256,group_reduced_formula,full,dummy_mean,0.94,1.4741028012684987
16259,group_reduced_formula,full,dummy_mean,1.06,1.4741028012684987
16266,group_reduced_formula,full,dummy_mean,2.22,1.4741028012684987
16279,group_reduced_formula,full,dummy_mean,1.2,1.4741028012684987
16282,group_reduced_formula,full,dummy_mean,1.08,1.4741028012684987
16288,group_reduced_formula,full,dummy_mean,1.78,1.4741028012684987
16315,group_reduced_formula,full,dummy_mean,2.22,1.4741028012684987
16320,group_reduced_formula,full,dummy_mean,1.1,1.4741028012684987
16330,group_reduced_formula,full,dummy_mean,1.52,1.4741028012684987
16331,group_reduced_formula,full,dummy_mean,1.92,1.4741028012684987
16334,group_reduced_formula,full,dummy_mean,1.12,1.4741028012684987
16350,group_reduced_formula,full,dummy_mean,0.42,1.4741028012684987
16358,group_reduced_formula,full,dummy_mean,1.16,1.4741028012684987
16373,group_reduced_formula,full,dummy_mean,0.76,1.4741028012684987
16381,group_reduced_formula,full,dummy_mean,1.64,1.4741028012684987
16408,group_reduced_formula,full,dummy_mean,1.86,1.4741028012684987
16418,group_reduced_formula,full,dummy_mean,2.78,1.4741028012684987
16447,group_reduced_formula,full,dummy_mean,2.06,1.4741028012684987
16457,group_reduced_formula,full,dummy_mean,1.4,1.4741028012684987
16480,group_reduced_formula,full,dummy_mean,1.04,1.4741028012684987
16485,group_reduced_formula,full,dummy_mean,1.34,1.4741028012684987
16488,group_reduced_formula,full,dummy_mean,1.62,1.4741028012684987
16499,group_reduced_formula,full,dummy_mean,2.78,1.4741028012684987
16516,group_reduced_formula,full,dummy_mean,3.56,1.4741028012684987
16522,group_reduced_formula,full,dummy_mean,1.82,1.4741028012684987
16526,group_reduced_formula,full,dummy_mean,0.76,1.4741028012684987
16530,group_reduced_formula,full,dummy_mean,0.52,1.4741028012684987
16533,group_reduced_formula,full,dummy_mean,0.64,1.4741028012684987
16541,group_reduced_formula,full,dummy_mean,1.94,1.4741028012684987
16546,group_reduced_formula,full,dummy_mean,2.28,1.4741028012684987
16571,group_reduced_formula,full,dummy_mean,1.72,1.4741028012684987
16575,group_reduced_formula,full,dummy_mean,3.18,1.4741028012684987
16583,group_reduced_formula,full,dummy_mean,0.9,1.4741028012684987
16585,group_reduced_formula,full,dummy_mean,0.96,1.4741028012684987
16587,group_reduced_formula,full,dummy_mean,0.86,1.4741028012684987
16620,group_reduced_formula,full,dummy_mean,1.16,1.4741028012684987
16630,group_reduced_formula,full,dummy_mean,0.96,1.4741028012684987
16645,group_reduced_formula,full,dummy_mean,1.86,1.4741028012684987
16647,group_reduced_formula,full,dummy_mean,1.64,1.4741028012684987
16652,group_reduced_formula,full,dummy_mean,0.7,1.4741028012684987
16657,group_reduced_formula,full,dummy_mean,1.66,1.4741028012684987
16660,group_reduced_formula,full,dummy_mean,1.74,1.4741028012684987
16677,group_reduced_formula,full,dummy_mean,1.52,1.4741028012684987
16679,group_reduced_formula,full,dummy_mean,0.82,1.4741028012684987
16681,group_reduced_formula,full,dummy_mean,1.28,1.4741028012684987
16682,group_reduced_formula,full,dummy_mean,0.56,1.4741028012684987
16748,group_reduced_formula,full,dummy_mean,2.48,1.4741028012684987
16751,group_reduced_formula,full,dummy_mean,3.76,1.4741028012684987
16763,group_reduced_formula,full,dummy_mean,1.58,1.4741028012684987
16772,group_reduced_formula,full,dummy_mean,2.3,1.4741028012684987
16788,group_reduced_formula,full,dummy_mean,1.64,1.4741028012684987
16789,group_reduced_formula,full,dummy_mean,1.76,1.4741028012684987
16834,group_reduced_formula,full,dummy_mean,0.46,1.4741028012684987
16836,group_reduced_formula,full,dummy_mean,1.12,1.4741028012684987
16839,group_reduced_formula,full,dummy_mean,1.08,1.4741028012684987
16844,group_reduced_formula,full,dummy_mean,2.38,1.4741028012684987
16853,group_reduced_formula,full,dummy_mean,1.16,1.4741028012684987
16854,group_reduced_formula,full,dummy_mean,3.6,1.4741028012684987
16882,group_reduced_formula,full,dummy_mean,1.8,1.4741028012684987
16893,group_reduced_formula,full,dummy_mean,2.56,1.4741028012684987
16899,group_reduced_formula,full,dummy_mean,2.98,1.4741028012684987
16905,group_reduced_formula,full,dummy_mean,1.68,1.4741028012684987
16913,group_reduced_formula,full,dummy_mean,2.56,1.4741028012684987
16916,group_reduced_formula,full,dummy_mean,0.92,1.4741028012684987
16919,group_reduced_formula,full,dummy_mean,1.0,1.4741028012684987
16924,group_reduced_formula,full,dummy_mean,1.78,1.4741028012684987
16955,group_reduced_formula,full,dummy_mean,1.62,1.4741028012684987
16968,group_reduced_formula,full,dummy_mean,1.24,1.4741028012684987
16970,group_reduced_formula,full,dummy_mean,1.56,1.4741028012684987
16972,group_reduced_formula,full,dummy_mean,1.36,1.4741028012684987
16974,group_reduced_formula,full,dummy_mean,1.32,1.4741028012684987
16997,group_reduced_formula,full,dummy_mean,1.4,1.4741028012684987
17000,group_reduced_formula,full,dummy_mean,1.08,1.4741028012684987
17004,group_reduced_formula,full,dummy_mean,2.74,1.4741028012684987
17010,group_reduced_formula,full,dummy_mean,1.48,1.4741028012684987
17019,group_reduced_formula,full,dummy_mean,0.86,1.4741028012684987
17022,group_reduced_formula,full,dummy_mean,1.26,1.4741028012684987
17023,group_reduced_formula,full,dummy_mean,0.5,1.4741028012684987
17036,group_reduced_formula,full,dummy_mean,1.66,1.4741028012684987
17044,group_reduced_formula,full,dummy_mean,0.04,1.4741028012684987
17048,group_reduced_formula,full,dummy_mean,1.3,1.4741028012684987
17053,group_reduced_formula,full,dummy_mean,1.12,1.4741028012684987
17055,group_reduced_formula,full,dummy_mean,1.22,1.4741028012684987
17081,group_reduced_formula,full,dummy_mean,1.48,1.4741028012684987
17092,group_reduced_formula,full,dummy_mean,2.04,1.4741028012684987
17103,group_reduced_formula,full,dummy_mean,1.32,1.4741028012684987
17104,group_reduced_formula,full,dummy_mean,1.46,1.4741028012684987
17105,group_reduced_formula,full,dummy_mean,1.92,1.4741028012684987
17109,group_reduced_formula,full,dummy_mean,2.02,1.4741028012684987
17117,group_reduced_formula,full,dummy_mean,1.58,1.4741028012684987
17133,group_reduced_formula,full,dummy_mean,0.7,1.4741028012684987
17157,group_reduced_formula,full,dummy_mean,1.52,1.4741028012684987
17192,group_reduced_formula,full,dummy_mean,1.22,1.4741028012684987
17193,group_reduced_formula,full,dummy_mean,3.72,1.4741028012684987
17200,group_reduced_formula,full,dummy_mean,0.46,1.4741028012684987
17207,group_reduced_formula,full,dummy_mean,0.46,1.4741028012684987
17209,group_reduced_formula,full,dummy_mean,2.56,1.4741028012684987
17221,group_reduced_formula,full,dummy_mean,2.32,1.4741028012684987
17241,group_reduced_formula,full,dummy_mean,1.04,1.4741028012684987
17255,group_reduced_formula,full,dummy_mean,3.44,1.4741028012684987
17365,group_reduced_formula,full,dummy_mean,0.94,1.4741028012684987
17368,group_reduced_formula,full,dummy_mean,1.04,1.4741028012684987
17389,group_reduced_formula,full,dummy_mean,1.3,1.4741028012684987
17390,group_reduced_formula,full,dummy_mean,0.52,1.4741028012684987
17409,group_reduced_formula,full,dummy_mean,1.88,1.4741028012684987
17416,group_reduced_formula,full,dummy_mean,0.58,1.4741028012684987
17431,group_reduced_formula,full,dummy_mean,1.02,1.4741028012684987
17443,group_reduced_formula,full,dummy_mean,0.9,1.4741028012684987
17444,group_reduced_formula,full,dummy_mean,2.86,1.4741028012684987
17477,group_reduced_formula,full,dummy_mean,1.02,1.4741028012684987
17478,group_reduced_formula,full,dummy_mean,0.96,1.4741028012684987
17484,group_reduced_formula,full,dummy_mean,1.04,1.4741028012684987
17486,group_reduced_formula,full,dummy_mean,1.58,1.4741028012684987
17508,group_reduced_formula,full,dummy_mean,1.22,1.4741028012684987
17517,group_reduced_formula,full,dummy_mean,0.76,1.4741028012684987
17522,group_reduced_formula,full,dummy_mean,1.88,1.4741028012684987
17527,group_reduced_formula,full,dummy_mean,1.2,1.4741028012684987
17542,group_reduced_formula,full,dummy_mean,2.02,1.4741028012684987
17559,group_reduced_formula,full,dummy_mean,2.34,1.4741028012684987
17562,group_reduced_formula,full,dummy_mean,0.78,1.4741028012684987
17584,group_reduced_formula,full,dummy_mean,3.88,1.4741028012684987
17603,group_reduced_formula,full,dummy_mean,0.94,1.4741028012684987
17625,group_reduced_formula,full,dummy_mean,1.88,1.4741028012684987
17633,group_reduced_formula,full,dummy_mean,3.4,1.4741028012684987
17640,group_reduced_formula,full,dummy_mean,1.3,1.4741028012684987
17647,group_reduced_formula,full,dummy_mean,0.18,1.4741028012684987
17650,group_reduced_formula,full,dummy_mean,0.78,1.4741028012684987
17656,group_reduced_formula,full,dummy_mean,1.24,1.4741028012684987
17658,group_reduced_formula,full,dummy_mean,0.5,1.4741028012684987
17659,group_reduced_formula,full,dummy_mean,1.9,1.4741028012684987
17667,group_reduced_formula,full,dummy_mean,1.5,1.4741028012684987
17671,group_reduced_formula,full,dummy_mean,0.62,1.4741028012684987
17683,group_reduced_formula,full,dummy_mean,1.9,1.4741028012684987
17701,group_reduced_formula,full,dummy_mean,1.24,1.4741028012684987
17702,group_reduced_formula,full,dummy_mean,1.38,1.4741028012684987
17706,group_reduced_formula,full,dummy_mean,1.76,1.4741028012684987
17711,group_reduced_formula,full,dummy_mean,-0.12,1.4741028012684987
17716,group_reduced_formula,full,dummy_mean,1.62,1.4741028012684987
17727,group_reduced_formula,full,dummy_mean,2.44,1.4741028012684987
17731,group_reduced_formula,full,dummy_mean,0.7,1.4741028012684987
17744,group_reduced_formula,full,dummy_mean,1.98,1.4741028012684987
17748,group_reduced_formula,full,dummy_mean,1.3,1.4741028012684987
17751,group_reduced_formula,full,dummy_mean,0.54,1.4741028012684987
17757,group_reduced_formula,full,dummy_mean,1.08,1.4741028012684987
17768,group_reduced_formula,full,dummy_mean,1.82,1.4741028012684987
17773,group_reduced_formula,full,dummy_mean,1.28,1.4741028012684987
17787,group_reduced_formula,full,dummy_mean,1.14,1.4741028012684987
17797,group_reduced_formula,full,dummy_mean,1.54,1.4741028012684987
17798,group_reduced_formula,full,dummy_mean,0.86,1.4741028012684987
17802,group_reduced_formula,full,dummy_mean,0.42,1.4741028012684987
17830,group_reduced_formula,full,dummy_mean,1.44,1.4741028012684987
17833,group_reduced_formula,full,dummy_mean,2.16,1.4741028012684987
17839,group_reduced_formula,full,dummy_mean,1.72,1.4741028012684987
17840,group_reduced_formula,full,dummy_mean,1.32,1.4741028012684987
17843,group_reduced_formula,full,dummy_mean,2.24,1.4741028012684987
17844,group_reduced_formula,full,dummy_mean,2.92,1.4741028012684987
17855,group_reduced_formula,full,dummy_mean,2.14,1.4741028012684987
17864,group_reduced_formula,full,dummy_mean,0.84,1.4741028012684987
17872,group_reduced_formula,full,dummy_mean,2.18,1.4741028012684987
17873,group_reduced_formula,full,dummy_mean,1.0,1.4741028012684987
17880,group_reduced_formula,full,dummy_mean,1.56,1.4741028012684987
17881,group_reduced_formula,full,dummy_mean,1.02,1.4741028012684987
17896,group_reduced_formula,full,dummy_mean,2.38,1.4741028012684987
17897,group_reduced_formula,full,dummy_mean,1.1,1.4741028012684987
17898,group_reduced_formula,full,dummy_mean,1.18,1.4741028012684987
17904,group_reduced_formula,full,dummy_mean,0.56,1.4741028012684987
17906,group_reduced_formula,full,dummy_mean,1.62,1.4741028012684987
17909,group_reduced_formula,full,dummy_mean,1.42,1.4741028012684987
17919,group_reduced_formula,full,dummy_mean,2.5,1.4741028012684987
17920,group_reduced_formula,full,dummy_mean,0.8,1.4741028012684987
17925,group_reduced_formula,full,dummy_mean,2.02,1.4741028012684987
17935,group_reduced_formula,full,dummy_mean,0.98,1.4741028012684987
17937,group_reduced_formula,full,dummy_mean,0.68,1.4741028012684987
17968,group_reduced_formula,full,dummy_mean,1.16,1.4741028012684987
17978,group_reduced_formula,full,dummy_mean,1.26,1.4741028012684987
17996,group_reduced_formula,full,dummy_mean,1.24,1.4741028012684987
18002,group_reduced_formula,full,dummy_mean,2.54,1.4741028012684987
18006,group_reduced_formula,full,dummy_mean,1.96,1.4741028012684987
18008,group_reduced_formula,full,dummy_mean,1.14,1.4741028012684987
18009,group_reduced_formula,full,dummy_mean,2.14,1.4741028012684987
18025,group_reduced_formula,full,dummy_mean,0.62,1.4741028012684987
18036,group_reduced_formula,full,dummy_mean,1.1,1.4741028012684987
18058,group_reduced_formula,full,dummy_mean,1.42,1.4741028012684987
18062,group_reduced_formula,full,dummy_mean,1.62,1.4741028012684987
18091,group_reduced_formula,full,dummy_mean,2.52,1.4741028012684987
18100,group_reduced_formula,full,dummy_mean,2.4,1.4741028012684987
18127,group_reduced_formula,full,dummy_mean,0.72,1.4741028012684987
18147,group_reduced_formula,full,dummy_mean,0.6,1.4741028012684987
18151,group_reduced_formula,full,dummy_mean,1.06,1.4741028012684987
18165,group_reduced_formula,full,dummy_mean,1.06,1.4741028012684987
18207,group_reduced_formula,full,dummy_mean,0.9,1.4741028012684987
18213,group_reduced_formula,full,dummy_mean,1.2,1.4741028012684987
18221,group_reduced_formula,full,dummy_mean,1.64,1.4741028012684987
18224,group_reduced_formula,full,dummy_mean,1.42,1.4741028012684987
18226,group_reduced_formula,full,dummy_mean,0.76,1.4741028012684987
18229,group_reduced_formula,full,dummy_mean,1.1,1.4741028012684987
18236,group_reduced_formula,full,dummy_mean,1.7,1.4741028012684987
18242,group_reduced_formula,full,dummy_mean,0.92,1.4741028012684987
18243,group_reduced_formula,full,dummy_mean,1.4,1.4741028012684987
18248,group_reduced_formula,full,dummy_mean,1.18,1.4741028012684987
18251,group_reduced_formula,full,dummy_mean,0.42,1.4741028012684987
18252,group_reduced_formula,full,dummy_mean,2.46,1.4741028012684987
18258,group_reduced_formula,full,dummy_mean,1.22,1.4741028012684987
18269,group_reduced_formula,full,dummy_mean,2.58,1.4741028012684987
18270,group_reduced_formula,full,dummy_mean,0.88,1.4741028012684987
18272,group_reduced_formula,full,dummy_mean,1.18,1.4741028012684987
18274,group_reduced_formula,full,dummy_mean,1.08,1.4741028012684987
18277,group_reduced_formula,full,dummy_mean,2.12,1.4741028012684987
18289,group_reduced_formula,full,dummy_mean,1.62,1.4741028012684987
18290,group_reduced_formula,full,dummy_mean,1.28,1.4741028012684987
18296,group_reduced_formula,full,dummy_mean,1.78,1.4741028012684987
18298,group_reduced_formula,full,dummy_mean,0.9,1.4741028012684987
18299,group_reduced_formula,full,dummy_mean,2.3,1.4741028012684987
18300,group_reduced_formula,full,dummy_mean,0.54,1.4741028012684987
18311,group_reduced_formula,full,dummy_mean,1.22,1.4741028012684987
18321,group_reduced_formula,full,dummy_mean,0.86,1.4741028012684987
18324,group_reduced_formula,full,dummy_mean,1.96,1.4741028012684987
18325,group_reduced_formula,full,dummy_mean,1.66,1.4741028012684987
18335,group_reduced_formula,full,dummy_mean,1.22,1.4741028012684987
18350,group_reduced_formula,full,dummy_mean,2.06,1.4741028012684987
18354,group_reduced_formula,full,dummy_mean,0.2,1.4741028012684987
18360,group_reduced_formula,full,dummy_mean,0.84,1.4741028012684987
18362,group_reduced_formula,full,dummy_mean,0.72,1.4741028012684987
18387,group_reduced_formula,full,dummy_mean,1.92,1.4741028012684987
18389,group_reduced_formula,full,dummy_mean,2.18,1.4741028012684987
18393,group_reduced_formula,full,dummy_mean,0.94,1.4741028012684987
18414,group_reduced_formula,full,dummy_mean,1.1,1.4741028012684987
18435,group_reduced_formula,full,dummy_mean,0.72,1.4741028012684987
18439,group_reduced_formula,full,dummy_mean,2.42,1.4741028012684987
18447,group_reduced_formula,full,dummy_mean,1.84,1.4741028012684987
18459,group_reduced_formula,full,dummy_mean,0.58,1.4741028012684987
18466,group_reduced_formula,full,dummy_mean,1.4,1.4741028012684987
18468,group_reduced_formula,full,dummy_mean,1.68,1.4741028012684987
18472,group_reduced_formula,full,dummy_mean,1.76,1.4741028012684987
18497,group_reduced_formula,full,dummy_mean,1.22,1.4741028012684987
18509,group_reduced_formula,full,dummy_mean,1.58,1.4741028012684987
18514,group_reduced_formula,full,dummy_mean,1.08,1.4741028012684987
18519,group_reduced_formula,full,dummy_mean,1.36,1.4741028012684987
18557,group_reduced_formula,full,dummy_mean,-0.08,1.4741028012684987
18583,group_reduced_formula,full,dummy_mean,1.3,1.4741028012684987
18588,group_reduced_formula,full,dummy_mean,2.52,1.4741028012684987
18606,group_reduced_formula,full,dummy_mean,0.78,1.4741028012684987
18607,group_reduced_formula,full,dummy_mean,1.6,1.4741028012684987
18615,group_reduced_formula,full,dummy_mean,2.06,1.4741028012684987
18620,group_reduced_formula,full,dummy_mean,0.68,1.4741028012684987
18634,group_reduced_formula,full,dummy_mean,2.96,1.4741028012684987
18639,group_reduced_formula,full,dummy_mean,1.3,1.4741028012684987
18641,group_reduced_formula,full,dummy_mean,1.62,1.4741028012684987
18648,group_reduced_formula,full,dummy_mean,1.32,1.4741028012684987
18662,group_reduced_formula,full,dummy_mean,1.56,1.4741028012684987
18668,group_reduced_formula,full,dummy_mean,1.44,1.4741028012684987
18669,group_reduced_formula,full,dummy_mean,0.6,1.4741028012684987
18673,group_reduced_formula,full,dummy_mean,2.62,1.4741028012684987
18686,group_reduced_formula,full,dummy_mean,0.3,1.4741028012684987
18709,group_reduced_formula,full,dummy_mean,1.24,1.4741028012684987
18715,group_reduced_formula,full,dummy_mean,1.82,1.4741028012684987
18730,group_reduced_formula,full,dummy_mean,1.12,1.4741028012684987
18734,group_reduced_formula,full,dummy_mean,1.42,1.4741028012684987
18736,group_reduced_formula,full,dummy_mean,0.56,1.4741028012684987
18737,group_reduced_formula,full,dummy_mean,1.58,1.4741028012684987
18753,group_reduced_formula,full,dummy_mean,1.32,1.4741028012684987
18756,group_reduced_formula,full,dummy_mean,1.44,1.4741028012684987
18757,group_reduced_formula,full,dummy_mean,0.94,1.4741028012684987
18794,group_reduced_formula,full,dummy_mean,1.98,1.4741028012684987
18795,group_reduced_formula,full,dummy_mean,0.98,1.4741028012684987
18796,group_reduced_formula,full,dummy_mean,1.54,1.4741028012684987
18805,group_reduced_formula,full,dummy_mean,2.0,1.4741028012684987
18806,group_reduced_formula,full,dummy_mean,-0.24,1.4741028012684987
18808,group_reduced_formula,full,dummy_mean,1.5,1.4741028012684987
18825,group_reduced_formula,full,dummy_mean,0.68,1.4741028012684987
18840,group_reduced_formula,full,dummy_mean,0.9,1.4741028012684987
18843,group_reduced_formula,full,dummy_mean,1.14,1.4741028012684987
18848,group_reduced_formula,full,dummy_mean,1.76,1.4741028012684987
18874,group_reduced_formula,full,dummy_mean,0.86,1.4741028012684987
18876,group_reduced_formula,full,dummy_mean,1.48,1.4741028012684987
18888,group_reduced_formula,full,dummy_mean,1.28,1.4741028012684987
18901,group_reduced_formula,full,dummy_mean,0.76,1.4741028012684987
18904,group_reduced_formula,full,dummy_mean,2.36,1.4741028012684987
18922,group_reduced_formula,full,dummy_mean,1.78,1.4741028012684987
18923,group_reduced_formula,full,dummy_mean,1.66,1.4741028012684987
18925,group_reduced_formula,full,dummy_mean,1.5,1.4741028012684987
