sample_id,split_strategy,budget_label,model,y_true,y_pred
5,group_reduced_formula,1000,dummy_mean,1.48,1.5173
19,group_reduced_formula,1000,dummy_mean,0.46,1.5173
48,group_reduced_formula,1000,dummy_mean,2.84,1.5173
55,group_reduced_formula,1000,dummy_mean,1.36,1.5173
56,group_reduced_formula,1000,dummy_mean,1.78,1.5173
59,group_reduced_formula,1000,dummy_mean,0.64,1.5173
70,group_reduced_formula,1000,dummy_mean,1.08,1.5173
83,group_reduced_formula,1000,dummy_mean,0.96,1.5173
91,group_reduced_formula,1000,dummy_mean,1.32,1.5173
114,group_reduced_formula,1000,dummy_mean,1.3,1.5173
127,group_reduced_formula,1000,dummy_mean,0.48,1.5173
133,group_reduced_formula,1000,dummy_mean,1.14,1.5173
150,group_reduced_formula,1000,dummy_mean,1.26,1.5173
204,group_reduced_formula,1000,dummy_mean,4.18,1.5173
220,group_reduced_formula,1000,dummy_mean,0.92,1.5173
222,group_reduced_formula,1000,dummy_mean,1.16,1.5173
225,group_reduced_formula,1000,dummy_mean,1.22,1.5173
233,group_reduced_formula,1000,dummy_mean,0.98,1.5173
242,group_reduced_formula,1000,dummy_mean,1.98,1.5173
252,group_reduced_formula,1000,dummy_mean,1.16,1.5173
256,group_reduced_formula,1000,dummy_mean,1.08,1.5173
261,group_reduced_formula,1000,dummy_mean,0.92,1.5173
275,group_reduced_formula,1000,dummy_mean,1.14,1.5173
279,group_reduced_formula,1000,dummy_mean,1.7,1.5173
283,group_reduced_formula,1000,dummy_mean,1.66,1.5173
289,group_reduced_formula,1000,dummy_mean,1.02,1.5173
295,group_reduced_formula,1000,dummy_mean,1.2,1.5173
311,group_reduced_formula,1000,dummy_mean,3.84,1.5173
314,group_reduced_formula,1000,dummy_mean,1.26,1.5173
316,group_reduced_formula,1000,dummy_mean,0.3,1.5173
319,group_reduced_formula,1000,dummy_mean,0.4,1.5173
321,group_reduced_formula,1000,dummy_mean,1.74,1.5173
327,group_reduced_formula,1000,dummy_mean,1.18,1.5173
336,group_reduced_formula,1000,dummy_mean,1.84,1.5173
341,group_reduced_formula,1000,dummy_mean,1.08,1.5173
361,group_reduced_formula,1000,dummy_mean,0.8,1.5173
366,group_reduced_formula,1000,dummy_mean,0.5,1.5173
378,group_reduced_formula,1000,dummy_mean,2.44,1.5173
382,group_reduced_formula,1000,dummy_mean,1.96,1.5173
387,group_reduced_formula,1000,dummy_mean,2.02,1.5173
399,group_reduced_formula,1000,dummy_mean,1.02,1.5173
422,group_reduced_formula,1000,dummy_mean,1.36,1.5173
424,group_reduced_formula,1000,dummy_mean,1.9,1.5173
445,group_reduced_formula,1000,dummy_mean,2.3,1.5173
452,group_reduced_formula,1000,dummy_mean,1.44,1.5173
478,group_reduced_formula,1000,dummy_mean,1.88,1.5173
490,group_reduced_formula,1000,dummy_mean,1.36,1.5173
494,group_reduced_formula,1000,dummy_mean,3.42,1.5173
518,group_reduced_formula,1000,dummy_mean,0.84,1.5173
524,group_reduced_formula,1000,dummy_mean,1.1,1.5173
535,group_reduced_formula,1000,dummy_mean,1.16,1.5173
559,group_reduced_formula,1000,dummy_mean,2.6,1.5173
573,group_reduced_formula,1000,dummy_mean,1.22,1.5173
589,group_reduced_formula,1000,dummy_mean,1.1,1.5173
600,group_reduced_formula,1000,dummy_mean,1.8,1.5173
602,group_reduced_formula,1000,dummy_mean,1.52,1.5173
605,group_reduced_formula,1000,dummy_mean,1.04,1.5173
617,group_reduced_formula,1000,dummy_mean,0.76,1.5173
627,group_reduced_formula,1000,dummy_mean,1.44,1.5173
629,group_reduced_formula,1000,dummy_mean,0.6,1.5173
630,group_reduced_formula,1000,dummy_mean,1.84,1.5173
636,group_reduced_formula,1000,dummy_mean,1.88,1.5173
638,group_reduced_formula,1000,dummy_mean,0.94,1.5173
649,group_reduced_formula,1000,dummy_mean,0.68,1.5173
664,group_reduced_formula,1000,dummy_mean,1.82,1.5173
667,group_reduced_formula,1000,dummy_mean,2.02,1.5173
670,group_reduced_formula,1000,dummy_mean,0.62,1.5173
689,group_reduced_formula,1000,dummy_mean,1.18,1.5173
692,group_reduced_formula,1000,dummy_mean,1.94,1.5173
693,group_reduced_formula,1000,dummy_mean,0.52,1.5173
695,group_reduced_formula,1000,dummy_mean,2.46,1.5173
699,group_reduced_formula,1000,dummy_mean,1.18,1.5173
704,group_reduced_formula,1000,dummy_mean,1.14,1.5173
709,group_reduced_formula,1000,dummy_mean,2.0,1.5173
719,group_reduced_formula,1000,dummy_mean,1.9,1.5173
721,group_reduced_formula,1000,dummy_mean,2.1,1.5173
753,group_reduced_formula,1000,dummy_mean,0.52,1.5173
754,group_reduced_formula,1000,dummy_mean,1.3,1.5173
793,group_reduced_formula,1000,dummy_mean,1.24,1.5173
796,group_reduced_formula,1000,dummy_mean,1.2,1.5173
812,group_reduced_formula,1000,dummy_mean,0.48,1.5173
818,group_reduced_formula,1000,dummy_mean,1.08,1.5173
832,group_reduced_formula,1000,dummy_mean,1.24,1.5173
882,group_reduced_formula,1000,dummy_mean,1.96,1.5173
890,group_reduced_formula,1000,dummy_mean,0.56,1.5173
892,group_reduced_formula,1000,dummy_mean,1.46,1.5173
899,group_reduced_formula,1000,dummy_mean,0.66,1.5173
904,group_reduced_formula,1000,dummy_mean,1.66,1.5173
945,group_reduced_formula,1000,dummy_mean,2.02,1.5173
958,group_reduced_formula,1000,dummy_mean,1.4,1.5173
959,group_reduced_formula,1000,dummy_mean,1.04,1.5173
970,group_reduced_formula,1000,dummy_mean,1.28,1.5173
985,group_reduced_formula,1000,dummy_mean,2.66,1.5173
992,group_reduced_formula,1000,dummy_mean,2.46,1.5173
996,group_reduced_formula,1000,dummy_mean,1.28,1.5173
997,group_reduced_formula,1000,dummy_mean,1.4,1.5173
1004,group_reduced_formula,1000,dummy_mean,0.72,1.5173
1020,group_reduced_formula,1000,dummy_mean,0.72,1.5173
1027,group_reduced_formula,1000,dummy_mean,1.38,1.5173
1032,group_reduced_formula,1000,dummy_mean,0.84,1.5173
1037,group_reduced_formula,1000,dummy_mean,2.62,1.5173
1047,group_reduced_formula,1000,dummy_mean,1.04,1.5173
1058,group_reduced_formula,1000,dummy_mean,1.2,1.5173
1059,group_reduced_formula,1000,dummy_mean,0.96,1.5173
1070,group_reduced_formula,1000,dummy_mean,0.78,1.5173
1078,group_reduced_formula,1000,dummy_mean,1.74,1.5173
1106,group_reduced_formula,1000,dummy_mean,1.42,1.5173
1112,group_reduced_formula,1000,dummy_mean,1.02,1.5173
1125,group_reduced_formula,1000,dummy_mean,0.56,1.5173
1129,group_reduced_formula,1000,dummy_mean,2.06,1.5173
1135,group_reduced_formula,1000,dummy_mean,0.6,1.5173
1159,group_reduced_formula,1000,dummy_mean,1.86,1.5173
1180,group_reduced_formula,1000,dummy_mean,0.98,1.5173
1181,group_reduced_formula,1000,dummy_mean,1.04,1.5173
1204,group_reduced_formula,1000,dummy_mean,2.16,1.5173
1220,group_reduced_formula,1000,dummy_mean,0.76,1.5173
1221,group_reduced_formula,1000,dummy_mean,2.44,1.5173
1240,group_reduced_formula,1000,dummy_mean,1.7,1.5173
1247,group_reduced_formula,1000,dummy_mean,1.9,1.5173
1248,group_reduced_formula,1000,dummy_mean,2.28,1.5173
1274,group_reduced_formula,1000,dummy_mean,1.18,1.5173
1330,group_reduced_formula,1000,dummy_mean,1.02,1.5173
1331,group_reduced_formula,1000,dummy_mean,1.4,1.5173
1342,group_reduced_formula,1000,dummy_mean,0.42,1.5173
1343,group_reduced_formula,1000,dummy_mean,2.02,1.5173
1357,group_reduced_formula,1000,dummy_mean,1.92,1.5173
1371,group_reduced_formula,1000,dummy_mean,1.26,1.5173
1377,group_reduced_formula,1000,dummy_mean,1.34,1.5173
1393,group_reduced_formula,1000,dummy_mean,1.24,1.5173
1404,group_reduced_formula,1000,dummy_mean,1.68,1.5173
1405,group_reduced_formula,1000,dummy_mean,1.46,1.5173
1408,group_reduced_formula,1000,dummy_mean,0.9,1.5173
1414,group_reduced_formula,1000,dummy_mean,0.54,1.5173
1415,group_reduced_formula,1000,dummy_mean,0.88,1.5173
1421,group_reduced_formula,1000,dummy_mean,1.04,1.5173
1430,group_reduced_formula,1000,dummy_mean,0.62,1.5173
1453,group_reduced_formula,1000,dummy_mean,0.78,1.5173
1464,group_reduced_formula,1000,dummy_mean,1.52,1.5173
1465,group_reduced_formula,1000,dummy_mean,1.42,1.5173
1492,group_reduced_formula,1000,dummy_mean,1.14,1.5173
1507,group_reduced_formula,1000,dummy_mean,1.92,1.5173
1510,group_reduced_formula,1000,dummy_mean,1.84,1.5173
1513,group_reduced_formula,1000,dummy_mean,1.52,1.5173
1516,group_reduced_formula,1000,dummy_mean,2.64,1.5173
1519,group_reduced_formula,1000,dummy_mean,0.74,1.5173
1520,group_reduced_formula,1000,dummy_mean,1.64,1.5173
1522,group_reduced_formula,1000,dummy_mean,0.94,1.5173
1533,group_reduced_formula,1000,dummy_mean,0.46,1.5173
1541,group_reduced_formula,1000,dummy_mean,2.1,1.5173
1552,group_reduced_formula,1000,dummy_mean,2.88,1.5173
1560,group_reduced_formula,1000,dummy_mean,1.46,1.5173
1578,group_reduced_formula,1000,dummy_mean,1.58,1.5173
1581,group_reduced_formula,1000,dummy_mean,2.04,1.5173
1589,group_reduced_formula,1000,dummy_mean,3.06,1.5173
1597,group_reduced_formula,1000,dummy_mean,1.1,1.5173
1598,group_reduced_formula,1000,dummy_mean,0.98,1.5173
1601,group_reduced_formula,1000,dummy_mean,1.46,1.5173
1607,group_reduced_formula,1000,dummy_mean,1.42,1.5173
1609,group_reduced_formula,1000,dummy_mean,2.22,1.5173
1628,group_reduced_formula,1000,dummy_mean,3.2,1.5173
1648,group_reduced_formula,1000,dummy_mean,1.62,1.5173
1652,group_reduced_formula,1000,dummy_mean,1.24,1.5173
1663,group_reduced_formula,1000,dummy_mean,1.18,1.5173
1683,group_reduced_formula,1000,dummy_mean,1.94,1.5173
1692,group_reduced_formula,1000,dummy_mean,1.1,1.5173
1707,group_reduced_formula,1000,dummy_mean,2.0,1.5173
1711,group_reduced_formula,1000,dummy_mean,1.14,1.5173
1723,group_reduced_formula,1000,dummy_mean,1.36,1.5173
1725,group_reduced_formula,1000,dummy_mean,1.84,1.5173
1727,group_reduced_formula,1000,dummy_mean,1.76,1.5173
1734,group_reduced_formula,1000,dummy_mean,0.98,1.5173
1770,group_reduced_formula,1000,dummy_mean,0.96,1.5173
1783,group_reduced_formula,1000,dummy_mean,1.68,1.5173
1792,group_reduced_formula,1000,dummy_mean,1.6,1.5173
1821,group_reduced_formula,1000,dummy_mean,1.46,1.5173
1822,group_reduced_formula,1000,dummy_mean,0.18,1.5173
1833,group_reduced_formula,1000,dummy_mean,1.44,1.5173
1848,group_reduced_formula,1000,dummy_mean,2.92,1.5173
1856,group_reduced_formula,1000,dummy_mean,2.0,1.5173
1868,group_reduced_formula,1000,dummy_mean,1.04,1.5173
1875,group_reduced_formula,1000,dummy_mean,1.88,1.5173
1881,group_reduced_formula,1000,dummy_mean,2.1,1.5173
1891,group_reduced_formula,1000,dummy_mean,1.74,1.5173
1898,group_reduced_formula,1000,dummy_mean,0.94,1.5173
1900,group_reduced_formula,1000,dummy_mean,1.34,1.5173
1906,group_reduced_formula,1000,dummy_mean,0.78,1.5173
1909,group_reduced_formula,1000,dummy_mean,1.72,1.5173
1919,group_reduced_formula,1000,dummy_mean,1.04,1.5173
1923,group_reduced_formula,1000,dummy_mean,0.98,1.5173
1928,group_reduced_formula,1000,dummy_mean,1.78,1.5173
1940,group_reduced_formula,1000,dummy_mean,2.08,1.5173
1948,group_reduced_formula,1000,dummy_mean,2.04,1.5173
1949,group_reduced_formula,1000,dummy_mean,1.2,1.5173
1957,group_reduced_formula,1000,dummy_mean,2.22,1.5173
1963,group_reduced_formula,1000,dummy_mean,1.16,1.5173
1981,group_reduced_formula,1000,dummy_mean,1.96,1.5173
2016,group_reduced_formula,1000,dummy_mean,1.44,1.5173
2025,group_reduced_formula,1000,dummy_mean,2.64,1.5173
2039,group_reduced_formula,1000,dummy_mean,1.28,1.5173
2040,group_reduced_formula,1000,dummy_mean,1.2,1.5173
2052,group_reduced_formula,1000,dummy_mean,1.18,1.5173
2053,group_reduced_formula,1000,dummy_mean,3.36,1.5173
2072,group_reduced_formula,1000,dummy_mean,1.32,1.5173
2089,group_reduced_formula,1000,dummy_mean,1.9,1.5173
2091,group_reduced_formula,1000,dummy_mean,1.3,1.5173
2092,group_reduced_formula,1000,dummy_mean,0.62,1.5173
2121,group_reduced_formula,1000,dummy_mean,1.7,1.5173
2132,group_reduced_formula,1000,dummy_mean,1.56,1.5173
2139,group_reduced_formula,1000,dummy_mean,0.98,1.5173
2146,group_reduced_formula,1000,dummy_mean,0.22,1.5173
2159,group_reduced_formula,1000,dummy_mean,2.72,1.5173
2184,group_reduced_formula,1000,dummy_mean,2.34,1.5173
2189,group_reduced_formula,1000,dummy_mean,1.44,1.5173
2198,group_reduced_formula,1000,dummy_mean,1.26,1.5173
2205,group_reduced_formula,1000,dummy_mean,0.5,1.5173
2231,group_reduced_formula,1000,dummy_mean,1.0,1.5173
2253,group_reduced_formula,1000,dummy_mean,0.96,1.5173
2258,group_reduced_formula,1000,dummy_mean,1.58,1.5173
2259,group_reduced_formula,1000,dummy_mean,1.82,1.5173
2266,group_reduced_formula,1000,dummy_mean,1.88,1.5173
2276,group_reduced_formula,1000,dummy_mean,1.52,1.5173
2281,group_reduced_formula,1000,dummy_mean,1.98,1.5173
2282,group_reduced_formula,1000,dummy_mean,3.26,1.5173
2284,group_reduced_formula,1000,dummy_mean,1.76,1.5173
2287,group_reduced_formula,1000,dummy_mean,2.64,1.5173
2296,group_reduced_formula,1000,dummy_mean,1.36,1.5173
2297,group_reduced_formula,1000,dummy_mean,1.5,1.5173
2302,group_reduced_formula,1000,dummy_mean,2.02,1.5173
2315,group_reduced_formula,1000,dummy_mean,0.82,1.5173
2326,group_reduced_formula,1000,dummy_mean,1.34,1.5173
2334,group_reduced_formula,1000,dummy_mean,0.38,1.5173
2340,group_reduced_formula,1000,dummy_mean,2.28,1.5173
2342,group_reduced_formula,1000,dummy_mean,1.18,1.5173
2351,group_reduced_formula,1000,dummy_mean,1.4,1.5173
2383,group_reduced_formula,1000,dummy_mean,1.24,1.5173
2391,group_reduced_formula,1000,dummy_mean,0.1,1.5173
2440,group_reduced_formula,1000,dummy_mean,1.26,1.5173
2451,group_reduced_formula,1000,dummy_mean,2.0,1.5173
2462,group_reduced_formula,1000,dummy_mean,1.1,1.5173
2466,group_reduced_formula,1000,dummy_mean,2.14,1.5173
2471,group_reduced_formula,1000,dummy_mean,0.68,1.5173
2474,group_reduced_formula,1000,dummy_mean,2.92,1.5173
2476,group_reduced_formula,1000,dummy_mean,0.82,1.5173
2481,group_reduced_formula,1000,dummy_mean,1.02,1.5173
2503,group_reduced_formula,1000,dummy_mean,1.2,1.5173
2516,group_reduced_formula,1000,dummy_mean,1.24,1.5173
2544,group_reduced_formula,1000,dummy_mean,1.54,1.5173
2556,group_reduced_formula,1000,dummy_mean,2.68,1.5173
2557,group_reduced_formula,1000,dummy_mean,1.04,1.5173
2595,group_reduced_formula,1000,dummy_mean,0.98,1.5173
2600,group_reduced_formula,1000,dummy_mean,1.56,1.5173
2617,group_reduced_formula,1000,dummy_mean,2.58,1.5173
2618,group_reduced_formula,1000,dummy_mean,1.54,1.5173
2636,group_reduced_formula,1000,dummy_mean,2.18,1.5173
2643,group_reduced_formula,1000,dummy_mean,2.6,1.5173
2666,group_reduced_formula,1000,dummy_mean,1.04,1.5173
2683,group_reduced_formula,1000,dummy_mean,1.42,1.5173
2687,group_reduced_formula,1000,dummy_mean,1.44,1.5173
2704,group_reduced_formula,1000,dummy_mean,1.24,1.5173
2707,group_reduced_formula,1000,dummy_mean,2.76,1.5173
2710,group_reduced_formula,1000,dummy_mean,0.92,1.5173
2713,group_reduced_formula,1000,dummy_mean,1.66,1.5173
2721,group_reduced_formula,1000,dummy_mean,1.6,1.5173
2723,group_reduced_formula,1000,dummy_mean,0.78,1.5173
2729,group_reduced_formula,1000,dummy_mean,2.34,1.5173
2734,group_reduced_formula,1000,dummy_mean,1.36,1.5173
2740,group_reduced_formula,1000,dummy_mean,1.16,1.5173
2741,group_reduced_formula,1000,dummy_mean,0.9,1.5173
2748,group_reduced_formula,1000,dummy_mean,1.6,1.5173
2773,group_reduced_formula,1000,dummy_mean,1.56,1.5173
2775,group_reduced_formula,1000,dummy_mean,1.84,1.5173
2792,group_reduced_formula,1000,dummy_mean,2.1,1.5173
2797,group_reduced_formula,1000,dummy_mean,1.14,1.5173
2814,group_reduced_formula,1000,dummy_mean,1.42,1.5173
2829,group_reduced_formula,1000,dummy_mean,1.64,1.5173
2831,group_reduced_formula,1000,dummy_mean,0.88,1.5173
2835,group_reduced_formula,1000,dummy_mean,0.52,1.5173
2839,group_reduced_formula,1000,dummy_mean,0.92,1.5173
2841,group_reduced_formula,1000,dummy_mean,1.7,1.5173
2845,group_reduced_formula,1000,dummy_mean,2.2,1.5173
2861,group_reduced_formula,1000,dummy_mean,1.2,1.5173
2884,group_reduced_formula,1000,dummy_mean,3.54,1.5173
2887,group_reduced_formula,1000,dummy_mean,1.94,1.5173
2897,group_reduced_formula,1000,dummy_mean,1.82,1.5173
2909,group_reduced_formula,1000,dummy_mean,3.46,1.5173
2927,group_reduced_formula,1000,dummy_mean,1.14,1.5173
2933,group_reduced_formula,1000,dummy_mean,1.2,1.5173
2942,group_reduced_formula,1000,dummy_mean,2.16,1.5173
2943,group_reduced_formula,1000,dummy_mean,1.72,1.5173
2947,group_reduced_formula,1000,dummy_mean,0.44,1.5173
2952,group_reduced_formula,1000,dummy_mean,1.1,1.5173
2953,group_reduced_formula,1000,dummy_mean,1.48,1.5173
2959,group_reduced_formula,1000,dummy_mean,1.54,1.5173
2964,group_reduced_formula,1000,dummy_mean,1.68,1.5173
2968,group_reduced_formula,1000,dummy_mean,2.42,1.5173
2989,group_reduced_formula,1000,dummy_mean,0.92,1.5173
2996,group_reduced_formula,1000,dummy_mean,0.58,1.5173
3004,group_reduced_formula,1000,dummy_mean,0.26,1.5173
3021,group_reduced_formula,1000,dummy_mean,0.38,1.5173
3022,group_reduced_formula,1000,dummy_mean,1.26,1.5173
3041,group_reduced_formula,1000,dummy_mean,1.82,1.5173
3045,group_reduced_formula,1000,dummy_mean,2.86,1.5173
3054,group_reduced_formula,1000,dummy_mean,0.78,1.5173
3082,group_reduced_formula,1000,dummy_mean,1.46,1.5173
3093,group_reduced_formula,1000,dummy_mean,1.1,1.5173
3128,group_reduced_formula,1000,dummy_mean,1.34,1.5173
3149,group_reduced_formula,1000,dummy_mean,1.34,1.5173
3158,group_reduced_formula,1000,dummy_mean,1.52,1.5173
3164,group_reduced_formula,1000,dummy_mean,0.72,1.5173
3181,group_reduced_formula,1000,dummy_mean,0.68,1.5173
3184,group_reduced_formula,1000,dummy_mean,0.92,1.5173
3195,group_reduced_formula,1000,dummy_mean,0.98,1.5173
3220,group_reduced_formula,1000,dummy_mean,0.82,1.5173
3222,group_reduced_formula,1000,dummy_mean,0.84,1.5173
3223,group_reduced_formula,1000,dummy_mean,2.0,1.5173
3238,group_reduced_formula,1000,dummy_mean,1.54,1.5173
3244,group_reduced_formula,1000,dummy_mean,0.78,1.5173
3252,group_reduced_formula,1000,dummy_mean,1.24,1.5173
3258,group_reduced_formula,1000,dummy_mean,1.08,1.5173
3272,group_reduced_formula,1000,dummy_mean,2.32,1.5173
3275,group_reduced_formula,1000,dummy_mean,1.04,1.5173
3278,group_reduced_formula,1000,dummy_mean,3.68,1.5173
3281,group_reduced_formula,1000,dummy_mean,1.8,1.5173
3298,group_reduced_formula,1000,dummy_mean,0.42,1.5173
3324,group_reduced_formula,1000,dummy_mean,2.18,1.5173
3331,group_reduced_formula,1000,dummy_mean,2.7,1.5173
3350,group_reduced_formula,1000,dummy_mean,1.6,1.5173
3353,group_reduced_formula,1000,dummy_mean,0.34,1.5173
3373,group_reduced_formula,1000,dummy_mean,0.48,1.5173
3378,group_reduced_formula,1000,dummy_mean,2.84,1.5173
3381,group_reduced_formula,1000,dummy_mean,1.2,1.5173
3385,group_reduced_formula,1000,dummy_mean,0.94,1.5173
3389,group_reduced_formula,1000,dummy_mean,1.28,1.5173
3391,group_reduced_formula,1000,dummy_mean,0.56,1.5173
3404,group_reduced_formula,1000,dummy_mean,0.76,1.5173
3413,group_reduced_formula,1000,dummy_mean,0.56,1.5173
3417,group_reduced_formula,1000,dummy_mean,1.02,1.5173
3418,group_reduced_formula,1000,dummy_mean,0.86,1.5173
3429,group_reduced_formula,1000,dummy_mean,1.7,1.5173
3442,group_reduced_formula,1000,dummy_mean,0.94,1.5173
3451,group_reduced_formula,1000,dummy_mean,1.34,1.5173
3454,group_reduced_formula,1000,dummy_mean,0.98,1.5173
3461,group_reduced_formula,1000,dummy_mean,2.12,1.5173
3490,group_reduced_formula,1000,dummy_mean,0.48,1.5173
3491,group_reduced_formula,1000,dummy_mean,1.74,1.5173
3492,group_reduced_formula,1000,dummy_mean,0.6,1.5173
3493,group_reduced_formula,1000,dummy_mean,0.78,1.5173
3502,group_reduced_formula,1000,dummy_mean,1.6,1.5173
3504,group_reduced_formula,1000,dummy_mean,1.94,1.5173
3522,group_reduced_formula,1000,dummy_mean,3.58,1.5173
3530,group_reduced_formula,1000,dummy_mean,2.78,1.5173
3541,group_reduced_formula,1000,dummy_mean,2.28,1.5173
3558,group_reduced_formula,1000,dummy_mean,0.78,1.5173
3562,group_reduced_formula,1000,dummy_mean,1.38,1.5173
3569,group_reduced_formula,1000,dummy_mean,1.42,1.5173
3580,group_reduced_formula,1000,dummy_mean,1.74,1.5173
3581,group_reduced_formula,1000,dummy_mean,0.94,1.5173
3592,group_reduced_formula,1000,dummy_mean,1.46,1.5173
3614,group_reduced_formula,1000,dummy_mean,1.0,1.5173
3642,group_reduced_formula,1000,dummy_mean,0.96,1.5173
3679,group_reduced_formula,1000,dummy_mean,1.9,1.5173
3681,group_reduced_formula,1000,dummy_mean,1.34,1.5173
3690,group_reduced_formula,1000,dummy_mean,1.58,1.5173
3701,group_reduced_formula,1000,dummy_mean,1.18,1.5173
3712,group_reduced_formula,1000,dummy_mean,2.7,1.5173
3714,group_reduced_formula,1000,dummy_mean,3.48,1.5173
3738,group_reduced_formula,1000,dummy_mean,1.54,1.5173
3747,group_reduced_formula,1000,dummy_mean,1.4,1.5173
3749,group_reduced_formula,1000,dummy_mean,1.12,1.5173
3750,group_reduced_formula,1000,dummy_mean,2.88,1.5173
3759,group_reduced_formula,1000,dummy_mean,3.22,1.5173
3771,group_reduced_formula,1000,dummy_mean,1.06,1.5173
3778,group_reduced_formula,1000,dummy_mean,1.72,1.5173
3781,group_reduced_formula,1000,dummy_mean,1.28,1.5173
3784,group_reduced_formula,1000,dummy_mean,0.96,1.5173
3795,group_reduced_formula,1000,dummy_mean,1.06,1.5173
3799,group_reduced_formula,1000,dummy_mean,0.92,1.5173
3820,group_reduced_formula,1000,dummy_mean,1.2,1.5173
3830,group_reduced_formula,1000,dummy_mean,1.0,1.5173
3843,group_reduced_formula,1000,dummy_mean,1.96,1.5173
3845,group_reduced_formula,1000,dummy_mean,0.98,1.5173
3862,group_reduced_formula,1000,dummy_mean,1.88,1.5173
3885,group_reduced_formula,1000,dummy_mean,1.8,1.5173
3894,group_reduced_formula,1000,dummy_mean,0.4,1.5173
3895,group_reduced_formula,1000,dummy_mean,2.42,1.5173
3903,group_reduced_formula,1000,dummy_mean,1.86,1.5173
3912,group_reduced_formula,1000,dummy_mean,1.34,1.5173
3913,group_reduced_formula,1000,dummy_mean,3.3,1.5173
3949,group_reduced_formula,1000,dummy_mean,0.9,1.5173
3961,group_reduced_formula,1000,dummy_mean,-0.1,1.5173
4014,group_reduced_formula,1000,dummy_mean,1.5,1.5173
4016,group_reduced_formula,1000,dummy_mean,1.54,1.5173
4020,group_reduced_formula,1000,dummy_mean,1.42,1.5173
4032,group_reduced_formula,1000,dummy_mean,2.3,1.5173
4059,group_reduced_formula,1000,dummy_mean,2.62,1.5173
4078,group_reduced_formula,1000,dummy_mean,3.72,1.5173
4084,group_reduced_formula,1000,dummy_mean,0.36,1.5173
4113,group_reduced_formula,1000,dummy_mean,1.0,1.5173
4122,group_reduced_formula,1000,dummy_mean,2.68,1.5173
4125,group_reduced_formula,1000,dummy_mean,0.3,1.5173
4128,group_reduced_formula,1000,dummy_mean,1.46,1.5173
4134,group_reduced_formula,1000,dummy_mean,1.74,1.5173
4138,group_reduced_formula,1000,dummy_mean,1.8,1.5173
4144,group_reduced_formula,1000,dummy_mean,0.98,1.5173
4151,group_reduced_formula,1000,dummy_mean,0.78,1.5173
4159,group_reduced_formula,1000,dummy_mean,-0.32,1.5173
4163,group_reduced_formula,1000,dummy_mean,1.2,1.5173
4175,group_reduced_formula,1000,dummy_mean,1.82,1.5173
4192,group_reduced_formula,1000,dummy_mean,0.42,1.5173
4194,group_reduced_formula,1000,dummy_mean,2.86,1.5173
4231,group_reduced_formula,1000,dummy_mean,1.2,1.5173
4232,group_reduced_formula,1000,dummy_mean,0.56,1.5173
4233,group_reduced_formula,1000,dummy_mean,1.0,1.5173
4235,group_reduced_formula,1000,dummy_mean,2.8,1.5173
4236,group_reduced_formula,1000,dummy_mean,1.58,1.5173
4244,group_reduced_formula,1000,dummy_mean,0.24,1.5173
4246,group_reduced_formula,1000,dummy_mean,1.34,1.5173
4248,group_reduced_formula,1000,dummy_mean,0.92,1.5173
4257,group_reduced_formula,1000,dummy_mean,1.34,1.5173
4258,group_reduced_formula,1000,dummy_mean,1.08,1.5173
4307,group_reduced_formula,1000,dummy_mean,1.98,1.5173
4312,group_reduced_formula,1000,dummy_mean,1.52,1.5173
4317,group_reduced_formula,1000,dummy_mean,1.82,1.5173
4343,group_reduced_formula,1000,dummy_mean,1.42,1.5173
4355,group_reduced_formula,1000,dummy_mean,1.88,1.5173
4358,group_reduced_formula,1000,dummy_mean,0.66,1.5173
4365,group_reduced_formula,1000,dummy_mean,1.5,1.5173
4366,group_reduced_formula,1000,dummy_mean,0.86,1.5173
4367,group_reduced_formula,1000,dummy_mean,0.76,1.5173
4368,group_reduced_formula,1000,dummy_mean,2.72,1.5173
4385,group_reduced_formula,1000,dummy_mean,1.14,1.5173
4386,group_reduced_formula,1000,dummy_mean,2.98,1.5173
4389,group_reduced_formula,1000,dummy_mean,1.74,1.5173
4398,group_reduced_formula,1000,dummy_mean,2.88,1.5173
4401,group_reduced_formula,1000,dummy_mean,1.0,1.5173
4418,group_reduced_formula,1000,dummy_mean,0.62,1.5173
4422,group_reduced_formula,1000,dummy_mean,2.32,1.5173
4487,group_reduced_formula,1000,dummy_mean,0.66,1.5173
4490,group_reduced_formula,1000,dummy_mean,1.5,1.5173
4500,group_reduced_formula,1000,dummy_mean,1.58,1.5173
4502,group_reduced_formula,1000,dummy_mean,2.4,1.5173
4512,group_reduced_formula,1000,dummy_mean,1.34,1.5173
4522,group_reduced_formula,1000,dummy_mean,1.38,1.5173
4534,group_reduced_formula,1000,dummy_mean,1.2,1.5173
4539,group_reduced_formula,1000,dummy_mean,1.12,1.5173
4545,group_reduced_formula,1000,dummy_mean,0.8,1.5173
4556,group_reduced_formula,1000,dummy_mean,0.9,1.5173
4558,group_reduced_formula,1000,dummy_mean,1.16,1.5173
4576,group_reduced_formula,1000,dummy_mean,1.84,1.5173
4583,group_reduced_formula,1000,dummy_mean,0.8,1.5173
4594,group_reduced_formula,1000,dummy_mean,0.36,1.5173
4599,group_reduced_formula,1000,dummy_mean,1.68,1.5173
4641,group_reduced_formula,1000,dummy_mean,0.82,1.5173
4674,group_reduced_formula,1000,dummy_mean,0.94,1.5173
4687,group_reduced_formula,1000,dummy_mean,0.96,1.5173
4702,group_reduced_formula,1000,dummy_mean,1.12,1.5173
4717,group_reduced_formula,1000,dummy_mean,1.72,1.5173
4725,group_reduced_formula,1000,dummy_mean,1.54,1.5173
4749,group_reduced_formula,1000,dummy_mean,1.44,1.5173
4753,group_reduced_formula,1000,dummy_mean,1.2,1.5173
4757,group_reduced_formula,1000,dummy_mean,0.86,1.5173
4760,group_reduced_formula,1000,dummy_mean,0.42,1.5173
4767,group_reduced_formula,1000,dummy_mean,1.8,1.5173
4781,group_reduced_formula,1000,dummy_mean,0.86,1.5173
4786,group_reduced_formula,1000,dummy_mean,0.14,1.5173
4788,group_reduced_formula,1000,dummy_mean,1.64,1.5173
4794,group_reduced_formula,1000,dummy_mean,3.18,1.5173
4839,group_reduced_formula,1000,dummy_mean,1.8,1.5173
4853,group_reduced_formula,1000,dummy_mean,0.2,1.5173
4881,group_reduced_formula,1000,dummy_mean,0.44,1.5173
4886,group_reduced_formula,1000,dummy_mean,0.68,1.5173
4903,group_reduced_formula,1000,dummy_mean,1.58,1.5173
4904,group_reduced_formula,1000,dummy_mean,2.12,1.5173
4905,group_reduced_formula,1000,dummy_mean,0.04,1.5173
4910,group_reduced_formula,1000,dummy_mean,0.64,1.5173
4913,group_reduced_formula,1000,dummy_mean,2.0,1.5173
4922,group_reduced_formula,1000,dummy_mean,1.56,1.5173
4927,group_reduced_formula,1000,dummy_mean,2.88,1.5173
4937,group_reduced_formula,1000,dummy_mean,1.7,1.5173
4951,group_reduced_formula,1000,dummy_mean,1.72,1.5173
4957,group_reduced_formula,1000,dummy_mean,1.72,1.5173
4965,group_reduced_formula,1000,dummy_mean,1.22,1.5173
4978,group_reduced_formula,1000,dummy_mean,1.82,1.5173
4985,group_reduced_formula,1000,dummy_mean,1.92,1.5173
5006,group_reduced_formula,1000,dummy_mean,2.48,1.5173
5024,group_reduced_formula,1000,dummy_mean,3.56,1.5173
5032,group_reduced_formula,1000,dummy_mean,2.68,1.5173
5035,group_reduced_formula,1000,dummy_mean,1.18,1.5173
5039,group_reduced_formula,1000,dummy_mean,1.62,1.5173
5041,group_reduced_formula,1000,dummy_mean,1.8,1.5173
5044,group_reduced_formula,1000,dummy_mean,1.08,1.5173
5047,group_reduced_formula,1000,dummy_mean,0.78,1.5173
5051,group_reduced_formula,1000,dummy_mean,1.88,1.5173
5059,group_reduced_formula,1000,dummy_mean,0.94,1.5173
5061,group_reduced_formula,1000,dummy_mean,0.76,1.5173
5076,group_reduced_formula,1000,dummy_mean,0.7,1.5173
5078,group_reduced_formula,1000,dummy_mean,0.82,1.5173
5082,group_reduced_formula,1000,dummy_mean,2.1,1.5173
5084,group_reduced_formula,1000,dummy_mean,1.78,1.5173
5086,group_reduced_formula,1000,dummy_mean,0.72,1.5173
5103,group_reduced_formula,1000,dummy_mean,2.5,1.5173
5110,group_reduced_formula,1000,dummy_mean,0.94,1.5173
5116,group_reduced_formula,1000,dummy_mean,0.16,1.5173
5122,group_reduced_formula,1000,dummy_mean,0.74,1.5173
5133,group_reduced_formula,1000,dummy_mean,3.42,1.5173
5137,group_reduced_formula,1000,dummy_mean,-0.16,1.5173
5144,group_reduced_formula,1000,dummy_mean,0.54,1.5173
5152,group_reduced_formula,1000,dummy_mean,2.76,1.5173
5157,group_reduced_formula,1000,dummy_mean,1.86,1.5173
5166,group_reduced_formula,1000,dummy_mean,0.96,1.5173
5168,group_reduced_formula,1000,dummy_mean,1.14,1.5173
5175,group_reduced_formula,1000,dummy_mean,1.96,1.5173
5192,group_reduced_formula,1000,dummy_mean,1.32,1.5173
5195,group_reduced_formula,1000,dummy_mean,1.76,1.5173
5201,group_reduced_formula,1000,dummy_mean,0.62,1.5173
5211,group_reduced_formula,1000,dummy_mean,1.3,1.5173
5230,group_reduced_formula,1000,dummy_mean,1.06,1.5173
5232,group_reduced_formula,1000,dummy_mean,1.36,1.5173
5233,group_reduced_formula,1000,dummy_mean,0.96,1.5173
5239,group_reduced_formula,1000,dummy_mean,1.92,1.5173
5243,group_reduced_formula,1000,dummy_mean,1.24,1.5173
5244,group_reduced_formula,1000,dummy_mean,1.36,1.5173
5257,group_reduced_formula,1000,dummy_mean,2.24,1.5173
5273,group_reduced_formula,1000,dummy_mean,1.66,1.5173
5281,group_reduced_formula,1000,dummy_mean,1.9,1.5173
5286,group_reduced_formula,1000,dummy_mean,1.14,1.5173
5289,group_reduced_formula,1000,dummy_mean,2.08,1.5173
5294,group_reduced_formula,1000,dummy_mean,0.52,1.5173
5298,group_reduced_formula,1000,dummy_mean,1.5,1.5173
5308,group_reduced_formula,1000,dummy_mean,1.98,1.5173
5321,group_reduced_formula,1000,dummy_mean,1.02,1.5173
5326,group_reduced_formula,1000,dummy_mean,1.2,1.5173
5341,group_reduced_formula,1000,dummy_mean,0.9,1.5173
5350,group_reduced_formula,1000,dummy_mean,0.42,1.5173
5364,group_reduced_formula,1000,dummy_mean,3.34,1.5173
5384,group_reduced_formula,1000,dummy_mean,1.52,1.5173
5412,group_reduced_formula,1000,dummy_mean,0.72,1.5173
5430,group_reduced_formula,1000,dummy_mean,1.44,1.5173
5446,group_reduced_formula,1000,dummy_mean,1.32,1.5173
5448,group_reduced_formula,1000,dummy_mean,0.74,1.5173
5454,group_reduced_formula,1000,dummy_mean,2.28,1.5173
5456,group_reduced_formula,1000,dummy_mean,1.26,1.5173
5496,group_reduced_formula,1000,dummy_mean,0.5,1.5173
5507,group_reduced_formula,1000,dummy_mean,1.82,1.5173
5517,group_reduced_formula,1000,dummy_mean,1.18,1.5173
5518,group_reduced_formula,1000,dummy_mean,3.3,1.5173
5545,group_reduced_formula,1000,dummy_mean,0.84,1.5173
5548,group_reduced_formula,1000,dummy_mean,2.1,1.5173
5557,group_reduced_formula,1000,dummy_mean,0.9,1.5173
5587,group_reduced_formula,1000,dummy_mean,2.66,1.5173
5598,group_reduced_formula,1000,dummy_mean,3.92,1.5173
5600,group_reduced_formula,1000,dummy_mean,2.38,1.5173
5606,group_reduced_formula,1000,dummy_mean,1.66,1.5173
5608,group_reduced_formula,1000,dummy_mean,2.1,1.5173
5615,group_reduced_formula,1000,dummy_mean,1.02,1.5173
5632,group_reduced_formula,1000,dummy_mean,1.96,1.5173
5638,group_reduced_formula,1000,dummy_mean,1.82,1.5173
5652,group_reduced_formula,1000,dummy_mean,1.3,1.5173
5653,group_reduced_formula,1000,dummy_mean,1.8,1.5173
5677,group_reduced_formula,1000,dummy_mean,1.38,1.5173
5691,group_reduced_formula,1000,dummy_mean,0.94,1.5173
5693,group_reduced_formula,1000,dummy_mean,0.42,1.5173
5695,group_reduced_formula,1000,dummy_mean,0.32,1.5173
5717,group_reduced_formula,1000,dummy_mean,0.8,1.5173
5720,group_reduced_formula,1000,dummy_mean,1.86,1.5173
5724,group_reduced_formula,1000,dummy_mean,1.28,1.5173
5728,group_reduced_formula,1000,dummy_mean,1.08,1.5173
5738,group_reduced_formula,1000,dummy_mean,0.34,1.5173
5757,group_reduced_formula,1000,dummy_mean,1.38,1.5173
5760,group_reduced_formula,1000,dummy_mean,1.98,1.5173
5773,group_reduced_formula,1000,dummy_mean,1.9,1.5173
5788,group_reduced_formula,1000,dummy_mean,1.86,1.5173
5792,group_reduced_formula,1000,dummy_mean,1.88,1.5173
5813,group_reduced_formula,1000,dummy_mean,1.4,1.5173
5867,group_reduced_formula,1000,dummy_mean,1.88,1.5173
5868,group_reduced_formula,1000,dummy_mean,2.3,1.5173
5881,group_reduced_formula,1000,dummy_mean,1.32,1.5173
5887,group_reduced_formula,1000,dummy_mean,1.88,1.5173
5895,group_reduced_formula,1000,dummy_mean,0.96,1.5173
5904,group_reduced_formula,1000,dummy_mean,2.34,1.5173
5910,group_reduced_formula,1000,dummy_mean,0.3,1.5173
5913,group_reduced_formula,1000,dummy_mean,1.16,1.5173
5915,group_reduced_formula,1000,dummy_mean,0.64,1.5173
5944,group_reduced_formula,1000,dummy_mean,1.8,1.5173
5947,group_reduced_formula,1000,dummy_mean,0.62,1.5173
5957,group_reduced_formula,1000,dummy_mean,1.92,1.5173
5973,group_reduced_formula,1000,dummy_mean,1.44,1.5173
5977,group_reduced_formula,1000,dummy_mean,0.72,1.5173
5988,group_reduced_formula,1000,dummy_mean,1.1,1.5173
5991,group_reduced_formula,1000,dummy_mean,1.16,1.5173
5995,group_reduced_formula,1000,dummy_mean,1.52,1.5173
6002,group_reduced_formula,1000,dummy_mean,0.68,1.5173
6006,group_reduced_formula,1000,dummy_mean,1.14,1.5173
6014,group_reduced_formula,1000,dummy_mean,0.98,1.5173
6023,group_reduced_formula,1000,dummy_mean,1.18,1.5173
6062,group_reduced_formula,1000,dummy_mean,1.96,1.5173
6063,group_reduced_formula,1000,dummy_mean,1.32,1.5173
6088,group_reduced_formula,1000,dummy_mean,2.24,1.5173
6090,group_reduced_formula,1000,dummy_mean,1.14,1.5173
6095,group_reduced_formula,1000,dummy_mean,1.06,1.5173
6097,group_reduced_formula,1000,dummy_mean,0.76,1.5173
6105,group_reduced_formula,1000,dummy_mean,1.6,1.5173
6112,group_reduced_formula,1000,dummy_mean,4.86,1.5173
6115,group_reduced_formula,1000,dummy_mean,2.04,1.5173
6120,group_reduced_formula,1000,dummy_mean,1.02,1.5173
6131,group_reduced_formula,1000,dummy_mean,0.48,1.5173
6132,group_reduced_formula,1000,dummy_mean,1.46,1.5173
6135,group_reduced_formula,1000,dummy_mean,1.48,1.5173
6142,group_reduced_formula,1000,dummy_mean,0.68,1.5173
6164,group_reduced_formula,1000,dummy_mean,1.12,1.5173
6171,group_reduced_formula,1000,dummy_mean,1.38,1.5173
6175,group_reduced_formula,1000,dummy_mean,1.78,1.5173
6183,group_reduced_formula,1000,dummy_mean,1.66,1.5173
6197,group_reduced_formula,1000,dummy_mean,0.88,1.5173
6203,group_reduced_formula,1000,dummy_mean,0.98,1.5173
6205,group_reduced_formula,1000,dummy_mean,1.0,1.5173
6221,group_reduced_formula,1000,dummy_mean,0.32,1.5173
6235,group_reduced_formula,1000,dummy_mean,1.1,1.5173
6238,group_reduced_formula,1000,dummy_mean,1.62,1.5173
6255,group_reduced_formula,1000,dummy_mean,0.98,1.5173
6289,group_reduced_formula,1000,dummy_mean,1.56,1.5173
6322,group_reduced_formula,1000,dummy_mean,0.38,1.5173
6331,group_reduced_formula,1000,dummy_mean,0.88,1.5173
6345,group_reduced_formula,1000,dummy_mean,0.6,1.5173
6350,group_reduced_formula,1000,dummy_mean,1.76,1.5173
6369,group_reduced_formula,1000,dummy_mean,0.48,1.5173
6385,group_reduced_formula,1000,dummy_mean,0.9,1.5173
6388,group_reduced_formula,1000,dummy_mean,1.62,1.5173
6399,group_reduced_formula,1000,dummy_mean,1.0,1.5173
6439,group_reduced_formula,1000,dummy_mean,1.7,1.5173
6440,group_reduced_formula,1000,dummy_mean,1.5,1.5173
6445,group_reduced_formula,1000,dummy_mean,1.32,1.5173
6455,group_reduced_formula,1000,dummy_mean,1.0,1.5173
6465,group_reduced_formula,1000,dummy_mean,1.56,1.5173
6472,group_reduced_formula,1000,dummy_mean,0.62,1.5173
6476,group_reduced_formula,1000,dummy_mean,1.72,1.5173
6483,group_reduced_formula,1000,dummy_mean,1.58,1.5173
6487,group_reduced_formula,1000,dummy_mean,1.82,1.5173
6492,group_reduced_formula,1000,dummy_mean,0.86,1.5173
6494,group_reduced_formula,1000,dummy_mean,1.14,1.5173
6499,group_reduced_formula,1000,dummy_mean,0.86,1.5173
6500,group_reduced_formula,1000,dummy_mean,1.22,1.5173
6501,group_reduced_formula,1000,dummy_mean,1.32,1.5173
6524,group_reduced_formula,1000,dummy_mean,1.56,1.5173
6530,group_reduced_formula,1000,dummy_mean,0.5,1.5173
6544,group_reduced_formula,1000,dummy_mean,2.26,1.5173
6545,group_reduced_formula,1000,dummy_mean,2.8,1.5173
6553,group_reduced_formula,1000,dummy_mean,1.44,1.5173
6584,group_reduced_formula,1000,dummy_mean,2.84,1.5173
6601,group_reduced_formula,1000,dummy_mean,0.86,1.5173
6609,group_reduced_formula,1000,dummy_mean,1.1,1.5173
6613,group_reduced_formula,1000,dummy_mean,2.9,1.5173
6644,group_reduced_formula,1000,dummy_mean,1.14,1.5173
6645,group_reduced_formula,1000,dummy_mean,0.6,1.5173
6647,group_reduced_formula,1000,dummy_mean,1.48,1.5173
6654,group_reduced_formula,1000,dummy_mean,3.32,1.5173
6655,group_reduced_formula,1000,dummy_mean,0.66,1.5173
6660,group_reduced_formula,1000,dummy_mean,0.54,1.5173
6690,group_reduced_formula,1000,dummy_mean,1.24,1.5173
6692,group_reduced_formula,1000,dummy_mean,0.94,1.5173
6695,group_reduced_formula,1000,dummy_mean,1.18,1.5173
6710,group_reduced_formula,1000,dummy_mean,1.34,1.5173
6713,group_reduced_formula,1000,dummy_mean,3.08,1.5173
6725,group_reduced_formula,1000,dummy_mean,2.56,1.5173
6726,group_reduced_formula,1000,dummy_mean,1.04,1.5173
6740,group_reduced_formula,1000,dummy_mean,0.96,1.5173
6755,group_reduced_formula,1000,dummy_mean,0.72,1.5173
6758,group_reduced_formula,1000,dummy_mean,1.48,1.5173
6783,group_reduced_formula,1000,dummy_mean,1.16,1.5173
6796,group_reduced_formula,1000,dummy_mean,0.88,1.5173
6812,group_reduced_formula,1000,dummy_mean,1.04,1.5173
6817,group_reduced_formula,1000,dummy_mean,1.32,1.5173
6822,group_reduced_formula,1000,dummy_mean,1.7,1.5173
6836,group_reduced_formula,1000,dummy_mean,0.36,1.5173
6839,group_reduced_formula,1000,dummy_mean,0.78,1.5173
6845,group_reduced_formula,1000,dummy_mean,2.48,1.5173
6848,group_reduced_formula,1000,dummy_mean,-0.14,1.5173
6854,group_reduced_formula,1000,dummy_mean,2.4,1.5173
6870,group_reduced_formula,1000,dummy_mean,0.84,1.5173
6875,group_reduced_formula,1000,dummy_mean,1.74,1.5173
6881,group_reduced_formula,1000,dummy_mean,3.28,1.5173
6887,group_reduced_formula,1000,dummy_mean,0.88,1.5173
6893,group_reduced_formula,1000,dummy_mean,0.66,1.5173
6914,group_reduced_formula,1000,dummy_mean,2.58,1.5173
6917,group_reduced_formula,1000,dummy_mean,2.0,1.5173
6934,group_reduced_formula,1000,dummy_mean,1.1,1.5173
6961,group_reduced_formula,1000,dummy_mean,-0.14,1.5173
6970,group_reduced_formula,1000,dummy_mean,1.76,1.5173
6987,group_reduced_formula,1000,dummy_mean,1.22,1.5173
7012,group_reduced_formula,1000,dummy_mean,1.72,1.5173
7015,group_reduced_formula,1000,dummy_mean,0.2,1.5173
7038,group_reduced_formula,1000,dummy_mean,1.3,1.5173
7043,group_reduced_formula,1000,dummy_mean,0.94,1.5173
7050,group_reduced_formula,1000,dummy_mean,1.48,1.5173
7059,group_reduced_formula,1000,dummy_mean,1.84,1.5173
7082,group_reduced_formula,1000,dummy_mean,0.66,1.5173
7138,group_reduced_formula,1000,dummy_mean,1.74,1.5173
7155,group_reduced_formula,1000,dummy_mean,2.4,1.5173
7161,group_reduced_formula,1000,dummy_mean,2.06,1.5173
7171,group_reduced_formula,1000,dummy_mean,0.64,1.5173
7180,group_reduced_formula,1000,dummy_mean,1.48,1.5173
7181,group_reduced_formula,1000,dummy_mean,1.36,1.5173
7182,group_reduced_formula,1000,dummy_mean,2.38,1.5173
7183,group_reduced_formula,1000,dummy_mean,0.58,1.5173
7194,group_reduced_formula,1000,dummy_mean,1.44,1.5173
7203,group_reduced_formula,1000,dummy_mean,1.48,1.5173
7204,group_reduced_formula,1000,dummy_mean,1.36,1.5173
7213,group_reduced_formula,1000,dummy_mean,0.76,1.5173
7217,group_reduced_formula,1000,dummy_mean,0.4,1.5173
7218,group_reduced_formula,1000,dummy_mean,0.78,1.5173
7223,group_reduced_formula,1000,dummy_mean,0.96,1.5173
7229,group_reduced_formula,1000,dummy_mean,0.7,1.5173
7240,group_reduced_formula,1000,dummy_mean,0.64,1.5173
7261,group_reduced_formula,1000,dummy_mean,1.62,1.5173
7264,group_reduced_formula,1000,dummy_mean,1.7,1.5173
7275,group_reduced_formula,1000,dummy_mean,1.5,1.5173
7279,group_reduced_formula,1000,dummy_mean,1.02,1.5173
7280,group_reduced_formula,1000,dummy_mean,0.84,1.5173
7299,group_reduced_formula,1000,dummy_mean,2.68,1.5173
7302,group_reduced_formula,1000,dummy_mean,1.98,1.5173
7317,group_reduced_formula,1000,dummy_mean,1.44,1.5173
7324,group_reduced_formula,1000,dummy_mean,0.54,1.5173
7339,group_reduced_formula,1000,dummy_mean,1.52,1.5173
7350,group_reduced_formula,1000,dummy_mean,2.06,1.5173
7364,group_reduced_formula,1000,dummy_mean,0.18,1.5173
7373,group_reduced_formula,1000,dummy_mean,3.24,1.5173
7384,group_reduced_formula,1000,dummy_mean,1.66,1.5173
7386,group_reduced_formula,1000,dummy_mean,0.3,1.5173
7403,group_reduced_formula,1000,dummy_mean,0.98,1.5173
7414,group_reduced_formula,1000,dummy_mean,1.9,1.5173
7420,group_reduced_formula,1000,dummy_mean,1.74,1.5173
7424,group_reduced_formula,1000,dummy_mean,0.1,1.5173
7433,group_reduced_formula,1000,dummy_mean,3.6,1.5173
7434,group_reduced_formula,1000,dummy_mean,1.22,1.5173
7439,group_reduced_formula,1000,dummy_mean,1.04,1.5173
7442,group_reduced_formula,1000,dummy_mean,1.68,1.5173
7448,group_reduced_formula,1000,dummy_mean,1.66,1.5173
7456,group_reduced_formula,1000,dummy_mean,1.86,1.5173
7459,group_reduced_formula,1000,dummy_mean,0.56,1.5173
7474,group_reduced_formula,1000,dummy_mean,1.1,1.5173
7479,group_reduced_formula,1000,dummy_mean,0.18,1.5173
7486,group_reduced_formula,1000,dummy_mean,1.04,1.5173
7509,group_reduced_formula,1000,dummy_mean,1.08,1.5173
7510,group_reduced_formula,1000,dummy_mean,2.74,1.5173
7520,group_reduced_formula,1000,dummy_mean,2.36,1.5173
7523,group_reduced_formula,1000,dummy_mean,1.74,1.5173
7529,group_reduced_formula,1000,dummy_mean,2.02,1.5173
7534,group_reduced_formula,1000,dummy_mean,1.98,1.5173
7542,group_reduced_formula,1000,dummy_mean,1.04,1.5173
7545,group_reduced_formula,1000,dummy_mean,1.4,1.5173
7547,group_reduced_formula,1000,dummy_mean,1.52,1.5173
7570,group_reduced_formula,1000,dummy_mean,0.34,1.5173
7571,group_reduced_formula,1000,dummy_mean,1.44,1.5173
7575,group_reduced_formula,1000,dummy_mean,1.78,1.5173
7586,group_reduced_formula,1000,dummy_mean,1.4,1.5173
7589,group_reduced_formula,1000,dummy_mean,1.28,1.5173
7591,group_reduced_formula,1000,dummy_mean,1.54,1.5173
7605,group_reduced_formula,1000,dummy_mean,2.82,1.5173
7619,group_reduced_formula,1000,dummy_mean,2.9,1.5173
7632,group_reduced_formula,1000,dummy_mean,1.36,1.5173
7639,group_reduced_formula,1000,dummy_mean,0.64,1.5173
7653,group_reduced_formula,1000,dummy_mean,2.7,1.5173
7659,group_reduced_formula,1000,dummy_mean,1.38,1.5173
7666,group_reduced_formula,1000,dummy_mean,1.14,1.5173
7673,group_reduced_formula,1000,dummy_mean,2.14,1.5173
7680,group_reduced_formula,1000,dummy_mean,0.98,1.5173
7686,group_reduced_formula,1000,dummy_mean,1.24,1.5173
7687,group_reduced_formula,1000,dummy_mean,1.64,1.5173
7694,group_reduced_formula,1000,dummy_mean,2.56,1.5173
7696,group_reduced_formula,1000,dummy_mean,0.86,1.5173
7708,group_reduced_formula,1000,dummy_mean,2.58,1.5173
7723,group_reduced_formula,1000,dummy_mean,1.0,1.5173
7732,group_reduced_formula,1000,dummy_mean,0.68,1.5173
7739,group_reduced_formula,1000,dummy_mean,0.84,1.5173
7742,group_reduced_formula,1000,dummy_mean,1.26,1.5173
7748,group_reduced_formula,1000,dummy_mean,2.58,1.5173
7753,group_reduced_formula,1000,dummy_mean,2.08,1.5173
7791,group_reduced_formula,1000,dummy_mean,1.58,1.5173
7813,group_reduced_formula,1000,dummy_mean,1.82,1.5173
7836,group_reduced_formula,1000,dummy_mean,1.18,1.5173
7850,group_reduced_formula,1000,dummy_mean,1.72,1.5173
7856,group_reduced_formula,1000,dummy_mean,0.86,1.5173
7883,group_reduced_formula,1000,dummy_mean,1.04,1.5173
7887,group_reduced_formula,1000,dummy_mean,3.46,1.5173
7892,group_reduced_formula,1000,dummy_mean,1.44,1.5173
7894,group_reduced_formula,1000,dummy_mean,2.84,1.5173
7899,group_reduced_formula,1000,dummy_mean,1.0,1.5173
7914,group_reduced_formula,1000,dummy_mean,1.8,1.5173
7928,group_reduced_formula,1000,dummy_mean,0.84,1.5173
7930,group_reduced_formula,1000,dummy_mean,0.5,1.5173
7952,group_reduced_formula,1000,dummy_mean,2.28,1.5173
7962,group_reduced_formula,1000,dummy_mean,1.0,1.5173
7963,group_reduced_formula,1000,dummy_mean,1.24,1.5173
7969,group_reduced_formula,1000,dummy_mean,1.14,1.5173
7972,group_reduced_formula,1000,dummy_mean,1.52,1.5173
7987,group_reduced_formula,1000,dummy_mean,1.38,1.5173
8004,group_reduced_formula,1000,dummy_mean,2.64,1.5173
8035,group_reduced_formula,1000,dummy_mean,1.54,1.5173
8040,group_reduced_formula,1000,dummy_mean,2.12,1.5173
8042,group_reduced_formula,1000,dummy_mean,1.54,1.5173
8047,group_reduced_formula,1000,dummy_mean,1.02,1.5173
8055,group_reduced_formula,1000,dummy_mean,1.36,1.5173
8059,group_reduced_formula,1000,dummy_mean,1.92,1.5173
8092,group_reduced_formula,1000,dummy_mean,1.34,1.5173
8104,group_reduced_formula,1000,dummy_mean,1.06,1.5173
8105,group_reduced_formula,1000,dummy_mean,1.24,1.5173
8106,group_reduced_formula,1000,dummy_mean,1.62,1.5173
8125,group_reduced_formula,1000,dummy_mean,2.46,1.5173
8127,group_reduced_formula,1000,dummy_mean,1.8,1.5173
8130,group_reduced_formula,1000,dummy_mean,2.24,1.5173
8151,group_reduced_formula,1000,dummy_mean,0.84,1.5173
8159,group_reduced_formula,1000,dummy_mean,1.46,1.5173
8166,group_reduced_formula,1000,dummy_mean,1.1,1.5173
8170,group_reduced_formula,1000,dummy_mean,1.0,1.5173
8175,group_reduced_formula,1000,dummy_mean,0.48,1.5173
8190,group_reduced_formula,1000,dummy_mean,1.5,1.5173
8194,group_reduced_formula,1000,dummy_mean,1.56,1.5173
8203,group_reduced_formula,1000,dummy_mean,0.94,1.5173
8205,group_reduced_formula,1000,dummy_mean,3.4,1.5173
8264,group_reduced_formula,1000,dummy_mean,1.36,1.5173
8272,group_reduced_formula,1000,dummy_mean,2.0,1.5173
8274,group_reduced_formula,1000,dummy_mean,1.14,1.5173
8276,group_reduced_formula,1000,dummy_mean,0.86,1.5173
8277,group_reduced_formula,1000,dummy_mean,0.82,1.5173
8298,group_reduced_formula,1000,dummy_mean,1.62,1.5173
8303,group_reduced_formula,1000,dummy_mean,2.88,1.5173
8312,group_reduced_formula,1000,dummy_mean,0.5,1.5173
8315,group_reduced_formula,1000,dummy_mean,1.86,1.5173
8330,group_reduced_formula,1000,dummy_mean,1.54,1.5173
8345,group_reduced_formula,1000,dummy_mean,0.52,1.5173
8389,group_reduced_formula,1000,dummy_mean,1.8,1.5173
8390,group_reduced_formula,1000,dummy_mean,1.18,1.5173
8399,group_reduced_formula,1000,dummy_mean,1.86,1.5173
8404,group_reduced_formula,1000,dummy_mean,0.8,1.5173
8413,group_reduced_formula,1000,dummy_mean,1.52,1.5173
8423,group_reduced_formula,1000,dummy_mean,0.74,1.5173
8429,group_reduced_formula,1000,dummy_mean,0.9,1.5173
8430,group_reduced_formula,1000,dummy_mean,0.46,1.5173
8435,group_reduced_formula,1000,dummy_mean,0.88,1.5173
8439,group_reduced_formula,1000,dummy_mean,1.3,1.5173
8451,group_reduced_formula,1000,dummy_mean,1.66,1.5173
8459,group_reduced_formula,1000,dummy_mean,1.14,1.5173
8464,group_reduced_formula,1000,dummy_mean,2.94,1.5173
8483,group_reduced_formula,1000,dummy_mean,0.68,1.5173
8487,group_reduced_formula,1000,dummy_mean,0.52,1.5173
8489,group_reduced_formula,1000,dummy_mean,1.22,1.5173
8499,group_reduced_formula,1000,dummy_mean,2.52,1.5173
8529,group_reduced_formula,1000,dummy_mean,1.84,1.5173
8538,group_reduced_formula,1000,dummy_mean,1.38,1.5173
8574,group_reduced_formula,1000,dummy_mean,1.54,1.5173
8575,group_reduced_formula,1000,dummy_mean,1.94,1.5173
8578,group_reduced_formula,1000,dummy_mean,2.84,1.5173
8602,group_reduced_formula,1000,dummy_mean,1.5,1.5173
8605,group_reduced_formula,1000,dummy_mean,0.74,1.5173
8630,group_reduced_formula,1000,dummy_mean,2.24,1.5173
8640,group_reduced_formula,1000,dummy_mean,0.38,1.5173
8656,group_reduced_formula,1000,dummy_mean,1.94,1.5173
8659,group_reduced_formula,1000,dummy_mean,1.78,1.5173
8684,group_reduced_formula,1000,dummy_mean,2.46,1.5173
8686,group_reduced_formula,1000,dummy_mean,2.76,1.5173
8691,group_reduced_formula,1000,dummy_mean,1.18,1.5173
8712,group_reduced_formula,1000,dummy_mean,1.32,1.5173
8726,group_reduced_formula,1000,dummy_mean,0.76,1.5173
8741,group_reduced_formula,1000,dummy_mean,1.38,1.5173
8754,group_reduced_formula,1000,dummy_mean,1.22,1.5173
8757,group_reduced_formula,1000,dummy_mean,0.9,1.5173
8758,group_reduced_formula,1000,dummy_mean,1.88,1.5173
8766,group_reduced_formula,1000,dummy_mean,1.6,1.5173
8793,group_reduced_formula,1000,dummy_mean,1.26,1.5173
8798,group_reduced_formula,1000,dummy_mean,1.44,1.5173
8804,group_reduced_formula,1000,dummy_mean,1.86,1.5173
8808,group_reduced_formula,1000,dummy_mean,1.82,1.5173
8852,group_reduced_formula,1000,dummy_mean,1.24,1.5173
8859,group_reduced_formula,1000,dummy_mean,1.54,1.5173
8869,group_reduced_formula,1000,dummy_mean,1.08,1.5173
8871,group_reduced_formula,1000,dummy_mean,2.02,1.5173
8879,group_reduced_formula,1000,dummy_mean,1.32,1.5173
8886,group_reduced_formula,1000,dummy_mean,1.04,1.5173
8891,group_reduced_formula,1000,dummy_mean,0.9,1.5173
8902,group_reduced_formula,1000,dummy_mean,0.98,1.5173
8905,group_reduced_formula,1000,dummy_mean,1.18,1.5173
8910,group_reduced_formula,1000,dummy_mean,1.52,1.5173
8911,group_reduced_formula,1000,dummy_mean,1.56,1.5173
8917,group_reduced_formula,1000,dummy_mean,2.64,1.5173
8943,group_reduced_formula,1000,dummy_mean,0.36,1.5173
8947,group_reduced_formula,1000,dummy_mean,0.86,1.5173
8952,group_reduced_formula,1000,dummy_mean,1.4,1.5173
8956,group_reduced_formula,1000,dummy_mean,1.18,1.5173
8978,group_reduced_formula,1000,dummy_mean,0.74,1.5173
8995,group_reduced_formula,1000,dummy_mean,1.06,1.5173
8996,group_reduced_formula,1000,dummy_mean,1.86,1.5173
9005,group_reduced_formula,1000,dummy_mean,1.58,1.5173
9008,group_reduced_formula,1000,dummy_mean,1.7,1.5173
9022,group_reduced_formula,1000,dummy_mean,2.62,1.5173
9033,group_reduced_formula,1000,dummy_mean,0.46,1.5173
9043,group_reduced_formula,1000,dummy_mean,2.74,1.5173
9049,group_reduced_formula,1000,dummy_mean,0.78,1.5173
9053,group_reduced_formula,1000,dummy_mean,1.22,1.5173
9062,group_reduced_formula,1000,dummy_mean,1.14,1.5173
9088,group_reduced_formula,1000,dummy_mean,1.6,1.5173
9096,group_reduced_formula,1000,dummy_mean,1.1,1.5173
9115,group_reduced_formula,1000,dummy_mean,0.54,1.5173
9132,group_reduced_formula,1000,dummy_mean,0.58,1.5173
9137,group_reduced_formula,1000,dummy_mean,2.32,1.5173
9155,group_reduced_formula,1000,dummy_mean,0.8,1.5173
9158,group_reduced_formula,1000,dummy_mean,1.56,1.5173
9181,group_reduced_formula,1000,dummy_mean,1.76,1.5173
9189,group_reduced_formula,1000,dummy_mean,1.02,1.5173
9190,group_reduced_formula,1000,dummy_mean,2.96,1.5173
9191,group_reduced_formula,1000,dummy_mean,1.64,1.5173
9215,group_reduced_formula,1000,dummy_mean,0.96,1.5173
9218,group_reduced_formula,1000,dummy_mean,1.1,1.5173
9219,group_reduced_formula,1000,dummy_mean,2.12,1.5173
9229,group_reduced_formula,1000,dummy_mean,2.68,1.5173
9231,group_reduced_formula,1000,dummy_mean,1.54,1.5173
9249,group_reduced_formula,1000,dummy_mean,1.76,1.5173
9255,group_reduced_formula,1000,dummy_mean,1.88,1.5173
9258,group_reduced_formula,1000,dummy_mean,3.0,1.5173
9276,group_reduced_formula,1000,dummy_mean,0.28,1.5173
9278,group_reduced_formula,1000,dummy_mean,1.16,1.5173
9296,group_reduced_formula,1000,dummy_mean,1.58,1.5173
9306,group_reduced_formula,1000,dummy_mean,0.62,1.5173
9316,group_reduced_formula,1000,dummy_mean,2.82,1.5173
9325,group_reduced_formula,1000,dummy_mean,1.72,1.5173
9333,group_reduced_formula,1000,dummy_mean,1.26,1.5173
9355,group_reduced_formula,1000,dummy_mean,2.1,1.5173
9366,group_reduced_formula,1000,dummy_mean,2.3,1.5173
9367,group_reduced_formula,1000,dummy_mean,2.5,1.5173
9376,group_reduced_formula,1000,dummy_mean,1.98,1.5173
9378,group_reduced_formula,1000,dummy_mean,0.58,1.5173
9404,group_reduced_formula,1000,dummy_mean,1.86,1.5173
9416,group_reduced_formula,1000,dummy_mean,0.84,1.5173
9417,group_reduced_formula,1000,dummy_mean,1.42,1.5173
9428,group_reduced_formula,1000,dummy_mean,1.98,1.5173
9437,group_reduced_formula,1000,dummy_mean,2.14,1.5173
9439,group_reduced_formula,1000,dummy_mean,0.92,1.5173
9441,group_reduced_formula,1000,dummy_mean,1.02,1.5173
9453,group_reduced_formula,1000,dummy_mean,1.98,1.5173
9461,group_reduced_formula,1000,dummy_mean,1.16,1.5173
9475,group_reduced_formula,1000,dummy_mean,1.56,1.5173
9476,group_reduced_formula,1000,dummy_mean,1.32,1.5173
9487,group_reduced_formula,1000,dummy_mean,1.22,1.5173
9490,group_reduced_formula,1000,dummy_mean,1.7,1.5173
9495,group_reduced_formula,1000,dummy_mean,0.58,1.5173
9524,group_reduced_formula,1000,dummy_mean,1.22,1.5173
9527,group_reduced_formula,1000,dummy_mean,2.06,1.5173
9533,group_reduced_formula,1000,dummy_mean,1.64,1.5173
9557,group_reduced_formula,1000,dummy_mean,1.88,1.5173
9564,group_reduced_formula,1000,dummy_mean,1.16,1.5173
9568,group_reduced_formula,1000,dummy_mean,1.32,1.5173
9571,group_reduced_formula,1000,dummy_mean,1.44,1.5173
9579,group_reduced_formula,1000,dummy_mean,1.56,1.5173
9593,group_reduced_formula,1000,dummy_mean,0.52,1.5173
9596,group_reduced_formula,1000,dummy_mean,1.64,1.5173
9604,group_reduced_formula,1000,dummy_mean,3.06,1.5173
9605,group_reduced_formula,1000,dummy_mean,0.98,1.5173
9613,group_reduced_formula,1000,dummy_mean,3.56,1.5173
9614,group_reduced_formula,1000,dummy_mean,0.38,1.5173
9621,group_reduced_formula,1000,dummy_mean,1.4,1.5173
9630,group_reduced_formula,1000,dummy_mean,1.48,1.5173
9639,group_reduced_formula,1000,dummy_mean,0.42,1.5173
9647,group_reduced_formula,1000,dummy_mean,0.42,1.5173
9673,group_reduced_formula,1000,dummy_mean,1.46,1.5173
9685,group_reduced_formula,1000,dummy_mean,3.34,1.5173
9686,group_reduced_formula,1000,dummy_mean,1.68,1.5173
9696,group_reduced_formula,1000,dummy_mean,0.84,1.5173
9698,group_reduced_formula,1000,dummy_mean,1.18,1.5173
9699,group_reduced_formula,1000,dummy_mean,1.14,1.5173
9711,group_reduced_formula,1000,dummy_mean,0.78,1.5173
9714,group_reduced_formula,1000,dummy_mean,3.74,1.5173
9725,group_reduced_formula,1000,dummy_mean,1.86,1.5173
9732,group_reduced_formula,1000,dummy_mean,0.96,1.5173
9737,group_reduced_formula,1000,dummy_mean,2.26,1.5173
9739,group_reduced_formula,1000,dummy_mean,0.96,1.5173
9772,group_reduced_formula,1000,dummy_mean,1.64,1.5173
9775,group_reduced_formula,1000,dummy_mean,0.94,1.5173
9794,group_reduced_formula,1000,dummy_mean,1.4,1.5173
9818,group_reduced_formula,1000,dummy_mean,2.02,1.5173
9819,group_reduced_formula,1000,dummy_mean,2.12,1.5173
9835,group_reduced_formula,1000,dummy_mean,1.64,1.5173
9845,group_reduced_formula,1000,dummy_mean,1.46,1.5173
9852,group_reduced_formula,1000,dummy_mean,1.72,1.5173
9862,group_reduced_formula,1000,dummy_mean,2.44,1.5173
9863,group_reduced_formula,1000,dummy_mean,0.92,1.5173
9888,group_reduced_formula,1000,dummy_mean,1.22,1.5173
9893,group_reduced_formula,1000,dummy_mean,1.84,1.5173
9903,group_reduced_formula,1000,dummy_mean,1.48,1.5173
9912,group_reduced_formula,1000,dummy_mean,1.46,1.5173
9922,group_reduced_formula,1000,dummy_mean,3.52,1.5173
9926,group_reduced_formula,1000,dummy_mean,1.74,1.5173
9930,group_reduced_formula,1000,dummy_mean,1.14,1.5173
9936,group_reduced_formula,1000,dummy_mean,2.74,1.5173
9943,group_reduced_formula,1000,dummy_mean,1.7,1.5173
9948,group_reduced_formula,1000,dummy_mean,0.38,1.5173
9950,group_reduced_formula,1000,dummy_mean,1.74,1.5173
9965,group_reduced_formula,1000,dummy_mean,2.0,1.5173
9968,group_reduced_formula,1000,dummy_mean,4.12,1.5173
9977,group_reduced_formula,1000,dummy_mean,0.8,1.5173
9983,group_reduced_formula,1000,dummy_mean,0.72,1.5173
10037,group_reduced_formula,1000,dummy_mean,0.7,1.5173
10038,group_reduced_formula,1000,dummy_mean,1.88,1.5173
10053,group_reduced_formula,1000,dummy_mean,2.0,1.5173
10058,group_reduced_formula,1000,dummy_mean,1.36,1.5173
10063,group_reduced_formula,1000,dummy_mean,1.06,1.5173
10078,group_reduced_formula,1000,dummy_mean,1.4,1.5173
10081,group_reduced_formula,1000,dummy_mean,0.2,1.5173
10088,group_reduced_formula,1000,dummy_mean,1.8,1.5173
10113,group_reduced_formula,1000,dummy_mean,2.38,1.5173
10125,group_reduced_formula,1000,dummy_mean,1.28,1.5173
10131,group_reduced_formula,1000,dummy_mean,2.14,1.5173
10140,group_reduced_formula,1000,dummy_mean,1.42,1.5173
10142,group_reduced_formula,1000,dummy_mean,1.18,1.5173
10151,group_reduced_formula,1000,dummy_mean,1.0,1.5173
10155,group_reduced_formula,1000,dummy_mean,0.6,1.5173
10168,group_reduced_formula,1000,dummy_mean,0.36,1.5173
10175,group_reduced_formula,1000,dummy_mean,3.54,1.5173
10183,group_reduced_formula,1000,dummy_mean,1.46,1.5173
10207,group_reduced_formula,1000,dummy_mean,2.1,1.5173
10209,group_reduced_formula,1000,dummy_mean,1.6,1.5173
10231,group_reduced_formula,1000,dummy_mean,3.44,1.5173
10233,group_reduced_formula,1000,dummy_mean,0.38,1.5173
10240,group_reduced_formula,1000,dummy_mean,1.76,1.5173
10244,group_reduced_formula,1000,dummy_mean,1.76,1.5173
10261,group_reduced_formula,1000,dummy_mean,3.82,1.5173
10292,group_reduced_formula,1000,dummy_mean,1.12,1.5173
10295,group_reduced_formula,1000,dummy_mean,2.02,1.5173
10296,group_reduced_formula,1000,dummy_mean,2.06,1.5173
10307,group_reduced_formula,1000,dummy_mean,0.6,1.5173
10323,group_reduced_formula,1000,dummy_mean,1.4,1.5173
10327,group_reduced_formula,1000,dummy_mean,1.44,1.5173
10328,group_reduced_formula,1000,dummy_mean,1.56,1.5173
10329,group_reduced_formula,1000,dummy_mean,0.68,1.5173
10330,group_reduced_formula,1000,dummy_mean,1.9,1.5173
10336,group_reduced_formula,1000,dummy_mean,0.96,1.5173
10340,group_reduced_formula,1000,dummy_mean,1.6,1.5173
10358,group_reduced_formula,1000,dummy_mean,2.48,1.5173
10364,group_reduced_formula,1000,dummy_mean,1.6,1.5173
10365,group_reduced_formula,1000,dummy_mean,0.5,1.5173
10395,group_reduced_formula,1000,dummy_mean,1.5,1.5173
10403,group_reduced_formula,1000,dummy_mean,2.06,1.5173
10405,group_reduced_formula,1000,dummy_mean,2.08,1.5173
10416,group_reduced_formula,1000,dummy_mean,1.78,1.5173
10422,group_reduced_formula,1000,dummy_mean,1.38,1.5173
10440,group_reduced_formula,1000,dummy_mean,3.14,1.5173
10476,group_reduced_formula,1000,dummy_mean,1.22,1.5173
10484,group_reduced_formula,1000,dummy_mean,0.5,1.5173
10500,group_reduced_formula,1000,dummy_mean,0.9,1.5173
10503,group_reduced_formula,1000,dummy_mean,1.18,1.5173
10510,group_reduced_formula,1000,dummy_mean,0.58,1.5173
10534,group_reduced_formula,1000,dummy_mean,1.0,1.5173
10536,group_reduced_formula,1000,dummy_mean,1.68,1.5173
10548,group_reduced_formula,1000,dummy_mean,1.88,1.5173
10552,group_reduced_formula,1000,dummy_mean,1.12,1.5173
10557,group_reduced_formula,1000,dummy_mean,1.24,1.5173
10573,group_reduced_formula,1000,dummy_mean,2.02,1.5173
10597,group_reduced_formula,1000,dummy_mean,1.58,1.5173
10611,group_reduced_formula,1000,dummy_mean,2.04,1.5173
10624,group_reduced_formula,1000,dummy_mean,1.34,1.5173
10627,group_reduced_formula,1000,dummy_mean,1.1,1.5173
10631,group_reduced_formula,1000,dummy_mean,0.98,1.5173
10633,group_reduced_formula,1000,dummy_mean,1.48,1.5173
10638,group_reduced_formula,1000,dummy_mean,1.42,1.5173
10639,group_reduced_formula,1000,dummy_mean,-0.16,1.5173
10643,group_reduced_formula,1000,dummy_mean,0.38,1.5173
10650,group_reduced_formula,1000,dummy_mean,2.12,1.5173
10652,group_reduced_formula,1000,dummy_mean,1.58,1.5173
10657,group_reduced_formula,1000,dummy_mean,3.64,1.5173
10688,group_reduced_formula,1000,dummy_mean,1.18,1.5173
10691,group_reduced_formula,1000,dummy_mean,1.06,1.5173
10695,group_reduced_formula,1000,dummy_mean,2.06,1.5173
10702,group_reduced_formula,1000,dummy_mean,3.0,1.5173
10715,group_reduced_formula,1000,dummy_mean,1.02,1.5173
10716,group_reduced_formula,1000,dummy_mean,2.22,1.5173
10729,group_reduced_formula,1000,dummy_mean,2.1,1.5173
10735,group_reduced_formula,1000,dummy_mean,1.02,1.5173
10745,group_reduced_formula,1000,dummy_mean,1.9,1.5173
10783,group_reduced_formula,1000,dummy_mean,1.16,1.5173
10784,group_reduced_formula,1000,dummy_mean,0.64,1.5173
10790,group_reduced_formula,1000,dummy_mean,1.36,1.5173
10797,group_reduced_formula,1000,dummy_mean,3.88,1.5173
10801,group_reduced_formula,1000,dummy_mean,1.68,1.5173
10804,group_reduced_formula,1000,dummy_mean,1.42,1.5173
10827,group_reduced_formula,1000,dummy_mean,1.32,1.5173
10840,group_reduced_formula,1000,dummy_mean,1.58,1.5173
10847,group_reduced_formula,1000,dummy_mean,0.28,1.5173
10857,group_reduced_formula,1000,dummy_mean,1.66,1.5173
10864,group_reduced_formula,1000,dummy_mean,1.58,1.5173
10876,group_reduced_formula,1000,dummy_mean,2.02,1.5173
10880,group_reduced_formula,1000,dummy_mean,1.4,1.5173
10892,group_reduced_formula,1000,dummy_mean,1.02,1.5173
10896,group_reduced_formula,1000,dummy_mean,0.58,1.5173
10928,group_reduced_formula,1000,dummy_mean,0.84,1.5173
10933,group_reduced_formula,1000,dummy_mean,1.76,1.5173
10944,group_reduced_formula,1000,dummy_mean,1.32,1.5173
10952,group_reduced_formula,1000,dummy_mean,2.04,1.5173
10967,group_reduced_formula,1000,dummy_mean,1.8,1.5173
10978,group_reduced_formula,1000,dummy_mean,0.48,1.5173
10984,group_reduced_formula,1000,dummy_mean,1.84,1.5173
10991,group_reduced_formula,1000,dummy_mean,0.44,1.5173
11000,group_reduced_formula,1000,dummy_mean,1.8,1.5173
11010,group_reduced_formula,1000,dummy_mean,1.64,1.5173
11021,group_reduced_formula,1000,dummy_mean,1.06,1.5173
11073,group_reduced_formula,1000,dummy_mean,2.08,1.5173
11080,group_reduced_formula,1000,dummy_mean,0.66,1.5173
11095,group_reduced_formula,1000,dummy_mean,0.1,1.5173
11096,group_reduced_formula,1000,dummy_mean,0.34,1.5173
11098,group_reduced_formula,1000,dummy_mean,4.62,1.5173
11101,group_reduced_formula,1000,dummy_mean,1.96,1.5173
11105,group_reduced_formula,1000,dummy_mean,0.82,1.5173
11115,group_reduced_formula,1000,dummy_mean,1.14,1.5173
11123,group_reduced_formula,1000,dummy_mean,1.48,1.5173
11132,group_reduced_formula,1000,dummy_mean,2.08,1.5173
11143,group_reduced_formula,1000,dummy_mean,0.2,1.5173
11149,group_reduced_formula,1000,dummy_mean,1.86,1.5173
11162,group_reduced_formula,1000,dummy_mean,1.12,1.5173
11172,group_reduced_formula,1000,dummy_mean,3.82,1.5173
11173,group_reduced_formula,1000,dummy_mean,0.56,1.5173
11199,group_reduced_formula,1000,dummy_mean,1.16,1.5173
11205,group_reduced_formula,1000,dummy_mean,1.5,1.5173
11209,group_reduced_formula,1000,dummy_mean,1.48,1.5173
11211,group_reduced_formula,1000,dummy_mean,1.68,1.5173
11232,group_reduced_formula,1000,dummy_mean,0.72,1.5173
11238,group_reduced_formula,1000,dummy_mean,1.54,1.5173
11246,group_reduced_formula,1000,dummy_mean,0.78,1.5173
11252,group_reduced_formula,1000,dummy_mean,2.16,1.5173
11258,group_reduced_formula,1000,dummy_mean,1.4,1.5173
11275,group_reduced_formula,1000,dummy_mean,0.8,1.5173
11279,group_reduced_formula,1000,dummy_mean,1.06,1.5173
11301,group_reduced_formula,1000,dummy_mean,1.88,1.5173
11322,group_reduced_formula,1000,dummy_mean,1.12,1.5173
11324,group_reduced_formula,1000,dummy_mean,1.9,1.5173
11326,group_reduced_formula,1000,dummy_mean,1.08,1.5173
11349,group_reduced_formula,1000,dummy_mean,2.2,1.5173
11359,group_reduced_formula,1000,dummy_mean,0.96,1.5173
11360,group_reduced_formula,1000,dummy_mean,2.82,1.5173
11378,group_reduced_formula,1000,dummy_mean,1.84,1.5173
11382,group_reduced_formula,1000,dummy_mean,1.28,1.5173
11393,group_reduced_formula,1000,dummy_mean,0.72,1.5173
11409,group_reduced_formula,1000,dummy_mean,1.6,1.5173
11434,group_reduced_formula,1000,dummy_mean,1.34,1.5173
11440,group_reduced_formula,1000,dummy_mean,1.52,1.5173
11444,group_reduced_formula,1000,dummy_mean,1.38,1.5173
11454,group_reduced_formula,1000,dummy_mean,1.54,1.5173
11475,group_reduced_formula,1000,dummy_mean,1.72,1.5173
11485,group_reduced_formula,1000,dummy_mean,1.18,1.5173
11506,group_reduced_formula,1000,dummy_mean,1.44,1.5173
11557,group_reduced_formula,1000,dummy_mean,2.36,1.5173
11561,group_reduced_formula,1000,dummy_mean,1.26,1.5173
11582,group_reduced_formula,1000,dummy_mean,1.16,1.5173
11602,group_reduced_formula,1000,dummy_mean,0.56,1.5173
11606,group_reduced_formula,1000,dummy_mean,1.92,1.5173
11610,group_reduced_formula,1000,dummy_mean,0.4,1.5173
11622,group_reduced_formula,1000,dummy_mean,2.96,1.5173
11626,group_reduced_formula,1000,dummy_mean,1.7,1.5173
11632,group_reduced_formula,1000,dummy_mean,1.36,1.5173
11648,group_reduced_formula,1000,dummy_mean,1.62,1.5173
11662,group_reduced_formula,1000,dummy_mean,1.9,1.5173
11681,group_reduced_formula,1000,dummy_mean,1.26,1.5173
11695,group_reduced_formula,1000,dummy_mean,1.24,1.5173
11708,group_reduced_formula,1000,dummy_mean,1.06,1.5173
11712,group_reduced_formula,1000,dummy_mean,1.46,1.5173
11724,group_reduced_formula,1000,dummy_mean,0.76,1.5173
11741,group_reduced_formula,1000,dummy_mean,3.12,1.5173
11743,group_reduced_formula,1000,dummy_mean,0.98,1.5173
11762,group_reduced_formula,1000,dummy_mean,1.1,1.5173
11780,group_reduced_formula,1000,dummy_mean,1.22,1.5173
11816,group_reduced_formula,1000,dummy_mean,2.24,1.5173
11846,group_reduced_formula,1000,dummy_mean,0.94,1.5173
11854,group_reduced_formula,1000,dummy_mean,0.74,1.5173
11884,group_reduced_formula,1000,dummy_mean,1.14,1.5173
11886,group_reduced_formula,1000,dummy_mean,0.4,1.5173
11894,group_reduced_formula,1000,dummy_mean,0.8,1.5173
11897,group_reduced_formula,1000,dummy_mean,0.74,1.5173
11898,group_reduced_formula,1000,dummy_mean,1.92,1.5173
11899,group_reduced_formula,1000,dummy_mean,1.18,1.5173
11917,group_reduced_formula,1000,dummy_mean,2.4,1.5173
11938,group_reduced_formula,1000,dummy_mean,1.54,1.5173
11964,group_reduced_formula,1000,dummy_mean,1.14,1.5173
11975,group_reduced_formula,1000,dummy_mean,1.04,1.5173
11978,group_reduced_formula,1000,dummy_mean,1.16,1.5173
11986,group_reduced_formula,1000,dummy_mean,1.64,1.5173
11992,group_reduced_formula,1000,dummy_mean,3.5,1.5173
12004,group_reduced_formula,1000,dummy_mean,0.92,1.5173
12013,group_reduced_formula,1000,dummy_mean,2.66,1.5173
12052,group_reduced_formula,1000,dummy_mean,1.08,1.5173
12068,group_reduced_formula,1000,dummy_mean,2.44,1.5173
12074,group_reduced_formula,1000,dummy_mean,2.06,1.5173
12079,group_reduced_formula,1000,dummy_mean,1.36,1.5173
12081,group_reduced_formula,1000,dummy_mean,1.12,1.5173
12084,group_reduced_formula,1000,dummy_mean,1.12,1.5173
12085,group_reduced_formula,1000,dummy_mean,1.38,1.5173
12110,group_reduced_formula,1000,dummy_mean,0.12,1.5173
12140,group_reduced_formula,1000,dummy_mean,1.2,1.5173
12160,group_reduced_formula,1000,dummy_mean,1.16,1.5173
12163,group_reduced_formula,1000,dummy_mean,0.54,1.5173
12174,group_reduced_formula,1000,dummy_mean,1.68,1.5173
12175,group_reduced_formula,1000,dummy_mean,1.7,1.5173
12176,group_reduced_formula,1000,dummy_mean,2.1,1.5173
12177,group_reduced_formula,1000,dummy_mean,2.66,1.5173
12216,group_reduced_formula,1000,dummy_mean,1.48,1.5173
12219,group_reduced_formula,1000,dummy_mean,1.12,1.5173
12223,group_reduced_formula,1000,dummy_mean,2.86,1.5173
12256,group_reduced_formula,1000,dummy_mean,4.18,1.5173
12269,group_reduced_formula,1000,dummy_mean,0.66,1.5173
12271,group_reduced_formula,1000,dummy_mean,2.84,1.5173
12313,group_reduced_formula,1000,dummy_mean,0.56,1.5173
12315,group_reduced_formula,1000,dummy_mean,1.18,1.5173
12331,group_reduced_formula,1000,dummy_mean,3.8,1.5173
12336,group_reduced_formula,1000,dummy_mean,2.36,1.5173
12340,group_reduced_formula,1000,dummy_mean,0.7,1.5173
12342,group_reduced_formula,1000,dummy_mean,0.5,1.5173
12343,group_reduced_formula,1000,dummy_mean,0.64,1.5173
12346,group_reduced_formula,1000,dummy_mean,1.92,1.5173
12347,group_reduced_formula,1000,dummy_mean,2.12,1.5173
12350,group_reduced_formula,1000,dummy_mean,1.24,1.5173
12355,group_reduced_formula,1000,dummy_mean,1.6,1.5173
12364,group_reduced_formula,1000,dummy_mean,1.0,1.5173
12380,group_reduced_formula,1000,dummy_mean,1.92,1.5173
12392,group_reduced_formula,1000,dummy_mean,0.38,1.5173
12393,group_reduced_formula,1000,dummy_mean,1.64,1.5173
12395,group_reduced_formula,1000,dummy_mean,3.14,1.5173
12407,group_reduced_formula,1000,dummy_mean,1.44,1.5173
12411,group_reduced_formula,1000,dummy_mean,2.14,1.5173
12414,group_reduced_formula,1000,dummy_mean,1.2,1.5173
12415,group_reduced_formula,1000,dummy_mean,0.82,1.5173
12416,group_reduced_formula,1000,dummy_mean,0.96,1.5173
12418,group_reduced_formula,1000,dummy_mean,1.82,1.5173
12426,group_reduced_formula,1000,dummy_mean,1.22,1.5173
12427,group_reduced_formula,1000,dummy_mean,0.92,1.5173
12440,group_reduced_formula,1000,dummy_mean,1.2,1.5173
12460,group_reduced_formula,1000,dummy_mean,3.9,1.5173
12463,group_reduced_formula,1000,dummy_mean,0.32,1.5173
12464,group_reduced_formula,1000,dummy_mean,0.08,1.5173
12479,group_reduced_formula,1000,dummy_mean,1.94,1.5173
12491,group_reduced_formula,1000,dummy_mean,0.44,1.5173
12493,group_reduced_formula,1000,dummy_mean,1.98,1.5173
12510,group_reduced_formula,1000,dummy_mean,1.3,1.5173
12521,group_reduced_formula,1000,dummy_mean,1.92,1.5173
12524,group_reduced_formula,1000,dummy_mean,1.34,1.5173
12562,group_reduced_formula,1000,dummy_mean,1.8,1.5173
12565,group_reduced_formula,1000,dummy_mean,2.86,1.5173
12566,group_reduced_formula,1000,dummy_mean,1.22,1.5173
12569,group_reduced_formula,1000,dummy_mean,1.26,1.5173
12577,group_reduced_formula,1000,dummy_mean,1.26,1.5173
12596,group_reduced_formula,1000,dummy_mean,1.12,1.5173
12627,group_reduced_formula,1000,dummy_mean,2.44,1.5173
12631,group_reduced_formula,1000,dummy_mean,1.56,1.5173
12651,group_reduced_formula,1000,dummy_mean,1.36,1.5173
12656,group_reduced_formula,1000,dummy_mean,1.0,1.5173
12676,group_reduced_formula,1000,dummy_mean,1.26,1.5173
12677,group_reduced_formula,1000,dummy_mean,1.04,1.5173
12700,group_reduced_formula,1000,dummy_mean,0.64,1.5173
12703,group_reduced_formula,1000,dummy_mean,0.78,1.5173
12708,group_reduced_formula,1000,dummy_mean,1.3,1.5173
12713,group_reduced_formula,1000,dummy_mean,2.72,1.5173
12715,group_reduced_formula,1000,dummy_mean,1.7,1.5173
12723,group_reduced_formula,1000,dummy_mean,1.6,1.5173
12727,group_reduced_formula,1000,dummy_mean,1.08,1.5173
12730,group_reduced_formula,1000,dummy_mean,0.98,1.5173
12735,group_reduced_formula,1000,dummy_mean,2.38,1.5173
12752,group_reduced_formula,1000,dummy_mean,1.3,1.5173
12804,group_reduced_formula,1000,dummy_mean,1.62,1.5173
12810,group_reduced_formula,1000,dummy_mean,1.08,1.5173
12812,group_reduced_formula,1000,dummy_mean,2.78,1.5173
12842,group_reduced_formula,1000,dummy_mean,1.08,1.5173
12848,group_reduced_formula,1000,dummy_mean,1.22,1.5173
12864,group_reduced_formula,1000,dummy_mean,1.54,1.5173
12870,group_reduced_formula,1000,dummy_mean,1.4,1.5173
12893,group_reduced_formula,1000,dummy_mean,0.98,1.5173
12909,group_reduced_formula,1000,dummy_mean,2.2,1.5173
12931,group_reduced_formula,1000,dummy_mean,1.1,1.5173
12939,group_reduced_formula,1000,dummy_mean,1.08,1.5173
12941,group_reduced_formula,1000,dummy_mean,1.88,1.5173
12944,group_reduced_formula,1000,dummy_mean,2.34,1.5173
12951,group_reduced_formula,1000,dummy_mean,1.38,1.5173
12956,group_reduced_formula,1000,dummy_mean,1.62,1.5173
12965,group_reduced_formula,1000,dummy_mean,4.3,1.5173
12967,group_reduced_formula,1000,dummy_mean,1.8,1.5173
12977,group_reduced_formula,1000,dummy_mean,1.58,1.5173
12978,group_reduced_formula,1000,dummy_mean,1.94,1.5173
12983,group_reduced_formula,1000,dummy_mean,0.92,1.5173
12991,group_reduced_formula,1000,dummy_mean,0.76,1.5173
13009,group_reduced_formula,1000,dummy_mean,0.72,1.5173
13019,group_reduced_formula,1000,dummy_mean,2.72,1.5173
13026,group_reduced_formula,1000,dummy_mean,3.16,1.5173
13044,group_reduced_formula,1000,dummy_mean,1.74,1.5173
13047,group_reduced_formula,1000,dummy_mean,1.54,1.5173
13054,group_reduced_formula,1000,dummy_mean,1.22,1.5173
13060,group_reduced_formula,1000,dummy_mean,1.38,1.5173
13061,group_reduced_formula,1000,dummy_mean,1.34,1.5173
13062,group_reduced_formula,1000,dummy_mean,1.78,1.5173
13069,group_reduced_formula,1000,dummy_mean,1.24,1.5173
13074,group_reduced_formula,1000,dummy_mean,0.96,1.5173
13093,group_reduced_formula,1000,dummy_mean,2.26,1.5173
13104,group_reduced_formula,1000,dummy_mean,1.14,1.5173
13124,group_reduced_formula,1000,dummy_mean,1.04,1.5173
13126,group_reduced_formula,1000,dummy_mean,1.72,1.5173
13128,group_reduced_formula,1000,dummy_mean,0.9,1.5173
13132,group_reduced_formula,1000,dummy_mean,1.16,1.5173
13140,group_reduced_formula,1000,dummy_mean,2.08,1.5173
13148,group_reduced_formula,1000,dummy_mean,2.22,1.5173
13162,group_reduced_formula,1000,dummy_mean,1.52,1.5173
13168,group_reduced_formula,1000,dummy_mean,1.18,1.5173
13194,group_reduced_formula,1000,dummy_mean,1.76,1.5173
13208,group_reduced_formula,1000,dummy_mean,3.2,1.5173
13212,group_reduced_formula,1000,dummy_mean,1.76,1.5173
13214,group_reduced_formula,1000,dummy_mean,1.8,1.5173
13215,group_reduced_formula,1000,dummy_mean,2.28,1.5173
13216,group_reduced_formula,1000,dummy_mean,1.52,1.5173
13237,group_reduced_formula,1000,dummy_mean,0.9,1.5173
13281,group_reduced_formula,1000,dummy_mean,0.82,1.5173
13300,group_reduced_formula,1000,dummy_mean,0.78,1.5173
13313,group_reduced_formula,1000,dummy_mean,0.94,1.5173
13340,group_reduced_formula,1000,dummy_mean,0.3,1.5173
13344,group_reduced_formula,1000,dummy_mean,1.2,1.5173
13350,group_reduced_formula,1000,dummy_mean,2.06,1.5173
13356,group_reduced_formula,1000,dummy_mean,1.44,1.5173
13364,group_reduced_formula,1000,dummy_mean,1.22,1.5173
13376,group_reduced_formula,1000,dummy_mean,1.22,1.5173
13394,group_reduced_formula,1000,dummy_mean,0.18,1.5173
13409,group_reduced_formula,1000,dummy_mean,1.28,1.5173
13423,group_reduced_formula,1000,dummy_mean,1.52,1.5173
13424,group_reduced_formula,1000,dummy_mean,1.34,1.5173
13442,group_reduced_formula,1000,dummy_mean,2.06,1.5173
13443,group_reduced_formula,1000,dummy_mean,1.66,1.5173
13454,group_reduced_formula,1000,dummy_mean,1.72,1.5173
13458,group_reduced_formula,1000,dummy_mean,1.46,1.5173
13466,group_reduced_formula,1000,dummy_mean,1.66,1.5173
13480,group_reduced_formula,1000,dummy_mean,1.18,1.5173
13515,group_reduced_formula,1000,dummy_mean,1.14,1.5173
13540,group_reduced_formula,1000,dummy_mean,1.0,1.5173
13563,group_reduced_formula,1000,dummy_mean,2.4,1.5173
13568,group_reduced_formula,1000,dummy_mean,1.12,1.5173
13580,group_reduced_formula,1000,dummy_mean,1.34,1.5173
13584,group_reduced_formula,1000,dummy_mean,1.18,1.5173
13591,group_reduced_formula,1000,dummy_mean,1.2,1.5173
13602,group_reduced_formula,1000,dummy_mean,2.68,1.5173
13627,group_reduced_formula,1000,dummy_mean,0.66,1.5173
13634,group_reduced_formula,1000,dummy_mean,0.04,1.5173
13642,group_reduced_formula,1000,dummy_mean,1.62,1.5173
13656,group_reduced_formula,1000,dummy_mean,1.94,1.5173
13678,group_reduced_formula,1000,dummy_mean,0.3,1.5173
13695,group_reduced_formula,1000,dummy_mean,0.8,1.5173
13709,group_reduced_formula,1000,dummy_mean,1.66,1.5173
13711,group_reduced_formula,1000,dummy_mean,1.08,1.5173
13717,group_reduced_formula,1000,dummy_mean,0.18,1.5173
13718,group_reduced_formula,1000,dummy_mean,1.8,1.5173
13719,group_reduced_formula,1000,dummy_mean,2.16,1.5173
13728,group_reduced_formula,1000,dummy_mean,1.1,1.5173
13736,group_reduced_formula,1000,dummy_mean,1.12,1.5173
13743,group_reduced_formula,1000,dummy_mean,1.12,1.5173
13745,group_reduced_formula,1000,dummy_mean,0.84,1.5173
13749,group_reduced_formula,1000,dummy_mean,-0.08,1.5173
13754,group_reduced_formula,1000,dummy_mean,0.82,1.5173
13756,group_reduced_formula,1000,dummy_mean,1.6,1.5173
13758,group_reduced_formula,1000,dummy_mean,2.14,1.5173
13764,group_reduced_formula,1000,dummy_mean,1.36,1.5173
13778,group_reduced_formula,1000,dummy_mean,1.4,1.5173
13779,group_reduced_formula,1000,dummy_mean,0.24,1.5173
13792,group_reduced_formula,1000,dummy_mean,0.18,1.5173
13795,group_reduced_formula,1000,dummy_mean,0.54,1.5173
13811,group_reduced_formula,1000,dummy_mean,0.98,1.5173
13823,group_reduced_formula,1000,dummy_mean,0.94,1.5173
13840,group_reduced_formula,1000,dummy_mean,1.02,1.5173
13848,group_reduced_formula,1000,dummy_mean,1.78,1.5173
13870,group_reduced_formula,1000,dummy_mean,1.34,1.5173
13889,group_reduced_formula,1000,dummy_mean,0.36,1.5173
13902,group_reduced_formula,1000,dummy_mean,0.56,1.5173
13904,group_reduced_formula,1000,dummy_mean,0.38,1.5173
13910,group_reduced_formula,1000,dummy_mean,1.2,1.5173
13919,group_reduced_formula,1000,dummy_mean,1.34,1.5173
13931,group_reduced_formula,1000,dummy_mean,1.48,1.5173
13932,group_reduced_formula,1000,dummy_mean,1.0,1.5173
13936,group_reduced_formula,1000,dummy_mean,1.16,1.5173
13947,group_reduced_formula,1000,dummy_mean,2.02,1.5173
13950,group_reduced_formula,1000,dummy_mean,1.98,1.5173
13960,group_reduced_formula,1000,dummy_mean,1.12,1.5173
13962,group_reduced_formula,1000,dummy_mean,1.76,1.5173
13995,group_reduced_formula,1000,dummy_mean,1.68,1.5173
13999,group_reduced_formula,1000,dummy_mean,1.34,1.5173
14003,group_reduced_formula,1000,dummy_mean,1.34,1.5173
14005,group_reduced_formula,1000,dummy_mean,1.34,1.5173
14012,group_reduced_formula,1000,dummy_mean,1.62,1.5173
14017,group_reduced_formula,1000,dummy_mean,2.3,1.5173
14031,group_reduced_formula,1000,dummy_mean,1.24,1.5173
14034,group_reduced_formula,1000,dummy_mean,1.52,1.5173
14037,group_reduced_formula,1000,dummy_mean,0.4,1.5173
14041,group_reduced_formula,1000,dummy_mean,3.88,1.5173
14046,group_reduced_formula,1000,dummy_mean,1.22,1.5173
14054,group_reduced_formula,1000,dummy_mean,3.78,1.5173
14061,group_reduced_formula,1000,dummy_mean,1.6,1.5173
14071,group_reduced_formula,1000,dummy_mean,0.88,1.5173
14076,group_reduced_formula,1000,dummy_mean,1.2,1.5173
14080,group_reduced_formula,1000,dummy_mean,2.06,1.5173
14090,group_reduced_formula,1000,dummy_mean,0.98,1.5173
14093,group_reduced_formula,1000,dummy_mean,1.26,1.5173
14110,group_reduced_formula,1000,dummy_mean,1.62,1.5173
14135,group_reduced_formula,1000,dummy_mean,0.6,1.5173
14148,group_reduced_formula,1000,dummy_mean,1.76,1.5173
14155,group_reduced_formula,1000,dummy_mean,1.9,1.5173
14163,group_reduced_formula,1000,dummy_mean,2.1,1.5173
14168,group_reduced_formula,1000,dummy_mean,0.86,1.5173
14170,group_reduced_formula,1000,dummy_mean,0.94,1.5173
14196,group_reduced_formula,1000,dummy_mean,1.88,1.5173
14203,group_reduced_formula,1000,dummy_mean,2.02,1.5173
14205,group_reduced_formula,1000,dummy_mean,1.34,1.5173
14210,group_reduced_formula,1000,dummy_mean,1.72,1.5173
14229,group_reduced_formula,1000,dummy_mean,1.18,1.5173
14230,group_reduced_formula,1000,dummy_mean,1.14,1.5173
14248,group_reduced_formula,1000,dummy_mean,1.02,1.5173
14274,group_reduced_formula,1000,dummy_mean,1.68,1.5173
14277,group_reduced_formula,1000,dummy_mean,1.74,1.5173
14281,group_reduced_formula,1000,dummy_mean,1.2,1.5173
14286,group_reduced_formula,1000,dummy_mean,0.74,1.5173
14294,group_reduced_formula,1000,dummy_mean,1.72,1.5173
14313,group_reduced_formula,1000,dummy_mean,1.28,1.5173
14323,group_reduced_formula,1000,dummy_mean,0.86,1.5173
14350,group_reduced_formula,1000,dummy_mean,0.06,1.5173
14376,group_reduced_formula,1000,dummy_mean,1.74,1.5173
14384,group_reduced_formula,1000,dummy_mean,2.18,1.5173
14386,group_reduced_formula,1000,dummy_mean,0.82,1.5173
14389,group_reduced_formula,1000,dummy_mean,1.52,1.5173
14396,group_reduced_formula,1000,dummy_mean,1.58,1.5173
14402,group_reduced_formula,1000,dummy_mean,0.88,1.5173
14404,group_reduced_formula,1000,dummy_mean,1.26,1.5173
14442,group_reduced_formula,1000,dummy_mean,1.3,1.5173
14446,group_reduced_formula,1000,dummy_mean,0.82,1.5173
14463,group_reduced_formula,1000,dummy_mean,0.9,1.5173
14466,group_reduced_formula,1000,dummy_mean,2.38,1.5173
14475,group_reduced_formula,1000,dummy_mean,0.84,1.5173
14477,group_reduced_formula,1000,dummy_mean,3.36,1.5173
14487,group_reduced_formula,1000,dummy_mean,2.56,1.5173
14497,group_reduced_formula,1000,dummy_mean,1.96,1.5173
14568,group_reduced_formula,1000,dummy_mean,0.98,1.5173
14584,group_reduced_formula,1000,dummy_mean,0.26,1.5173
14604,group_reduced_formula,1000,dummy_mean,1.12,1.5173
14613,group_reduced_formula,1000,dummy_mean,2.18,1.5173
14619,group_reduced_formula,1000,dummy_mean,1.4,1.5173
14635,group_reduced_formula,1000,dummy_mean,1.94,1.5173
14640,group_reduced_formula,1000,dummy_mean,1.7,1.5173
14641,group_reduced_formula,1000,dummy_mean,0.12,1.5173
14646,group_reduced_formula,1000,dummy_mean,0.58,1.5173
14652,group_reduced_formula,1000,dummy_mean,1.4,1.5173
14680,group_reduced_formula,1000,dummy_mean,2.32,1.5173
14689,group_reduced_formula,1000,dummy_mean,2.14,1.5173
14691,group_reduced_formula,1000,dummy_mean,0.5,1.5173
14695,group_reduced_formula,1000,dummy_mean,0.7,1.5173
14703,group_reduced_formula,1000,dummy_mean,0.32,1.5173
14705,group_reduced_formula,1000,dummy_mean,2.18,1.5173
14709,group_reduced_formula,1000,dummy_mean,1.04,1.5173
14745,group_reduced_formula,1000,dummy_mean,2.24,1.5173
14750,group_reduced_formula,1000,dummy_mean,1.28,1.5173
14761,group_reduced_formula,1000,dummy_mean,0.84,1.5173
14764,group_reduced_formula,1000,dummy_mean,2.22,1.5173
14772,group_reduced_formula,1000,dummy_mean,0.78,1.5173
14792,group_reduced_formula,1000,dummy_mean,1.3,1.5173
14798,group_reduced_formula,1000,dummy_mean,1.0,1.5173
14807,group_reduced_formula,1000,dummy_mean,2.32,1.5173
14810,group_reduced_formula,1000,dummy_mean,0.02,1.5173
14832,group_reduced_formula,1000,dummy_mean,0.64,1.5173
14845,group_reduced_formula,1000,dummy_mean,1.6,1.5173
14860,group_reduced_formula,1000,dummy_mean,0.56,1.5173
14867,group_reduced_formula,1000,dummy_mean,0.8,1.5173
14868,group_reduced_formula,1000,dummy_mean,1.08,1.5173
14875,group_reduced_formula,1000,dummy_mean,1.6,1.5173
14879,group_reduced_formula,1000,dummy_mean,1.4,1.5173
14905,group_reduced_formula,1000,dummy_mean,1.38,1.5173
14911,group_reduced_formula,1000,dummy_mean,1.5,1.5173
14937,group_reduced_formula,1000,dummy_mean,1.56,1.5173
14944,group_reduced_formula,1000,dummy_mean,2.24,1.5173
14945,group_reduced_formula,1000,dummy_mean,0.84,1.5173
14947,group_reduced_formula,1000,dummy_mean,2.58,1.5173
14953,group_reduced_formula,1000,dummy_mean,0.84,1.5173
14957,group_reduced_formula,1000,dummy_mean,0.5,1.5173
14961,group_reduced_formula,1000,dummy_mean,2.38,1.5173
14966,group_reduced_formula,1000,dummy_mean,1.22,1.5173
14972,group_reduced_formula,1000,dummy_mean,2.06,1.5173
14975,group_reduced_formula,1000,dummy_mean,1.62,1.5173
14981,group_reduced_formula,1000,dummy_mean,1.14,1.5173
14995,group_reduced_formula,1000,dummy_mean,2.88,1.5173
15001,group_reduced_formula,1000,dummy_mean,2.06,1.5173
15011,group_reduced_formula,1000,dummy_mean,1.2,1.5173
15028,group_reduced_formula,1000,dummy_mean,1.58,1.5173
15037,group_reduced_formula,1000,dummy_mean,1.32,1.5173
15048,group_reduced_formula,1000,dummy_mean,0.52,1.5173
15070,group_reduced_formula,1000,dummy_mean,2.84,1.5173
15088,group_reduced_formula,1000,dummy_mean,1.42,1.5173
15091,group_reduced_formula,1000,dummy_mean,2.44,1.5173
15101,group_reduced_formula,1000,dummy_mean,1.08,1.5173
15150,group_reduced_formula,1000,dummy_mean,1.2,1.5173
15162,group_reduced_formula,1000,dummy_mean,1.16,1.5173
15174,group_reduced_formula,1000,dummy_mean,1.72,1.5173
15194,group_reduced_formula,1000,dummy_mean,0.6,1.5173
15202,group_reduced_formula,1000,dummy_mean,3.08,1.5173
15213,group_reduced_formula,1000,dummy_mean,2.04,1.5173
15215,group_reduced_formula,1000,dummy_mean,1.42,1.5173
15220,group_reduced_formula,1000,dummy_mean,1.92,1.5173
15221,group_reduced_formula,1000,dummy_mean,0.76,1.5173
15224,group_reduced_formula,1000,dummy_mean,1.7,1.5173
15244,group_reduced_formula,1000,dummy_mean,0.62,1.5173
15245,group_reduced_formula,1000,dummy_mean,0.3,1.5173
15260,group_reduced_formula,1000,dummy_mean,0.52,1.5173
15264,group_reduced_formula,1000,dummy_mean,2.06,1.5173
15272,group_reduced_formula,1000,dummy_mean,0.66,1.5173
15301,group_reduced_formula,1000,dummy_mean,1.68,1.5173
15307,group_reduced_formula,1000,dummy_mean,3.16,1.5173
15314,group_reduced_formula,1000,dummy_mean,1.7,1.5173
15330,group_reduced_formula,1000,dummy_mean,1.26,1.5173
15343,group_reduced_formula,1000,dummy_mean,1.06,1.5173
15353,group_reduced_formula,1000,dummy_mean,1.28,1.5173
15376,group_reduced_formula,1000,dummy_mean,0.46,1.5173
15378,group_reduced_formula,1000,dummy_mean,1.72,1.5173
15383,group_reduced_formula,1000,dummy_mean,0.92,1.5173
15390,group_reduced_formula,1000,dummy_mean,1.76,1.5173
15392,group_reduced_formula,1000,dummy_mean,1.1,1.5173
15394,group_reduced_formula,1000,dummy_mean,0.28,1.5173
15400,group_reduced_formula,1000,dummy_mean,0.64,1.5173
15439,group_reduced_formula,1000,dummy_mean,1.64,1.5173
15458,group_reduced_formula,1000,dummy_mean,0.78,1.5173
15461,group_reduced_formula,1000,dummy_mean,1.38,1.5173
15485,group_reduced_formula,1000,dummy_mean,1.16,1.5173
15503,group_reduced_formula,1000,dummy_mean,1.22,1.5173
15524,group_reduced_formula,1000,dummy_mean,1.04,1.5173
15525,group_reduced_formula,1000,dummy_mean,1.1,1.5173
15532,group_reduced_formula,1000,dummy_mean,1.84,1.5173
15535,group_reduced_formula,1000,dummy_mean,0.94,1.5173
15545,group_reduced_formula,1000,dummy_mean,2.34,1.5173
15547,group_reduced_formula,1000,dummy_mean,2.36,1.5173
15551,group_reduced_formula,1000,dummy_mean,1.84,1.5173
15552,group_reduced_formula,1000,dummy_mean,0.3,1.5173
15554,group_reduced_formula,1000,dummy_mean,1.5,1.5173
15557,group_reduced_formula,1000,dummy_mean,1.18,1.5173
15569,group_reduced_formula,1000,dummy_mean,2.04,1.5173
15578,group_reduced_formula,1000,dummy_mean,2.1,1.5173
15583,group_reduced_formula,1000,dummy_mean,1.98,1.5173
15593,group_reduced_formula,1000,dummy_mean,1.36,1.5173
15629,group_reduced_formula,1000,dummy_mean,1.26,1.5173
15657,group_reduced_formula,1000,dummy_mean,1.28,1.5173
15670,group_reduced_formula,1000,dummy_mean,1.16,1.5173
15674,group_reduced_formula,1000,dummy_mean,1.3,1.5173
15693,group_reduced_formula,1000,dummy_mean,1.3,1.5173
15694,group_reduced_formula,1000,dummy_mean,0.9,1.5173
15704,group_reduced_formula,1000,dummy_mean,1.66,1.5173
15715,group_reduced_formula,1000,dummy_mean,2.8,1.5173
15717,group_reduced_formula,1000,dummy_mean,1.74,1.5173
15718,group_reduced_formula,1000,dummy_mean,1.4,1.5173
15738,group_reduced_formula,1000,dummy_mean,0.92,1.5173
15739,group_reduced_formula,1000,dummy_mean,2.6,1.5173
15756,group_reduced_formula,1000,dummy_mean,0.5,1.5173
15763,group_reduced_formula,1000,dummy_mean,2.28,1.5173
15769,group_reduced_formula,1000,dummy_mean,0.94,1.5173
15770,group_reduced_formula,1000,dummy_mean,3.08,1.5173
15771,group_reduced_formula,1000,dummy_mean,1.86,1.5173
15777,group_reduced_formula,1000,dummy_mean,1.24,1.5173
15785,group_reduced_formula,1000,dummy_mean,1.94,1.5173
15797,group_reduced_formula,1000,dummy_mean,1.68,1.5173
15800,group_reduced_formula,1000,dummy_mean,0.14,1.5173
15808,group_reduced_formula,1000,dummy_mean,1.48,1.5173
15809,group_reduced_formula,1000,dummy_mean,1.58,1.5173
15811,group_reduced_formula,1000,dummy_mean,2.2,1.5173
15816,group_reduced_formula,1000,dummy_mean,0.68,1.5173
15817,group_reduced_formula,1000,dummy_mean,1.58,1.5173
15829,group_reduced_formula,1000,dummy_mean,1.46,1.5173
15832,group_reduced_formula,1000,dummy_mean,0.7,1.5173
15839,group_reduced_formula,1000,dummy_mean,1.16,1.5173
15848,group_reduced_formula,1000,dummy_mean,0.26,1.5173
15855,group_reduced_formula,1000,dummy_mean,0.68,1.5173
15876,group_reduced_formula,1000,dummy_mean,1.38,1.5173
15883,group_reduced_formula,1000,dummy_mean,0.42,1.5173
15884,group_reduced_formula,1000,dummy_mean,1.66,1.5173
15886,group_reduced_formula,1000,dummy_mean,1.2,1.5173
15906,group_reduced_formula,1000,dummy_mean,0.76,1.5173
15907,group_reduced_formula,1000,dummy_mean,1.36,1.5173
15910,group_reduced_formula,1000,dummy_mean,4.48,1.5173
15912,group_reduced_formula,1000,dummy_mean,0.78,1.5173
15915,group_reduced_formula,1000,dummy_mean,2.68,1.5173
15916,group_reduced_formula,1000,dummy_mean,1.36,1.5173
15920,group_reduced_formula,1000,dummy_mean,0.56,1.5173
15928,group_reduced_formula,1000,dummy_mean,-0.06,1.5173
15931,group_reduced_formula,1000,dummy_mean,1.94,1.5173
15934,group_reduced_formula,1000,dummy_mean,0.24,1.5173
15937,group_reduced_formula,1000,dummy_mean,0.92,1.5173
15950,group_reduced_formula,1000,dummy_mean,3.68,1.5173
15955,group_reduced_formula,1000,dummy_mean,2.48,1.5173
15960,group_reduced_formula,1000,dummy_mean,1.9,1.5173
15966,group_reduced_formula,1000,dummy_mean,1.3,1.5173
15973,group_reduced_formula,1000,dummy_mean,1.24,1.5173
15979,group_reduced_formula,1000,dummy_mean,1.96,1.5173
15996,group_reduced_formula,1000,dummy_mean,0.54,1.5173
16024,group_reduced_formula,1000,dummy_mean,1.94,1.5173
16025,group_reduced_formula,1000,dummy_mean,1.34,1.5173
16047,group_reduced_formula,1000,dummy_mean,1.74,1.5173
16051,group_reduced_formula,1000,dummy_mean,1.06,1.5173
16053,group_reduced_formula,1000,dummy_mean,1.58,1.5173
16058,group_reduced_formula,1000,dummy_mean,1.62,1.5173
16082,group_reduced_formula,1000,dummy_mean,1.36,1.5173
16083,group_reduced_formula,1000,dummy_mean,1.98,1.5173
16122,group_reduced_formula,1000,dummy_mean,2.24,1.5173
16124,group_reduced_formula,1000,dummy_mean,0.68,1.5173
16125,group_reduced_formula,1000,dummy_mean,1.36,1.5173
16126,group_reduced_formula,1000,dummy_mean,0.46,1.5173
16144,group_reduced_formula,1000,dummy_mean,2.1,1.5173
16154,group_reduced_formula,1000,dummy_mean,1.1,1.5173
16211,group_reduced_formula,1000,dummy_mean,0.8,1.5173
16215,group_reduced_formula,1000,dummy_mean,2.26,1.5173
16217,group_reduced_formula,1000,dummy_mean,2.92,1.5173
16220,group_reduced_formula,1000,dummy_mean,2.88,1.5173
16237,group_reduced_formula,1000,dummy_mean,0.68,1.5173
16241,group_reduced_formula,1000,dummy_mean,2.02,1.5173
16249,group_reduced_formula,1000,dummy_mean,0.32,1.5173
16252,group_reduced_formula,1000,dummy_mean,1.44,1.5173
16256,group_reduced_formula,1000,dummy_mean,0.94,1.5173
16259,group_reduced_formula,1000,dummy_mean,1.06,1.5173
16266,group_reduced_formula,1000,dummy_mean,2.22,1.5173
16279,group_reduced_formula,1000,dummy_mean,1.2,1.5173
16282,group_reduced_formula,1000,dummy_mean,1.08,1.5173
16288,group_reduced_formula,1000,dummy_mean,1.78,1.5173
16315,group_reduced_formula,1000,dummy_mean,2.22,1.5173
16320,group_reduced_formula,1000,dummy_mean,1.1,1.5173
16330,group_reduced_formula,1000,dummy_mean,1.52,1.5173
16331,group_reduced_formula,1000,dummy_mean,1.92,1.5173
16334,group_reduced_formula,1000,dummy_mean,1.12,1.5173
16350,group_reduced_formula,1000,dummy_mean,0.42,1.5173
16358,group_reduced_formula,1000,dummy_mean,1.16,1.5173
16373,group_reduced_formula,1000,dummy_mean,0.76,1.5173
16381,group_reduced_formula,1000,dummy_mean,1.64,1.5173
16408,group_reduced_formula,1000,dummy_mean,1.86,1.5173
16418,group_reduced_formula,1000,dummy_mean,2.78,1.5173
16447,group_reduced_formula,1000,dummy_mean,2.06,1.5173
16457,group_reduced_formula,1000,dummy_mean,1.4,1.5173
16480,group_reduced_formula,1000,dummy_mean,1.04,1.5173
16485,group_reduced_formula,1000,dummy_mean,1.34,1.5173
16488,group_reduced_formula,1000,dummy_mean,1.62,1.5173
16499,group_reduced_formula,1000,dummy_mean,2.78,1.5173
16516,group_reduced_formula,1000,dummy_mean,3.56,1.5173
16522,group_reduced_formula,1000,dummy_mean,1.82,1.5173
16526,group_reduced_formula,1000,dummy_mean,0.76,1.5173
16530,group_reduced_formula,1000,dummy_mean,0.52,1.5173
16533,group_reduced_formula,1000,dummy_mean,0.64,1.5173
16541,group_reduced_formula,1000,dummy_mean,1.94,1.5173
16546,group_reduced_formula,1000,dummy_mean,2.28,1.5173
16571,group_reduced_formula,1000,dummy_mean,1.72,1.5173
16575,group_reduced_formula,1000,dummy_mean,3.18,1.5173
16583,group_reduced_formula,1000,dummy_mean,0.9,1.5173
16585,group_reduced_formula,1000,dummy_mean,0.96,1.5173
16587,group_reduced_formula,1000,dummy_mean,0.86,1.5173
16620,group_reduced_formula,1000,dummy_mean,1.16,1.5173
16630,group_reduced_formula,1000,dummy_mean,0.96,1.5173
16645,group_reduced_formula,1000,dummy_mean,1.86,1.5173
16647,group_reduced_formula,1000,dummy_mean,1.64,1.5173
16652,group_reduced_formula,1000,dummy_mean,0.7,1.5173
16657,group_reduced_formula,1000,dummy_mean,1.66,1.5173
16660,group_reduced_formula,1000,dummy_mean,1.74,1.5173
16677,group_reduced_formula,1000,dummy_mean,1.52,1.5173
16679,group_reduced_formula,1000,dummy_mean,0.82,1.5173
16681,group_reduced_formula,1000,dummy_mean,1.28,1.5173
16682,group_reduced_formula,1000,dummy_mean,0.56,1.5173
16748,group_reduced_formula,1000,dummy_mean,2.48,1.5173
16751,group_reduced_formula,1000,dummy_mean,3.76,1.5173
16763,group_reduced_formula,1000,dummy_mean,1.58,1.5173
16772,group_reduced_formula,1000,dummy_mean,2.3,1.5173
16788,group_reduced_formula,1000,dummy_mean,1.64,1.5173
16789,group_reduced_formula,1000,dummy_mean,1.76,1.5173
16834,group_reduced_formula,1000,dummy_mean,0.46,1.5173
16836,group_reduced_formula,1000,dummy_mean,1.12,1.5173
16839,group_reduced_formula,1000,dummy_mean,1.08,1.5173
16844,group_reduced_formula,1000,dummy_mean,2.38,1.5173
16853,group_reduced_formula,1000,dummy_mean,1.16,1.5173
16854,group_reduced_formula,1000,dummy_mean,3.6,1.5173
16882,group_reduced_formula,1000,dummy_mean,1.8,1.5173
16893,group_reduced_formula,1000,dummy_mean,2.56,1.5173
16899,group_reduced_formula,1000,dummy_mean,2.98,1.5173
16905,group_reduced_formula,1000,dummy_mean,1.68,1.5173
16913,group_reduced_formula,1000,dummy_mean,2.56,1.5173
16916,group_reduced_formula,1000,dummy_mean,0.92,1.5173
16919,group_reduced_formula,1000,dummy_mean,1.0,1.5173
16924,group_reduced_formula,1000,dummy_mean,1.78,1.5173
16955,group_reduced_formula,1000,dummy_mean,1.62,1.5173
16968,group_reduced_formula,1000,dummy_mean,1.24,1.5173
16970,group_reduced_formula,1000,dummy_mean,1.56,1.5173
16972,group_reduced_formula,1000,dummy_mean,1.36,1.5173
16974,group_reduced_formula,1000,dummy_mean,1.32,1.5173
16997,group_reduced_formula,1000,dummy_mean,1.4,1.5173
17000,group_reduced_formula,1000,dummy_mean,1.08,1.5173
17004,group_reduced_formula,1000,dummy_mean,2.74,1.5173
17010,group_reduced_formula,1000,dummy_mean,1.48,1.5173
17019,group_reduced_formula,1000,dummy_mean,0.86,1.5173
17022,group_reduced_formula,1000,dummy_mean,1.26,1.5173
17023,group_reduced_formula,1000,dummy_mean,0.5,1.5173
17036,group_reduced_formula,1000,dummy_mean,1.66,1.5173
17044,group_reduced_formula,1000,dummy_mean,0.04,1.5173
17048,group_reduced_formula,1000,dummy_mean,1.3,1.5173
17053,group_reduced_formula,1000,dummy_mean,1.12,1.5173
17055,group_reduced_formula,1000,dummy_mean,1.22,1.5173
17081,group_reduced_formula,1000,dummy_mean,1.48,1.5173
17092,group_reduced_formula,1000,dummy_mean,2.04,1.5173
17103,group_reduced_formula,1000,dummy_mean,1.32,1.5173
17104,group_reduced_formula,1000,dummy_mean,1.46,1.5173
17105,group_reduced_formula,1000,dummy_mean,1.92,1.5173
17109,group_reduced_formula,1000,dummy_mean,2.02,1.5173
17117,group_reduced_formula,1000,dummy_mean,1.58,1.5173
17133,group_reduced_formula,1000,dummy_mean,0.7,1.5173
17157,group_reduced_formula,1000,dummy_mean,1.52,1.5173
17192,group_reduced_formula,1000,dummy_mean,1.22,1.5173
17193,group_reduced_formula,1000,dummy_mean,3.72,1.5173
17200,group_reduced_formula,1000,dummy_mean,0.46,1.5173
17207,group_reduced_formula,1000,dummy_mean,0.46,1.5173
17209,group_reduced_formula,1000,dummy_mean,2.56,1.5173
17221,group_reduced_formula,1000,dummy_mean,2.32,1.5173
17241,group_reduced_formula,1000,dummy_mean,1.04,1.5173
17255,group_reduced_formula,1000,dummy_mean,3.44,1.5173
17365,group_reduced_formula,1000,dummy_mean,0.94,1.5173
17368,group_reduced_formula,1000,dummy_mean,1.04,1.5173
17389,group_reduced_formula,1000,dummy_mean,1.3,1.5173
17390,group_reduced_formula,1000,dummy_mean,0.52,1.5173
17409,group_reduced_formula,1000,dummy_mean,1.88,1.5173
17416,group_reduced_formula,1000,dummy_mean,0.58,1.5173
17431,group_reduced_formula,1000,dummy_mean,1.02,1.5173
17443,group_reduced_formula,1000,dummy_mean,0.9,1.5173
17444,group_reduced_formula,1000,dummy_mean,2.86,1.5173
17477,group_reduced_formula,1000,dummy_mean,1.02,1.5173
17478,group_reduced_formula,1000,dummy_mean,0.96,1.5173
17484,group_reduced_formula,1000,dummy_mean,1.04,1.5173
17486,group_reduced_formula,1000,dummy_mean,1.58,1.5173
17508,group_reduced_formula,1000,dummy_mean,1.22,1.5173
17517,group_reduced_formula,1000,dummy_mean,0.76,1.5173
17522,group_reduced_formula,1000,dummy_mean,1.88,1.5173
17527,group_reduced_formula,1000,dummy_mean,1.2,1.5173
17542,group_reduced_formula,1000,dummy_mean,2.02,1.5173
17559,group_reduced_formula,1000,dummy_mean,2.34,1.5173
17562,group_reduced_formula,1000,dummy_mean,0.78,1.5173
17584,group_reduced_formula,1000,dummy_mean,3.88,1.5173
17603,group_reduced_formula,1000,dummy_mean,0.94,1.5173
17625,group_reduced_formula,1000,dummy_mean,1.88,1.5173
17633,group_reduced_formula,1000,dummy_mean,3.4,1.5173
17640,group_reduced_formula,1000,dummy_mean,1.3,1.5173
17647,group_reduced_formula,1000,dummy_mean,0.18,1.5173
17650,group_reduced_formula,1000,dummy_mean,0.78,1.5173
17656,group_reduced_formula,1000,dummy_mean,1.24,1.5173
17658,group_reduced_formula,1000,dummy_mean,0.5,1.5173
17659,group_reduced_formula,1000,dummy_mean,1.9,1.5173
17667,group_reduced_formula,1000,dummy_mean,1.5,1.5173
17671,group_reduced_formula,1000,dummy_mean,0.62,1.5173
17683,group_reduced_formula,1000,dummy_mean,1.9,1.5173
17701,group_reduced_formula,1000,dummy_mean,1.24,1.5173
17702,group_reduced_formula,1000,dummy_mean,1.38,1.5173
17706,group_reduced_formula,1000,dummy_mean,1.76,1.5173
17711,group_reduced_formula,1000,dummy_mean,-0.12,1.5173
17716,group_reduced_formula,1000,dummy_mean,1.62,1.5173
17727,group_reduced_formula,1000,dummy_mean,2.44,1.5173
17731,group_reduced_formula,1000,dummy_mean,0.7,1.5173
17744,group_reduced_formula,1000,dummy_mean,1.98,1.5173
17748,group_reduced_formula,1000,dummy_mean,1.3,1.5173
17751,group_reduced_formula,1000,dummy_mean,0.54,1.5173
17757,group_reduced_formula,1000,dummy_mean,1.08,1.5173
17768,group_reduced_formula,1000,dummy_mean,1.82,1.5173
17773,group_reduced_formula,1000,dummy_mean,1.28,1.5173
17787,group_reduced_formula,1000,dummy_mean,1.14,1.5173
17797,group_reduced_formula,1000,dummy_mean,1.54,1.5173
17798,group_reduced_formula,1000,dummy_mean,0.86,1.5173
17802,group_reduced_formula,1000,dummy_mean,0.42,1.5173
17830,group_reduced_formula,1000,dummy_mean,1.44,1.5173
17833,group_reduced_formula,1000,dummy_mean,2.16,1.5173
17839,group_reduced_formula,1000,dummy_mean,1.72,1.5173
17840,group_reduced_formula,1000,dummy_mean,1.32,1.5173
17843,group_reduced_formula,1000,dummy_mean,2.24,1.5173
17844,group_reduced_formula,1000,dummy_mean,2.92,1.5173
17855,group_reduced_formula,1000,dummy_mean,2.14,1.5173
17864,group_reduced_formula,1000,dummy_mean,0.84,1.5173
17872,group_reduced_formula,1000,dummy_mean,2.18,1.5173
17873,group_reduced_formula,1000,dummy_mean,1.0,1.5173
17880,group_reduced_formula,1000,dummy_mean,1.56,1.5173
17881,group_reduced_formula,1000,dummy_mean,1.02,1.5173
17896,group_reduced_formula,1000,dummy_mean,2.38,1.5173
17897,group_reduced_formula,1000,dummy_mean,1.1,1.5173
17898,group_reduced_formula,1000,dummy_mean,1.18,1.5173
17904,group_reduced_formula,1000,dummy_mean,0.56,1.5173
17906,group_reduced_formula,1000,dummy_mean,1.62,1.5173
17909,group_reduced_formula,1000,dummy_mean,1.42,1.5173
17919,group_reduced_formula,1000,dummy_mean,2.5,1.5173
17920,group_reduced_formula,1000,dummy_mean,0.8,1.5173
17925,group_reduced_formula,1000,dummy_mean,2.02,1.5173
17935,group_reduced_formula,1000,dummy_mean,0.98,1.5173
17937,group_reduced_formula,1000,dummy_mean,0.68,1.5173
17968,group_reduced_formula,1000,dummy_mean,1.16,1.5173
17978,group_reduced_formula,1000,dummy_mean,1.26,1.5173
17996,group_reduced_formula,1000,dummy_mean,1.24,1.5173
18002,group_reduced_formula,1000,dummy_mean,2.54,1.5173
18006,group_reduced_formula,1000,dummy_mean,1.96,1.5173
18008,group_reduced_formula,1000,dummy_mean,1.14,1.5173
18009,group_reduced_formula,1000,dummy_mean,2.14,1.5173
18025,group_reduced_formula,1000,dummy_mean,0.62,1.5173
18036,group_reduced_formula,1000,dummy_mean,1.1,1.5173
18058,group_reduced_formula,1000,dummy_mean,1.42,1.5173
18062,group_reduced_formula,1000,dummy_mean,1.62,1.5173
18091,group_reduced_formula,1000,dummy_mean,2.52,1.5173
18100,group_reduced_formula,1000,dummy_mean,2.4,1.5173
18127,group_reduced_formula,1000,dummy_mean,0.72,1.5173
18147,group_reduced_formula,1000,dummy_mean,0.6,1.5173
18151,group_reduced_formula,1000,dummy_mean,1.06,1.5173
18165,group_reduced_formula,1000,dummy_mean,1.06,1.5173
18207,group_reduced_formula,1000,dummy_mean,0.9,1.5173
18213,group_reduced_formula,1000,dummy_mean,1.2,1.5173
18221,group_reduced_formula,1000,dummy_mean,1.64,1.5173
18224,group_reduced_formula,1000,dummy_mean,1.42,1.5173
18226,group_reduced_formula,1000,dummy_mean,0.76,1.5173
18229,group_reduced_formula,1000,dummy_mean,1.1,1.5173
18236,group_reduced_formula,1000,dummy_mean,1.7,1.5173
18242,group_reduced_formula,1000,dummy_mean,0.92,1.5173
18243,group_reduced_formula,1000,dummy_mean,1.4,1.5173
18248,group_reduced_formula,1000,dummy_mean,1.18,1.5173
18251,group_reduced_formula,1000,dummy_mean,0.42,1.5173
18252,group_reduced_formula,1000,dummy_mean,2.46,1.5173
18258,group_reduced_formula,1000,dummy_mean,1.22,1.5173
18269,group_reduced_formula,1000,dummy_mean,2.58,1.5173
18270,group_reduced_formula,1000,dummy_mean,0.88,1.5173
18272,group_reduced_formula,1000,dummy_mean,1.18,1.5173
18274,group_reduced_formula,1000,dummy_mean,1.08,1.5173
18277,group_reduced_formula,1000,dummy_mean,2.12,1.5173
18289,group_reduced_formula,1000,dummy_mean,1.62,1.5173
18290,group_reduced_formula,1000,dummy_mean,1.28,1.5173
18296,group_reduced_formula,1000,dummy_mean,1.78,1.5173
18298,group_reduced_formula,1000,dummy_mean,0.9,1.5173
18299,group_reduced_formula,1000,dummy_mean,2.3,1.5173
18300,group_reduced_formula,1000,dummy_mean,0.54,1.5173
18311,group_reduced_formula,1000,dummy_mean,1.22,1.5173
18321,group_reduced_formula,1000,dummy_mean,0.86,1.5173
18324,group_reduced_formula,1000,dummy_mean,1.96,1.5173
18325,group_reduced_formula,1000,dummy_mean,1.66,1.5173
18335,group_reduced_formula,1000,dummy_mean,1.22,1.5173
18350,group_reduced_formula,1000,dummy_mean,2.06,1.5173
18354,group_reduced_formula,1000,dummy_mean,0.2,1.5173
18360,group_reduced_formula,1000,dummy_mean,0.84,1.5173
18362,group_reduced_formula,1000,dummy_mean,0.72,1.5173
18387,group_reduced_formula,1000,dummy_mean,1.92,1.5173
18389,group_reduced_formula,1000,dummy_mean,2.18,1.5173
18393,group_reduced_formula,1000,dummy_mean,0.94,1.5173
18414,group_reduced_formula,1000,dummy_mean,1.1,1.5173
18435,group_reduced_formula,1000,dummy_mean,0.72,1.5173
18439,group_reduced_formula,1000,dummy_mean,2.42,1.5173
18447,group_reduced_formula,1000,dummy_mean,1.84,1.5173
18459,group_reduced_formula,1000,dummy_mean,0.58,1.5173
18466,group_reduced_formula,1000,dummy_mean,1.4,1.5173
18468,group_reduced_formula,1000,dummy_mean,1.68,1.5173
18472,group_reduced_formula,1000,dummy_mean,1.76,1.5173
18497,group_reduced_formula,1000,dummy_mean,1.22,1.5173
18509,group_reduced_formula,1000,dummy_mean,1.58,1.5173
18514,group_reduced_formula,1000,dummy_mean,1.08,1.5173
18519,group_reduced_formula,1000,dummy_mean,1.36,1.5173
18557,group_reduced_formula,1000,dummy_mean,-0.08,1.5173
18583,group_reduced_formula,1000,dummy_mean,1.3,1.5173
18588,group_reduced_formula,1000,dummy_mean,2.52,1.5173
18606,group_reduced_formula,1000,dummy_mean,0.78,1.5173
18607,group_reduced_formula,1000,dummy_mean,1.6,1.5173
18615,group_reduced_formula,1000,dummy_mean,2.06,1.5173
18620,group_reduced_formula,1000,dummy_mean,0.68,1.5173
18634,group_reduced_formula,1000,dummy_mean,2.96,1.5173
18639,group_reduced_formula,1000,dummy_mean,1.3,1.5173
18641,group_reduced_formula,1000,dummy_mean,1.62,1.5173
18648,group_reduced_formula,1000,dummy_mean,1.32,1.5173
18662,group_reduced_formula,1000,dummy_mean,1.56,1.5173
18668,group_reduced_formula,1000,dummy_mean,1.44,1.5173
18669,group_reduced_formula,1000,dummy_mean,0.6,1.5173
18673,group_reduced_formula,1000,dummy_mean,2.62,1.5173
18686,group_reduced_formula,1000,dummy_mean,0.3,1.5173
18709,group_reduced_formula,1000,dummy_mean,1.24,1.5173
18715,group_reduced_formula,1000,dummy_mean,1.82,1.5173
18730,group_reduced_formula,1000,dummy_mean,1.12,1.5173
18734,group_reduced_formula,1000,dummy_mean,1.42,1.5173
18736,group_reduced_formula,1000,dummy_mean,0.56,1.5173
18737,group_reduced_formula,1000,dummy_mean,1.58,1.5173
18753,group_reduced_formula,1000,dummy_mean,1.32,1.5173
18756,group_reduced_formula,1000,dummy_mean,1.44,1.5173
18757,group_reduced_formula,1000,dummy_mean,0.94,1.5173
18794,group_reduced_formula,1000,dummy_mean,1.98,1.5173
18795,group_reduced_formula,1000,dummy_mean,0.98,1.5173
18796,group_reduced_formula,1000,dummy_mean,1.54,1.5173
18805,group_reduced_formula,1000,dummy_mean,2.0,1.5173
18806,group_reduced_formula,1000,dummy_mean,-0.24,1.5173
18808,group_reduced_formula,1000,dummy_mean,1.5,1.5173
18825,group_reduced_formula,1000,dummy_mean,0.68,1.5173
18840,group_reduced_formula,1000,dummy_mean,0.9,1.5173
18843,group_reduced_formula,1000,dummy_mean,1.14,1.5173
18848,group_reduced_formula,1000,dummy_mean,1.76,1.5173
18874,group_reduced_formula,1000,dummy_mean,0.86,1.5173
18876,group_reduced_formula,1000,dummy_mean,1.48,1.5173
18888,group_reduced_formula,1000,dummy_mean,1.28,1.5173
18901,group_reduced_formula,1000,dummy_mean,0.76,1.5173
18904,group_reduced_formula,1000,dummy_mean,2.36,1.5173
18922,group_reduced_formula,1000,dummy_mean,1.78,1.5173
18923,group_reduced_formula,1000,dummy_mean,1.66,1.5173
18925,group_reduced_formula,1000,dummy_mean,1.5,1.5173
