sample_id,split_strategy,budget_label,model,y_true,y_pred
5,group_reduced_formula,8000,dummy_mean,1.48,1.4770050000000001
19,group_reduced_formula,8000,dummy_mean,0.46,1.4770050000000001
48,group_reduced_formula,8000,dummy_mean,2.84,1.4770050000000001
55,group_reduced_formula,8000,dummy_mean,1.36,1.4770050000000001
56,group_reduced_formula,8000,dummy_mean,1.78,1.4770050000000001
59,group_reduced_formula,8000,dummy_mean,0.64,1.4770050000000001
70,group_reduced_formula,8000,dummy_mean,1.08,1.4770050000000001
83,group_reduced_formula,8000,dummy_mean,0.96,1.4770050000000001
91,group_reduced_formula,8000,dummy_mean,1.32,1.4770050000000001
114,group_reduced_formula,8000,dummy_mean,1.3,1.4770050000000001
127,group_reduced_formula,8000,dummy_mean,0.48,1.4770050000000001
133,group_reduced_formula,8000,dummy_mean,1.14,1.4770050000000001
150,group_reduced_formula,8000,dummy_mean,1.26,1.4770050000000001
204,group_reduced_formula,8000,dummy_mean,4.18,1.4770050000000001
220,group_reduced_formula,8000,dummy_mean,0.92,1.4770050000000001
222,group_reduced_formula,8000,dummy_mean,1.16,1.4770050000000001
225,group_reduced_formula,8000,dummy_mean,1.22,1.4770050000000001
233,group_reduced_formula,8000,dummy_mean,0.98,1.4770050000000001
242,group_reduced_formula,8000,dummy_mean,1.98,1.4770050000000001
252,group_reduced_formula,8000,dummy_mean,1.16,1.4770050000000001
256,group_reduced_formula,8000,dummy_mean,1.08,1.4770050000000001
261,group_reduced_formula,8000,dummy_mean,0.92,1.4770050000000001
275,group_reduced_formula,8000,dummy_mean,1.14,1.4770050000000001
279,group_reduced_formula,8000,dummy_mean,1.7,1.4770050000000001
283,group_reduced_formula,8000,dummy_mean,1.66,1.4770050000000001
289,group_reduced_formula,8000,dummy_mean,1.02,1.4770050000000001
295,group_reduced_formula,8000,dummy_mean,1.2,1.4770050000000001
311,group_reduced_formula,8000,dummy_mean,3.84,1.4770050000000001
314,group_reduced_formula,8000,dummy_mean,1.26,1.4770050000000001
316,group_reduced_formula,8000,dummy_mean,0.3,1.4770050000000001
319,group_reduced_formula,8000,dummy_mean,0.4,1.4770050000000001
321,group_reduced_formula,8000,dummy_mean,1.74,1.4770050000000001
327,group_reduced_formula,8000,dummy_mean,1.18,1.4770050000000001
336,group_reduced_formula,8000,dummy_mean,1.84,1.4770050000000001
341,group_reduced_formula,8000,dummy_mean,1.08,1.4770050000000001
361,group_reduced_formula,8000,dummy_mean,0.8,1.4770050000000001
366,group_reduced_formula,8000,dummy_mean,0.5,1.4770050000000001
378,group_reduced_formula,8000,dummy_mean,2.44,1.4770050000000001
382,group_reduced_formula,8000,dummy_mean,1.96,1.4770050000000001
387,group_reduced_formula,8000,dummy_mean,2.02,1.4770050000000001
399,group_reduced_formula,8000,dummy_mean,1.02,1.4770050000000001
422,group_reduced_formula,8000,dummy_mean,1.36,1.4770050000000001
424,group_reduced_formula,8000,dummy_mean,1.9,1.4770050000000001
445,group_reduced_formula,8000,dummy_mean,2.3,1.4770050000000001
452,group_reduced_formula,8000,dummy_mean,1.44,1.4770050000000001
478,group_reduced_formula,8000,dummy_mean,1.88,1.4770050000000001
490,group_reduced_formula,8000,dummy_mean,1.36,1.4770050000000001
494,group_reduced_formula,8000,dummy_mean,3.42,1.4770050000000001
518,group_reduced_formula,8000,dummy_mean,0.84,1.4770050000000001
524,group_reduced_formula,8000,dummy_mean,1.1,1.4770050000000001
535,group_reduced_formula,8000,dummy_mean,1.16,1.4770050000000001
559,group_reduced_formula,8000,dummy_mean,2.6,1.4770050000000001
573,group_reduced_formula,8000,dummy_mean,1.22,1.4770050000000001
589,group_reduced_formula,8000,dummy_mean,1.1,1.4770050000000001
600,group_reduced_formula,8000,dummy_mean,1.8,1.4770050000000001
602,group_reduced_formula,8000,dummy_mean,1.52,1.4770050000000001
605,group_reduced_formula,8000,dummy_mean,1.04,1.4770050000000001
617,group_reduced_formula,8000,dummy_mean,0.76,1.4770050000000001
627,group_reduced_formula,8000,dummy_mean,1.44,1.4770050000000001
629,group_reduced_formula,8000,dummy_mean,0.6,1.4770050000000001
630,group_reduced_formula,8000,dummy_mean,1.84,1.4770050000000001
636,group_reduced_formula,8000,dummy_mean,1.88,1.4770050000000001
638,group_reduced_formula,8000,dummy_mean,0.94,1.4770050000000001
649,group_reduced_formula,8000,dummy_mean,0.68,1.4770050000000001
664,group_reduced_formula,8000,dummy_mean,1.82,1.4770050000000001
667,group_reduced_formula,8000,dummy_mean,2.02,1.4770050000000001
670,group_reduced_formula,8000,dummy_mean,0.62,1.4770050000000001
689,group_reduced_formula,8000,dummy_mean,1.18,1.4770050000000001
692,group_reduced_formula,8000,dummy_mean,1.94,1.4770050000000001
693,group_reduced_formula,8000,dummy_mean,0.52,1.4770050000000001
695,group_reduced_formula,8000,dummy_mean,2.46,1.4770050000000001
699,group_reduced_formula,8000,dummy_mean,1.18,1.4770050000000001
704,group_reduced_formula,8000,dummy_mean,1.14,1.4770050000000001
709,group_reduced_formula,8000,dummy_mean,2.0,1.4770050000000001
719,group_reduced_formula,8000,dummy_mean,1.9,1.4770050000000001
721,group_reduced_formula,8000,dummy_mean,2.1,1.4770050000000001
753,group_reduced_formula,8000,dummy_mean,0.52,1.4770050000000001
754,group_reduced_formula,8000,dummy_mean,1.3,1.4770050000000001
793,group_reduced_formula,8000,dummy_mean,1.24,1.4770050000000001
796,group_reduced_formula,8000,dummy_mean,1.2,1.4770050000000001
812,group_reduced_formula,8000,dummy_mean,0.48,1.4770050000000001
818,group_reduced_formula,8000,dummy_mean,1.08,1.4770050000000001
832,group_reduced_formula,8000,dummy_mean,1.24,1.4770050000000001
882,group_reduced_formula,8000,dummy_mean,1.96,1.4770050000000001
890,group_reduced_formula,8000,dummy_mean,0.56,1.4770050000000001
892,group_reduced_formula,8000,dummy_mean,1.46,1.4770050000000001
899,group_reduced_formula,8000,dummy_mean,0.66,1.4770050000000001
904,group_reduced_formula,8000,dummy_mean,1.66,1.4770050000000001
945,group_reduced_formula,8000,dummy_mean,2.02,1.4770050000000001
958,group_reduced_formula,8000,dummy_mean,1.4,1.4770050000000001
959,group_reduced_formula,8000,dummy_mean,1.04,1.4770050000000001
970,group_reduced_formula,8000,dummy_mean,1.28,1.4770050000000001
985,group_reduced_formula,8000,dummy_mean,2.66,1.4770050000000001
992,group_reduced_formula,8000,dummy_mean,2.46,1.4770050000000001
996,group_reduced_formula,8000,dummy_mean,1.28,1.4770050000000001
997,group_reduced_formula,8000,dummy_mean,1.4,1.4770050000000001
1004,group_reduced_formula,8000,dummy_mean,0.72,1.4770050000000001
1020,group_reduced_formula,8000,dummy_mean,0.72,1.4770050000000001
1027,group_reduced_formula,8000,dummy_mean,1.38,1.4770050000000001
1032,group_reduced_formula,8000,dummy_mean,0.84,1.4770050000000001
1037,group_reduced_formula,8000,dummy_mean,2.62,1.4770050000000001
1047,group_reduced_formula,8000,dummy_mean,1.04,1.4770050000000001
1058,group_reduced_formula,8000,dummy_mean,1.2,1.4770050000000001
1059,group_reduced_formula,8000,dummy_mean,0.96,1.4770050000000001
1070,group_reduced_formula,8000,dummy_mean,0.78,1.4770050000000001
1078,group_reduced_formula,8000,dummy_mean,1.74,1.4770050000000001
1106,group_reduced_formula,8000,dummy_mean,1.42,1.4770050000000001
1112,group_reduced_formula,8000,dummy_mean,1.02,1.4770050000000001
1125,group_reduced_formula,8000,dummy_mean,0.56,1.4770050000000001
1129,group_reduced_formula,8000,dummy_mean,2.06,1.4770050000000001
1135,group_reduced_formula,8000,dummy_mean,0.6,1.4770050000000001
1159,group_reduced_formula,8000,dummy_mean,1.86,1.4770050000000001
1180,group_reduced_formula,8000,dummy_mean,0.98,1.4770050000000001
1181,group_reduced_formula,8000,dummy_mean,1.04,1.4770050000000001
1204,group_reduced_formula,8000,dummy_mean,2.16,1.4770050000000001
1220,group_reduced_formula,8000,dummy_mean,0.76,1.4770050000000001
1221,group_reduced_formula,8000,dummy_mean,2.44,1.4770050000000001
1240,group_reduced_formula,8000,dummy_mean,1.7,1.4770050000000001
1247,group_reduced_formula,8000,dummy_mean,1.9,1.4770050000000001
1248,group_reduced_formula,8000,dummy_mean,2.28,1.4770050000000001
1274,group_reduced_formula,8000,dummy_mean,1.18,1.4770050000000001
1330,group_reduced_formula,8000,dummy_mean,1.02,1.4770050000000001
1331,group_reduced_formula,8000,dummy_mean,1.4,1.4770050000000001
1342,group_reduced_formula,8000,dummy_mean,0.42,1.4770050000000001
1343,group_reduced_formula,8000,dummy_mean,2.02,1.4770050000000001
1357,group_reduced_formula,8000,dummy_mean,1.92,1.4770050000000001
1371,group_reduced_formula,8000,dummy_mean,1.26,1.4770050000000001
1377,group_reduced_formula,8000,dummy_mean,1.34,1.4770050000000001
1393,group_reduced_formula,8000,dummy_mean,1.24,1.4770050000000001
1404,group_reduced_formula,8000,dummy_mean,1.68,1.4770050000000001
1405,group_reduced_formula,8000,dummy_mean,1.46,1.4770050000000001
1408,group_reduced_formula,8000,dummy_mean,0.9,1.4770050000000001
1414,group_reduced_formula,8000,dummy_mean,0.54,1.4770050000000001
1415,group_reduced_formula,8000,dummy_mean,0.88,1.4770050000000001
1421,group_reduced_formula,8000,dummy_mean,1.04,1.4770050000000001
1430,group_reduced_formula,8000,dummy_mean,0.62,1.4770050000000001
1453,group_reduced_formula,8000,dummy_mean,0.78,1.4770050000000001
1464,group_reduced_formula,8000,dummy_mean,1.52,1.4770050000000001
1465,group_reduced_formula,8000,dummy_mean,1.42,1.4770050000000001
1492,group_reduced_formula,8000,dummy_mean,1.14,1.4770050000000001
1507,group_reduced_formula,8000,dummy_mean,1.92,1.4770050000000001
1510,group_reduced_formula,8000,dummy_mean,1.84,1.4770050000000001
1513,group_reduced_formula,8000,dummy_mean,1.52,1.4770050000000001
1516,group_reduced_formula,8000,dummy_mean,2.64,1.4770050000000001
1519,group_reduced_formula,8000,dummy_mean,0.74,1.4770050000000001
1520,group_reduced_formula,8000,dummy_mean,1.64,1.4770050000000001
1522,group_reduced_formula,8000,dummy_mean,0.94,1.4770050000000001
1533,group_reduced_formula,8000,dummy_mean,0.46,1.4770050000000001
1541,group_reduced_formula,8000,dummy_mean,2.1,1.4770050000000001
1552,group_reduced_formula,8000,dummy_mean,2.88,1.4770050000000001
1560,group_reduced_formula,8000,dummy_mean,1.46,1.4770050000000001
1578,group_reduced_formula,8000,dummy_mean,1.58,1.4770050000000001
1581,group_reduced_formula,8000,dummy_mean,2.04,1.4770050000000001
1589,group_reduced_formula,8000,dummy_mean,3.06,1.4770050000000001
1597,group_reduced_formula,8000,dummy_mean,1.1,1.4770050000000001
1598,group_reduced_formula,8000,dummy_mean,0.98,1.4770050000000001
1601,group_reduced_formula,8000,dummy_mean,1.46,1.4770050000000001
1607,group_reduced_formula,8000,dummy_mean,1.42,1.4770050000000001
1609,group_reduced_formula,8000,dummy_mean,2.22,1.4770050000000001
1628,group_reduced_formula,8000,dummy_mean,3.2,1.4770050000000001
1648,group_reduced_formula,8000,dummy_mean,1.62,1.4770050000000001
1652,group_reduced_formula,8000,dummy_mean,1.24,1.4770050000000001
1663,group_reduced_formula,8000,dummy_mean,1.18,1.4770050000000001
1683,group_reduced_formula,8000,dummy_mean,1.94,1.4770050000000001
1692,group_reduced_formula,8000,dummy_mean,1.1,1.4770050000000001
1707,group_reduced_formula,8000,dummy_mean,2.0,1.4770050000000001
1711,group_reduced_formula,8000,dummy_mean,1.14,1.4770050000000001
1723,group_reduced_formula,8000,dummy_mean,1.36,1.4770050000000001
1725,group_reduced_formula,8000,dummy_mean,1.84,1.4770050000000001
1727,group_reduced_formula,8000,dummy_mean,1.76,1.4770050000000001
1734,group_reduced_formula,8000,dummy_mean,0.98,1.4770050000000001
1770,group_reduced_formula,8000,dummy_mean,0.96,1.4770050000000001
1783,group_reduced_formula,8000,dummy_mean,1.68,1.4770050000000001
1792,group_reduced_formula,8000,dummy_mean,1.6,1.4770050000000001
1821,group_reduced_formula,8000,dummy_mean,1.46,1.4770050000000001
1822,group_reduced_formula,8000,dummy_mean,0.18,1.4770050000000001
1833,group_reduced_formula,8000,dummy_mean,1.44,1.4770050000000001
1848,group_reduced_formula,8000,dummy_mean,2.92,1.4770050000000001
1856,group_reduced_formula,8000,dummy_mean,2.0,1.4770050000000001
1868,group_reduced_formula,8000,dummy_mean,1.04,1.4770050000000001
1875,group_reduced_formula,8000,dummy_mean,1.88,1.4770050000000001
1881,group_reduced_formula,8000,dummy_mean,2.1,1.4770050000000001
1891,group_reduced_formula,8000,dummy_mean,1.74,1.4770050000000001
1898,group_reduced_formula,8000,dummy_mean,0.94,1.4770050000000001
1900,group_reduced_formula,8000,dummy_mean,1.34,1.4770050000000001
1906,group_reduced_formula,8000,dummy_mean,0.78,1.4770050000000001
1909,group_reduced_formula,8000,dummy_mean,1.72,1.4770050000000001
1919,group_reduced_formula,8000,dummy_mean,1.04,1.4770050000000001
1923,group_reduced_formula,8000,dummy_mean,0.98,1.4770050000000001
1928,group_reduced_formula,8000,dummy_mean,1.78,1.4770050000000001
1940,group_reduced_formula,8000,dummy_mean,2.08,1.4770050000000001
1948,group_reduced_formula,8000,dummy_mean,2.04,1.4770050000000001
1949,group_reduced_formula,8000,dummy_mean,1.2,1.4770050000000001
1957,group_reduced_formula,8000,dummy_mean,2.22,1.4770050000000001
1963,group_reduced_formula,8000,dummy_mean,1.16,1.4770050000000001
1981,group_reduced_formula,8000,dummy_mean,1.96,1.4770050000000001
2016,group_reduced_formula,8000,dummy_mean,1.44,1.4770050000000001
2025,group_reduced_formula,8000,dummy_mean,2.64,1.4770050000000001
2039,group_reduced_formula,8000,dummy_mean,1.28,1.4770050000000001
2040,group_reduced_formula,8000,dummy_mean,1.2,1.4770050000000001
2052,group_reduced_formula,8000,dummy_mean,1.18,1.4770050000000001
2053,group_reduced_formula,8000,dummy_mean,3.36,1.4770050000000001
2072,group_reduced_formula,8000,dummy_mean,1.32,1.4770050000000001
2089,group_reduced_formula,8000,dummy_mean,1.9,1.4770050000000001
2091,group_reduced_formula,8000,dummy_mean,1.3,1.4770050000000001
2092,group_reduced_formula,8000,dummy_mean,0.62,1.4770050000000001
2121,group_reduced_formula,8000,dummy_mean,1.7,1.4770050000000001
2132,group_reduced_formula,8000,dummy_mean,1.56,1.4770050000000001
2139,group_reduced_formula,8000,dummy_mean,0.98,1.4770050000000001
2146,group_reduced_formula,8000,dummy_mean,0.22,1.4770050000000001
2159,group_reduced_formula,8000,dummy_mean,2.72,1.4770050000000001
2184,group_reduced_formula,8000,dummy_mean,2.34,1.4770050000000001
2189,group_reduced_formula,8000,dummy_mean,1.44,1.4770050000000001
2198,group_reduced_formula,8000,dummy_mean,1.26,1.4770050000000001
2205,group_reduced_formula,8000,dummy_mean,0.5,1.4770050000000001
2231,group_reduced_formula,8000,dummy_mean,1.0,1.4770050000000001
2253,group_reduced_formula,8000,dummy_mean,0.96,1.4770050000000001
2258,group_reduced_formula,8000,dummy_mean,1.58,1.4770050000000001
2259,group_reduced_formula,8000,dummy_mean,1.82,1.4770050000000001
2266,group_reduced_formula,8000,dummy_mean,1.88,1.4770050000000001
2276,group_reduced_formula,8000,dummy_mean,1.52,1.4770050000000001
2281,group_reduced_formula,8000,dummy_mean,1.98,1.4770050000000001
2282,group_reduced_formula,8000,dummy_mean,3.26,1.4770050000000001
2284,group_reduced_formula,8000,dummy_mean,1.76,1.4770050000000001
2287,group_reduced_formula,8000,dummy_mean,2.64,1.4770050000000001
2296,group_reduced_formula,8000,dummy_mean,1.36,1.4770050000000001
2297,group_reduced_formula,8000,dummy_mean,1.5,1.4770050000000001
2302,group_reduced_formula,8000,dummy_mean,2.02,1.4770050000000001
2315,group_reduced_formula,8000,dummy_mean,0.82,1.4770050000000001
2326,group_reduced_formula,8000,dummy_mean,1.34,1.4770050000000001
2334,group_reduced_formula,8000,dummy_mean,0.38,1.4770050000000001
2340,group_reduced_formula,8000,dummy_mean,2.28,1.4770050000000001
2342,group_reduced_formula,8000,dummy_mean,1.18,1.4770050000000001
2351,group_reduced_formula,8000,dummy_mean,1.4,1.4770050000000001
2383,group_reduced_formula,8000,dummy_mean,1.24,1.4770050000000001
2391,group_reduced_formula,8000,dummy_mean,0.1,1.4770050000000001
2440,group_reduced_formula,8000,dummy_mean,1.26,1.4770050000000001
2451,group_reduced_formula,8000,dummy_mean,2.0,1.4770050000000001
2462,group_reduced_formula,8000,dummy_mean,1.1,1.4770050000000001
2466,group_reduced_formula,8000,dummy_mean,2.14,1.4770050000000001
2471,group_reduced_formula,8000,dummy_mean,0.68,1.4770050000000001
2474,group_reduced_formula,8000,dummy_mean,2.92,1.4770050000000001
2476,group_reduced_formula,8000,dummy_mean,0.82,1.4770050000000001
2481,group_reduced_formula,8000,dummy_mean,1.02,1.4770050000000001
2503,group_reduced_formula,8000,dummy_mean,1.2,1.4770050000000001
2516,group_reduced_formula,8000,dummy_mean,1.24,1.4770050000000001
2544,group_reduced_formula,8000,dummy_mean,1.54,1.4770050000000001
2556,group_reduced_formula,8000,dummy_mean,2.68,1.4770050000000001
2557,group_reduced_formula,8000,dummy_mean,1.04,1.4770050000000001
2595,group_reduced_formula,8000,dummy_mean,0.98,1.4770050000000001
2600,group_reduced_formula,8000,dummy_mean,1.56,1.4770050000000001
2617,group_reduced_formula,8000,dummy_mean,2.58,1.4770050000000001
2618,group_reduced_formula,8000,dummy_mean,1.54,1.4770050000000001
2636,group_reduced_formula,8000,dummy_mean,2.18,1.4770050000000001
2643,group_reduced_formula,8000,dummy_mean,2.6,1.4770050000000001
2666,group_reduced_formula,8000,dummy_mean,1.04,1.4770050000000001
2683,group_reduced_formula,8000,dummy_mean,1.42,1.4770050000000001
2687,group_reduced_formula,8000,dummy_mean,1.44,1.4770050000000001
2704,group_reduced_formula,8000,dummy_mean,1.24,1.4770050000000001
2707,group_reduced_formula,8000,dummy_mean,2.76,1.4770050000000001
2710,group_reduced_formula,8000,dummy_mean,0.92,1.4770050000000001
2713,group_reduced_formula,8000,dummy_mean,1.66,1.4770050000000001
2721,group_reduced_formula,8000,dummy_mean,1.6,1.4770050000000001
2723,group_reduced_formula,8000,dummy_mean,0.78,1.4770050000000001
2729,group_reduced_formula,8000,dummy_mean,2.34,1.4770050000000001
2734,group_reduced_formula,8000,dummy_mean,1.36,1.4770050000000001
2740,group_reduced_formula,8000,dummy_mean,1.16,1.4770050000000001
2741,group_reduced_formula,8000,dummy_mean,0.9,1.4770050000000001
2748,group_reduced_formula,8000,dummy_mean,1.6,1.4770050000000001
2773,group_reduced_formula,8000,dummy_mean,1.56,1.4770050000000001
2775,group_reduced_formula,8000,dummy_mean,1.84,1.4770050000000001
2792,group_reduced_formula,8000,dummy_mean,2.1,1.4770050000000001
2797,group_reduced_formula,8000,dummy_mean,1.14,1.4770050000000001
2814,group_reduced_formula,8000,dummy_mean,1.42,1.4770050000000001
2829,group_reduced_formula,8000,dummy_mean,1.64,1.4770050000000001
2831,group_reduced_formula,8000,dummy_mean,0.88,1.4770050000000001
2835,group_reduced_formula,8000,dummy_mean,0.52,1.4770050000000001
2839,group_reduced_formula,8000,dummy_mean,0.92,1.4770050000000001
2841,group_reduced_formula,8000,dummy_mean,1.7,1.4770050000000001
2845,group_reduced_formula,8000,dummy_mean,2.2,1.4770050000000001
2861,group_reduced_formula,8000,dummy_mean,1.2,1.4770050000000001
2884,group_reduced_formula,8000,dummy_mean,3.54,1.4770050000000001
2887,group_reduced_formula,8000,dummy_mean,1.94,1.4770050000000001
2897,group_reduced_formula,8000,dummy_mean,1.82,1.4770050000000001
2909,group_reduced_formula,8000,dummy_mean,3.46,1.4770050000000001
2927,group_reduced_formula,8000,dummy_mean,1.14,1.4770050000000001
2933,group_reduced_formula,8000,dummy_mean,1.2,1.4770050000000001
2942,group_reduced_formula,8000,dummy_mean,2.16,1.4770050000000001
2943,group_reduced_formula,8000,dummy_mean,1.72,1.4770050000000001
2947,group_reduced_formula,8000,dummy_mean,0.44,1.4770050000000001
2952,group_reduced_formula,8000,dummy_mean,1.1,1.4770050000000001
2953,group_reduced_formula,8000,dummy_mean,1.48,1.4770050000000001
2959,group_reduced_formula,8000,dummy_mean,1.54,1.4770050000000001
2964,group_reduced_formula,8000,dummy_mean,1.68,1.4770050000000001
2968,group_reduced_formula,8000,dummy_mean,2.42,1.4770050000000001
2989,group_reduced_formula,8000,dummy_mean,0.92,1.4770050000000001
2996,group_reduced_formula,8000,dummy_mean,0.58,1.4770050000000001
3004,group_reduced_formula,8000,dummy_mean,0.26,1.4770050000000001
3021,group_reduced_formula,8000,dummy_mean,0.38,1.4770050000000001
3022,group_reduced_formula,8000,dummy_mean,1.26,1.4770050000000001
3041,group_reduced_formula,8000,dummy_mean,1.82,1.4770050000000001
3045,group_reduced_formula,8000,dummy_mean,2.86,1.4770050000000001
3054,group_reduced_formula,8000,dummy_mean,0.78,1.4770050000000001
3082,group_reduced_formula,8000,dummy_mean,1.46,1.4770050000000001
3093,group_reduced_formula,8000,dummy_mean,1.1,1.4770050000000001
3128,group_reduced_formula,8000,dummy_mean,1.34,1.4770050000000001
3149,group_reduced_formula,8000,dummy_mean,1.34,1.4770050000000001
3158,group_reduced_formula,8000,dummy_mean,1.52,1.4770050000000001
3164,group_reduced_formula,8000,dummy_mean,0.72,1.4770050000000001
3181,group_reduced_formula,8000,dummy_mean,0.68,1.4770050000000001
3184,group_reduced_formula,8000,dummy_mean,0.92,1.4770050000000001
3195,group_reduced_formula,8000,dummy_mean,0.98,1.4770050000000001
3220,group_reduced_formula,8000,dummy_mean,0.82,1.4770050000000001
3222,group_reduced_formula,8000,dummy_mean,0.84,1.4770050000000001
3223,group_reduced_formula,8000,dummy_mean,2.0,1.4770050000000001
3238,group_reduced_formula,8000,dummy_mean,1.54,1.4770050000000001
3244,group_reduced_formula,8000,dummy_mean,0.78,1.4770050000000001
3252,group_reduced_formula,8000,dummy_mean,1.24,1.4770050000000001
3258,group_reduced_formula,8000,dummy_mean,1.08,1.4770050000000001
3272,group_reduced_formula,8000,dummy_mean,2.32,1.4770050000000001
3275,group_reduced_formula,8000,dummy_mean,1.04,1.4770050000000001
3278,group_reduced_formula,8000,dummy_mean,3.68,1.4770050000000001
3281,group_reduced_formula,8000,dummy_mean,1.8,1.4770050000000001
3298,group_reduced_formula,8000,dummy_mean,0.42,1.4770050000000001
3324,group_reduced_formula,8000,dummy_mean,2.18,1.4770050000000001
3331,group_reduced_formula,8000,dummy_mean,2.7,1.4770050000000001
3350,group_reduced_formula,8000,dummy_mean,1.6,1.4770050000000001
3353,group_reduced_formula,8000,dummy_mean,0.34,1.4770050000000001
3373,group_reduced_formula,8000,dummy_mean,0.48,1.4770050000000001
3378,group_reduced_formula,8000,dummy_mean,2.84,1.4770050000000001
3381,group_reduced_formula,8000,dummy_mean,1.2,1.4770050000000001
3385,group_reduced_formula,8000,dummy_mean,0.94,1.4770050000000001
3389,group_reduced_formula,8000,dummy_mean,1.28,1.4770050000000001
3391,group_reduced_formula,8000,dummy_mean,0.56,1.4770050000000001
3404,group_reduced_formula,8000,dummy_mean,0.76,1.4770050000000001
3413,group_reduced_formula,8000,dummy_mean,0.56,1.4770050000000001
3417,group_reduced_formula,8000,dummy_mean,1.02,1.4770050000000001
3418,group_reduced_formula,8000,dummy_mean,0.86,1.4770050000000001
3429,group_reduced_formula,8000,dummy_mean,1.7,1.4770050000000001
3442,group_reduced_formula,8000,dummy_mean,0.94,1.4770050000000001
3451,group_reduced_formula,8000,dummy_mean,1.34,1.4770050000000001
3454,group_reduced_formula,8000,dummy_mean,0.98,1.4770050000000001
3461,group_reduced_formula,8000,dummy_mean,2.12,1.4770050000000001
3490,group_reduced_formula,8000,dummy_mean,0.48,1.4770050000000001
3491,group_reduced_formula,8000,dummy_mean,1.74,1.4770050000000001
3492,group_reduced_formula,8000,dummy_mean,0.6,1.4770050000000001
3493,group_reduced_formula,8000,dummy_mean,0.78,1.4770050000000001
3502,group_reduced_formula,8000,dummy_mean,1.6,1.4770050000000001
3504,group_reduced_formula,8000,dummy_mean,1.94,1.4770050000000001
3522,group_reduced_formula,8000,dummy_mean,3.58,1.4770050000000001
3530,group_reduced_formula,8000,dummy_mean,2.78,1.4770050000000001
3541,group_reduced_formula,8000,dummy_mean,2.28,1.4770050000000001
3558,group_reduced_formula,8000,dummy_mean,0.78,1.4770050000000001
3562,group_reduced_formula,8000,dummy_mean,1.38,1.4770050000000001
3569,group_reduced_formula,8000,dummy_mean,1.42,1.4770050000000001
3580,group_reduced_formula,8000,dummy_mean,1.74,1.4770050000000001
3581,group_reduced_formula,8000,dummy_mean,0.94,1.4770050000000001
3592,group_reduced_formula,8000,dummy_mean,1.46,1.4770050000000001
3614,group_reduced_formula,8000,dummy_mean,1.0,1.4770050000000001
3642,group_reduced_formula,8000,dummy_mean,0.96,1.4770050000000001
3679,group_reduced_formula,8000,dummy_mean,1.9,1.4770050000000001
3681,group_reduced_formula,8000,dummy_mean,1.34,1.4770050000000001
3690,group_reduced_formula,8000,dummy_mean,1.58,1.4770050000000001
3701,group_reduced_formula,8000,dummy_mean,1.18,1.4770050000000001
3712,group_reduced_formula,8000,dummy_mean,2.7,1.4770050000000001
3714,group_reduced_formula,8000,dummy_mean,3.48,1.4770050000000001
3738,group_reduced_formula,8000,dummy_mean,1.54,1.4770050000000001
3747,group_reduced_formula,8000,dummy_mean,1.4,1.4770050000000001
3749,group_reduced_formula,8000,dummy_mean,1.12,1.4770050000000001
3750,group_reduced_formula,8000,dummy_mean,2.88,1.4770050000000001
3759,group_reduced_formula,8000,dummy_mean,3.22,1.4770050000000001
3771,group_reduced_formula,8000,dummy_mean,1.06,1.4770050000000001
3778,group_reduced_formula,8000,dummy_mean,1.72,1.4770050000000001
3781,group_reduced_formula,8000,dummy_mean,1.28,1.4770050000000001
3784,group_reduced_formula,8000,dummy_mean,0.96,1.4770050000000001
3795,group_reduced_formula,8000,dummy_mean,1.06,1.4770050000000001
3799,group_reduced_formula,8000,dummy_mean,0.92,1.4770050000000001
3820,group_reduced_formula,8000,dummy_mean,1.2,1.4770050000000001
3830,group_reduced_formula,8000,dummy_mean,1.0,1.4770050000000001
3843,group_reduced_formula,8000,dummy_mean,1.96,1.4770050000000001
3845,group_reduced_formula,8000,dummy_mean,0.98,1.4770050000000001
3862,group_reduced_formula,8000,dummy_mean,1.88,1.4770050000000001
3885,group_reduced_formula,8000,dummy_mean,1.8,1.4770050000000001
3894,group_reduced_formula,8000,dummy_mean,0.4,1.4770050000000001
3895,group_reduced_formula,8000,dummy_mean,2.42,1.4770050000000001
3903,group_reduced_formula,8000,dummy_mean,1.86,1.4770050000000001
3912,group_reduced_formula,8000,dummy_mean,1.34,1.4770050000000001
3913,group_reduced_formula,8000,dummy_mean,3.3,1.4770050000000001
3949,group_reduced_formula,8000,dummy_mean,0.9,1.4770050000000001
3961,group_reduced_formula,8000,dummy_mean,-0.1,1.4770050000000001
4014,group_reduced_formula,8000,dummy_mean,1.5,1.4770050000000001
4016,group_reduced_formula,8000,dummy_mean,1.54,1.4770050000000001
4020,group_reduced_formula,8000,dummy_mean,1.42,1.4770050000000001
4032,group_reduced_formula,8000,dummy_mean,2.3,1.4770050000000001
4059,group_reduced_formula,8000,dummy_mean,2.62,1.4770050000000001
4078,group_reduced_formula,8000,dummy_mean,3.72,1.4770050000000001
4084,group_reduced_formula,8000,dummy_mean,0.36,1.4770050000000001
4113,group_reduced_formula,8000,dummy_mean,1.0,1.4770050000000001
4122,group_reduced_formula,8000,dummy_mean,2.68,1.4770050000000001
4125,group_reduced_formula,8000,dummy_mean,0.3,1.4770050000000001
4128,group_reduced_formula,8000,dummy_mean,1.46,1.4770050000000001
4134,group_reduced_formula,8000,dummy_mean,1.74,1.4770050000000001
4138,group_reduced_formula,8000,dummy_mean,1.8,1.4770050000000001
4144,group_reduced_formula,8000,dummy_mean,0.98,1.4770050000000001
4151,group_reduced_formula,8000,dummy_mean,0.78,1.4770050000000001
4159,group_reduced_formula,8000,dummy_mean,-0.32,1.4770050000000001
4163,group_reduced_formula,8000,dummy_mean,1.2,1.4770050000000001
4175,group_reduced_formula,8000,dummy_mean,1.82,1.4770050000000001
4192,group_reduced_formula,8000,dummy_mean,0.42,1.4770050000000001
4194,group_reduced_formula,8000,dummy_mean,2.86,1.4770050000000001
4231,group_reduced_formula,8000,dummy_mean,1.2,1.4770050000000001
4232,group_reduced_formula,8000,dummy_mean,0.56,1.4770050000000001
4233,group_reduced_formula,8000,dummy_mean,1.0,1.4770050000000001
4235,group_reduced_formula,8000,dummy_mean,2.8,1.4770050000000001
4236,group_reduced_formula,8000,dummy_mean,1.58,1.4770050000000001
4244,group_reduced_formula,8000,dummy_mean,0.24,1.4770050000000001
4246,group_reduced_formula,8000,dummy_mean,1.34,1.4770050000000001
4248,group_reduced_formula,8000,dummy_mean,0.92,1.4770050000000001
4257,group_reduced_formula,8000,dummy_mean,1.34,1.4770050000000001
4258,group_reduced_formula,8000,dummy_mean,1.08,1.4770050000000001
4307,group_reduced_formula,8000,dummy_mean,1.98,1.4770050000000001
4312,group_reduced_formula,8000,dummy_mean,1.52,1.4770050000000001
4317,group_reduced_formula,8000,dummy_mean,1.82,1.4770050000000001
4343,group_reduced_formula,8000,dummy_mean,1.42,1.4770050000000001
4355,group_reduced_formula,8000,dummy_mean,1.88,1.4770050000000001
4358,group_reduced_formula,8000,dummy_mean,0.66,1.4770050000000001
4365,group_reduced_formula,8000,dummy_mean,1.5,1.4770050000000001
4366,group_reduced_formula,8000,dummy_mean,0.86,1.4770050000000001
4367,group_reduced_formula,8000,dummy_mean,0.76,1.4770050000000001
4368,group_reduced_formula,8000,dummy_mean,2.72,1.4770050000000001
4385,group_reduced_formula,8000,dummy_mean,1.14,1.4770050000000001
4386,group_reduced_formula,8000,dummy_mean,2.98,1.4770050000000001
4389,group_reduced_formula,8000,dummy_mean,1.74,1.4770050000000001
4398,group_reduced_formula,8000,dummy_mean,2.88,1.4770050000000001
4401,group_reduced_formula,8000,dummy_mean,1.0,1.4770050000000001
4418,group_reduced_formula,8000,dummy_mean,0.62,1.4770050000000001
4422,group_reduced_formula,8000,dummy_mean,2.32,1.4770050000000001
4487,group_reduced_formula,8000,dummy_mean,0.66,1.4770050000000001
4490,group_reduced_formula,8000,dummy_mean,1.5,1.4770050000000001
4500,group_reduced_formula,8000,dummy_mean,1.58,1.4770050000000001
4502,group_reduced_formula,8000,dummy_mean,2.4,1.4770050000000001
4512,group_reduced_formula,8000,dummy_mean,1.34,1.4770050000000001
4522,group_reduced_formula,8000,dummy_mean,1.38,1.4770050000000001
4534,group_reduced_formula,8000,dummy_mean,1.2,1.4770050000000001
4539,group_reduced_formula,8000,dummy_mean,1.12,1.4770050000000001
4545,group_reduced_formula,8000,dummy_mean,0.8,1.4770050000000001
4556,group_reduced_formula,8000,dummy_mean,0.9,1.4770050000000001
4558,group_reduced_formula,8000,dummy_mean,1.16,1.4770050000000001
4576,group_reduced_formula,8000,dummy_mean,1.84,1.4770050000000001
4583,group_reduced_formula,8000,dummy_mean,0.8,1.4770050000000001
4594,group_reduced_formula,8000,dummy_mean,0.36,1.4770050000000001
4599,group_reduced_formula,8000,dummy_mean,1.68,1.4770050000000001
4641,group_reduced_formula,8000,dummy_mean,0.82,1.4770050000000001
4674,group_reduced_formula,8000,dummy_mean,0.94,1.4770050000000001
4687,group_reduced_formula,8000,dummy_mean,0.96,1.4770050000000001
4702,group_reduced_formula,8000,dummy_mean,1.12,1.4770050000000001
4717,group_reduced_formula,8000,dummy_mean,1.72,1.4770050000000001
4725,group_reduced_formula,8000,dummy_mean,1.54,1.4770050000000001
4749,group_reduced_formula,8000,dummy_mean,1.44,1.4770050000000001
4753,group_reduced_formula,8000,dummy_mean,1.2,1.4770050000000001
4757,group_reduced_formula,8000,dummy_mean,0.86,1.4770050000000001
4760,group_reduced_formula,8000,dummy_mean,0.42,1.4770050000000001
4767,group_reduced_formula,8000,dummy_mean,1.8,1.4770050000000001
4781,group_reduced_formula,8000,dummy_mean,0.86,1.4770050000000001
4786,group_reduced_formula,8000,dummy_mean,0.14,1.4770050000000001
4788,group_reduced_formula,8000,dummy_mean,1.64,1.4770050000000001
4794,group_reduced_formula,8000,dummy_mean,3.18,1.4770050000000001
4839,group_reduced_formula,8000,dummy_mean,1.8,1.4770050000000001
4853,group_reduced_formula,8000,dummy_mean,0.2,1.4770050000000001
4881,group_reduced_formula,8000,dummy_mean,0.44,1.4770050000000001
4886,group_reduced_formula,8000,dummy_mean,0.68,1.4770050000000001
4903,group_reduced_formula,8000,dummy_mean,1.58,1.4770050000000001
4904,group_reduced_formula,8000,dummy_mean,2.12,1.4770050000000001
4905,group_reduced_formula,8000,dummy_mean,0.04,1.4770050000000001
4910,group_reduced_formula,8000,dummy_mean,0.64,1.4770050000000001
4913,group_reduced_formula,8000,dummy_mean,2.0,1.4770050000000001
4922,group_reduced_formula,8000,dummy_mean,1.56,1.4770050000000001
4927,group_reduced_formula,8000,dummy_mean,2.88,1.4770050000000001
4937,group_reduced_formula,8000,dummy_mean,1.7,1.4770050000000001
4951,group_reduced_formula,8000,dummy_mean,1.72,1.4770050000000001
4957,group_reduced_formula,8000,dummy_mean,1.72,1.4770050000000001
4965,group_reduced_formula,8000,dummy_mean,1.22,1.4770050000000001
4978,group_reduced_formula,8000,dummy_mean,1.82,1.4770050000000001
4985,group_reduced_formula,8000,dummy_mean,1.92,1.4770050000000001
5006,group_reduced_formula,8000,dummy_mean,2.48,1.4770050000000001
5024,group_reduced_formula,8000,dummy_mean,3.56,1.4770050000000001
5032,group_reduced_formula,8000,dummy_mean,2.68,1.4770050000000001
5035,group_reduced_formula,8000,dummy_mean,1.18,1.4770050000000001
5039,group_reduced_formula,8000,dummy_mean,1.62,1.4770050000000001
5041,group_reduced_formula,8000,dummy_mean,1.8,1.4770050000000001
5044,group_reduced_formula,8000,dummy_mean,1.08,1.4770050000000001
5047,group_reduced_formula,8000,dummy_mean,0.78,1.4770050000000001
5051,group_reduced_formula,8000,dummy_mean,1.88,1.4770050000000001
5059,group_reduced_formula,8000,dummy_mean,0.94,1.4770050000000001
5061,group_reduced_formula,8000,dummy_mean,0.76,1.4770050000000001
5076,group_reduced_formula,8000,dummy_mean,0.7,1.4770050000000001
5078,group_reduced_formula,8000,dummy_mean,0.82,1.4770050000000001
5082,group_reduced_formula,8000,dummy_mean,2.1,1.4770050000000001
5084,group_reduced_formula,8000,dummy_mean,1.78,1.4770050000000001
5086,group_reduced_formula,8000,dummy_mean,0.72,1.4770050000000001
5103,group_reduced_formula,8000,dummy_mean,2.5,1.4770050000000001
5110,group_reduced_formula,8000,dummy_mean,0.94,1.4770050000000001
5116,group_reduced_formula,8000,dummy_mean,0.16,1.4770050000000001
5122,group_reduced_formula,8000,dummy_mean,0.74,1.4770050000000001
5133,group_reduced_formula,8000,dummy_mean,3.42,1.4770050000000001
5137,group_reduced_formula,8000,dummy_mean,-0.16,1.4770050000000001
5144,group_reduced_formula,8000,dummy_mean,0.54,1.4770050000000001
5152,group_reduced_formula,8000,dummy_mean,2.76,1.4770050000000001
5157,group_reduced_formula,8000,dummy_mean,1.86,1.4770050000000001
5166,group_reduced_formula,8000,dummy_mean,0.96,1.4770050000000001
5168,group_reduced_formula,8000,dummy_mean,1.14,1.4770050000000001
5175,group_reduced_formula,8000,dummy_mean,1.96,1.4770050000000001
5192,group_reduced_formula,8000,dummy_mean,1.32,1.4770050000000001
5195,group_reduced_formula,8000,dummy_mean,1.76,1.4770050000000001
5201,group_reduced_formula,8000,dummy_mean,0.62,1.4770050000000001
5211,group_reduced_formula,8000,dummy_mean,1.3,1.4770050000000001
5230,group_reduced_formula,8000,dummy_mean,1.06,1.4770050000000001
5232,group_reduced_formula,8000,dummy_mean,1.36,1.4770050000000001
5233,group_reduced_formula,8000,dummy_mean,0.96,1.4770050000000001
5239,group_reduced_formula,8000,dummy_mean,1.92,1.4770050000000001
5243,group_reduced_formula,8000,dummy_mean,1.24,1.4770050000000001
5244,group_reduced_formula,8000,dummy_mean,1.36,1.4770050000000001
5257,group_reduced_formula,8000,dummy_mean,2.24,1.4770050000000001
5273,group_reduced_formula,8000,dummy_mean,1.66,1.4770050000000001
5281,group_reduced_formula,8000,dummy_mean,1.9,1.4770050000000001
5286,group_reduced_formula,8000,dummy_mean,1.14,1.4770050000000001
5289,group_reduced_formula,8000,dummy_mean,2.08,1.4770050000000001
5294,group_reduced_formula,8000,dummy_mean,0.52,1.4770050000000001
5298,group_reduced_formula,8000,dummy_mean,1.5,1.4770050000000001
5308,group_reduced_formula,8000,dummy_mean,1.98,1.4770050000000001
5321,group_reduced_formula,8000,dummy_mean,1.02,1.4770050000000001
5326,group_reduced_formula,8000,dummy_mean,1.2,1.4770050000000001
5341,group_reduced_formula,8000,dummy_mean,0.9,1.4770050000000001
5350,group_reduced_formula,8000,dummy_mean,0.42,1.4770050000000001
5364,group_reduced_formula,8000,dummy_mean,3.34,1.4770050000000001
5384,group_reduced_formula,8000,dummy_mean,1.52,1.4770050000000001
5412,group_reduced_formula,8000,dummy_mean,0.72,1.4770050000000001
5430,group_reduced_formula,8000,dummy_mean,1.44,1.4770050000000001
5446,group_reduced_formula,8000,dummy_mean,1.32,1.4770050000000001
5448,group_reduced_formula,8000,dummy_mean,0.74,1.4770050000000001
5454,group_reduced_formula,8000,dummy_mean,2.28,1.4770050000000001
5456,group_reduced_formula,8000,dummy_mean,1.26,1.4770050000000001
5496,group_reduced_formula,8000,dummy_mean,0.5,1.4770050000000001
5507,group_reduced_formula,8000,dummy_mean,1.82,1.4770050000000001
5517,group_reduced_formula,8000,dummy_mean,1.18,1.4770050000000001
5518,group_reduced_formula,8000,dummy_mean,3.3,1.4770050000000001
5545,group_reduced_formula,8000,dummy_mean,0.84,1.4770050000000001
5548,group_reduced_formula,8000,dummy_mean,2.1,1.4770050000000001
5557,group_reduced_formula,8000,dummy_mean,0.9,1.4770050000000001
5587,group_reduced_formula,8000,dummy_mean,2.66,1.4770050000000001
5598,group_reduced_formula,8000,dummy_mean,3.92,1.4770050000000001
5600,group_reduced_formula,8000,dummy_mean,2.38,1.4770050000000001
5606,group_reduced_formula,8000,dummy_mean,1.66,1.4770050000000001
5608,group_reduced_formula,8000,dummy_mean,2.1,1.4770050000000001
5615,group_reduced_formula,8000,dummy_mean,1.02,1.4770050000000001
5632,group_reduced_formula,8000,dummy_mean,1.96,1.4770050000000001
5638,group_reduced_formula,8000,dummy_mean,1.82,1.4770050000000001
5652,group_reduced_formula,8000,dummy_mean,1.3,1.4770050000000001
5653,group_reduced_formula,8000,dummy_mean,1.8,1.4770050000000001
5677,group_reduced_formula,8000,dummy_mean,1.38,1.4770050000000001
5691,group_reduced_formula,8000,dummy_mean,0.94,1.4770050000000001
5693,group_reduced_formula,8000,dummy_mean,0.42,1.4770050000000001
5695,group_reduced_formula,8000,dummy_mean,0.32,1.4770050000000001
5717,group_reduced_formula,8000,dummy_mean,0.8,1.4770050000000001
5720,group_reduced_formula,8000,dummy_mean,1.86,1.4770050000000001
5724,group_reduced_formula,8000,dummy_mean,1.28,1.4770050000000001
5728,group_reduced_formula,8000,dummy_mean,1.08,1.4770050000000001
5738,group_reduced_formula,8000,dummy_mean,0.34,1.4770050000000001
5757,group_reduced_formula,8000,dummy_mean,1.38,1.4770050000000001
5760,group_reduced_formula,8000,dummy_mean,1.98,1.4770050000000001
5773,group_reduced_formula,8000,dummy_mean,1.9,1.4770050000000001
5788,group_reduced_formula,8000,dummy_mean,1.86,1.4770050000000001
5792,group_reduced_formula,8000,dummy_mean,1.88,1.4770050000000001
5813,group_reduced_formula,8000,dummy_mean,1.4,1.4770050000000001
5867,group_reduced_formula,8000,dummy_mean,1.88,1.4770050000000001
5868,group_reduced_formula,8000,dummy_mean,2.3,1.4770050000000001
5881,group_reduced_formula,8000,dummy_mean,1.32,1.4770050000000001
5887,group_reduced_formula,8000,dummy_mean,1.88,1.4770050000000001
5895,group_reduced_formula,8000,dummy_mean,0.96,1.4770050000000001
5904,group_reduced_formula,8000,dummy_mean,2.34,1.4770050000000001
5910,group_reduced_formula,8000,dummy_mean,0.3,1.4770050000000001
5913,group_reduced_formula,8000,dummy_mean,1.16,1.4770050000000001
5915,group_reduced_formula,8000,dummy_mean,0.64,1.4770050000000001
5944,group_reduced_formula,8000,dummy_mean,1.8,1.4770050000000001
5947,group_reduced_formula,8000,dummy_mean,0.62,1.4770050000000001
5957,group_reduced_formula,8000,dummy_mean,1.92,1.4770050000000001
5973,group_reduced_formula,8000,dummy_mean,1.44,1.4770050000000001
5977,group_reduced_formula,8000,dummy_mean,0.72,1.4770050000000001
5988,group_reduced_formula,8000,dummy_mean,1.1,1.4770050000000001
5991,group_reduced_formula,8000,dummy_mean,1.16,1.4770050000000001
5995,group_reduced_formula,8000,dummy_mean,1.52,1.4770050000000001
6002,group_reduced_formula,8000,dummy_mean,0.68,1.4770050000000001
6006,group_reduced_formula,8000,dummy_mean,1.14,1.4770050000000001
6014,group_reduced_formula,8000,dummy_mean,0.98,1.4770050000000001
6023,group_reduced_formula,8000,dummy_mean,1.18,1.4770050000000001
6062,group_reduced_formula,8000,dummy_mean,1.96,1.4770050000000001
6063,group_reduced_formula,8000,dummy_mean,1.32,1.4770050000000001
6088,group_reduced_formula,8000,dummy_mean,2.24,1.4770050000000001
6090,group_reduced_formula,8000,dummy_mean,1.14,1.4770050000000001
6095,group_reduced_formula,8000,dummy_mean,1.06,1.4770050000000001
6097,group_reduced_formula,8000,dummy_mean,0.76,1.4770050000000001
6105,group_reduced_formula,8000,dummy_mean,1.6,1.4770050000000001
6112,group_reduced_formula,8000,dummy_mean,4.86,1.4770050000000001
6115,group_reduced_formula,8000,dummy_mean,2.04,1.4770050000000001
6120,group_reduced_formula,8000,dummy_mean,1.02,1.4770050000000001
6131,group_reduced_formula,8000,dummy_mean,0.48,1.4770050000000001
6132,group_reduced_formula,8000,dummy_mean,1.46,1.4770050000000001
6135,group_reduced_formula,8000,dummy_mean,1.48,1.4770050000000001
6142,group_reduced_formula,8000,dummy_mean,0.68,1.4770050000000001
6164,group_reduced_formula,8000,dummy_mean,1.12,1.4770050000000001
6171,group_reduced_formula,8000,dummy_mean,1.38,1.4770050000000001
6175,group_reduced_formula,8000,dummy_mean,1.78,1.4770050000000001
6183,group_reduced_formula,8000,dummy_mean,1.66,1.4770050000000001
6197,group_reduced_formula,8000,dummy_mean,0.88,1.4770050000000001
6203,group_reduced_formula,8000,dummy_mean,0.98,1.4770050000000001
6205,group_reduced_formula,8000,dummy_mean,1.0,1.4770050000000001
6221,group_reduced_formula,8000,dummy_mean,0.32,1.4770050000000001
6235,group_reduced_formula,8000,dummy_mean,1.1,1.4770050000000001
6238,group_reduced_formula,8000,dummy_mean,1.62,1.4770050000000001
6255,group_reduced_formula,8000,dummy_mean,0.98,1.4770050000000001
6289,group_reduced_formula,8000,dummy_mean,1.56,1.4770050000000001
6322,group_reduced_formula,8000,dummy_mean,0.38,1.4770050000000001
6331,group_reduced_formula,8000,dummy_mean,0.88,1.4770050000000001
6345,group_reduced_formula,8000,dummy_mean,0.6,1.4770050000000001
6350,group_reduced_formula,8000,dummy_mean,1.76,1.4770050000000001
6369,group_reduced_formula,8000,dummy_mean,0.48,1.4770050000000001
6385,group_reduced_formula,8000,dummy_mean,0.9,1.4770050000000001
6388,group_reduced_formula,8000,dummy_mean,1.62,1.4770050000000001
6399,group_reduced_formula,8000,dummy_mean,1.0,1.4770050000000001
6439,group_reduced_formula,8000,dummy_mean,1.7,1.4770050000000001
6440,group_reduced_formula,8000,dummy_mean,1.5,1.4770050000000001
6445,group_reduced_formula,8000,dummy_mean,1.32,1.4770050000000001
6455,group_reduced_formula,8000,dummy_mean,1.0,1.4770050000000001
6465,group_reduced_formula,8000,dummy_mean,1.56,1.4770050000000001
6472,group_reduced_formula,8000,dummy_mean,0.62,1.4770050000000001
6476,group_reduced_formula,8000,dummy_mean,1.72,1.4770050000000001
6483,group_reduced_formula,8000,dummy_mean,1.58,1.4770050000000001
6487,group_reduced_formula,8000,dummy_mean,1.82,1.4770050000000001
6492,group_reduced_formula,8000,dummy_mean,0.86,1.4770050000000001
6494,group_reduced_formula,8000,dummy_mean,1.14,1.4770050000000001
6499,group_reduced_formula,8000,dummy_mean,0.86,1.4770050000000001
6500,group_reduced_formula,8000,dummy_mean,1.22,1.4770050000000001
6501,group_reduced_formula,8000,dummy_mean,1.32,1.4770050000000001
6524,group_reduced_formula,8000,dummy_mean,1.56,1.4770050000000001
6530,group_reduced_formula,8000,dummy_mean,0.5,1.4770050000000001
6544,group_reduced_formula,8000,dummy_mean,2.26,1.4770050000000001
6545,group_reduced_formula,8000,dummy_mean,2.8,1.4770050000000001
6553,group_reduced_formula,8000,dummy_mean,1.44,1.4770050000000001
6584,group_reduced_formula,8000,dummy_mean,2.84,1.4770050000000001
6601,group_reduced_formula,8000,dummy_mean,0.86,1.4770050000000001
6609,group_reduced_formula,8000,dummy_mean,1.1,1.4770050000000001
6613,group_reduced_formula,8000,dummy_mean,2.9,1.4770050000000001
6644,group_reduced_formula,8000,dummy_mean,1.14,1.4770050000000001
6645,group_reduced_formula,8000,dummy_mean,0.6,1.4770050000000001
6647,group_reduced_formula,8000,dummy_mean,1.48,1.4770050000000001
6654,group_reduced_formula,8000,dummy_mean,3.32,1.4770050000000001
6655,group_reduced_formula,8000,dummy_mean,0.66,1.4770050000000001
6660,group_reduced_formula,8000,dummy_mean,0.54,1.4770050000000001
6690,group_reduced_formula,8000,dummy_mean,1.24,1.4770050000000001
6692,group_reduced_formula,8000,dummy_mean,0.94,1.4770050000000001
6695,group_reduced_formula,8000,dummy_mean,1.18,1.4770050000000001
6710,group_reduced_formula,8000,dummy_mean,1.34,1.4770050000000001
6713,group_reduced_formula,8000,dummy_mean,3.08,1.4770050000000001
6725,group_reduced_formula,8000,dummy_mean,2.56,1.4770050000000001
6726,group_reduced_formula,8000,dummy_mean,1.04,1.4770050000000001
6740,group_reduced_formula,8000,dummy_mean,0.96,1.4770050000000001
6755,group_reduced_formula,8000,dummy_mean,0.72,1.4770050000000001
6758,group_reduced_formula,8000,dummy_mean,1.48,1.4770050000000001
6783,group_reduced_formula,8000,dummy_mean,1.16,1.4770050000000001
6796,group_reduced_formula,8000,dummy_mean,0.88,1.4770050000000001
6812,group_reduced_formula,8000,dummy_mean,1.04,1.4770050000000001
6817,group_reduced_formula,8000,dummy_mean,1.32,1.4770050000000001
6822,group_reduced_formula,8000,dummy_mean,1.7,1.4770050000000001
6836,group_reduced_formula,8000,dummy_mean,0.36,1.4770050000000001
6839,group_reduced_formula,8000,dummy_mean,0.78,1.4770050000000001
6845,group_reduced_formula,8000,dummy_mean,2.48,1.4770050000000001
6848,group_reduced_formula,8000,dummy_mean,-0.14,1.4770050000000001
6854,group_reduced_formula,8000,dummy_mean,2.4,1.4770050000000001
6870,group_reduced_formula,8000,dummy_mean,0.84,1.4770050000000001
6875,group_reduced_formula,8000,dummy_mean,1.74,1.4770050000000001
6881,group_reduced_formula,8000,dummy_mean,3.28,1.4770050000000001
6887,group_reduced_formula,8000,dummy_mean,0.88,1.4770050000000001
6893,group_reduced_formula,8000,dummy_mean,0.66,1.4770050000000001
6914,group_reduced_formula,8000,dummy_mean,2.58,1.4770050000000001
6917,group_reduced_formula,8000,dummy_mean,2.0,1.4770050000000001
6934,group_reduced_formula,8000,dummy_mean,1.1,1.4770050000000001
6961,group_reduced_formula,8000,dummy_mean,-0.14,1.4770050000000001
6970,group_reduced_formula,8000,dummy_mean,1.76,1.4770050000000001
6987,group_reduced_formula,8000,dummy_mean,1.22,1.4770050000000001
7012,group_reduced_formula,8000,dummy_mean,1.72,1.4770050000000001
7015,group_reduced_formula,8000,dummy_mean,0.2,1.4770050000000001
7038,group_reduced_formula,8000,dummy_mean,1.3,1.4770050000000001
7043,group_reduced_formula,8000,dummy_mean,0.94,1.4770050000000001
7050,group_reduced_formula,8000,dummy_mean,1.48,1.4770050000000001
7059,group_reduced_formula,8000,dummy_mean,1.84,1.4770050000000001
7082,group_reduced_formula,8000,dummy_mean,0.66,1.4770050000000001
7138,group_reduced_formula,8000,dummy_mean,1.74,1.4770050000000001
7155,group_reduced_formula,8000,dummy_mean,2.4,1.4770050000000001
7161,group_reduced_formula,8000,dummy_mean,2.06,1.4770050000000001
7171,group_reduced_formula,8000,dummy_mean,0.64,1.4770050000000001
7180,group_reduced_formula,8000,dummy_mean,1.48,1.4770050000000001
7181,group_reduced_formula,8000,dummy_mean,1.36,1.4770050000000001
7182,group_reduced_formula,8000,dummy_mean,2.38,1.4770050000000001
7183,group_reduced_formula,8000,dummy_mean,0.58,1.4770050000000001
7194,group_reduced_formula,8000,dummy_mean,1.44,1.4770050000000001
7203,group_reduced_formula,8000,dummy_mean,1.48,1.4770050000000001
7204,group_reduced_formula,8000,dummy_mean,1.36,1.4770050000000001
7213,group_reduced_formula,8000,dummy_mean,0.76,1.4770050000000001
7217,group_reduced_formula,8000,dummy_mean,0.4,1.4770050000000001
7218,group_reduced_formula,8000,dummy_mean,0.78,1.4770050000000001
7223,group_reduced_formula,8000,dummy_mean,0.96,1.4770050000000001
7229,group_reduced_formula,8000,dummy_mean,0.7,1.4770050000000001
7240,group_reduced_formula,8000,dummy_mean,0.64,1.4770050000000001
7261,group_reduced_formula,8000,dummy_mean,1.62,1.4770050000000001
7264,group_reduced_formula,8000,dummy_mean,1.7,1.4770050000000001
7275,group_reduced_formula,8000,dummy_mean,1.5,1.4770050000000001
7279,group_reduced_formula,8000,dummy_mean,1.02,1.4770050000000001
7280,group_reduced_formula,8000,dummy_mean,0.84,1.4770050000000001
7299,group_reduced_formula,8000,dummy_mean,2.68,1.4770050000000001
7302,group_reduced_formula,8000,dummy_mean,1.98,1.4770050000000001
7317,group_reduced_formula,8000,dummy_mean,1.44,1.4770050000000001
7324,group_reduced_formula,8000,dummy_mean,0.54,1.4770050000000001
7339,group_reduced_formula,8000,dummy_mean,1.52,1.4770050000000001
7350,group_reduced_formula,8000,dummy_mean,2.06,1.4770050000000001
7364,group_reduced_formula,8000,dummy_mean,0.18,1.4770050000000001
7373,group_reduced_formula,8000,dummy_mean,3.24,1.4770050000000001
7384,group_reduced_formula,8000,dummy_mean,1.66,1.4770050000000001
7386,group_reduced_formula,8000,dummy_mean,0.3,1.4770050000000001
7403,group_reduced_formula,8000,dummy_mean,0.98,1.4770050000000001
7414,group_reduced_formula,8000,dummy_mean,1.9,1.4770050000000001
7420,group_reduced_formula,8000,dummy_mean,1.74,1.4770050000000001
7424,group_reduced_formula,8000,dummy_mean,0.1,1.4770050000000001
7433,group_reduced_formula,8000,dummy_mean,3.6,1.4770050000000001
7434,group_reduced_formula,8000,dummy_mean,1.22,1.4770050000000001
7439,group_reduced_formula,8000,dummy_mean,1.04,1.4770050000000001
7442,group_reduced_formula,8000,dummy_mean,1.68,1.4770050000000001
7448,group_reduced_formula,8000,dummy_mean,1.66,1.4770050000000001
7456,group_reduced_formula,8000,dummy_mean,1.86,1.4770050000000001
7459,group_reduced_formula,8000,dummy_mean,0.56,1.4770050000000001
7474,group_reduced_formula,8000,dummy_mean,1.1,1.4770050000000001
7479,group_reduced_formula,8000,dummy_mean,0.18,1.4770050000000001
7486,group_reduced_formula,8000,dummy_mean,1.04,1.4770050000000001
7509,group_reduced_formula,8000,dummy_mean,1.08,1.4770050000000001
7510,group_reduced_formula,8000,dummy_mean,2.74,1.4770050000000001
7520,group_reduced_formula,8000,dummy_mean,2.36,1.4770050000000001
7523,group_reduced_formula,8000,dummy_mean,1.74,1.4770050000000001
7529,group_reduced_formula,8000,dummy_mean,2.02,1.4770050000000001
7534,group_reduced_formula,8000,dummy_mean,1.98,1.4770050000000001
7542,group_reduced_formula,8000,dummy_mean,1.04,1.4770050000000001
7545,group_reduced_formula,8000,dummy_mean,1.4,1.4770050000000001
7547,group_reduced_formula,8000,dummy_mean,1.52,1.4770050000000001
7570,group_reduced_formula,8000,dummy_mean,0.34,1.4770050000000001
7571,group_reduced_formula,8000,dummy_mean,1.44,1.4770050000000001
7575,group_reduced_formula,8000,dummy_mean,1.78,1.4770050000000001
7586,group_reduced_formula,8000,dummy_mean,1.4,1.4770050000000001
7589,group_reduced_formula,8000,dummy_mean,1.28,1.4770050000000001
7591,group_reduced_formula,8000,dummy_mean,1.54,1.4770050000000001
7605,group_reduced_formula,8000,dummy_mean,2.82,1.4770050000000001
7619,group_reduced_formula,8000,dummy_mean,2.9,1.4770050000000001
7632,group_reduced_formula,8000,dummy_mean,1.36,1.4770050000000001
7639,group_reduced_formula,8000,dummy_mean,0.64,1.4770050000000001
7653,group_reduced_formula,8000,dummy_mean,2.7,1.4770050000000001
7659,group_reduced_formula,8000,dummy_mean,1.38,1.4770050000000001
7666,group_reduced_formula,8000,dummy_mean,1.14,1.4770050000000001
7673,group_reduced_formula,8000,dummy_mean,2.14,1.4770050000000001
7680,group_reduced_formula,8000,dummy_mean,0.98,1.4770050000000001
7686,group_reduced_formula,8000,dummy_mean,1.24,1.4770050000000001
7687,group_reduced_formula,8000,dummy_mean,1.64,1.4770050000000001
7694,group_reduced_formula,8000,dummy_mean,2.56,1.4770050000000001
7696,group_reduced_formula,8000,dummy_mean,0.86,1.4770050000000001
7708,group_reduced_formula,8000,dummy_mean,2.58,1.4770050000000001
7723,group_reduced_formula,8000,dummy_mean,1.0,1.4770050000000001
7732,group_reduced_formula,8000,dummy_mean,0.68,1.4770050000000001
7739,group_reduced_formula,8000,dummy_mean,0.84,1.4770050000000001
7742,group_reduced_formula,8000,dummy_mean,1.26,1.4770050000000001
7748,group_reduced_formula,8000,dummy_mean,2.58,1.4770050000000001
7753,group_reduced_formula,8000,dummy_mean,2.08,1.4770050000000001
7791,group_reduced_formula,8000,dummy_mean,1.58,1.4770050000000001
7813,group_reduced_formula,8000,dummy_mean,1.82,1.4770050000000001
7836,group_reduced_formula,8000,dummy_mean,1.18,1.4770050000000001
7850,group_reduced_formula,8000,dummy_mean,1.72,1.4770050000000001
7856,group_reduced_formula,8000,dummy_mean,0.86,1.4770050000000001
7883,group_reduced_formula,8000,dummy_mean,1.04,1.4770050000000001
7887,group_reduced_formula,8000,dummy_mean,3.46,1.4770050000000001
7892,group_reduced_formula,8000,dummy_mean,1.44,1.4770050000000001
7894,group_reduced_formula,8000,dummy_mean,2.84,1.4770050000000001
7899,group_reduced_formula,8000,dummy_mean,1.0,1.4770050000000001
7914,group_reduced_formula,8000,dummy_mean,1.8,1.4770050000000001
7928,group_reduced_formula,8000,dummy_mean,0.84,1.4770050000000001
7930,group_reduced_formula,8000,dummy_mean,0.5,1.4770050000000001
7952,group_reduced_formula,8000,dummy_mean,2.28,1.4770050000000001
7962,group_reduced_formula,8000,dummy_mean,1.0,1.4770050000000001
7963,group_reduced_formula,8000,dummy_mean,1.24,1.4770050000000001
7969,group_reduced_formula,8000,dummy_mean,1.14,1.4770050000000001
7972,group_reduced_formula,8000,dummy_mean,1.52,1.4770050000000001
7987,group_reduced_formula,8000,dummy_mean,1.38,1.4770050000000001
8004,group_reduced_formula,8000,dummy_mean,2.64,1.4770050000000001
8035,group_reduced_formula,8000,dummy_mean,1.54,1.4770050000000001
8040,group_reduced_formula,8000,dummy_mean,2.12,1.4770050000000001
8042,group_reduced_formula,8000,dummy_mean,1.54,1.4770050000000001
8047,group_reduced_formula,8000,dummy_mean,1.02,1.4770050000000001
8055,group_reduced_formula,8000,dummy_mean,1.36,1.4770050000000001
8059,group_reduced_formula,8000,dummy_mean,1.92,1.4770050000000001
8092,group_reduced_formula,8000,dummy_mean,1.34,1.4770050000000001
8104,group_reduced_formula,8000,dummy_mean,1.06,1.4770050000000001
8105,group_reduced_formula,8000,dummy_mean,1.24,1.4770050000000001
8106,group_reduced_formula,8000,dummy_mean,1.62,1.4770050000000001
8125,group_reduced_formula,8000,dummy_mean,2.46,1.4770050000000001
8127,group_reduced_formula,8000,dummy_mean,1.8,1.4770050000000001
8130,group_reduced_formula,8000,dummy_mean,2.24,1.4770050000000001
8151,group_reduced_formula,8000,dummy_mean,0.84,1.4770050000000001
8159,group_reduced_formula,8000,dummy_mean,1.46,1.4770050000000001
8166,group_reduced_formula,8000,dummy_mean,1.1,1.4770050000000001
8170,group_reduced_formula,8000,dummy_mean,1.0,1.4770050000000001
8175,group_reduced_formula,8000,dummy_mean,0.48,1.4770050000000001
8190,group_reduced_formula,8000,dummy_mean,1.5,1.4770050000000001
8194,group_reduced_formula,8000,dummy_mean,1.56,1.4770050000000001
8203,group_reduced_formula,8000,dummy_mean,0.94,1.4770050000000001
8205,group_reduced_formula,8000,dummy_mean,3.4,1.4770050000000001
8264,group_reduced_formula,8000,dummy_mean,1.36,1.4770050000000001
8272,group_reduced_formula,8000,dummy_mean,2.0,1.4770050000000001
8274,group_reduced_formula,8000,dummy_mean,1.14,1.4770050000000001
8276,group_reduced_formula,8000,dummy_mean,0.86,1.4770050000000001
8277,group_reduced_formula,8000,dummy_mean,0.82,1.4770050000000001
8298,group_reduced_formula,8000,dummy_mean,1.62,1.4770050000000001
8303,group_reduced_formula,8000,dummy_mean,2.88,1.4770050000000001
8312,group_reduced_formula,8000,dummy_mean,0.5,1.4770050000000001
8315,group_reduced_formula,8000,dummy_mean,1.86,1.4770050000000001
8330,group_reduced_formula,8000,dummy_mean,1.54,1.4770050000000001
8345,group_reduced_formula,8000,dummy_mean,0.52,1.4770050000000001
8389,group_reduced_formula,8000,dummy_mean,1.8,1.4770050000000001
8390,group_reduced_formula,8000,dummy_mean,1.18,1.4770050000000001
8399,group_reduced_formula,8000,dummy_mean,1.86,1.4770050000000001
8404,group_reduced_formula,8000,dummy_mean,0.8,1.4770050000000001
8413,group_reduced_formula,8000,dummy_mean,1.52,1.4770050000000001
8423,group_reduced_formula,8000,dummy_mean,0.74,1.4770050000000001
8429,group_reduced_formula,8000,dummy_mean,0.9,1.4770050000000001
8430,group_reduced_formula,8000,dummy_mean,0.46,1.4770050000000001
8435,group_reduced_formula,8000,dummy_mean,0.88,1.4770050000000001
8439,group_reduced_formula,8000,dummy_mean,1.3,1.4770050000000001
8451,group_reduced_formula,8000,dummy_mean,1.66,1.4770050000000001
8459,group_reduced_formula,8000,dummy_mean,1.14,1.4770050000000001
8464,group_reduced_formula,8000,dummy_mean,2.94,1.4770050000000001
8483,group_reduced_formula,8000,dummy_mean,0.68,1.4770050000000001
8487,group_reduced_formula,8000,dummy_mean,0.52,1.4770050000000001
8489,group_reduced_formula,8000,dummy_mean,1.22,1.4770050000000001
8499,group_reduced_formula,8000,dummy_mean,2.52,1.4770050000000001
8529,group_reduced_formula,8000,dummy_mean,1.84,1.4770050000000001
8538,group_reduced_formula,8000,dummy_mean,1.38,1.4770050000000001
8574,group_reduced_formula,8000,dummy_mean,1.54,1.4770050000000001
8575,group_reduced_formula,8000,dummy_mean,1.94,1.4770050000000001
8578,group_reduced_formula,8000,dummy_mean,2.84,1.4770050000000001
8602,group_reduced_formula,8000,dummy_mean,1.5,1.4770050000000001
8605,group_reduced_formula,8000,dummy_mean,0.74,1.4770050000000001
8630,group_reduced_formula,8000,dummy_mean,2.24,1.4770050000000001
8640,group_reduced_formula,8000,dummy_mean,0.38,1.4770050000000001
8656,group_reduced_formula,8000,dummy_mean,1.94,1.4770050000000001
8659,group_reduced_formula,8000,dummy_mean,1.78,1.4770050000000001
8684,group_reduced_formula,8000,dummy_mean,2.46,1.4770050000000001
8686,group_reduced_formula,8000,dummy_mean,2.76,1.4770050000000001
8691,group_reduced_formula,8000,dummy_mean,1.18,1.4770050000000001
8712,group_reduced_formula,8000,dummy_mean,1.32,1.4770050000000001
8726,group_reduced_formula,8000,dummy_mean,0.76,1.4770050000000001
8741,group_reduced_formula,8000,dummy_mean,1.38,1.4770050000000001
8754,group_reduced_formula,8000,dummy_mean,1.22,1.4770050000000001
8757,group_reduced_formula,8000,dummy_mean,0.9,1.4770050000000001
8758,group_reduced_formula,8000,dummy_mean,1.88,1.4770050000000001
8766,group_reduced_formula,8000,dummy_mean,1.6,1.4770050000000001
8793,group_reduced_formula,8000,dummy_mean,1.26,1.4770050000000001
8798,group_reduced_formula,8000,dummy_mean,1.44,1.4770050000000001
8804,group_reduced_formula,8000,dummy_mean,1.86,1.4770050000000001
8808,group_reduced_formula,8000,dummy_mean,1.82,1.4770050000000001
8852,group_reduced_formula,8000,dummy_mean,1.24,1.4770050000000001
8859,group_reduced_formula,8000,dummy_mean,1.54,1.4770050000000001
8869,group_reduced_formula,8000,dummy_mean,1.08,1.4770050000000001
8871,group_reduced_formula,8000,dummy_mean,2.02,1.4770050000000001
8879,group_reduced_formula,8000,dummy_mean,1.32,1.4770050000000001
8886,group_reduced_formula,8000,dummy_mean,1.04,1.4770050000000001
8891,group_reduced_formula,8000,dummy_mean,0.9,1.4770050000000001
8902,group_reduced_formula,8000,dummy_mean,0.98,1.4770050000000001
8905,group_reduced_formula,8000,dummy_mean,1.18,1.4770050000000001
8910,group_reduced_formula,8000,dummy_mean,1.52,1.4770050000000001
8911,group_reduced_formula,8000,dummy_mean,1.56,1.4770050000000001
8917,group_reduced_formula,8000,dummy_mean,2.64,1.4770050000000001
8943,group_reduced_formula,8000,dummy_mean,0.36,1.4770050000000001
8947,group_reduced_formula,8000,dummy_mean,0.86,1.4770050000000001
8952,group_reduced_formula,8000,dummy_mean,1.4,1.4770050000000001
8956,group_reduced_formula,8000,dummy_mean,1.18,1.4770050000000001
8978,group_reduced_formula,8000,dummy_mean,0.74,1.4770050000000001
8995,group_reduced_formula,8000,dummy_mean,1.06,1.4770050000000001
8996,group_reduced_formula,8000,dummy_mean,1.86,1.4770050000000001
9005,group_reduced_formula,8000,dummy_mean,1.58,1.4770050000000001
9008,group_reduced_formula,8000,dummy_mean,1.7,1.4770050000000001
9022,group_reduced_formula,8000,dummy_mean,2.62,1.4770050000000001
9033,group_reduced_formula,8000,dummy_mean,0.46,1.4770050000000001
9043,group_reduced_formula,8000,dummy_mean,2.74,1.4770050000000001
9049,group_reduced_formula,8000,dummy_mean,0.78,1.4770050000000001
9053,group_reduced_formula,8000,dummy_mean,1.22,1.4770050000000001
9062,group_reduced_formula,8000,dummy_mean,1.14,1.4770050000000001
9088,group_reduced_formula,8000,dummy_mean,1.6,1.4770050000000001
9096,group_reduced_formula,8000,dummy_mean,1.1,1.4770050000000001
9115,group_reduced_formula,8000,dummy_mean,0.54,1.4770050000000001
9132,group_reduced_formula,8000,dummy_mean,0.58,1.4770050000000001
9137,group_reduced_formula,8000,dummy_mean,2.32,1.4770050000000001
9155,group_reduced_formula,8000,dummy_mean,0.8,1.4770050000000001
9158,group_reduced_formula,8000,dummy_mean,1.56,1.4770050000000001
9181,group_reduced_formula,8000,dummy_mean,1.76,1.4770050000000001
9189,group_reduced_formula,8000,dummy_mean,1.02,1.4770050000000001
9190,group_reduced_formula,8000,dummy_mean,2.96,1.4770050000000001
9191,group_reduced_formula,8000,dummy_mean,1.64,1.4770050000000001
9215,group_reduced_formula,8000,dummy_mean,0.96,1.4770050000000001
9218,group_reduced_formula,8000,dummy_mean,1.1,1.4770050000000001
9219,group_reduced_formula,8000,dummy_mean,2.12,1.4770050000000001
9229,group_reduced_formula,8000,dummy_mean,2.68,1.4770050000000001
9231,group_reduced_formula,8000,dummy_mean,1.54,1.4770050000000001
9249,group_reduced_formula,8000,dummy_mean,1.76,1.4770050000000001
9255,group_reduced_formula,8000,dummy_mean,1.88,1.4770050000000001
9258,group_reduced_formula,8000,dummy_mean,3.0,1.4770050000000001
9276,group_reduced_formula,8000,dummy_mean,0.28,1.4770050000000001
9278,group_reduced_formula,8000,dummy_mean,1.16,1.4770050000000001
9296,group_reduced_formula,8000,dummy_mean,1.58,1.4770050000000001
9306,group_reduced_formula,8000,dummy_mean,0.62,1.4770050000000001
9316,group_reduced_formula,8000,dummy_mean,2.82,1.4770050000000001
9325,group_reduced_formula,8000,dummy_mean,1.72,1.4770050000000001
9333,group_reduced_formula,8000,dummy_mean,1.26,1.4770050000000001
9355,group_reduced_formula,8000,dummy_mean,2.1,1.4770050000000001
9366,group_reduced_formula,8000,dummy_mean,2.3,1.4770050000000001
9367,group_reduced_formula,8000,dummy_mean,2.5,1.4770050000000001
9376,group_reduced_formula,8000,dummy_mean,1.98,1.4770050000000001
9378,group_reduced_formula,8000,dummy_mean,0.58,1.4770050000000001
9404,group_reduced_formula,8000,dummy_mean,1.86,1.4770050000000001
9416,group_reduced_formula,8000,dummy_mean,0.84,1.4770050000000001
9417,group_reduced_formula,8000,dummy_mean,1.42,1.4770050000000001
9428,group_reduced_formula,8000,dummy_mean,1.98,1.4770050000000001
9437,group_reduced_formula,8000,dummy_mean,2.14,1.4770050000000001
9439,group_reduced_formula,8000,dummy_mean,0.92,1.4770050000000001
9441,group_reduced_formula,8000,dummy_mean,1.02,1.4770050000000001
9453,group_reduced_formula,8000,dummy_mean,1.98,1.4770050000000001
9461,group_reduced_formula,8000,dummy_mean,1.16,1.4770050000000001
9475,group_reduced_formula,8000,dummy_mean,1.56,1.4770050000000001
9476,group_reduced_formula,8000,dummy_mean,1.32,1.4770050000000001
9487,group_reduced_formula,8000,dummy_mean,1.22,1.4770050000000001
9490,group_reduced_formula,8000,dummy_mean,1.7,1.4770050000000001
9495,group_reduced_formula,8000,dummy_mean,0.58,1.4770050000000001
9524,group_reduced_formula,8000,dummy_mean,1.22,1.4770050000000001
9527,group_reduced_formula,8000,dummy_mean,2.06,1.4770050000000001
9533,group_reduced_formula,8000,dummy_mean,1.64,1.4770050000000001
9557,group_reduced_formula,8000,dummy_mean,1.88,1.4770050000000001
9564,group_reduced_formula,8000,dummy_mean,1.16,1.4770050000000001
9568,group_reduced_formula,8000,dummy_mean,1.32,1.4770050000000001
9571,group_reduced_formula,8000,dummy_mean,1.44,1.4770050000000001
9579,group_reduced_formula,8000,dummy_mean,1.56,1.4770050000000001
9593,group_reduced_formula,8000,dummy_mean,0.52,1.4770050000000001
9596,group_reduced_formula,8000,dummy_mean,1.64,1.4770050000000001
9604,group_reduced_formula,8000,dummy_mean,3.06,1.4770050000000001
9605,group_reduced_formula,8000,dummy_mean,0.98,1.4770050000000001
9613,group_reduced_formula,8000,dummy_mean,3.56,1.4770050000000001
9614,group_reduced_formula,8000,dummy_mean,0.38,1.4770050000000001
9621,group_reduced_formula,8000,dummy_mean,1.4,1.4770050000000001
9630,group_reduced_formula,8000,dummy_mean,1.48,1.4770050000000001
9639,group_reduced_formula,8000,dummy_mean,0.42,1.4770050000000001
9647,group_reduced_formula,8000,dummy_mean,0.42,1.4770050000000001
9673,group_reduced_formula,8000,dummy_mean,1.46,1.4770050000000001
9685,group_reduced_formula,8000,dummy_mean,3.34,1.4770050000000001
9686,group_reduced_formula,8000,dummy_mean,1.68,1.4770050000000001
9696,group_reduced_formula,8000,dummy_mean,0.84,1.4770050000000001
9698,group_reduced_formula,8000,dummy_mean,1.18,1.4770050000000001
9699,group_reduced_formula,8000,dummy_mean,1.14,1.4770050000000001
9711,group_reduced_formula,8000,dummy_mean,0.78,1.4770050000000001
9714,group_reduced_formula,8000,dummy_mean,3.74,1.4770050000000001
9725,group_reduced_formula,8000,dummy_mean,1.86,1.4770050000000001
9732,group_reduced_formula,8000,dummy_mean,0.96,1.4770050000000001
9737,group_reduced_formula,8000,dummy_mean,2.26,1.4770050000000001
9739,group_reduced_formula,8000,dummy_mean,0.96,1.4770050000000001
9772,group_reduced_formula,8000,dummy_mean,1.64,1.4770050000000001
9775,group_reduced_formula,8000,dummy_mean,0.94,1.4770050000000001
9794,group_reduced_formula,8000,dummy_mean,1.4,1.4770050000000001
9818,group_reduced_formula,8000,dummy_mean,2.02,1.4770050000000001
9819,group_reduced_formula,8000,dummy_mean,2.12,1.4770050000000001
9835,group_reduced_formula,8000,dummy_mean,1.64,1.4770050000000001
9845,group_reduced_formula,8000,dummy_mean,1.46,1.4770050000000001
9852,group_reduced_formula,8000,dummy_mean,1.72,1.4770050000000001
9862,group_reduced_formula,8000,dummy_mean,2.44,1.4770050000000001
9863,group_reduced_formula,8000,dummy_mean,0.92,1.4770050000000001
9888,group_reduced_formula,8000,dummy_mean,1.22,1.4770050000000001
9893,group_reduced_formula,8000,dummy_mean,1.84,1.4770050000000001
9903,group_reduced_formula,8000,dummy_mean,1.48,1.4770050000000001
9912,group_reduced_formula,8000,dummy_mean,1.46,1.4770050000000001
9922,group_reduced_formula,8000,dummy_mean,3.52,1.4770050000000001
9926,group_reduced_formula,8000,dummy_mean,1.74,1.4770050000000001
9930,group_reduced_formula,8000,dummy_mean,1.14,1.4770050000000001
9936,group_reduced_formula,8000,dummy_mean,2.74,1.4770050000000001
9943,group_reduced_formula,8000,dummy_mean,1.7,1.4770050000000001
9948,group_reduced_formula,8000,dummy_mean,0.38,1.4770050000000001
9950,group_reduced_formula,8000,dummy_mean,1.74,1.4770050000000001
9965,group_reduced_formula,8000,dummy_mean,2.0,1.4770050000000001
9968,group_reduced_formula,8000,dummy_mean,4.12,1.4770050000000001
9977,group_reduced_formula,8000,dummy_mean,0.8,1.4770050000000001
9983,group_reduced_formula,8000,dummy_mean,0.72,1.4770050000000001
10037,group_reduced_formula,8000,dummy_mean,0.7,1.4770050000000001
10038,group_reduced_formula,8000,dummy_mean,1.88,1.4770050000000001
10053,group_reduced_formula,8000,dummy_mean,2.0,1.4770050000000001
10058,group_reduced_formula,8000,dummy_mean,1.36,1.4770050000000001
10063,group_reduced_formula,8000,dummy_mean,1.06,1.4770050000000001
10078,group_reduced_formula,8000,dummy_mean,1.4,1.4770050000000001
10081,group_reduced_formula,8000,dummy_mean,0.2,1.4770050000000001
10088,group_reduced_formula,8000,dummy_mean,1.8,1.4770050000000001
10113,group_reduced_formula,8000,dummy_mean,2.38,1.4770050000000001
10125,group_reduced_formula,8000,dummy_mean,1.28,1.4770050000000001
10131,group_reduced_formula,8000,dummy_mean,2.14,1.4770050000000001
10140,group_reduced_formula,8000,dummy_mean,1.42,1.4770050000000001
10142,group_reduced_formula,8000,dummy_mean,1.18,1.4770050000000001
10151,group_reduced_formula,8000,dummy_mean,1.0,1.4770050000000001
10155,group_reduced_formula,8000,dummy_mean,0.6,1.4770050000000001
10168,group_reduced_formula,8000,dummy_mean,0.36,1.4770050000000001
10175,group_reduced_formula,8000,dummy_mean,3.54,1.4770050000000001
10183,group_reduced_formula,8000,dummy_mean,1.46,1.4770050000000001
10207,group_reduced_formula,8000,dummy_mean,2.1,1.4770050000000001
10209,group_reduced_formula,8000,dummy_mean,1.6,1.4770050000000001
10231,group_reduced_formula,8000,dummy_mean,3.44,1.4770050000000001
10233,group_reduced_formula,8000,dummy_mean,0.38,1.4770050000000001
10240,group_reduced_formula,8000,dummy_mean,1.76,1.4770050000000001
10244,group_reduced_formula,8000,dummy_mean,1.76,1.4770050000000001
10261,group_reduced_formula,8000,dummy_mean,3.82,1.4770050000000001
10292,group_reduced_formula,8000,dummy_mean,1.12,1.4770050000000001
10295,group_reduced_formula,8000,dummy_mean,2.02,1.4770050000000001
10296,group_reduced_formula,8000,dummy_mean,2.06,1.4770050000000001
10307,group_reduced_formula,8000,dummy_mean,0.6,1.4770050000000001
10323,group_reduced_formula,8000,dummy_mean,1.4,1.4770050000000001
10327,group_reduced_formula,8000,dummy_mean,1.44,1.4770050000000001
10328,group_reduced_formula,8000,dummy_mean,1.56,1.4770050000000001
10329,group_reduced_formula,8000,dummy_mean,0.68,1.4770050000000001
10330,group_reduced_formula,8000,dummy_mean,1.9,1.4770050000000001
10336,group_reduced_formula,8000,dummy_mean,0.96,1.4770050000000001
10340,group_reduced_formula,8000,dummy_mean,1.6,1.4770050000000001
10358,group_reduced_formula,8000,dummy_mean,2.48,1.4770050000000001
10364,group_reduced_formula,8000,dummy_mean,1.6,1.4770050000000001
10365,group_reduced_formula,8000,dummy_mean,0.5,1.4770050000000001
10395,group_reduced_formula,8000,dummy_mean,1.5,1.4770050000000001
10403,group_reduced_formula,8000,dummy_mean,2.06,1.4770050000000001
10405,group_reduced_formula,8000,dummy_mean,2.08,1.4770050000000001
10416,group_reduced_formula,8000,dummy_mean,1.78,1.4770050000000001
10422,group_reduced_formula,8000,dummy_mean,1.38,1.4770050000000001
10440,group_reduced_formula,8000,dummy_mean,3.14,1.4770050000000001
10476,group_reduced_formula,8000,dummy_mean,1.22,1.4770050000000001
10484,group_reduced_formula,8000,dummy_mean,0.5,1.4770050000000001
10500,group_reduced_formula,8000,dummy_mean,0.9,1.4770050000000001
10503,group_reduced_formula,8000,dummy_mean,1.18,1.4770050000000001
10510,group_reduced_formula,8000,dummy_mean,0.58,1.4770050000000001
10534,group_reduced_formula,8000,dummy_mean,1.0,1.4770050000000001
10536,group_reduced_formula,8000,dummy_mean,1.68,1.4770050000000001
10548,group_reduced_formula,8000,dummy_mean,1.88,1.4770050000000001
10552,group_reduced_formula,8000,dummy_mean,1.12,1.4770050000000001
10557,group_reduced_formula,8000,dummy_mean,1.24,1.4770050000000001
10573,group_reduced_formula,8000,dummy_mean,2.02,1.4770050000000001
10597,group_reduced_formula,8000,dummy_mean,1.58,1.4770050000000001
10611,group_reduced_formula,8000,dummy_mean,2.04,1.4770050000000001
10624,group_reduced_formula,8000,dummy_mean,1.34,1.4770050000000001
10627,group_reduced_formula,8000,dummy_mean,1.1,1.4770050000000001
10631,group_reduced_formula,8000,dummy_mean,0.98,1.4770050000000001
10633,group_reduced_formula,8000,dummy_mean,1.48,1.4770050000000001
10638,group_reduced_formula,8000,dummy_mean,1.42,1.4770050000000001
10639,group_reduced_formula,8000,dummy_mean,-0.16,1.4770050000000001
10643,group_reduced_formula,8000,dummy_mean,0.38,1.4770050000000001
10650,group_reduced_formula,8000,dummy_mean,2.12,1.4770050000000001
10652,group_reduced_formula,8000,dummy_mean,1.58,1.4770050000000001
10657,group_reduced_formula,8000,dummy_mean,3.64,1.4770050000000001
10688,group_reduced_formula,8000,dummy_mean,1.18,1.4770050000000001
10691,group_reduced_formula,8000,dummy_mean,1.06,1.4770050000000001
10695,group_reduced_formula,8000,dummy_mean,2.06,1.4770050000000001
10702,group_reduced_formula,8000,dummy_mean,3.0,1.4770050000000001
10715,group_reduced_formula,8000,dummy_mean,1.02,1.4770050000000001
10716,group_reduced_formula,8000,dummy_mean,2.22,1.4770050000000001
10729,group_reduced_formula,8000,dummy_mean,2.1,1.4770050000000001
10735,group_reduced_formula,8000,dummy_mean,1.02,1.4770050000000001
10745,group_reduced_formula,8000,dummy_mean,1.9,1.4770050000000001
10783,group_reduced_formula,8000,dummy_mean,1.16,1.4770050000000001
10784,group_reduced_formula,8000,dummy_mean,0.64,1.4770050000000001
10790,group_reduced_formula,8000,dummy_mean,1.36,1.4770050000000001
10797,group_reduced_formula,8000,dummy_mean,3.88,1.4770050000000001
10801,group_reduced_formula,8000,dummy_mean,1.68,1.4770050000000001
10804,group_reduced_formula,8000,dummy_mean,1.42,1.4770050000000001
10827,group_reduced_formula,8000,dummy_mean,1.32,1.4770050000000001
10840,group_reduced_formula,8000,dummy_mean,1.58,1.4770050000000001
10847,group_reduced_formula,8000,dummy_mean,0.28,1.4770050000000001
10857,group_reduced_formula,8000,dummy_mean,1.66,1.4770050000000001
10864,group_reduced_formula,8000,dummy_mean,1.58,1.4770050000000001
10876,group_reduced_formula,8000,dummy_mean,2.02,1.4770050000000001
10880,group_reduced_formula,8000,dummy_mean,1.4,1.4770050000000001
10892,group_reduced_formula,8000,dummy_mean,1.02,1.4770050000000001
10896,group_reduced_formula,8000,dummy_mean,0.58,1.4770050000000001
10928,group_reduced_formula,8000,dummy_mean,0.84,1.4770050000000001
10933,group_reduced_formula,8000,dummy_mean,1.76,1.4770050000000001
10944,group_reduced_formula,8000,dummy_mean,1.32,1.4770050000000001
10952,group_reduced_formula,8000,dummy_mean,2.04,1.4770050000000001
10967,group_reduced_formula,8000,dummy_mean,1.8,1.4770050000000001
10978,group_reduced_formula,8000,dummy_mean,0.48,1.4770050000000001
10984,group_reduced_formula,8000,dummy_mean,1.84,1.4770050000000001
10991,group_reduced_formula,8000,dummy_mean,0.44,1.4770050000000001
11000,group_reduced_formula,8000,dummy_mean,1.8,1.4770050000000001
11010,group_reduced_formula,8000,dummy_mean,1.64,1.4770050000000001
11021,group_reduced_formula,8000,dummy_mean,1.06,1.4770050000000001
11073,group_reduced_formula,8000,dummy_mean,2.08,1.4770050000000001
11080,group_reduced_formula,8000,dummy_mean,0.66,1.4770050000000001
11095,group_reduced_formula,8000,dummy_mean,0.1,1.4770050000000001
11096,group_reduced_formula,8000,dummy_mean,0.34,1.4770050000000001
11098,group_reduced_formula,8000,dummy_mean,4.62,1.4770050000000001
11101,group_reduced_formula,8000,dummy_mean,1.96,1.4770050000000001
11105,group_reduced_formula,8000,dummy_mean,0.82,1.4770050000000001
11115,group_reduced_formula,8000,dummy_mean,1.14,1.4770050000000001
11123,group_reduced_formula,8000,dummy_mean,1.48,1.4770050000000001
11132,group_reduced_formula,8000,dummy_mean,2.08,1.4770050000000001
11143,group_reduced_formula,8000,dummy_mean,0.2,1.4770050000000001
11149,group_reduced_formula,8000,dummy_mean,1.86,1.4770050000000001
11162,group_reduced_formula,8000,dummy_mean,1.12,1.4770050000000001
11172,group_reduced_formula,8000,dummy_mean,3.82,1.4770050000000001
11173,group_reduced_formula,8000,dummy_mean,0.56,1.4770050000000001
11199,group_reduced_formula,8000,dummy_mean,1.16,1.4770050000000001
11205,group_reduced_formula,8000,dummy_mean,1.5,1.4770050000000001
11209,group_reduced_formula,8000,dummy_mean,1.48,1.4770050000000001
11211,group_reduced_formula,8000,dummy_mean,1.68,1.4770050000000001
11232,group_reduced_formula,8000,dummy_mean,0.72,1.4770050000000001
11238,group_reduced_formula,8000,dummy_mean,1.54,1.4770050000000001
11246,group_reduced_formula,8000,dummy_mean,0.78,1.4770050000000001
11252,group_reduced_formula,8000,dummy_mean,2.16,1.4770050000000001
11258,group_reduced_formula,8000,dummy_mean,1.4,1.4770050000000001
11275,group_reduced_formula,8000,dummy_mean,0.8,1.4770050000000001
11279,group_reduced_formula,8000,dummy_mean,1.06,1.4770050000000001
11301,group_reduced_formula,8000,dummy_mean,1.88,1.4770050000000001
11322,group_reduced_formula,8000,dummy_mean,1.12,1.4770050000000001
11324,group_reduced_formula,8000,dummy_mean,1.9,1.4770050000000001
11326,group_reduced_formula,8000,dummy_mean,1.08,1.4770050000000001
11349,group_reduced_formula,8000,dummy_mean,2.2,1.4770050000000001
11359,group_reduced_formula,8000,dummy_mean,0.96,1.4770050000000001
11360,group_reduced_formula,8000,dummy_mean,2.82,1.4770050000000001
11378,group_reduced_formula,8000,dummy_mean,1.84,1.4770050000000001
11382,group_reduced_formula,8000,dummy_mean,1.28,1.4770050000000001
11393,group_reduced_formula,8000,dummy_mean,0.72,1.4770050000000001
11409,group_reduced_formula,8000,dummy_mean,1.6,1.4770050000000001
11434,group_reduced_formula,8000,dummy_mean,1.34,1.4770050000000001
11440,group_reduced_formula,8000,dummy_mean,1.52,1.4770050000000001
11444,group_reduced_formula,8000,dummy_mean,1.38,1.4770050000000001
11454,group_reduced_formula,8000,dummy_mean,1.54,1.4770050000000001
11475,group_reduced_formula,8000,dummy_mean,1.72,1.4770050000000001
11485,group_reduced_formula,8000,dummy_mean,1.18,1.4770050000000001
11506,group_reduced_formula,8000,dummy_mean,1.44,1.4770050000000001
11557,group_reduced_formula,8000,dummy_mean,2.36,1.4770050000000001
11561,group_reduced_formula,8000,dummy_mean,1.26,1.4770050000000001
11582,group_reduced_formula,8000,dummy_mean,1.16,1.4770050000000001
11602,group_reduced_formula,8000,dummy_mean,0.56,1.4770050000000001
11606,group_reduced_formula,8000,dummy_mean,1.92,1.4770050000000001
11610,group_reduced_formula,8000,dummy_mean,0.4,1.4770050000000001
11622,group_reduced_formula,8000,dummy_mean,2.96,1.4770050000000001
11626,group_reduced_formula,8000,dummy_mean,1.7,1.4770050000000001
11632,group_reduced_formula,8000,dummy_mean,1.36,1.4770050000000001
11648,group_reduced_formula,8000,dummy_mean,1.62,1.4770050000000001
11662,group_reduced_formula,8000,dummy_mean,1.9,1.4770050000000001
11681,group_reduced_formula,8000,dummy_mean,1.26,1.4770050000000001
11695,group_reduced_formula,8000,dummy_mean,1.24,1.4770050000000001
11708,group_reduced_formula,8000,dummy_mean,1.06,1.4770050000000001
11712,group_reduced_formula,8000,dummy_mean,1.46,1.4770050000000001
11724,group_reduced_formula,8000,dummy_mean,0.76,1.4770050000000001
11741,group_reduced_formula,8000,dummy_mean,3.12,1.4770050000000001
11743,group_reduced_formula,8000,dummy_mean,0.98,1.4770050000000001
11762,group_reduced_formula,8000,dummy_mean,1.1,1.4770050000000001
11780,group_reduced_formula,8000,dummy_mean,1.22,1.4770050000000001
11816,group_reduced_formula,8000,dummy_mean,2.24,1.4770050000000001
11846,group_reduced_formula,8000,dummy_mean,0.94,1.4770050000000001
11854,group_reduced_formula,8000,dummy_mean,0.74,1.4770050000000001
11884,group_reduced_formula,8000,dummy_mean,1.14,1.4770050000000001
11886,group_reduced_formula,8000,dummy_mean,0.4,1.4770050000000001
11894,group_reduced_formula,8000,dummy_mean,0.8,1.4770050000000001
11897,group_reduced_formula,8000,dummy_mean,0.74,1.4770050000000001
11898,group_reduced_formula,8000,dummy_mean,1.92,1.4770050000000001
11899,group_reduced_formula,8000,dummy_mean,1.18,1.4770050000000001
11917,group_reduced_formula,8000,dummy_mean,2.4,1.4770050000000001
11938,group_reduced_formula,8000,dummy_mean,1.54,1.4770050000000001
11964,group_reduced_formula,8000,dummy_mean,1.14,1.4770050000000001
11975,group_reduced_formula,8000,dummy_mean,1.04,1.4770050000000001
11978,group_reduced_formula,8000,dummy_mean,1.16,1.4770050000000001
11986,group_reduced_formula,8000,dummy_mean,1.64,1.4770050000000001
11992,group_reduced_formula,8000,dummy_mean,3.5,1.4770050000000001
12004,group_reduced_formula,8000,dummy_mean,0.92,1.4770050000000001
12013,group_reduced_formula,8000,dummy_mean,2.66,1.4770050000000001
12052,group_reduced_formula,8000,dummy_mean,1.08,1.4770050000000001
12068,group_reduced_formula,8000,dummy_mean,2.44,1.4770050000000001
12074,group_reduced_formula,8000,dummy_mean,2.06,1.4770050000000001
12079,group_reduced_formula,8000,dummy_mean,1.36,1.4770050000000001
12081,group_reduced_formula,8000,dummy_mean,1.12,1.4770050000000001
12084,group_reduced_formula,8000,dummy_mean,1.12,1.4770050000000001
12085,group_reduced_formula,8000,dummy_mean,1.38,1.4770050000000001
12110,group_reduced_formula,8000,dummy_mean,0.12,1.4770050000000001
12140,group_reduced_formula,8000,dummy_mean,1.2,1.4770050000000001
12160,group_reduced_formula,8000,dummy_mean,1.16,1.4770050000000001
12163,group_reduced_formula,8000,dummy_mean,0.54,1.4770050000000001
12174,group_reduced_formula,8000,dummy_mean,1.68,1.4770050000000001
12175,group_reduced_formula,8000,dummy_mean,1.7,1.4770050000000001
12176,group_reduced_formula,8000,dummy_mean,2.1,1.4770050000000001
12177,group_reduced_formula,8000,dummy_mean,2.66,1.4770050000000001
12216,group_reduced_formula,8000,dummy_mean,1.48,1.4770050000000001
12219,group_reduced_formula,8000,dummy_mean,1.12,1.4770050000000001
12223,group_reduced_formula,8000,dummy_mean,2.86,1.4770050000000001
12256,group_reduced_formula,8000,dummy_mean,4.18,1.4770050000000001
12269,group_reduced_formula,8000,dummy_mean,0.66,1.4770050000000001
12271,group_reduced_formula,8000,dummy_mean,2.84,1.4770050000000001
12313,group_reduced_formula,8000,dummy_mean,0.56,1.4770050000000001
12315,group_reduced_formula,8000,dummy_mean,1.18,1.4770050000000001
12331,group_reduced_formula,8000,dummy_mean,3.8,1.4770050000000001
12336,group_reduced_formula,8000,dummy_mean,2.36,1.4770050000000001
12340,group_reduced_formula,8000,dummy_mean,0.7,1.4770050000000001
12342,group_reduced_formula,8000,dummy_mean,0.5,1.4770050000000001
12343,group_reduced_formula,8000,dummy_mean,0.64,1.4770050000000001
12346,group_reduced_formula,8000,dummy_mean,1.92,1.4770050000000001
12347,group_reduced_formula,8000,dummy_mean,2.12,1.4770050000000001
12350,group_reduced_formula,8000,dummy_mean,1.24,1.4770050000000001
12355,group_reduced_formula,8000,dummy_mean,1.6,1.4770050000000001
12364,group_reduced_formula,8000,dummy_mean,1.0,1.4770050000000001
12380,group_reduced_formula,8000,dummy_mean,1.92,1.4770050000000001
12392,group_reduced_formula,8000,dummy_mean,0.38,1.4770050000000001
12393,group_reduced_formula,8000,dummy_mean,1.64,1.4770050000000001
12395,group_reduced_formula,8000,dummy_mean,3.14,1.4770050000000001
12407,group_reduced_formula,8000,dummy_mean,1.44,1.4770050000000001
12411,group_reduced_formula,8000,dummy_mean,2.14,1.4770050000000001
12414,group_reduced_formula,8000,dummy_mean,1.2,1.4770050000000001
12415,group_reduced_formula,8000,dummy_mean,0.82,1.4770050000000001
12416,group_reduced_formula,8000,dummy_mean,0.96,1.4770050000000001
12418,group_reduced_formula,8000,dummy_mean,1.82,1.4770050000000001
12426,group_reduced_formula,8000,dummy_mean,1.22,1.4770050000000001
12427,group_reduced_formula,8000,dummy_mean,0.92,1.4770050000000001
12440,group_reduced_formula,8000,dummy_mean,1.2,1.4770050000000001
12460,group_reduced_formula,8000,dummy_mean,3.9,1.4770050000000001
12463,group_reduced_formula,8000,dummy_mean,0.32,1.4770050000000001
12464,group_reduced_formula,8000,dummy_mean,0.08,1.4770050000000001
12479,group_reduced_formula,8000,dummy_mean,1.94,1.4770050000000001
12491,group_reduced_formula,8000,dummy_mean,0.44,1.4770050000000001
12493,group_reduced_formula,8000,dummy_mean,1.98,1.4770050000000001
12510,group_reduced_formula,8000,dummy_mean,1.3,1.4770050000000001
12521,group_reduced_formula,8000,dummy_mean,1.92,1.4770050000000001
12524,group_reduced_formula,8000,dummy_mean,1.34,1.4770050000000001
12562,group_reduced_formula,8000,dummy_mean,1.8,1.4770050000000001
12565,group_reduced_formula,8000,dummy_mean,2.86,1.4770050000000001
12566,group_reduced_formula,8000,dummy_mean,1.22,1.4770050000000001
12569,group_reduced_formula,8000,dummy_mean,1.26,1.4770050000000001
12577,group_reduced_formula,8000,dummy_mean,1.26,1.4770050000000001
12596,group_reduced_formula,8000,dummy_mean,1.12,1.4770050000000001
12627,group_reduced_formula,8000,dummy_mean,2.44,1.4770050000000001
12631,group_reduced_formula,8000,dummy_mean,1.56,1.4770050000000001
12651,group_reduced_formula,8000,dummy_mean,1.36,1.4770050000000001
12656,group_reduced_formula,8000,dummy_mean,1.0,1.4770050000000001
12676,group_reduced_formula,8000,dummy_mean,1.26,1.4770050000000001
12677,group_reduced_formula,8000,dummy_mean,1.04,1.4770050000000001
12700,group_reduced_formula,8000,dummy_mean,0.64,1.4770050000000001
12703,group_reduced_formula,8000,dummy_mean,0.78,1.4770050000000001
12708,group_reduced_formula,8000,dummy_mean,1.3,1.4770050000000001
12713,group_reduced_formula,8000,dummy_mean,2.72,1.4770050000000001
12715,group_reduced_formula,8000,dummy_mean,1.7,1.4770050000000001
12723,group_reduced_formula,8000,dummy_mean,1.6,1.4770050000000001
12727,group_reduced_formula,8000,dummy_mean,1.08,1.4770050000000001
12730,group_reduced_formula,8000,dummy_mean,0.98,1.4770050000000001
12735,group_reduced_formula,8000,dummy_mean,2.38,1.4770050000000001
12752,group_reduced_formula,8000,dummy_mean,1.3,1.4770050000000001
12804,group_reduced_formula,8000,dummy_mean,1.62,1.4770050000000001
12810,group_reduced_formula,8000,dummy_mean,1.08,1.4770050000000001
12812,group_reduced_formula,8000,dummy_mean,2.78,1.4770050000000001
12842,group_reduced_formula,8000,dummy_mean,1.08,1.4770050000000001
12848,group_reduced_formula,8000,dummy_mean,1.22,1.4770050000000001
12864,group_reduced_formula,8000,dummy_mean,1.54,1.4770050000000001
12870,group_reduced_formula,8000,dummy_mean,1.4,1.4770050000000001
12893,group_reduced_formula,8000,dummy_mean,0.98,1.4770050000000001
12909,group_reduced_formula,8000,dummy_mean,2.2,1.4770050000000001
12931,group_reduced_formula,8000,dummy_mean,1.1,1.4770050000000001
12939,group_reduced_formula,8000,dummy_mean,1.08,1.4770050000000001
12941,group_reduced_formula,8000,dummy_mean,1.88,1.4770050000000001
12944,group_reduced_formula,8000,dummy_mean,2.34,1.4770050000000001
12951,group_reduced_formula,8000,dummy_mean,1.38,1.4770050000000001
12956,group_reduced_formula,8000,dummy_mean,1.62,1.4770050000000001
12965,group_reduced_formula,8000,dummy_mean,4.3,1.4770050000000001
12967,group_reduced_formula,8000,dummy_mean,1.8,1.4770050000000001
12977,group_reduced_formula,8000,dummy_mean,1.58,1.4770050000000001
12978,group_reduced_formula,8000,dummy_mean,1.94,1.4770050000000001
12983,group_reduced_formula,8000,dummy_mean,0.92,1.4770050000000001
12991,group_reduced_formula,8000,dummy_mean,0.76,1.4770050000000001
13009,group_reduced_formula,8000,dummy_mean,0.72,1.4770050000000001
13019,group_reduced_formula,8000,dummy_mean,2.72,1.4770050000000001
13026,group_reduced_formula,8000,dummy_mean,3.16,1.4770050000000001
13044,group_reduced_formula,8000,dummy_mean,1.74,1.4770050000000001
13047,group_reduced_formula,8000,dummy_mean,1.54,1.4770050000000001
13054,group_reduced_formula,8000,dummy_mean,1.22,1.4770050000000001
13060,group_reduced_formula,8000,dummy_mean,1.38,1.4770050000000001
13061,group_reduced_formula,8000,dummy_mean,1.34,1.4770050000000001
13062,group_reduced_formula,8000,dummy_mean,1.78,1.4770050000000001
13069,group_reduced_formula,8000,dummy_mean,1.24,1.4770050000000001
13074,group_reduced_formula,8000,dummy_mean,0.96,1.4770050000000001
13093,group_reduced_formula,8000,dummy_mean,2.26,1.4770050000000001
13104,group_reduced_formula,8000,dummy_mean,1.14,1.4770050000000001
13124,group_reduced_formula,8000,dummy_mean,1.04,1.4770050000000001
13126,group_reduced_formula,8000,dummy_mean,1.72,1.4770050000000001
13128,group_reduced_formula,8000,dummy_mean,0.9,1.4770050000000001
13132,group_reduced_formula,8000,dummy_mean,1.16,1.4770050000000001
13140,group_reduced_formula,8000,dummy_mean,2.08,1.4770050000000001
13148,group_reduced_formula,8000,dummy_mean,2.22,1.4770050000000001
13162,group_reduced_formula,8000,dummy_mean,1.52,1.4770050000000001
13168,group_reduced_formula,8000,dummy_mean,1.18,1.4770050000000001
13194,group_reduced_formula,8000,dummy_mean,1.76,1.4770050000000001
13208,group_reduced_formula,8000,dummy_mean,3.2,1.4770050000000001
13212,group_reduced_formula,8000,dummy_mean,1.76,1.4770050000000001
13214,group_reduced_formula,8000,dummy_mean,1.8,1.4770050000000001
13215,group_reduced_formula,8000,dummy_mean,2.28,1.4770050000000001
13216,group_reduced_formula,8000,dummy_mean,1.52,1.4770050000000001
13237,group_reduced_formula,8000,dummy_mean,0.9,1.4770050000000001
13281,group_reduced_formula,8000,dummy_mean,0.82,1.4770050000000001
13300,group_reduced_formula,8000,dummy_mean,0.78,1.4770050000000001
13313,group_reduced_formula,8000,dummy_mean,0.94,1.4770050000000001
13340,group_reduced_formula,8000,dummy_mean,0.3,1.4770050000000001
13344,group_reduced_formula,8000,dummy_mean,1.2,1.4770050000000001
13350,group_reduced_formula,8000,dummy_mean,2.06,1.4770050000000001
13356,group_reduced_formula,8000,dummy_mean,1.44,1.4770050000000001
13364,group_reduced_formula,8000,dummy_mean,1.22,1.4770050000000001
13376,group_reduced_formula,8000,dummy_mean,1.22,1.4770050000000001
13394,group_reduced_formula,8000,dummy_mean,0.18,1.4770050000000001
13409,group_reduced_formula,8000,dummy_mean,1.28,1.4770050000000001
13423,group_reduced_formula,8000,dummy_mean,1.52,1.4770050000000001
13424,group_reduced_formula,8000,dummy_mean,1.34,1.4770050000000001
13442,group_reduced_formula,8000,dummy_mean,2.06,1.4770050000000001
13443,group_reduced_formula,8000,dummy_mean,1.66,1.4770050000000001
13454,group_reduced_formula,8000,dummy_mean,1.72,1.4770050000000001
13458,group_reduced_formula,8000,dummy_mean,1.46,1.4770050000000001
13466,group_reduced_formula,8000,dummy_mean,1.66,1.4770050000000001
13480,group_reduced_formula,8000,dummy_mean,1.18,1.4770050000000001
13515,group_reduced_formula,8000,dummy_mean,1.14,1.4770050000000001
13540,group_reduced_formula,8000,dummy_mean,1.0,1.4770050000000001
13563,group_reduced_formula,8000,dummy_mean,2.4,1.4770050000000001
13568,group_reduced_formula,8000,dummy_mean,1.12,1.4770050000000001
13580,group_reduced_formula,8000,dummy_mean,1.34,1.4770050000000001
13584,group_reduced_formula,8000,dummy_mean,1.18,1.4770050000000001
13591,group_reduced_formula,8000,dummy_mean,1.2,1.4770050000000001
13602,group_reduced_formula,8000,dummy_mean,2.68,1.4770050000000001
13627,group_reduced_formula,8000,dummy_mean,0.66,1.4770050000000001
13634,group_reduced_formula,8000,dummy_mean,0.04,1.4770050000000001
13642,group_reduced_formula,8000,dummy_mean,1.62,1.4770050000000001
13656,group_reduced_formula,8000,dummy_mean,1.94,1.4770050000000001
13678,group_reduced_formula,8000,dummy_mean,0.3,1.4770050000000001
13695,group_reduced_formula,8000,dummy_mean,0.8,1.4770050000000001
13709,group_reduced_formula,8000,dummy_mean,1.66,1.4770050000000001
13711,group_reduced_formula,8000,dummy_mean,1.08,1.4770050000000001
13717,group_reduced_formula,8000,dummy_mean,0.18,1.4770050000000001
13718,group_reduced_formula,8000,dummy_mean,1.8,1.4770050000000001
13719,group_reduced_formula,8000,dummy_mean,2.16,1.4770050000000001
13728,group_reduced_formula,8000,dummy_mean,1.1,1.4770050000000001
13736,group_reduced_formula,8000,dummy_mean,1.12,1.4770050000000001
13743,group_reduced_formula,8000,dummy_mean,1.12,1.4770050000000001
13745,group_reduced_formula,8000,dummy_mean,0.84,1.4770050000000001
13749,group_reduced_formula,8000,dummy_mean,-0.08,1.4770050000000001
13754,group_reduced_formula,8000,dummy_mean,0.82,1.4770050000000001
13756,group_reduced_formula,8000,dummy_mean,1.6,1.4770050000000001
13758,group_reduced_formula,8000,dummy_mean,2.14,1.4770050000000001
13764,group_reduced_formula,8000,dummy_mean,1.36,1.4770050000000001
13778,group_reduced_formula,8000,dummy_mean,1.4,1.4770050000000001
13779,group_reduced_formula,8000,dummy_mean,0.24,1.4770050000000001
13792,group_reduced_formula,8000,dummy_mean,0.18,1.4770050000000001
13795,group_reduced_formula,8000,dummy_mean,0.54,1.4770050000000001
13811,group_reduced_formula,8000,dummy_mean,0.98,1.4770050000000001
13823,group_reduced_formula,8000,dummy_mean,0.94,1.4770050000000001
13840,group_reduced_formula,8000,dummy_mean,1.02,1.4770050000000001
13848,group_reduced_formula,8000,dummy_mean,1.78,1.4770050000000001
13870,group_reduced_formula,8000,dummy_mean,1.34,1.4770050000000001
13889,group_reduced_formula,8000,dummy_mean,0.36,1.4770050000000001
13902,group_reduced_formula,8000,dummy_mean,0.56,1.4770050000000001
13904,group_reduced_formula,8000,dummy_mean,0.38,1.4770050000000001
13910,group_reduced_formula,8000,dummy_mean,1.2,1.4770050000000001
13919,group_reduced_formula,8000,dummy_mean,1.34,1.4770050000000001
13931,group_reduced_formula,8000,dummy_mean,1.48,1.4770050000000001
13932,group_reduced_formula,8000,dummy_mean,1.0,1.4770050000000001
13936,group_reduced_formula,8000,dummy_mean,1.16,1.4770050000000001
13947,group_reduced_formula,8000,dummy_mean,2.02,1.4770050000000001
13950,group_reduced_formula,8000,dummy_mean,1.98,1.4770050000000001
13960,group_reduced_formula,8000,dummy_mean,1.12,1.4770050000000001
13962,group_reduced_formula,8000,dummy_mean,1.76,1.4770050000000001
13995,group_reduced_formula,8000,dummy_mean,1.68,1.4770050000000001
13999,group_reduced_formula,8000,dummy_mean,1.34,1.4770050000000001
14003,group_reduced_formula,8000,dummy_mean,1.34,1.4770050000000001
14005,group_reduced_formula,8000,dummy_mean,1.34,1.4770050000000001
14012,group_reduced_formula,8000,dummy_mean,1.62,1.4770050000000001
14017,group_reduced_formula,8000,dummy_mean,2.3,1.4770050000000001
14031,group_reduced_formula,8000,dummy_mean,1.24,1.4770050000000001
14034,group_reduced_formula,8000,dummy_mean,1.52,1.4770050000000001
14037,group_reduced_formula,8000,dummy_mean,0.4,1.4770050000000001
14041,group_reduced_formula,8000,dummy_mean,3.88,1.4770050000000001
14046,group_reduced_formula,8000,dummy_mean,1.22,1.4770050000000001
14054,group_reduced_formula,8000,dummy_mean,3.78,1.4770050000000001
14061,group_reduced_formula,8000,dummy_mean,1.6,1.4770050000000001
14071,group_reduced_formula,8000,dummy_mean,0.88,1.4770050000000001
14076,group_reduced_formula,8000,dummy_mean,1.2,1.4770050000000001
14080,group_reduced_formula,8000,dummy_mean,2.06,1.4770050000000001
14090,group_reduced_formula,8000,dummy_mean,0.98,1.4770050000000001
14093,group_reduced_formula,8000,dummy_mean,1.26,1.4770050000000001
14110,group_reduced_formula,8000,dummy_mean,1.62,1.4770050000000001
14135,group_reduced_formula,8000,dummy_mean,0.6,1.4770050000000001
14148,group_reduced_formula,8000,dummy_mean,1.76,1.4770050000000001
14155,group_reduced_formula,8000,dummy_mean,1.9,1.4770050000000001
14163,group_reduced_formula,8000,dummy_mean,2.1,1.4770050000000001
14168,group_reduced_formula,8000,dummy_mean,0.86,1.4770050000000001
14170,group_reduced_formula,8000,dummy_mean,0.94,1.4770050000000001
14196,group_reduced_formula,8000,dummy_mean,1.88,1.4770050000000001
14203,group_reduced_formula,8000,dummy_mean,2.02,1.4770050000000001
14205,group_reduced_formula,8000,dummy_mean,1.34,1.4770050000000001
14210,group_reduced_formula,8000,dummy_mean,1.72,1.4770050000000001
14229,group_reduced_formula,8000,dummy_mean,1.18,1.4770050000000001
14230,group_reduced_formula,8000,dummy_mean,1.14,1.4770050000000001
14248,group_reduced_formula,8000,dummy_mean,1.02,1.4770050000000001
14274,group_reduced_formula,8000,dummy_mean,1.68,1.4770050000000001
14277,group_reduced_formula,8000,dummy_mean,1.74,1.4770050000000001
14281,group_reduced_formula,8000,dummy_mean,1.2,1.4770050000000001
14286,group_reduced_formula,8000,dummy_mean,0.74,1.4770050000000001
14294,group_reduced_formula,8000,dummy_mean,1.72,1.4770050000000001
14313,group_reduced_formula,8000,dummy_mean,1.28,1.4770050000000001
14323,group_reduced_formula,8000,dummy_mean,0.86,1.4770050000000001
14350,group_reduced_formula,8000,dummy_mean,0.06,1.4770050000000001
14376,group_reduced_formula,8000,dummy_mean,1.74,1.4770050000000001
14384,group_reduced_formula,8000,dummy_mean,2.18,1.4770050000000001
14386,group_reduced_formula,8000,dummy_mean,0.82,1.4770050000000001
14389,group_reduced_formula,8000,dummy_mean,1.52,1.4770050000000001
14396,group_reduced_formula,8000,dummy_mean,1.58,1.4770050000000001
14402,group_reduced_formula,8000,dummy_mean,0.88,1.4770050000000001
14404,group_reduced_formula,8000,dummy_mean,1.26,1.4770050000000001
14442,group_reduced_formula,8000,dummy_mean,1.3,1.4770050000000001
14446,group_reduced_formula,8000,dummy_mean,0.82,1.4770050000000001
14463,group_reduced_formula,8000,dummy_mean,0.9,1.4770050000000001
14466,group_reduced_formula,8000,dummy_mean,2.38,1.4770050000000001
14475,group_reduced_formula,8000,dummy_mean,0.84,1.4770050000000001
14477,group_reduced_formula,8000,dummy_mean,3.36,1.4770050000000001
14487,group_reduced_formula,8000,dummy_mean,2.56,1.4770050000000001
14497,group_reduced_formula,8000,dummy_mean,1.96,1.4770050000000001
14568,group_reduced_formula,8000,dummy_mean,0.98,1.4770050000000001
14584,group_reduced_formula,8000,dummy_mean,0.26,1.4770050000000001
14604,group_reduced_formula,8000,dummy_mean,1.12,1.4770050000000001
14613,group_reduced_formula,8000,dummy_mean,2.18,1.4770050000000001
14619,group_reduced_formula,8000,dummy_mean,1.4,1.4770050000000001
14635,group_reduced_formula,8000,dummy_mean,1.94,1.4770050000000001
14640,group_reduced_formula,8000,dummy_mean,1.7,1.4770050000000001
14641,group_reduced_formula,8000,dummy_mean,0.12,1.4770050000000001
14646,group_reduced_formula,8000,dummy_mean,0.58,1.4770050000000001
14652,group_reduced_formula,8000,dummy_mean,1.4,1.4770050000000001
14680,group_reduced_formula,8000,dummy_mean,2.32,1.4770050000000001
14689,group_reduced_formula,8000,dummy_mean,2.14,1.4770050000000001
14691,group_reduced_formula,8000,dummy_mean,0.5,1.4770050000000001
14695,group_reduced_formula,8000,dummy_mean,0.7,1.4770050000000001
14703,group_reduced_formula,8000,dummy_mean,0.32,1.4770050000000001
14705,group_reduced_formula,8000,dummy_mean,2.18,1.4770050000000001
14709,group_reduced_formula,8000,dummy_mean,1.04,1.4770050000000001
14745,group_reduced_formula,8000,dummy_mean,2.24,1.4770050000000001
14750,group_reduced_formula,8000,dummy_mean,1.28,1.4770050000000001
14761,group_reduced_formula,8000,dummy_mean,0.84,1.4770050000000001
14764,group_reduced_formula,8000,dummy_mean,2.22,1.4770050000000001
14772,group_reduced_formula,8000,dummy_mean,0.78,1.4770050000000001
14792,group_reduced_formula,8000,dummy_mean,1.3,1.4770050000000001
14798,group_reduced_formula,8000,dummy_mean,1.0,1.4770050000000001
14807,group_reduced_formula,8000,dummy_mean,2.32,1.4770050000000001
14810,group_reduced_formula,8000,dummy_mean,0.02,1.4770050000000001
14832,group_reduced_formula,8000,dummy_mean,0.64,1.4770050000000001
14845,group_reduced_formula,8000,dummy_mean,1.6,1.4770050000000001
14860,group_reduced_formula,8000,dummy_mean,0.56,1.4770050000000001
14867,group_reduced_formula,8000,dummy_mean,0.8,1.4770050000000001
14868,group_reduced_formula,8000,dummy_mean,1.08,1.4770050000000001
14875,group_reduced_formula,8000,dummy_mean,1.6,1.4770050000000001
14879,group_reduced_formula,8000,dummy_mean,1.4,1.4770050000000001
14905,group_reduced_formula,8000,dummy_mean,1.38,1.4770050000000001
14911,group_reduced_formula,8000,dummy_mean,1.5,1.4770050000000001
14937,group_reduced_formula,8000,dummy_mean,1.56,1.4770050000000001
14944,group_reduced_formula,8000,dummy_mean,2.24,1.4770050000000001
14945,group_reduced_formula,8000,dummy_mean,0.84,1.4770050000000001
14947,group_reduced_formula,8000,dummy_mean,2.58,1.4770050000000001
14953,group_reduced_formula,8000,dummy_mean,0.84,1.4770050000000001
14957,group_reduced_formula,8000,dummy_mean,0.5,1.4770050000000001
14961,group_reduced_formula,8000,dummy_mean,2.38,1.4770050000000001
14966,group_reduced_formula,8000,dummy_mean,1.22,1.4770050000000001
14972,group_reduced_formula,8000,dummy_mean,2.06,1.4770050000000001
14975,group_reduced_formula,8000,dummy_mean,1.62,1.4770050000000001
14981,group_reduced_formula,8000,dummy_mean,1.14,1.4770050000000001
14995,group_reduced_formula,8000,dummy_mean,2.88,1.4770050000000001
15001,group_reduced_formula,8000,dummy_mean,2.06,1.4770050000000001
15011,group_reduced_formula,8000,dummy_mean,1.2,1.4770050000000001
15028,group_reduced_formula,8000,dummy_mean,1.58,1.4770050000000001
15037,group_reduced_formula,8000,dummy_mean,1.32,1.4770050000000001
15048,group_reduced_formula,8000,dummy_mean,0.52,1.4770050000000001
15070,group_reduced_formula,8000,dummy_mean,2.84,1.4770050000000001
15088,group_reduced_formula,8000,dummy_mean,1.42,1.4770050000000001
15091,group_reduced_formula,8000,dummy_mean,2.44,1.4770050000000001
15101,group_reduced_formula,8000,dummy_mean,1.08,1.4770050000000001
15150,group_reduced_formula,8000,dummy_mean,1.2,1.4770050000000001
15162,group_reduced_formula,8000,dummy_mean,1.16,1.4770050000000001
15174,group_reduced_formula,8000,dummy_mean,1.72,1.4770050000000001
15194,group_reduced_formula,8000,dummy_mean,0.6,1.4770050000000001
15202,group_reduced_formula,8000,dummy_mean,3.08,1.4770050000000001
15213,group_reduced_formula,8000,dummy_mean,2.04,1.4770050000000001
15215,group_reduced_formula,8000,dummy_mean,1.42,1.4770050000000001
15220,group_reduced_formula,8000,dummy_mean,1.92,1.4770050000000001
15221,group_reduced_formula,8000,dummy_mean,0.76,1.4770050000000001
15224,group_reduced_formula,8000,dummy_mean,1.7,1.4770050000000001
15244,group_reduced_formula,8000,dummy_mean,0.62,1.4770050000000001
15245,group_reduced_formula,8000,dummy_mean,0.3,1.4770050000000001
15260,group_reduced_formula,8000,dummy_mean,0.52,1.4770050000000001
15264,group_reduced_formula,8000,dummy_mean,2.06,1.4770050000000001
15272,group_reduced_formula,8000,dummy_mean,0.66,1.4770050000000001
15301,group_reduced_formula,8000,dummy_mean,1.68,1.4770050000000001
15307,group_reduced_formula,8000,dummy_mean,3.16,1.4770050000000001
15314,group_reduced_formula,8000,dummy_mean,1.7,1.4770050000000001
15330,group_reduced_formula,8000,dummy_mean,1.26,1.4770050000000001
15343,group_reduced_formula,8000,dummy_mean,1.06,1.4770050000000001
15353,group_reduced_formula,8000,dummy_mean,1.28,1.4770050000000001
15376,group_reduced_formula,8000,dummy_mean,0.46,1.4770050000000001
15378,group_reduced_formula,8000,dummy_mean,1.72,1.4770050000000001
15383,group_reduced_formula,8000,dummy_mean,0.92,1.4770050000000001
15390,group_reduced_formula,8000,dummy_mean,1.76,1.4770050000000001
15392,group_reduced_formula,8000,dummy_mean,1.1,1.4770050000000001
15394,group_reduced_formula,8000,dummy_mean,0.28,1.4770050000000001
15400,group_reduced_formula,8000,dummy_mean,0.64,1.4770050000000001
15439,group_reduced_formula,8000,dummy_mean,1.64,1.4770050000000001
15458,group_reduced_formula,8000,dummy_mean,0.78,1.4770050000000001
15461,group_reduced_formula,8000,dummy_mean,1.38,1.4770050000000001
15485,group_reduced_formula,8000,dummy_mean,1.16,1.4770050000000001
15503,group_reduced_formula,8000,dummy_mean,1.22,1.4770050000000001
15524,group_reduced_formula,8000,dummy_mean,1.04,1.4770050000000001
15525,group_reduced_formula,8000,dummy_mean,1.1,1.4770050000000001
15532,group_reduced_formula,8000,dummy_mean,1.84,1.4770050000000001
15535,group_reduced_formula,8000,dummy_mean,0.94,1.4770050000000001
15545,group_reduced_formula,8000,dummy_mean,2.34,1.4770050000000001
15547,group_reduced_formula,8000,dummy_mean,2.36,1.4770050000000001
15551,group_reduced_formula,8000,dummy_mean,1.84,1.4770050000000001
15552,group_reduced_formula,8000,dummy_mean,0.3,1.4770050000000001
15554,group_reduced_formula,8000,dummy_mean,1.5,1.4770050000000001
15557,group_reduced_formula,8000,dummy_mean,1.18,1.4770050000000001
15569,group_reduced_formula,8000,dummy_mean,2.04,1.4770050000000001
15578,group_reduced_formula,8000,dummy_mean,2.1,1.4770050000000001
15583,group_reduced_formula,8000,dummy_mean,1.98,1.4770050000000001
15593,group_reduced_formula,8000,dummy_mean,1.36,1.4770050000000001
15629,group_reduced_formula,8000,dummy_mean,1.26,1.4770050000000001
15657,group_reduced_formula,8000,dummy_mean,1.28,1.4770050000000001
15670,group_reduced_formula,8000,dummy_mean,1.16,1.4770050000000001
15674,group_reduced_formula,8000,dummy_mean,1.3,1.4770050000000001
15693,group_reduced_formula,8000,dummy_mean,1.3,1.4770050000000001
15694,group_reduced_formula,8000,dummy_mean,0.9,1.4770050000000001
15704,group_reduced_formula,8000,dummy_mean,1.66,1.4770050000000001
15715,group_reduced_formula,8000,dummy_mean,2.8,1.4770050000000001
15717,group_reduced_formula,8000,dummy_mean,1.74,1.4770050000000001
15718,group_reduced_formula,8000,dummy_mean,1.4,1.4770050000000001
15738,group_reduced_formula,8000,dummy_mean,0.92,1.4770050000000001
15739,group_reduced_formula,8000,dummy_mean,2.6,1.4770050000000001
15756,group_reduced_formula,8000,dummy_mean,0.5,1.4770050000000001
15763,group_reduced_formula,8000,dummy_mean,2.28,1.4770050000000001
15769,group_reduced_formula,8000,dummy_mean,0.94,1.4770050000000001
15770,group_reduced_formula,8000,dummy_mean,3.08,1.4770050000000001
15771,group_reduced_formula,8000,dummy_mean,1.86,1.4770050000000001
15777,group_reduced_formula,8000,dummy_mean,1.24,1.4770050000000001
15785,group_reduced_formula,8000,dummy_mean,1.94,1.4770050000000001
15797,group_reduced_formula,8000,dummy_mean,1.68,1.4770050000000001
15800,group_reduced_formula,8000,dummy_mean,0.14,1.4770050000000001
15808,group_reduced_formula,8000,dummy_mean,1.48,1.4770050000000001
15809,group_reduced_formula,8000,dummy_mean,1.58,1.4770050000000001
15811,group_reduced_formula,8000,dummy_mean,2.2,1.4770050000000001
15816,group_reduced_formula,8000,dummy_mean,0.68,1.4770050000000001
15817,group_reduced_formula,8000,dummy_mean,1.58,1.4770050000000001
15829,group_reduced_formula,8000,dummy_mean,1.46,1.4770050000000001
15832,group_reduced_formula,8000,dummy_mean,0.7,1.4770050000000001
15839,group_reduced_formula,8000,dummy_mean,1.16,1.4770050000000001
15848,group_reduced_formula,8000,dummy_mean,0.26,1.4770050000000001
15855,group_reduced_formula,8000,dummy_mean,0.68,1.4770050000000001
15876,group_reduced_formula,8000,dummy_mean,1.38,1.4770050000000001
15883,group_reduced_formula,8000,dummy_mean,0.42,1.4770050000000001
15884,group_reduced_formula,8000,dummy_mean,1.66,1.4770050000000001
15886,group_reduced_formula,8000,dummy_mean,1.2,1.4770050000000001
15906,group_reduced_formula,8000,dummy_mean,0.76,1.4770050000000001
15907,group_reduced_formula,8000,dummy_mean,1.36,1.4770050000000001
15910,group_reduced_formula,8000,dummy_mean,4.48,1.4770050000000001
15912,group_reduced_formula,8000,dummy_mean,0.78,1.4770050000000001
15915,group_reduced_formula,8000,dummy_mean,2.68,1.4770050000000001
15916,group_reduced_formula,8000,dummy_mean,1.36,1.4770050000000001
15920,group_reduced_formula,8000,dummy_mean,0.56,1.4770050000000001
15928,group_reduced_formula,8000,dummy_mean,-0.06,1.4770050000000001
15931,group_reduced_formula,8000,dummy_mean,1.94,1.4770050000000001
15934,group_reduced_formula,8000,dummy_mean,0.24,1.4770050000000001
15937,group_reduced_formula,8000,dummy_mean,0.92,1.4770050000000001
15950,group_reduced_formula,8000,dummy_mean,3.68,1.4770050000000001
15955,group_reduced_formula,8000,dummy_mean,2.48,1.4770050000000001
15960,group_reduced_formula,8000,dummy_mean,1.9,1.4770050000000001
15966,group_reduced_formula,8000,dummy_mean,1.3,1.4770050000000001
15973,group_reduced_formula,8000,dummy_mean,1.24,1.4770050000000001
15979,group_reduced_formula,8000,dummy_mean,1.96,1.4770050000000001
15996,group_reduced_formula,8000,dummy_mean,0.54,1.4770050000000001
16024,group_reduced_formula,8000,dummy_mean,1.94,1.4770050000000001
16025,group_reduced_formula,8000,dummy_mean,1.34,1.4770050000000001
16047,group_reduced_formula,8000,dummy_mean,1.74,1.4770050000000001
16051,group_reduced_formula,8000,dummy_mean,1.06,1.4770050000000001
16053,group_reduced_formula,8000,dummy_mean,1.58,1.4770050000000001
16058,group_reduced_formula,8000,dummy_mean,1.62,1.4770050000000001
16082,group_reduced_formula,8000,dummy_mean,1.36,1.4770050000000001
16083,group_reduced_formula,8000,dummy_mean,1.98,1.4770050000000001
16122,group_reduced_formula,8000,dummy_mean,2.24,1.4770050000000001
16124,group_reduced_formula,8000,dummy_mean,0.68,1.4770050000000001
16125,group_reduced_formula,8000,dummy_mean,1.36,1.4770050000000001
16126,group_reduced_formula,8000,dummy_mean,0.46,1.4770050000000001
16144,group_reduced_formula,8000,dummy_mean,2.1,1.4770050000000001
16154,group_reduced_formula,8000,dummy_mean,1.1,1.4770050000000001
16211,group_reduced_formula,8000,dummy_mean,0.8,1.4770050000000001
16215,group_reduced_formula,8000,dummy_mean,2.26,1.4770050000000001
16217,group_reduced_formula,8000,dummy_mean,2.92,1.4770050000000001
16220,group_reduced_formula,8000,dummy_mean,2.88,1.4770050000000001
16237,group_reduced_formula,8000,dummy_mean,0.68,1.4770050000000001
16241,group_reduced_formula,8000,dummy_mean,2.02,1.4770050000000001
16249,group_reduced_formula,8000,dummy_mean,0.32,1.4770050000000001
16252,group_reduced_formula,8000,dummy_mean,1.44,1.4770050000000001
16256,group_reduced_formula,8000,dummy_mean,0.94,1.4770050000000001
16259,group_reduced_formula,8000,dummy_mean,1.06,1.4770050000000001
16266,group_reduced_formula,8000,dummy_mean,2.22,1.4770050000000001
16279,group_reduced_formula,8000,dummy_mean,1.2,1.4770050000000001
16282,group_reduced_formula,8000,dummy_mean,1.08,1.4770050000000001
16288,group_reduced_formula,8000,dummy_mean,1.78,1.4770050000000001
16315,group_reduced_formula,8000,dummy_mean,2.22,1.4770050000000001
16320,group_reduced_formula,8000,dummy_mean,1.1,1.4770050000000001
16330,group_reduced_formula,8000,dummy_mean,1.52,1.4770050000000001
16331,group_reduced_formula,8000,dummy_mean,1.92,1.4770050000000001
16334,group_reduced_formula,8000,dummy_mean,1.12,1.4770050000000001
16350,group_reduced_formula,8000,dummy_mean,0.42,1.4770050000000001
16358,group_reduced_formula,8000,dummy_mean,1.16,1.4770050000000001
16373,group_reduced_formula,8000,dummy_mean,0.76,1.4770050000000001
16381,group_reduced_formula,8000,dummy_mean,1.64,1.4770050000000001
16408,group_reduced_formula,8000,dummy_mean,1.86,1.4770050000000001
16418,group_reduced_formula,8000,dummy_mean,2.78,1.4770050000000001
16447,group_reduced_formula,8000,dummy_mean,2.06,1.4770050000000001
16457,group_reduced_formula,8000,dummy_mean,1.4,1.4770050000000001
16480,group_reduced_formula,8000,dummy_mean,1.04,1.4770050000000001
16485,group_reduced_formula,8000,dummy_mean,1.34,1.4770050000000001
16488,group_reduced_formula,8000,dummy_mean,1.62,1.4770050000000001
16499,group_reduced_formula,8000,dummy_mean,2.78,1.4770050000000001
16516,group_reduced_formula,8000,dummy_mean,3.56,1.4770050000000001
16522,group_reduced_formula,8000,dummy_mean,1.82,1.4770050000000001
16526,group_reduced_formula,8000,dummy_mean,0.76,1.4770050000000001
16530,group_reduced_formula,8000,dummy_mean,0.52,1.4770050000000001
16533,group_reduced_formula,8000,dummy_mean,0.64,1.4770050000000001
16541,group_reduced_formula,8000,dummy_mean,1.94,1.4770050000000001
16546,group_reduced_formula,8000,dummy_mean,2.28,1.4770050000000001
16571,group_reduced_formula,8000,dummy_mean,1.72,1.4770050000000001
16575,group_reduced_formula,8000,dummy_mean,3.18,1.4770050000000001
16583,group_reduced_formula,8000,dummy_mean,0.9,1.4770050000000001
16585,group_reduced_formula,8000,dummy_mean,0.96,1.4770050000000001
16587,group_reduced_formula,8000,dummy_mean,0.86,1.4770050000000001
16620,group_reduced_formula,8000,dummy_mean,1.16,1.4770050000000001
16630,group_reduced_formula,8000,dummy_mean,0.96,1.4770050000000001
16645,group_reduced_formula,8000,dummy_mean,1.86,1.4770050000000001
16647,group_reduced_formula,8000,dummy_mean,1.64,1.4770050000000001
16652,group_reduced_formula,8000,dummy_mean,0.7,1.4770050000000001
16657,group_reduced_formula,8000,dummy_mean,1.66,1.4770050000000001
16660,group_reduced_formula,8000,dummy_mean,1.74,1.4770050000000001
16677,group_reduced_formula,8000,dummy_mean,1.52,1.4770050000000001
16679,group_reduced_formula,8000,dummy_mean,0.82,1.4770050000000001
16681,group_reduced_formula,8000,dummy_mean,1.28,1.4770050000000001
16682,group_reduced_formula,8000,dummy_mean,0.56,1.4770050000000001
16748,group_reduced_formula,8000,dummy_mean,2.48,1.4770050000000001
16751,group_reduced_formula,8000,dummy_mean,3.76,1.4770050000000001
16763,group_reduced_formula,8000,dummy_mean,1.58,1.4770050000000001
16772,group_reduced_formula,8000,dummy_mean,2.3,1.4770050000000001
16788,group_reduced_formula,8000,dummy_mean,1.64,1.4770050000000001
16789,group_reduced_formula,8000,dummy_mean,1.76,1.4770050000000001
16834,group_reduced_formula,8000,dummy_mean,0.46,1.4770050000000001
16836,group_reduced_formula,8000,dummy_mean,1.12,1.4770050000000001
16839,group_reduced_formula,8000,dummy_mean,1.08,1.4770050000000001
16844,group_reduced_formula,8000,dummy_mean,2.38,1.4770050000000001
16853,group_reduced_formula,8000,dummy_mean,1.16,1.4770050000000001
16854,group_reduced_formula,8000,dummy_mean,3.6,1.4770050000000001
16882,group_reduced_formula,8000,dummy_mean,1.8,1.4770050000000001
16893,group_reduced_formula,8000,dummy_mean,2.56,1.4770050000000001
16899,group_reduced_formula,8000,dummy_mean,2.98,1.4770050000000001
16905,group_reduced_formula,8000,dummy_mean,1.68,1.4770050000000001
16913,group_reduced_formula,8000,dummy_mean,2.56,1.4770050000000001
16916,group_reduced_formula,8000,dummy_mean,0.92,1.4770050000000001
16919,group_reduced_formula,8000,dummy_mean,1.0,1.4770050000000001
16924,group_reduced_formula,8000,dummy_mean,1.78,1.4770050000000001
16955,group_reduced_formula,8000,dummy_mean,1.62,1.4770050000000001
16968,group_reduced_formula,8000,dummy_mean,1.24,1.4770050000000001
16970,group_reduced_formula,8000,dummy_mean,1.56,1.4770050000000001
16972,group_reduced_formula,8000,dummy_mean,1.36,1.4770050000000001
16974,group_reduced_formula,8000,dummy_mean,1.32,1.4770050000000001
16997,group_reduced_formula,8000,dummy_mean,1.4,1.4770050000000001
17000,group_reduced_formula,8000,dummy_mean,1.08,1.4770050000000001
17004,group_reduced_formula,8000,dummy_mean,2.74,1.4770050000000001
17010,group_reduced_formula,8000,dummy_mean,1.48,1.4770050000000001
17019,group_reduced_formula,8000,dummy_mean,0.86,1.4770050000000001
17022,group_reduced_formula,8000,dummy_mean,1.26,1.4770050000000001
17023,group_reduced_formula,8000,dummy_mean,0.5,1.4770050000000001
17036,group_reduced_formula,8000,dummy_mean,1.66,1.4770050000000001
17044,group_reduced_formula,8000,dummy_mean,0.04,1.4770050000000001
17048,group_reduced_formula,8000,dummy_mean,1.3,1.4770050000000001
17053,group_reduced_formula,8000,dummy_mean,1.12,1.4770050000000001
17055,group_reduced_formula,8000,dummy_mean,1.22,1.4770050000000001
17081,group_reduced_formula,8000,dummy_mean,1.48,1.4770050000000001
17092,group_reduced_formula,8000,dummy_mean,2.04,1.4770050000000001
17103,group_reduced_formula,8000,dummy_mean,1.32,1.4770050000000001
17104,group_reduced_formula,8000,dummy_mean,1.46,1.4770050000000001
17105,group_reduced_formula,8000,dummy_mean,1.92,1.4770050000000001
17109,group_reduced_formula,8000,dummy_mean,2.02,1.4770050000000001
17117,group_reduced_formula,8000,dummy_mean,1.58,1.4770050000000001
17133,group_reduced_formula,8000,dummy_mean,0.7,1.4770050000000001
17157,group_reduced_formula,8000,dummy_mean,1.52,1.4770050000000001
17192,group_reduced_formula,8000,dummy_mean,1.22,1.4770050000000001
17193,group_reduced_formula,8000,dummy_mean,3.72,1.4770050000000001
17200,group_reduced_formula,8000,dummy_mean,0.46,1.4770050000000001
17207,group_reduced_formula,8000,dummy_mean,0.46,1.4770050000000001
17209,group_reduced_formula,8000,dummy_mean,2.56,1.4770050000000001
17221,group_reduced_formula,8000,dummy_mean,2.32,1.4770050000000001
17241,group_reduced_formula,8000,dummy_mean,1.04,1.4770050000000001
17255,group_reduced_formula,8000,dummy_mean,3.44,1.4770050000000001
17365,group_reduced_formula,8000,dummy_mean,0.94,1.4770050000000001
17368,group_reduced_formula,8000,dummy_mean,1.04,1.4770050000000001
17389,group_reduced_formula,8000,dummy_mean,1.3,1.4770050000000001
17390,group_reduced_formula,8000,dummy_mean,0.52,1.4770050000000001
17409,group_reduced_formula,8000,dummy_mean,1.88,1.4770050000000001
17416,group_reduced_formula,8000,dummy_mean,0.58,1.4770050000000001
17431,group_reduced_formula,8000,dummy_mean,1.02,1.4770050000000001
17443,group_reduced_formula,8000,dummy_mean,0.9,1.4770050000000001
17444,group_reduced_formula,8000,dummy_mean,2.86,1.4770050000000001
17477,group_reduced_formula,8000,dummy_mean,1.02,1.4770050000000001
17478,group_reduced_formula,8000,dummy_mean,0.96,1.4770050000000001
17484,group_reduced_formula,8000,dummy_mean,1.04,1.4770050000000001
17486,group_reduced_formula,8000,dummy_mean,1.58,1.4770050000000001
17508,group_reduced_formula,8000,dummy_mean,1.22,1.4770050000000001
17517,group_reduced_formula,8000,dummy_mean,0.76,1.4770050000000001
17522,group_reduced_formula,8000,dummy_mean,1.88,1.4770050000000001
17527,group_reduced_formula,8000,dummy_mean,1.2,1.4770050000000001
17542,group_reduced_formula,8000,dummy_mean,2.02,1.4770050000000001
17559,group_reduced_formula,8000,dummy_mean,2.34,1.4770050000000001
17562,group_reduced_formula,8000,dummy_mean,0.78,1.4770050000000001
17584,group_reduced_formula,8000,dummy_mean,3.88,1.4770050000000001
17603,group_reduced_formula,8000,dummy_mean,0.94,1.4770050000000001
17625,group_reduced_formula,8000,dummy_mean,1.88,1.4770050000000001
17633,group_reduced_formula,8000,dummy_mean,3.4,1.4770050000000001
17640,group_reduced_formula,8000,dummy_mean,1.3,1.4770050000000001
17647,group_reduced_formula,8000,dummy_mean,0.18,1.4770050000000001
17650,group_reduced_formula,8000,dummy_mean,0.78,1.4770050000000001
17656,group_reduced_formula,8000,dummy_mean,1.24,1.4770050000000001
17658,group_reduced_formula,8000,dummy_mean,0.5,1.4770050000000001
17659,group_reduced_formula,8000,dummy_mean,1.9,1.4770050000000001
17667,group_reduced_formula,8000,dummy_mean,1.5,1.4770050000000001
17671,group_reduced_formula,8000,dummy_mean,0.62,1.4770050000000001
17683,group_reduced_formula,8000,dummy_mean,1.9,1.4770050000000001
17701,group_reduced_formula,8000,dummy_mean,1.24,1.4770050000000001
17702,group_reduced_formula,8000,dummy_mean,1.38,1.4770050000000001
17706,group_reduced_formula,8000,dummy_mean,1.76,1.4770050000000001
17711,group_reduced_formula,8000,dummy_mean,-0.12,1.4770050000000001
17716,group_reduced_formula,8000,dummy_mean,1.62,1.4770050000000001
17727,group_reduced_formula,8000,dummy_mean,2.44,1.4770050000000001
17731,group_reduced_formula,8000,dummy_mean,0.7,1.4770050000000001
17744,group_reduced_formula,8000,dummy_mean,1.98,1.4770050000000001
17748,group_reduced_formula,8000,dummy_mean,1.3,1.4770050000000001
17751,group_reduced_formula,8000,dummy_mean,0.54,1.4770050000000001
17757,group_reduced_formula,8000,dummy_mean,1.08,1.4770050000000001
17768,group_reduced_formula,8000,dummy_mean,1.82,1.4770050000000001
17773,group_reduced_formula,8000,dummy_mean,1.28,1.4770050000000001
17787,group_reduced_formula,8000,dummy_mean,1.14,1.4770050000000001
17797,group_reduced_formula,8000,dummy_mean,1.54,1.4770050000000001
17798,group_reduced_formula,8000,dummy_mean,0.86,1.4770050000000001
17802,group_reduced_formula,8000,dummy_mean,0.42,1.4770050000000001
17830,group_reduced_formula,8000,dummy_mean,1.44,1.4770050000000001
17833,group_reduced_formula,8000,dummy_mean,2.16,1.4770050000000001
17839,group_reduced_formula,8000,dummy_mean,1.72,1.4770050000000001
17840,group_reduced_formula,8000,dummy_mean,1.32,1.4770050000000001
17843,group_reduced_formula,8000,dummy_mean,2.24,1.4770050000000001
17844,group_reduced_formula,8000,dummy_mean,2.92,1.4770050000000001
17855,group_reduced_formula,8000,dummy_mean,2.14,1.4770050000000001
17864,group_reduced_formula,8000,dummy_mean,0.84,1.4770050000000001
17872,group_reduced_formula,8000,dummy_mean,2.18,1.4770050000000001
17873,group_reduced_formula,8000,dummy_mean,1.0,1.4770050000000001
17880,group_reduced_formula,8000,dummy_mean,1.56,1.4770050000000001
17881,group_reduced_formula,8000,dummy_mean,1.02,1.4770050000000001
17896,group_reduced_formula,8000,dummy_mean,2.38,1.4770050000000001
17897,group_reduced_formula,8000,dummy_mean,1.1,1.4770050000000001
17898,group_reduced_formula,8000,dummy_mean,1.18,1.4770050000000001
17904,group_reduced_formula,8000,dummy_mean,0.56,1.4770050000000001
17906,group_reduced_formula,8000,dummy_mean,1.62,1.4770050000000001
17909,group_reduced_formula,8000,dummy_mean,1.42,1.4770050000000001
17919,group_reduced_formula,8000,dummy_mean,2.5,1.4770050000000001
17920,group_reduced_formula,8000,dummy_mean,0.8,1.4770050000000001
17925,group_reduced_formula,8000,dummy_mean,2.02,1.4770050000000001
17935,group_reduced_formula,8000,dummy_mean,0.98,1.4770050000000001
17937,group_reduced_formula,8000,dummy_mean,0.68,1.4770050000000001
17968,group_reduced_formula,8000,dummy_mean,1.16,1.4770050000000001
17978,group_reduced_formula,8000,dummy_mean,1.26,1.4770050000000001
17996,group_reduced_formula,8000,dummy_mean,1.24,1.4770050000000001
18002,group_reduced_formula,8000,dummy_mean,2.54,1.4770050000000001
18006,group_reduced_formula,8000,dummy_mean,1.96,1.4770050000000001
18008,group_reduced_formula,8000,dummy_mean,1.14,1.4770050000000001
18009,group_reduced_formula,8000,dummy_mean,2.14,1.4770050000000001
18025,group_reduced_formula,8000,dummy_mean,0.62,1.4770050000000001
18036,group_reduced_formula,8000,dummy_mean,1.1,1.4770050000000001
18058,group_reduced_formula,8000,dummy_mean,1.42,1.4770050000000001
18062,group_reduced_formula,8000,dummy_mean,1.62,1.4770050000000001
18091,group_reduced_formula,8000,dummy_mean,2.52,1.4770050000000001
18100,group_reduced_formula,8000,dummy_mean,2.4,1.4770050000000001
18127,group_reduced_formula,8000,dummy_mean,0.72,1.4770050000000001
18147,group_reduced_formula,8000,dummy_mean,0.6,1.4770050000000001
18151,group_reduced_formula,8000,dummy_mean,1.06,1.4770050000000001
18165,group_reduced_formula,8000,dummy_mean,1.06,1.4770050000000001
18207,group_reduced_formula,8000,dummy_mean,0.9,1.4770050000000001
18213,group_reduced_formula,8000,dummy_mean,1.2,1.4770050000000001
18221,group_reduced_formula,8000,dummy_mean,1.64,1.4770050000000001
18224,group_reduced_formula,8000,dummy_mean,1.42,1.4770050000000001
18226,group_reduced_formula,8000,dummy_mean,0.76,1.4770050000000001
18229,group_reduced_formula,8000,dummy_mean,1.1,1.4770050000000001
18236,group_reduced_formula,8000,dummy_mean,1.7,1.4770050000000001
18242,group_reduced_formula,8000,dummy_mean,0.92,1.4770050000000001
18243,group_reduced_formula,8000,dummy_mean,1.4,1.4770050000000001
18248,group_reduced_formula,8000,dummy_mean,1.18,1.4770050000000001
18251,group_reduced_formula,8000,dummy_mean,0.42,1.4770050000000001
18252,group_reduced_formula,8000,dummy_mean,2.46,1.4770050000000001
18258,group_reduced_formula,8000,dummy_mean,1.22,1.4770050000000001
18269,group_reduced_formula,8000,dummy_mean,2.58,1.4770050000000001
18270,group_reduced_formula,8000,dummy_mean,0.88,1.4770050000000001
18272,group_reduced_formula,8000,dummy_mean,1.18,1.4770050000000001
18274,group_reduced_formula,8000,dummy_mean,1.08,1.4770050000000001
18277,group_reduced_formula,8000,dummy_mean,2.12,1.4770050000000001
18289,group_reduced_formula,8000,dummy_mean,1.62,1.4770050000000001
18290,group_reduced_formula,8000,dummy_mean,1.28,1.4770050000000001
18296,group_reduced_formula,8000,dummy_mean,1.78,1.4770050000000001
18298,group_reduced_formula,8000,dummy_mean,0.9,1.4770050000000001
18299,group_reduced_formula,8000,dummy_mean,2.3,1.4770050000000001
18300,group_reduced_formula,8000,dummy_mean,0.54,1.4770050000000001
18311,group_reduced_formula,8000,dummy_mean,1.22,1.4770050000000001
18321,group_reduced_formula,8000,dummy_mean,0.86,1.4770050000000001
18324,group_reduced_formula,8000,dummy_mean,1.96,1.4770050000000001
18325,group_reduced_formula,8000,dummy_mean,1.66,1.4770050000000001
18335,group_reduced_formula,8000,dummy_mean,1.22,1.4770050000000001
18350,group_reduced_formula,8000,dummy_mean,2.06,1.4770050000000001
18354,group_reduced_formula,8000,dummy_mean,0.2,1.4770050000000001
18360,group_reduced_formula,8000,dummy_mean,0.84,1.4770050000000001
18362,group_reduced_formula,8000,dummy_mean,0.72,1.4770050000000001
18387,group_reduced_formula,8000,dummy_mean,1.92,1.4770050000000001
18389,group_reduced_formula,8000,dummy_mean,2.18,1.4770050000000001
18393,group_reduced_formula,8000,dummy_mean,0.94,1.4770050000000001
18414,group_reduced_formula,8000,dummy_mean,1.1,1.4770050000000001
18435,group_reduced_formula,8000,dummy_mean,0.72,1.4770050000000001
18439,group_reduced_formula,8000,dummy_mean,2.42,1.4770050000000001
18447,group_reduced_formula,8000,dummy_mean,1.84,1.4770050000000001
18459,group_reduced_formula,8000,dummy_mean,0.58,1.4770050000000001
18466,group_reduced_formula,8000,dummy_mean,1.4,1.4770050000000001
18468,group_reduced_formula,8000,dummy_mean,1.68,1.4770050000000001
18472,group_reduced_formula,8000,dummy_mean,1.76,1.4770050000000001
18497,group_reduced_formula,8000,dummy_mean,1.22,1.4770050000000001
18509,group_reduced_formula,8000,dummy_mean,1.58,1.4770050000000001
18514,group_reduced_formula,8000,dummy_mean,1.08,1.4770050000000001
18519,group_reduced_formula,8000,dummy_mean,1.36,1.4770050000000001
18557,group_reduced_formula,8000,dummy_mean,-0.08,1.4770050000000001
18583,group_reduced_formula,8000,dummy_mean,1.3,1.4770050000000001
18588,group_reduced_formula,8000,dummy_mean,2.52,1.4770050000000001
18606,group_reduced_formula,8000,dummy_mean,0.78,1.4770050000000001
18607,group_reduced_formula,8000,dummy_mean,1.6,1.4770050000000001
18615,group_reduced_formula,8000,dummy_mean,2.06,1.4770050000000001
18620,group_reduced_formula,8000,dummy_mean,0.68,1.4770050000000001
18634,group_reduced_formula,8000,dummy_mean,2.96,1.4770050000000001
18639,group_reduced_formula,8000,dummy_mean,1.3,1.4770050000000001
18641,group_reduced_formula,8000,dummy_mean,1.62,1.4770050000000001
18648,group_reduced_formula,8000,dummy_mean,1.32,1.4770050000000001
18662,group_reduced_formula,8000,dummy_mean,1.56,1.4770050000000001
18668,group_reduced_formula,8000,dummy_mean,1.44,1.4770050000000001
18669,group_reduced_formula,8000,dummy_mean,0.6,1.4770050000000001
18673,group_reduced_formula,8000,dummy_mean,2.62,1.4770050000000001
18686,group_reduced_formula,8000,dummy_mean,0.3,1.4770050000000001
18709,group_reduced_formula,8000,dummy_mean,1.24,1.4770050000000001
18715,group_reduced_formula,8000,dummy_mean,1.82,1.4770050000000001
18730,group_reduced_formula,8000,dummy_mean,1.12,1.4770050000000001
18734,group_reduced_formula,8000,dummy_mean,1.42,1.4770050000000001
18736,group_reduced_formula,8000,dummy_mean,0.56,1.4770050000000001
18737,group_reduced_formula,8000,dummy_mean,1.58,1.4770050000000001
18753,group_reduced_formula,8000,dummy_mean,1.32,1.4770050000000001
18756,group_reduced_formula,8000,dummy_mean,1.44,1.4770050000000001
18757,group_reduced_formula,8000,dummy_mean,0.94,1.4770050000000001
18794,group_reduced_formula,8000,dummy_mean,1.98,1.4770050000000001
18795,group_reduced_formula,8000,dummy_mean,0.98,1.4770050000000001
18796,group_reduced_formula,8000,dummy_mean,1.54,1.4770050000000001
18805,group_reduced_formula,8000,dummy_mean,2.0,1.4770050000000001
18806,group_reduced_formula,8000,dummy_mean,-0.24,1.4770050000000001
18808,group_reduced_formula,8000,dummy_mean,1.5,1.4770050000000001
18825,group_reduced_formula,8000,dummy_mean,0.68,1.4770050000000001
18840,group_reduced_formula,8000,dummy_mean,0.9,1.4770050000000001
18843,group_reduced_formula,8000,dummy_mean,1.14,1.4770050000000001
18848,group_reduced_formula,8000,dummy_mean,1.76,1.4770050000000001
18874,group_reduced_formula,8000,dummy_mean,0.86,1.4770050000000001
18876,group_reduced_formula,8000,dummy_mean,1.48,1.4770050000000001
18888,group_reduced_formula,8000,dummy_mean,1.28,1.4770050000000001
18901,group_reduced_formula,8000,dummy_mean,0.76,1.4770050000000001
18904,group_reduced_formula,8000,dummy_mean,2.36,1.4770050000000001
18922,group_reduced_formula,8000,dummy_mean,1.78,1.4770050000000001
18923,group_reduced_formula,8000,dummy_mean,1.66,1.4770050000000001
18925,group_reduced_formula,8000,dummy_mean,1.5,1.4770050000000001
