sample_id,split_strategy,budget_label,model,y_true,y_pred
5,group_reduced_formula,2000,dummy_mean,1.48,1.48761
19,group_reduced_formula,2000,dummy_mean,0.46,1.48761
48,group_reduced_formula,2000,dummy_mean,2.84,1.48761
55,group_reduced_formula,2000,dummy_mean,1.36,1.48761
56,group_reduced_formula,2000,dummy_mean,1.78,1.48761
59,group_reduced_formula,2000,dummy_mean,0.64,1.48761
70,group_reduced_formula,2000,dummy_mean,1.08,1.48761
83,group_reduced_formula,2000,dummy_mean,0.96,1.48761
91,group_reduced_formula,2000,dummy_mean,1.32,1.48761
114,group_reduced_formula,2000,dummy_mean,1.3,1.48761
127,group_reduced_formula,2000,dummy_mean,0.48,1.48761
133,group_reduced_formula,2000,dummy_mean,1.14,1.48761
150,group_reduced_formula,2000,dummy_mean,1.26,1.48761
204,group_reduced_formula,2000,dummy_mean,4.18,1.48761
220,group_reduced_formula,2000,dummy_mean,0.92,1.48761
222,group_reduced_formula,2000,dummy_mean,1.16,1.48761
225,group_reduced_formula,2000,dummy_mean,1.22,1.48761
233,group_reduced_formula,2000,dummy_mean,0.98,1.48761
242,group_reduced_formula,2000,dummy_mean,1.98,1.48761
252,group_reduced_formula,2000,dummy_mean,1.16,1.48761
256,group_reduced_formula,2000,dummy_mean,1.08,1.48761
261,group_reduced_formula,2000,dummy_mean,0.92,1.48761
275,group_reduced_formula,2000,dummy_mean,1.14,1.48761
279,group_reduced_formula,2000,dummy_mean,1.7,1.48761
283,group_reduced_formula,2000,dummy_mean,1.66,1.48761
289,group_reduced_formula,2000,dummy_mean,1.02,1.48761
295,group_reduced_formula,2000,dummy_mean,1.2,1.48761
311,group_reduced_formula,2000,dummy_mean,3.84,1.48761
314,group_reduced_formula,2000,dummy_mean,1.26,1.48761
316,group_reduced_formula,2000,dummy_mean,0.3,1.48761
319,group_reduced_formula,2000,dummy_mean,0.4,1.48761
321,group_reduced_formula,2000,dummy_mean,1.74,1.48761
327,group_reduced_formula,2000,dummy_mean,1.18,1.48761
336,group_reduced_formula,2000,dummy_mean,1.84,1.48761
341,group_reduced_formula,2000,dummy_mean,1.08,1.48761
361,group_reduced_formula,2000,dummy_mean,0.8,1.48761
366,group_reduced_formula,2000,dummy_mean,0.5,1.48761
378,group_reduced_formula,2000,dummy_mean,2.44,1.48761
382,group_reduced_formula,2000,dummy_mean,1.96,1.48761
387,group_reduced_formula,2000,dummy_mean,2.02,1.48761
399,group_reduced_formula,2000,dummy_mean,1.02,1.48761
422,group_reduced_formula,2000,dummy_mean,1.36,1.48761
424,group_reduced_formula,2000,dummy_mean,1.9,1.48761
445,group_reduced_formula,2000,dummy_mean,2.3,1.48761
452,group_reduced_formula,2000,dummy_mean,1.44,1.48761
478,group_reduced_formula,2000,dummy_mean,1.88,1.48761
490,group_reduced_formula,2000,dummy_mean,1.36,1.48761
494,group_reduced_formula,2000,dummy_mean,3.42,1.48761
518,group_reduced_formula,2000,dummy_mean,0.84,1.48761
524,group_reduced_formula,2000,dummy_mean,1.1,1.48761
535,group_reduced_formula,2000,dummy_mean,1.16,1.48761
559,group_reduced_formula,2000,dummy_mean,2.6,1.48761
573,group_reduced_formula,2000,dummy_mean,1.22,1.48761
589,group_reduced_formula,2000,dummy_mean,1.1,1.48761
600,group_reduced_formula,2000,dummy_mean,1.8,1.48761
602,group_reduced_formula,2000,dummy_mean,1.52,1.48761
605,group_reduced_formula,2000,dummy_mean,1.04,1.48761
617,group_reduced_formula,2000,dummy_mean,0.76,1.48761
627,group_reduced_formula,2000,dummy_mean,1.44,1.48761
629,group_reduced_formula,2000,dummy_mean,0.6,1.48761
630,group_reduced_formula,2000,dummy_mean,1.84,1.48761
636,group_reduced_formula,2000,dummy_mean,1.88,1.48761
638,group_reduced_formula,2000,dummy_mean,0.94,1.48761
649,group_reduced_formula,2000,dummy_mean,0.68,1.48761
664,group_reduced_formula,2000,dummy_mean,1.82,1.48761
667,group_reduced_formula,2000,dummy_mean,2.02,1.48761
670,group_reduced_formula,2000,dummy_mean,0.62,1.48761
689,group_reduced_formula,2000,dummy_mean,1.18,1.48761
692,group_reduced_formula,2000,dummy_mean,1.94,1.48761
693,group_reduced_formula,2000,dummy_mean,0.52,1.48761
695,group_reduced_formula,2000,dummy_mean,2.46,1.48761
699,group_reduced_formula,2000,dummy_mean,1.18,1.48761
704,group_reduced_formula,2000,dummy_mean,1.14,1.48761
709,group_reduced_formula,2000,dummy_mean,2.0,1.48761
719,group_reduced_formula,2000,dummy_mean,1.9,1.48761
721,group_reduced_formula,2000,dummy_mean,2.1,1.48761
753,group_reduced_formula,2000,dummy_mean,0.52,1.48761
754,group_reduced_formula,2000,dummy_mean,1.3,1.48761
793,group_reduced_formula,2000,dummy_mean,1.24,1.48761
796,group_reduced_formula,2000,dummy_mean,1.2,1.48761
812,group_reduced_formula,2000,dummy_mean,0.48,1.48761
818,group_reduced_formula,2000,dummy_mean,1.08,1.48761
832,group_reduced_formula,2000,dummy_mean,1.24,1.48761
882,group_reduced_formula,2000,dummy_mean,1.96,1.48761
890,group_reduced_formula,2000,dummy_mean,0.56,1.48761
892,group_reduced_formula,2000,dummy_mean,1.46,1.48761
899,group_reduced_formula,2000,dummy_mean,0.66,1.48761
904,group_reduced_formula,2000,dummy_mean,1.66,1.48761
945,group_reduced_formula,2000,dummy_mean,2.02,1.48761
958,group_reduced_formula,2000,dummy_mean,1.4,1.48761
959,group_reduced_formula,2000,dummy_mean,1.04,1.48761
970,group_reduced_formula,2000,dummy_mean,1.28,1.48761
985,group_reduced_formula,2000,dummy_mean,2.66,1.48761
992,group_reduced_formula,2000,dummy_mean,2.46,1.48761
996,group_reduced_formula,2000,dummy_mean,1.28,1.48761
997,group_reduced_formula,2000,dummy_mean,1.4,1.48761
1004,group_reduced_formula,2000,dummy_mean,0.72,1.48761
1020,group_reduced_formula,2000,dummy_mean,0.72,1.48761
1027,group_reduced_formula,2000,dummy_mean,1.38,1.48761
1032,group_reduced_formula,2000,dummy_mean,0.84,1.48761
1037,group_reduced_formula,2000,dummy_mean,2.62,1.48761
1047,group_reduced_formula,2000,dummy_mean,1.04,1.48761
1058,group_reduced_formula,2000,dummy_mean,1.2,1.48761
1059,group_reduced_formula,2000,dummy_mean,0.96,1.48761
1070,group_reduced_formula,2000,dummy_mean,0.78,1.48761
1078,group_reduced_formula,2000,dummy_mean,1.74,1.48761
1106,group_reduced_formula,2000,dummy_mean,1.42,1.48761
1112,group_reduced_formula,2000,dummy_mean,1.02,1.48761
1125,group_reduced_formula,2000,dummy_mean,0.56,1.48761
1129,group_reduced_formula,2000,dummy_mean,2.06,1.48761
1135,group_reduced_formula,2000,dummy_mean,0.6,1.48761
1159,group_reduced_formula,2000,dummy_mean,1.86,1.48761
1180,group_reduced_formula,2000,dummy_mean,0.98,1.48761
1181,group_reduced_formula,2000,dummy_mean,1.04,1.48761
1204,group_reduced_formula,2000,dummy_mean,2.16,1.48761
1220,group_reduced_formula,2000,dummy_mean,0.76,1.48761
1221,group_reduced_formula,2000,dummy_mean,2.44,1.48761
1240,group_reduced_formula,2000,dummy_mean,1.7,1.48761
1247,group_reduced_formula,2000,dummy_mean,1.9,1.48761
1248,group_reduced_formula,2000,dummy_mean,2.28,1.48761
1274,group_reduced_formula,2000,dummy_mean,1.18,1.48761
1330,group_reduced_formula,2000,dummy_mean,1.02,1.48761
1331,group_reduced_formula,2000,dummy_mean,1.4,1.48761
1342,group_reduced_formula,2000,dummy_mean,0.42,1.48761
1343,group_reduced_formula,2000,dummy_mean,2.02,1.48761
1357,group_reduced_formula,2000,dummy_mean,1.92,1.48761
1371,group_reduced_formula,2000,dummy_mean,1.26,1.48761
1377,group_reduced_formula,2000,dummy_mean,1.34,1.48761
1393,group_reduced_formula,2000,dummy_mean,1.24,1.48761
1404,group_reduced_formula,2000,dummy_mean,1.68,1.48761
1405,group_reduced_formula,2000,dummy_mean,1.46,1.48761
1408,group_reduced_formula,2000,dummy_mean,0.9,1.48761
1414,group_reduced_formula,2000,dummy_mean,0.54,1.48761
1415,group_reduced_formula,2000,dummy_mean,0.88,1.48761
1421,group_reduced_formula,2000,dummy_mean,1.04,1.48761
1430,group_reduced_formula,2000,dummy_mean,0.62,1.48761
1453,group_reduced_formula,2000,dummy_mean,0.78,1.48761
1464,group_reduced_formula,2000,dummy_mean,1.52,1.48761
1465,group_reduced_formula,2000,dummy_mean,1.42,1.48761
1492,group_reduced_formula,2000,dummy_mean,1.14,1.48761
1507,group_reduced_formula,2000,dummy_mean,1.92,1.48761
1510,group_reduced_formula,2000,dummy_mean,1.84,1.48761
1513,group_reduced_formula,2000,dummy_mean,1.52,1.48761
1516,group_reduced_formula,2000,dummy_mean,2.64,1.48761
1519,group_reduced_formula,2000,dummy_mean,0.74,1.48761
1520,group_reduced_formula,2000,dummy_mean,1.64,1.48761
1522,group_reduced_formula,2000,dummy_mean,0.94,1.48761
1533,group_reduced_formula,2000,dummy_mean,0.46,1.48761
1541,group_reduced_formula,2000,dummy_mean,2.1,1.48761
1552,group_reduced_formula,2000,dummy_mean,2.88,1.48761
1560,group_reduced_formula,2000,dummy_mean,1.46,1.48761
1578,group_reduced_formula,2000,dummy_mean,1.58,1.48761
1581,group_reduced_formula,2000,dummy_mean,2.04,1.48761
1589,group_reduced_formula,2000,dummy_mean,3.06,1.48761
1597,group_reduced_formula,2000,dummy_mean,1.1,1.48761
1598,group_reduced_formula,2000,dummy_mean,0.98,1.48761
1601,group_reduced_formula,2000,dummy_mean,1.46,1.48761
1607,group_reduced_formula,2000,dummy_mean,1.42,1.48761
1609,group_reduced_formula,2000,dummy_mean,2.22,1.48761
1628,group_reduced_formula,2000,dummy_mean,3.2,1.48761
1648,group_reduced_formula,2000,dummy_mean,1.62,1.48761
1652,group_reduced_formula,2000,dummy_mean,1.24,1.48761
1663,group_reduced_formula,2000,dummy_mean,1.18,1.48761
1683,group_reduced_formula,2000,dummy_mean,1.94,1.48761
1692,group_reduced_formula,2000,dummy_mean,1.1,1.48761
1707,group_reduced_formula,2000,dummy_mean,2.0,1.48761
1711,group_reduced_formula,2000,dummy_mean,1.14,1.48761
1723,group_reduced_formula,2000,dummy_mean,1.36,1.48761
1725,group_reduced_formula,2000,dummy_mean,1.84,1.48761
1727,group_reduced_formula,2000,dummy_mean,1.76,1.48761
1734,group_reduced_formula,2000,dummy_mean,0.98,1.48761
1770,group_reduced_formula,2000,dummy_mean,0.96,1.48761
1783,group_reduced_formula,2000,dummy_mean,1.68,1.48761
1792,group_reduced_formula,2000,dummy_mean,1.6,1.48761
1821,group_reduced_formula,2000,dummy_mean,1.46,1.48761
1822,group_reduced_formula,2000,dummy_mean,0.18,1.48761
1833,group_reduced_formula,2000,dummy_mean,1.44,1.48761
1848,group_reduced_formula,2000,dummy_mean,2.92,1.48761
1856,group_reduced_formula,2000,dummy_mean,2.0,1.48761
1868,group_reduced_formula,2000,dummy_mean,1.04,1.48761
1875,group_reduced_formula,2000,dummy_mean,1.88,1.48761
1881,group_reduced_formula,2000,dummy_mean,2.1,1.48761
1891,group_reduced_formula,2000,dummy_mean,1.74,1.48761
1898,group_reduced_formula,2000,dummy_mean,0.94,1.48761
1900,group_reduced_formula,2000,dummy_mean,1.34,1.48761
1906,group_reduced_formula,2000,dummy_mean,0.78,1.48761
1909,group_reduced_formula,2000,dummy_mean,1.72,1.48761
1919,group_reduced_formula,2000,dummy_mean,1.04,1.48761
1923,group_reduced_formula,2000,dummy_mean,0.98,1.48761
1928,group_reduced_formula,2000,dummy_mean,1.78,1.48761
1940,group_reduced_formula,2000,dummy_mean,2.08,1.48761
1948,group_reduced_formula,2000,dummy_mean,2.04,1.48761
1949,group_reduced_formula,2000,dummy_mean,1.2,1.48761
1957,group_reduced_formula,2000,dummy_mean,2.22,1.48761
1963,group_reduced_formula,2000,dummy_mean,1.16,1.48761
1981,group_reduced_formula,2000,dummy_mean,1.96,1.48761
2016,group_reduced_formula,2000,dummy_mean,1.44,1.48761
2025,group_reduced_formula,2000,dummy_mean,2.64,1.48761
2039,group_reduced_formula,2000,dummy_mean,1.28,1.48761
2040,group_reduced_formula,2000,dummy_mean,1.2,1.48761
2052,group_reduced_formula,2000,dummy_mean,1.18,1.48761
2053,group_reduced_formula,2000,dummy_mean,3.36,1.48761
2072,group_reduced_formula,2000,dummy_mean,1.32,1.48761
2089,group_reduced_formula,2000,dummy_mean,1.9,1.48761
2091,group_reduced_formula,2000,dummy_mean,1.3,1.48761
2092,group_reduced_formula,2000,dummy_mean,0.62,1.48761
2121,group_reduced_formula,2000,dummy_mean,1.7,1.48761
2132,group_reduced_formula,2000,dummy_mean,1.56,1.48761
2139,group_reduced_formula,2000,dummy_mean,0.98,1.48761
2146,group_reduced_formula,2000,dummy_mean,0.22,1.48761
2159,group_reduced_formula,2000,dummy_mean,2.72,1.48761
2184,group_reduced_formula,2000,dummy_mean,2.34,1.48761
2189,group_reduced_formula,2000,dummy_mean,1.44,1.48761
2198,group_reduced_formula,2000,dummy_mean,1.26,1.48761
2205,group_reduced_formula,2000,dummy_mean,0.5,1.48761
2231,group_reduced_formula,2000,dummy_mean,1.0,1.48761
2253,group_reduced_formula,2000,dummy_mean,0.96,1.48761
2258,group_reduced_formula,2000,dummy_mean,1.58,1.48761
2259,group_reduced_formula,2000,dummy_mean,1.82,1.48761
2266,group_reduced_formula,2000,dummy_mean,1.88,1.48761
2276,group_reduced_formula,2000,dummy_mean,1.52,1.48761
2281,group_reduced_formula,2000,dummy_mean,1.98,1.48761
2282,group_reduced_formula,2000,dummy_mean,3.26,1.48761
2284,group_reduced_formula,2000,dummy_mean,1.76,1.48761
2287,group_reduced_formula,2000,dummy_mean,2.64,1.48761
2296,group_reduced_formula,2000,dummy_mean,1.36,1.48761
2297,group_reduced_formula,2000,dummy_mean,1.5,1.48761
2302,group_reduced_formula,2000,dummy_mean,2.02,1.48761
2315,group_reduced_formula,2000,dummy_mean,0.82,1.48761
2326,group_reduced_formula,2000,dummy_mean,1.34,1.48761
2334,group_reduced_formula,2000,dummy_mean,0.38,1.48761
2340,group_reduced_formula,2000,dummy_mean,2.28,1.48761
2342,group_reduced_formula,2000,dummy_mean,1.18,1.48761
2351,group_reduced_formula,2000,dummy_mean,1.4,1.48761
2383,group_reduced_formula,2000,dummy_mean,1.24,1.48761
2391,group_reduced_formula,2000,dummy_mean,0.1,1.48761
2440,group_reduced_formula,2000,dummy_mean,1.26,1.48761
2451,group_reduced_formula,2000,dummy_mean,2.0,1.48761
2462,group_reduced_formula,2000,dummy_mean,1.1,1.48761
2466,group_reduced_formula,2000,dummy_mean,2.14,1.48761
2471,group_reduced_formula,2000,dummy_mean,0.68,1.48761
2474,group_reduced_formula,2000,dummy_mean,2.92,1.48761
2476,group_reduced_formula,2000,dummy_mean,0.82,1.48761
2481,group_reduced_formula,2000,dummy_mean,1.02,1.48761
2503,group_reduced_formula,2000,dummy_mean,1.2,1.48761
2516,group_reduced_formula,2000,dummy_mean,1.24,1.48761
2544,group_reduced_formula,2000,dummy_mean,1.54,1.48761
2556,group_reduced_formula,2000,dummy_mean,2.68,1.48761
2557,group_reduced_formula,2000,dummy_mean,1.04,1.48761
2595,group_reduced_formula,2000,dummy_mean,0.98,1.48761
2600,group_reduced_formula,2000,dummy_mean,1.56,1.48761
2617,group_reduced_formula,2000,dummy_mean,2.58,1.48761
2618,group_reduced_formula,2000,dummy_mean,1.54,1.48761
2636,group_reduced_formula,2000,dummy_mean,2.18,1.48761
2643,group_reduced_formula,2000,dummy_mean,2.6,1.48761
2666,group_reduced_formula,2000,dummy_mean,1.04,1.48761
2683,group_reduced_formula,2000,dummy_mean,1.42,1.48761
2687,group_reduced_formula,2000,dummy_mean,1.44,1.48761
2704,group_reduced_formula,2000,dummy_mean,1.24,1.48761
2707,group_reduced_formula,2000,dummy_mean,2.76,1.48761
2710,group_reduced_formula,2000,dummy_mean,0.92,1.48761
2713,group_reduced_formula,2000,dummy_mean,1.66,1.48761
2721,group_reduced_formula,2000,dummy_mean,1.6,1.48761
2723,group_reduced_formula,2000,dummy_mean,0.78,1.48761
2729,group_reduced_formula,2000,dummy_mean,2.34,1.48761
2734,group_reduced_formula,2000,dummy_mean,1.36,1.48761
2740,group_reduced_formula,2000,dummy_mean,1.16,1.48761
2741,group_reduced_formula,2000,dummy_mean,0.9,1.48761
2748,group_reduced_formula,2000,dummy_mean,1.6,1.48761
2773,group_reduced_formula,2000,dummy_mean,1.56,1.48761
2775,group_reduced_formula,2000,dummy_mean,1.84,1.48761
2792,group_reduced_formula,2000,dummy_mean,2.1,1.48761
2797,group_reduced_formula,2000,dummy_mean,1.14,1.48761
2814,group_reduced_formula,2000,dummy_mean,1.42,1.48761
2829,group_reduced_formula,2000,dummy_mean,1.64,1.48761
2831,group_reduced_formula,2000,dummy_mean,0.88,1.48761
2835,group_reduced_formula,2000,dummy_mean,0.52,1.48761
2839,group_reduced_formula,2000,dummy_mean,0.92,1.48761
2841,group_reduced_formula,2000,dummy_mean,1.7,1.48761
2845,group_reduced_formula,2000,dummy_mean,2.2,1.48761
2861,group_reduced_formula,2000,dummy_mean,1.2,1.48761
2884,group_reduced_formula,2000,dummy_mean,3.54,1.48761
2887,group_reduced_formula,2000,dummy_mean,1.94,1.48761
2897,group_reduced_formula,2000,dummy_mean,1.82,1.48761
2909,group_reduced_formula,2000,dummy_mean,3.46,1.48761
2927,group_reduced_formula,2000,dummy_mean,1.14,1.48761
2933,group_reduced_formula,2000,dummy_mean,1.2,1.48761
2942,group_reduced_formula,2000,dummy_mean,2.16,1.48761
2943,group_reduced_formula,2000,dummy_mean,1.72,1.48761
2947,group_reduced_formula,2000,dummy_mean,0.44,1.48761
2952,group_reduced_formula,2000,dummy_mean,1.1,1.48761
2953,group_reduced_formula,2000,dummy_mean,1.48,1.48761
2959,group_reduced_formula,2000,dummy_mean,1.54,1.48761
2964,group_reduced_formula,2000,dummy_mean,1.68,1.48761
2968,group_reduced_formula,2000,dummy_mean,2.42,1.48761
2989,group_reduced_formula,2000,dummy_mean,0.92,1.48761
2996,group_reduced_formula,2000,dummy_mean,0.58,1.48761
3004,group_reduced_formula,2000,dummy_mean,0.26,1.48761
3021,group_reduced_formula,2000,dummy_mean,0.38,1.48761
3022,group_reduced_formula,2000,dummy_mean,1.26,1.48761
3041,group_reduced_formula,2000,dummy_mean,1.82,1.48761
3045,group_reduced_formula,2000,dummy_mean,2.86,1.48761
3054,group_reduced_formula,2000,dummy_mean,0.78,1.48761
3082,group_reduced_formula,2000,dummy_mean,1.46,1.48761
3093,group_reduced_formula,2000,dummy_mean,1.1,1.48761
3128,group_reduced_formula,2000,dummy_mean,1.34,1.48761
3149,group_reduced_formula,2000,dummy_mean,1.34,1.48761
3158,group_reduced_formula,2000,dummy_mean,1.52,1.48761
3164,group_reduced_formula,2000,dummy_mean,0.72,1.48761
3181,group_reduced_formula,2000,dummy_mean,0.68,1.48761
3184,group_reduced_formula,2000,dummy_mean,0.92,1.48761
3195,group_reduced_formula,2000,dummy_mean,0.98,1.48761
3220,group_reduced_formula,2000,dummy_mean,0.82,1.48761
3222,group_reduced_formula,2000,dummy_mean,0.84,1.48761
3223,group_reduced_formula,2000,dummy_mean,2.0,1.48761
3238,group_reduced_formula,2000,dummy_mean,1.54,1.48761
3244,group_reduced_formula,2000,dummy_mean,0.78,1.48761
3252,group_reduced_formula,2000,dummy_mean,1.24,1.48761
3258,group_reduced_formula,2000,dummy_mean,1.08,1.48761
3272,group_reduced_formula,2000,dummy_mean,2.32,1.48761
3275,group_reduced_formula,2000,dummy_mean,1.04,1.48761
3278,group_reduced_formula,2000,dummy_mean,3.68,1.48761
3281,group_reduced_formula,2000,dummy_mean,1.8,1.48761
3298,group_reduced_formula,2000,dummy_mean,0.42,1.48761
3324,group_reduced_formula,2000,dummy_mean,2.18,1.48761
3331,group_reduced_formula,2000,dummy_mean,2.7,1.48761
3350,group_reduced_formula,2000,dummy_mean,1.6,1.48761
3353,group_reduced_formula,2000,dummy_mean,0.34,1.48761
3373,group_reduced_formula,2000,dummy_mean,0.48,1.48761
3378,group_reduced_formula,2000,dummy_mean,2.84,1.48761
3381,group_reduced_formula,2000,dummy_mean,1.2,1.48761
3385,group_reduced_formula,2000,dummy_mean,0.94,1.48761
3389,group_reduced_formula,2000,dummy_mean,1.28,1.48761
3391,group_reduced_formula,2000,dummy_mean,0.56,1.48761
3404,group_reduced_formula,2000,dummy_mean,0.76,1.48761
3413,group_reduced_formula,2000,dummy_mean,0.56,1.48761
3417,group_reduced_formula,2000,dummy_mean,1.02,1.48761
3418,group_reduced_formula,2000,dummy_mean,0.86,1.48761
3429,group_reduced_formula,2000,dummy_mean,1.7,1.48761
3442,group_reduced_formula,2000,dummy_mean,0.94,1.48761
3451,group_reduced_formula,2000,dummy_mean,1.34,1.48761
3454,group_reduced_formula,2000,dummy_mean,0.98,1.48761
3461,group_reduced_formula,2000,dummy_mean,2.12,1.48761
3490,group_reduced_formula,2000,dummy_mean,0.48,1.48761
3491,group_reduced_formula,2000,dummy_mean,1.74,1.48761
3492,group_reduced_formula,2000,dummy_mean,0.6,1.48761
3493,group_reduced_formula,2000,dummy_mean,0.78,1.48761
3502,group_reduced_formula,2000,dummy_mean,1.6,1.48761
3504,group_reduced_formula,2000,dummy_mean,1.94,1.48761
3522,group_reduced_formula,2000,dummy_mean,3.58,1.48761
3530,group_reduced_formula,2000,dummy_mean,2.78,1.48761
3541,group_reduced_formula,2000,dummy_mean,2.28,1.48761
3558,group_reduced_formula,2000,dummy_mean,0.78,1.48761
3562,group_reduced_formula,2000,dummy_mean,1.38,1.48761
3569,group_reduced_formula,2000,dummy_mean,1.42,1.48761
3580,group_reduced_formula,2000,dummy_mean,1.74,1.48761
3581,group_reduced_formula,2000,dummy_mean,0.94,1.48761
3592,group_reduced_formula,2000,dummy_mean,1.46,1.48761
3614,group_reduced_formula,2000,dummy_mean,1.0,1.48761
3642,group_reduced_formula,2000,dummy_mean,0.96,1.48761
3679,group_reduced_formula,2000,dummy_mean,1.9,1.48761
3681,group_reduced_formula,2000,dummy_mean,1.34,1.48761
3690,group_reduced_formula,2000,dummy_mean,1.58,1.48761
3701,group_reduced_formula,2000,dummy_mean,1.18,1.48761
3712,group_reduced_formula,2000,dummy_mean,2.7,1.48761
3714,group_reduced_formula,2000,dummy_mean,3.48,1.48761
3738,group_reduced_formula,2000,dummy_mean,1.54,1.48761
3747,group_reduced_formula,2000,dummy_mean,1.4,1.48761
3749,group_reduced_formula,2000,dummy_mean,1.12,1.48761
3750,group_reduced_formula,2000,dummy_mean,2.88,1.48761
3759,group_reduced_formula,2000,dummy_mean,3.22,1.48761
3771,group_reduced_formula,2000,dummy_mean,1.06,1.48761
3778,group_reduced_formula,2000,dummy_mean,1.72,1.48761
3781,group_reduced_formula,2000,dummy_mean,1.28,1.48761
3784,group_reduced_formula,2000,dummy_mean,0.96,1.48761
3795,group_reduced_formula,2000,dummy_mean,1.06,1.48761
3799,group_reduced_formula,2000,dummy_mean,0.92,1.48761
3820,group_reduced_formula,2000,dummy_mean,1.2,1.48761
3830,group_reduced_formula,2000,dummy_mean,1.0,1.48761
3843,group_reduced_formula,2000,dummy_mean,1.96,1.48761
3845,group_reduced_formula,2000,dummy_mean,0.98,1.48761
3862,group_reduced_formula,2000,dummy_mean,1.88,1.48761
3885,group_reduced_formula,2000,dummy_mean,1.8,1.48761
3894,group_reduced_formula,2000,dummy_mean,0.4,1.48761
3895,group_reduced_formula,2000,dummy_mean,2.42,1.48761
3903,group_reduced_formula,2000,dummy_mean,1.86,1.48761
3912,group_reduced_formula,2000,dummy_mean,1.34,1.48761
3913,group_reduced_formula,2000,dummy_mean,3.3,1.48761
3949,group_reduced_formula,2000,dummy_mean,0.9,1.48761
3961,group_reduced_formula,2000,dummy_mean,-0.1,1.48761
4014,group_reduced_formula,2000,dummy_mean,1.5,1.48761
4016,group_reduced_formula,2000,dummy_mean,1.54,1.48761
4020,group_reduced_formula,2000,dummy_mean,1.42,1.48761
4032,group_reduced_formula,2000,dummy_mean,2.3,1.48761
4059,group_reduced_formula,2000,dummy_mean,2.62,1.48761
4078,group_reduced_formula,2000,dummy_mean,3.72,1.48761
4084,group_reduced_formula,2000,dummy_mean,0.36,1.48761
4113,group_reduced_formula,2000,dummy_mean,1.0,1.48761
4122,group_reduced_formula,2000,dummy_mean,2.68,1.48761
4125,group_reduced_formula,2000,dummy_mean,0.3,1.48761
4128,group_reduced_formula,2000,dummy_mean,1.46,1.48761
4134,group_reduced_formula,2000,dummy_mean,1.74,1.48761
4138,group_reduced_formula,2000,dummy_mean,1.8,1.48761
4144,group_reduced_formula,2000,dummy_mean,0.98,1.48761
4151,group_reduced_formula,2000,dummy_mean,0.78,1.48761
4159,group_reduced_formula,2000,dummy_mean,-0.32,1.48761
4163,group_reduced_formula,2000,dummy_mean,1.2,1.48761
4175,group_reduced_formula,2000,dummy_mean,1.82,1.48761
4192,group_reduced_formula,2000,dummy_mean,0.42,1.48761
4194,group_reduced_formula,2000,dummy_mean,2.86,1.48761
4231,group_reduced_formula,2000,dummy_mean,1.2,1.48761
4232,group_reduced_formula,2000,dummy_mean,0.56,1.48761
4233,group_reduced_formula,2000,dummy_mean,1.0,1.48761
4235,group_reduced_formula,2000,dummy_mean,2.8,1.48761
4236,group_reduced_formula,2000,dummy_mean,1.58,1.48761
4244,group_reduced_formula,2000,dummy_mean,0.24,1.48761
4246,group_reduced_formula,2000,dummy_mean,1.34,1.48761
4248,group_reduced_formula,2000,dummy_mean,0.92,1.48761
4257,group_reduced_formula,2000,dummy_mean,1.34,1.48761
4258,group_reduced_formula,2000,dummy_mean,1.08,1.48761
4307,group_reduced_formula,2000,dummy_mean,1.98,1.48761
4312,group_reduced_formula,2000,dummy_mean,1.52,1.48761
4317,group_reduced_formula,2000,dummy_mean,1.82,1.48761
4343,group_reduced_formula,2000,dummy_mean,1.42,1.48761
4355,group_reduced_formula,2000,dummy_mean,1.88,1.48761
4358,group_reduced_formula,2000,dummy_mean,0.66,1.48761
4365,group_reduced_formula,2000,dummy_mean,1.5,1.48761
4366,group_reduced_formula,2000,dummy_mean,0.86,1.48761
4367,group_reduced_formula,2000,dummy_mean,0.76,1.48761
4368,group_reduced_formula,2000,dummy_mean,2.72,1.48761
4385,group_reduced_formula,2000,dummy_mean,1.14,1.48761
4386,group_reduced_formula,2000,dummy_mean,2.98,1.48761
4389,group_reduced_formula,2000,dummy_mean,1.74,1.48761
4398,group_reduced_formula,2000,dummy_mean,2.88,1.48761
4401,group_reduced_formula,2000,dummy_mean,1.0,1.48761
4418,group_reduced_formula,2000,dummy_mean,0.62,1.48761
4422,group_reduced_formula,2000,dummy_mean,2.32,1.48761
4487,group_reduced_formula,2000,dummy_mean,0.66,1.48761
4490,group_reduced_formula,2000,dummy_mean,1.5,1.48761
4500,group_reduced_formula,2000,dummy_mean,1.58,1.48761
4502,group_reduced_formula,2000,dummy_mean,2.4,1.48761
4512,group_reduced_formula,2000,dummy_mean,1.34,1.48761
4522,group_reduced_formula,2000,dummy_mean,1.38,1.48761
4534,group_reduced_formula,2000,dummy_mean,1.2,1.48761
4539,group_reduced_formula,2000,dummy_mean,1.12,1.48761
4545,group_reduced_formula,2000,dummy_mean,0.8,1.48761
4556,group_reduced_formula,2000,dummy_mean,0.9,1.48761
4558,group_reduced_formula,2000,dummy_mean,1.16,1.48761
4576,group_reduced_formula,2000,dummy_mean,1.84,1.48761
4583,group_reduced_formula,2000,dummy_mean,0.8,1.48761
4594,group_reduced_formula,2000,dummy_mean,0.36,1.48761
4599,group_reduced_formula,2000,dummy_mean,1.68,1.48761
4641,group_reduced_formula,2000,dummy_mean,0.82,1.48761
4674,group_reduced_formula,2000,dummy_mean,0.94,1.48761
4687,group_reduced_formula,2000,dummy_mean,0.96,1.48761
4702,group_reduced_formula,2000,dummy_mean,1.12,1.48761
4717,group_reduced_formula,2000,dummy_mean,1.72,1.48761
4725,group_reduced_formula,2000,dummy_mean,1.54,1.48761
4749,group_reduced_formula,2000,dummy_mean,1.44,1.48761
4753,group_reduced_formula,2000,dummy_mean,1.2,1.48761
4757,group_reduced_formula,2000,dummy_mean,0.86,1.48761
4760,group_reduced_formula,2000,dummy_mean,0.42,1.48761
4767,group_reduced_formula,2000,dummy_mean,1.8,1.48761
4781,group_reduced_formula,2000,dummy_mean,0.86,1.48761
4786,group_reduced_formula,2000,dummy_mean,0.14,1.48761
4788,group_reduced_formula,2000,dummy_mean,1.64,1.48761
4794,group_reduced_formula,2000,dummy_mean,3.18,1.48761
4839,group_reduced_formula,2000,dummy_mean,1.8,1.48761
4853,group_reduced_formula,2000,dummy_mean,0.2,1.48761
4881,group_reduced_formula,2000,dummy_mean,0.44,1.48761
4886,group_reduced_formula,2000,dummy_mean,0.68,1.48761
4903,group_reduced_formula,2000,dummy_mean,1.58,1.48761
4904,group_reduced_formula,2000,dummy_mean,2.12,1.48761
4905,group_reduced_formula,2000,dummy_mean,0.04,1.48761
4910,group_reduced_formula,2000,dummy_mean,0.64,1.48761
4913,group_reduced_formula,2000,dummy_mean,2.0,1.48761
4922,group_reduced_formula,2000,dummy_mean,1.56,1.48761
4927,group_reduced_formula,2000,dummy_mean,2.88,1.48761
4937,group_reduced_formula,2000,dummy_mean,1.7,1.48761
4951,group_reduced_formula,2000,dummy_mean,1.72,1.48761
4957,group_reduced_formula,2000,dummy_mean,1.72,1.48761
4965,group_reduced_formula,2000,dummy_mean,1.22,1.48761
4978,group_reduced_formula,2000,dummy_mean,1.82,1.48761
4985,group_reduced_formula,2000,dummy_mean,1.92,1.48761
5006,group_reduced_formula,2000,dummy_mean,2.48,1.48761
5024,group_reduced_formula,2000,dummy_mean,3.56,1.48761
5032,group_reduced_formula,2000,dummy_mean,2.68,1.48761
5035,group_reduced_formula,2000,dummy_mean,1.18,1.48761
5039,group_reduced_formula,2000,dummy_mean,1.62,1.48761
5041,group_reduced_formula,2000,dummy_mean,1.8,1.48761
5044,group_reduced_formula,2000,dummy_mean,1.08,1.48761
5047,group_reduced_formula,2000,dummy_mean,0.78,1.48761
5051,group_reduced_formula,2000,dummy_mean,1.88,1.48761
5059,group_reduced_formula,2000,dummy_mean,0.94,1.48761
5061,group_reduced_formula,2000,dummy_mean,0.76,1.48761
5076,group_reduced_formula,2000,dummy_mean,0.7,1.48761
5078,group_reduced_formula,2000,dummy_mean,0.82,1.48761
5082,group_reduced_formula,2000,dummy_mean,2.1,1.48761
5084,group_reduced_formula,2000,dummy_mean,1.78,1.48761
5086,group_reduced_formula,2000,dummy_mean,0.72,1.48761
5103,group_reduced_formula,2000,dummy_mean,2.5,1.48761
5110,group_reduced_formula,2000,dummy_mean,0.94,1.48761
5116,group_reduced_formula,2000,dummy_mean,0.16,1.48761
5122,group_reduced_formula,2000,dummy_mean,0.74,1.48761
5133,group_reduced_formula,2000,dummy_mean,3.42,1.48761
5137,group_reduced_formula,2000,dummy_mean,-0.16,1.48761
5144,group_reduced_formula,2000,dummy_mean,0.54,1.48761
5152,group_reduced_formula,2000,dummy_mean,2.76,1.48761
5157,group_reduced_formula,2000,dummy_mean,1.86,1.48761
5166,group_reduced_formula,2000,dummy_mean,0.96,1.48761
5168,group_reduced_formula,2000,dummy_mean,1.14,1.48761
5175,group_reduced_formula,2000,dummy_mean,1.96,1.48761
5192,group_reduced_formula,2000,dummy_mean,1.32,1.48761
5195,group_reduced_formula,2000,dummy_mean,1.76,1.48761
5201,group_reduced_formula,2000,dummy_mean,0.62,1.48761
5211,group_reduced_formula,2000,dummy_mean,1.3,1.48761
5230,group_reduced_formula,2000,dummy_mean,1.06,1.48761
5232,group_reduced_formula,2000,dummy_mean,1.36,1.48761
5233,group_reduced_formula,2000,dummy_mean,0.96,1.48761
5239,group_reduced_formula,2000,dummy_mean,1.92,1.48761
5243,group_reduced_formula,2000,dummy_mean,1.24,1.48761
5244,group_reduced_formula,2000,dummy_mean,1.36,1.48761
5257,group_reduced_formula,2000,dummy_mean,2.24,1.48761
5273,group_reduced_formula,2000,dummy_mean,1.66,1.48761
5281,group_reduced_formula,2000,dummy_mean,1.9,1.48761
5286,group_reduced_formula,2000,dummy_mean,1.14,1.48761
5289,group_reduced_formula,2000,dummy_mean,2.08,1.48761
5294,group_reduced_formula,2000,dummy_mean,0.52,1.48761
5298,group_reduced_formula,2000,dummy_mean,1.5,1.48761
5308,group_reduced_formula,2000,dummy_mean,1.98,1.48761
5321,group_reduced_formula,2000,dummy_mean,1.02,1.48761
5326,group_reduced_formula,2000,dummy_mean,1.2,1.48761
5341,group_reduced_formula,2000,dummy_mean,0.9,1.48761
5350,group_reduced_formula,2000,dummy_mean,0.42,1.48761
5364,group_reduced_formula,2000,dummy_mean,3.34,1.48761
5384,group_reduced_formula,2000,dummy_mean,1.52,1.48761
5412,group_reduced_formula,2000,dummy_mean,0.72,1.48761
5430,group_reduced_formula,2000,dummy_mean,1.44,1.48761
5446,group_reduced_formula,2000,dummy_mean,1.32,1.48761
5448,group_reduced_formula,2000,dummy_mean,0.74,1.48761
5454,group_reduced_formula,2000,dummy_mean,2.28,1.48761
5456,group_reduced_formula,2000,dummy_mean,1.26,1.48761
5496,group_reduced_formula,2000,dummy_mean,0.5,1.48761
5507,group_reduced_formula,2000,dummy_mean,1.82,1.48761
5517,group_reduced_formula,2000,dummy_mean,1.18,1.48761
5518,group_reduced_formula,2000,dummy_mean,3.3,1.48761
5545,group_reduced_formula,2000,dummy_mean,0.84,1.48761
5548,group_reduced_formula,2000,dummy_mean,2.1,1.48761
5557,group_reduced_formula,2000,dummy_mean,0.9,1.48761
5587,group_reduced_formula,2000,dummy_mean,2.66,1.48761
5598,group_reduced_formula,2000,dummy_mean,3.92,1.48761
5600,group_reduced_formula,2000,dummy_mean,2.38,1.48761
5606,group_reduced_formula,2000,dummy_mean,1.66,1.48761
5608,group_reduced_formula,2000,dummy_mean,2.1,1.48761
5615,group_reduced_formula,2000,dummy_mean,1.02,1.48761
5632,group_reduced_formula,2000,dummy_mean,1.96,1.48761
5638,group_reduced_formula,2000,dummy_mean,1.82,1.48761
5652,group_reduced_formula,2000,dummy_mean,1.3,1.48761
5653,group_reduced_formula,2000,dummy_mean,1.8,1.48761
5677,group_reduced_formula,2000,dummy_mean,1.38,1.48761
5691,group_reduced_formula,2000,dummy_mean,0.94,1.48761
5693,group_reduced_formula,2000,dummy_mean,0.42,1.48761
5695,group_reduced_formula,2000,dummy_mean,0.32,1.48761
5717,group_reduced_formula,2000,dummy_mean,0.8,1.48761
5720,group_reduced_formula,2000,dummy_mean,1.86,1.48761
5724,group_reduced_formula,2000,dummy_mean,1.28,1.48761
5728,group_reduced_formula,2000,dummy_mean,1.08,1.48761
5738,group_reduced_formula,2000,dummy_mean,0.34,1.48761
5757,group_reduced_formula,2000,dummy_mean,1.38,1.48761
5760,group_reduced_formula,2000,dummy_mean,1.98,1.48761
5773,group_reduced_formula,2000,dummy_mean,1.9,1.48761
5788,group_reduced_formula,2000,dummy_mean,1.86,1.48761
5792,group_reduced_formula,2000,dummy_mean,1.88,1.48761
5813,group_reduced_formula,2000,dummy_mean,1.4,1.48761
5867,group_reduced_formula,2000,dummy_mean,1.88,1.48761
5868,group_reduced_formula,2000,dummy_mean,2.3,1.48761
5881,group_reduced_formula,2000,dummy_mean,1.32,1.48761
5887,group_reduced_formula,2000,dummy_mean,1.88,1.48761
5895,group_reduced_formula,2000,dummy_mean,0.96,1.48761
5904,group_reduced_formula,2000,dummy_mean,2.34,1.48761
5910,group_reduced_formula,2000,dummy_mean,0.3,1.48761
5913,group_reduced_formula,2000,dummy_mean,1.16,1.48761
5915,group_reduced_formula,2000,dummy_mean,0.64,1.48761
5944,group_reduced_formula,2000,dummy_mean,1.8,1.48761
5947,group_reduced_formula,2000,dummy_mean,0.62,1.48761
5957,group_reduced_formula,2000,dummy_mean,1.92,1.48761
5973,group_reduced_formula,2000,dummy_mean,1.44,1.48761
5977,group_reduced_formula,2000,dummy_mean,0.72,1.48761
5988,group_reduced_formula,2000,dummy_mean,1.1,1.48761
5991,group_reduced_formula,2000,dummy_mean,1.16,1.48761
5995,group_reduced_formula,2000,dummy_mean,1.52,1.48761
6002,group_reduced_formula,2000,dummy_mean,0.68,1.48761
6006,group_reduced_formula,2000,dummy_mean,1.14,1.48761
6014,group_reduced_formula,2000,dummy_mean,0.98,1.48761
6023,group_reduced_formula,2000,dummy_mean,1.18,1.48761
6062,group_reduced_formula,2000,dummy_mean,1.96,1.48761
6063,group_reduced_formula,2000,dummy_mean,1.32,1.48761
6088,group_reduced_formula,2000,dummy_mean,2.24,1.48761
6090,group_reduced_formula,2000,dummy_mean,1.14,1.48761
6095,group_reduced_formula,2000,dummy_mean,1.06,1.48761
6097,group_reduced_formula,2000,dummy_mean,0.76,1.48761
6105,group_reduced_formula,2000,dummy_mean,1.6,1.48761
6112,group_reduced_formula,2000,dummy_mean,4.86,1.48761
6115,group_reduced_formula,2000,dummy_mean,2.04,1.48761
6120,group_reduced_formula,2000,dummy_mean,1.02,1.48761
6131,group_reduced_formula,2000,dummy_mean,0.48,1.48761
6132,group_reduced_formula,2000,dummy_mean,1.46,1.48761
6135,group_reduced_formula,2000,dummy_mean,1.48,1.48761
6142,group_reduced_formula,2000,dummy_mean,0.68,1.48761
6164,group_reduced_formula,2000,dummy_mean,1.12,1.48761
6171,group_reduced_formula,2000,dummy_mean,1.38,1.48761
6175,group_reduced_formula,2000,dummy_mean,1.78,1.48761
6183,group_reduced_formula,2000,dummy_mean,1.66,1.48761
6197,group_reduced_formula,2000,dummy_mean,0.88,1.48761
6203,group_reduced_formula,2000,dummy_mean,0.98,1.48761
6205,group_reduced_formula,2000,dummy_mean,1.0,1.48761
6221,group_reduced_formula,2000,dummy_mean,0.32,1.48761
6235,group_reduced_formula,2000,dummy_mean,1.1,1.48761
6238,group_reduced_formula,2000,dummy_mean,1.62,1.48761
6255,group_reduced_formula,2000,dummy_mean,0.98,1.48761
6289,group_reduced_formula,2000,dummy_mean,1.56,1.48761
6322,group_reduced_formula,2000,dummy_mean,0.38,1.48761
6331,group_reduced_formula,2000,dummy_mean,0.88,1.48761
6345,group_reduced_formula,2000,dummy_mean,0.6,1.48761
6350,group_reduced_formula,2000,dummy_mean,1.76,1.48761
6369,group_reduced_formula,2000,dummy_mean,0.48,1.48761
6385,group_reduced_formula,2000,dummy_mean,0.9,1.48761
6388,group_reduced_formula,2000,dummy_mean,1.62,1.48761
6399,group_reduced_formula,2000,dummy_mean,1.0,1.48761
6439,group_reduced_formula,2000,dummy_mean,1.7,1.48761
6440,group_reduced_formula,2000,dummy_mean,1.5,1.48761
6445,group_reduced_formula,2000,dummy_mean,1.32,1.48761
6455,group_reduced_formula,2000,dummy_mean,1.0,1.48761
6465,group_reduced_formula,2000,dummy_mean,1.56,1.48761
6472,group_reduced_formula,2000,dummy_mean,0.62,1.48761
6476,group_reduced_formula,2000,dummy_mean,1.72,1.48761
6483,group_reduced_formula,2000,dummy_mean,1.58,1.48761
6487,group_reduced_formula,2000,dummy_mean,1.82,1.48761
6492,group_reduced_formula,2000,dummy_mean,0.86,1.48761
6494,group_reduced_formula,2000,dummy_mean,1.14,1.48761
6499,group_reduced_formula,2000,dummy_mean,0.86,1.48761
6500,group_reduced_formula,2000,dummy_mean,1.22,1.48761
6501,group_reduced_formula,2000,dummy_mean,1.32,1.48761
6524,group_reduced_formula,2000,dummy_mean,1.56,1.48761
6530,group_reduced_formula,2000,dummy_mean,0.5,1.48761
6544,group_reduced_formula,2000,dummy_mean,2.26,1.48761
6545,group_reduced_formula,2000,dummy_mean,2.8,1.48761
6553,group_reduced_formula,2000,dummy_mean,1.44,1.48761
6584,group_reduced_formula,2000,dummy_mean,2.84,1.48761
6601,group_reduced_formula,2000,dummy_mean,0.86,1.48761
6609,group_reduced_formula,2000,dummy_mean,1.1,1.48761
6613,group_reduced_formula,2000,dummy_mean,2.9,1.48761
6644,group_reduced_formula,2000,dummy_mean,1.14,1.48761
6645,group_reduced_formula,2000,dummy_mean,0.6,1.48761
6647,group_reduced_formula,2000,dummy_mean,1.48,1.48761
6654,group_reduced_formula,2000,dummy_mean,3.32,1.48761
6655,group_reduced_formula,2000,dummy_mean,0.66,1.48761
6660,group_reduced_formula,2000,dummy_mean,0.54,1.48761
6690,group_reduced_formula,2000,dummy_mean,1.24,1.48761
6692,group_reduced_formula,2000,dummy_mean,0.94,1.48761
6695,group_reduced_formula,2000,dummy_mean,1.18,1.48761
6710,group_reduced_formula,2000,dummy_mean,1.34,1.48761
6713,group_reduced_formula,2000,dummy_mean,3.08,1.48761
6725,group_reduced_formula,2000,dummy_mean,2.56,1.48761
6726,group_reduced_formula,2000,dummy_mean,1.04,1.48761
6740,group_reduced_formula,2000,dummy_mean,0.96,1.48761
6755,group_reduced_formula,2000,dummy_mean,0.72,1.48761
6758,group_reduced_formula,2000,dummy_mean,1.48,1.48761
6783,group_reduced_formula,2000,dummy_mean,1.16,1.48761
6796,group_reduced_formula,2000,dummy_mean,0.88,1.48761
6812,group_reduced_formula,2000,dummy_mean,1.04,1.48761
6817,group_reduced_formula,2000,dummy_mean,1.32,1.48761
6822,group_reduced_formula,2000,dummy_mean,1.7,1.48761
6836,group_reduced_formula,2000,dummy_mean,0.36,1.48761
6839,group_reduced_formula,2000,dummy_mean,0.78,1.48761
6845,group_reduced_formula,2000,dummy_mean,2.48,1.48761
6848,group_reduced_formula,2000,dummy_mean,-0.14,1.48761
6854,group_reduced_formula,2000,dummy_mean,2.4,1.48761
6870,group_reduced_formula,2000,dummy_mean,0.84,1.48761
6875,group_reduced_formula,2000,dummy_mean,1.74,1.48761
6881,group_reduced_formula,2000,dummy_mean,3.28,1.48761
6887,group_reduced_formula,2000,dummy_mean,0.88,1.48761
6893,group_reduced_formula,2000,dummy_mean,0.66,1.48761
6914,group_reduced_formula,2000,dummy_mean,2.58,1.48761
6917,group_reduced_formula,2000,dummy_mean,2.0,1.48761
6934,group_reduced_formula,2000,dummy_mean,1.1,1.48761
6961,group_reduced_formula,2000,dummy_mean,-0.14,1.48761
6970,group_reduced_formula,2000,dummy_mean,1.76,1.48761
6987,group_reduced_formula,2000,dummy_mean,1.22,1.48761
7012,group_reduced_formula,2000,dummy_mean,1.72,1.48761
7015,group_reduced_formula,2000,dummy_mean,0.2,1.48761
7038,group_reduced_formula,2000,dummy_mean,1.3,1.48761
7043,group_reduced_formula,2000,dummy_mean,0.94,1.48761
7050,group_reduced_formula,2000,dummy_mean,1.48,1.48761
7059,group_reduced_formula,2000,dummy_mean,1.84,1.48761
7082,group_reduced_formula,2000,dummy_mean,0.66,1.48761
7138,group_reduced_formula,2000,dummy_mean,1.74,1.48761
7155,group_reduced_formula,2000,dummy_mean,2.4,1.48761
7161,group_reduced_formula,2000,dummy_mean,2.06,1.48761
7171,group_reduced_formula,2000,dummy_mean,0.64,1.48761
7180,group_reduced_formula,2000,dummy_mean,1.48,1.48761
7181,group_reduced_formula,2000,dummy_mean,1.36,1.48761
7182,group_reduced_formula,2000,dummy_mean,2.38,1.48761
7183,group_reduced_formula,2000,dummy_mean,0.58,1.48761
7194,group_reduced_formula,2000,dummy_mean,1.44,1.48761
7203,group_reduced_formula,2000,dummy_mean,1.48,1.48761
7204,group_reduced_formula,2000,dummy_mean,1.36,1.48761
7213,group_reduced_formula,2000,dummy_mean,0.76,1.48761
7217,group_reduced_formula,2000,dummy_mean,0.4,1.48761
7218,group_reduced_formula,2000,dummy_mean,0.78,1.48761
7223,group_reduced_formula,2000,dummy_mean,0.96,1.48761
7229,group_reduced_formula,2000,dummy_mean,0.7,1.48761
7240,group_reduced_formula,2000,dummy_mean,0.64,1.48761
7261,group_reduced_formula,2000,dummy_mean,1.62,1.48761
7264,group_reduced_formula,2000,dummy_mean,1.7,1.48761
7275,group_reduced_formula,2000,dummy_mean,1.5,1.48761
7279,group_reduced_formula,2000,dummy_mean,1.02,1.48761
7280,group_reduced_formula,2000,dummy_mean,0.84,1.48761
7299,group_reduced_formula,2000,dummy_mean,2.68,1.48761
7302,group_reduced_formula,2000,dummy_mean,1.98,1.48761
7317,group_reduced_formula,2000,dummy_mean,1.44,1.48761
7324,group_reduced_formula,2000,dummy_mean,0.54,1.48761
7339,group_reduced_formula,2000,dummy_mean,1.52,1.48761
7350,group_reduced_formula,2000,dummy_mean,2.06,1.48761
7364,group_reduced_formula,2000,dummy_mean,0.18,1.48761
7373,group_reduced_formula,2000,dummy_mean,3.24,1.48761
7384,group_reduced_formula,2000,dummy_mean,1.66,1.48761
7386,group_reduced_formula,2000,dummy_mean,0.3,1.48761
7403,group_reduced_formula,2000,dummy_mean,0.98,1.48761
7414,group_reduced_formula,2000,dummy_mean,1.9,1.48761
7420,group_reduced_formula,2000,dummy_mean,1.74,1.48761
7424,group_reduced_formula,2000,dummy_mean,0.1,1.48761
7433,group_reduced_formula,2000,dummy_mean,3.6,1.48761
7434,group_reduced_formula,2000,dummy_mean,1.22,1.48761
7439,group_reduced_formula,2000,dummy_mean,1.04,1.48761
7442,group_reduced_formula,2000,dummy_mean,1.68,1.48761
7448,group_reduced_formula,2000,dummy_mean,1.66,1.48761
7456,group_reduced_formula,2000,dummy_mean,1.86,1.48761
7459,group_reduced_formula,2000,dummy_mean,0.56,1.48761
7474,group_reduced_formula,2000,dummy_mean,1.1,1.48761
7479,group_reduced_formula,2000,dummy_mean,0.18,1.48761
7486,group_reduced_formula,2000,dummy_mean,1.04,1.48761
7509,group_reduced_formula,2000,dummy_mean,1.08,1.48761
7510,group_reduced_formula,2000,dummy_mean,2.74,1.48761
7520,group_reduced_formula,2000,dummy_mean,2.36,1.48761
7523,group_reduced_formula,2000,dummy_mean,1.74,1.48761
7529,group_reduced_formula,2000,dummy_mean,2.02,1.48761
7534,group_reduced_formula,2000,dummy_mean,1.98,1.48761
7542,group_reduced_formula,2000,dummy_mean,1.04,1.48761
7545,group_reduced_formula,2000,dummy_mean,1.4,1.48761
7547,group_reduced_formula,2000,dummy_mean,1.52,1.48761
7570,group_reduced_formula,2000,dummy_mean,0.34,1.48761
7571,group_reduced_formula,2000,dummy_mean,1.44,1.48761
7575,group_reduced_formula,2000,dummy_mean,1.78,1.48761
7586,group_reduced_formula,2000,dummy_mean,1.4,1.48761
7589,group_reduced_formula,2000,dummy_mean,1.28,1.48761
7591,group_reduced_formula,2000,dummy_mean,1.54,1.48761
7605,group_reduced_formula,2000,dummy_mean,2.82,1.48761
7619,group_reduced_formula,2000,dummy_mean,2.9,1.48761
7632,group_reduced_formula,2000,dummy_mean,1.36,1.48761
7639,group_reduced_formula,2000,dummy_mean,0.64,1.48761
7653,group_reduced_formula,2000,dummy_mean,2.7,1.48761
7659,group_reduced_formula,2000,dummy_mean,1.38,1.48761
7666,group_reduced_formula,2000,dummy_mean,1.14,1.48761
7673,group_reduced_formula,2000,dummy_mean,2.14,1.48761
7680,group_reduced_formula,2000,dummy_mean,0.98,1.48761
7686,group_reduced_formula,2000,dummy_mean,1.24,1.48761
7687,group_reduced_formula,2000,dummy_mean,1.64,1.48761
7694,group_reduced_formula,2000,dummy_mean,2.56,1.48761
7696,group_reduced_formula,2000,dummy_mean,0.86,1.48761
7708,group_reduced_formula,2000,dummy_mean,2.58,1.48761
7723,group_reduced_formula,2000,dummy_mean,1.0,1.48761
7732,group_reduced_formula,2000,dummy_mean,0.68,1.48761
7739,group_reduced_formula,2000,dummy_mean,0.84,1.48761
7742,group_reduced_formula,2000,dummy_mean,1.26,1.48761
7748,group_reduced_formula,2000,dummy_mean,2.58,1.48761
7753,group_reduced_formula,2000,dummy_mean,2.08,1.48761
7791,group_reduced_formula,2000,dummy_mean,1.58,1.48761
7813,group_reduced_formula,2000,dummy_mean,1.82,1.48761
7836,group_reduced_formula,2000,dummy_mean,1.18,1.48761
7850,group_reduced_formula,2000,dummy_mean,1.72,1.48761
7856,group_reduced_formula,2000,dummy_mean,0.86,1.48761
7883,group_reduced_formula,2000,dummy_mean,1.04,1.48761
7887,group_reduced_formula,2000,dummy_mean,3.46,1.48761
7892,group_reduced_formula,2000,dummy_mean,1.44,1.48761
7894,group_reduced_formula,2000,dummy_mean,2.84,1.48761
7899,group_reduced_formula,2000,dummy_mean,1.0,1.48761
7914,group_reduced_formula,2000,dummy_mean,1.8,1.48761
7928,group_reduced_formula,2000,dummy_mean,0.84,1.48761
7930,group_reduced_formula,2000,dummy_mean,0.5,1.48761
7952,group_reduced_formula,2000,dummy_mean,2.28,1.48761
7962,group_reduced_formula,2000,dummy_mean,1.0,1.48761
7963,group_reduced_formula,2000,dummy_mean,1.24,1.48761
7969,group_reduced_formula,2000,dummy_mean,1.14,1.48761
7972,group_reduced_formula,2000,dummy_mean,1.52,1.48761
7987,group_reduced_formula,2000,dummy_mean,1.38,1.48761
8004,group_reduced_formula,2000,dummy_mean,2.64,1.48761
8035,group_reduced_formula,2000,dummy_mean,1.54,1.48761
8040,group_reduced_formula,2000,dummy_mean,2.12,1.48761
8042,group_reduced_formula,2000,dummy_mean,1.54,1.48761
8047,group_reduced_formula,2000,dummy_mean,1.02,1.48761
8055,group_reduced_formula,2000,dummy_mean,1.36,1.48761
8059,group_reduced_formula,2000,dummy_mean,1.92,1.48761
8092,group_reduced_formula,2000,dummy_mean,1.34,1.48761
8104,group_reduced_formula,2000,dummy_mean,1.06,1.48761
8105,group_reduced_formula,2000,dummy_mean,1.24,1.48761
8106,group_reduced_formula,2000,dummy_mean,1.62,1.48761
8125,group_reduced_formula,2000,dummy_mean,2.46,1.48761
8127,group_reduced_formula,2000,dummy_mean,1.8,1.48761
8130,group_reduced_formula,2000,dummy_mean,2.24,1.48761
8151,group_reduced_formula,2000,dummy_mean,0.84,1.48761
8159,group_reduced_formula,2000,dummy_mean,1.46,1.48761
8166,group_reduced_formula,2000,dummy_mean,1.1,1.48761
8170,group_reduced_formula,2000,dummy_mean,1.0,1.48761
8175,group_reduced_formula,2000,dummy_mean,0.48,1.48761
8190,group_reduced_formula,2000,dummy_mean,1.5,1.48761
8194,group_reduced_formula,2000,dummy_mean,1.56,1.48761
8203,group_reduced_formula,2000,dummy_mean,0.94,1.48761
8205,group_reduced_formula,2000,dummy_mean,3.4,1.48761
8264,group_reduced_formula,2000,dummy_mean,1.36,1.48761
8272,group_reduced_formula,2000,dummy_mean,2.0,1.48761
8274,group_reduced_formula,2000,dummy_mean,1.14,1.48761
8276,group_reduced_formula,2000,dummy_mean,0.86,1.48761
8277,group_reduced_formula,2000,dummy_mean,0.82,1.48761
8298,group_reduced_formula,2000,dummy_mean,1.62,1.48761
8303,group_reduced_formula,2000,dummy_mean,2.88,1.48761
8312,group_reduced_formula,2000,dummy_mean,0.5,1.48761
8315,group_reduced_formula,2000,dummy_mean,1.86,1.48761
8330,group_reduced_formula,2000,dummy_mean,1.54,1.48761
8345,group_reduced_formula,2000,dummy_mean,0.52,1.48761
8389,group_reduced_formula,2000,dummy_mean,1.8,1.48761
8390,group_reduced_formula,2000,dummy_mean,1.18,1.48761
8399,group_reduced_formula,2000,dummy_mean,1.86,1.48761
8404,group_reduced_formula,2000,dummy_mean,0.8,1.48761
8413,group_reduced_formula,2000,dummy_mean,1.52,1.48761
8423,group_reduced_formula,2000,dummy_mean,0.74,1.48761
8429,group_reduced_formula,2000,dummy_mean,0.9,1.48761
8430,group_reduced_formula,2000,dummy_mean,0.46,1.48761
8435,group_reduced_formula,2000,dummy_mean,0.88,1.48761
8439,group_reduced_formula,2000,dummy_mean,1.3,1.48761
8451,group_reduced_formula,2000,dummy_mean,1.66,1.48761
8459,group_reduced_formula,2000,dummy_mean,1.14,1.48761
8464,group_reduced_formula,2000,dummy_mean,2.94,1.48761
8483,group_reduced_formula,2000,dummy_mean,0.68,1.48761
8487,group_reduced_formula,2000,dummy_mean,0.52,1.48761
8489,group_reduced_formula,2000,dummy_mean,1.22,1.48761
8499,group_reduced_formula,2000,dummy_mean,2.52,1.48761
8529,group_reduced_formula,2000,dummy_mean,1.84,1.48761
8538,group_reduced_formula,2000,dummy_mean,1.38,1.48761
8574,group_reduced_formula,2000,dummy_mean,1.54,1.48761
8575,group_reduced_formula,2000,dummy_mean,1.94,1.48761
8578,group_reduced_formula,2000,dummy_mean,2.84,1.48761
8602,group_reduced_formula,2000,dummy_mean,1.5,1.48761
8605,group_reduced_formula,2000,dummy_mean,0.74,1.48761
8630,group_reduced_formula,2000,dummy_mean,2.24,1.48761
8640,group_reduced_formula,2000,dummy_mean,0.38,1.48761
8656,group_reduced_formula,2000,dummy_mean,1.94,1.48761
8659,group_reduced_formula,2000,dummy_mean,1.78,1.48761
8684,group_reduced_formula,2000,dummy_mean,2.46,1.48761
8686,group_reduced_formula,2000,dummy_mean,2.76,1.48761
8691,group_reduced_formula,2000,dummy_mean,1.18,1.48761
8712,group_reduced_formula,2000,dummy_mean,1.32,1.48761
8726,group_reduced_formula,2000,dummy_mean,0.76,1.48761
8741,group_reduced_formula,2000,dummy_mean,1.38,1.48761
8754,group_reduced_formula,2000,dummy_mean,1.22,1.48761
8757,group_reduced_formula,2000,dummy_mean,0.9,1.48761
8758,group_reduced_formula,2000,dummy_mean,1.88,1.48761
8766,group_reduced_formula,2000,dummy_mean,1.6,1.48761
8793,group_reduced_formula,2000,dummy_mean,1.26,1.48761
8798,group_reduced_formula,2000,dummy_mean,1.44,1.48761
8804,group_reduced_formula,2000,dummy_mean,1.86,1.48761
8808,group_reduced_formula,2000,dummy_mean,1.82,1.48761
8852,group_reduced_formula,2000,dummy_mean,1.24,1.48761
8859,group_reduced_formula,2000,dummy_mean,1.54,1.48761
8869,group_reduced_formula,2000,dummy_mean,1.08,1.48761
8871,group_reduced_formula,2000,dummy_mean,2.02,1.48761
8879,group_reduced_formula,2000,dummy_mean,1.32,1.48761
8886,group_reduced_formula,2000,dummy_mean,1.04,1.48761
8891,group_reduced_formula,2000,dummy_mean,0.9,1.48761
8902,group_reduced_formula,2000,dummy_mean,0.98,1.48761
8905,group_reduced_formula,2000,dummy_mean,1.18,1.48761
8910,group_reduced_formula,2000,dummy_mean,1.52,1.48761
8911,group_reduced_formula,2000,dummy_mean,1.56,1.48761
8917,group_reduced_formula,2000,dummy_mean,2.64,1.48761
8943,group_reduced_formula,2000,dummy_mean,0.36,1.48761
8947,group_reduced_formula,2000,dummy_mean,0.86,1.48761
8952,group_reduced_formula,2000,dummy_mean,1.4,1.48761
8956,group_reduced_formula,2000,dummy_mean,1.18,1.48761
8978,group_reduced_formula,2000,dummy_mean,0.74,1.48761
8995,group_reduced_formula,2000,dummy_mean,1.06,1.48761
8996,group_reduced_formula,2000,dummy_mean,1.86,1.48761
9005,group_reduced_formula,2000,dummy_mean,1.58,1.48761
9008,group_reduced_formula,2000,dummy_mean,1.7,1.48761
9022,group_reduced_formula,2000,dummy_mean,2.62,1.48761
9033,group_reduced_formula,2000,dummy_mean,0.46,1.48761
9043,group_reduced_formula,2000,dummy_mean,2.74,1.48761
9049,group_reduced_formula,2000,dummy_mean,0.78,1.48761
9053,group_reduced_formula,2000,dummy_mean,1.22,1.48761
9062,group_reduced_formula,2000,dummy_mean,1.14,1.48761
9088,group_reduced_formula,2000,dummy_mean,1.6,1.48761
9096,group_reduced_formula,2000,dummy_mean,1.1,1.48761
9115,group_reduced_formula,2000,dummy_mean,0.54,1.48761
9132,group_reduced_formula,2000,dummy_mean,0.58,1.48761
9137,group_reduced_formula,2000,dummy_mean,2.32,1.48761
9155,group_reduced_formula,2000,dummy_mean,0.8,1.48761
9158,group_reduced_formula,2000,dummy_mean,1.56,1.48761
9181,group_reduced_formula,2000,dummy_mean,1.76,1.48761
9189,group_reduced_formula,2000,dummy_mean,1.02,1.48761
9190,group_reduced_formula,2000,dummy_mean,2.96,1.48761
9191,group_reduced_formula,2000,dummy_mean,1.64,1.48761
9215,group_reduced_formula,2000,dummy_mean,0.96,1.48761
9218,group_reduced_formula,2000,dummy_mean,1.1,1.48761
9219,group_reduced_formula,2000,dummy_mean,2.12,1.48761
9229,group_reduced_formula,2000,dummy_mean,2.68,1.48761
9231,group_reduced_formula,2000,dummy_mean,1.54,1.48761
9249,group_reduced_formula,2000,dummy_mean,1.76,1.48761
9255,group_reduced_formula,2000,dummy_mean,1.88,1.48761
9258,group_reduced_formula,2000,dummy_mean,3.0,1.48761
9276,group_reduced_formula,2000,dummy_mean,0.28,1.48761
9278,group_reduced_formula,2000,dummy_mean,1.16,1.48761
9296,group_reduced_formula,2000,dummy_mean,1.58,1.48761
9306,group_reduced_formula,2000,dummy_mean,0.62,1.48761
9316,group_reduced_formula,2000,dummy_mean,2.82,1.48761
9325,group_reduced_formula,2000,dummy_mean,1.72,1.48761
9333,group_reduced_formula,2000,dummy_mean,1.26,1.48761
9355,group_reduced_formula,2000,dummy_mean,2.1,1.48761
9366,group_reduced_formula,2000,dummy_mean,2.3,1.48761
9367,group_reduced_formula,2000,dummy_mean,2.5,1.48761
9376,group_reduced_formula,2000,dummy_mean,1.98,1.48761
9378,group_reduced_formula,2000,dummy_mean,0.58,1.48761
9404,group_reduced_formula,2000,dummy_mean,1.86,1.48761
9416,group_reduced_formula,2000,dummy_mean,0.84,1.48761
9417,group_reduced_formula,2000,dummy_mean,1.42,1.48761
9428,group_reduced_formula,2000,dummy_mean,1.98,1.48761
9437,group_reduced_formula,2000,dummy_mean,2.14,1.48761
9439,group_reduced_formula,2000,dummy_mean,0.92,1.48761
9441,group_reduced_formula,2000,dummy_mean,1.02,1.48761
9453,group_reduced_formula,2000,dummy_mean,1.98,1.48761
9461,group_reduced_formula,2000,dummy_mean,1.16,1.48761
9475,group_reduced_formula,2000,dummy_mean,1.56,1.48761
9476,group_reduced_formula,2000,dummy_mean,1.32,1.48761
9487,group_reduced_formula,2000,dummy_mean,1.22,1.48761
9490,group_reduced_formula,2000,dummy_mean,1.7,1.48761
9495,group_reduced_formula,2000,dummy_mean,0.58,1.48761
9524,group_reduced_formula,2000,dummy_mean,1.22,1.48761
9527,group_reduced_formula,2000,dummy_mean,2.06,1.48761
9533,group_reduced_formula,2000,dummy_mean,1.64,1.48761
9557,group_reduced_formula,2000,dummy_mean,1.88,1.48761
9564,group_reduced_formula,2000,dummy_mean,1.16,1.48761
9568,group_reduced_formula,2000,dummy_mean,1.32,1.48761
9571,group_reduced_formula,2000,dummy_mean,1.44,1.48761
9579,group_reduced_formula,2000,dummy_mean,1.56,1.48761
9593,group_reduced_formula,2000,dummy_mean,0.52,1.48761
9596,group_reduced_formula,2000,dummy_mean,1.64,1.48761
9604,group_reduced_formula,2000,dummy_mean,3.06,1.48761
9605,group_reduced_formula,2000,dummy_mean,0.98,1.48761
9613,group_reduced_formula,2000,dummy_mean,3.56,1.48761
9614,group_reduced_formula,2000,dummy_mean,0.38,1.48761
9621,group_reduced_formula,2000,dummy_mean,1.4,1.48761
9630,group_reduced_formula,2000,dummy_mean,1.48,1.48761
9639,group_reduced_formula,2000,dummy_mean,0.42,1.48761
9647,group_reduced_formula,2000,dummy_mean,0.42,1.48761
9673,group_reduced_formula,2000,dummy_mean,1.46,1.48761
9685,group_reduced_formula,2000,dummy_mean,3.34,1.48761
9686,group_reduced_formula,2000,dummy_mean,1.68,1.48761
9696,group_reduced_formula,2000,dummy_mean,0.84,1.48761
9698,group_reduced_formula,2000,dummy_mean,1.18,1.48761
9699,group_reduced_formula,2000,dummy_mean,1.14,1.48761
9711,group_reduced_formula,2000,dummy_mean,0.78,1.48761
9714,group_reduced_formula,2000,dummy_mean,3.74,1.48761
9725,group_reduced_formula,2000,dummy_mean,1.86,1.48761
9732,group_reduced_formula,2000,dummy_mean,0.96,1.48761
9737,group_reduced_formula,2000,dummy_mean,2.26,1.48761
9739,group_reduced_formula,2000,dummy_mean,0.96,1.48761
9772,group_reduced_formula,2000,dummy_mean,1.64,1.48761
9775,group_reduced_formula,2000,dummy_mean,0.94,1.48761
9794,group_reduced_formula,2000,dummy_mean,1.4,1.48761
9818,group_reduced_formula,2000,dummy_mean,2.02,1.48761
9819,group_reduced_formula,2000,dummy_mean,2.12,1.48761
9835,group_reduced_formula,2000,dummy_mean,1.64,1.48761
9845,group_reduced_formula,2000,dummy_mean,1.46,1.48761
9852,group_reduced_formula,2000,dummy_mean,1.72,1.48761
9862,group_reduced_formula,2000,dummy_mean,2.44,1.48761
9863,group_reduced_formula,2000,dummy_mean,0.92,1.48761
9888,group_reduced_formula,2000,dummy_mean,1.22,1.48761
9893,group_reduced_formula,2000,dummy_mean,1.84,1.48761
9903,group_reduced_formula,2000,dummy_mean,1.48,1.48761
9912,group_reduced_formula,2000,dummy_mean,1.46,1.48761
9922,group_reduced_formula,2000,dummy_mean,3.52,1.48761
9926,group_reduced_formula,2000,dummy_mean,1.74,1.48761
9930,group_reduced_formula,2000,dummy_mean,1.14,1.48761
9936,group_reduced_formula,2000,dummy_mean,2.74,1.48761
9943,group_reduced_formula,2000,dummy_mean,1.7,1.48761
9948,group_reduced_formula,2000,dummy_mean,0.38,1.48761
9950,group_reduced_formula,2000,dummy_mean,1.74,1.48761
9965,group_reduced_formula,2000,dummy_mean,2.0,1.48761
9968,group_reduced_formula,2000,dummy_mean,4.12,1.48761
9977,group_reduced_formula,2000,dummy_mean,0.8,1.48761
9983,group_reduced_formula,2000,dummy_mean,0.72,1.48761
10037,group_reduced_formula,2000,dummy_mean,0.7,1.48761
10038,group_reduced_formula,2000,dummy_mean,1.88,1.48761
10053,group_reduced_formula,2000,dummy_mean,2.0,1.48761
10058,group_reduced_formula,2000,dummy_mean,1.36,1.48761
10063,group_reduced_formula,2000,dummy_mean,1.06,1.48761
10078,group_reduced_formula,2000,dummy_mean,1.4,1.48761
10081,group_reduced_formula,2000,dummy_mean,0.2,1.48761
10088,group_reduced_formula,2000,dummy_mean,1.8,1.48761
10113,group_reduced_formula,2000,dummy_mean,2.38,1.48761
10125,group_reduced_formula,2000,dummy_mean,1.28,1.48761
10131,group_reduced_formula,2000,dummy_mean,2.14,1.48761
10140,group_reduced_formula,2000,dummy_mean,1.42,1.48761
10142,group_reduced_formula,2000,dummy_mean,1.18,1.48761
10151,group_reduced_formula,2000,dummy_mean,1.0,1.48761
10155,group_reduced_formula,2000,dummy_mean,0.6,1.48761
10168,group_reduced_formula,2000,dummy_mean,0.36,1.48761
10175,group_reduced_formula,2000,dummy_mean,3.54,1.48761
10183,group_reduced_formula,2000,dummy_mean,1.46,1.48761
10207,group_reduced_formula,2000,dummy_mean,2.1,1.48761
10209,group_reduced_formula,2000,dummy_mean,1.6,1.48761
10231,group_reduced_formula,2000,dummy_mean,3.44,1.48761
10233,group_reduced_formula,2000,dummy_mean,0.38,1.48761
10240,group_reduced_formula,2000,dummy_mean,1.76,1.48761
10244,group_reduced_formula,2000,dummy_mean,1.76,1.48761
10261,group_reduced_formula,2000,dummy_mean,3.82,1.48761
10292,group_reduced_formula,2000,dummy_mean,1.12,1.48761
10295,group_reduced_formula,2000,dummy_mean,2.02,1.48761
10296,group_reduced_formula,2000,dummy_mean,2.06,1.48761
10307,group_reduced_formula,2000,dummy_mean,0.6,1.48761
10323,group_reduced_formula,2000,dummy_mean,1.4,1.48761
10327,group_reduced_formula,2000,dummy_mean,1.44,1.48761
10328,group_reduced_formula,2000,dummy_mean,1.56,1.48761
10329,group_reduced_formula,2000,dummy_mean,0.68,1.48761
10330,group_reduced_formula,2000,dummy_mean,1.9,1.48761
10336,group_reduced_formula,2000,dummy_mean,0.96,1.48761
10340,group_reduced_formula,2000,dummy_mean,1.6,1.48761
10358,group_reduced_formula,2000,dummy_mean,2.48,1.48761
10364,group_reduced_formula,2000,dummy_mean,1.6,1.48761
10365,group_reduced_formula,2000,dummy_mean,0.5,1.48761
10395,group_reduced_formula,2000,dummy_mean,1.5,1.48761
10403,group_reduced_formula,2000,dummy_mean,2.06,1.48761
10405,group_reduced_formula,2000,dummy_mean,2.08,1.48761
10416,group_reduced_formula,2000,dummy_mean,1.78,1.48761
10422,group_reduced_formula,2000,dummy_mean,1.38,1.48761
10440,group_reduced_formula,2000,dummy_mean,3.14,1.48761
10476,group_reduced_formula,2000,dummy_mean,1.22,1.48761
10484,group_reduced_formula,2000,dummy_mean,0.5,1.48761
10500,group_reduced_formula,2000,dummy_mean,0.9,1.48761
10503,group_reduced_formula,2000,dummy_mean,1.18,1.48761
10510,group_reduced_formula,2000,dummy_mean,0.58,1.48761
10534,group_reduced_formula,2000,dummy_mean,1.0,1.48761
10536,group_reduced_formula,2000,dummy_mean,1.68,1.48761
10548,group_reduced_formula,2000,dummy_mean,1.88,1.48761
10552,group_reduced_formula,2000,dummy_mean,1.12,1.48761
10557,group_reduced_formula,2000,dummy_mean,1.24,1.48761
10573,group_reduced_formula,2000,dummy_mean,2.02,1.48761
10597,group_reduced_formula,2000,dummy_mean,1.58,1.48761
10611,group_reduced_formula,2000,dummy_mean,2.04,1.48761
10624,group_reduced_formula,2000,dummy_mean,1.34,1.48761
10627,group_reduced_formula,2000,dummy_mean,1.1,1.48761
10631,group_reduced_formula,2000,dummy_mean,0.98,1.48761
10633,group_reduced_formula,2000,dummy_mean,1.48,1.48761
10638,group_reduced_formula,2000,dummy_mean,1.42,1.48761
10639,group_reduced_formula,2000,dummy_mean,-0.16,1.48761
10643,group_reduced_formula,2000,dummy_mean,0.38,1.48761
10650,group_reduced_formula,2000,dummy_mean,2.12,1.48761
10652,group_reduced_formula,2000,dummy_mean,1.58,1.48761
10657,group_reduced_formula,2000,dummy_mean,3.64,1.48761
10688,group_reduced_formula,2000,dummy_mean,1.18,1.48761
10691,group_reduced_formula,2000,dummy_mean,1.06,1.48761
10695,group_reduced_formula,2000,dummy_mean,2.06,1.48761
10702,group_reduced_formula,2000,dummy_mean,3.0,1.48761
10715,group_reduced_formula,2000,dummy_mean,1.02,1.48761
10716,group_reduced_formula,2000,dummy_mean,2.22,1.48761
10729,group_reduced_formula,2000,dummy_mean,2.1,1.48761
10735,group_reduced_formula,2000,dummy_mean,1.02,1.48761
10745,group_reduced_formula,2000,dummy_mean,1.9,1.48761
10783,group_reduced_formula,2000,dummy_mean,1.16,1.48761
10784,group_reduced_formula,2000,dummy_mean,0.64,1.48761
10790,group_reduced_formula,2000,dummy_mean,1.36,1.48761
10797,group_reduced_formula,2000,dummy_mean,3.88,1.48761
10801,group_reduced_formula,2000,dummy_mean,1.68,1.48761
10804,group_reduced_formula,2000,dummy_mean,1.42,1.48761
10827,group_reduced_formula,2000,dummy_mean,1.32,1.48761
10840,group_reduced_formula,2000,dummy_mean,1.58,1.48761
10847,group_reduced_formula,2000,dummy_mean,0.28,1.48761
10857,group_reduced_formula,2000,dummy_mean,1.66,1.48761
10864,group_reduced_formula,2000,dummy_mean,1.58,1.48761
10876,group_reduced_formula,2000,dummy_mean,2.02,1.48761
10880,group_reduced_formula,2000,dummy_mean,1.4,1.48761
10892,group_reduced_formula,2000,dummy_mean,1.02,1.48761
10896,group_reduced_formula,2000,dummy_mean,0.58,1.48761
10928,group_reduced_formula,2000,dummy_mean,0.84,1.48761
10933,group_reduced_formula,2000,dummy_mean,1.76,1.48761
10944,group_reduced_formula,2000,dummy_mean,1.32,1.48761
10952,group_reduced_formula,2000,dummy_mean,2.04,1.48761
10967,group_reduced_formula,2000,dummy_mean,1.8,1.48761
10978,group_reduced_formula,2000,dummy_mean,0.48,1.48761
10984,group_reduced_formula,2000,dummy_mean,1.84,1.48761
10991,group_reduced_formula,2000,dummy_mean,0.44,1.48761
11000,group_reduced_formula,2000,dummy_mean,1.8,1.48761
11010,group_reduced_formula,2000,dummy_mean,1.64,1.48761
11021,group_reduced_formula,2000,dummy_mean,1.06,1.48761
11073,group_reduced_formula,2000,dummy_mean,2.08,1.48761
11080,group_reduced_formula,2000,dummy_mean,0.66,1.48761
11095,group_reduced_formula,2000,dummy_mean,0.1,1.48761
11096,group_reduced_formula,2000,dummy_mean,0.34,1.48761
11098,group_reduced_formula,2000,dummy_mean,4.62,1.48761
11101,group_reduced_formula,2000,dummy_mean,1.96,1.48761
11105,group_reduced_formula,2000,dummy_mean,0.82,1.48761
11115,group_reduced_formula,2000,dummy_mean,1.14,1.48761
11123,group_reduced_formula,2000,dummy_mean,1.48,1.48761
11132,group_reduced_formula,2000,dummy_mean,2.08,1.48761
11143,group_reduced_formula,2000,dummy_mean,0.2,1.48761
11149,group_reduced_formula,2000,dummy_mean,1.86,1.48761
11162,group_reduced_formula,2000,dummy_mean,1.12,1.48761
11172,group_reduced_formula,2000,dummy_mean,3.82,1.48761
11173,group_reduced_formula,2000,dummy_mean,0.56,1.48761
11199,group_reduced_formula,2000,dummy_mean,1.16,1.48761
11205,group_reduced_formula,2000,dummy_mean,1.5,1.48761
11209,group_reduced_formula,2000,dummy_mean,1.48,1.48761
11211,group_reduced_formula,2000,dummy_mean,1.68,1.48761
11232,group_reduced_formula,2000,dummy_mean,0.72,1.48761
11238,group_reduced_formula,2000,dummy_mean,1.54,1.48761
11246,group_reduced_formula,2000,dummy_mean,0.78,1.48761
11252,group_reduced_formula,2000,dummy_mean,2.16,1.48761
11258,group_reduced_formula,2000,dummy_mean,1.4,1.48761
11275,group_reduced_formula,2000,dummy_mean,0.8,1.48761
11279,group_reduced_formula,2000,dummy_mean,1.06,1.48761
11301,group_reduced_formula,2000,dummy_mean,1.88,1.48761
11322,group_reduced_formula,2000,dummy_mean,1.12,1.48761
11324,group_reduced_formula,2000,dummy_mean,1.9,1.48761
11326,group_reduced_formula,2000,dummy_mean,1.08,1.48761
11349,group_reduced_formula,2000,dummy_mean,2.2,1.48761
11359,group_reduced_formula,2000,dummy_mean,0.96,1.48761
11360,group_reduced_formula,2000,dummy_mean,2.82,1.48761
11378,group_reduced_formula,2000,dummy_mean,1.84,1.48761
11382,group_reduced_formula,2000,dummy_mean,1.28,1.48761
11393,group_reduced_formula,2000,dummy_mean,0.72,1.48761
11409,group_reduced_formula,2000,dummy_mean,1.6,1.48761
11434,group_reduced_formula,2000,dummy_mean,1.34,1.48761
11440,group_reduced_formula,2000,dummy_mean,1.52,1.48761
11444,group_reduced_formula,2000,dummy_mean,1.38,1.48761
11454,group_reduced_formula,2000,dummy_mean,1.54,1.48761
11475,group_reduced_formula,2000,dummy_mean,1.72,1.48761
11485,group_reduced_formula,2000,dummy_mean,1.18,1.48761
11506,group_reduced_formula,2000,dummy_mean,1.44,1.48761
11557,group_reduced_formula,2000,dummy_mean,2.36,1.48761
11561,group_reduced_formula,2000,dummy_mean,1.26,1.48761
11582,group_reduced_formula,2000,dummy_mean,1.16,1.48761
11602,group_reduced_formula,2000,dummy_mean,0.56,1.48761
11606,group_reduced_formula,2000,dummy_mean,1.92,1.48761
11610,group_reduced_formula,2000,dummy_mean,0.4,1.48761
11622,group_reduced_formula,2000,dummy_mean,2.96,1.48761
11626,group_reduced_formula,2000,dummy_mean,1.7,1.48761
11632,group_reduced_formula,2000,dummy_mean,1.36,1.48761
11648,group_reduced_formula,2000,dummy_mean,1.62,1.48761
11662,group_reduced_formula,2000,dummy_mean,1.9,1.48761
11681,group_reduced_formula,2000,dummy_mean,1.26,1.48761
11695,group_reduced_formula,2000,dummy_mean,1.24,1.48761
11708,group_reduced_formula,2000,dummy_mean,1.06,1.48761
11712,group_reduced_formula,2000,dummy_mean,1.46,1.48761
11724,group_reduced_formula,2000,dummy_mean,0.76,1.48761
11741,group_reduced_formula,2000,dummy_mean,3.12,1.48761
11743,group_reduced_formula,2000,dummy_mean,0.98,1.48761
11762,group_reduced_formula,2000,dummy_mean,1.1,1.48761
11780,group_reduced_formula,2000,dummy_mean,1.22,1.48761
11816,group_reduced_formula,2000,dummy_mean,2.24,1.48761
11846,group_reduced_formula,2000,dummy_mean,0.94,1.48761
11854,group_reduced_formula,2000,dummy_mean,0.74,1.48761
11884,group_reduced_formula,2000,dummy_mean,1.14,1.48761
11886,group_reduced_formula,2000,dummy_mean,0.4,1.48761
11894,group_reduced_formula,2000,dummy_mean,0.8,1.48761
11897,group_reduced_formula,2000,dummy_mean,0.74,1.48761
11898,group_reduced_formula,2000,dummy_mean,1.92,1.48761
11899,group_reduced_formula,2000,dummy_mean,1.18,1.48761
11917,group_reduced_formula,2000,dummy_mean,2.4,1.48761
11938,group_reduced_formula,2000,dummy_mean,1.54,1.48761
11964,group_reduced_formula,2000,dummy_mean,1.14,1.48761
11975,group_reduced_formula,2000,dummy_mean,1.04,1.48761
11978,group_reduced_formula,2000,dummy_mean,1.16,1.48761
11986,group_reduced_formula,2000,dummy_mean,1.64,1.48761
11992,group_reduced_formula,2000,dummy_mean,3.5,1.48761
12004,group_reduced_formula,2000,dummy_mean,0.92,1.48761
12013,group_reduced_formula,2000,dummy_mean,2.66,1.48761
12052,group_reduced_formula,2000,dummy_mean,1.08,1.48761
12068,group_reduced_formula,2000,dummy_mean,2.44,1.48761
12074,group_reduced_formula,2000,dummy_mean,2.06,1.48761
12079,group_reduced_formula,2000,dummy_mean,1.36,1.48761
12081,group_reduced_formula,2000,dummy_mean,1.12,1.48761
12084,group_reduced_formula,2000,dummy_mean,1.12,1.48761
12085,group_reduced_formula,2000,dummy_mean,1.38,1.48761
12110,group_reduced_formula,2000,dummy_mean,0.12,1.48761
12140,group_reduced_formula,2000,dummy_mean,1.2,1.48761
12160,group_reduced_formula,2000,dummy_mean,1.16,1.48761
12163,group_reduced_formula,2000,dummy_mean,0.54,1.48761
12174,group_reduced_formula,2000,dummy_mean,1.68,1.48761
12175,group_reduced_formula,2000,dummy_mean,1.7,1.48761
12176,group_reduced_formula,2000,dummy_mean,2.1,1.48761
12177,group_reduced_formula,2000,dummy_mean,2.66,1.48761
12216,group_reduced_formula,2000,dummy_mean,1.48,1.48761
12219,group_reduced_formula,2000,dummy_mean,1.12,1.48761
12223,group_reduced_formula,2000,dummy_mean,2.86,1.48761
12256,group_reduced_formula,2000,dummy_mean,4.18,1.48761
12269,group_reduced_formula,2000,dummy_mean,0.66,1.48761
12271,group_reduced_formula,2000,dummy_mean,2.84,1.48761
12313,group_reduced_formula,2000,dummy_mean,0.56,1.48761
12315,group_reduced_formula,2000,dummy_mean,1.18,1.48761
12331,group_reduced_formula,2000,dummy_mean,3.8,1.48761
12336,group_reduced_formula,2000,dummy_mean,2.36,1.48761
12340,group_reduced_formula,2000,dummy_mean,0.7,1.48761
12342,group_reduced_formula,2000,dummy_mean,0.5,1.48761
12343,group_reduced_formula,2000,dummy_mean,0.64,1.48761
12346,group_reduced_formula,2000,dummy_mean,1.92,1.48761
12347,group_reduced_formula,2000,dummy_mean,2.12,1.48761
12350,group_reduced_formula,2000,dummy_mean,1.24,1.48761
12355,group_reduced_formula,2000,dummy_mean,1.6,1.48761
12364,group_reduced_formula,2000,dummy_mean,1.0,1.48761
12380,group_reduced_formula,2000,dummy_mean,1.92,1.48761
12392,group_reduced_formula,2000,dummy_mean,0.38,1.48761
12393,group_reduced_formula,2000,dummy_mean,1.64,1.48761
12395,group_reduced_formula,2000,dummy_mean,3.14,1.48761
12407,group_reduced_formula,2000,dummy_mean,1.44,1.48761
12411,group_reduced_formula,2000,dummy_mean,2.14,1.48761
12414,group_reduced_formula,2000,dummy_mean,1.2,1.48761
12415,group_reduced_formula,2000,dummy_mean,0.82,1.48761
12416,group_reduced_formula,2000,dummy_mean,0.96,1.48761
12418,group_reduced_formula,2000,dummy_mean,1.82,1.48761
12426,group_reduced_formula,2000,dummy_mean,1.22,1.48761
12427,group_reduced_formula,2000,dummy_mean,0.92,1.48761
12440,group_reduced_formula,2000,dummy_mean,1.2,1.48761
12460,group_reduced_formula,2000,dummy_mean,3.9,1.48761
12463,group_reduced_formula,2000,dummy_mean,0.32,1.48761
12464,group_reduced_formula,2000,dummy_mean,0.08,1.48761
12479,group_reduced_formula,2000,dummy_mean,1.94,1.48761
12491,group_reduced_formula,2000,dummy_mean,0.44,1.48761
12493,group_reduced_formula,2000,dummy_mean,1.98,1.48761
12510,group_reduced_formula,2000,dummy_mean,1.3,1.48761
12521,group_reduced_formula,2000,dummy_mean,1.92,1.48761
12524,group_reduced_formula,2000,dummy_mean,1.34,1.48761
12562,group_reduced_formula,2000,dummy_mean,1.8,1.48761
12565,group_reduced_formula,2000,dummy_mean,2.86,1.48761
12566,group_reduced_formula,2000,dummy_mean,1.22,1.48761
12569,group_reduced_formula,2000,dummy_mean,1.26,1.48761
12577,group_reduced_formula,2000,dummy_mean,1.26,1.48761
12596,group_reduced_formula,2000,dummy_mean,1.12,1.48761
12627,group_reduced_formula,2000,dummy_mean,2.44,1.48761
12631,group_reduced_formula,2000,dummy_mean,1.56,1.48761
12651,group_reduced_formula,2000,dummy_mean,1.36,1.48761
12656,group_reduced_formula,2000,dummy_mean,1.0,1.48761
12676,group_reduced_formula,2000,dummy_mean,1.26,1.48761
12677,group_reduced_formula,2000,dummy_mean,1.04,1.48761
12700,group_reduced_formula,2000,dummy_mean,0.64,1.48761
12703,group_reduced_formula,2000,dummy_mean,0.78,1.48761
12708,group_reduced_formula,2000,dummy_mean,1.3,1.48761
12713,group_reduced_formula,2000,dummy_mean,2.72,1.48761
12715,group_reduced_formula,2000,dummy_mean,1.7,1.48761
12723,group_reduced_formula,2000,dummy_mean,1.6,1.48761
12727,group_reduced_formula,2000,dummy_mean,1.08,1.48761
12730,group_reduced_formula,2000,dummy_mean,0.98,1.48761
12735,group_reduced_formula,2000,dummy_mean,2.38,1.48761
12752,group_reduced_formula,2000,dummy_mean,1.3,1.48761
12804,group_reduced_formula,2000,dummy_mean,1.62,1.48761
12810,group_reduced_formula,2000,dummy_mean,1.08,1.48761
12812,group_reduced_formula,2000,dummy_mean,2.78,1.48761
12842,group_reduced_formula,2000,dummy_mean,1.08,1.48761
12848,group_reduced_formula,2000,dummy_mean,1.22,1.48761
12864,group_reduced_formula,2000,dummy_mean,1.54,1.48761
12870,group_reduced_formula,2000,dummy_mean,1.4,1.48761
12893,group_reduced_formula,2000,dummy_mean,0.98,1.48761
12909,group_reduced_formula,2000,dummy_mean,2.2,1.48761
12931,group_reduced_formula,2000,dummy_mean,1.1,1.48761
12939,group_reduced_formula,2000,dummy_mean,1.08,1.48761
12941,group_reduced_formula,2000,dummy_mean,1.88,1.48761
12944,group_reduced_formula,2000,dummy_mean,2.34,1.48761
12951,group_reduced_formula,2000,dummy_mean,1.38,1.48761
12956,group_reduced_formula,2000,dummy_mean,1.62,1.48761
12965,group_reduced_formula,2000,dummy_mean,4.3,1.48761
12967,group_reduced_formula,2000,dummy_mean,1.8,1.48761
12977,group_reduced_formula,2000,dummy_mean,1.58,1.48761
12978,group_reduced_formula,2000,dummy_mean,1.94,1.48761
12983,group_reduced_formula,2000,dummy_mean,0.92,1.48761
12991,group_reduced_formula,2000,dummy_mean,0.76,1.48761
13009,group_reduced_formula,2000,dummy_mean,0.72,1.48761
13019,group_reduced_formula,2000,dummy_mean,2.72,1.48761
13026,group_reduced_formula,2000,dummy_mean,3.16,1.48761
13044,group_reduced_formula,2000,dummy_mean,1.74,1.48761
13047,group_reduced_formula,2000,dummy_mean,1.54,1.48761
13054,group_reduced_formula,2000,dummy_mean,1.22,1.48761
13060,group_reduced_formula,2000,dummy_mean,1.38,1.48761
13061,group_reduced_formula,2000,dummy_mean,1.34,1.48761
13062,group_reduced_formula,2000,dummy_mean,1.78,1.48761
13069,group_reduced_formula,2000,dummy_mean,1.24,1.48761
13074,group_reduced_formula,2000,dummy_mean,0.96,1.48761
13093,group_reduced_formula,2000,dummy_mean,2.26,1.48761
13104,group_reduced_formula,2000,dummy_mean,1.14,1.48761
13124,group_reduced_formula,2000,dummy_mean,1.04,1.48761
13126,group_reduced_formula,2000,dummy_mean,1.72,1.48761
13128,group_reduced_formula,2000,dummy_mean,0.9,1.48761
13132,group_reduced_formula,2000,dummy_mean,1.16,1.48761
13140,group_reduced_formula,2000,dummy_mean,2.08,1.48761
13148,group_reduced_formula,2000,dummy_mean,2.22,1.48761
13162,group_reduced_formula,2000,dummy_mean,1.52,1.48761
13168,group_reduced_formula,2000,dummy_mean,1.18,1.48761
13194,group_reduced_formula,2000,dummy_mean,1.76,1.48761
13208,group_reduced_formula,2000,dummy_mean,3.2,1.48761
13212,group_reduced_formula,2000,dummy_mean,1.76,1.48761
13214,group_reduced_formula,2000,dummy_mean,1.8,1.48761
13215,group_reduced_formula,2000,dummy_mean,2.28,1.48761
13216,group_reduced_formula,2000,dummy_mean,1.52,1.48761
13237,group_reduced_formula,2000,dummy_mean,0.9,1.48761
13281,group_reduced_formula,2000,dummy_mean,0.82,1.48761
13300,group_reduced_formula,2000,dummy_mean,0.78,1.48761
13313,group_reduced_formula,2000,dummy_mean,0.94,1.48761
13340,group_reduced_formula,2000,dummy_mean,0.3,1.48761
13344,group_reduced_formula,2000,dummy_mean,1.2,1.48761
13350,group_reduced_formula,2000,dummy_mean,2.06,1.48761
13356,group_reduced_formula,2000,dummy_mean,1.44,1.48761
13364,group_reduced_formula,2000,dummy_mean,1.22,1.48761
13376,group_reduced_formula,2000,dummy_mean,1.22,1.48761
13394,group_reduced_formula,2000,dummy_mean,0.18,1.48761
13409,group_reduced_formula,2000,dummy_mean,1.28,1.48761
13423,group_reduced_formula,2000,dummy_mean,1.52,1.48761
13424,group_reduced_formula,2000,dummy_mean,1.34,1.48761
13442,group_reduced_formula,2000,dummy_mean,2.06,1.48761
13443,group_reduced_formula,2000,dummy_mean,1.66,1.48761
13454,group_reduced_formula,2000,dummy_mean,1.72,1.48761
13458,group_reduced_formula,2000,dummy_mean,1.46,1.48761
13466,group_reduced_formula,2000,dummy_mean,1.66,1.48761
13480,group_reduced_formula,2000,dummy_mean,1.18,1.48761
13515,group_reduced_formula,2000,dummy_mean,1.14,1.48761
13540,group_reduced_formula,2000,dummy_mean,1.0,1.48761
13563,group_reduced_formula,2000,dummy_mean,2.4,1.48761
13568,group_reduced_formula,2000,dummy_mean,1.12,1.48761
13580,group_reduced_formula,2000,dummy_mean,1.34,1.48761
13584,group_reduced_formula,2000,dummy_mean,1.18,1.48761
13591,group_reduced_formula,2000,dummy_mean,1.2,1.48761
13602,group_reduced_formula,2000,dummy_mean,2.68,1.48761
13627,group_reduced_formula,2000,dummy_mean,0.66,1.48761
13634,group_reduced_formula,2000,dummy_mean,0.04,1.48761
13642,group_reduced_formula,2000,dummy_mean,1.62,1.48761
13656,group_reduced_formula,2000,dummy_mean,1.94,1.48761
13678,group_reduced_formula,2000,dummy_mean,0.3,1.48761
13695,group_reduced_formula,2000,dummy_mean,0.8,1.48761
13709,group_reduced_formula,2000,dummy_mean,1.66,1.48761
13711,group_reduced_formula,2000,dummy_mean,1.08,1.48761
13717,group_reduced_formula,2000,dummy_mean,0.18,1.48761
13718,group_reduced_formula,2000,dummy_mean,1.8,1.48761
13719,group_reduced_formula,2000,dummy_mean,2.16,1.48761
13728,group_reduced_formula,2000,dummy_mean,1.1,1.48761
13736,group_reduced_formula,2000,dummy_mean,1.12,1.48761
13743,group_reduced_formula,2000,dummy_mean,1.12,1.48761
13745,group_reduced_formula,2000,dummy_mean,0.84,1.48761
13749,group_reduced_formula,2000,dummy_mean,-0.08,1.48761
13754,group_reduced_formula,2000,dummy_mean,0.82,1.48761
13756,group_reduced_formula,2000,dummy_mean,1.6,1.48761
13758,group_reduced_formula,2000,dummy_mean,2.14,1.48761
13764,group_reduced_formula,2000,dummy_mean,1.36,1.48761
13778,group_reduced_formula,2000,dummy_mean,1.4,1.48761
13779,group_reduced_formula,2000,dummy_mean,0.24,1.48761
13792,group_reduced_formula,2000,dummy_mean,0.18,1.48761
13795,group_reduced_formula,2000,dummy_mean,0.54,1.48761
13811,group_reduced_formula,2000,dummy_mean,0.98,1.48761
13823,group_reduced_formula,2000,dummy_mean,0.94,1.48761
13840,group_reduced_formula,2000,dummy_mean,1.02,1.48761
13848,group_reduced_formula,2000,dummy_mean,1.78,1.48761
13870,group_reduced_formula,2000,dummy_mean,1.34,1.48761
13889,group_reduced_formula,2000,dummy_mean,0.36,1.48761
13902,group_reduced_formula,2000,dummy_mean,0.56,1.48761
13904,group_reduced_formula,2000,dummy_mean,0.38,1.48761
13910,group_reduced_formula,2000,dummy_mean,1.2,1.48761
13919,group_reduced_formula,2000,dummy_mean,1.34,1.48761
13931,group_reduced_formula,2000,dummy_mean,1.48,1.48761
13932,group_reduced_formula,2000,dummy_mean,1.0,1.48761
13936,group_reduced_formula,2000,dummy_mean,1.16,1.48761
13947,group_reduced_formula,2000,dummy_mean,2.02,1.48761
13950,group_reduced_formula,2000,dummy_mean,1.98,1.48761
13960,group_reduced_formula,2000,dummy_mean,1.12,1.48761
13962,group_reduced_formula,2000,dummy_mean,1.76,1.48761
13995,group_reduced_formula,2000,dummy_mean,1.68,1.48761
13999,group_reduced_formula,2000,dummy_mean,1.34,1.48761
14003,group_reduced_formula,2000,dummy_mean,1.34,1.48761
14005,group_reduced_formula,2000,dummy_mean,1.34,1.48761
14012,group_reduced_formula,2000,dummy_mean,1.62,1.48761
14017,group_reduced_formula,2000,dummy_mean,2.3,1.48761
14031,group_reduced_formula,2000,dummy_mean,1.24,1.48761
14034,group_reduced_formula,2000,dummy_mean,1.52,1.48761
14037,group_reduced_formula,2000,dummy_mean,0.4,1.48761
14041,group_reduced_formula,2000,dummy_mean,3.88,1.48761
14046,group_reduced_formula,2000,dummy_mean,1.22,1.48761
14054,group_reduced_formula,2000,dummy_mean,3.78,1.48761
14061,group_reduced_formula,2000,dummy_mean,1.6,1.48761
14071,group_reduced_formula,2000,dummy_mean,0.88,1.48761
14076,group_reduced_formula,2000,dummy_mean,1.2,1.48761
14080,group_reduced_formula,2000,dummy_mean,2.06,1.48761
14090,group_reduced_formula,2000,dummy_mean,0.98,1.48761
14093,group_reduced_formula,2000,dummy_mean,1.26,1.48761
14110,group_reduced_formula,2000,dummy_mean,1.62,1.48761
14135,group_reduced_formula,2000,dummy_mean,0.6,1.48761
14148,group_reduced_formula,2000,dummy_mean,1.76,1.48761
14155,group_reduced_formula,2000,dummy_mean,1.9,1.48761
14163,group_reduced_formula,2000,dummy_mean,2.1,1.48761
14168,group_reduced_formula,2000,dummy_mean,0.86,1.48761
14170,group_reduced_formula,2000,dummy_mean,0.94,1.48761
14196,group_reduced_formula,2000,dummy_mean,1.88,1.48761
14203,group_reduced_formula,2000,dummy_mean,2.02,1.48761
14205,group_reduced_formula,2000,dummy_mean,1.34,1.48761
14210,group_reduced_formula,2000,dummy_mean,1.72,1.48761
14229,group_reduced_formula,2000,dummy_mean,1.18,1.48761
14230,group_reduced_formula,2000,dummy_mean,1.14,1.48761
14248,group_reduced_formula,2000,dummy_mean,1.02,1.48761
14274,group_reduced_formula,2000,dummy_mean,1.68,1.48761
14277,group_reduced_formula,2000,dummy_mean,1.74,1.48761
14281,group_reduced_formula,2000,dummy_mean,1.2,1.48761
14286,group_reduced_formula,2000,dummy_mean,0.74,1.48761
14294,group_reduced_formula,2000,dummy_mean,1.72,1.48761
14313,group_reduced_formula,2000,dummy_mean,1.28,1.48761
14323,group_reduced_formula,2000,dummy_mean,0.86,1.48761
14350,group_reduced_formula,2000,dummy_mean,0.06,1.48761
14376,group_reduced_formula,2000,dummy_mean,1.74,1.48761
14384,group_reduced_formula,2000,dummy_mean,2.18,1.48761
14386,group_reduced_formula,2000,dummy_mean,0.82,1.48761
14389,group_reduced_formula,2000,dummy_mean,1.52,1.48761
14396,group_reduced_formula,2000,dummy_mean,1.58,1.48761
14402,group_reduced_formula,2000,dummy_mean,0.88,1.48761
14404,group_reduced_formula,2000,dummy_mean,1.26,1.48761
14442,group_reduced_formula,2000,dummy_mean,1.3,1.48761
14446,group_reduced_formula,2000,dummy_mean,0.82,1.48761
14463,group_reduced_formula,2000,dummy_mean,0.9,1.48761
14466,group_reduced_formula,2000,dummy_mean,2.38,1.48761
14475,group_reduced_formula,2000,dummy_mean,0.84,1.48761
14477,group_reduced_formula,2000,dummy_mean,3.36,1.48761
14487,group_reduced_formula,2000,dummy_mean,2.56,1.48761
14497,group_reduced_formula,2000,dummy_mean,1.96,1.48761
14568,group_reduced_formula,2000,dummy_mean,0.98,1.48761
14584,group_reduced_formula,2000,dummy_mean,0.26,1.48761
14604,group_reduced_formula,2000,dummy_mean,1.12,1.48761
14613,group_reduced_formula,2000,dummy_mean,2.18,1.48761
14619,group_reduced_formula,2000,dummy_mean,1.4,1.48761
14635,group_reduced_formula,2000,dummy_mean,1.94,1.48761
14640,group_reduced_formula,2000,dummy_mean,1.7,1.48761
14641,group_reduced_formula,2000,dummy_mean,0.12,1.48761
14646,group_reduced_formula,2000,dummy_mean,0.58,1.48761
14652,group_reduced_formula,2000,dummy_mean,1.4,1.48761
14680,group_reduced_formula,2000,dummy_mean,2.32,1.48761
14689,group_reduced_formula,2000,dummy_mean,2.14,1.48761
14691,group_reduced_formula,2000,dummy_mean,0.5,1.48761
14695,group_reduced_formula,2000,dummy_mean,0.7,1.48761
14703,group_reduced_formula,2000,dummy_mean,0.32,1.48761
14705,group_reduced_formula,2000,dummy_mean,2.18,1.48761
14709,group_reduced_formula,2000,dummy_mean,1.04,1.48761
14745,group_reduced_formula,2000,dummy_mean,2.24,1.48761
14750,group_reduced_formula,2000,dummy_mean,1.28,1.48761
14761,group_reduced_formula,2000,dummy_mean,0.84,1.48761
14764,group_reduced_formula,2000,dummy_mean,2.22,1.48761
14772,group_reduced_formula,2000,dummy_mean,0.78,1.48761
14792,group_reduced_formula,2000,dummy_mean,1.3,1.48761
14798,group_reduced_formula,2000,dummy_mean,1.0,1.48761
14807,group_reduced_formula,2000,dummy_mean,2.32,1.48761
14810,group_reduced_formula,2000,dummy_mean,0.02,1.48761
14832,group_reduced_formula,2000,dummy_mean,0.64,1.48761
14845,group_reduced_formula,2000,dummy_mean,1.6,1.48761
14860,group_reduced_formula,2000,dummy_mean,0.56,1.48761
14867,group_reduced_formula,2000,dummy_mean,0.8,1.48761
14868,group_reduced_formula,2000,dummy_mean,1.08,1.48761
14875,group_reduced_formula,2000,dummy_mean,1.6,1.48761
14879,group_reduced_formula,2000,dummy_mean,1.4,1.48761
14905,group_reduced_formula,2000,dummy_mean,1.38,1.48761
14911,group_reduced_formula,2000,dummy_mean,1.5,1.48761
14937,group_reduced_formula,2000,dummy_mean,1.56,1.48761
14944,group_reduced_formula,2000,dummy_mean,2.24,1.48761
14945,group_reduced_formula,2000,dummy_mean,0.84,1.48761
14947,group_reduced_formula,2000,dummy_mean,2.58,1.48761
14953,group_reduced_formula,2000,dummy_mean,0.84,1.48761
14957,group_reduced_formula,2000,dummy_mean,0.5,1.48761
14961,group_reduced_formula,2000,dummy_mean,2.38,1.48761
14966,group_reduced_formula,2000,dummy_mean,1.22,1.48761
14972,group_reduced_formula,2000,dummy_mean,2.06,1.48761
14975,group_reduced_formula,2000,dummy_mean,1.62,1.48761
14981,group_reduced_formula,2000,dummy_mean,1.14,1.48761
14995,group_reduced_formula,2000,dummy_mean,2.88,1.48761
15001,group_reduced_formula,2000,dummy_mean,2.06,1.48761
15011,group_reduced_formula,2000,dummy_mean,1.2,1.48761
15028,group_reduced_formula,2000,dummy_mean,1.58,1.48761
15037,group_reduced_formula,2000,dummy_mean,1.32,1.48761
15048,group_reduced_formula,2000,dummy_mean,0.52,1.48761
15070,group_reduced_formula,2000,dummy_mean,2.84,1.48761
15088,group_reduced_formula,2000,dummy_mean,1.42,1.48761
15091,group_reduced_formula,2000,dummy_mean,2.44,1.48761
15101,group_reduced_formula,2000,dummy_mean,1.08,1.48761
15150,group_reduced_formula,2000,dummy_mean,1.2,1.48761
15162,group_reduced_formula,2000,dummy_mean,1.16,1.48761
15174,group_reduced_formula,2000,dummy_mean,1.72,1.48761
15194,group_reduced_formula,2000,dummy_mean,0.6,1.48761
15202,group_reduced_formula,2000,dummy_mean,3.08,1.48761
15213,group_reduced_formula,2000,dummy_mean,2.04,1.48761
15215,group_reduced_formula,2000,dummy_mean,1.42,1.48761
15220,group_reduced_formula,2000,dummy_mean,1.92,1.48761
15221,group_reduced_formula,2000,dummy_mean,0.76,1.48761
15224,group_reduced_formula,2000,dummy_mean,1.7,1.48761
15244,group_reduced_formula,2000,dummy_mean,0.62,1.48761
15245,group_reduced_formula,2000,dummy_mean,0.3,1.48761
15260,group_reduced_formula,2000,dummy_mean,0.52,1.48761
15264,group_reduced_formula,2000,dummy_mean,2.06,1.48761
15272,group_reduced_formula,2000,dummy_mean,0.66,1.48761
15301,group_reduced_formula,2000,dummy_mean,1.68,1.48761
15307,group_reduced_formula,2000,dummy_mean,3.16,1.48761
15314,group_reduced_formula,2000,dummy_mean,1.7,1.48761
15330,group_reduced_formula,2000,dummy_mean,1.26,1.48761
15343,group_reduced_formula,2000,dummy_mean,1.06,1.48761
15353,group_reduced_formula,2000,dummy_mean,1.28,1.48761
15376,group_reduced_formula,2000,dummy_mean,0.46,1.48761
15378,group_reduced_formula,2000,dummy_mean,1.72,1.48761
15383,group_reduced_formula,2000,dummy_mean,0.92,1.48761
15390,group_reduced_formula,2000,dummy_mean,1.76,1.48761
15392,group_reduced_formula,2000,dummy_mean,1.1,1.48761
15394,group_reduced_formula,2000,dummy_mean,0.28,1.48761
15400,group_reduced_formula,2000,dummy_mean,0.64,1.48761
15439,group_reduced_formula,2000,dummy_mean,1.64,1.48761
15458,group_reduced_formula,2000,dummy_mean,0.78,1.48761
15461,group_reduced_formula,2000,dummy_mean,1.38,1.48761
15485,group_reduced_formula,2000,dummy_mean,1.16,1.48761
15503,group_reduced_formula,2000,dummy_mean,1.22,1.48761
15524,group_reduced_formula,2000,dummy_mean,1.04,1.48761
15525,group_reduced_formula,2000,dummy_mean,1.1,1.48761
15532,group_reduced_formula,2000,dummy_mean,1.84,1.48761
15535,group_reduced_formula,2000,dummy_mean,0.94,1.48761
15545,group_reduced_formula,2000,dummy_mean,2.34,1.48761
15547,group_reduced_formula,2000,dummy_mean,2.36,1.48761
15551,group_reduced_formula,2000,dummy_mean,1.84,1.48761
15552,group_reduced_formula,2000,dummy_mean,0.3,1.48761
15554,group_reduced_formula,2000,dummy_mean,1.5,1.48761
15557,group_reduced_formula,2000,dummy_mean,1.18,1.48761
15569,group_reduced_formula,2000,dummy_mean,2.04,1.48761
15578,group_reduced_formula,2000,dummy_mean,2.1,1.48761
15583,group_reduced_formula,2000,dummy_mean,1.98,1.48761
15593,group_reduced_formula,2000,dummy_mean,1.36,1.48761
15629,group_reduced_formula,2000,dummy_mean,1.26,1.48761
15657,group_reduced_formula,2000,dummy_mean,1.28,1.48761
15670,group_reduced_formula,2000,dummy_mean,1.16,1.48761
15674,group_reduced_formula,2000,dummy_mean,1.3,1.48761
15693,group_reduced_formula,2000,dummy_mean,1.3,1.48761
15694,group_reduced_formula,2000,dummy_mean,0.9,1.48761
15704,group_reduced_formula,2000,dummy_mean,1.66,1.48761
15715,group_reduced_formula,2000,dummy_mean,2.8,1.48761
15717,group_reduced_formula,2000,dummy_mean,1.74,1.48761
15718,group_reduced_formula,2000,dummy_mean,1.4,1.48761
15738,group_reduced_formula,2000,dummy_mean,0.92,1.48761
15739,group_reduced_formula,2000,dummy_mean,2.6,1.48761
15756,group_reduced_formula,2000,dummy_mean,0.5,1.48761
15763,group_reduced_formula,2000,dummy_mean,2.28,1.48761
15769,group_reduced_formula,2000,dummy_mean,0.94,1.48761
15770,group_reduced_formula,2000,dummy_mean,3.08,1.48761
15771,group_reduced_formula,2000,dummy_mean,1.86,1.48761
15777,group_reduced_formula,2000,dummy_mean,1.24,1.48761
15785,group_reduced_formula,2000,dummy_mean,1.94,1.48761
15797,group_reduced_formula,2000,dummy_mean,1.68,1.48761
15800,group_reduced_formula,2000,dummy_mean,0.14,1.48761
15808,group_reduced_formula,2000,dummy_mean,1.48,1.48761
15809,group_reduced_formula,2000,dummy_mean,1.58,1.48761
15811,group_reduced_formula,2000,dummy_mean,2.2,1.48761
15816,group_reduced_formula,2000,dummy_mean,0.68,1.48761
15817,group_reduced_formula,2000,dummy_mean,1.58,1.48761
15829,group_reduced_formula,2000,dummy_mean,1.46,1.48761
15832,group_reduced_formula,2000,dummy_mean,0.7,1.48761
15839,group_reduced_formula,2000,dummy_mean,1.16,1.48761
15848,group_reduced_formula,2000,dummy_mean,0.26,1.48761
15855,group_reduced_formula,2000,dummy_mean,0.68,1.48761
15876,group_reduced_formula,2000,dummy_mean,1.38,1.48761
15883,group_reduced_formula,2000,dummy_mean,0.42,1.48761
15884,group_reduced_formula,2000,dummy_mean,1.66,1.48761
15886,group_reduced_formula,2000,dummy_mean,1.2,1.48761
15906,group_reduced_formula,2000,dummy_mean,0.76,1.48761
15907,group_reduced_formula,2000,dummy_mean,1.36,1.48761
15910,group_reduced_formula,2000,dummy_mean,4.48,1.48761
15912,group_reduced_formula,2000,dummy_mean,0.78,1.48761
15915,group_reduced_formula,2000,dummy_mean,2.68,1.48761
15916,group_reduced_formula,2000,dummy_mean,1.36,1.48761
15920,group_reduced_formula,2000,dummy_mean,0.56,1.48761
15928,group_reduced_formula,2000,dummy_mean,-0.06,1.48761
15931,group_reduced_formula,2000,dummy_mean,1.94,1.48761
15934,group_reduced_formula,2000,dummy_mean,0.24,1.48761
15937,group_reduced_formula,2000,dummy_mean,0.92,1.48761
15950,group_reduced_formula,2000,dummy_mean,3.68,1.48761
15955,group_reduced_formula,2000,dummy_mean,2.48,1.48761
15960,group_reduced_formula,2000,dummy_mean,1.9,1.48761
15966,group_reduced_formula,2000,dummy_mean,1.3,1.48761
15973,group_reduced_formula,2000,dummy_mean,1.24,1.48761
15979,group_reduced_formula,2000,dummy_mean,1.96,1.48761
15996,group_reduced_formula,2000,dummy_mean,0.54,1.48761
16024,group_reduced_formula,2000,dummy_mean,1.94,1.48761
16025,group_reduced_formula,2000,dummy_mean,1.34,1.48761
16047,group_reduced_formula,2000,dummy_mean,1.74,1.48761
16051,group_reduced_formula,2000,dummy_mean,1.06,1.48761
16053,group_reduced_formula,2000,dummy_mean,1.58,1.48761
16058,group_reduced_formula,2000,dummy_mean,1.62,1.48761
16082,group_reduced_formula,2000,dummy_mean,1.36,1.48761
16083,group_reduced_formula,2000,dummy_mean,1.98,1.48761
16122,group_reduced_formula,2000,dummy_mean,2.24,1.48761
16124,group_reduced_formula,2000,dummy_mean,0.68,1.48761
16125,group_reduced_formula,2000,dummy_mean,1.36,1.48761
16126,group_reduced_formula,2000,dummy_mean,0.46,1.48761
16144,group_reduced_formula,2000,dummy_mean,2.1,1.48761
16154,group_reduced_formula,2000,dummy_mean,1.1,1.48761
16211,group_reduced_formula,2000,dummy_mean,0.8,1.48761
16215,group_reduced_formula,2000,dummy_mean,2.26,1.48761
16217,group_reduced_formula,2000,dummy_mean,2.92,1.48761
16220,group_reduced_formula,2000,dummy_mean,2.88,1.48761
16237,group_reduced_formula,2000,dummy_mean,0.68,1.48761
16241,group_reduced_formula,2000,dummy_mean,2.02,1.48761
16249,group_reduced_formula,2000,dummy_mean,0.32,1.48761
16252,group_reduced_formula,2000,dummy_mean,1.44,1.48761
16256,group_reduced_formula,2000,dummy_mean,0.94,1.48761
16259,group_reduced_formula,2000,dummy_mean,1.06,1.48761
16266,group_reduced_formula,2000,dummy_mean,2.22,1.48761
16279,group_reduced_formula,2000,dummy_mean,1.2,1.48761
16282,group_reduced_formula,2000,dummy_mean,1.08,1.48761
16288,group_reduced_formula,2000,dummy_mean,1.78,1.48761
16315,group_reduced_formula,2000,dummy_mean,2.22,1.48761
16320,group_reduced_formula,2000,dummy_mean,1.1,1.48761
16330,group_reduced_formula,2000,dummy_mean,1.52,1.48761
16331,group_reduced_formula,2000,dummy_mean,1.92,1.48761
16334,group_reduced_formula,2000,dummy_mean,1.12,1.48761
16350,group_reduced_formula,2000,dummy_mean,0.42,1.48761
16358,group_reduced_formula,2000,dummy_mean,1.16,1.48761
16373,group_reduced_formula,2000,dummy_mean,0.76,1.48761
16381,group_reduced_formula,2000,dummy_mean,1.64,1.48761
16408,group_reduced_formula,2000,dummy_mean,1.86,1.48761
16418,group_reduced_formula,2000,dummy_mean,2.78,1.48761
16447,group_reduced_formula,2000,dummy_mean,2.06,1.48761
16457,group_reduced_formula,2000,dummy_mean,1.4,1.48761
16480,group_reduced_formula,2000,dummy_mean,1.04,1.48761
16485,group_reduced_formula,2000,dummy_mean,1.34,1.48761
16488,group_reduced_formula,2000,dummy_mean,1.62,1.48761
16499,group_reduced_formula,2000,dummy_mean,2.78,1.48761
16516,group_reduced_formula,2000,dummy_mean,3.56,1.48761
16522,group_reduced_formula,2000,dummy_mean,1.82,1.48761
16526,group_reduced_formula,2000,dummy_mean,0.76,1.48761
16530,group_reduced_formula,2000,dummy_mean,0.52,1.48761
16533,group_reduced_formula,2000,dummy_mean,0.64,1.48761
16541,group_reduced_formula,2000,dummy_mean,1.94,1.48761
16546,group_reduced_formula,2000,dummy_mean,2.28,1.48761
16571,group_reduced_formula,2000,dummy_mean,1.72,1.48761
16575,group_reduced_formula,2000,dummy_mean,3.18,1.48761
16583,group_reduced_formula,2000,dummy_mean,0.9,1.48761
16585,group_reduced_formula,2000,dummy_mean,0.96,1.48761
16587,group_reduced_formula,2000,dummy_mean,0.86,1.48761
16620,group_reduced_formula,2000,dummy_mean,1.16,1.48761
16630,group_reduced_formula,2000,dummy_mean,0.96,1.48761
16645,group_reduced_formula,2000,dummy_mean,1.86,1.48761
16647,group_reduced_formula,2000,dummy_mean,1.64,1.48761
16652,group_reduced_formula,2000,dummy_mean,0.7,1.48761
16657,group_reduced_formula,2000,dummy_mean,1.66,1.48761
16660,group_reduced_formula,2000,dummy_mean,1.74,1.48761
16677,group_reduced_formula,2000,dummy_mean,1.52,1.48761
16679,group_reduced_formula,2000,dummy_mean,0.82,1.48761
16681,group_reduced_formula,2000,dummy_mean,1.28,1.48761
16682,group_reduced_formula,2000,dummy_mean,0.56,1.48761
16748,group_reduced_formula,2000,dummy_mean,2.48,1.48761
16751,group_reduced_formula,2000,dummy_mean,3.76,1.48761
16763,group_reduced_formula,2000,dummy_mean,1.58,1.48761
16772,group_reduced_formula,2000,dummy_mean,2.3,1.48761
16788,group_reduced_formula,2000,dummy_mean,1.64,1.48761
16789,group_reduced_formula,2000,dummy_mean,1.76,1.48761
16834,group_reduced_formula,2000,dummy_mean,0.46,1.48761
16836,group_reduced_formula,2000,dummy_mean,1.12,1.48761
16839,group_reduced_formula,2000,dummy_mean,1.08,1.48761
16844,group_reduced_formula,2000,dummy_mean,2.38,1.48761
16853,group_reduced_formula,2000,dummy_mean,1.16,1.48761
16854,group_reduced_formula,2000,dummy_mean,3.6,1.48761
16882,group_reduced_formula,2000,dummy_mean,1.8,1.48761
16893,group_reduced_formula,2000,dummy_mean,2.56,1.48761
16899,group_reduced_formula,2000,dummy_mean,2.98,1.48761
16905,group_reduced_formula,2000,dummy_mean,1.68,1.48761
16913,group_reduced_formula,2000,dummy_mean,2.56,1.48761
16916,group_reduced_formula,2000,dummy_mean,0.92,1.48761
16919,group_reduced_formula,2000,dummy_mean,1.0,1.48761
16924,group_reduced_formula,2000,dummy_mean,1.78,1.48761
16955,group_reduced_formula,2000,dummy_mean,1.62,1.48761
16968,group_reduced_formula,2000,dummy_mean,1.24,1.48761
16970,group_reduced_formula,2000,dummy_mean,1.56,1.48761
16972,group_reduced_formula,2000,dummy_mean,1.36,1.48761
16974,group_reduced_formula,2000,dummy_mean,1.32,1.48761
16997,group_reduced_formula,2000,dummy_mean,1.4,1.48761
17000,group_reduced_formula,2000,dummy_mean,1.08,1.48761
17004,group_reduced_formula,2000,dummy_mean,2.74,1.48761
17010,group_reduced_formula,2000,dummy_mean,1.48,1.48761
17019,group_reduced_formula,2000,dummy_mean,0.86,1.48761
17022,group_reduced_formula,2000,dummy_mean,1.26,1.48761
17023,group_reduced_formula,2000,dummy_mean,0.5,1.48761
17036,group_reduced_formula,2000,dummy_mean,1.66,1.48761
17044,group_reduced_formula,2000,dummy_mean,0.04,1.48761
17048,group_reduced_formula,2000,dummy_mean,1.3,1.48761
17053,group_reduced_formula,2000,dummy_mean,1.12,1.48761
17055,group_reduced_formula,2000,dummy_mean,1.22,1.48761
17081,group_reduced_formula,2000,dummy_mean,1.48,1.48761
17092,group_reduced_formula,2000,dummy_mean,2.04,1.48761
17103,group_reduced_formula,2000,dummy_mean,1.32,1.48761
17104,group_reduced_formula,2000,dummy_mean,1.46,1.48761
17105,group_reduced_formula,2000,dummy_mean,1.92,1.48761
17109,group_reduced_formula,2000,dummy_mean,2.02,1.48761
17117,group_reduced_formula,2000,dummy_mean,1.58,1.48761
17133,group_reduced_formula,2000,dummy_mean,0.7,1.48761
17157,group_reduced_formula,2000,dummy_mean,1.52,1.48761
17192,group_reduced_formula,2000,dummy_mean,1.22,1.48761
17193,group_reduced_formula,2000,dummy_mean,3.72,1.48761
17200,group_reduced_formula,2000,dummy_mean,0.46,1.48761
17207,group_reduced_formula,2000,dummy_mean,0.46,1.48761
17209,group_reduced_formula,2000,dummy_mean,2.56,1.48761
17221,group_reduced_formula,2000,dummy_mean,2.32,1.48761
17241,group_reduced_formula,2000,dummy_mean,1.04,1.48761
17255,group_reduced_formula,2000,dummy_mean,3.44,1.48761
17365,group_reduced_formula,2000,dummy_mean,0.94,1.48761
17368,group_reduced_formula,2000,dummy_mean,1.04,1.48761
17389,group_reduced_formula,2000,dummy_mean,1.3,1.48761
17390,group_reduced_formula,2000,dummy_mean,0.52,1.48761
17409,group_reduced_formula,2000,dummy_mean,1.88,1.48761
17416,group_reduced_formula,2000,dummy_mean,0.58,1.48761
17431,group_reduced_formula,2000,dummy_mean,1.02,1.48761
17443,group_reduced_formula,2000,dummy_mean,0.9,1.48761
17444,group_reduced_formula,2000,dummy_mean,2.86,1.48761
17477,group_reduced_formula,2000,dummy_mean,1.02,1.48761
17478,group_reduced_formula,2000,dummy_mean,0.96,1.48761
17484,group_reduced_formula,2000,dummy_mean,1.04,1.48761
17486,group_reduced_formula,2000,dummy_mean,1.58,1.48761
17508,group_reduced_formula,2000,dummy_mean,1.22,1.48761
17517,group_reduced_formula,2000,dummy_mean,0.76,1.48761
17522,group_reduced_formula,2000,dummy_mean,1.88,1.48761
17527,group_reduced_formula,2000,dummy_mean,1.2,1.48761
17542,group_reduced_formula,2000,dummy_mean,2.02,1.48761
17559,group_reduced_formula,2000,dummy_mean,2.34,1.48761
17562,group_reduced_formula,2000,dummy_mean,0.78,1.48761
17584,group_reduced_formula,2000,dummy_mean,3.88,1.48761
17603,group_reduced_formula,2000,dummy_mean,0.94,1.48761
17625,group_reduced_formula,2000,dummy_mean,1.88,1.48761
17633,group_reduced_formula,2000,dummy_mean,3.4,1.48761
17640,group_reduced_formula,2000,dummy_mean,1.3,1.48761
17647,group_reduced_formula,2000,dummy_mean,0.18,1.48761
17650,group_reduced_formula,2000,dummy_mean,0.78,1.48761
17656,group_reduced_formula,2000,dummy_mean,1.24,1.48761
17658,group_reduced_formula,2000,dummy_mean,0.5,1.48761
17659,group_reduced_formula,2000,dummy_mean,1.9,1.48761
17667,group_reduced_formula,2000,dummy_mean,1.5,1.48761
17671,group_reduced_formula,2000,dummy_mean,0.62,1.48761
17683,group_reduced_formula,2000,dummy_mean,1.9,1.48761
17701,group_reduced_formula,2000,dummy_mean,1.24,1.48761
17702,group_reduced_formula,2000,dummy_mean,1.38,1.48761
17706,group_reduced_formula,2000,dummy_mean,1.76,1.48761
17711,group_reduced_formula,2000,dummy_mean,-0.12,1.48761
17716,group_reduced_formula,2000,dummy_mean,1.62,1.48761
17727,group_reduced_formula,2000,dummy_mean,2.44,1.48761
17731,group_reduced_formula,2000,dummy_mean,0.7,1.48761
17744,group_reduced_formula,2000,dummy_mean,1.98,1.48761
17748,group_reduced_formula,2000,dummy_mean,1.3,1.48761
17751,group_reduced_formula,2000,dummy_mean,0.54,1.48761
17757,group_reduced_formula,2000,dummy_mean,1.08,1.48761
17768,group_reduced_formula,2000,dummy_mean,1.82,1.48761
17773,group_reduced_formula,2000,dummy_mean,1.28,1.48761
17787,group_reduced_formula,2000,dummy_mean,1.14,1.48761
17797,group_reduced_formula,2000,dummy_mean,1.54,1.48761
17798,group_reduced_formula,2000,dummy_mean,0.86,1.48761
17802,group_reduced_formula,2000,dummy_mean,0.42,1.48761
17830,group_reduced_formula,2000,dummy_mean,1.44,1.48761
17833,group_reduced_formula,2000,dummy_mean,2.16,1.48761
17839,group_reduced_formula,2000,dummy_mean,1.72,1.48761
17840,group_reduced_formula,2000,dummy_mean,1.32,1.48761
17843,group_reduced_formula,2000,dummy_mean,2.24,1.48761
17844,group_reduced_formula,2000,dummy_mean,2.92,1.48761
17855,group_reduced_formula,2000,dummy_mean,2.14,1.48761
17864,group_reduced_formula,2000,dummy_mean,0.84,1.48761
17872,group_reduced_formula,2000,dummy_mean,2.18,1.48761
17873,group_reduced_formula,2000,dummy_mean,1.0,1.48761
17880,group_reduced_formula,2000,dummy_mean,1.56,1.48761
17881,group_reduced_formula,2000,dummy_mean,1.02,1.48761
17896,group_reduced_formula,2000,dummy_mean,2.38,1.48761
17897,group_reduced_formula,2000,dummy_mean,1.1,1.48761
17898,group_reduced_formula,2000,dummy_mean,1.18,1.48761
17904,group_reduced_formula,2000,dummy_mean,0.56,1.48761
17906,group_reduced_formula,2000,dummy_mean,1.62,1.48761
17909,group_reduced_formula,2000,dummy_mean,1.42,1.48761
17919,group_reduced_formula,2000,dummy_mean,2.5,1.48761
17920,group_reduced_formula,2000,dummy_mean,0.8,1.48761
17925,group_reduced_formula,2000,dummy_mean,2.02,1.48761
17935,group_reduced_formula,2000,dummy_mean,0.98,1.48761
17937,group_reduced_formula,2000,dummy_mean,0.68,1.48761
17968,group_reduced_formula,2000,dummy_mean,1.16,1.48761
17978,group_reduced_formula,2000,dummy_mean,1.26,1.48761
17996,group_reduced_formula,2000,dummy_mean,1.24,1.48761
18002,group_reduced_formula,2000,dummy_mean,2.54,1.48761
18006,group_reduced_formula,2000,dummy_mean,1.96,1.48761
18008,group_reduced_formula,2000,dummy_mean,1.14,1.48761
18009,group_reduced_formula,2000,dummy_mean,2.14,1.48761
18025,group_reduced_formula,2000,dummy_mean,0.62,1.48761
18036,group_reduced_formula,2000,dummy_mean,1.1,1.48761
18058,group_reduced_formula,2000,dummy_mean,1.42,1.48761
18062,group_reduced_formula,2000,dummy_mean,1.62,1.48761
18091,group_reduced_formula,2000,dummy_mean,2.52,1.48761
18100,group_reduced_formula,2000,dummy_mean,2.4,1.48761
18127,group_reduced_formula,2000,dummy_mean,0.72,1.48761
18147,group_reduced_formula,2000,dummy_mean,0.6,1.48761
18151,group_reduced_formula,2000,dummy_mean,1.06,1.48761
18165,group_reduced_formula,2000,dummy_mean,1.06,1.48761
18207,group_reduced_formula,2000,dummy_mean,0.9,1.48761
18213,group_reduced_formula,2000,dummy_mean,1.2,1.48761
18221,group_reduced_formula,2000,dummy_mean,1.64,1.48761
18224,group_reduced_formula,2000,dummy_mean,1.42,1.48761
18226,group_reduced_formula,2000,dummy_mean,0.76,1.48761
18229,group_reduced_formula,2000,dummy_mean,1.1,1.48761
18236,group_reduced_formula,2000,dummy_mean,1.7,1.48761
18242,group_reduced_formula,2000,dummy_mean,0.92,1.48761
18243,group_reduced_formula,2000,dummy_mean,1.4,1.48761
18248,group_reduced_formula,2000,dummy_mean,1.18,1.48761
18251,group_reduced_formula,2000,dummy_mean,0.42,1.48761
18252,group_reduced_formula,2000,dummy_mean,2.46,1.48761
18258,group_reduced_formula,2000,dummy_mean,1.22,1.48761
18269,group_reduced_formula,2000,dummy_mean,2.58,1.48761
18270,group_reduced_formula,2000,dummy_mean,0.88,1.48761
18272,group_reduced_formula,2000,dummy_mean,1.18,1.48761
18274,group_reduced_formula,2000,dummy_mean,1.08,1.48761
18277,group_reduced_formula,2000,dummy_mean,2.12,1.48761
18289,group_reduced_formula,2000,dummy_mean,1.62,1.48761
18290,group_reduced_formula,2000,dummy_mean,1.28,1.48761
18296,group_reduced_formula,2000,dummy_mean,1.78,1.48761
18298,group_reduced_formula,2000,dummy_mean,0.9,1.48761
18299,group_reduced_formula,2000,dummy_mean,2.3,1.48761
18300,group_reduced_formula,2000,dummy_mean,0.54,1.48761
18311,group_reduced_formula,2000,dummy_mean,1.22,1.48761
18321,group_reduced_formula,2000,dummy_mean,0.86,1.48761
18324,group_reduced_formula,2000,dummy_mean,1.96,1.48761
18325,group_reduced_formula,2000,dummy_mean,1.66,1.48761
18335,group_reduced_formula,2000,dummy_mean,1.22,1.48761
18350,group_reduced_formula,2000,dummy_mean,2.06,1.48761
18354,group_reduced_formula,2000,dummy_mean,0.2,1.48761
18360,group_reduced_formula,2000,dummy_mean,0.84,1.48761
18362,group_reduced_formula,2000,dummy_mean,0.72,1.48761
18387,group_reduced_formula,2000,dummy_mean,1.92,1.48761
18389,group_reduced_formula,2000,dummy_mean,2.18,1.48761
18393,group_reduced_formula,2000,dummy_mean,0.94,1.48761
18414,group_reduced_formula,2000,dummy_mean,1.1,1.48761
18435,group_reduced_formula,2000,dummy_mean,0.72,1.48761
18439,group_reduced_formula,2000,dummy_mean,2.42,1.48761
18447,group_reduced_formula,2000,dummy_mean,1.84,1.48761
18459,group_reduced_formula,2000,dummy_mean,0.58,1.48761
18466,group_reduced_formula,2000,dummy_mean,1.4,1.48761
18468,group_reduced_formula,2000,dummy_mean,1.68,1.48761
18472,group_reduced_formula,2000,dummy_mean,1.76,1.48761
18497,group_reduced_formula,2000,dummy_mean,1.22,1.48761
18509,group_reduced_formula,2000,dummy_mean,1.58,1.48761
18514,group_reduced_formula,2000,dummy_mean,1.08,1.48761
18519,group_reduced_formula,2000,dummy_mean,1.36,1.48761
18557,group_reduced_formula,2000,dummy_mean,-0.08,1.48761
18583,group_reduced_formula,2000,dummy_mean,1.3,1.48761
18588,group_reduced_formula,2000,dummy_mean,2.52,1.48761
18606,group_reduced_formula,2000,dummy_mean,0.78,1.48761
18607,group_reduced_formula,2000,dummy_mean,1.6,1.48761
18615,group_reduced_formula,2000,dummy_mean,2.06,1.48761
18620,group_reduced_formula,2000,dummy_mean,0.68,1.48761
18634,group_reduced_formula,2000,dummy_mean,2.96,1.48761
18639,group_reduced_formula,2000,dummy_mean,1.3,1.48761
18641,group_reduced_formula,2000,dummy_mean,1.62,1.48761
18648,group_reduced_formula,2000,dummy_mean,1.32,1.48761
18662,group_reduced_formula,2000,dummy_mean,1.56,1.48761
18668,group_reduced_formula,2000,dummy_mean,1.44,1.48761
18669,group_reduced_formula,2000,dummy_mean,0.6,1.48761
18673,group_reduced_formula,2000,dummy_mean,2.62,1.48761
18686,group_reduced_formula,2000,dummy_mean,0.3,1.48761
18709,group_reduced_formula,2000,dummy_mean,1.24,1.48761
18715,group_reduced_formula,2000,dummy_mean,1.82,1.48761
18730,group_reduced_formula,2000,dummy_mean,1.12,1.48761
18734,group_reduced_formula,2000,dummy_mean,1.42,1.48761
18736,group_reduced_formula,2000,dummy_mean,0.56,1.48761
18737,group_reduced_formula,2000,dummy_mean,1.58,1.48761
18753,group_reduced_formula,2000,dummy_mean,1.32,1.48761
18756,group_reduced_formula,2000,dummy_mean,1.44,1.48761
18757,group_reduced_formula,2000,dummy_mean,0.94,1.48761
18794,group_reduced_formula,2000,dummy_mean,1.98,1.48761
18795,group_reduced_formula,2000,dummy_mean,0.98,1.48761
18796,group_reduced_formula,2000,dummy_mean,1.54,1.48761
18805,group_reduced_formula,2000,dummy_mean,2.0,1.48761
18806,group_reduced_formula,2000,dummy_mean,-0.24,1.48761
18808,group_reduced_formula,2000,dummy_mean,1.5,1.48761
18825,group_reduced_formula,2000,dummy_mean,0.68,1.48761
18840,group_reduced_formula,2000,dummy_mean,0.9,1.48761
18843,group_reduced_formula,2000,dummy_mean,1.14,1.48761
18848,group_reduced_formula,2000,dummy_mean,1.76,1.48761
18874,group_reduced_formula,2000,dummy_mean,0.86,1.48761
18876,group_reduced_formula,2000,dummy_mean,1.48,1.48761
18888,group_reduced_formula,2000,dummy_mean,1.28,1.48761
18901,group_reduced_formula,2000,dummy_mean,0.76,1.48761
18904,group_reduced_formula,2000,dummy_mean,2.36,1.48761
18922,group_reduced_formula,2000,dummy_mean,1.78,1.48761
18923,group_reduced_formula,2000,dummy_mean,1.66,1.48761
18925,group_reduced_formula,2000,dummy_mean,1.5,1.48761
