sample_id,split_strategy,budget_label,model,y_true,y_pred
26,group_element_set,500,rf_starter_descriptors,1.18,1.3916
27,group_element_set,500,rf_starter_descriptors,1.24,1.4975999999999998
40,group_element_set,500,rf_starter_descriptors,1.16,0.9368
45,group_element_set,500,rf_starter_descriptors,0.6,0.7619999999999998
69,group_element_set,500,rf_starter_descriptors,3.34,2.3132
72,group_element_set,500,rf_starter_descriptors,0.82,1.4848
103,group_element_set,500,rf_starter_descriptors,0.42,1.5932
115,group_element_set,500,rf_starter_descriptors,1.04,1.086
134,group_element_set,500,rf_starter_descriptors,0.56,1.3495999999999997
136,group_element_set,500,rf_starter_descriptors,1.5,1.785600000000001
137,group_element_set,500,rf_starter_descriptors,1.6,2.1431999999999993
155,group_element_set,500,rf_starter_descriptors,1.28,2.9463999999999997
158,group_element_set,500,rf_starter_descriptors,2.48,2.104400000000001
169,group_element_set,500,rf_starter_descriptors,-0.04,1.2387999999999997
171,group_element_set,500,rf_starter_descriptors,0.72,1.6163999999999996
179,group_element_set,500,rf_starter_descriptors,3.44,2.5244
183,group_element_set,500,rf_starter_descriptors,2.02,1.4251999999999998
188,group_element_set,500,rf_starter_descriptors,2.54,1.3175999999999997
199,group_element_set,500,rf_starter_descriptors,1.48,1.7548
206,group_element_set,500,rf_starter_descriptors,1.1,1.5647999999999995
211,group_element_set,500,rf_starter_descriptors,2.1,1.7944000000000002
212,group_element_set,500,rf_starter_descriptors,1.46,1.4004000000000003
220,group_element_set,500,rf_starter_descriptors,0.92,1.6384000000000003
221,group_element_set,500,rf_starter_descriptors,0.58,1.3840000000000003
224,group_element_set,500,rf_starter_descriptors,0.64,1.7983999999999998
228,group_element_set,500,rf_starter_descriptors,0.82,1.2104000000000001
249,group_element_set,500,rf_starter_descriptors,1.74,1.4592
255,group_element_set,500,rf_starter_descriptors,2.14,1.3063999999999998
258,group_element_set,500,rf_starter_descriptors,1.2,1.1556
266,group_element_set,500,rf_starter_descriptors,1.04,1.7435999999999998
301,group_element_set,500,rf_starter_descriptors,0.86,1.1667999999999998
305,group_element_set,500,rf_starter_descriptors,0.8,1.2596000000000007
322,group_element_set,500,rf_starter_descriptors,1.62,1.1691999999999998
324,group_element_set,500,rf_starter_descriptors,1.16,1.3664
337,group_element_set,500,rf_starter_descriptors,0.78,1.8516000000000006
338,group_element_set,500,rf_starter_descriptors,1.72,2.0744000000000007
345,group_element_set,500,rf_starter_descriptors,1.22,2.4132
362,group_element_set,500,rf_starter_descriptors,0.38,1.9375999999999995
364,group_element_set,500,rf_starter_descriptors,1.54,1.3112000000000006
366,group_element_set,500,rf_starter_descriptors,0.5,1.382800000000001
372,group_element_set,500,rf_starter_descriptors,1.48,1.5088
374,group_element_set,500,rf_starter_descriptors,1.28,1.8736
376,group_element_set,500,rf_starter_descriptors,1.9,1.1075999999999997
380,group_element_set,500,rf_starter_descriptors,2.28,2.3792000000000018
387,group_element_set,500,rf_starter_descriptors,2.02,1.456799999999999
393,group_element_set,500,rf_starter_descriptors,1.12,1.3223999999999998
417,group_element_set,500,rf_starter_descriptors,1.5,1.4736000000000002
418,group_element_set,500,rf_starter_descriptors,1.26,1.5059999999999996
433,group_element_set,500,rf_starter_descriptors,2.32,1.5732
438,group_element_set,500,rf_starter_descriptors,1.3,1.4624000000000004
442,group_element_set,500,rf_starter_descriptors,1.9,1.4535999999999998
451,group_element_set,500,rf_starter_descriptors,2.44,2.0484
455,group_element_set,500,rf_starter_descriptors,2.9,2.2340000000000004
458,group_element_set,500,rf_starter_descriptors,1.22,1.4323999999999995
466,group_element_set,500,rf_starter_descriptors,1.66,0.9983999999999996
470,group_element_set,500,rf_starter_descriptors,0.84,1.2140000000000002
472,group_element_set,500,rf_starter_descriptors,0.84,1.6799999999999988
476,group_element_set,500,rf_starter_descriptors,0.72,1.1984000000000006
505,group_element_set,500,rf_starter_descriptors,1.26,1.0627999999999997
511,group_element_set,500,rf_starter_descriptors,1.24,1.5371999999999992
512,group_element_set,500,rf_starter_descriptors,-0.2,1.0308000000000002
515,group_element_set,500,rf_starter_descriptors,0.32,1.314
521,group_element_set,500,rf_starter_descriptors,1.3,3.1548000000000007
532,group_element_set,500,rf_starter_descriptors,1.78,1.4604000000000006
559,group_element_set,500,rf_starter_descriptors,2.6,1.6451999999999998
564,group_element_set,500,rf_starter_descriptors,1.26,1.4579999999999997
578,group_element_set,500,rf_starter_descriptors,1.28,1.2888000000000006
583,group_element_set,500,rf_starter_descriptors,0.88,1.8459999999999999
591,group_element_set,500,rf_starter_descriptors,0.4,1.0119999999999993
595,group_element_set,500,rf_starter_descriptors,1.66,2.350800000000001
598,group_element_set,500,rf_starter_descriptors,2.08,1.9356000000000007
614,group_element_set,500,rf_starter_descriptors,2.66,2.1872000000000003
616,group_element_set,500,rf_starter_descriptors,-0.06,1.5832
626,group_element_set,500,rf_starter_descriptors,1.52,1.8068000000000004
649,group_element_set,500,rf_starter_descriptors,0.68,0.8268000000000002
668,group_element_set,500,rf_starter_descriptors,1.28,1.8051999999999995
675,group_element_set,500,rf_starter_descriptors,3.02,2.015199999999999
678,group_element_set,500,rf_starter_descriptors,0.9,0.8799999999999996
688,group_element_set,500,rf_starter_descriptors,0.76,1.0743999999999991
730,group_element_set,500,rf_starter_descriptors,1.68,1.1887999999999994
732,group_element_set,500,rf_starter_descriptors,0.4,1.3856
734,group_element_set,500,rf_starter_descriptors,1.32,2.4863999999999997
735,group_element_set,500,rf_starter_descriptors,0.8,0.7400000000000001
743,group_element_set,500,rf_starter_descriptors,1.64,1.0795999999999994
766,group_element_set,500,rf_starter_descriptors,1.88,0.8972000000000004
767,group_element_set,500,rf_starter_descriptors,1.58,1.52
778,group_element_set,500,rf_starter_descriptors,1.04,0.954
787,group_element_set,500,rf_starter_descriptors,3.56,2.0676
788,group_element_set,500,rf_starter_descriptors,3.04,1.0916000000000001
790,group_element_set,500,rf_starter_descriptors,2.16,1.9448
816,group_element_set,500,rf_starter_descriptors,1.06,1.8648000000000002
817,group_element_set,500,rf_starter_descriptors,0.56,1.1743999999999994
818,group_element_set,500,rf_starter_descriptors,1.08,1.244
849,group_element_set,500,rf_starter_descriptors,1.38,1.1587999999999996
863,group_element_set,500,rf_starter_descriptors,1.58,1.4047999999999996
868,group_element_set,500,rf_starter_descriptors,1.2,1.1567999999999998
872,group_element_set,500,rf_starter_descriptors,0.8,1.0324000000000004
891,group_element_set,500,rf_starter_descriptors,1.02,1.06
894,group_element_set,500,rf_starter_descriptors,1.58,1.2332000000000005
905,group_element_set,500,rf_starter_descriptors,1.48,1.2188000000000005
913,group_element_set,500,rf_starter_descriptors,1.18,1.0464000000000002
921,group_element_set,500,rf_starter_descriptors,1.9,1.6316000000000006
922,group_element_set,500,rf_starter_descriptors,2.58,1.5816
940,group_element_set,500,rf_starter_descriptors,0.72,1.0136
950,group_element_set,500,rf_starter_descriptors,1.0,1.2919999999999996
955,group_element_set,500,rf_starter_descriptors,1.32,1.3360000000000005
995,group_element_set,500,rf_starter_descriptors,0.68,1.6092000000000002
1004,group_element_set,500,rf_starter_descriptors,0.72,1.0592
1010,group_element_set,500,rf_starter_descriptors,2.3,1.6144000000000003
1011,group_element_set,500,rf_starter_descriptors,3.42,2.3491999999999993
1012,group_element_set,500,rf_starter_descriptors,1.02,1.0215999999999994
1018,group_element_set,500,rf_starter_descriptors,1.52,1.1511999999999991
1058,group_element_set,500,rf_starter_descriptors,1.2,1.3420000000000005
1059,group_element_set,500,rf_starter_descriptors,0.96,1.7484
1061,group_element_set,500,rf_starter_descriptors,0.7,1.2708000000000004
1065,group_element_set,500,rf_starter_descriptors,1.46,1.2628000000000001
1069,group_element_set,500,rf_starter_descriptors,0.74,1.414799999999999
1074,group_element_set,500,rf_starter_descriptors,1.42,1.6256000000000004
1098,group_element_set,500,rf_starter_descriptors,0.8,1.9235999999999995
1114,group_element_set,500,rf_starter_descriptors,1.02,1.1147999999999998
1116,group_element_set,500,rf_starter_descriptors,1.58,0.9603999999999996
1122,group_element_set,500,rf_starter_descriptors,0.48,1.1872
1125,group_element_set,500,rf_starter_descriptors,0.56,1.2023999999999992
1133,group_element_set,500,rf_starter_descriptors,0.64,0.9191999999999999
1137,group_element_set,500,rf_starter_descriptors,1.26,1.4016000000000006
1151,group_element_set,500,rf_starter_descriptors,1.44,2.0896000000000003
1153,group_element_set,500,rf_starter_descriptors,0.72,1.1228000000000005
1159,group_element_set,500,rf_starter_descriptors,1.86,1.5067999999999997
1161,group_element_set,500,rf_starter_descriptors,1.28,1.0816
1176,group_element_set,500,rf_starter_descriptors,1.6,1.7616000000000003
1177,group_element_set,500,rf_starter_descriptors,0.46,0.8240000000000003
1185,group_element_set,500,rf_starter_descriptors,2.14,1.8196
1203,group_element_set,500,rf_starter_descriptors,1.18,1.0628000000000004
1207,group_element_set,500,rf_starter_descriptors,0.46,1.516
1223,group_element_set,500,rf_starter_descriptors,2.22,2.4168000000000007
1235,group_element_set,500,rf_starter_descriptors,1.6,1.7952000000000001
1252,group_element_set,500,rf_starter_descriptors,1.84,1.4019999999999997
1268,group_element_set,500,rf_starter_descriptors,1.34,1.1055999999999997
1270,group_element_set,500,rf_starter_descriptors,1.5,0.8636
1283,group_element_set,500,rf_starter_descriptors,2.4,1.7160000000000009
1296,group_element_set,500,rf_starter_descriptors,1.86,1.3888
1297,group_element_set,500,rf_starter_descriptors,1.48,1.9540000000000004
1309,group_element_set,500,rf_starter_descriptors,1.84,1.6075999999999993
1324,group_element_set,500,rf_starter_descriptors,1.22,1.3591999999999995
1335,group_element_set,500,rf_starter_descriptors,1.76,1.2116000000000007
1343,group_element_set,500,rf_starter_descriptors,2.02,1.9492000000000003
1365,group_element_set,500,rf_starter_descriptors,2.2,1.7923999999999993
1373,group_element_set,500,rf_starter_descriptors,0.64,1.4756000000000002
1378,group_element_set,500,rf_starter_descriptors,2.1,0.9584
1381,group_element_set,500,rf_starter_descriptors,1.9,1.6092000000000002
1382,group_element_set,500,rf_starter_descriptors,2.36,1.7320000000000002
1391,group_element_set,500,rf_starter_descriptors,1.92,1.759600000000001
1406,group_element_set,500,rf_starter_descriptors,1.58,1.4735999999999996
1419,group_element_set,500,rf_starter_descriptors,1.4,1.3352000000000002
1432,group_element_set,500,rf_starter_descriptors,0.98,2.0196000000000014
1433,group_element_set,500,rf_starter_descriptors,1.36,1.5015999999999996
1436,group_element_set,500,rf_starter_descriptors,2.5,1.6812000000000002
1452,group_element_set,500,rf_starter_descriptors,0.84,0.9048000000000002
1473,group_element_set,500,rf_starter_descriptors,1.0,1.4339999999999997
1479,group_element_set,500,rf_starter_descriptors,1.1,1.1924000000000006
1488,group_element_set,500,rf_starter_descriptors,1.04,1.8831999999999993
1492,group_element_set,500,rf_starter_descriptors,1.14,1.1415999999999997
1499,group_element_set,500,rf_starter_descriptors,2.24,2.2336
1500,group_element_set,500,rf_starter_descriptors,2.02,2.2631999999999994
1525,group_element_set,500,rf_starter_descriptors,1.24,1.1208
1534,group_element_set,500,rf_starter_descriptors,1.4,1.1127999999999996
1548,group_element_set,500,rf_starter_descriptors,1.12,1.0140000000000002
1555,group_element_set,500,rf_starter_descriptors,1.3,1.3971999999999993
1565,group_element_set,500,rf_starter_descriptors,1.34,0.8184
1599,group_element_set,500,rf_starter_descriptors,1.02,1.2876000000000005
1604,group_element_set,500,rf_starter_descriptors,0.26,1.6363999999999992
1612,group_element_set,500,rf_starter_descriptors,2.44,1.9456000000000009
1630,group_element_set,500,rf_starter_descriptors,0.58,1.3624
1631,group_element_set,500,rf_starter_descriptors,1.36,1.2628
1635,group_element_set,500,rf_starter_descriptors,0.38,1.1244
1637,group_element_set,500,rf_starter_descriptors,1.38,1.0931999999999995
1659,group_element_set,500,rf_starter_descriptors,1.34,1.5503999999999996
1664,group_element_set,500,rf_starter_descriptors,2.8,1.6483999999999992
1673,group_element_set,500,rf_starter_descriptors,0.4,1.7852000000000006
1676,group_element_set,500,rf_starter_descriptors,1.0,1.5867999999999998
1678,group_element_set,500,rf_starter_descriptors,0.96,1.0092
1689,group_element_set,500,rf_starter_descriptors,1.46,1.2116000000000005
1709,group_element_set,500,rf_starter_descriptors,0.6,1.6248000000000002
1716,group_element_set,500,rf_starter_descriptors,2.34,1.8855999999999997
1720,group_element_set,500,rf_starter_descriptors,1.68,1.164
1744,group_element_set,500,rf_starter_descriptors,2.12,1.4683999999999995
1746,group_element_set,500,rf_starter_descriptors,1.7,2.1111999999999997
1760,group_element_set,500,rf_starter_descriptors,2.98,2.1180000000000003
1763,group_element_set,500,rf_starter_descriptors,0.88,1.6439999999999997
1770,group_element_set,500,rf_starter_descriptors,0.96,1.7327999999999995
1773,group_element_set,500,rf_starter_descriptors,1.94,1.8584000000000005
1806,group_element_set,500,rf_starter_descriptors,0.94,1.2004
1811,group_element_set,500,rf_starter_descriptors,0.98,1.695999999999999
1815,group_element_set,500,rf_starter_descriptors,2.02,1.8663999999999994
1825,group_element_set,500,rf_starter_descriptors,1.4,1.2264000000000004
1831,group_element_set,500,rf_starter_descriptors,0.72,1.1635999999999997
1842,group_element_set,500,rf_starter_descriptors,0.94,1.4912
1844,group_element_set,500,rf_starter_descriptors,1.02,1.6727999999999994
1849,group_element_set,500,rf_starter_descriptors,1.24,1.1731999999999996
1852,group_element_set,500,rf_starter_descriptors,0.36,1.2711999999999997
1881,group_element_set,500,rf_starter_descriptors,2.1,1.4512000000000003
1882,group_element_set,500,rf_starter_descriptors,1.8,1.2120000000000004
1907,group_element_set,500,rf_starter_descriptors,1.22,1.5772
1912,group_element_set,500,rf_starter_descriptors,1.26,1.8708
1924,group_element_set,500,rf_starter_descriptors,2.0,1.1496000000000002
1925,group_element_set,500,rf_starter_descriptors,3.26,3.2140000000000004
1929,group_element_set,500,rf_starter_descriptors,0.5,0.9760000000000001
1944,group_element_set,500,rf_starter_descriptors,0.62,1.6064
1956,group_element_set,500,rf_starter_descriptors,1.36,1.0075999999999998
1967,group_element_set,500,rf_starter_descriptors,1.1,2.2036
1977,group_element_set,500,rf_starter_descriptors,1.76,1.4768000000000003
1983,group_element_set,500,rf_starter_descriptors,1.16,1.6407999999999998
1993,group_element_set,500,rf_starter_descriptors,1.76,1.8920000000000001
1999,group_element_set,500,rf_starter_descriptors,1.22,1.8820000000000008
2007,group_element_set,500,rf_starter_descriptors,-0.26,1.2923999999999998
2009,group_element_set,500,rf_starter_descriptors,1.1,1.7256
2045,group_element_set,500,rf_starter_descriptors,0.96,1.2667999999999997
2072,group_element_set,500,rf_starter_descriptors,1.32,1.5572
2077,group_element_set,500,rf_starter_descriptors,0.76,1.1072000000000006
2090,group_element_set,500,rf_starter_descriptors,0.66,1.0580000000000005
2120,group_element_set,500,rf_starter_descriptors,0.72,2.4324000000000012
2131,group_element_set,500,rf_starter_descriptors,0.18,1.1039999999999999
2134,group_element_set,500,rf_starter_descriptors,3.18,1.5408
2145,group_element_set,500,rf_starter_descriptors,1.6,1.9268
2153,group_element_set,500,rf_starter_descriptors,2.0,1.7000000000000002
2161,group_element_set,500,rf_starter_descriptors,3.44,1.7140000000000006
2166,group_element_set,500,rf_starter_descriptors,1.46,2.344400000000001
2167,group_element_set,500,rf_starter_descriptors,2.98,1.946399999999999
2197,group_element_set,500,rf_starter_descriptors,3.1,1.5808000000000002
2229,group_element_set,500,rf_starter_descriptors,1.0,2.630399999999999
2235,group_element_set,500,rf_starter_descriptors,0.78,1.4
2237,group_element_set,500,rf_starter_descriptors,2.22,2.2076000000000007
2254,group_element_set,500,rf_starter_descriptors,1.24,1.5375999999999999
2262,group_element_set,500,rf_starter_descriptors,1.22,1.6940000000000004
2298,group_element_set,500,rf_starter_descriptors,1.52,2.4608000000000003
2301,group_element_set,500,rf_starter_descriptors,4.0,2.1552000000000002
2305,group_element_set,500,rf_starter_descriptors,2.84,1.3824
2310,group_element_set,500,rf_starter_descriptors,0.24,1.7051999999999998
2322,group_element_set,500,rf_starter_descriptors,1.22,1.0896000000000006
2335,group_element_set,500,rf_starter_descriptors,1.68,1.9219999999999993
2345,group_element_set,500,rf_starter_descriptors,0.84,1.1812
2349,group_element_set,500,rf_starter_descriptors,0.62,1.3128
2357,group_element_set,500,rf_starter_descriptors,0.94,1.2407999999999995
2360,group_element_set,500,rf_starter_descriptors,1.82,1.3487999999999998
2363,group_element_set,500,rf_starter_descriptors,1.2,1.4116000000000002
2380,group_element_set,500,rf_starter_descriptors,2.3,1.3839999999999997
2385,group_element_set,500,rf_starter_descriptors,1.78,1.2879999999999998
2386,group_element_set,500,rf_starter_descriptors,1.12,0.9672000000000002
2396,group_element_set,500,rf_starter_descriptors,0.94,1.13
2397,group_element_set,500,rf_starter_descriptors,1.1,1.5348
2408,group_element_set,500,rf_starter_descriptors,1.26,1.1483999999999994
2412,group_element_set,500,rf_starter_descriptors,0.78,1.6908
2414,group_element_set,500,rf_starter_descriptors,0.76,1.3596000000000001
2424,group_element_set,500,rf_starter_descriptors,1.3,1.4804
2453,group_element_set,500,rf_starter_descriptors,3.1,1.6640000000000001
2485,group_element_set,500,rf_starter_descriptors,2.82,3.0307999999999997
2509,group_element_set,500,rf_starter_descriptors,0.7,1.3872
2527,group_element_set,500,rf_starter_descriptors,1.28,1.3184000000000002
2554,group_element_set,500,rf_starter_descriptors,3.26,1.8636
2569,group_element_set,500,rf_starter_descriptors,0.96,0.9835999999999998
2590,group_element_set,500,rf_starter_descriptors,1.08,1.9327999999999996
2623,group_element_set,500,rf_starter_descriptors,2.0,2.0000000000000004
2630,group_element_set,500,rf_starter_descriptors,1.0,1.8895999999999995
2632,group_element_set,500,rf_starter_descriptors,2.36,3.2199999999999993
2635,group_element_set,500,rf_starter_descriptors,2.18,1.5963999999999996
2647,group_element_set,500,rf_starter_descriptors,1.0,1.6755999999999998
2657,group_element_set,500,rf_starter_descriptors,2.44,1.9292000000000002
2665,group_element_set,500,rf_starter_descriptors,0.76,2.1987999999999994
2690,group_element_set,500,rf_starter_descriptors,1.96,1.2784000000000002
2705,group_element_set,500,rf_starter_descriptors,0.6,1.1104
2715,group_element_set,500,rf_starter_descriptors,2.16,1.388
2747,group_element_set,500,rf_starter_descriptors,1.34,1.8728000000000002
2752,group_element_set,500,rf_starter_descriptors,1.44,1.0724000000000002
2764,group_element_set,500,rf_starter_descriptors,0.88,1.5684
2767,group_element_set,500,rf_starter_descriptors,1.68,1.7823999999999998
2777,group_element_set,500,rf_starter_descriptors,1.94,1.3811999999999998
2782,group_element_set,500,rf_starter_descriptors,1.24,1.4056000000000004
2792,group_element_set,500,rf_starter_descriptors,2.1,1.4807999999999995
2799,group_element_set,500,rf_starter_descriptors,1.16,0.9543999999999998
2800,group_element_set,500,rf_starter_descriptors,2.26,3.1187999999999994
2809,group_element_set,500,rf_starter_descriptors,1.64,1.2140000000000004
2812,group_element_set,500,rf_starter_descriptors,-0.58,1.3655999999999997
2826,group_element_set,500,rf_starter_descriptors,1.3,1.5639999999999994
2836,group_element_set,500,rf_starter_descriptors,2.6,1.4432
2837,group_element_set,500,rf_starter_descriptors,1.1,1.1311999999999995
2843,group_element_set,500,rf_starter_descriptors,1.88,1.410399999999999
2849,group_element_set,500,rf_starter_descriptors,1.2,1.5884
2854,group_element_set,500,rf_starter_descriptors,1.88,1.2572
2856,group_element_set,500,rf_starter_descriptors,1.4,1.8211999999999995
2864,group_element_set,500,rf_starter_descriptors,1.82,1.9768000000000006
2872,group_element_set,500,rf_starter_descriptors,-0.06,1.583199999999999
2881,group_element_set,500,rf_starter_descriptors,1.26,1.3140000000000003
2882,group_element_set,500,rf_starter_descriptors,1.08,1.0112
2886,group_element_set,500,rf_starter_descriptors,0.94,1.2380000000000007
2887,group_element_set,500,rf_starter_descriptors,1.94,1.2695999999999998
2912,group_element_set,500,rf_starter_descriptors,0.6,1.5635999999999997
2916,group_element_set,500,rf_starter_descriptors,1.56,1.1779999999999997
2928,group_element_set,500,rf_starter_descriptors,1.46,1.7012
2935,group_element_set,500,rf_starter_descriptors,1.48,1.5176000000000003
2957,group_element_set,500,rf_starter_descriptors,1.06,1.0528
2972,group_element_set,500,rf_starter_descriptors,0.1,1.9536000000000002
2975,group_element_set,500,rf_starter_descriptors,0.56,1.1475999999999997
2976,group_element_set,500,rf_starter_descriptors,1.06,1.8071999999999995
2993,group_element_set,500,rf_starter_descriptors,1.58,1.391599999999999
2997,group_element_set,500,rf_starter_descriptors,0.5,1.1371999999999995
3002,group_element_set,500,rf_starter_descriptors,2.16,1.6640000000000001
3012,group_element_set,500,rf_starter_descriptors,0.9,1.2352
3025,group_element_set,500,rf_starter_descriptors,2.42,1.9788
3037,group_element_set,500,rf_starter_descriptors,1.48,1.3971999999999998
3048,group_element_set,500,rf_starter_descriptors,0.48,1.5968
3050,group_element_set,500,rf_starter_descriptors,1.32,1.2023999999999997
3063,group_element_set,500,rf_starter_descriptors,1.28,2.1087999999999996
3106,group_element_set,500,rf_starter_descriptors,0.42,0.8991999999999999
3115,group_element_set,500,rf_starter_descriptors,1.6,0.8752000000000004
3127,group_element_set,500,rf_starter_descriptors,1.04,1.1703999999999999
3129,group_element_set,500,rf_starter_descriptors,2.04,2.1328000000000005
3130,group_element_set,500,rf_starter_descriptors,2.76,2.3868000000000005
3141,group_element_set,500,rf_starter_descriptors,0.74,1.1755999999999995
3143,group_element_set,500,rf_starter_descriptors,1.82,2.0835999999999997
3186,group_element_set,500,rf_starter_descriptors,1.62,1.7615999999999996
3207,group_element_set,500,rf_starter_descriptors,1.38,1.1211999999999995
3238,group_element_set,500,rf_starter_descriptors,1.54,1.3976
3240,group_element_set,500,rf_starter_descriptors,1.08,1.5976
3253,group_element_set,500,rf_starter_descriptors,1.56,1.2528
3255,group_element_set,500,rf_starter_descriptors,0.2,0.7748000000000002
3272,group_element_set,500,rf_starter_descriptors,2.32,1.8032000000000008
3286,group_element_set,500,rf_starter_descriptors,0.7,1.4712
3293,group_element_set,500,rf_starter_descriptors,1.5,1.0927999999999998
3296,group_element_set,500,rf_starter_descriptors,1.52,1.1036
3309,group_element_set,500,rf_starter_descriptors,0.64,1.4579999999999997
3310,group_element_set,500,rf_starter_descriptors,0.94,1.8432000000000008
3314,group_element_set,500,rf_starter_descriptors,1.4,0.9531999999999998
3342,group_element_set,500,rf_starter_descriptors,0.78,1.1168000000000005
3356,group_element_set,500,rf_starter_descriptors,0.76,0.9223999999999997
3359,group_element_set,500,rf_starter_descriptors,0.5,1.4439999999999995
3360,group_element_set,500,rf_starter_descriptors,1.26,1.1168000000000002
3362,group_element_set,500,rf_starter_descriptors,0.92,1.1915999999999993
3374,group_element_set,500,rf_starter_descriptors,0.84,1.1136
3389,group_element_set,500,rf_starter_descriptors,1.28,1.1635999999999993
3390,group_element_set,500,rf_starter_descriptors,0.82,0.9875999999999996
3400,group_element_set,500,rf_starter_descriptors,1.18,1.3419999999999999
3402,group_element_set,500,rf_starter_descriptors,0.96,1.1119999999999997
3407,group_element_set,500,rf_starter_descriptors,1.04,0.9944
3423,group_element_set,500,rf_starter_descriptors,1.32,1.5652000000000006
3430,group_element_set,500,rf_starter_descriptors,3.12,1.9344
3434,group_element_set,500,rf_starter_descriptors,1.52,1.2960000000000005
3465,group_element_set,500,rf_starter_descriptors,1.8,1.2532000000000005
3498,group_element_set,500,rf_starter_descriptors,1.08,1.298
3532,group_element_set,500,rf_starter_descriptors,1.06,1.5252000000000003
3557,group_element_set,500,rf_starter_descriptors,0.6,1.538
3558,group_element_set,500,rf_starter_descriptors,0.78,0.9856
3569,group_element_set,500,rf_starter_descriptors,1.42,1.1192000000000002
3570,group_element_set,500,rf_starter_descriptors,2.66,2.0187999999999993
3582,group_element_set,500,rf_starter_descriptors,1.68,1.4979999999999998
3584,group_element_set,500,rf_starter_descriptors,1.16,1.8484
3585,group_element_set,500,rf_starter_descriptors,2.34,1.6792000000000002
3627,group_element_set,500,rf_starter_descriptors,1.34,0.774
3647,group_element_set,500,rf_starter_descriptors,2.0,1.9295999999999998
3653,group_element_set,500,rf_starter_descriptors,0.66,1.0911999999999995
3662,group_element_set,500,rf_starter_descriptors,3.2,2.1668000000000003
3671,group_element_set,500,rf_starter_descriptors,1.22,1.8360000000000005
3684,group_element_set,500,rf_starter_descriptors,0.36,1.2888000000000002
3685,group_element_set,500,rf_starter_descriptors,1.54,1.9115999999999997
3686,group_element_set,500,rf_starter_descriptors,1.16,1.432
3687,group_element_set,500,rf_starter_descriptors,2.08,1.0495999999999994
3688,group_element_set,500,rf_starter_descriptors,1.38,1.0864000000000003
3689,group_element_set,500,rf_starter_descriptors,1.7,1.2708000000000004
3691,group_element_set,500,rf_starter_descriptors,0.7,1.7744000000000006
3696,group_element_set,500,rf_starter_descriptors,1.58,1.1439999999999995
3714,group_element_set,500,rf_starter_descriptors,3.48,1.7132000000000005
3717,group_element_set,500,rf_starter_descriptors,2.54,2.376800000000001
3721,group_element_set,500,rf_starter_descriptors,1.94,1.4911999999999994
3725,group_element_set,500,rf_starter_descriptors,2.88,2.800000000000003
3734,group_element_set,500,rf_starter_descriptors,1.22,1.0356
3741,group_element_set,500,rf_starter_descriptors,1.48,1.6307999999999998
3742,group_element_set,500,rf_starter_descriptors,2.3,1.6604000000000005
3750,group_element_set,500,rf_starter_descriptors,2.88,1.0428
3756,group_element_set,500,rf_starter_descriptors,2.14,1.6640000000000006
3768,group_element_set,500,rf_starter_descriptors,1.14,1.8035999999999996
3770,group_element_set,500,rf_starter_descriptors,0.74,1.1111999999999993
3800,group_element_set,500,rf_starter_descriptors,0.82,1.2756
3822,group_element_set,500,rf_starter_descriptors,2.2,1.5400000000000003
3823,group_element_set,500,rf_starter_descriptors,1.7,1.6803999999999994
3837,group_element_set,500,rf_starter_descriptors,0.78,1.1832000000000003
3839,group_element_set,500,rf_starter_descriptors,0.94,1.1875999999999995
3856,group_element_set,500,rf_starter_descriptors,1.34,1.8127999999999995
3865,group_element_set,500,rf_starter_descriptors,1.94,1.9644000000000006
3892,group_element_set,500,rf_starter_descriptors,1.12,1.6619999999999993
3904,group_element_set,500,rf_starter_descriptors,1.2,1.219200000000001
3914,group_element_set,500,rf_starter_descriptors,0.48,0.8636000000000001
3923,group_element_set,500,rf_starter_descriptors,2.4,2.5343999999999998
3927,group_element_set,500,rf_starter_descriptors,1.3,1.2844000000000002
3948,group_element_set,500,rf_starter_descriptors,1.78,2.896800000000001
3961,group_element_set,500,rf_starter_descriptors,-0.1,1.2300000000000002
3962,group_element_set,500,rf_starter_descriptors,1.72,1.5612000000000001
3984,group_element_set,500,rf_starter_descriptors,1.2,2.4132
3995,group_element_set,500,rf_starter_descriptors,1.36,1.2727999999999997
4000,group_element_set,500,rf_starter_descriptors,1.2,1.6960000000000002
4005,group_element_set,500,rf_starter_descriptors,1.62,2.178400000000001
4021,group_element_set,500,rf_starter_descriptors,1.32,1.1619999999999995
4043,group_element_set,500,rf_starter_descriptors,2.9,1.7339999999999995
4044,group_element_set,500,rf_starter_descriptors,0.8,1.588
4050,group_element_set,500,rf_starter_descriptors,2.0,1.5171999999999994
4057,group_element_set,500,rf_starter_descriptors,1.52,1.6692000000000002
4073,group_element_set,500,rf_starter_descriptors,1.98,1.2603999999999995
4074,group_element_set,500,rf_starter_descriptors,0.6,1.2335999999999998
4075,group_element_set,500,rf_starter_descriptors,1.62,1.4975999999999996
4083,group_element_set,500,rf_starter_descriptors,0.98,1.0728000000000002
4106,group_element_set,500,rf_starter_descriptors,1.44,2.5280000000000005
4135,group_element_set,500,rf_starter_descriptors,1.04,1.0939999999999999
4144,group_element_set,500,rf_starter_descriptors,0.98,1.1883999999999997
4202,group_element_set,500,rf_starter_descriptors,1.22,1.0124
4211,group_element_set,500,rf_starter_descriptors,1.18,1.1479999999999995
4221,group_element_set,500,rf_starter_descriptors,0.94,2.2191999999999994
4227,group_element_set,500,rf_starter_descriptors,3.98,0.9688000000000001
4238,group_element_set,500,rf_starter_descriptors,1.04,1.1924
4244,group_element_set,500,rf_starter_descriptors,0.24,0.9947999999999999
4255,group_element_set,500,rf_starter_descriptors,1.16,1.5983999999999998
4256,group_element_set,500,rf_starter_descriptors,1.64,1.146
4257,group_element_set,500,rf_starter_descriptors,1.34,1.2268000000000006
4277,group_element_set,500,rf_starter_descriptors,2.26,1.8152
4281,group_element_set,500,rf_starter_descriptors,2.34,1.1340000000000001
4284,group_element_set,500,rf_starter_descriptors,0.7,1.4387999999999999
4289,group_element_set,500,rf_starter_descriptors,3.66,1.6352000000000002
4346,group_element_set,500,rf_starter_descriptors,2.1,2.6708
4349,group_element_set,500,rf_starter_descriptors,1.4,1.8264000000000002
4352,group_element_set,500,rf_starter_descriptors,1.8,2.3635999999999995
4376,group_element_set,500,rf_starter_descriptors,2.62,2.7956000000000008
4412,group_element_set,500,rf_starter_descriptors,0.18,1.5196
4429,group_element_set,500,rf_starter_descriptors,2.0,1.3576
4438,group_element_set,500,rf_starter_descriptors,3.22,2.238
4440,group_element_set,500,rf_starter_descriptors,1.18,1.0984
4444,group_element_set,500,rf_starter_descriptors,1.42,1.24
4445,group_element_set,500,rf_starter_descriptors,0.48,1.0208000000000004
4458,group_element_set,500,rf_starter_descriptors,1.36,1.2088
4467,group_element_set,500,rf_starter_descriptors,3.02,2.2196000000000002
4472,group_element_set,500,rf_starter_descriptors,2.24,1.6835999999999998
4482,group_element_set,500,rf_starter_descriptors,1.1,1.2444000000000006
4491,group_element_set,500,rf_starter_descriptors,1.02,0.8496000000000002
4504,group_element_set,500,rf_starter_descriptors,1.62,1.1591999999999996
4512,group_element_set,500,rf_starter_descriptors,1.34,1.1176000000000001
4520,group_element_set,500,rf_starter_descriptors,1.52,1.9671999999999994
4522,group_element_set,500,rf_starter_descriptors,1.38,1.0404000000000002
4526,group_element_set,500,rf_starter_descriptors,1.84,1.3639999999999994
4535,group_element_set,500,rf_starter_descriptors,0.74,1.386
4545,group_element_set,500,rf_starter_descriptors,0.8,1.2111999999999994
4547,group_element_set,500,rf_starter_descriptors,0.44,1.3259999999999992
4551,group_element_set,500,rf_starter_descriptors,1.32,1.3255999999999994
4555,group_element_set,500,rf_starter_descriptors,0.94,1.2371999999999994
4569,group_element_set,500,rf_starter_descriptors,1.64,1.6480000000000004
4573,group_element_set,500,rf_starter_descriptors,1.04,1.4003999999999996
4574,group_element_set,500,rf_starter_descriptors,0.38,1.3732000000000004
4581,group_element_set,500,rf_starter_descriptors,1.96,1.9411999999999998
4615,group_element_set,500,rf_starter_descriptors,2.3,1.3968000000000003
4631,group_element_set,500,rf_starter_descriptors,1.74,1.0996000000000006
4632,group_element_set,500,rf_starter_descriptors,0.84,1.2028000000000005
4642,group_element_set,500,rf_starter_descriptors,0.84,0.6344000000000003
4671,group_element_set,500,rf_starter_descriptors,1.02,1.3675999999999997
4673,group_element_set,500,rf_starter_descriptors,4.34,2.4676000000000022
4676,group_element_set,500,rf_starter_descriptors,0.68,1.2575999999999992
4677,group_element_set,500,rf_starter_descriptors,1.42,1.7104000000000008
4684,group_element_set,500,rf_starter_descriptors,1.08,1.4143999999999999
4720,group_element_set,500,rf_starter_descriptors,3.54,1.6024000000000003
4724,group_element_set,500,rf_starter_descriptors,1.8,1.2688
4730,group_element_set,500,rf_starter_descriptors,1.54,1.4548000000000008
4744,group_element_set,500,rf_starter_descriptors,1.96,1.8407999999999993
4753,group_element_set,500,rf_starter_descriptors,1.2,1.6147999999999996
4754,group_element_set,500,rf_starter_descriptors,1.36,1.3159999999999996
4769,group_element_set,500,rf_starter_descriptors,1.42,1.95
4781,group_element_set,500,rf_starter_descriptors,0.86,0.9920000000000004
4795,group_element_set,500,rf_starter_descriptors,1.06,0.9488000000000002
4802,group_element_set,500,rf_starter_descriptors,1.56,1.5707999999999995
4806,group_element_set,500,rf_starter_descriptors,1.52,1.0524
4812,group_element_set,500,rf_starter_descriptors,0.6,1.4295999999999998
4814,group_element_set,500,rf_starter_descriptors,1.66,1.0611999999999997
4828,group_element_set,500,rf_starter_descriptors,1.78,1.6388
4830,group_element_set,500,rf_starter_descriptors,2.1,2.383600000000001
4873,group_element_set,500,rf_starter_descriptors,2.58,1.4264000000000001
4877,group_element_set,500,rf_starter_descriptors,2.32,2.4600000000000004
4894,group_element_set,500,rf_starter_descriptors,1.18,2.1580000000000004
4899,group_element_set,500,rf_starter_descriptors,1.08,0.9807999999999999
4901,group_element_set,500,rf_starter_descriptors,0.96,1.1736000000000006
4903,group_element_set,500,rf_starter_descriptors,1.58,1.3228
4908,group_element_set,500,rf_starter_descriptors,1.02,1.0668
4919,group_element_set,500,rf_starter_descriptors,3.86,2.3120000000000003
4932,group_element_set,500,rf_starter_descriptors,2.0,1.9307999999999998
4937,group_element_set,500,rf_starter_descriptors,1.7,1.1063999999999998
4941,group_element_set,500,rf_starter_descriptors,1.68,1.39
4945,group_element_set,500,rf_starter_descriptors,3.12,2.836800000000003
4947,group_element_set,500,rf_starter_descriptors,1.24,1.1700000000000002
4965,group_element_set,500,rf_starter_descriptors,1.22,1.1871999999999998
4982,group_element_set,500,rf_starter_descriptors,0.58,1.4911999999999999
4983,group_element_set,500,rf_starter_descriptors,2.7,2.502400000000002
4997,group_element_set,500,rf_starter_descriptors,1.28,0.9751999999999998
5001,group_element_set,500,rf_starter_descriptors,1.42,1.3188000000000002
5010,group_element_set,500,rf_starter_descriptors,2.52,1.9672000000000005
5012,group_element_set,500,rf_starter_descriptors,1.58,1.1404
5025,group_element_set,500,rf_starter_descriptors,1.04,1.1547999999999998
5041,group_element_set,500,rf_starter_descriptors,1.8,1.1027999999999998
5043,group_element_set,500,rf_starter_descriptors,1.08,1.6659999999999995
5057,group_element_set,500,rf_starter_descriptors,1.44,1.2976
5058,group_element_set,500,rf_starter_descriptors,0.7,2.2004
5064,group_element_set,500,rf_starter_descriptors,1.28,1.3903999999999996
5096,group_element_set,500,rf_starter_descriptors,4.36,1.504
5097,group_element_set,500,rf_starter_descriptors,2.5,2.020800000000001
5101,group_element_set,500,rf_starter_descriptors,3.74,3.1236
5108,group_element_set,500,rf_starter_descriptors,1.22,1.5496
5152,group_element_set,500,rf_starter_descriptors,2.76,2.692000000000002
5156,group_element_set,500,rf_starter_descriptors,1.4,1.3967999999999996
5167,group_element_set,500,rf_starter_descriptors,0.56,0.9372
5176,group_element_set,500,rf_starter_descriptors,1.46,0.9264000000000001
5182,group_element_set,500,rf_starter_descriptors,2.68,1.6416000000000002
5184,group_element_set,500,rf_starter_descriptors,1.18,1.1772
5197,group_element_set,500,rf_starter_descriptors,1.74,2.0276
5208,group_element_set,500,rf_starter_descriptors,1.14,1.3556000000000004
5213,group_element_set,500,rf_starter_descriptors,2.1,1.3935999999999995
5216,group_element_set,500,rf_starter_descriptors,2.08,1.7295999999999991
5218,group_element_set,500,rf_starter_descriptors,0.62,1.1175999999999997
5219,group_element_set,500,rf_starter_descriptors,2.18,1.5508000000000002
5258,group_element_set,500,rf_starter_descriptors,0.86,1.8788
5268,group_element_set,500,rf_starter_descriptors,1.58,1.4172
5275,group_element_set,500,rf_starter_descriptors,0.46,2.0880000000000005
5279,group_element_set,500,rf_starter_descriptors,2.48,1.8284
5282,group_element_set,500,rf_starter_descriptors,2.06,1.1300000000000003
5288,group_element_set,500,rf_starter_descriptors,2.68,1.886
5295,group_element_set,500,rf_starter_descriptors,1.04,1.0739999999999994
5298,group_element_set,500,rf_starter_descriptors,1.5,2.608
5331,group_element_set,500,rf_starter_descriptors,1.56,1.6651999999999998
5335,group_element_set,500,rf_starter_descriptors,0.62,0.9960000000000001
5339,group_element_set,500,rf_starter_descriptors,2.64,1.4715999999999996
5348,group_element_set,500,rf_starter_descriptors,1.68,1.820000000000001
5350,group_element_set,500,rf_starter_descriptors,0.42,0.9884
5356,group_element_set,500,rf_starter_descriptors,1.84,1.2112
5372,group_element_set,500,rf_starter_descriptors,2.42,1.2912000000000003
5389,group_element_set,500,rf_starter_descriptors,0.96,1.6775999999999995
5393,group_element_set,500,rf_starter_descriptors,3.0,1.3139999999999998
5403,group_element_set,500,rf_starter_descriptors,1.9,1.7491999999999999
5409,group_element_set,500,rf_starter_descriptors,0.66,1.1584000000000003
5412,group_element_set,500,rf_starter_descriptors,0.72,1.0760000000000003
5415,group_element_set,500,rf_starter_descriptors,2.38,2.2968
5455,group_element_set,500,rf_starter_descriptors,1.04,1.0224000000000002
5481,group_element_set,500,rf_starter_descriptors,1.56,0.8388000000000001
5491,group_element_set,500,rf_starter_descriptors,1.12,1.4467999999999992
5492,group_element_set,500,rf_starter_descriptors,1.88,0.8543999999999996
5493,group_element_set,500,rf_starter_descriptors,1.46,1.7944000000000009
5497,group_element_set,500,rf_starter_descriptors,0.9,2.0988000000000007
5503,group_element_set,500,rf_starter_descriptors,1.48,1.1484000000000003
5509,group_element_set,500,rf_starter_descriptors,1.22,1.1291999999999998
5512,group_element_set,500,rf_starter_descriptors,1.18,2.0440000000000005
5514,group_element_set,500,rf_starter_descriptors,1.48,1.1315999999999997
5535,group_element_set,500,rf_starter_descriptors,1.34,1.4068000000000007
5574,group_element_set,500,rf_starter_descriptors,1.62,1.2183999999999997
5599,group_element_set,500,rf_starter_descriptors,1.32,1.7139999999999997
5602,group_element_set,500,rf_starter_descriptors,0.68,1.197599999999999
5616,group_element_set,500,rf_starter_descriptors,1.02,1.0224000000000002
5617,group_element_set,500,rf_starter_descriptors,0.92,1.4972000000000003
5635,group_element_set,500,rf_starter_descriptors,1.08,1.7912000000000003
5669,group_element_set,500,rf_starter_descriptors,2.6,1.8132
5680,group_element_set,500,rf_starter_descriptors,0.34,1.1320000000000003
5688,group_element_set,500,rf_starter_descriptors,1.4,1.0948
5706,group_element_set,500,rf_starter_descriptors,0.74,1.2244
5727,group_element_set,500,rf_starter_descriptors,0.3,1.136
5729,group_element_set,500,rf_starter_descriptors,1.08,1.2268
5748,group_element_set,500,rf_starter_descriptors,1.12,1.0236000000000003
5757,group_element_set,500,rf_starter_descriptors,1.38,1.1236000000000006
5769,group_element_set,500,rf_starter_descriptors,0.94,0.9188000000000001
5822,group_element_set,500,rf_starter_descriptors,1.02,1.2899999999999998
5839,group_element_set,500,rf_starter_descriptors,0.88,1.4507999999999999
5842,group_element_set,500,rf_starter_descriptors,2.62,1.9280000000000002
5857,group_element_set,500,rf_starter_descriptors,1.44,2.2143999999999995
5868,group_element_set,500,rf_starter_descriptors,2.3,1.4276
5883,group_element_set,500,rf_starter_descriptors,1.5,2.4160000000000004
5905,group_element_set,500,rf_starter_descriptors,1.3,1.3739999999999994
5906,group_element_set,500,rf_starter_descriptors,3.06,1.7016
5909,group_element_set,500,rf_starter_descriptors,1.16,1.2147999999999997
5910,group_element_set,500,rf_starter_descriptors,0.3,1.2256000000000007
5930,group_element_set,500,rf_starter_descriptors,2.4,1.6912000000000003
5939,group_element_set,500,rf_starter_descriptors,1.06,1.1847999999999994
5950,group_element_set,500,rf_starter_descriptors,0.4,1.4975999999999998
5960,group_element_set,500,rf_starter_descriptors,0.32,1.4055999999999997
5996,group_element_set,500,rf_starter_descriptors,0.5,1.1112
6002,group_element_set,500,rf_starter_descriptors,0.68,1.5444000000000002
6009,group_element_set,500,rf_starter_descriptors,1.72,1.3192
6015,group_element_set,500,rf_starter_descriptors,2.98,3.075600000000001
6021,group_element_set,500,rf_starter_descriptors,0.68,1.8855999999999997
6052,group_element_set,500,rf_starter_descriptors,1.52,1.1627999999999994
6056,group_element_set,500,rf_starter_descriptors,1.8,1.8212000000000002
6057,group_element_set,500,rf_starter_descriptors,2.42,1.8116000000000003
6062,group_element_set,500,rf_starter_descriptors,1.96,1.7168
6065,group_element_set,500,rf_starter_descriptors,1.42,1.8496000000000006
6081,group_element_set,500,rf_starter_descriptors,1.18,1.4788000000000003
6092,group_element_set,500,rf_starter_descriptors,0.54,1.2679999999999998
6103,group_element_set,500,rf_starter_descriptors,1.46,1.4800000000000002
6106,group_element_set,500,rf_starter_descriptors,1.1,1.4239999999999997
6114,group_element_set,500,rf_starter_descriptors,1.94,1.1352
6121,group_element_set,500,rf_starter_descriptors,0.86,1.1296000000000004
6123,group_element_set,500,rf_starter_descriptors,1.58,1.9752000000000007
6137,group_element_set,500,rf_starter_descriptors,0.62,1.4068
6142,group_element_set,500,rf_starter_descriptors,0.68,1.0612000000000001
6156,group_element_set,500,rf_starter_descriptors,0.7,1.5127999999999997
6164,group_element_set,500,rf_starter_descriptors,1.12,0.996
6167,group_element_set,500,rf_starter_descriptors,1.5,1.3344000000000003
6177,group_element_set,500,rf_starter_descriptors,2.68,2.3615999999999997
6189,group_element_set,500,rf_starter_descriptors,1.02,0.9192000000000001
6192,group_element_set,500,rf_starter_descriptors,0.54,1.6220000000000008
6220,group_element_set,500,rf_starter_descriptors,1.14,1.176
6234,group_element_set,500,rf_starter_descriptors,1.38,1.2491999999999996
6268,group_element_set,500,rf_starter_descriptors,0.82,1.3171999999999997
6281,group_element_set,500,rf_starter_descriptors,0.76,2.0027999999999997
6285,group_element_set,500,rf_starter_descriptors,0.8,0.9567999999999997
6293,group_element_set,500,rf_starter_descriptors,1.36,1.5995999999999995
6294,group_element_set,500,rf_starter_descriptors,0.74,1.7840000000000003
6295,group_element_set,500,rf_starter_descriptors,1.78,1.8848000000000003
6314,group_element_set,500,rf_starter_descriptors,1.12,1.3436
6324,group_element_set,500,rf_starter_descriptors,2.0,1.7468000000000006
6343,group_element_set,500,rf_starter_descriptors,1.82,1.4939999999999996
6352,group_element_set,500,rf_starter_descriptors,1.08,1.5307999999999995
6354,group_element_set,500,rf_starter_descriptors,2.1,1.3951999999999993
6357,group_element_set,500,rf_starter_descriptors,1.46,1.9927999999999997
6358,group_element_set,500,rf_starter_descriptors,1.08,1.8012000000000001
6403,group_element_set,500,rf_starter_descriptors,1.6,1.3408000000000002
6407,group_element_set,500,rf_starter_descriptors,2.7,2.975200000000001
6415,group_element_set,500,rf_starter_descriptors,1.76,2.1952000000000003
6420,group_element_set,500,rf_starter_descriptors,1.16,1.2183999999999997
6421,group_element_set,500,rf_starter_descriptors,1.64,1.226
6432,group_element_set,500,rf_starter_descriptors,0.8,1.2668000000000004
6444,group_element_set,500,rf_starter_descriptors,0.48,1.1368000000000003
6448,group_element_set,500,rf_starter_descriptors,2.88,1.6344000000000003
6451,group_element_set,500,rf_starter_descriptors,1.3,1.8175999999999997
6453,group_element_set,500,rf_starter_descriptors,1.0,1.4732000000000003
6466,group_element_set,500,rf_starter_descriptors,0.36,1.2476000000000005
6471,group_element_set,500,rf_starter_descriptors,1.44,0.9672000000000002
6472,group_element_set,500,rf_starter_descriptors,0.62,1.3044000000000002
6476,group_element_set,500,rf_starter_descriptors,1.72,1.5548
6480,group_element_set,500,rf_starter_descriptors,1.38,1.1048
6483,group_element_set,500,rf_starter_descriptors,1.58,1.9196000000000006
6488,group_element_set,500,rf_starter_descriptors,1.44,1.3124
6493,group_element_set,500,rf_starter_descriptors,1.98,1.7603999999999997
6497,group_element_set,500,rf_starter_descriptors,1.9,1.1959999999999997
6506,group_element_set,500,rf_starter_descriptors,0.62,1.6139999999999992
6508,group_element_set,500,rf_starter_descriptors,0.78,1.2103999999999997
6511,group_element_set,500,rf_starter_descriptors,0.84,1.2111999999999998
6512,group_element_set,500,rf_starter_descriptors,1.72,1.4848000000000001
6514,group_element_set,500,rf_starter_descriptors,0.62,1.5404000000000002
6516,group_element_set,500,rf_starter_descriptors,2.78,2.3860000000000006
6541,group_element_set,500,rf_starter_descriptors,2.48,1.6783999999999997
6586,group_element_set,500,rf_starter_descriptors,0.56,1.3324
6590,group_element_set,500,rf_starter_descriptors,0.22,1.2603999999999993
6630,group_element_set,500,rf_starter_descriptors,1.66,1.7255999999999998
6631,group_element_set,500,rf_starter_descriptors,0.88,1.7735999999999998
6646,group_element_set,500,rf_starter_descriptors,0.96,1.6712000000000002
6647,group_element_set,500,rf_starter_descriptors,1.48,1.2627999999999995
6665,group_element_set,500,rf_starter_descriptors,2.22,1.5048
6680,group_element_set,500,rf_starter_descriptors,1.66,1.1511999999999998
6708,group_element_set,500,rf_starter_descriptors,1.2,1.0791999999999995
6734,group_element_set,500,rf_starter_descriptors,2.22,1.4068
6741,group_element_set,500,rf_starter_descriptors,1.78,1.7456000000000005
6746,group_element_set,500,rf_starter_descriptors,0.66,1.1459999999999995
6750,group_element_set,500,rf_starter_descriptors,2.52,1.8215999999999999
6753,group_element_set,500,rf_starter_descriptors,1.3,1.5196
6761,group_element_set,500,rf_starter_descriptors,1.5,1.4124
6769,group_element_set,500,rf_starter_descriptors,2.16,1.6400000000000006
6810,group_element_set,500,rf_starter_descriptors,2.5,1.6388
6824,group_element_set,500,rf_starter_descriptors,1.22,1.2636
6826,group_element_set,500,rf_starter_descriptors,0.38,1.1780000000000002
6829,group_element_set,500,rf_starter_descriptors,1.42,1.5720000000000005
6836,group_element_set,500,rf_starter_descriptors,0.36,1.3235999999999992
6842,group_element_set,500,rf_starter_descriptors,1.88,1.685599999999999
6846,group_element_set,500,rf_starter_descriptors,0.56,1.2831999999999997
6850,group_element_set,500,rf_starter_descriptors,0.66,1.6604000000000008
6871,group_element_set,500,rf_starter_descriptors,1.94,1.5136
6884,group_element_set,500,rf_starter_descriptors,0.96,1.3967999999999992
6913,group_element_set,500,rf_starter_descriptors,1.5,1.3803999999999996
6925,group_element_set,500,rf_starter_descriptors,2.38,1.8876
6940,group_element_set,500,rf_starter_descriptors,3.4,2.1432000000000007
6955,group_element_set,500,rf_starter_descriptors,0.92,1.0743999999999998
6975,group_element_set,500,rf_starter_descriptors,1.38,1.1983999999999995
6987,group_element_set,500,rf_starter_descriptors,1.22,1.0708000000000002
7010,group_element_set,500,rf_starter_descriptors,1.48,1.6627999999999998
7017,group_element_set,500,rf_starter_descriptors,0.92,1.6987999999999994
7027,group_element_set,500,rf_starter_descriptors,0.66,0.9627999999999998
7035,group_element_set,500,rf_starter_descriptors,2.26,1.2228000000000006
7058,group_element_set,500,rf_starter_descriptors,2.1,2.2504
7061,group_element_set,500,rf_starter_descriptors,0.7,0.9396000000000001
7065,group_element_set,500,rf_starter_descriptors,1.78,1.2759999999999996
7067,group_element_set,500,rf_starter_descriptors,1.16,1.1983999999999997
7069,group_element_set,500,rf_starter_descriptors,2.08,1.5139999999999998
7073,group_element_set,500,rf_starter_descriptors,2.4,1.6028000000000002
7074,group_element_set,500,rf_starter_descriptors,0.76,1.5124000000000002
7088,group_element_set,500,rf_starter_descriptors,0.94,1.5244000000000002
7128,group_element_set,500,rf_starter_descriptors,0.46,1.1384
7166,group_element_set,500,rf_starter_descriptors,1.14,1.7896
7178,group_element_set,500,rf_starter_descriptors,1.5,1.1708000000000005
7193,group_element_set,500,rf_starter_descriptors,2.14,0.9396000000000001
7194,group_element_set,500,rf_starter_descriptors,1.44,1.464
7209,group_element_set,500,rf_starter_descriptors,2.06,1.6495999999999988
7218,group_element_set,500,rf_starter_descriptors,0.78,1.1884000000000003
7221,group_element_set,500,rf_starter_descriptors,0.0,1.5048000000000001
7234,group_element_set,500,rf_starter_descriptors,1.36,1.1083999999999998
7255,group_element_set,500,rf_starter_descriptors,3.12,2.567599999999999
7256,group_element_set,500,rf_starter_descriptors,0.46,1.4776000000000002
7257,group_element_set,500,rf_starter_descriptors,0.16,1.2028
7264,group_element_set,500,rf_starter_descriptors,1.7,1.5555999999999996
7265,group_element_set,500,rf_starter_descriptors,2.1,1.342
7281,group_element_set,500,rf_starter_descriptors,1.08,1.1511999999999996
7282,group_element_set,500,rf_starter_descriptors,0.76,1.0896000000000003
7285,group_element_set,500,rf_starter_descriptors,0.84,1.3071999999999997
7293,group_element_set,500,rf_starter_descriptors,1.0,1.1223999999999992
7297,group_element_set,500,rf_starter_descriptors,2.26,2.1439999999999997
7303,group_element_set,500,rf_starter_descriptors,2.3,2.170400000000001
7320,group_element_set,500,rf_starter_descriptors,0.94,1.058
7334,group_element_set,500,rf_starter_descriptors,1.2,1.6111999999999997
7342,group_element_set,500,rf_starter_descriptors,2.34,1.8111999999999993
7346,group_element_set,500,rf_starter_descriptors,2.84,1.4576000000000005
7347,group_element_set,500,rf_starter_descriptors,1.78,1.0464
7349,group_element_set,500,rf_starter_descriptors,1.4,2.3316
7359,group_element_set,500,rf_starter_descriptors,1.84,1.5743999999999994
7365,group_element_set,500,rf_starter_descriptors,1.26,0.9756000000000004
7375,group_element_set,500,rf_starter_descriptors,1.96,1.6724000000000003
7396,group_element_set,500,rf_starter_descriptors,1.82,1.9728000000000003
7405,group_element_set,500,rf_starter_descriptors,1.6,1.5427999999999997
7410,group_element_set,500,rf_starter_descriptors,1.76,1.2384000000000002
7415,group_element_set,500,rf_starter_descriptors,-0.24,1.1831999999999996
7425,group_element_set,500,rf_starter_descriptors,0.26,1.2359999999999995
7456,group_element_set,500,rf_starter_descriptors,1.86,1.4199999999999995
7458,group_element_set,500,rf_starter_descriptors,1.38,1.6732
7469,group_element_set,500,rf_starter_descriptors,1.98,1.5748000000000002
7482,group_element_set,500,rf_starter_descriptors,1.14,1.5863999999999998
7500,group_element_set,500,rf_starter_descriptors,1.36,1.1395999999999997
7516,group_element_set,500,rf_starter_descriptors,1.44,1.5495999999999994
7543,group_element_set,500,rf_starter_descriptors,1.7,1.8567999999999998
7547,group_element_set,500,rf_starter_descriptors,1.52,1.8732000000000004
7549,group_element_set,500,rf_starter_descriptors,1.5,1.3351999999999997
7560,group_element_set,500,rf_starter_descriptors,2.36,2.2516000000000007
7570,group_element_set,500,rf_starter_descriptors,0.34,1.3403999999999996
7571,group_element_set,500,rf_starter_descriptors,1.44,1.3879999999999992
7591,group_element_set,500,rf_starter_descriptors,1.54,2.2544000000000004
7598,group_element_set,500,rf_starter_descriptors,1.0,1.4675999999999996
7603,group_element_set,500,rf_starter_descriptors,1.82,1.0447999999999997
7608,group_element_set,500,rf_starter_descriptors,1.44,1.1480000000000001
7617,group_element_set,500,rf_starter_descriptors,1.18,1.6199999999999997
7621,group_element_set,500,rf_starter_descriptors,1.5,1.39
7643,group_element_set,500,rf_starter_descriptors,1.02,1.5143999999999993
7652,group_element_set,500,rf_starter_descriptors,1.48,1.7803999999999995
7664,group_element_set,500,rf_starter_descriptors,1.54,1.1780000000000002
7670,group_element_set,500,rf_starter_descriptors,1.54,1.4947999999999997
7679,group_element_set,500,rf_starter_descriptors,3.62,2.721600000000002
7690,group_element_set,500,rf_starter_descriptors,1.7,1.1239999999999999
7725,group_element_set,500,rf_starter_descriptors,1.12,1.3040000000000003
7728,group_element_set,500,rf_starter_descriptors,1.34,1.4424000000000001
7729,group_element_set,500,rf_starter_descriptors,1.48,1.3048
7737,group_element_set,500,rf_starter_descriptors,0.84,1.1924
7745,group_element_set,500,rf_starter_descriptors,1.5,0.7295999999999998
7747,group_element_set,500,rf_starter_descriptors,1.2,1.1843999999999992
7752,group_element_set,500,rf_starter_descriptors,1.68,1.7096
7773,group_element_set,500,rf_starter_descriptors,1.26,1.5416000000000005
7777,group_element_set,500,rf_starter_descriptors,1.28,0.9680000000000004
7780,group_element_set,500,rf_starter_descriptors,1.64,1.2459999999999998
7791,group_element_set,500,rf_starter_descriptors,1.58,1.714
7803,group_element_set,500,rf_starter_descriptors,1.1,1.4248000000000005
7812,group_element_set,500,rf_starter_descriptors,1.58,1.7904000000000004
7828,group_element_set,500,rf_starter_descriptors,1.84,1.5012
7830,group_element_set,500,rf_starter_descriptors,1.76,1.2452
7870,group_element_set,500,rf_starter_descriptors,1.08,1.3311999999999997
7890,group_element_set,500,rf_starter_descriptors,1.38,1.7704000000000004
7891,group_element_set,500,rf_starter_descriptors,1.98,1.528
7894,group_element_set,500,rf_starter_descriptors,2.84,2.4792000000000014
7898,group_element_set,500,rf_starter_descriptors,1.04,1.8156000000000008
7899,group_element_set,500,rf_starter_descriptors,1.0,1.6400000000000003
7908,group_element_set,500,rf_starter_descriptors,0.8,1.5039999999999996
7924,group_element_set,500,rf_starter_descriptors,0.88,1.243999999999999
7927,group_element_set,500,rf_starter_descriptors,1.48,1.8156000000000005
7929,group_element_set,500,rf_starter_descriptors,1.34,1.5659999999999996
7941,group_element_set,500,rf_starter_descriptors,0.76,1.4175999999999995
7955,group_element_set,500,rf_starter_descriptors,1.54,1.3755999999999995
7966,group_element_set,500,rf_starter_descriptors,1.08,1.6803999999999997
7973,group_element_set,500,rf_starter_descriptors,1.8,1.7727999999999995
7982,group_element_set,500,rf_starter_descriptors,1.72,1.3972
8022,group_element_set,500,rf_starter_descriptors,3.26,1.7911999999999997
8025,group_element_set,500,rf_starter_descriptors,2.32,1.735200000000001
8028,group_element_set,500,rf_starter_descriptors,1.32,1.4391999999999996
8035,group_element_set,500,rf_starter_descriptors,1.54,1.5732000000000006
8060,group_element_set,500,rf_starter_descriptors,1.26,1.7431999999999996
8068,group_element_set,500,rf_starter_descriptors,2.3,2.2840000000000016
8073,group_element_set,500,rf_starter_descriptors,0.94,1.1895999999999995
8074,group_element_set,500,rf_starter_descriptors,0.8,1.2852
8086,group_element_set,500,rf_starter_descriptors,0.9,1.5535999999999999
8094,group_element_set,500,rf_starter_descriptors,2.98,1.8703999999999998
8108,group_element_set,500,rf_starter_descriptors,1.56,1.6795999999999993
8125,group_element_set,500,rf_starter_descriptors,2.46,3.105199999999999
8146,group_element_set,500,rf_starter_descriptors,0.5,2.491199999999999
8148,group_element_set,500,rf_starter_descriptors,1.42,0.9444000000000001
8180,group_element_set,500,rf_starter_descriptors,1.94,1.2699999999999994
8183,group_element_set,500,rf_starter_descriptors,1.84,1.7472
8187,group_element_set,500,rf_starter_descriptors,1.52,1.6860000000000002
8189,group_element_set,500,rf_starter_descriptors,2.32,1.7619999999999998
8197,group_element_set,500,rf_starter_descriptors,1.48,1.0408000000000002
8207,group_element_set,500,rf_starter_descriptors,0.76,1.0032
8227,group_element_set,500,rf_starter_descriptors,1.88,1.5639999999999998
8229,group_element_set,500,rf_starter_descriptors,1.66,1.2188000000000003
8242,group_element_set,500,rf_starter_descriptors,1.24,1.2687999999999997
8246,group_element_set,500,rf_starter_descriptors,2.04,2.1471999999999998
8263,group_element_set,500,rf_starter_descriptors,1.66,1.7084000000000001
8269,group_element_set,500,rf_starter_descriptors,1.3,1.8168
8276,group_element_set,500,rf_starter_descriptors,0.86,1.4488000000000005
8289,group_element_set,500,rf_starter_descriptors,0.86,1.1179999999999999
8296,group_element_set,500,rf_starter_descriptors,2.66,1.6128
8299,group_element_set,500,rf_starter_descriptors,1.7,1.59
8313,group_element_set,500,rf_starter_descriptors,4.04,3.0964
8329,group_element_set,500,rf_starter_descriptors,1.46,1.7052
8335,group_element_set,500,rf_starter_descriptors,1.94,1.8252000000000002
8343,group_element_set,500,rf_starter_descriptors,0.7,1.1907999999999992
8345,group_element_set,500,rf_starter_descriptors,0.52,1.2732
8350,group_element_set,500,rf_starter_descriptors,2.2,1.3803999999999998
8359,group_element_set,500,rf_starter_descriptors,1.88,1.3252000000000002
8367,group_element_set,500,rf_starter_descriptors,0.62,1.4672
8377,group_element_set,500,rf_starter_descriptors,0.66,1.5391999999999997
8387,group_element_set,500,rf_starter_descriptors,1.42,0.9883999999999996
8402,group_element_set,500,rf_starter_descriptors,0.96,1.9708000000000008
8409,group_element_set,500,rf_starter_descriptors,1.32,1.3551999999999997
8414,group_element_set,500,rf_starter_descriptors,1.38,1.3584
8422,group_element_set,500,rf_starter_descriptors,1.0,0.9420000000000002
8446,group_element_set,500,rf_starter_descriptors,2.52,2.1308
8455,group_element_set,500,rf_starter_descriptors,0.7,1.3531999999999997
8457,group_element_set,500,rf_starter_descriptors,0.56,0.6360000000000003
8458,group_element_set,500,rf_starter_descriptors,1.32,1.8576000000000008
8464,group_element_set,500,rf_starter_descriptors,2.94,1.636799999999999
8487,group_element_set,500,rf_starter_descriptors,0.52,1.3852000000000002
8508,group_element_set,500,rf_starter_descriptors,0.76,1.1392000000000004
8511,group_element_set,500,rf_starter_descriptors,1.3,1.1400000000000001
8517,group_element_set,500,rf_starter_descriptors,1.54,1.5623999999999996
8537,group_element_set,500,rf_starter_descriptors,2.18,1.3028000000000006
8538,group_element_set,500,rf_starter_descriptors,1.38,1.1831999999999991
8568,group_element_set,500,rf_starter_descriptors,1.86,1.5736
8586,group_element_set,500,rf_starter_descriptors,1.82,0.9743999999999999
8608,group_element_set,500,rf_starter_descriptors,1.16,0.9316
8610,group_element_set,500,rf_starter_descriptors,0.54,1.136
8615,group_element_set,500,rf_starter_descriptors,0.34,0.75
8618,group_element_set,500,rf_starter_descriptors,1.98,1.7268000000000006
8620,group_element_set,500,rf_starter_descriptors,1.84,1.2639999999999998
8634,group_element_set,500,rf_starter_descriptors,1.68,1.8724000000000007
8636,group_element_set,500,rf_starter_descriptors,1.32,1.3611999999999995
8663,group_element_set,500,rf_starter_descriptors,1.76,1.7055999999999996
8678,group_element_set,500,rf_starter_descriptors,1.92,1.8784
8682,group_element_set,500,rf_starter_descriptors,0.92,1.7843999999999998
8683,group_element_set,500,rf_starter_descriptors,0.36,1.1800000000000002
8695,group_element_set,500,rf_starter_descriptors,0.86,1.0927999999999998
8697,group_element_set,500,rf_starter_descriptors,1.38,1.1216000000000002
8708,group_element_set,500,rf_starter_descriptors,1.3,1.5932
8712,group_element_set,500,rf_starter_descriptors,1.32,0.9540000000000001
8713,group_element_set,500,rf_starter_descriptors,0.1,1.3000000000000003
8718,group_element_set,500,rf_starter_descriptors,1.14,0.8540000000000002
8720,group_element_set,500,rf_starter_descriptors,1.48,1.0352
8723,group_element_set,500,rf_starter_descriptors,0.9,1.0007999999999995
8738,group_element_set,500,rf_starter_descriptors,0.82,1.0971999999999997
8744,group_element_set,500,rf_starter_descriptors,0.76,1.4068
8746,group_element_set,500,rf_starter_descriptors,0.22,1.074
8768,group_element_set,500,rf_starter_descriptors,1.76,1.3607999999999993
8779,group_element_set,500,rf_starter_descriptors,3.88,3.1000000000000005
8782,group_element_set,500,rf_starter_descriptors,2.46,1.3372000000000002
8783,group_element_set,500,rf_starter_descriptors,2.8,1.8212000000000006
8785,group_element_set,500,rf_starter_descriptors,1.56,1.7236000000000005
8797,group_element_set,500,rf_starter_descriptors,0.12,1.8175999999999997
8814,group_element_set,500,rf_starter_descriptors,2.56,1.9048000000000003
8843,group_element_set,500,rf_starter_descriptors,1.52,2.2724
8868,group_element_set,500,rf_starter_descriptors,1.18,1.7808000000000004
8878,group_element_set,500,rf_starter_descriptors,1.72,1.435599999999999
8916,group_element_set,500,rf_starter_descriptors,1.22,1.2364000000000002
8923,group_element_set,500,rf_starter_descriptors,1.42,1.1251999999999995
8925,group_element_set,500,rf_starter_descriptors,3.94,3.2295999999999996
8927,group_element_set,500,rf_starter_descriptors,1.34,1.4164
8948,group_element_set,500,rf_starter_descriptors,1.26,1.0535999999999996
8953,group_element_set,500,rf_starter_descriptors,1.66,1.638
8973,group_element_set,500,rf_starter_descriptors,1.3,1.2056000000000002
8984,group_element_set,500,rf_starter_descriptors,1.12,1.0415999999999992
8986,group_element_set,500,rf_starter_descriptors,1.02,1.2408
8992,group_element_set,500,rf_starter_descriptors,1.48,1.6095999999999997
9003,group_element_set,500,rf_starter_descriptors,2.14,1.5847999999999995
9012,group_element_set,500,rf_starter_descriptors,1.38,1.0775999999999997
9013,group_element_set,500,rf_starter_descriptors,0.88,1.7464
9032,group_element_set,500,rf_starter_descriptors,1.72,1.7552000000000003
9038,group_element_set,500,rf_starter_descriptors,1.9,1.3772000000000002
9045,group_element_set,500,rf_starter_descriptors,1.28,1.4468
9049,group_element_set,500,rf_starter_descriptors,0.78,1.2063999999999997
9062,group_element_set,500,rf_starter_descriptors,1.14,1.2759999999999996
9065,group_element_set,500,rf_starter_descriptors,2.76,2.2120000000000006
9080,group_element_set,500,rf_starter_descriptors,1.34,1.7511999999999999
9096,group_element_set,500,rf_starter_descriptors,1.1,1.1755999999999998
9100,group_element_set,500,rf_starter_descriptors,2.8,1.5511999999999997
9105,group_element_set,500,rf_starter_descriptors,1.2,1.0664000000000002
9113,group_element_set,500,rf_starter_descriptors,1.38,0.9411999999999998
9115,group_element_set,500,rf_starter_descriptors,0.54,0.9812000000000005
9124,group_element_set,500,rf_starter_descriptors,0.72,1.2951999999999995
9129,group_element_set,500,rf_starter_descriptors,3.7,2.8380000000000005
9139,group_element_set,500,rf_starter_descriptors,1.0,1.4392000000000005
9154,group_element_set,500,rf_starter_descriptors,1.78,2.4472000000000027
9191,group_element_set,500,rf_starter_descriptors,1.64,1.56
9196,group_element_set,500,rf_starter_descriptors,1.72,1.3207999999999993
9207,group_element_set,500,rf_starter_descriptors,3.52,2.3179999999999996
9212,group_element_set,500,rf_starter_descriptors,1.36,1.2259999999999998
9221,group_element_set,500,rf_starter_descriptors,0.92,1.1580000000000001
9238,group_element_set,500,rf_starter_descriptors,1.22,2.5691999999999995
9240,group_element_set,500,rf_starter_descriptors,1.84,1.5928
9242,group_element_set,500,rf_starter_descriptors,4.08,2.1404
9254,group_element_set,500,rf_starter_descriptors,2.2,1.7952000000000004
9277,group_element_set,500,rf_starter_descriptors,0.42,2.0012
9283,group_element_set,500,rf_starter_descriptors,0.14,1.7607999999999995
9285,group_element_set,500,rf_starter_descriptors,2.48,2.7460000000000004
9294,group_element_set,500,rf_starter_descriptors,1.84,2.414800000000001
9296,group_element_set,500,rf_starter_descriptors,1.58,1.6100000000000003
9307,group_element_set,500,rf_starter_descriptors,0.7,1.4507999999999999
9312,group_element_set,500,rf_starter_descriptors,2.3,3.1123999999999996
9322,group_element_set,500,rf_starter_descriptors,2.1,1.0656
9340,group_element_set,500,rf_starter_descriptors,2.3,1.902
9341,group_element_set,500,rf_starter_descriptors,1.8,1.841599999999999
9351,group_element_set,500,rf_starter_descriptors,1.12,1.0176000000000003
9352,group_element_set,500,rf_starter_descriptors,2.14,1.8980000000000004
9353,group_element_set,500,rf_starter_descriptors,3.02,1.0119999999999996
9356,group_element_set,500,rf_starter_descriptors,1.12,1.8051999999999992
9357,group_element_set,500,rf_starter_descriptors,0.82,1.3503999999999998
9376,group_element_set,500,rf_starter_descriptors,1.98,1.2112
9377,group_element_set,500,rf_starter_descriptors,2.26,1.3316
9396,group_element_set,500,rf_starter_descriptors,0.82,1.0324
9397,group_element_set,500,rf_starter_descriptors,4.24,2.2672
9422,group_element_set,500,rf_starter_descriptors,1.7,1.4787999999999997
9425,group_element_set,500,rf_starter_descriptors,2.4,2.0279999999999996
9432,group_element_set,500,rf_starter_descriptors,0.68,1.1051999999999997
9438,group_element_set,500,rf_starter_descriptors,2.58,1.6156000000000004
9439,group_element_set,500,rf_starter_descriptors,0.92,2.1116000000000006
9440,group_element_set,500,rf_starter_descriptors,1.22,1.7348000000000006
9465,group_element_set,500,rf_starter_descriptors,1.72,1.3267999999999998
9480,group_element_set,500,rf_starter_descriptors,2.14,1.6836000000000002
9481,group_element_set,500,rf_starter_descriptors,2.92,2.1068
9506,group_element_set,500,rf_starter_descriptors,1.52,2.881200000000001
9508,group_element_set,500,rf_starter_descriptors,2.16,1.8391999999999995
9519,group_element_set,500,rf_starter_descriptors,1.58,1.7264
9520,group_element_set,500,rf_starter_descriptors,1.28,1.618
9522,group_element_set,500,rf_starter_descriptors,2.18,1.7140000000000004
9529,group_element_set,500,rf_starter_descriptors,0.68,1.6084000000000003
9535,group_element_set,500,rf_starter_descriptors,1.78,1.5935999999999992
9536,group_element_set,500,rf_starter_descriptors,1.16,2.3648000000000002
9538,group_element_set,500,rf_starter_descriptors,0.56,1.2760000000000007
9561,group_element_set,500,rf_starter_descriptors,1.7,1.4695999999999998
9572,group_element_set,500,rf_starter_descriptors,1.28,1.2091999999999996
9576,group_element_set,500,rf_starter_descriptors,1.58,2.2384000000000004
9601,group_element_set,500,rf_starter_descriptors,1.4,1.6351999999999998
9602,group_element_set,500,rf_starter_descriptors,1.92,2.0539999999999994
9607,group_element_set,500,rf_starter_descriptors,0.2,0.9091999999999999
9608,group_element_set,500,rf_starter_descriptors,0.12,1.6452
9610,group_element_set,500,rf_starter_descriptors,0.46,1.1764000000000003
9614,group_element_set,500,rf_starter_descriptors,0.38,1.1807999999999996
9615,group_element_set,500,rf_starter_descriptors,1.86,1.6444000000000003
9623,group_element_set,500,rf_starter_descriptors,1.52,2.8180000000000005
9635,group_element_set,500,rf_starter_descriptors,1.94,1.3763999999999996
9638,group_element_set,500,rf_starter_descriptors,1.96,1.5419999999999998
9647,group_element_set,500,rf_starter_descriptors,0.42,1.9023999999999994
9657,group_element_set,500,rf_starter_descriptors,1.64,1.4276
9694,group_element_set,500,rf_starter_descriptors,2.66,2.9552000000000014
9722,group_element_set,500,rf_starter_descriptors,2.82,1.0672000000000001
9734,group_element_set,500,rf_starter_descriptors,1.26,1.7400000000000002
9773,group_element_set,500,rf_starter_descriptors,0.62,1.3460000000000003
9781,group_element_set,500,rf_starter_descriptors,2.1,1.5951999999999997
9800,group_element_set,500,rf_starter_descriptors,0.86,2.169600000000001
9803,group_element_set,500,rf_starter_descriptors,0.64,0.9588
9808,group_element_set,500,rf_starter_descriptors,1.78,1.1840000000000002
9809,group_element_set,500,rf_starter_descriptors,2.34,1.911599999999999
9812,group_element_set,500,rf_starter_descriptors,0.82,1.122
9826,group_element_set,500,rf_starter_descriptors,1.8,2.060399999999999
9832,group_element_set,500,rf_starter_descriptors,2.5,1.6395999999999997
9835,group_element_set,500,rf_starter_descriptors,1.64,0.7716000000000001
9837,group_element_set,500,rf_starter_descriptors,1.38,0.9768000000000002
9842,group_element_set,500,rf_starter_descriptors,1.1,1.4484000000000001
9852,group_element_set,500,rf_starter_descriptors,1.72,1.5867999999999993
9861,group_element_set,500,rf_starter_descriptors,1.6,1.4515999999999998
9871,group_element_set,500,rf_starter_descriptors,1.26,1.1831999999999998
9888,group_element_set,500,rf_starter_descriptors,1.22,1.8467999999999998
9903,group_element_set,500,rf_starter_descriptors,1.48,1.006
9906,group_element_set,500,rf_starter_descriptors,1.78,1.4516
9908,group_element_set,500,rf_starter_descriptors,0.66,1.4715999999999994
9912,group_element_set,500,rf_starter_descriptors,1.46,1.5420000000000003
9933,group_element_set,500,rf_starter_descriptors,1.92,2.9648000000000008
9936,group_element_set,500,rf_starter_descriptors,2.74,1.8948000000000005
10000,group_element_set,500,rf_starter_descriptors,1.9,2.1311999999999993
10009,group_element_set,500,rf_starter_descriptors,1.14,1.9135999999999995
10019,group_element_set,500,rf_starter_descriptors,0.68,2.4231999999999996
10020,group_element_set,500,rf_starter_descriptors,0.56,1.1844000000000003
10033,group_element_set,500,rf_starter_descriptors,1.36,1.5655999999999994
10037,group_element_set,500,rf_starter_descriptors,0.7,1.0240000000000002
10057,group_element_set,500,rf_starter_descriptors,0.24,1.0020000000000004
10077,group_element_set,500,rf_starter_descriptors,0.66,1.138
10079,group_element_set,500,rf_starter_descriptors,2.1,1.3919999999999997
10084,group_element_set,500,rf_starter_descriptors,1.32,2.0012000000000008
10087,group_element_set,500,rf_starter_descriptors,2.54,1.6296000000000004
10088,group_element_set,500,rf_starter_descriptors,1.8,1.1204000000000003
10095,group_element_set,500,rf_starter_descriptors,2.16,1.2608000000000004
10096,group_element_set,500,rf_starter_descriptors,1.66,1.5863999999999996
10103,group_element_set,500,rf_starter_descriptors,2.58,1.8639999999999994
10123,group_element_set,500,rf_starter_descriptors,1.7,2.331200000000001
10135,group_element_set,500,rf_starter_descriptors,1.8,1.2491999999999996
10138,group_element_set,500,rf_starter_descriptors,2.0,1.2836
10146,group_element_set,500,rf_starter_descriptors,1.16,1.1472000000000002
10158,group_element_set,500,rf_starter_descriptors,0.64,1.1355999999999995
10160,group_element_set,500,rf_starter_descriptors,2.1,1.4159999999999997
10163,group_element_set,500,rf_starter_descriptors,1.86,1.3823999999999996
10169,group_element_set,500,rf_starter_descriptors,2.36,1.6487999999999996
10173,group_element_set,500,rf_starter_descriptors,1.5,1.8980000000000004
10174,group_element_set,500,rf_starter_descriptors,1.9,2.4923999999999995
10191,group_element_set,500,rf_starter_descriptors,2.38,1.3839999999999995
10199,group_element_set,500,rf_starter_descriptors,0.52,1.8260000000000012
10208,group_element_set,500,rf_starter_descriptors,1.14,1.6932000000000003
10211,group_element_set,500,rf_starter_descriptors,0.98,1.3155999999999992
10212,group_element_set,500,rf_starter_descriptors,2.48,2.0756000000000006
10216,group_element_set,500,rf_starter_descriptors,1.54,1.6507999999999998
10218,group_element_set,500,rf_starter_descriptors,2.34,1.3995999999999997
10258,group_element_set,500,rf_starter_descriptors,1.78,2.599600000000001
10259,group_element_set,500,rf_starter_descriptors,1.62,1.5724
10282,group_element_set,500,rf_starter_descriptors,0.62,1.4424000000000001
10284,group_element_set,500,rf_starter_descriptors,1.82,2.2620000000000013
10305,group_element_set,500,rf_starter_descriptors,2.18,1.1488
10306,group_element_set,500,rf_starter_descriptors,0.98,1.1235999999999995
10318,group_element_set,500,rf_starter_descriptors,0.5,1.1268000000000002
10326,group_element_set,500,rf_starter_descriptors,1.52,1.5511999999999995
10327,group_element_set,500,rf_starter_descriptors,1.44,1.8743999999999992
10331,group_element_set,500,rf_starter_descriptors,1.3,0.7916000000000003
10340,group_element_set,500,rf_starter_descriptors,1.6,1.702
10348,group_element_set,500,rf_starter_descriptors,1.88,1.4395999999999993
10350,group_element_set,500,rf_starter_descriptors,1.3,1.4024
10351,group_element_set,500,rf_starter_descriptors,1.66,1.4431999999999996
10374,group_element_set,500,rf_starter_descriptors,0.92,1.1027999999999998
10377,group_element_set,500,rf_starter_descriptors,1.04,1.5352000000000001
10384,group_element_set,500,rf_starter_descriptors,0.8,1.2111999999999998
10389,group_element_set,500,rf_starter_descriptors,0.7,1.1287999999999996
10400,group_element_set,500,rf_starter_descriptors,1.6,1.3532
10420,group_element_set,500,rf_starter_descriptors,1.42,2.396400000000001
10423,group_element_set,500,rf_starter_descriptors,1.48,1.8359999999999996
10428,group_element_set,500,rf_starter_descriptors,3.4,1.849200000000001
10461,group_element_set,500,rf_starter_descriptors,0.9,1.2383999999999995
10484,group_element_set,500,rf_starter_descriptors,0.5,1.3352000000000002
10491,group_element_set,500,rf_starter_descriptors,3.32,1.8232000000000006
10505,group_element_set,500,rf_starter_descriptors,2.26,1.869600000000001
10514,group_element_set,500,rf_starter_descriptors,1.54,1.4064000000000005
10515,group_element_set,500,rf_starter_descriptors,0.84,0.9740000000000001
10543,group_element_set,500,rf_starter_descriptors,2.42,1.2344
10580,group_element_set,500,rf_starter_descriptors,1.3,1.2164000000000006
10591,group_element_set,500,rf_starter_descriptors,1.52,1.4595999999999998
10594,group_element_set,500,rf_starter_descriptors,0.82,0.9168000000000002
10600,group_element_set,500,rf_starter_descriptors,0.8,1.1608000000000005
10605,group_element_set,500,rf_starter_descriptors,2.26,1.5203999999999993
10610,group_element_set,500,rf_starter_descriptors,1.86,1.7280000000000002
10614,group_element_set,500,rf_starter_descriptors,1.3,1.1931999999999994
10618,group_element_set,500,rf_starter_descriptors,3.44,1.5052000000000003
10619,group_element_set,500,rf_starter_descriptors,1.16,1.6372000000000002
10627,group_element_set,500,rf_starter_descriptors,1.1,1.2643999999999995
10632,group_element_set,500,rf_starter_descriptors,0.8,1.2268000000000001
10634,group_element_set,500,rf_starter_descriptors,3.68,1.8184000000000002
10639,group_element_set,500,rf_starter_descriptors,-0.16,1.0224000000000002
10644,group_element_set,500,rf_starter_descriptors,2.6,1.8728000000000007
10647,group_element_set,500,rf_starter_descriptors,1.38,1.6804
10654,group_element_set,500,rf_starter_descriptors,2.0,1.8611999999999995
10659,group_element_set,500,rf_starter_descriptors,1.6,0.8599999999999999
10660,group_element_set,500,rf_starter_descriptors,2.32,2.4256000000000006
10665,group_element_set,500,rf_starter_descriptors,1.6,2.582
10666,group_element_set,500,rf_starter_descriptors,0.18,1.2991999999999992
10667,group_element_set,500,rf_starter_descriptors,1.14,2.144
10707,group_element_set,500,rf_starter_descriptors,0.96,1.1975999999999996
10725,group_element_set,500,rf_starter_descriptors,1.2,0.8999999999999997
10729,group_element_set,500,rf_starter_descriptors,2.1,2.292800000000001
10742,group_element_set,500,rf_starter_descriptors,2.48,1.8427999999999998
10761,group_element_set,500,rf_starter_descriptors,2.82,2.1808
10780,group_element_set,500,rf_starter_descriptors,1.98,2.3763999999999994
10823,group_element_set,500,rf_starter_descriptors,1.48,1.4104
10826,group_element_set,500,rf_starter_descriptors,2.72,1.9719999999999993
10841,group_element_set,500,rf_starter_descriptors,0.9,0.9392
10846,group_element_set,500,rf_starter_descriptors,1.02,1.672
10851,group_element_set,500,rf_starter_descriptors,1.28,1.1619999999999997
10854,group_element_set,500,rf_starter_descriptors,0.3,1.2516
10866,group_element_set,500,rf_starter_descriptors,4.18,1.661200000000001
10868,group_element_set,500,rf_starter_descriptors,2.14,1.6076000000000006
10873,group_element_set,500,rf_starter_descriptors,1.22,1.3503999999999996
10894,group_element_set,500,rf_starter_descriptors,1.58,1.6308000000000005
10902,group_element_set,500,rf_starter_descriptors,2.8,3.0632
10912,group_element_set,500,rf_starter_descriptors,0.22,1.1076000000000001
10925,group_element_set,500,rf_starter_descriptors,1.56,2.7451999999999996
10926,group_element_set,500,rf_starter_descriptors,0.48,1.12
10927,group_element_set,500,rf_starter_descriptors,0.28,1.5456000000000005
10956,group_element_set,500,rf_starter_descriptors,1.24,1.1964000000000001
10971,group_element_set,500,rf_starter_descriptors,2.1,1.3616000000000001
10977,group_element_set,500,rf_starter_descriptors,1.2,0.7048000000000003
10983,group_element_set,500,rf_starter_descriptors,2.3,1.0499999999999998
10987,group_element_set,500,rf_starter_descriptors,1.42,0.9196
10991,group_element_set,500,rf_starter_descriptors,0.44,1.4971999999999996
10996,group_element_set,500,rf_starter_descriptors,0.64,1.6876
11031,group_element_set,500,rf_starter_descriptors,0.56,1.5319999999999998
11033,group_element_set,500,rf_starter_descriptors,1.62,1.6391999999999993
11035,group_element_set,500,rf_starter_descriptors,0.94,1.1931999999999998
11037,group_element_set,500,rf_starter_descriptors,1.54,1.746799999999999
11040,group_element_set,500,rf_starter_descriptors,1.26,1.5583999999999998
11042,group_element_set,500,rf_starter_descriptors,1.04,0.8916000000000004
11044,group_element_set,500,rf_starter_descriptors,1.02,1.7144
11065,group_element_set,500,rf_starter_descriptors,0.94,1.5091999999999997
11082,group_element_set,500,rf_starter_descriptors,1.22,1.3056
11095,group_element_set,500,rf_starter_descriptors,0.1,1.1655999999999997
11102,group_element_set,500,rf_starter_descriptors,0.4,1.0148000000000001
11107,group_element_set,500,rf_starter_descriptors,0.48,1.331599999999999
11109,group_element_set,500,rf_starter_descriptors,1.64,2.223599999999999
11113,group_element_set,500,rf_starter_descriptors,1.2,1.0975999999999997
11115,group_element_set,500,rf_starter_descriptors,1.14,1.1360000000000001
11148,group_element_set,500,rf_starter_descriptors,1.36,0.9083999999999999
11163,group_element_set,500,rf_starter_descriptors,2.8,2.2996000000000008
11190,group_element_set,500,rf_starter_descriptors,1.64,1.2196
11196,group_element_set,500,rf_starter_descriptors,1.04,1.4511999999999998
11201,group_element_set,500,rf_starter_descriptors,1.54,1.694
11212,group_element_set,500,rf_starter_descriptors,2.6,1.838000000000001
11227,group_element_set,500,rf_starter_descriptors,3.36,1.6540000000000006
11230,group_element_set,500,rf_starter_descriptors,0.12,1.4472000000000003
11231,group_element_set,500,rf_starter_descriptors,1.38,1.5512000000000004
11267,group_element_set,500,rf_starter_descriptors,0.78,1.5600000000000003
11268,group_element_set,500,rf_starter_descriptors,-0.04,1.0224
11274,group_element_set,500,rf_starter_descriptors,1.64,2.0148000000000006
11277,group_element_set,500,rf_starter_descriptors,1.2,1.3899999999999997
11285,group_element_set,500,rf_starter_descriptors,1.36,1.7008
11289,group_element_set,500,rf_starter_descriptors,1.94,1.6636000000000004
11301,group_element_set,500,rf_starter_descriptors,1.88,1.3075999999999997
11311,group_element_set,500,rf_starter_descriptors,1.88,1.4504
11323,group_element_set,500,rf_starter_descriptors,1.5,2.09
11326,group_element_set,500,rf_starter_descriptors,1.08,1.6111999999999997
11332,group_element_set,500,rf_starter_descriptors,1.46,0.9936000000000004
11334,group_element_set,500,rf_starter_descriptors,1.74,1.0999999999999999
11342,group_element_set,500,rf_starter_descriptors,2.16,2.6284000000000014
11349,group_element_set,500,rf_starter_descriptors,2.2,0.9136000000000002
11362,group_element_set,500,rf_starter_descriptors,1.92,1.3019999999999998
11368,group_element_set,500,rf_starter_descriptors,0.76,1.1607999999999996
11385,group_element_set,500,rf_starter_descriptors,1.54,1.7744000000000002
11387,group_element_set,500,rf_starter_descriptors,0.66,1.1688000000000003
11390,group_element_set,500,rf_starter_descriptors,1.46,1.1632
11398,group_element_set,500,rf_starter_descriptors,0.98,1.1343999999999996
11417,group_element_set,500,rf_starter_descriptors,1.66,1.3244000000000005
11418,group_element_set,500,rf_starter_descriptors,1.86,1.4876000000000005
11433,group_element_set,500,rf_starter_descriptors,0.46,1.0159999999999996
11443,group_element_set,500,rf_starter_descriptors,0.48,0.7228
11451,group_element_set,500,rf_starter_descriptors,1.24,1.2591999999999999
11452,group_element_set,500,rf_starter_descriptors,2.02,1.8636
11456,group_element_set,500,rf_starter_descriptors,1.04,1.4175999999999995
11458,group_element_set,500,rf_starter_descriptors,0.8,1.4531999999999998
11466,group_element_set,500,rf_starter_descriptors,2.54,2.1439999999999997
11468,group_element_set,500,rf_starter_descriptors,1.88,1.5164
11472,group_element_set,500,rf_starter_descriptors,2.96,1.5259999999999994
11482,group_element_set,500,rf_starter_descriptors,0.86,1.1628
11484,group_element_set,500,rf_starter_descriptors,1.52,1.8423999999999991
11487,group_element_set,500,rf_starter_descriptors,1.04,1.5943999999999994
11490,group_element_set,500,rf_starter_descriptors,1.62,1.4175999999999995
11500,group_element_set,500,rf_starter_descriptors,0.74,1.2963999999999993
11515,group_element_set,500,rf_starter_descriptors,0.66,1.2099999999999995
11516,group_element_set,500,rf_starter_descriptors,1.34,0.8984000000000002
11519,group_element_set,500,rf_starter_descriptors,1.62,1.7239999999999998
11520,group_element_set,500,rf_starter_descriptors,0.58,1.2975999999999994
11527,group_element_set,500,rf_starter_descriptors,2.8,3.0336000000000003
11529,group_element_set,500,rf_starter_descriptors,2.7,2.7980000000000005
11538,group_element_set,500,rf_starter_descriptors,0.46,0.9779999999999996
11540,group_element_set,500,rf_starter_descriptors,2.1,1.5932000000000002
11589,group_element_set,500,rf_starter_descriptors,1.06,1.7660000000000005
11592,group_element_set,500,rf_starter_descriptors,1.14,1.528
11593,group_element_set,500,rf_starter_descriptors,1.42,1.4072
11601,group_element_set,500,rf_starter_descriptors,0.52,1.2160000000000009
11614,group_element_set,500,rf_starter_descriptors,1.2,1.5452000000000001
11621,group_element_set,500,rf_starter_descriptors,1.02,1.1571999999999998
11624,group_element_set,500,rf_starter_descriptors,1.44,1.7984000000000002
11628,group_element_set,500,rf_starter_descriptors,1.5,1.3507999999999998
11634,group_element_set,500,rf_starter_descriptors,0.96,1.6791999999999996
11639,group_element_set,500,rf_starter_descriptors,1.0,1.0315999999999994
11649,group_element_set,500,rf_starter_descriptors,1.2,1.1731999999999998
11659,group_element_set,500,rf_starter_descriptors,2.4,1.5175999999999998
11661,group_element_set,500,rf_starter_descriptors,1.66,1.4519999999999993
11665,group_element_set,500,rf_starter_descriptors,1.5,1.5668
11669,group_element_set,500,rf_starter_descriptors,1.2,1.2379999999999995
11696,group_element_set,500,rf_starter_descriptors,2.64,1.986
11697,group_element_set,500,rf_starter_descriptors,2.12,1.6299999999999997
11699,group_element_set,500,rf_starter_descriptors,1.3,1.6044
11712,group_element_set,500,rf_starter_descriptors,1.46,1.5179999999999996
11714,group_element_set,500,rf_starter_descriptors,0.68,1.2064000000000004
11725,group_element_set,500,rf_starter_descriptors,0.8,1.8287999999999998
11753,group_element_set,500,rf_starter_descriptors,1.04,1.4588000000000005
11760,group_element_set,500,rf_starter_descriptors,1.14,1.2091999999999994
11769,group_element_set,500,rf_starter_descriptors,1.74,1.7263999999999995
11780,group_element_set,500,rf_starter_descriptors,1.22,1.3719999999999997
11786,group_element_set,500,rf_starter_descriptors,1.1,1.4031999999999996
11792,group_element_set,500,rf_starter_descriptors,3.62,1.6540000000000004
11793,group_element_set,500,rf_starter_descriptors,1.12,1.2816000000000003
11795,group_element_set,500,rf_starter_descriptors,1.64,1.1059999999999994
11806,group_element_set,500,rf_starter_descriptors,1.68,2.0660000000000007
11821,group_element_set,500,rf_starter_descriptors,1.1,1.8476000000000001
11824,group_element_set,500,rf_starter_descriptors,1.12,1.8900000000000008
11826,group_element_set,500,rf_starter_descriptors,0.48,1.2564
11827,group_element_set,500,rf_starter_descriptors,2.36,1.8020000000000007
11828,group_element_set,500,rf_starter_descriptors,1.78,1.6915999999999993
11876,group_element_set,500,rf_starter_descriptors,1.48,1.1292000000000002
11877,group_element_set,500,rf_starter_descriptors,3.02,2.0068
11910,group_element_set,500,rf_starter_descriptors,0.6,1.3308000000000004
11919,group_element_set,500,rf_starter_descriptors,1.36,1.6940000000000004
11921,group_element_set,500,rf_starter_descriptors,1.22,1.1447999999999994
11953,group_element_set,500,rf_starter_descriptors,1.02,1.9156000000000009
11956,group_element_set,500,rf_starter_descriptors,1.58,1.7192000000000014
11971,group_element_set,500,rf_starter_descriptors,2.6,1.9383999999999997
11979,group_element_set,500,rf_starter_descriptors,1.96,1.3523999999999996
12011,group_element_set,500,rf_starter_descriptors,1.4,0.9323999999999998
12021,group_element_set,500,rf_starter_descriptors,1.2,1.3536
12028,group_element_set,500,rf_starter_descriptors,0.8,1.1824000000000003
12042,group_element_set,500,rf_starter_descriptors,1.28,1.0619999999999998
12044,group_element_set,500,rf_starter_descriptors,3.0,1.306
12063,group_element_set,500,rf_starter_descriptors,0.72,0.9520000000000006
12065,group_element_set,500,rf_starter_descriptors,0.84,2.5756000000000006
12093,group_element_set,500,rf_starter_descriptors,2.08,1.6879999999999993
12118,group_element_set,500,rf_starter_descriptors,1.18,1.4011999999999998
12120,group_element_set,500,rf_starter_descriptors,0.84,2.6712000000000002
12121,group_element_set,500,rf_starter_descriptors,1.8,1.9472000000000005
12130,group_element_set,500,rf_starter_descriptors,1.08,1.2752000000000006
12136,group_element_set,500,rf_starter_descriptors,1.9,1.6588
12149,group_element_set,500,rf_starter_descriptors,1.26,1.6923999999999995
12153,group_element_set,500,rf_starter_descriptors,1.06,1.5596000000000003
12162,group_element_set,500,rf_starter_descriptors,1.88,2.2099999999999995
12166,group_element_set,500,rf_starter_descriptors,5.16,2.9016
12168,group_element_set,500,rf_starter_descriptors,1.4,1.4603999999999997
12173,group_element_set,500,rf_starter_descriptors,2.62,2.3667999999999996
12178,group_element_set,500,rf_starter_descriptors,1.46,1.2888000000000002
12191,group_element_set,500,rf_starter_descriptors,0.68,1.0639999999999996
12203,group_element_set,500,rf_starter_descriptors,-0.02,1.3688
12208,group_element_set,500,rf_starter_descriptors,0.44,1.4087999999999996
12216,group_element_set,500,rf_starter_descriptors,1.48,1.3536
12217,group_element_set,500,rf_starter_descriptors,-0.02,0.8915999999999998
12225,group_element_set,500,rf_starter_descriptors,1.68,1.4732000000000003
12264,group_element_set,500,rf_starter_descriptors,1.86,2.0516
12273,group_element_set,500,rf_starter_descriptors,0.52,1.4959999999999996
12276,group_element_set,500,rf_starter_descriptors,1.18,1.3556000000000004
12279,group_element_set,500,rf_starter_descriptors,1.48,1.0743999999999998
12310,group_element_set,500,rf_starter_descriptors,3.04,1.8048000000000008
12317,group_element_set,500,rf_starter_descriptors,0.76,1.0524
12367,group_element_set,500,rf_starter_descriptors,1.42,1.7508000000000004
12398,group_element_set,500,rf_starter_descriptors,1.24,1.4728
12406,group_element_set,500,rf_starter_descriptors,1.66,1.9516000000000002
12412,group_element_set,500,rf_starter_descriptors,1.72,1.4383999999999997
12415,group_element_set,500,rf_starter_descriptors,0.82,1.0463999999999996
12420,group_element_set,500,rf_starter_descriptors,1.1,1.4599999999999995
12452,group_element_set,500,rf_starter_descriptors,1.5,1.2816000000000005
12454,group_element_set,500,rf_starter_descriptors,0.76,1.4776000000000002
12474,group_element_set,500,rf_starter_descriptors,2.26,2.1532
12476,group_element_set,500,rf_starter_descriptors,1.34,1.5544000000000002
12482,group_element_set,500,rf_starter_descriptors,0.96,1.5844
12491,group_element_set,500,rf_starter_descriptors,0.44,0.9052000000000001
12493,group_element_set,500,rf_starter_descriptors,1.98,0.9131999999999997
12509,group_element_set,500,rf_starter_descriptors,1.42,1.2684000000000004
12521,group_element_set,500,rf_starter_descriptors,1.92,1.2064
12551,group_element_set,500,rf_starter_descriptors,1.18,1.4579999999999993
12554,group_element_set,500,rf_starter_descriptors,0.46,1.388
12562,group_element_set,500,rf_starter_descriptors,1.8,1.1987999999999992
12583,group_element_set,500,rf_starter_descriptors,1.38,0.9663999999999998
12600,group_element_set,500,rf_starter_descriptors,1.0,1.1932
12638,group_element_set,500,rf_starter_descriptors,2.92,2.599600000000001
12646,group_element_set,500,rf_starter_descriptors,0.78,1.5332
12662,group_element_set,500,rf_starter_descriptors,1.6,1.8844000000000003
12663,group_element_set,500,rf_starter_descriptors,3.32,1.9879999999999993
12667,group_element_set,500,rf_starter_descriptors,2.14,1.3035999999999996
12685,group_element_set,500,rf_starter_descriptors,1.5,1.5352000000000003
12687,group_element_set,500,rf_starter_descriptors,0.86,1.4084
12702,group_element_set,500,rf_starter_descriptors,0.52,1.8976000000000002
12717,group_element_set,500,rf_starter_descriptors,0.74,0.9619999999999999
12724,group_element_set,500,rf_starter_descriptors,1.52,1.6623999999999992
12729,group_element_set,500,rf_starter_descriptors,3.2,1.8692000000000006
12734,group_element_set,500,rf_starter_descriptors,4.42,1.6280000000000001
12736,group_element_set,500,rf_starter_descriptors,1.68,1.6411999999999998
12737,group_element_set,500,rf_starter_descriptors,1.6,1.0595999999999997
12754,group_element_set,500,rf_starter_descriptors,2.84,1.7228
12756,group_element_set,500,rf_starter_descriptors,2.02,1.3816000000000002
12760,group_element_set,500,rf_starter_descriptors,1.72,1.6872000000000003
12789,group_element_set,500,rf_starter_descriptors,1.28,1.2476000000000005
12791,group_element_set,500,rf_starter_descriptors,1.44,1.5883999999999998
12798,group_element_set,500,rf_starter_descriptors,1.58,1.7348000000000001
12809,group_element_set,500,rf_starter_descriptors,1.26,1.1391999999999998
12815,group_element_set,500,rf_starter_descriptors,1.68,1.3987999999999994
12817,group_element_set,500,rf_starter_descriptors,0.86,1.2072
12821,group_element_set,500,rf_starter_descriptors,0.8,0.9300000000000004
12837,group_element_set,500,rf_starter_descriptors,1.06,1.3815999999999997
12847,group_element_set,500,rf_starter_descriptors,2.6,2.0380000000000003
12851,group_element_set,500,rf_starter_descriptors,0.42,1.8316
12852,group_element_set,500,rf_starter_descriptors,0.82,1.2971999999999997
12858,group_element_set,500,rf_starter_descriptors,4.32,1.4404000000000001
12862,group_element_set,500,rf_starter_descriptors,1.86,1.3271999999999997
12863,group_element_set,500,rf_starter_descriptors,1.26,1.5499999999999998
12891,group_element_set,500,rf_starter_descriptors,2.14,1.9832000000000003
12917,group_element_set,500,rf_starter_descriptors,2.42,2.2068000000000008
12946,group_element_set,500,rf_starter_descriptors,1.14,1.8175999999999988
12957,group_element_set,500,rf_starter_descriptors,1.28,1.0991999999999995
12967,group_element_set,500,rf_starter_descriptors,1.8,1.2972
12977,group_element_set,500,rf_starter_descriptors,1.58,1.3107999999999995
12994,group_element_set,500,rf_starter_descriptors,1.16,1.5556
12998,group_element_set,500,rf_starter_descriptors,1.32,1.8879999999999992
13011,group_element_set,500,rf_starter_descriptors,1.14,1.3195999999999994
13020,group_element_set,500,rf_starter_descriptors,1.14,1.7116
13032,group_element_set,500,rf_starter_descriptors,0.78,0.6380000000000003
13035,group_element_set,500,rf_starter_descriptors,0.72,2.5687999999999986
13043,group_element_set,500,rf_starter_descriptors,1.52,1.1624
13044,group_element_set,500,rf_starter_descriptors,1.74,1.5144
13056,group_element_set,500,rf_starter_descriptors,1.5,1.9491999999999985
13059,group_element_set,500,rf_starter_descriptors,0.74,1.0856
13073,group_element_set,500,rf_starter_descriptors,0.92,1.7508
13085,group_element_set,500,rf_starter_descriptors,1.46,1.3803999999999998
13090,group_element_set,500,rf_starter_descriptors,1.56,1.6691999999999998
13108,group_element_set,500,rf_starter_descriptors,1.64,1.8044
13109,group_element_set,500,rf_starter_descriptors,1.14,1.3215999999999999
13113,group_element_set,500,rf_starter_descriptors,1.58,1.1427999999999998
13120,group_element_set,500,rf_starter_descriptors,1.42,1.5492000000000001
13125,group_element_set,500,rf_starter_descriptors,1.18,2.1408
13139,group_element_set,500,rf_starter_descriptors,1.12,0.8268000000000003
13143,group_element_set,500,rf_starter_descriptors,1.86,1.4856
13159,group_element_set,500,rf_starter_descriptors,1.5,0.9955999999999996
13163,group_element_set,500,rf_starter_descriptors,0.42,1.744
13179,group_element_set,500,rf_starter_descriptors,1.62,1.0675999999999997
13194,group_element_set,500,rf_starter_descriptors,1.76,1.5463999999999998
13203,group_element_set,500,rf_starter_descriptors,0.94,1.3856
13206,group_element_set,500,rf_starter_descriptors,0.76,1.3459999999999994
13215,group_element_set,500,rf_starter_descriptors,2.28,1.4867999999999997
13216,group_element_set,500,rf_starter_descriptors,1.52,1.2175999999999998
13234,group_element_set,500,rf_starter_descriptors,1.34,1.1527999999999998
13236,group_element_set,500,rf_starter_descriptors,0.72,1.1564
13240,group_element_set,500,rf_starter_descriptors,1.84,1.871999999999999
13242,group_element_set,500,rf_starter_descriptors,1.2,1.0876000000000003
13243,group_element_set,500,rf_starter_descriptors,1.96,2.3808
13246,group_element_set,500,rf_starter_descriptors,1.6,1.1207999999999998
13262,group_element_set,500,rf_starter_descriptors,4.0,1.2916000000000003
13280,group_element_set,500,rf_starter_descriptors,2.24,1.444399999999999
13311,group_element_set,500,rf_starter_descriptors,0.48,1.2795999999999994
13326,group_element_set,500,rf_starter_descriptors,1.46,1.7375999999999996
13337,group_element_set,500,rf_starter_descriptors,0.1,1.2959999999999994
13338,group_element_set,500,rf_starter_descriptors,2.92,1.7495999999999998
13344,group_element_set,500,rf_starter_descriptors,1.2,1.382
13350,group_element_set,500,rf_starter_descriptors,2.06,0.8515999999999998
13354,group_element_set,500,rf_starter_descriptors,1.42,1.8259999999999996
13358,group_element_set,500,rf_starter_descriptors,1.94,1.8652000000000002
13361,group_element_set,500,rf_starter_descriptors,2.74,2.292800000000001
13363,group_element_set,500,rf_starter_descriptors,1.68,1.5711999999999997
13391,group_element_set,500,rf_starter_descriptors,1.44,1.5612000000000004
13395,group_element_set,500,rf_starter_descriptors,1.54,2.3180000000000005
13413,group_element_set,500,rf_starter_descriptors,2.0,1.4864000000000002
13436,group_element_set,500,rf_starter_descriptors,1.36,0.9075999999999995
13480,group_element_set,500,rf_starter_descriptors,1.18,1.5811999999999993
13485,group_element_set,500,rf_starter_descriptors,1.32,1.7995999999999994
13487,group_element_set,500,rf_starter_descriptors,1.52,1.3671999999999997
13493,group_element_set,500,rf_starter_descriptors,1.1,2.6740000000000004
13499,group_element_set,500,rf_starter_descriptors,1.42,1.234
13500,group_element_set,500,rf_starter_descriptors,1.5,1.0208000000000002
13503,group_element_set,500,rf_starter_descriptors,0.32,1.3995999999999995
13510,group_element_set,500,rf_starter_descriptors,1.32,1.658
13519,group_element_set,500,rf_starter_descriptors,0.68,1.0844
13537,group_element_set,500,rf_starter_descriptors,1.36,1.5
13544,group_element_set,500,rf_starter_descriptors,1.42,1.9115999999999997
13549,group_element_set,500,rf_starter_descriptors,0.44,1.1547999999999998
13561,group_element_set,500,rf_starter_descriptors,0.2,1.2355999999999998
13588,group_element_set,500,rf_starter_descriptors,1.8,2.739600000000001
13589,group_element_set,500,rf_starter_descriptors,1.24,0.8987999999999999
13592,group_element_set,500,rf_starter_descriptors,0.42,1.337199999999999
13593,group_element_set,500,rf_starter_descriptors,0.7,0.8379999999999996
13596,group_element_set,500,rf_starter_descriptors,1.14,1.2435999999999996
13609,group_element_set,500,rf_starter_descriptors,3.66,2.643200000000001
13621,group_element_set,500,rf_starter_descriptors,2.22,1.5903999999999998
13644,group_element_set,500,rf_starter_descriptors,1.48,1.1827999999999994
13661,group_element_set,500,rf_starter_descriptors,1.92,1.8492
13670,group_element_set,500,rf_starter_descriptors,1.58,1.5959999999999996
13674,group_element_set,500,rf_starter_descriptors,1.58,1.6900000000000004
13685,group_element_set,500,rf_starter_descriptors,0.1,1.7031999999999994
13686,group_element_set,500,rf_starter_descriptors,1.08,1.7435999999999996
13693,group_element_set,500,rf_starter_descriptors,0.52,1.7067999999999999
13696,group_element_set,500,rf_starter_descriptors,2.12,1.1931999999999996
13707,group_element_set,500,rf_starter_descriptors,1.74,1.7319999999999995
13710,group_element_set,500,rf_starter_descriptors,1.34,2.2972000000000006
13711,group_element_set,500,rf_starter_descriptors,1.08,1.4111999999999998
13713,group_element_set,500,rf_starter_descriptors,3.94,1.9275999999999993
13714,group_element_set,500,rf_starter_descriptors,2.18,0.9611999999999996
13728,group_element_set,500,rf_starter_descriptors,1.1,1.3892000000000002
13752,group_element_set,500,rf_starter_descriptors,1.92,1.7736000000000007
13761,group_element_set,500,rf_starter_descriptors,1.8,1.4915999999999996
13768,group_element_set,500,rf_starter_descriptors,1.88,1.9095999999999997
13770,group_element_set,500,rf_starter_descriptors,1.58,2.0504000000000007
13780,group_element_set,500,rf_starter_descriptors,1.04,1.1320000000000001
13783,group_element_set,500,rf_starter_descriptors,1.42,1.6391999999999993
13798,group_element_set,500,rf_starter_descriptors,0.58,0.9719999999999999
13814,group_element_set,500,rf_starter_descriptors,0.36,1.3424
13824,group_element_set,500,rf_starter_descriptors,2.8,1.5271999999999997
13829,group_element_set,500,rf_starter_descriptors,1.52,1.1520000000000001
13838,group_element_set,500,rf_starter_descriptors,1.32,1.7484
13839,group_element_set,500,rf_starter_descriptors,2.14,2.379600000000001
13846,group_element_set,500,rf_starter_descriptors,1.74,1.7852000000000003
13848,group_element_set,500,rf_starter_descriptors,1.78,1.5275999999999998
13861,group_element_set,500,rf_starter_descriptors,1.42,1.1463999999999996
13865,group_element_set,500,rf_starter_descriptors,1.3,1.4564000000000008
13870,group_element_set,500,rf_starter_descriptors,1.34,1.8175999999999999
13880,group_element_set,500,rf_starter_descriptors,1.0,1.800799999999999
13881,group_element_set,500,rf_starter_descriptors,1.56,1.569600000000001
13893,group_element_set,500,rf_starter_descriptors,1.56,1.4471999999999994
13896,group_element_set,500,rf_starter_descriptors,0.36,1.1015999999999995
13903,group_element_set,500,rf_starter_descriptors,1.56,2.0652
13909,group_element_set,500,rf_starter_descriptors,0.44,1.2431999999999994
13920,group_element_set,500,rf_starter_descriptors,1.56,1.3267999999999995
13928,group_element_set,500,rf_starter_descriptors,1.06,1.6968
13930,group_element_set,500,rf_starter_descriptors,1.94,1.5452
13933,group_element_set,500,rf_starter_descriptors,0.84,1.6375999999999997
13934,group_element_set,500,rf_starter_descriptors,1.4,1.6520000000000001
13936,group_element_set,500,rf_starter_descriptors,1.16,1.7127999999999994
13941,group_element_set,500,rf_starter_descriptors,1.0,1.1351999999999998
13945,group_element_set,500,rf_starter_descriptors,1.74,1.6675999999999995
13952,group_element_set,500,rf_starter_descriptors,1.3,1.0492
13955,group_element_set,500,rf_starter_descriptors,1.9,2.063600000000001
13961,group_element_set,500,rf_starter_descriptors,0.96,1.6876000000000004
13962,group_element_set,500,rf_starter_descriptors,1.76,1.1199999999999997
13969,group_element_set,500,rf_starter_descriptors,1.94,2.1
13970,group_element_set,500,rf_starter_descriptors,1.94,1.6268000000000007
13980,group_element_set,500,rf_starter_descriptors,0.42,1.7535999999999998
13988,group_element_set,500,rf_starter_descriptors,1.78,1.6347999999999996
13996,group_element_set,500,rf_starter_descriptors,0.78,1.8360000000000003
14000,group_element_set,500,rf_starter_descriptors,0.64,1.6868000000000003
14005,group_element_set,500,rf_starter_descriptors,1.34,1.4815999999999996
14009,group_element_set,500,rf_starter_descriptors,0.5,1.3500000000000003
14010,group_element_set,500,rf_starter_descriptors,1.24,1.1667999999999996
14016,group_element_set,500,rf_starter_descriptors,1.26,1.1907999999999992
14017,group_element_set,500,rf_starter_descriptors,2.3,1.6119999999999999
14018,group_element_set,500,rf_starter_descriptors,1.14,1.2043999999999995
14020,group_element_set,500,rf_starter_descriptors,1.06,1.2816000000000003
14028,group_element_set,500,rf_starter_descriptors,2.42,1.5831999999999997
14030,group_element_set,500,rf_starter_descriptors,1.64,1.2896
14034,group_element_set,500,rf_starter_descriptors,1.52,2.5256
14062,group_element_set,500,rf_starter_descriptors,0.12,1.3988000000000003
14079,group_element_set,500,rf_starter_descriptors,0.94,1.4448000000000008
14086,group_element_set,500,rf_starter_descriptors,0.34,0.8011999999999996
14092,group_element_set,500,rf_starter_descriptors,0.42,1.7595999999999998
14104,group_element_set,500,rf_starter_descriptors,1.5,1.3503999999999994
14114,group_element_set,500,rf_starter_descriptors,2.52,1.5903999999999994
14130,group_element_set,500,rf_starter_descriptors,1.14,1.3895999999999993
14132,group_element_set,500,rf_starter_descriptors,0.7,1.5231999999999997
14135,group_element_set,500,rf_starter_descriptors,0.6,1.4524
14153,group_element_set,500,rf_starter_descriptors,0.82,1.1475999999999995
14155,group_element_set,500,rf_starter_descriptors,1.9,1.1792000000000007
14166,group_element_set,500,rf_starter_descriptors,1.7,1.3180000000000005
14169,group_element_set,500,rf_starter_descriptors,0.76,1.0928
14171,group_element_set,500,rf_starter_descriptors,0.58,1.028
14174,group_element_set,500,rf_starter_descriptors,1.46,1.0712000000000002
14179,group_element_set,500,rf_starter_descriptors,1.06,1.1720000000000006
14201,group_element_set,500,rf_starter_descriptors,1.98,1.1968
14205,group_element_set,500,rf_starter_descriptors,1.34,1.1832
14206,group_element_set,500,rf_starter_descriptors,1.6,1.3868
14229,group_element_set,500,rf_starter_descriptors,1.18,1.4215999999999998
14241,group_element_set,500,rf_starter_descriptors,0.92,1.1691999999999998
14255,group_element_set,500,rf_starter_descriptors,1.82,0.9552000000000003
14269,group_element_set,500,rf_starter_descriptors,1.8,1.7231999999999987
14292,group_element_set,500,rf_starter_descriptors,1.36,1.3255999999999992
14298,group_element_set,500,rf_starter_descriptors,1.26,2.0524
14305,group_element_set,500,rf_starter_descriptors,1.32,1.0895999999999995
14318,group_element_set,500,rf_starter_descriptors,0.28,1.3296000000000003
14320,group_element_set,500,rf_starter_descriptors,1.42,1.2060000000000004
14340,group_element_set,500,rf_starter_descriptors,1.5,1.0916000000000006
14343,group_element_set,500,rf_starter_descriptors,0.82,1.2283999999999995
14346,group_element_set,500,rf_starter_descriptors,1.06,1.2160000000000006
14350,group_element_set,500,rf_starter_descriptors,0.06,1.6459999999999997
14351,group_element_set,500,rf_starter_descriptors,4.26,1.1804000000000003
14376,group_element_set,500,rf_starter_descriptors,1.74,0.8603999999999998
14392,group_element_set,500,rf_starter_descriptors,1.94,1.2671999999999999
14395,group_element_set,500,rf_starter_descriptors,0.9,1.4824000000000004
14397,group_element_set,500,rf_starter_descriptors,1.44,1.5992
14402,group_element_set,500,rf_starter_descriptors,0.88,1.3916
14413,group_element_set,500,rf_starter_descriptors,2.74,1.9947999999999992
14417,group_element_set,500,rf_starter_descriptors,1.32,1.7099999999999995
14418,group_element_set,500,rf_starter_descriptors,0.78,0.9
14425,group_element_set,500,rf_starter_descriptors,0.66,1.6591999999999996
14433,group_element_set,500,rf_starter_descriptors,1.54,1.3959999999999997
14440,group_element_set,500,rf_starter_descriptors,2.6,1.6924000000000006
14441,group_element_set,500,rf_starter_descriptors,1.56,1.6943999999999997
14448,group_element_set,500,rf_starter_descriptors,0.68,1.2592000000000008
14459,group_element_set,500,rf_starter_descriptors,1.68,1.3843999999999994
14483,group_element_set,500,rf_starter_descriptors,2.52,1.3191999999999995
14492,group_element_set,500,rf_starter_descriptors,1.04,1.178
14495,group_element_set,500,rf_starter_descriptors,2.06,0.8540000000000002
14517,group_element_set,500,rf_starter_descriptors,1.22,1.1223999999999998
14524,group_element_set,500,rf_starter_descriptors,2.08,3.2064000000000004
14534,group_element_set,500,rf_starter_descriptors,1.14,1.3752000000000004
14552,group_element_set,500,rf_starter_descriptors,0.72,1.0155999999999998
14553,group_element_set,500,rf_starter_descriptors,2.82,2.8476000000000012
14561,group_element_set,500,rf_starter_descriptors,1.46,1.9156000000000004
14563,group_element_set,500,rf_starter_descriptors,1.54,1.5139999999999996
14565,group_element_set,500,rf_starter_descriptors,0.88,1.4916
14567,group_element_set,500,rf_starter_descriptors,1.72,1.1368000000000003
14568,group_element_set,500,rf_starter_descriptors,0.98,1.1988
14569,group_element_set,500,rf_starter_descriptors,2.72,1.4620000000000004
14571,group_element_set,500,rf_starter_descriptors,1.54,1.3148000000000002
14581,group_element_set,500,rf_starter_descriptors,1.78,1.4700000000000002
14621,group_element_set,500,rf_starter_descriptors,1.74,1.6079999999999997
14646,group_element_set,500,rf_starter_descriptors,0.58,1.2839999999999998
14654,group_element_set,500,rf_starter_descriptors,0.68,1.4331999999999994
14665,group_element_set,500,rf_starter_descriptors,2.8,2.2523999999999997
14700,group_element_set,500,rf_starter_descriptors,0.44,1.1871999999999998
14710,group_element_set,500,rf_starter_descriptors,0.78,1.3272000000000006
14714,group_element_set,500,rf_starter_descriptors,1.2,1.5236000000000007
14724,group_element_set,500,rf_starter_descriptors,1.54,1.5835999999999992
14726,group_element_set,500,rf_starter_descriptors,0.52,1.17
14732,group_element_set,500,rf_starter_descriptors,0.82,0.8911999999999994
14734,group_element_set,500,rf_starter_descriptors,1.34,1.7491999999999996
14749,group_element_set,500,rf_starter_descriptors,1.88,1.5615999999999997
14757,group_element_set,500,rf_starter_descriptors,1.26,1.4964
14777,group_element_set,500,rf_starter_descriptors,0.86,1.454
14779,group_element_set,500,rf_starter_descriptors,1.42,1.1988
14780,group_element_set,500,rf_starter_descriptors,1.6,1.1572000000000002
14788,group_element_set,500,rf_starter_descriptors,0.58,1.1887999999999999
14793,group_element_set,500,rf_starter_descriptors,0.94,0.9799999999999999
14812,group_element_set,500,rf_starter_descriptors,0.88,1.2911999999999995
14816,group_element_set,500,rf_starter_descriptors,1.12,1.5300000000000005
14847,group_element_set,500,rf_starter_descriptors,0.7,1.0560000000000003
14849,group_element_set,500,rf_starter_descriptors,3.9,1.7467999999999995
14852,group_element_set,500,rf_starter_descriptors,1.16,1.3876000000000002
14869,group_element_set,500,rf_starter_descriptors,1.06,0.9864
14887,group_element_set,500,rf_starter_descriptors,1.34,1.0768
14901,group_element_set,500,rf_starter_descriptors,1.4,1.5951999999999997
14905,group_element_set,500,rf_starter_descriptors,1.38,1.1667999999999998
14908,group_element_set,500,rf_starter_descriptors,1.14,2.0484
14918,group_element_set,500,rf_starter_descriptors,2.3,1.7052000000000005
14924,group_element_set,500,rf_starter_descriptors,1.54,2.1412
14925,group_element_set,500,rf_starter_descriptors,1.56,1.4911999999999994
14951,group_element_set,500,rf_starter_descriptors,0.14,1.4516
14959,group_element_set,500,rf_starter_descriptors,0.22,1.1591999999999998
14970,group_element_set,500,rf_starter_descriptors,1.6,1.6836000000000002
14978,group_element_set,500,rf_starter_descriptors,2.72,2.6236000000000006
14980,group_element_set,500,rf_starter_descriptors,0.56,1.0740000000000003
14983,group_element_set,500,rf_starter_descriptors,0.88,0.9659999999999996
14985,group_element_set,500,rf_starter_descriptors,0.5,1.1931999999999996
14992,group_element_set,500,rf_starter_descriptors,1.02,1.2175999999999998
15000,group_element_set,500,rf_starter_descriptors,1.3,1.2608
15015,group_element_set,500,rf_starter_descriptors,1.28,1.2279999999999998
15030,group_element_set,500,rf_starter_descriptors,1.88,1.764000000000001
15039,group_element_set,500,rf_starter_descriptors,2.58,1.4088000000000005
15042,group_element_set,500,rf_starter_descriptors,1.96,1.2871999999999995
15044,group_element_set,500,rf_starter_descriptors,2.46,1.7688000000000001
15056,group_element_set,500,rf_starter_descriptors,1.0,1.1596000000000002
15058,group_element_set,500,rf_starter_descriptors,1.56,1.5076000000000003
15076,group_element_set,500,rf_starter_descriptors,0.9,1.1483999999999996
15077,group_element_set,500,rf_starter_descriptors,2.84,2.917600000000003
15089,group_element_set,500,rf_starter_descriptors,1.82,1.1651999999999998
15093,group_element_set,500,rf_starter_descriptors,1.14,1.1484
15103,group_element_set,500,rf_starter_descriptors,1.18,1.4584000000000004
15130,group_element_set,500,rf_starter_descriptors,0.68,1.2284
15151,group_element_set,500,rf_starter_descriptors,0.44,2.1104000000000003
15154,group_element_set,500,rf_starter_descriptors,0.6,1.4247999999999996
15171,group_element_set,500,rf_starter_descriptors,0.98,1.2123999999999995
15187,group_element_set,500,rf_starter_descriptors,1.76,1.1148
15201,group_element_set,500,rf_starter_descriptors,1.58,1.0631999999999997
15218,group_element_set,500,rf_starter_descriptors,3.58,2.7048
15259,group_element_set,500,rf_starter_descriptors,0.9,0.9296000000000003
15278,group_element_set,500,rf_starter_descriptors,1.48,1.2144
15281,group_element_set,500,rf_starter_descriptors,2.1,1.0055999999999998
15323,group_element_set,500,rf_starter_descriptors,0.34,0.41840000000000027
15324,group_element_set,500,rf_starter_descriptors,1.32,1.6276
15331,group_element_set,500,rf_starter_descriptors,1.18,1.4156000000000004
15343,group_element_set,500,rf_starter_descriptors,1.06,1.4948
15349,group_element_set,500,rf_starter_descriptors,1.56,1.5011999999999992
15350,group_element_set,500,rf_starter_descriptors,1.08,1.0735999999999999
15352,group_element_set,500,rf_starter_descriptors,0.98,1.6
15370,group_element_set,500,rf_starter_descriptors,1.48,1.3868
15377,group_element_set,500,rf_starter_descriptors,2.04,1.6351999999999995
15379,group_element_set,500,rf_starter_descriptors,1.24,1.0952
15414,group_element_set,500,rf_starter_descriptors,1.14,2.0512000000000006
15418,group_element_set,500,rf_starter_descriptors,1.52,1.2656000000000005
15430,group_element_set,500,rf_starter_descriptors,0.96,1.224
15439,group_element_set,500,rf_starter_descriptors,1.64,1.2779999999999998
15455,group_element_set,500,rf_starter_descriptors,2.88,1.6795999999999998
15456,group_element_set,500,rf_starter_descriptors,1.04,1.3732000000000002
15463,group_element_set,500,rf_starter_descriptors,0.92,1.2195999999999998
15464,group_element_set,500,rf_starter_descriptors,1.42,1.284
15471,group_element_set,500,rf_starter_descriptors,1.3,1.5639999999999994
15492,group_element_set,500,rf_starter_descriptors,0.86,1.0299999999999998
15500,group_element_set,500,rf_starter_descriptors,0.74,1.4055999999999997
15505,group_element_set,500,rf_starter_descriptors,1.06,0.9015999999999995
15525,group_element_set,500,rf_starter_descriptors,1.1,1.1420000000000001
15535,group_element_set,500,rf_starter_descriptors,0.94,1.3396000000000003
15540,group_element_set,500,rf_starter_descriptors,0.62,1.3035999999999999
15543,group_element_set,500,rf_starter_descriptors,0.96,2.007200000000001
15545,group_element_set,500,rf_starter_descriptors,2.34,1.2932000000000001
15546,group_element_set,500,rf_starter_descriptors,1.16,1.1892
15555,group_element_set,500,rf_starter_descriptors,1.0,1.0419999999999998
15560,group_element_set,500,rf_starter_descriptors,1.98,0.8999999999999999
15567,group_element_set,500,rf_starter_descriptors,0.26,0.6772000000000001
15572,group_element_set,500,rf_starter_descriptors,2.24,1.5223999999999998
15587,group_element_set,500,rf_starter_descriptors,0.86,0.9687999999999996
15597,group_element_set,500,rf_starter_descriptors,1.34,1.1844
15603,group_element_set,500,rf_starter_descriptors,2.12,2.1964
15632,group_element_set,500,rf_starter_descriptors,2.24,1.1872
15633,group_element_set,500,rf_starter_descriptors,1.28,1.3388000000000002
15634,group_element_set,500,rf_starter_descriptors,1.52,2.6648000000000023
15645,group_element_set,500,rf_starter_descriptors,1.56,1.616800000000001
15669,group_element_set,500,rf_starter_descriptors,1.04,1.3883999999999999
15683,group_element_set,500,rf_starter_descriptors,2.32,1.6543999999999999
15684,group_element_set,500,rf_starter_descriptors,0.88,1.3120000000000003
15704,group_element_set,500,rf_starter_descriptors,1.66,1.7719999999999996
15711,group_element_set,500,rf_starter_descriptors,0.96,1.2667999999999995
15713,group_element_set,500,rf_starter_descriptors,0.4,1.1804000000000001
15723,group_element_set,500,rf_starter_descriptors,1.46,1.1276000000000002
15729,group_element_set,500,rf_starter_descriptors,2.16,1.7091999999999994
15730,group_element_set,500,rf_starter_descriptors,2.46,2.1100000000000003
15733,group_element_set,500,rf_starter_descriptors,1.2,1.0632
15760,group_element_set,500,rf_starter_descriptors,1.14,1.1120000000000005
15784,group_element_set,500,rf_starter_descriptors,1.68,1.3579999999999997
15792,group_element_set,500,rf_starter_descriptors,2.96,1.9999999999999987
15821,group_element_set,500,rf_starter_descriptors,1.44,1.1695999999999993
15824,group_element_set,500,rf_starter_descriptors,0.98,1.5556000000000005
15832,group_element_set,500,rf_starter_descriptors,0.7,1.6811999999999998
15864,group_element_set,500,rf_starter_descriptors,2.56,1.2975999999999996
15891,group_element_set,500,rf_starter_descriptors,1.64,1.842000000000001
15902,group_element_set,500,rf_starter_descriptors,3.18,1.8508000000000004
15911,group_element_set,500,rf_starter_descriptors,2.38,1.9396
15917,group_element_set,500,rf_starter_descriptors,2.02,1.6031999999999993
15919,group_element_set,500,rf_starter_descriptors,0.58,1.2480000000000002
15920,group_element_set,500,rf_starter_descriptors,0.56,1.7431999999999999
15929,group_element_set,500,rf_starter_descriptors,1.74,2.2131999999999996
15941,group_element_set,500,rf_starter_descriptors,1.98,1.7111999999999998
15954,group_element_set,500,rf_starter_descriptors,1.72,1.6191999999999995
15955,group_element_set,500,rf_starter_descriptors,2.48,2.1100000000000003
15974,group_element_set,500,rf_starter_descriptors,1.66,1.3444000000000003
15987,group_element_set,500,rf_starter_descriptors,1.32,1.6644000000000003
15989,group_element_set,500,rf_starter_descriptors,0.66,1.5607999999999997
16002,group_element_set,500,rf_starter_descriptors,3.1,2.060799999999999
16027,group_element_set,500,rf_starter_descriptors,1.0,1.3976000000000002
16029,group_element_set,500,rf_starter_descriptors,0.96,1.4015999999999997
16033,group_element_set,500,rf_starter_descriptors,3.64,2.5667999999999993
16044,group_element_set,500,rf_starter_descriptors,2.16,1.8704000000000003
16052,group_element_set,500,rf_starter_descriptors,1.44,1.1404000000000003
16074,group_element_set,500,rf_starter_descriptors,1.36,1.5976
16092,group_element_set,500,rf_starter_descriptors,1.54,1.4084000000000005
16101,group_element_set,500,rf_starter_descriptors,1.34,1.0424000000000004
16108,group_element_set,500,rf_starter_descriptors,1.24,1.8528000000000002
16109,group_element_set,500,rf_starter_descriptors,1.0,1.3359999999999996
16110,group_element_set,500,rf_starter_descriptors,1.16,2.1235999999999997
16124,group_element_set,500,rf_starter_descriptors,0.68,1.4883999999999997
16128,group_element_set,500,rf_starter_descriptors,1.16,1.4460000000000002
16139,group_element_set,500,rf_starter_descriptors,1.24,1.1404
16140,group_element_set,500,rf_starter_descriptors,1.98,1.9187999999999996
16152,group_element_set,500,rf_starter_descriptors,1.32,1.2015999999999991
16156,group_element_set,500,rf_starter_descriptors,2.46,1.5831999999999993
16162,group_element_set,500,rf_starter_descriptors,0.7,1.0448
16164,group_element_set,500,rf_starter_descriptors,2.44,2.776800000000002
16170,group_element_set,500,rf_starter_descriptors,1.56,1.4575999999999993
16183,group_element_set,500,rf_starter_descriptors,0.82,1.0931999999999997
16197,group_element_set,500,rf_starter_descriptors,1.3,1.5392000000000001
16206,group_element_set,500,rf_starter_descriptors,1.28,1.4152000000000005
16238,group_element_set,500,rf_starter_descriptors,1.08,1.1287999999999996
16249,group_element_set,500,rf_starter_descriptors,0.32,1.8659999999999997
16256,group_element_set,500,rf_starter_descriptors,0.94,1.4083999999999997
16268,group_element_set,500,rf_starter_descriptors,0.32,0.9100000000000003
16273,group_element_set,500,rf_starter_descriptors,0.68,1.5723999999999998
16280,group_element_set,500,rf_starter_descriptors,1.06,1.1295999999999997
16285,group_element_set,500,rf_starter_descriptors,1.78,1.4216000000000002
16302,group_element_set,500,rf_starter_descriptors,0.46,1.5435999999999999
16324,group_element_set,500,rf_starter_descriptors,1.88,1.2408
16331,group_element_set,500,rf_starter_descriptors,1.92,1.2464000000000002
16335,group_element_set,500,rf_starter_descriptors,1.54,1.1236
16373,group_element_set,500,rf_starter_descriptors,0.76,1.3276000000000001
16381,group_element_set,500,rf_starter_descriptors,1.64,1.0984000000000003
16382,group_element_set,500,rf_starter_descriptors,0.58,1.5904000000000003
16406,group_element_set,500,rf_starter_descriptors,1.74,1.3168000000000004
16416,group_element_set,500,rf_starter_descriptors,0.58,1.09
16424,group_element_set,500,rf_starter_descriptors,2.6,1.518
16425,group_element_set,500,rf_starter_descriptors,2.62,2.4272
16427,group_element_set,500,rf_starter_descriptors,0.96,1.2828
16429,group_element_set,500,rf_starter_descriptors,2.22,1.5567999999999997
16430,group_element_set,500,rf_starter_descriptors,1.14,0.9944
16440,group_element_set,500,rf_starter_descriptors,2.02,1.4799999999999998
16455,group_element_set,500,rf_starter_descriptors,1.68,1.2199999999999998
16461,group_element_set,500,rf_starter_descriptors,1.04,1.1244000000000003
16468,group_element_set,500,rf_starter_descriptors,0.98,1.6728
16508,group_element_set,500,rf_starter_descriptors,1.76,1.3984
16522,group_element_set,500,rf_starter_descriptors,1.82,1.152
16544,group_element_set,500,rf_starter_descriptors,1.52,1.6823999999999995
16545,group_element_set,500,rf_starter_descriptors,0.7,1.0439999999999996
16547,group_element_set,500,rf_starter_descriptors,2.62,3.0468
16555,group_element_set,500,rf_starter_descriptors,1.7,1.0296000000000003
16568,group_element_set,500,rf_starter_descriptors,0.74,0.9352000000000004
16569,group_element_set,500,rf_starter_descriptors,1.08,2.431999999999999
16584,group_element_set,500,rf_starter_descriptors,0.72,0.9591999999999993
16586,group_element_set,500,rf_starter_descriptors,0.56,1.1260000000000001
16587,group_element_set,500,rf_starter_descriptors,0.86,1.0815999999999992
16592,group_element_set,500,rf_starter_descriptors,1.12,1.9380000000000004
16598,group_element_set,500,rf_starter_descriptors,2.18,1.5915999999999997
16603,group_element_set,500,rf_starter_descriptors,1.02,1.1680000000000001
16611,group_element_set,500,rf_starter_descriptors,4.2,2.6772000000000005
16612,group_element_set,500,rf_starter_descriptors,2.2,1.3912
16626,group_element_set,500,rf_starter_descriptors,1.26,2.216800000000001
16628,group_element_set,500,rf_starter_descriptors,1.34,1.5872
16643,group_element_set,500,rf_starter_descriptors,1.14,0.9864000000000002
16650,group_element_set,500,rf_starter_descriptors,0.9,1.024
16657,group_element_set,500,rf_starter_descriptors,1.66,1.9335999999999995
16659,group_element_set,500,rf_starter_descriptors,2.26,2.3420000000000005
16669,group_element_set,500,rf_starter_descriptors,0.54,1.1612000000000002
16687,group_element_set,500,rf_starter_descriptors,0.9,2.3816
16693,group_element_set,500,rf_starter_descriptors,2.06,1.8399999999999994
16700,group_element_set,500,rf_starter_descriptors,1.96,1.4195999999999995
16717,group_element_set,500,rf_starter_descriptors,0.9,1.1300000000000001
16723,group_element_set,500,rf_starter_descriptors,0.46,1.5031999999999999
16725,group_element_set,500,rf_starter_descriptors,1.3,1.5675999999999999
16728,group_element_set,500,rf_starter_descriptors,1.98,1.1651999999999996
16738,group_element_set,500,rf_starter_descriptors,0.92,1.1892000000000005
16739,group_element_set,500,rf_starter_descriptors,1.94,1.4736000000000007
16747,group_element_set,500,rf_starter_descriptors,0.46,2.3992000000000018
16752,group_element_set,500,rf_starter_descriptors,0.54,0.9904
16760,group_element_set,500,rf_starter_descriptors,0.46,1.4315999999999998
16761,group_element_set,500,rf_starter_descriptors,2.02,1.3959999999999997
16787,group_element_set,500,rf_starter_descriptors,2.02,2.2884000000000007
16795,group_element_set,500,rf_starter_descriptors,0.66,0.9744000000000002
16807,group_element_set,500,rf_starter_descriptors,1.28,1.3012000000000001
16811,group_element_set,500,rf_starter_descriptors,1.14,1.2640000000000005
16813,group_element_set,500,rf_starter_descriptors,1.86,1.1799999999999995
16831,group_element_set,500,rf_starter_descriptors,1.06,1.0643999999999998
16841,group_element_set,500,rf_starter_descriptors,1.46,2.7219999999999995
16846,group_element_set,500,rf_starter_descriptors,1.62,1.6147999999999996
16848,group_element_set,500,rf_starter_descriptors,1.54,1.5872
16852,group_element_set,500,rf_starter_descriptors,0.66,1.2427999999999997
16872,group_element_set,500,rf_starter_descriptors,0.98,1.1703999999999994
16876,group_element_set,500,rf_starter_descriptors,1.08,1.4087999999999994
16879,group_element_set,500,rf_starter_descriptors,0.92,1.1696
16898,group_element_set,500,rf_starter_descriptors,1.26,1.1684000000000003
16930,group_element_set,500,rf_starter_descriptors,0.64,1.5228
16933,group_element_set,500,rf_starter_descriptors,0.6,1.0115999999999996
16946,group_element_set,500,rf_starter_descriptors,1.2,1.1508
16949,group_element_set,500,rf_starter_descriptors,1.58,1.2595999999999998
16954,group_element_set,500,rf_starter_descriptors,2.96,2.4040000000000012
16956,group_element_set,500,rf_starter_descriptors,0.4,0.7672000000000003
16960,group_element_set,500,rf_starter_descriptors,1.02,1.2027999999999996
16981,group_element_set,500,rf_starter_descriptors,1.74,1.7755999999999998
16982,group_element_set,500,rf_starter_descriptors,0.34,0.894
16984,group_element_set,500,rf_starter_descriptors,1.6,1.0651999999999995
16989,group_element_set,500,rf_starter_descriptors,3.24,1.9815999999999985
16993,group_element_set,500,rf_starter_descriptors,1.3,1.1056
17000,group_element_set,500,rf_starter_descriptors,1.08,1.3703999999999998
17001,group_element_set,500,rf_starter_descriptors,1.68,1.766400000000001
17006,group_element_set,500,rf_starter_descriptors,1.08,1.5248000000000004
17019,group_element_set,500,rf_starter_descriptors,0.86,1.4548
17036,group_element_set,500,rf_starter_descriptors,1.66,0.8584000000000002
17051,group_element_set,500,rf_starter_descriptors,0.74,1.8599999999999994
17063,group_element_set,500,rf_starter_descriptors,1.62,1.7511999999999994
17068,group_element_set,500,rf_starter_descriptors,1.68,1.5515999999999994
17073,group_element_set,500,rf_starter_descriptors,0.9,1.2591999999999999
17074,group_element_set,500,rf_starter_descriptors,0.78,1.3792000000000002
17104,group_element_set,500,rf_starter_descriptors,1.46,1.5992
17105,group_element_set,500,rf_starter_descriptors,1.92,1.1684000000000008
17107,group_element_set,500,rf_starter_descriptors,0.2,1.5743999999999994
17121,group_element_set,500,rf_starter_descriptors,0.78,1.1244000000000005
17129,group_element_set,500,rf_starter_descriptors,1.46,0.8740000000000001
17142,group_element_set,500,rf_starter_descriptors,1.52,1.3175999999999997
17147,group_element_set,500,rf_starter_descriptors,1.18,1.1284
17152,group_element_set,500,rf_starter_descriptors,1.24,1.5867999999999995
17155,group_element_set,500,rf_starter_descriptors,0.68,1.4239999999999997
17194,group_element_set,500,rf_starter_descriptors,1.22,1.8584000000000003
17206,group_element_set,500,rf_starter_descriptors,1.52,2.6684
17209,group_element_set,500,rf_starter_descriptors,2.56,2.0916000000000006
17219,group_element_set,500,rf_starter_descriptors,0.26,1.2348000000000001
17241,group_element_set,500,rf_starter_descriptors,1.04,1.2579999999999993
17263,group_element_set,500,rf_starter_descriptors,0.94,1.5715999999999999
17287,group_element_set,500,rf_starter_descriptors,3.1,1.3776000000000002
17291,group_element_set,500,rf_starter_descriptors,1.32,1.2212000000000003
17303,group_element_set,500,rf_starter_descriptors,1.28,0.9744000000000003
17311,group_element_set,500,rf_starter_descriptors,1.28,1.6115999999999995
17313,group_element_set,500,rf_starter_descriptors,2.36,1.2951999999999992
17314,group_element_set,500,rf_starter_descriptors,1.82,1.462
17320,group_element_set,500,rf_starter_descriptors,1.32,1.166
17324,group_element_set,500,rf_starter_descriptors,4.66,3.0200000000000014
17335,group_element_set,500,rf_starter_descriptors,1.72,1.1983999999999997
17340,group_element_set,500,rf_starter_descriptors,0.54,1.2179999999999997
17346,group_element_set,500,rf_starter_descriptors,0.8,0.8932000000000003
17354,group_element_set,500,rf_starter_descriptors,1.36,1.6412000000000004
17356,group_element_set,500,rf_starter_descriptors,1.14,1.1819999999999997
17375,group_element_set,500,rf_starter_descriptors,1.0,1.0404
17377,group_element_set,500,rf_starter_descriptors,1.08,1.5179999999999998
17389,group_element_set,500,rf_starter_descriptors,1.3,1.3887999999999994
17392,group_element_set,500,rf_starter_descriptors,0.36,1.1371999999999998
17406,group_element_set,500,rf_starter_descriptors,2.14,2.0612
17418,group_element_set,500,rf_starter_descriptors,0.92,1.7676000000000003
17457,group_element_set,500,rf_starter_descriptors,2.08,1.359199999999999
17466,group_element_set,500,rf_starter_descriptors,1.8,1.9892000000000007
17489,group_element_set,500,rf_starter_descriptors,1.04,1.1792
17491,group_element_set,500,rf_starter_descriptors,1.06,2.0404
17519,group_element_set,500,rf_starter_descriptors,1.28,1.3399999999999996
17525,group_element_set,500,rf_starter_descriptors,0.88,1.8912000000000007
17528,group_element_set,500,rf_starter_descriptors,3.76,1.5776
17529,group_element_set,500,rf_starter_descriptors,0.64,1.5180000000000005
17540,group_element_set,500,rf_starter_descriptors,0.92,1.6832000000000003
17545,group_element_set,500,rf_starter_descriptors,0.92,1.6583999999999994
17554,group_element_set,500,rf_starter_descriptors,1.8,2.0244
17558,group_element_set,500,rf_starter_descriptors,1.08,1.0792
17572,group_element_set,500,rf_starter_descriptors,1.62,1.4747999999999999
17575,group_element_set,500,rf_starter_descriptors,0.34,1.243999999999999
17589,group_element_set,500,rf_starter_descriptors,0.74,0.8719999999999994
17599,group_element_set,500,rf_starter_descriptors,2.04,1.6187999999999994
17607,group_element_set,500,rf_starter_descriptors,1.26,1.4424000000000001
17611,group_element_set,500,rf_starter_descriptors,1.44,1.229600000000001
17615,group_element_set,500,rf_starter_descriptors,1.74,1.5859999999999999
17618,group_element_set,500,rf_starter_descriptors,1.08,1.5068000000000004
17626,group_element_set,500,rf_starter_descriptors,2.18,1.2392
17631,group_element_set,500,rf_starter_descriptors,1.8,1.1551999999999996
17632,group_element_set,500,rf_starter_descriptors,1.38,0.9095999999999997
17645,group_element_set,500,rf_starter_descriptors,0.76,0.9184000000000003
17658,group_element_set,500,rf_starter_descriptors,0.5,1.0195999999999998
17661,group_element_set,500,rf_starter_descriptors,1.48,2.1751999999999994
17690,group_element_set,500,rf_starter_descriptors,1.58,1.3948000000000005
17697,group_element_set,500,rf_starter_descriptors,0.8,1.7535999999999996
17700,group_element_set,500,rf_starter_descriptors,1.66,1.0508
17708,group_element_set,500,rf_starter_descriptors,2.18,1.1887999999999996
17713,group_element_set,500,rf_starter_descriptors,1.94,1.4947999999999997
17730,group_element_set,500,rf_starter_descriptors,2.12,1.8867999999999998
17775,group_element_set,500,rf_starter_descriptors,1.46,2.090399999999999
17776,group_element_set,500,rf_starter_descriptors,1.34,2.4427999999999996
17779,group_element_set,500,rf_starter_descriptors,3.66,2.3072000000000004
17788,group_element_set,500,rf_starter_descriptors,2.54,1.6659999999999995
17796,group_element_set,500,rf_starter_descriptors,1.82,1.4295999999999995
17803,group_element_set,500,rf_starter_descriptors,1.78,1.6800000000000004
17804,group_element_set,500,rf_starter_descriptors,1.84,2.0007999999999986
17824,group_element_set,500,rf_starter_descriptors,1.06,0.9552000000000003
17829,group_element_set,500,rf_starter_descriptors,1.6,1.5099999999999993
17832,group_element_set,500,rf_starter_descriptors,1.7,2.398800000000001
17839,group_element_set,500,rf_starter_descriptors,1.72,1.9644000000000004
17859,group_element_set,500,rf_starter_descriptors,1.1,1.5231999999999997
17863,group_element_set,500,rf_starter_descriptors,0.56,1.2767999999999997
17886,group_element_set,500,rf_starter_descriptors,1.34,1.3747999999999998
17910,group_element_set,500,rf_starter_descriptors,0.58,0.8812000000000002
17922,group_element_set,500,rf_starter_descriptors,2.64,1.4232
17943,group_element_set,500,rf_starter_descriptors,1.64,1.2459999999999998
17965,group_element_set,500,rf_starter_descriptors,1.22,1.6607999999999998
17987,group_element_set,500,rf_starter_descriptors,1.84,0.9759999999999996
17988,group_element_set,500,rf_starter_descriptors,0.84,2.3280000000000003
17995,group_element_set,500,rf_starter_descriptors,0.84,1.9515999999999998
17998,group_element_set,500,rf_starter_descriptors,1.96,3.0252000000000003
18005,group_element_set,500,rf_starter_descriptors,1.7,1.8963999999999996
18010,group_element_set,500,rf_starter_descriptors,1.1,1.29
18011,group_element_set,500,rf_starter_descriptors,1.22,1.2088000000000003
18023,group_element_set,500,rf_starter_descriptors,0.38,1.3944
18029,group_element_set,500,rf_starter_descriptors,0.92,1.0412000000000001
18043,group_element_set,500,rf_starter_descriptors,1.56,1.4547999999999999
18045,group_element_set,500,rf_starter_descriptors,1.86,1.518
18048,group_element_set,500,rf_starter_descriptors,1.56,1.8791999999999986
18049,group_element_set,500,rf_starter_descriptors,1.04,1.0871999999999997
18057,group_element_set,500,rf_starter_descriptors,1.3,1.9219999999999997
18059,group_element_set,500,rf_starter_descriptors,1.32,1.7488000000000006
18064,group_element_set,500,rf_starter_descriptors,1.6,1.1308
18075,group_element_set,500,rf_starter_descriptors,1.48,2.3060000000000005
18076,group_element_set,500,rf_starter_descriptors,1.68,1.1688000000000003
18093,group_element_set,500,rf_starter_descriptors,1.06,1.6568000000000007
18096,group_element_set,500,rf_starter_descriptors,-0.14,1.1068000000000002
18105,group_element_set,500,rf_starter_descriptors,1.9,1.1192000000000002
18114,group_element_set,500,rf_starter_descriptors,0.58,1.1735999999999995
18116,group_element_set,500,rf_starter_descriptors,1.46,1.6571999999999998
18119,group_element_set,500,rf_starter_descriptors,0.38,1.1648000000000005
18121,group_element_set,500,rf_starter_descriptors,1.42,1.6819999999999995
18137,group_element_set,500,rf_starter_descriptors,0.62,1.2740000000000007
18169,group_element_set,500,rf_starter_descriptors,0.88,2.3392
18175,group_element_set,500,rf_starter_descriptors,1.38,1.8168
18196,group_element_set,500,rf_starter_descriptors,2.02,2.178
18216,group_element_set,500,rf_starter_descriptors,2.76,2.1311999999999993
18220,group_element_set,500,rf_starter_descriptors,1.36,1.6347999999999994
18223,group_element_set,500,rf_starter_descriptors,1.24,1.4835999999999998
18230,group_element_set,500,rf_starter_descriptors,0.58,1.7211999999999994
18232,group_element_set,500,rf_starter_descriptors,1.42,1.4624000000000001
18233,group_element_set,500,rf_starter_descriptors,1.6,1.5031999999999999
18264,group_element_set,500,rf_starter_descriptors,0.68,0.9367999999999997
18268,group_element_set,500,rf_starter_descriptors,2.38,1.3583999999999994
18271,group_element_set,500,rf_starter_descriptors,1.74,1.8188000000000009
18280,group_element_set,500,rf_starter_descriptors,0.68,1.1252000000000002
18283,group_element_set,500,rf_starter_descriptors,3.08,1.8248000000000006
18302,group_element_set,500,rf_starter_descriptors,1.08,1.2103999999999993
18305,group_element_set,500,rf_starter_descriptors,2.02,1.1675999999999993
18309,group_element_set,500,rf_starter_descriptors,1.36,1.0812000000000002
18333,group_element_set,500,rf_starter_descriptors,1.06,1.8495999999999992
18335,group_element_set,500,rf_starter_descriptors,1.22,1.2703999999999995
18354,group_element_set,500,rf_starter_descriptors,0.2,1.3404000000000003
18356,group_element_set,500,rf_starter_descriptors,1.92,1.7812000000000001
18364,group_element_set,500,rf_starter_descriptors,1.68,2.2571999999999997
18370,group_element_set,500,rf_starter_descriptors,1.24,1.4316000000000004
18381,group_element_set,500,rf_starter_descriptors,1.02,1.1412
18410,group_element_set,500,rf_starter_descriptors,0.56,1.7868000000000004
18432,group_element_set,500,rf_starter_descriptors,0.98,1.6440000000000003
18449,group_element_set,500,rf_starter_descriptors,1.94,1.7391999999999996
18452,group_element_set,500,rf_starter_descriptors,0.72,1.1199999999999992
18463,group_element_set,500,rf_starter_descriptors,1.06,1.1179999999999994
18500,group_element_set,500,rf_starter_descriptors,1.94,2.0432
18510,group_element_set,500,rf_starter_descriptors,2.56,2.1184
18527,group_element_set,500,rf_starter_descriptors,1.96,2.060799999999999
18530,group_element_set,500,rf_starter_descriptors,1.46,1.4671999999999994
18537,group_element_set,500,rf_starter_descriptors,1.36,1.0791999999999995
18541,group_element_set,500,rf_starter_descriptors,1.74,1.1016000000000004
18543,group_element_set,500,rf_starter_descriptors,2.3,1.7036000000000002
18576,group_element_set,500,rf_starter_descriptors,1.16,1.1128000000000002
18580,group_element_set,500,rf_starter_descriptors,0.78,1.418
18581,group_element_set,500,rf_starter_descriptors,2.3,1.9952000000000003
18589,group_element_set,500,rf_starter_descriptors,2.44,3.1412
18603,group_element_set,500,rf_starter_descriptors,2.64,2.434000000000001
18611,group_element_set,500,rf_starter_descriptors,1.08,1.3720000000000006
18616,group_element_set,500,rf_starter_descriptors,1.42,1.3436000000000001
18630,group_element_set,500,rf_starter_descriptors,1.64,1.5131999999999997
18639,group_element_set,500,rf_starter_descriptors,1.3,1.0771999999999995
18642,group_element_set,500,rf_starter_descriptors,0.72,1.5223999999999998
18658,group_element_set,500,rf_starter_descriptors,2.08,1.3087999999999997
18665,group_element_set,500,rf_starter_descriptors,1.48,0.9632000000000002
18691,group_element_set,500,rf_starter_descriptors,2.26,1.2732000000000003
18693,group_element_set,500,rf_starter_descriptors,1.4,1.3868000000000003
18706,group_element_set,500,rf_starter_descriptors,1.32,1.6932000000000003
18719,group_element_set,500,rf_starter_descriptors,0.94,1.1551999999999996
18732,group_element_set,500,rf_starter_descriptors,1.0,0.8639999999999998
18759,group_element_set,500,rf_starter_descriptors,1.98,1.1551999999999998
18775,group_element_set,500,rf_starter_descriptors,3.36,2.356000000000002
18776,group_element_set,500,rf_starter_descriptors,2.0,1.4651999999999998
18806,group_element_set,500,rf_starter_descriptors,-0.24,1.1692000000000005
18846,group_element_set,500,rf_starter_descriptors,1.74,1.0032
18847,group_element_set,500,rf_starter_descriptors,1.52,1.6543999999999996
18851,group_element_set,500,rf_starter_descriptors,1.06,1.2008000000000003
18862,group_element_set,500,rf_starter_descriptors,0.68,1.3247999999999995
18870,group_element_set,500,rf_starter_descriptors,2.78,1.9636000000000005
18891,group_element_set,500,rf_starter_descriptors,0.9,2.1923999999999997
18899,group_element_set,500,rf_starter_descriptors,1.82,1.0896000000000001
