sample_id,split_strategy,budget_label,model,y_true,y_pred
26,group_element_set,1000,dummy_mean,1.18,1.50694
27,group_element_set,1000,dummy_mean,1.24,1.50694
40,group_element_set,1000,dummy_mean,1.16,1.50694
45,group_element_set,1000,dummy_mean,0.6,1.50694
69,group_element_set,1000,dummy_mean,3.34,1.50694
72,group_element_set,1000,dummy_mean,0.82,1.50694
103,group_element_set,1000,dummy_mean,0.42,1.50694
115,group_element_set,1000,dummy_mean,1.04,1.50694
134,group_element_set,1000,dummy_mean,0.56,1.50694
136,group_element_set,1000,dummy_mean,1.5,1.50694
137,group_element_set,1000,dummy_mean,1.6,1.50694
155,group_element_set,1000,dummy_mean,1.28,1.50694
158,group_element_set,1000,dummy_mean,2.48,1.50694
169,group_element_set,1000,dummy_mean,-0.04,1.50694
171,group_element_set,1000,dummy_mean,0.72,1.50694
179,group_element_set,1000,dummy_mean,3.44,1.50694
183,group_element_set,1000,dummy_mean,2.02,1.50694
188,group_element_set,1000,dummy_mean,2.54,1.50694
199,group_element_set,1000,dummy_mean,1.48,1.50694
206,group_element_set,1000,dummy_mean,1.1,1.50694
211,group_element_set,1000,dummy_mean,2.1,1.50694
212,group_element_set,1000,dummy_mean,1.46,1.50694
220,group_element_set,1000,dummy_mean,0.92,1.50694
221,group_element_set,1000,dummy_mean,0.58,1.50694
224,group_element_set,1000,dummy_mean,0.64,1.50694
228,group_element_set,1000,dummy_mean,0.82,1.50694
249,group_element_set,1000,dummy_mean,1.74,1.50694
255,group_element_set,1000,dummy_mean,2.14,1.50694
258,group_element_set,1000,dummy_mean,1.2,1.50694
266,group_element_set,1000,dummy_mean,1.04,1.50694
301,group_element_set,1000,dummy_mean,0.86,1.50694
305,group_element_set,1000,dummy_mean,0.8,1.50694
322,group_element_set,1000,dummy_mean,1.62,1.50694
324,group_element_set,1000,dummy_mean,1.16,1.50694
337,group_element_set,1000,dummy_mean,0.78,1.50694
338,group_element_set,1000,dummy_mean,1.72,1.50694
345,group_element_set,1000,dummy_mean,1.22,1.50694
362,group_element_set,1000,dummy_mean,0.38,1.50694
364,group_element_set,1000,dummy_mean,1.54,1.50694
366,group_element_set,1000,dummy_mean,0.5,1.50694
372,group_element_set,1000,dummy_mean,1.48,1.50694
374,group_element_set,1000,dummy_mean,1.28,1.50694
376,group_element_set,1000,dummy_mean,1.9,1.50694
380,group_element_set,1000,dummy_mean,2.28,1.50694
387,group_element_set,1000,dummy_mean,2.02,1.50694
393,group_element_set,1000,dummy_mean,1.12,1.50694
417,group_element_set,1000,dummy_mean,1.5,1.50694
418,group_element_set,1000,dummy_mean,1.26,1.50694
433,group_element_set,1000,dummy_mean,2.32,1.50694
438,group_element_set,1000,dummy_mean,1.3,1.50694
442,group_element_set,1000,dummy_mean,1.9,1.50694
451,group_element_set,1000,dummy_mean,2.44,1.50694
455,group_element_set,1000,dummy_mean,2.9,1.50694
458,group_element_set,1000,dummy_mean,1.22,1.50694
466,group_element_set,1000,dummy_mean,1.66,1.50694
470,group_element_set,1000,dummy_mean,0.84,1.50694
472,group_element_set,1000,dummy_mean,0.84,1.50694
476,group_element_set,1000,dummy_mean,0.72,1.50694
505,group_element_set,1000,dummy_mean,1.26,1.50694
511,group_element_set,1000,dummy_mean,1.24,1.50694
512,group_element_set,1000,dummy_mean,-0.2,1.50694
515,group_element_set,1000,dummy_mean,0.32,1.50694
521,group_element_set,1000,dummy_mean,1.3,1.50694
532,group_element_set,1000,dummy_mean,1.78,1.50694
559,group_element_set,1000,dummy_mean,2.6,1.50694
564,group_element_set,1000,dummy_mean,1.26,1.50694
578,group_element_set,1000,dummy_mean,1.28,1.50694
583,group_element_set,1000,dummy_mean,0.88,1.50694
591,group_element_set,1000,dummy_mean,0.4,1.50694
595,group_element_set,1000,dummy_mean,1.66,1.50694
598,group_element_set,1000,dummy_mean,2.08,1.50694
614,group_element_set,1000,dummy_mean,2.66,1.50694
616,group_element_set,1000,dummy_mean,-0.06,1.50694
626,group_element_set,1000,dummy_mean,1.52,1.50694
649,group_element_set,1000,dummy_mean,0.68,1.50694
668,group_element_set,1000,dummy_mean,1.28,1.50694
675,group_element_set,1000,dummy_mean,3.02,1.50694
678,group_element_set,1000,dummy_mean,0.9,1.50694
688,group_element_set,1000,dummy_mean,0.76,1.50694
730,group_element_set,1000,dummy_mean,1.68,1.50694
732,group_element_set,1000,dummy_mean,0.4,1.50694
734,group_element_set,1000,dummy_mean,1.32,1.50694
735,group_element_set,1000,dummy_mean,0.8,1.50694
743,group_element_set,1000,dummy_mean,1.64,1.50694
766,group_element_set,1000,dummy_mean,1.88,1.50694
767,group_element_set,1000,dummy_mean,1.58,1.50694
778,group_element_set,1000,dummy_mean,1.04,1.50694
787,group_element_set,1000,dummy_mean,3.56,1.50694
788,group_element_set,1000,dummy_mean,3.04,1.50694
790,group_element_set,1000,dummy_mean,2.16,1.50694
816,group_element_set,1000,dummy_mean,1.06,1.50694
817,group_element_set,1000,dummy_mean,0.56,1.50694
818,group_element_set,1000,dummy_mean,1.08,1.50694
849,group_element_set,1000,dummy_mean,1.38,1.50694
863,group_element_set,1000,dummy_mean,1.58,1.50694
868,group_element_set,1000,dummy_mean,1.2,1.50694
872,group_element_set,1000,dummy_mean,0.8,1.50694
891,group_element_set,1000,dummy_mean,1.02,1.50694
894,group_element_set,1000,dummy_mean,1.58,1.50694
905,group_element_set,1000,dummy_mean,1.48,1.50694
913,group_element_set,1000,dummy_mean,1.18,1.50694
921,group_element_set,1000,dummy_mean,1.9,1.50694
922,group_element_set,1000,dummy_mean,2.58,1.50694
940,group_element_set,1000,dummy_mean,0.72,1.50694
950,group_element_set,1000,dummy_mean,1.0,1.50694
955,group_element_set,1000,dummy_mean,1.32,1.50694
995,group_element_set,1000,dummy_mean,0.68,1.50694
1004,group_element_set,1000,dummy_mean,0.72,1.50694
1010,group_element_set,1000,dummy_mean,2.3,1.50694
1011,group_element_set,1000,dummy_mean,3.42,1.50694
1012,group_element_set,1000,dummy_mean,1.02,1.50694
1018,group_element_set,1000,dummy_mean,1.52,1.50694
1058,group_element_set,1000,dummy_mean,1.2,1.50694
1059,group_element_set,1000,dummy_mean,0.96,1.50694
1061,group_element_set,1000,dummy_mean,0.7,1.50694
1065,group_element_set,1000,dummy_mean,1.46,1.50694
1069,group_element_set,1000,dummy_mean,0.74,1.50694
1074,group_element_set,1000,dummy_mean,1.42,1.50694
1098,group_element_set,1000,dummy_mean,0.8,1.50694
1114,group_element_set,1000,dummy_mean,1.02,1.50694
1116,group_element_set,1000,dummy_mean,1.58,1.50694
1122,group_element_set,1000,dummy_mean,0.48,1.50694
1125,group_element_set,1000,dummy_mean,0.56,1.50694
1133,group_element_set,1000,dummy_mean,0.64,1.50694
1137,group_element_set,1000,dummy_mean,1.26,1.50694
1151,group_element_set,1000,dummy_mean,1.44,1.50694
1153,group_element_set,1000,dummy_mean,0.72,1.50694
1159,group_element_set,1000,dummy_mean,1.86,1.50694
1161,group_element_set,1000,dummy_mean,1.28,1.50694
1176,group_element_set,1000,dummy_mean,1.6,1.50694
1177,group_element_set,1000,dummy_mean,0.46,1.50694
1185,group_element_set,1000,dummy_mean,2.14,1.50694
1203,group_element_set,1000,dummy_mean,1.18,1.50694
1207,group_element_set,1000,dummy_mean,0.46,1.50694
1223,group_element_set,1000,dummy_mean,2.22,1.50694
1235,group_element_set,1000,dummy_mean,1.6,1.50694
1252,group_element_set,1000,dummy_mean,1.84,1.50694
1268,group_element_set,1000,dummy_mean,1.34,1.50694
1270,group_element_set,1000,dummy_mean,1.5,1.50694
1283,group_element_set,1000,dummy_mean,2.4,1.50694
1296,group_element_set,1000,dummy_mean,1.86,1.50694
1297,group_element_set,1000,dummy_mean,1.48,1.50694
1309,group_element_set,1000,dummy_mean,1.84,1.50694
1324,group_element_set,1000,dummy_mean,1.22,1.50694
1335,group_element_set,1000,dummy_mean,1.76,1.50694
1343,group_element_set,1000,dummy_mean,2.02,1.50694
1365,group_element_set,1000,dummy_mean,2.2,1.50694
1373,group_element_set,1000,dummy_mean,0.64,1.50694
1378,group_element_set,1000,dummy_mean,2.1,1.50694
1381,group_element_set,1000,dummy_mean,1.9,1.50694
1382,group_element_set,1000,dummy_mean,2.36,1.50694
1391,group_element_set,1000,dummy_mean,1.92,1.50694
1406,group_element_set,1000,dummy_mean,1.58,1.50694
1419,group_element_set,1000,dummy_mean,1.4,1.50694
1432,group_element_set,1000,dummy_mean,0.98,1.50694
1433,group_element_set,1000,dummy_mean,1.36,1.50694
1436,group_element_set,1000,dummy_mean,2.5,1.50694
1452,group_element_set,1000,dummy_mean,0.84,1.50694
1473,group_element_set,1000,dummy_mean,1.0,1.50694
1479,group_element_set,1000,dummy_mean,1.1,1.50694
1488,group_element_set,1000,dummy_mean,1.04,1.50694
1492,group_element_set,1000,dummy_mean,1.14,1.50694
1499,group_element_set,1000,dummy_mean,2.24,1.50694
1500,group_element_set,1000,dummy_mean,2.02,1.50694
1525,group_element_set,1000,dummy_mean,1.24,1.50694
1534,group_element_set,1000,dummy_mean,1.4,1.50694
1548,group_element_set,1000,dummy_mean,1.12,1.50694
1555,group_element_set,1000,dummy_mean,1.3,1.50694
1565,group_element_set,1000,dummy_mean,1.34,1.50694
1599,group_element_set,1000,dummy_mean,1.02,1.50694
1604,group_element_set,1000,dummy_mean,0.26,1.50694
1612,group_element_set,1000,dummy_mean,2.44,1.50694
1630,group_element_set,1000,dummy_mean,0.58,1.50694
1631,group_element_set,1000,dummy_mean,1.36,1.50694
1635,group_element_set,1000,dummy_mean,0.38,1.50694
1637,group_element_set,1000,dummy_mean,1.38,1.50694
1659,group_element_set,1000,dummy_mean,1.34,1.50694
1664,group_element_set,1000,dummy_mean,2.8,1.50694
1673,group_element_set,1000,dummy_mean,0.4,1.50694
1676,group_element_set,1000,dummy_mean,1.0,1.50694
1678,group_element_set,1000,dummy_mean,0.96,1.50694
1689,group_element_set,1000,dummy_mean,1.46,1.50694
1709,group_element_set,1000,dummy_mean,0.6,1.50694
1716,group_element_set,1000,dummy_mean,2.34,1.50694
1720,group_element_set,1000,dummy_mean,1.68,1.50694
1744,group_element_set,1000,dummy_mean,2.12,1.50694
1746,group_element_set,1000,dummy_mean,1.7,1.50694
1760,group_element_set,1000,dummy_mean,2.98,1.50694
1763,group_element_set,1000,dummy_mean,0.88,1.50694
1770,group_element_set,1000,dummy_mean,0.96,1.50694
1773,group_element_set,1000,dummy_mean,1.94,1.50694
1806,group_element_set,1000,dummy_mean,0.94,1.50694
1811,group_element_set,1000,dummy_mean,0.98,1.50694
1815,group_element_set,1000,dummy_mean,2.02,1.50694
1825,group_element_set,1000,dummy_mean,1.4,1.50694
1831,group_element_set,1000,dummy_mean,0.72,1.50694
1842,group_element_set,1000,dummy_mean,0.94,1.50694
1844,group_element_set,1000,dummy_mean,1.02,1.50694
1849,group_element_set,1000,dummy_mean,1.24,1.50694
1852,group_element_set,1000,dummy_mean,0.36,1.50694
1881,group_element_set,1000,dummy_mean,2.1,1.50694
1882,group_element_set,1000,dummy_mean,1.8,1.50694
1907,group_element_set,1000,dummy_mean,1.22,1.50694
1912,group_element_set,1000,dummy_mean,1.26,1.50694
1924,group_element_set,1000,dummy_mean,2.0,1.50694
1925,group_element_set,1000,dummy_mean,3.26,1.50694
1929,group_element_set,1000,dummy_mean,0.5,1.50694
1944,group_element_set,1000,dummy_mean,0.62,1.50694
1956,group_element_set,1000,dummy_mean,1.36,1.50694
1967,group_element_set,1000,dummy_mean,1.1,1.50694
1977,group_element_set,1000,dummy_mean,1.76,1.50694
1983,group_element_set,1000,dummy_mean,1.16,1.50694
1993,group_element_set,1000,dummy_mean,1.76,1.50694
1999,group_element_set,1000,dummy_mean,1.22,1.50694
2007,group_element_set,1000,dummy_mean,-0.26,1.50694
2009,group_element_set,1000,dummy_mean,1.1,1.50694
2045,group_element_set,1000,dummy_mean,0.96,1.50694
2072,group_element_set,1000,dummy_mean,1.32,1.50694
2077,group_element_set,1000,dummy_mean,0.76,1.50694
2090,group_element_set,1000,dummy_mean,0.66,1.50694
2120,group_element_set,1000,dummy_mean,0.72,1.50694
2131,group_element_set,1000,dummy_mean,0.18,1.50694
2134,group_element_set,1000,dummy_mean,3.18,1.50694
2145,group_element_set,1000,dummy_mean,1.6,1.50694
2153,group_element_set,1000,dummy_mean,2.0,1.50694
2161,group_element_set,1000,dummy_mean,3.44,1.50694
2166,group_element_set,1000,dummy_mean,1.46,1.50694
2167,group_element_set,1000,dummy_mean,2.98,1.50694
2197,group_element_set,1000,dummy_mean,3.1,1.50694
2229,group_element_set,1000,dummy_mean,1.0,1.50694
2235,group_element_set,1000,dummy_mean,0.78,1.50694
2237,group_element_set,1000,dummy_mean,2.22,1.50694
2254,group_element_set,1000,dummy_mean,1.24,1.50694
2262,group_element_set,1000,dummy_mean,1.22,1.50694
2298,group_element_set,1000,dummy_mean,1.52,1.50694
2301,group_element_set,1000,dummy_mean,4.0,1.50694
2305,group_element_set,1000,dummy_mean,2.84,1.50694
2310,group_element_set,1000,dummy_mean,0.24,1.50694
2322,group_element_set,1000,dummy_mean,1.22,1.50694
2335,group_element_set,1000,dummy_mean,1.68,1.50694
2345,group_element_set,1000,dummy_mean,0.84,1.50694
2349,group_element_set,1000,dummy_mean,0.62,1.50694
2357,group_element_set,1000,dummy_mean,0.94,1.50694
2360,group_element_set,1000,dummy_mean,1.82,1.50694
2363,group_element_set,1000,dummy_mean,1.2,1.50694
2380,group_element_set,1000,dummy_mean,2.3,1.50694
2385,group_element_set,1000,dummy_mean,1.78,1.50694
2386,group_element_set,1000,dummy_mean,1.12,1.50694
2396,group_element_set,1000,dummy_mean,0.94,1.50694
2397,group_element_set,1000,dummy_mean,1.1,1.50694
2408,group_element_set,1000,dummy_mean,1.26,1.50694
2412,group_element_set,1000,dummy_mean,0.78,1.50694
2414,group_element_set,1000,dummy_mean,0.76,1.50694
2424,group_element_set,1000,dummy_mean,1.3,1.50694
2453,group_element_set,1000,dummy_mean,3.1,1.50694
2485,group_element_set,1000,dummy_mean,2.82,1.50694
2509,group_element_set,1000,dummy_mean,0.7,1.50694
2527,group_element_set,1000,dummy_mean,1.28,1.50694
2554,group_element_set,1000,dummy_mean,3.26,1.50694
2569,group_element_set,1000,dummy_mean,0.96,1.50694
2590,group_element_set,1000,dummy_mean,1.08,1.50694
2623,group_element_set,1000,dummy_mean,2.0,1.50694
2630,group_element_set,1000,dummy_mean,1.0,1.50694
2632,group_element_set,1000,dummy_mean,2.36,1.50694
2635,group_element_set,1000,dummy_mean,2.18,1.50694
2647,group_element_set,1000,dummy_mean,1.0,1.50694
2657,group_element_set,1000,dummy_mean,2.44,1.50694
2665,group_element_set,1000,dummy_mean,0.76,1.50694
2690,group_element_set,1000,dummy_mean,1.96,1.50694
2705,group_element_set,1000,dummy_mean,0.6,1.50694
2715,group_element_set,1000,dummy_mean,2.16,1.50694
2747,group_element_set,1000,dummy_mean,1.34,1.50694
2752,group_element_set,1000,dummy_mean,1.44,1.50694
2764,group_element_set,1000,dummy_mean,0.88,1.50694
2767,group_element_set,1000,dummy_mean,1.68,1.50694
2777,group_element_set,1000,dummy_mean,1.94,1.50694
2782,group_element_set,1000,dummy_mean,1.24,1.50694
2792,group_element_set,1000,dummy_mean,2.1,1.50694
2799,group_element_set,1000,dummy_mean,1.16,1.50694
2800,group_element_set,1000,dummy_mean,2.26,1.50694
2809,group_element_set,1000,dummy_mean,1.64,1.50694
2812,group_element_set,1000,dummy_mean,-0.58,1.50694
2826,group_element_set,1000,dummy_mean,1.3,1.50694
2836,group_element_set,1000,dummy_mean,2.6,1.50694
2837,group_element_set,1000,dummy_mean,1.1,1.50694
2843,group_element_set,1000,dummy_mean,1.88,1.50694
2849,group_element_set,1000,dummy_mean,1.2,1.50694
2854,group_element_set,1000,dummy_mean,1.88,1.50694
2856,group_element_set,1000,dummy_mean,1.4,1.50694
2864,group_element_set,1000,dummy_mean,1.82,1.50694
2872,group_element_set,1000,dummy_mean,-0.06,1.50694
2881,group_element_set,1000,dummy_mean,1.26,1.50694
2882,group_element_set,1000,dummy_mean,1.08,1.50694
2886,group_element_set,1000,dummy_mean,0.94,1.50694
2887,group_element_set,1000,dummy_mean,1.94,1.50694
2912,group_element_set,1000,dummy_mean,0.6,1.50694
2916,group_element_set,1000,dummy_mean,1.56,1.50694
2928,group_element_set,1000,dummy_mean,1.46,1.50694
2935,group_element_set,1000,dummy_mean,1.48,1.50694
2957,group_element_set,1000,dummy_mean,1.06,1.50694
2972,group_element_set,1000,dummy_mean,0.1,1.50694
2975,group_element_set,1000,dummy_mean,0.56,1.50694
2976,group_element_set,1000,dummy_mean,1.06,1.50694
2993,group_element_set,1000,dummy_mean,1.58,1.50694
2997,group_element_set,1000,dummy_mean,0.5,1.50694
3002,group_element_set,1000,dummy_mean,2.16,1.50694
3012,group_element_set,1000,dummy_mean,0.9,1.50694
3025,group_element_set,1000,dummy_mean,2.42,1.50694
3037,group_element_set,1000,dummy_mean,1.48,1.50694
3048,group_element_set,1000,dummy_mean,0.48,1.50694
3050,group_element_set,1000,dummy_mean,1.32,1.50694
3063,group_element_set,1000,dummy_mean,1.28,1.50694
3106,group_element_set,1000,dummy_mean,0.42,1.50694
3115,group_element_set,1000,dummy_mean,1.6,1.50694
3127,group_element_set,1000,dummy_mean,1.04,1.50694
3129,group_element_set,1000,dummy_mean,2.04,1.50694
3130,group_element_set,1000,dummy_mean,2.76,1.50694
3141,group_element_set,1000,dummy_mean,0.74,1.50694
3143,group_element_set,1000,dummy_mean,1.82,1.50694
3186,group_element_set,1000,dummy_mean,1.62,1.50694
3207,group_element_set,1000,dummy_mean,1.38,1.50694
3238,group_element_set,1000,dummy_mean,1.54,1.50694
3240,group_element_set,1000,dummy_mean,1.08,1.50694
3253,group_element_set,1000,dummy_mean,1.56,1.50694
3255,group_element_set,1000,dummy_mean,0.2,1.50694
3272,group_element_set,1000,dummy_mean,2.32,1.50694
3286,group_element_set,1000,dummy_mean,0.7,1.50694
3293,group_element_set,1000,dummy_mean,1.5,1.50694
3296,group_element_set,1000,dummy_mean,1.52,1.50694
3309,group_element_set,1000,dummy_mean,0.64,1.50694
3310,group_element_set,1000,dummy_mean,0.94,1.50694
3314,group_element_set,1000,dummy_mean,1.4,1.50694
3342,group_element_set,1000,dummy_mean,0.78,1.50694
3356,group_element_set,1000,dummy_mean,0.76,1.50694
3359,group_element_set,1000,dummy_mean,0.5,1.50694
3360,group_element_set,1000,dummy_mean,1.26,1.50694
3362,group_element_set,1000,dummy_mean,0.92,1.50694
3374,group_element_set,1000,dummy_mean,0.84,1.50694
3389,group_element_set,1000,dummy_mean,1.28,1.50694
3390,group_element_set,1000,dummy_mean,0.82,1.50694
3400,group_element_set,1000,dummy_mean,1.18,1.50694
3402,group_element_set,1000,dummy_mean,0.96,1.50694
3407,group_element_set,1000,dummy_mean,1.04,1.50694
3423,group_element_set,1000,dummy_mean,1.32,1.50694
3430,group_element_set,1000,dummy_mean,3.12,1.50694
3434,group_element_set,1000,dummy_mean,1.52,1.50694
3465,group_element_set,1000,dummy_mean,1.8,1.50694
3498,group_element_set,1000,dummy_mean,1.08,1.50694
3532,group_element_set,1000,dummy_mean,1.06,1.50694
3557,group_element_set,1000,dummy_mean,0.6,1.50694
3558,group_element_set,1000,dummy_mean,0.78,1.50694
3569,group_element_set,1000,dummy_mean,1.42,1.50694
3570,group_element_set,1000,dummy_mean,2.66,1.50694
3582,group_element_set,1000,dummy_mean,1.68,1.50694
3584,group_element_set,1000,dummy_mean,1.16,1.50694
3585,group_element_set,1000,dummy_mean,2.34,1.50694
3627,group_element_set,1000,dummy_mean,1.34,1.50694
3647,group_element_set,1000,dummy_mean,2.0,1.50694
3653,group_element_set,1000,dummy_mean,0.66,1.50694
3662,group_element_set,1000,dummy_mean,3.2,1.50694
3671,group_element_set,1000,dummy_mean,1.22,1.50694
3684,group_element_set,1000,dummy_mean,0.36,1.50694
3685,group_element_set,1000,dummy_mean,1.54,1.50694
3686,group_element_set,1000,dummy_mean,1.16,1.50694
3687,group_element_set,1000,dummy_mean,2.08,1.50694
3688,group_element_set,1000,dummy_mean,1.38,1.50694
3689,group_element_set,1000,dummy_mean,1.7,1.50694
3691,group_element_set,1000,dummy_mean,0.7,1.50694
3696,group_element_set,1000,dummy_mean,1.58,1.50694
3714,group_element_set,1000,dummy_mean,3.48,1.50694
3717,group_element_set,1000,dummy_mean,2.54,1.50694
3721,group_element_set,1000,dummy_mean,1.94,1.50694
3725,group_element_set,1000,dummy_mean,2.88,1.50694
3734,group_element_set,1000,dummy_mean,1.22,1.50694
3741,group_element_set,1000,dummy_mean,1.48,1.50694
3742,group_element_set,1000,dummy_mean,2.3,1.50694
3750,group_element_set,1000,dummy_mean,2.88,1.50694
3756,group_element_set,1000,dummy_mean,2.14,1.50694
3768,group_element_set,1000,dummy_mean,1.14,1.50694
3770,group_element_set,1000,dummy_mean,0.74,1.50694
3800,group_element_set,1000,dummy_mean,0.82,1.50694
3822,group_element_set,1000,dummy_mean,2.2,1.50694
3823,group_element_set,1000,dummy_mean,1.7,1.50694
3837,group_element_set,1000,dummy_mean,0.78,1.50694
3839,group_element_set,1000,dummy_mean,0.94,1.50694
3856,group_element_set,1000,dummy_mean,1.34,1.50694
3865,group_element_set,1000,dummy_mean,1.94,1.50694
3892,group_element_set,1000,dummy_mean,1.12,1.50694
3904,group_element_set,1000,dummy_mean,1.2,1.50694
3914,group_element_set,1000,dummy_mean,0.48,1.50694
3923,group_element_set,1000,dummy_mean,2.4,1.50694
3927,group_element_set,1000,dummy_mean,1.3,1.50694
3948,group_element_set,1000,dummy_mean,1.78,1.50694
3961,group_element_set,1000,dummy_mean,-0.1,1.50694
3962,group_element_set,1000,dummy_mean,1.72,1.50694
3984,group_element_set,1000,dummy_mean,1.2,1.50694
3995,group_element_set,1000,dummy_mean,1.36,1.50694
4000,group_element_set,1000,dummy_mean,1.2,1.50694
4005,group_element_set,1000,dummy_mean,1.62,1.50694
4021,group_element_set,1000,dummy_mean,1.32,1.50694
4043,group_element_set,1000,dummy_mean,2.9,1.50694
4044,group_element_set,1000,dummy_mean,0.8,1.50694
4050,group_element_set,1000,dummy_mean,2.0,1.50694
4057,group_element_set,1000,dummy_mean,1.52,1.50694
4073,group_element_set,1000,dummy_mean,1.98,1.50694
4074,group_element_set,1000,dummy_mean,0.6,1.50694
4075,group_element_set,1000,dummy_mean,1.62,1.50694
4083,group_element_set,1000,dummy_mean,0.98,1.50694
4106,group_element_set,1000,dummy_mean,1.44,1.50694
4135,group_element_set,1000,dummy_mean,1.04,1.50694
4144,group_element_set,1000,dummy_mean,0.98,1.50694
4202,group_element_set,1000,dummy_mean,1.22,1.50694
4211,group_element_set,1000,dummy_mean,1.18,1.50694
4221,group_element_set,1000,dummy_mean,0.94,1.50694
4227,group_element_set,1000,dummy_mean,3.98,1.50694
4238,group_element_set,1000,dummy_mean,1.04,1.50694
4244,group_element_set,1000,dummy_mean,0.24,1.50694
4255,group_element_set,1000,dummy_mean,1.16,1.50694
4256,group_element_set,1000,dummy_mean,1.64,1.50694
4257,group_element_set,1000,dummy_mean,1.34,1.50694
4277,group_element_set,1000,dummy_mean,2.26,1.50694
4281,group_element_set,1000,dummy_mean,2.34,1.50694
4284,group_element_set,1000,dummy_mean,0.7,1.50694
4289,group_element_set,1000,dummy_mean,3.66,1.50694
4346,group_element_set,1000,dummy_mean,2.1,1.50694
4349,group_element_set,1000,dummy_mean,1.4,1.50694
4352,group_element_set,1000,dummy_mean,1.8,1.50694
4376,group_element_set,1000,dummy_mean,2.62,1.50694
4412,group_element_set,1000,dummy_mean,0.18,1.50694
4429,group_element_set,1000,dummy_mean,2.0,1.50694
4438,group_element_set,1000,dummy_mean,3.22,1.50694
4440,group_element_set,1000,dummy_mean,1.18,1.50694
4444,group_element_set,1000,dummy_mean,1.42,1.50694
4445,group_element_set,1000,dummy_mean,0.48,1.50694
4458,group_element_set,1000,dummy_mean,1.36,1.50694
4467,group_element_set,1000,dummy_mean,3.02,1.50694
4472,group_element_set,1000,dummy_mean,2.24,1.50694
4482,group_element_set,1000,dummy_mean,1.1,1.50694
4491,group_element_set,1000,dummy_mean,1.02,1.50694
4504,group_element_set,1000,dummy_mean,1.62,1.50694
4512,group_element_set,1000,dummy_mean,1.34,1.50694
4520,group_element_set,1000,dummy_mean,1.52,1.50694
4522,group_element_set,1000,dummy_mean,1.38,1.50694
4526,group_element_set,1000,dummy_mean,1.84,1.50694
4535,group_element_set,1000,dummy_mean,0.74,1.50694
4545,group_element_set,1000,dummy_mean,0.8,1.50694
4547,group_element_set,1000,dummy_mean,0.44,1.50694
4551,group_element_set,1000,dummy_mean,1.32,1.50694
4555,group_element_set,1000,dummy_mean,0.94,1.50694
4569,group_element_set,1000,dummy_mean,1.64,1.50694
4573,group_element_set,1000,dummy_mean,1.04,1.50694
4574,group_element_set,1000,dummy_mean,0.38,1.50694
4581,group_element_set,1000,dummy_mean,1.96,1.50694
4615,group_element_set,1000,dummy_mean,2.3,1.50694
4631,group_element_set,1000,dummy_mean,1.74,1.50694
4632,group_element_set,1000,dummy_mean,0.84,1.50694
4642,group_element_set,1000,dummy_mean,0.84,1.50694
4671,group_element_set,1000,dummy_mean,1.02,1.50694
4673,group_element_set,1000,dummy_mean,4.34,1.50694
4676,group_element_set,1000,dummy_mean,0.68,1.50694
4677,group_element_set,1000,dummy_mean,1.42,1.50694
4684,group_element_set,1000,dummy_mean,1.08,1.50694
4720,group_element_set,1000,dummy_mean,3.54,1.50694
4724,group_element_set,1000,dummy_mean,1.8,1.50694
4730,group_element_set,1000,dummy_mean,1.54,1.50694
4744,group_element_set,1000,dummy_mean,1.96,1.50694
4753,group_element_set,1000,dummy_mean,1.2,1.50694
4754,group_element_set,1000,dummy_mean,1.36,1.50694
4769,group_element_set,1000,dummy_mean,1.42,1.50694
4781,group_element_set,1000,dummy_mean,0.86,1.50694
4795,group_element_set,1000,dummy_mean,1.06,1.50694
4802,group_element_set,1000,dummy_mean,1.56,1.50694
4806,group_element_set,1000,dummy_mean,1.52,1.50694
4812,group_element_set,1000,dummy_mean,0.6,1.50694
4814,group_element_set,1000,dummy_mean,1.66,1.50694
4828,group_element_set,1000,dummy_mean,1.78,1.50694
4830,group_element_set,1000,dummy_mean,2.1,1.50694
4873,group_element_set,1000,dummy_mean,2.58,1.50694
4877,group_element_set,1000,dummy_mean,2.32,1.50694
4894,group_element_set,1000,dummy_mean,1.18,1.50694
4899,group_element_set,1000,dummy_mean,1.08,1.50694
4901,group_element_set,1000,dummy_mean,0.96,1.50694
4903,group_element_set,1000,dummy_mean,1.58,1.50694
4908,group_element_set,1000,dummy_mean,1.02,1.50694
4919,group_element_set,1000,dummy_mean,3.86,1.50694
4932,group_element_set,1000,dummy_mean,2.0,1.50694
4937,group_element_set,1000,dummy_mean,1.7,1.50694
4941,group_element_set,1000,dummy_mean,1.68,1.50694
4945,group_element_set,1000,dummy_mean,3.12,1.50694
4947,group_element_set,1000,dummy_mean,1.24,1.50694
4965,group_element_set,1000,dummy_mean,1.22,1.50694
4982,group_element_set,1000,dummy_mean,0.58,1.50694
4983,group_element_set,1000,dummy_mean,2.7,1.50694
4997,group_element_set,1000,dummy_mean,1.28,1.50694
5001,group_element_set,1000,dummy_mean,1.42,1.50694
5010,group_element_set,1000,dummy_mean,2.52,1.50694
5012,group_element_set,1000,dummy_mean,1.58,1.50694
5025,group_element_set,1000,dummy_mean,1.04,1.50694
5041,group_element_set,1000,dummy_mean,1.8,1.50694
5043,group_element_set,1000,dummy_mean,1.08,1.50694
5057,group_element_set,1000,dummy_mean,1.44,1.50694
5058,group_element_set,1000,dummy_mean,0.7,1.50694
5064,group_element_set,1000,dummy_mean,1.28,1.50694
5096,group_element_set,1000,dummy_mean,4.36,1.50694
5097,group_element_set,1000,dummy_mean,2.5,1.50694
5101,group_element_set,1000,dummy_mean,3.74,1.50694
5108,group_element_set,1000,dummy_mean,1.22,1.50694
5152,group_element_set,1000,dummy_mean,2.76,1.50694
5156,group_element_set,1000,dummy_mean,1.4,1.50694
5167,group_element_set,1000,dummy_mean,0.56,1.50694
5176,group_element_set,1000,dummy_mean,1.46,1.50694
5182,group_element_set,1000,dummy_mean,2.68,1.50694
5184,group_element_set,1000,dummy_mean,1.18,1.50694
5197,group_element_set,1000,dummy_mean,1.74,1.50694
5208,group_element_set,1000,dummy_mean,1.14,1.50694
5213,group_element_set,1000,dummy_mean,2.1,1.50694
5216,group_element_set,1000,dummy_mean,2.08,1.50694
5218,group_element_set,1000,dummy_mean,0.62,1.50694
5219,group_element_set,1000,dummy_mean,2.18,1.50694
5258,group_element_set,1000,dummy_mean,0.86,1.50694
5268,group_element_set,1000,dummy_mean,1.58,1.50694
5275,group_element_set,1000,dummy_mean,0.46,1.50694
5279,group_element_set,1000,dummy_mean,2.48,1.50694
5282,group_element_set,1000,dummy_mean,2.06,1.50694
5288,group_element_set,1000,dummy_mean,2.68,1.50694
5295,group_element_set,1000,dummy_mean,1.04,1.50694
5298,group_element_set,1000,dummy_mean,1.5,1.50694
5331,group_element_set,1000,dummy_mean,1.56,1.50694
5335,group_element_set,1000,dummy_mean,0.62,1.50694
5339,group_element_set,1000,dummy_mean,2.64,1.50694
5348,group_element_set,1000,dummy_mean,1.68,1.50694
5350,group_element_set,1000,dummy_mean,0.42,1.50694
5356,group_element_set,1000,dummy_mean,1.84,1.50694
5372,group_element_set,1000,dummy_mean,2.42,1.50694
5389,group_element_set,1000,dummy_mean,0.96,1.50694
5393,group_element_set,1000,dummy_mean,3.0,1.50694
5403,group_element_set,1000,dummy_mean,1.9,1.50694
5409,group_element_set,1000,dummy_mean,0.66,1.50694
5412,group_element_set,1000,dummy_mean,0.72,1.50694
5415,group_element_set,1000,dummy_mean,2.38,1.50694
5455,group_element_set,1000,dummy_mean,1.04,1.50694
5481,group_element_set,1000,dummy_mean,1.56,1.50694
5491,group_element_set,1000,dummy_mean,1.12,1.50694
5492,group_element_set,1000,dummy_mean,1.88,1.50694
5493,group_element_set,1000,dummy_mean,1.46,1.50694
5497,group_element_set,1000,dummy_mean,0.9,1.50694
5503,group_element_set,1000,dummy_mean,1.48,1.50694
5509,group_element_set,1000,dummy_mean,1.22,1.50694
5512,group_element_set,1000,dummy_mean,1.18,1.50694
5514,group_element_set,1000,dummy_mean,1.48,1.50694
5535,group_element_set,1000,dummy_mean,1.34,1.50694
5574,group_element_set,1000,dummy_mean,1.62,1.50694
5599,group_element_set,1000,dummy_mean,1.32,1.50694
5602,group_element_set,1000,dummy_mean,0.68,1.50694
5616,group_element_set,1000,dummy_mean,1.02,1.50694
5617,group_element_set,1000,dummy_mean,0.92,1.50694
5635,group_element_set,1000,dummy_mean,1.08,1.50694
5669,group_element_set,1000,dummy_mean,2.6,1.50694
5680,group_element_set,1000,dummy_mean,0.34,1.50694
5688,group_element_set,1000,dummy_mean,1.4,1.50694
5706,group_element_set,1000,dummy_mean,0.74,1.50694
5727,group_element_set,1000,dummy_mean,0.3,1.50694
5729,group_element_set,1000,dummy_mean,1.08,1.50694
5748,group_element_set,1000,dummy_mean,1.12,1.50694
5757,group_element_set,1000,dummy_mean,1.38,1.50694
5769,group_element_set,1000,dummy_mean,0.94,1.50694
5822,group_element_set,1000,dummy_mean,1.02,1.50694
5839,group_element_set,1000,dummy_mean,0.88,1.50694
5842,group_element_set,1000,dummy_mean,2.62,1.50694
5857,group_element_set,1000,dummy_mean,1.44,1.50694
5868,group_element_set,1000,dummy_mean,2.3,1.50694
5883,group_element_set,1000,dummy_mean,1.5,1.50694
5905,group_element_set,1000,dummy_mean,1.3,1.50694
5906,group_element_set,1000,dummy_mean,3.06,1.50694
5909,group_element_set,1000,dummy_mean,1.16,1.50694
5910,group_element_set,1000,dummy_mean,0.3,1.50694
5930,group_element_set,1000,dummy_mean,2.4,1.50694
5939,group_element_set,1000,dummy_mean,1.06,1.50694
5950,group_element_set,1000,dummy_mean,0.4,1.50694
5960,group_element_set,1000,dummy_mean,0.32,1.50694
5996,group_element_set,1000,dummy_mean,0.5,1.50694
6002,group_element_set,1000,dummy_mean,0.68,1.50694
6009,group_element_set,1000,dummy_mean,1.72,1.50694
6015,group_element_set,1000,dummy_mean,2.98,1.50694
6021,group_element_set,1000,dummy_mean,0.68,1.50694
6052,group_element_set,1000,dummy_mean,1.52,1.50694
6056,group_element_set,1000,dummy_mean,1.8,1.50694
6057,group_element_set,1000,dummy_mean,2.42,1.50694
6062,group_element_set,1000,dummy_mean,1.96,1.50694
6065,group_element_set,1000,dummy_mean,1.42,1.50694
6081,group_element_set,1000,dummy_mean,1.18,1.50694
6092,group_element_set,1000,dummy_mean,0.54,1.50694
6103,group_element_set,1000,dummy_mean,1.46,1.50694
6106,group_element_set,1000,dummy_mean,1.1,1.50694
6114,group_element_set,1000,dummy_mean,1.94,1.50694
6121,group_element_set,1000,dummy_mean,0.86,1.50694
6123,group_element_set,1000,dummy_mean,1.58,1.50694
6137,group_element_set,1000,dummy_mean,0.62,1.50694
6142,group_element_set,1000,dummy_mean,0.68,1.50694
6156,group_element_set,1000,dummy_mean,0.7,1.50694
6164,group_element_set,1000,dummy_mean,1.12,1.50694
6167,group_element_set,1000,dummy_mean,1.5,1.50694
6177,group_element_set,1000,dummy_mean,2.68,1.50694
6189,group_element_set,1000,dummy_mean,1.02,1.50694
6192,group_element_set,1000,dummy_mean,0.54,1.50694
6220,group_element_set,1000,dummy_mean,1.14,1.50694
6234,group_element_set,1000,dummy_mean,1.38,1.50694
6268,group_element_set,1000,dummy_mean,0.82,1.50694
6281,group_element_set,1000,dummy_mean,0.76,1.50694
6285,group_element_set,1000,dummy_mean,0.8,1.50694
6293,group_element_set,1000,dummy_mean,1.36,1.50694
6294,group_element_set,1000,dummy_mean,0.74,1.50694
6295,group_element_set,1000,dummy_mean,1.78,1.50694
6314,group_element_set,1000,dummy_mean,1.12,1.50694
6324,group_element_set,1000,dummy_mean,2.0,1.50694
6343,group_element_set,1000,dummy_mean,1.82,1.50694
6352,group_element_set,1000,dummy_mean,1.08,1.50694
6354,group_element_set,1000,dummy_mean,2.1,1.50694
6357,group_element_set,1000,dummy_mean,1.46,1.50694
6358,group_element_set,1000,dummy_mean,1.08,1.50694
6403,group_element_set,1000,dummy_mean,1.6,1.50694
6407,group_element_set,1000,dummy_mean,2.7,1.50694
6415,group_element_set,1000,dummy_mean,1.76,1.50694
6420,group_element_set,1000,dummy_mean,1.16,1.50694
6421,group_element_set,1000,dummy_mean,1.64,1.50694
6432,group_element_set,1000,dummy_mean,0.8,1.50694
6444,group_element_set,1000,dummy_mean,0.48,1.50694
6448,group_element_set,1000,dummy_mean,2.88,1.50694
6451,group_element_set,1000,dummy_mean,1.3,1.50694
6453,group_element_set,1000,dummy_mean,1.0,1.50694
6466,group_element_set,1000,dummy_mean,0.36,1.50694
6471,group_element_set,1000,dummy_mean,1.44,1.50694
6472,group_element_set,1000,dummy_mean,0.62,1.50694
6476,group_element_set,1000,dummy_mean,1.72,1.50694
6480,group_element_set,1000,dummy_mean,1.38,1.50694
6483,group_element_set,1000,dummy_mean,1.58,1.50694
6488,group_element_set,1000,dummy_mean,1.44,1.50694
6493,group_element_set,1000,dummy_mean,1.98,1.50694
6497,group_element_set,1000,dummy_mean,1.9,1.50694
6506,group_element_set,1000,dummy_mean,0.62,1.50694
6508,group_element_set,1000,dummy_mean,0.78,1.50694
6511,group_element_set,1000,dummy_mean,0.84,1.50694
6512,group_element_set,1000,dummy_mean,1.72,1.50694
6514,group_element_set,1000,dummy_mean,0.62,1.50694
6516,group_element_set,1000,dummy_mean,2.78,1.50694
6541,group_element_set,1000,dummy_mean,2.48,1.50694
6586,group_element_set,1000,dummy_mean,0.56,1.50694
6590,group_element_set,1000,dummy_mean,0.22,1.50694
6630,group_element_set,1000,dummy_mean,1.66,1.50694
6631,group_element_set,1000,dummy_mean,0.88,1.50694
6646,group_element_set,1000,dummy_mean,0.96,1.50694
6647,group_element_set,1000,dummy_mean,1.48,1.50694
6665,group_element_set,1000,dummy_mean,2.22,1.50694
6680,group_element_set,1000,dummy_mean,1.66,1.50694
6708,group_element_set,1000,dummy_mean,1.2,1.50694
6734,group_element_set,1000,dummy_mean,2.22,1.50694
6741,group_element_set,1000,dummy_mean,1.78,1.50694
6746,group_element_set,1000,dummy_mean,0.66,1.50694
6750,group_element_set,1000,dummy_mean,2.52,1.50694
6753,group_element_set,1000,dummy_mean,1.3,1.50694
6761,group_element_set,1000,dummy_mean,1.5,1.50694
6769,group_element_set,1000,dummy_mean,2.16,1.50694
6810,group_element_set,1000,dummy_mean,2.5,1.50694
6824,group_element_set,1000,dummy_mean,1.22,1.50694
6826,group_element_set,1000,dummy_mean,0.38,1.50694
6829,group_element_set,1000,dummy_mean,1.42,1.50694
6836,group_element_set,1000,dummy_mean,0.36,1.50694
6842,group_element_set,1000,dummy_mean,1.88,1.50694
6846,group_element_set,1000,dummy_mean,0.56,1.50694
6850,group_element_set,1000,dummy_mean,0.66,1.50694
6871,group_element_set,1000,dummy_mean,1.94,1.50694
6884,group_element_set,1000,dummy_mean,0.96,1.50694
6913,group_element_set,1000,dummy_mean,1.5,1.50694
6925,group_element_set,1000,dummy_mean,2.38,1.50694
6940,group_element_set,1000,dummy_mean,3.4,1.50694
6955,group_element_set,1000,dummy_mean,0.92,1.50694
6975,group_element_set,1000,dummy_mean,1.38,1.50694
6987,group_element_set,1000,dummy_mean,1.22,1.50694
7010,group_element_set,1000,dummy_mean,1.48,1.50694
7017,group_element_set,1000,dummy_mean,0.92,1.50694
7027,group_element_set,1000,dummy_mean,0.66,1.50694
7035,group_element_set,1000,dummy_mean,2.26,1.50694
7058,group_element_set,1000,dummy_mean,2.1,1.50694
7061,group_element_set,1000,dummy_mean,0.7,1.50694
7065,group_element_set,1000,dummy_mean,1.78,1.50694
7067,group_element_set,1000,dummy_mean,1.16,1.50694
7069,group_element_set,1000,dummy_mean,2.08,1.50694
7073,group_element_set,1000,dummy_mean,2.4,1.50694
7074,group_element_set,1000,dummy_mean,0.76,1.50694
7088,group_element_set,1000,dummy_mean,0.94,1.50694
7128,group_element_set,1000,dummy_mean,0.46,1.50694
7166,group_element_set,1000,dummy_mean,1.14,1.50694
7178,group_element_set,1000,dummy_mean,1.5,1.50694
7193,group_element_set,1000,dummy_mean,2.14,1.50694
7194,group_element_set,1000,dummy_mean,1.44,1.50694
7209,group_element_set,1000,dummy_mean,2.06,1.50694
7218,group_element_set,1000,dummy_mean,0.78,1.50694
7221,group_element_set,1000,dummy_mean,0.0,1.50694
7234,group_element_set,1000,dummy_mean,1.36,1.50694
7255,group_element_set,1000,dummy_mean,3.12,1.50694
7256,group_element_set,1000,dummy_mean,0.46,1.50694
7257,group_element_set,1000,dummy_mean,0.16,1.50694
7264,group_element_set,1000,dummy_mean,1.7,1.50694
7265,group_element_set,1000,dummy_mean,2.1,1.50694
7281,group_element_set,1000,dummy_mean,1.08,1.50694
7282,group_element_set,1000,dummy_mean,0.76,1.50694
7285,group_element_set,1000,dummy_mean,0.84,1.50694
7293,group_element_set,1000,dummy_mean,1.0,1.50694
7297,group_element_set,1000,dummy_mean,2.26,1.50694
7303,group_element_set,1000,dummy_mean,2.3,1.50694
7320,group_element_set,1000,dummy_mean,0.94,1.50694
7334,group_element_set,1000,dummy_mean,1.2,1.50694
7342,group_element_set,1000,dummy_mean,2.34,1.50694
7346,group_element_set,1000,dummy_mean,2.84,1.50694
7347,group_element_set,1000,dummy_mean,1.78,1.50694
7349,group_element_set,1000,dummy_mean,1.4,1.50694
7359,group_element_set,1000,dummy_mean,1.84,1.50694
7365,group_element_set,1000,dummy_mean,1.26,1.50694
7375,group_element_set,1000,dummy_mean,1.96,1.50694
7396,group_element_set,1000,dummy_mean,1.82,1.50694
7405,group_element_set,1000,dummy_mean,1.6,1.50694
7410,group_element_set,1000,dummy_mean,1.76,1.50694
7415,group_element_set,1000,dummy_mean,-0.24,1.50694
7425,group_element_set,1000,dummy_mean,0.26,1.50694
7456,group_element_set,1000,dummy_mean,1.86,1.50694
7458,group_element_set,1000,dummy_mean,1.38,1.50694
7469,group_element_set,1000,dummy_mean,1.98,1.50694
7482,group_element_set,1000,dummy_mean,1.14,1.50694
7500,group_element_set,1000,dummy_mean,1.36,1.50694
7516,group_element_set,1000,dummy_mean,1.44,1.50694
7543,group_element_set,1000,dummy_mean,1.7,1.50694
7547,group_element_set,1000,dummy_mean,1.52,1.50694
7549,group_element_set,1000,dummy_mean,1.5,1.50694
7560,group_element_set,1000,dummy_mean,2.36,1.50694
7570,group_element_set,1000,dummy_mean,0.34,1.50694
7571,group_element_set,1000,dummy_mean,1.44,1.50694
7591,group_element_set,1000,dummy_mean,1.54,1.50694
7598,group_element_set,1000,dummy_mean,1.0,1.50694
7603,group_element_set,1000,dummy_mean,1.82,1.50694
7608,group_element_set,1000,dummy_mean,1.44,1.50694
7617,group_element_set,1000,dummy_mean,1.18,1.50694
7621,group_element_set,1000,dummy_mean,1.5,1.50694
7643,group_element_set,1000,dummy_mean,1.02,1.50694
7652,group_element_set,1000,dummy_mean,1.48,1.50694
7664,group_element_set,1000,dummy_mean,1.54,1.50694
7670,group_element_set,1000,dummy_mean,1.54,1.50694
7679,group_element_set,1000,dummy_mean,3.62,1.50694
7690,group_element_set,1000,dummy_mean,1.7,1.50694
7725,group_element_set,1000,dummy_mean,1.12,1.50694
7728,group_element_set,1000,dummy_mean,1.34,1.50694
7729,group_element_set,1000,dummy_mean,1.48,1.50694
7737,group_element_set,1000,dummy_mean,0.84,1.50694
7745,group_element_set,1000,dummy_mean,1.5,1.50694
7747,group_element_set,1000,dummy_mean,1.2,1.50694
7752,group_element_set,1000,dummy_mean,1.68,1.50694
7773,group_element_set,1000,dummy_mean,1.26,1.50694
7777,group_element_set,1000,dummy_mean,1.28,1.50694
7780,group_element_set,1000,dummy_mean,1.64,1.50694
7791,group_element_set,1000,dummy_mean,1.58,1.50694
7803,group_element_set,1000,dummy_mean,1.1,1.50694
7812,group_element_set,1000,dummy_mean,1.58,1.50694
7828,group_element_set,1000,dummy_mean,1.84,1.50694
7830,group_element_set,1000,dummy_mean,1.76,1.50694
7870,group_element_set,1000,dummy_mean,1.08,1.50694
7890,group_element_set,1000,dummy_mean,1.38,1.50694
7891,group_element_set,1000,dummy_mean,1.98,1.50694
7894,group_element_set,1000,dummy_mean,2.84,1.50694
7898,group_element_set,1000,dummy_mean,1.04,1.50694
7899,group_element_set,1000,dummy_mean,1.0,1.50694
7908,group_element_set,1000,dummy_mean,0.8,1.50694
7924,group_element_set,1000,dummy_mean,0.88,1.50694
7927,group_element_set,1000,dummy_mean,1.48,1.50694
7929,group_element_set,1000,dummy_mean,1.34,1.50694
7941,group_element_set,1000,dummy_mean,0.76,1.50694
7955,group_element_set,1000,dummy_mean,1.54,1.50694
7966,group_element_set,1000,dummy_mean,1.08,1.50694
7973,group_element_set,1000,dummy_mean,1.8,1.50694
7982,group_element_set,1000,dummy_mean,1.72,1.50694
8022,group_element_set,1000,dummy_mean,3.26,1.50694
8025,group_element_set,1000,dummy_mean,2.32,1.50694
8028,group_element_set,1000,dummy_mean,1.32,1.50694
8035,group_element_set,1000,dummy_mean,1.54,1.50694
8060,group_element_set,1000,dummy_mean,1.26,1.50694
8068,group_element_set,1000,dummy_mean,2.3,1.50694
8073,group_element_set,1000,dummy_mean,0.94,1.50694
8074,group_element_set,1000,dummy_mean,0.8,1.50694
8086,group_element_set,1000,dummy_mean,0.9,1.50694
8094,group_element_set,1000,dummy_mean,2.98,1.50694
8108,group_element_set,1000,dummy_mean,1.56,1.50694
8125,group_element_set,1000,dummy_mean,2.46,1.50694
8146,group_element_set,1000,dummy_mean,0.5,1.50694
8148,group_element_set,1000,dummy_mean,1.42,1.50694
8180,group_element_set,1000,dummy_mean,1.94,1.50694
8183,group_element_set,1000,dummy_mean,1.84,1.50694
8187,group_element_set,1000,dummy_mean,1.52,1.50694
8189,group_element_set,1000,dummy_mean,2.32,1.50694
8197,group_element_set,1000,dummy_mean,1.48,1.50694
8207,group_element_set,1000,dummy_mean,0.76,1.50694
8227,group_element_set,1000,dummy_mean,1.88,1.50694
8229,group_element_set,1000,dummy_mean,1.66,1.50694
8242,group_element_set,1000,dummy_mean,1.24,1.50694
8246,group_element_set,1000,dummy_mean,2.04,1.50694
8263,group_element_set,1000,dummy_mean,1.66,1.50694
8269,group_element_set,1000,dummy_mean,1.3,1.50694
8276,group_element_set,1000,dummy_mean,0.86,1.50694
8289,group_element_set,1000,dummy_mean,0.86,1.50694
8296,group_element_set,1000,dummy_mean,2.66,1.50694
8299,group_element_set,1000,dummy_mean,1.7,1.50694
8313,group_element_set,1000,dummy_mean,4.04,1.50694
8329,group_element_set,1000,dummy_mean,1.46,1.50694
8335,group_element_set,1000,dummy_mean,1.94,1.50694
8343,group_element_set,1000,dummy_mean,0.7,1.50694
8345,group_element_set,1000,dummy_mean,0.52,1.50694
8350,group_element_set,1000,dummy_mean,2.2,1.50694
8359,group_element_set,1000,dummy_mean,1.88,1.50694
8367,group_element_set,1000,dummy_mean,0.62,1.50694
8377,group_element_set,1000,dummy_mean,0.66,1.50694
8387,group_element_set,1000,dummy_mean,1.42,1.50694
8402,group_element_set,1000,dummy_mean,0.96,1.50694
8409,group_element_set,1000,dummy_mean,1.32,1.50694
8414,group_element_set,1000,dummy_mean,1.38,1.50694
8422,group_element_set,1000,dummy_mean,1.0,1.50694
8446,group_element_set,1000,dummy_mean,2.52,1.50694
8455,group_element_set,1000,dummy_mean,0.7,1.50694
8457,group_element_set,1000,dummy_mean,0.56,1.50694
8458,group_element_set,1000,dummy_mean,1.32,1.50694
8464,group_element_set,1000,dummy_mean,2.94,1.50694
8487,group_element_set,1000,dummy_mean,0.52,1.50694
8508,group_element_set,1000,dummy_mean,0.76,1.50694
8511,group_element_set,1000,dummy_mean,1.3,1.50694
8517,group_element_set,1000,dummy_mean,1.54,1.50694
8537,group_element_set,1000,dummy_mean,2.18,1.50694
8538,group_element_set,1000,dummy_mean,1.38,1.50694
8568,group_element_set,1000,dummy_mean,1.86,1.50694
8586,group_element_set,1000,dummy_mean,1.82,1.50694
8608,group_element_set,1000,dummy_mean,1.16,1.50694
8610,group_element_set,1000,dummy_mean,0.54,1.50694
8615,group_element_set,1000,dummy_mean,0.34,1.50694
8618,group_element_set,1000,dummy_mean,1.98,1.50694
8620,group_element_set,1000,dummy_mean,1.84,1.50694
8634,group_element_set,1000,dummy_mean,1.68,1.50694
8636,group_element_set,1000,dummy_mean,1.32,1.50694
8663,group_element_set,1000,dummy_mean,1.76,1.50694
8678,group_element_set,1000,dummy_mean,1.92,1.50694
8682,group_element_set,1000,dummy_mean,0.92,1.50694
8683,group_element_set,1000,dummy_mean,0.36,1.50694
8695,group_element_set,1000,dummy_mean,0.86,1.50694
8697,group_element_set,1000,dummy_mean,1.38,1.50694
8708,group_element_set,1000,dummy_mean,1.3,1.50694
8712,group_element_set,1000,dummy_mean,1.32,1.50694
8713,group_element_set,1000,dummy_mean,0.1,1.50694
8718,group_element_set,1000,dummy_mean,1.14,1.50694
8720,group_element_set,1000,dummy_mean,1.48,1.50694
8723,group_element_set,1000,dummy_mean,0.9,1.50694
8738,group_element_set,1000,dummy_mean,0.82,1.50694
8744,group_element_set,1000,dummy_mean,0.76,1.50694
8746,group_element_set,1000,dummy_mean,0.22,1.50694
8768,group_element_set,1000,dummy_mean,1.76,1.50694
8779,group_element_set,1000,dummy_mean,3.88,1.50694
8782,group_element_set,1000,dummy_mean,2.46,1.50694
8783,group_element_set,1000,dummy_mean,2.8,1.50694
8785,group_element_set,1000,dummy_mean,1.56,1.50694
8797,group_element_set,1000,dummy_mean,0.12,1.50694
8814,group_element_set,1000,dummy_mean,2.56,1.50694
8843,group_element_set,1000,dummy_mean,1.52,1.50694
8868,group_element_set,1000,dummy_mean,1.18,1.50694
8878,group_element_set,1000,dummy_mean,1.72,1.50694
8916,group_element_set,1000,dummy_mean,1.22,1.50694
8923,group_element_set,1000,dummy_mean,1.42,1.50694
8925,group_element_set,1000,dummy_mean,3.94,1.50694
8927,group_element_set,1000,dummy_mean,1.34,1.50694
8948,group_element_set,1000,dummy_mean,1.26,1.50694
8953,group_element_set,1000,dummy_mean,1.66,1.50694
8973,group_element_set,1000,dummy_mean,1.3,1.50694
8984,group_element_set,1000,dummy_mean,1.12,1.50694
8986,group_element_set,1000,dummy_mean,1.02,1.50694
8992,group_element_set,1000,dummy_mean,1.48,1.50694
9003,group_element_set,1000,dummy_mean,2.14,1.50694
9012,group_element_set,1000,dummy_mean,1.38,1.50694
9013,group_element_set,1000,dummy_mean,0.88,1.50694
9032,group_element_set,1000,dummy_mean,1.72,1.50694
9038,group_element_set,1000,dummy_mean,1.9,1.50694
9045,group_element_set,1000,dummy_mean,1.28,1.50694
9049,group_element_set,1000,dummy_mean,0.78,1.50694
9062,group_element_set,1000,dummy_mean,1.14,1.50694
9065,group_element_set,1000,dummy_mean,2.76,1.50694
9080,group_element_set,1000,dummy_mean,1.34,1.50694
9096,group_element_set,1000,dummy_mean,1.1,1.50694
9100,group_element_set,1000,dummy_mean,2.8,1.50694
9105,group_element_set,1000,dummy_mean,1.2,1.50694
9113,group_element_set,1000,dummy_mean,1.38,1.50694
9115,group_element_set,1000,dummy_mean,0.54,1.50694
9124,group_element_set,1000,dummy_mean,0.72,1.50694
9129,group_element_set,1000,dummy_mean,3.7,1.50694
9139,group_element_set,1000,dummy_mean,1.0,1.50694
9154,group_element_set,1000,dummy_mean,1.78,1.50694
9191,group_element_set,1000,dummy_mean,1.64,1.50694
9196,group_element_set,1000,dummy_mean,1.72,1.50694
9207,group_element_set,1000,dummy_mean,3.52,1.50694
9212,group_element_set,1000,dummy_mean,1.36,1.50694
9221,group_element_set,1000,dummy_mean,0.92,1.50694
9238,group_element_set,1000,dummy_mean,1.22,1.50694
9240,group_element_set,1000,dummy_mean,1.84,1.50694
9242,group_element_set,1000,dummy_mean,4.08,1.50694
9254,group_element_set,1000,dummy_mean,2.2,1.50694
9277,group_element_set,1000,dummy_mean,0.42,1.50694
9283,group_element_set,1000,dummy_mean,0.14,1.50694
9285,group_element_set,1000,dummy_mean,2.48,1.50694
9294,group_element_set,1000,dummy_mean,1.84,1.50694
9296,group_element_set,1000,dummy_mean,1.58,1.50694
9307,group_element_set,1000,dummy_mean,0.7,1.50694
9312,group_element_set,1000,dummy_mean,2.3,1.50694
9322,group_element_set,1000,dummy_mean,2.1,1.50694
9340,group_element_set,1000,dummy_mean,2.3,1.50694
9341,group_element_set,1000,dummy_mean,1.8,1.50694
9351,group_element_set,1000,dummy_mean,1.12,1.50694
9352,group_element_set,1000,dummy_mean,2.14,1.50694
9353,group_element_set,1000,dummy_mean,3.02,1.50694
9356,group_element_set,1000,dummy_mean,1.12,1.50694
9357,group_element_set,1000,dummy_mean,0.82,1.50694
9376,group_element_set,1000,dummy_mean,1.98,1.50694
9377,group_element_set,1000,dummy_mean,2.26,1.50694
9396,group_element_set,1000,dummy_mean,0.82,1.50694
9397,group_element_set,1000,dummy_mean,4.24,1.50694
9422,group_element_set,1000,dummy_mean,1.7,1.50694
9425,group_element_set,1000,dummy_mean,2.4,1.50694
9432,group_element_set,1000,dummy_mean,0.68,1.50694
9438,group_element_set,1000,dummy_mean,2.58,1.50694
9439,group_element_set,1000,dummy_mean,0.92,1.50694
9440,group_element_set,1000,dummy_mean,1.22,1.50694
9465,group_element_set,1000,dummy_mean,1.72,1.50694
9480,group_element_set,1000,dummy_mean,2.14,1.50694
9481,group_element_set,1000,dummy_mean,2.92,1.50694
9506,group_element_set,1000,dummy_mean,1.52,1.50694
9508,group_element_set,1000,dummy_mean,2.16,1.50694
9519,group_element_set,1000,dummy_mean,1.58,1.50694
9520,group_element_set,1000,dummy_mean,1.28,1.50694
9522,group_element_set,1000,dummy_mean,2.18,1.50694
9529,group_element_set,1000,dummy_mean,0.68,1.50694
9535,group_element_set,1000,dummy_mean,1.78,1.50694
9536,group_element_set,1000,dummy_mean,1.16,1.50694
9538,group_element_set,1000,dummy_mean,0.56,1.50694
9561,group_element_set,1000,dummy_mean,1.7,1.50694
9572,group_element_set,1000,dummy_mean,1.28,1.50694
9576,group_element_set,1000,dummy_mean,1.58,1.50694
9601,group_element_set,1000,dummy_mean,1.4,1.50694
9602,group_element_set,1000,dummy_mean,1.92,1.50694
9607,group_element_set,1000,dummy_mean,0.2,1.50694
9608,group_element_set,1000,dummy_mean,0.12,1.50694
9610,group_element_set,1000,dummy_mean,0.46,1.50694
9614,group_element_set,1000,dummy_mean,0.38,1.50694
9615,group_element_set,1000,dummy_mean,1.86,1.50694
9623,group_element_set,1000,dummy_mean,1.52,1.50694
9635,group_element_set,1000,dummy_mean,1.94,1.50694
9638,group_element_set,1000,dummy_mean,1.96,1.50694
9647,group_element_set,1000,dummy_mean,0.42,1.50694
9657,group_element_set,1000,dummy_mean,1.64,1.50694
9694,group_element_set,1000,dummy_mean,2.66,1.50694
9722,group_element_set,1000,dummy_mean,2.82,1.50694
9734,group_element_set,1000,dummy_mean,1.26,1.50694
9773,group_element_set,1000,dummy_mean,0.62,1.50694
9781,group_element_set,1000,dummy_mean,2.1,1.50694
9800,group_element_set,1000,dummy_mean,0.86,1.50694
9803,group_element_set,1000,dummy_mean,0.64,1.50694
9808,group_element_set,1000,dummy_mean,1.78,1.50694
9809,group_element_set,1000,dummy_mean,2.34,1.50694
9812,group_element_set,1000,dummy_mean,0.82,1.50694
9826,group_element_set,1000,dummy_mean,1.8,1.50694
9832,group_element_set,1000,dummy_mean,2.5,1.50694
9835,group_element_set,1000,dummy_mean,1.64,1.50694
9837,group_element_set,1000,dummy_mean,1.38,1.50694
9842,group_element_set,1000,dummy_mean,1.1,1.50694
9852,group_element_set,1000,dummy_mean,1.72,1.50694
9861,group_element_set,1000,dummy_mean,1.6,1.50694
9871,group_element_set,1000,dummy_mean,1.26,1.50694
9888,group_element_set,1000,dummy_mean,1.22,1.50694
9903,group_element_set,1000,dummy_mean,1.48,1.50694
9906,group_element_set,1000,dummy_mean,1.78,1.50694
9908,group_element_set,1000,dummy_mean,0.66,1.50694
9912,group_element_set,1000,dummy_mean,1.46,1.50694
9933,group_element_set,1000,dummy_mean,1.92,1.50694
9936,group_element_set,1000,dummy_mean,2.74,1.50694
10000,group_element_set,1000,dummy_mean,1.9,1.50694
10009,group_element_set,1000,dummy_mean,1.14,1.50694
10019,group_element_set,1000,dummy_mean,0.68,1.50694
10020,group_element_set,1000,dummy_mean,0.56,1.50694
10033,group_element_set,1000,dummy_mean,1.36,1.50694
10037,group_element_set,1000,dummy_mean,0.7,1.50694
10057,group_element_set,1000,dummy_mean,0.24,1.50694
10077,group_element_set,1000,dummy_mean,0.66,1.50694
10079,group_element_set,1000,dummy_mean,2.1,1.50694
10084,group_element_set,1000,dummy_mean,1.32,1.50694
10087,group_element_set,1000,dummy_mean,2.54,1.50694
10088,group_element_set,1000,dummy_mean,1.8,1.50694
10095,group_element_set,1000,dummy_mean,2.16,1.50694
10096,group_element_set,1000,dummy_mean,1.66,1.50694
10103,group_element_set,1000,dummy_mean,2.58,1.50694
10123,group_element_set,1000,dummy_mean,1.7,1.50694
10135,group_element_set,1000,dummy_mean,1.8,1.50694
10138,group_element_set,1000,dummy_mean,2.0,1.50694
10146,group_element_set,1000,dummy_mean,1.16,1.50694
10158,group_element_set,1000,dummy_mean,0.64,1.50694
10160,group_element_set,1000,dummy_mean,2.1,1.50694
10163,group_element_set,1000,dummy_mean,1.86,1.50694
10169,group_element_set,1000,dummy_mean,2.36,1.50694
10173,group_element_set,1000,dummy_mean,1.5,1.50694
10174,group_element_set,1000,dummy_mean,1.9,1.50694
10191,group_element_set,1000,dummy_mean,2.38,1.50694
10199,group_element_set,1000,dummy_mean,0.52,1.50694
10208,group_element_set,1000,dummy_mean,1.14,1.50694
10211,group_element_set,1000,dummy_mean,0.98,1.50694
10212,group_element_set,1000,dummy_mean,2.48,1.50694
10216,group_element_set,1000,dummy_mean,1.54,1.50694
10218,group_element_set,1000,dummy_mean,2.34,1.50694
10258,group_element_set,1000,dummy_mean,1.78,1.50694
10259,group_element_set,1000,dummy_mean,1.62,1.50694
10282,group_element_set,1000,dummy_mean,0.62,1.50694
10284,group_element_set,1000,dummy_mean,1.82,1.50694
10305,group_element_set,1000,dummy_mean,2.18,1.50694
10306,group_element_set,1000,dummy_mean,0.98,1.50694
10318,group_element_set,1000,dummy_mean,0.5,1.50694
10326,group_element_set,1000,dummy_mean,1.52,1.50694
10327,group_element_set,1000,dummy_mean,1.44,1.50694
10331,group_element_set,1000,dummy_mean,1.3,1.50694
10340,group_element_set,1000,dummy_mean,1.6,1.50694
10348,group_element_set,1000,dummy_mean,1.88,1.50694
10350,group_element_set,1000,dummy_mean,1.3,1.50694
10351,group_element_set,1000,dummy_mean,1.66,1.50694
10374,group_element_set,1000,dummy_mean,0.92,1.50694
10377,group_element_set,1000,dummy_mean,1.04,1.50694
10384,group_element_set,1000,dummy_mean,0.8,1.50694
10389,group_element_set,1000,dummy_mean,0.7,1.50694
10400,group_element_set,1000,dummy_mean,1.6,1.50694
10420,group_element_set,1000,dummy_mean,1.42,1.50694
10423,group_element_set,1000,dummy_mean,1.48,1.50694
10428,group_element_set,1000,dummy_mean,3.4,1.50694
10461,group_element_set,1000,dummy_mean,0.9,1.50694
10484,group_element_set,1000,dummy_mean,0.5,1.50694
10491,group_element_set,1000,dummy_mean,3.32,1.50694
10505,group_element_set,1000,dummy_mean,2.26,1.50694
10514,group_element_set,1000,dummy_mean,1.54,1.50694
10515,group_element_set,1000,dummy_mean,0.84,1.50694
10543,group_element_set,1000,dummy_mean,2.42,1.50694
10580,group_element_set,1000,dummy_mean,1.3,1.50694
10591,group_element_set,1000,dummy_mean,1.52,1.50694
10594,group_element_set,1000,dummy_mean,0.82,1.50694
10600,group_element_set,1000,dummy_mean,0.8,1.50694
10605,group_element_set,1000,dummy_mean,2.26,1.50694
10610,group_element_set,1000,dummy_mean,1.86,1.50694
10614,group_element_set,1000,dummy_mean,1.3,1.50694
10618,group_element_set,1000,dummy_mean,3.44,1.50694
10619,group_element_set,1000,dummy_mean,1.16,1.50694
10627,group_element_set,1000,dummy_mean,1.1,1.50694
10632,group_element_set,1000,dummy_mean,0.8,1.50694
10634,group_element_set,1000,dummy_mean,3.68,1.50694
10639,group_element_set,1000,dummy_mean,-0.16,1.50694
10644,group_element_set,1000,dummy_mean,2.6,1.50694
10647,group_element_set,1000,dummy_mean,1.38,1.50694
10654,group_element_set,1000,dummy_mean,2.0,1.50694
10659,group_element_set,1000,dummy_mean,1.6,1.50694
10660,group_element_set,1000,dummy_mean,2.32,1.50694
10665,group_element_set,1000,dummy_mean,1.6,1.50694
10666,group_element_set,1000,dummy_mean,0.18,1.50694
10667,group_element_set,1000,dummy_mean,1.14,1.50694
10707,group_element_set,1000,dummy_mean,0.96,1.50694
10725,group_element_set,1000,dummy_mean,1.2,1.50694
10729,group_element_set,1000,dummy_mean,2.1,1.50694
10742,group_element_set,1000,dummy_mean,2.48,1.50694
10761,group_element_set,1000,dummy_mean,2.82,1.50694
10780,group_element_set,1000,dummy_mean,1.98,1.50694
10823,group_element_set,1000,dummy_mean,1.48,1.50694
10826,group_element_set,1000,dummy_mean,2.72,1.50694
10841,group_element_set,1000,dummy_mean,0.9,1.50694
10846,group_element_set,1000,dummy_mean,1.02,1.50694
10851,group_element_set,1000,dummy_mean,1.28,1.50694
10854,group_element_set,1000,dummy_mean,0.3,1.50694
10866,group_element_set,1000,dummy_mean,4.18,1.50694
10868,group_element_set,1000,dummy_mean,2.14,1.50694
10873,group_element_set,1000,dummy_mean,1.22,1.50694
10894,group_element_set,1000,dummy_mean,1.58,1.50694
10902,group_element_set,1000,dummy_mean,2.8,1.50694
10912,group_element_set,1000,dummy_mean,0.22,1.50694
10925,group_element_set,1000,dummy_mean,1.56,1.50694
10926,group_element_set,1000,dummy_mean,0.48,1.50694
10927,group_element_set,1000,dummy_mean,0.28,1.50694
10956,group_element_set,1000,dummy_mean,1.24,1.50694
10971,group_element_set,1000,dummy_mean,2.1,1.50694
10977,group_element_set,1000,dummy_mean,1.2,1.50694
10983,group_element_set,1000,dummy_mean,2.3,1.50694
10987,group_element_set,1000,dummy_mean,1.42,1.50694
10991,group_element_set,1000,dummy_mean,0.44,1.50694
10996,group_element_set,1000,dummy_mean,0.64,1.50694
11031,group_element_set,1000,dummy_mean,0.56,1.50694
11033,group_element_set,1000,dummy_mean,1.62,1.50694
11035,group_element_set,1000,dummy_mean,0.94,1.50694
11037,group_element_set,1000,dummy_mean,1.54,1.50694
11040,group_element_set,1000,dummy_mean,1.26,1.50694
11042,group_element_set,1000,dummy_mean,1.04,1.50694
11044,group_element_set,1000,dummy_mean,1.02,1.50694
11065,group_element_set,1000,dummy_mean,0.94,1.50694
11082,group_element_set,1000,dummy_mean,1.22,1.50694
11095,group_element_set,1000,dummy_mean,0.1,1.50694
11102,group_element_set,1000,dummy_mean,0.4,1.50694
11107,group_element_set,1000,dummy_mean,0.48,1.50694
11109,group_element_set,1000,dummy_mean,1.64,1.50694
11113,group_element_set,1000,dummy_mean,1.2,1.50694
11115,group_element_set,1000,dummy_mean,1.14,1.50694
11148,group_element_set,1000,dummy_mean,1.36,1.50694
11163,group_element_set,1000,dummy_mean,2.8,1.50694
11190,group_element_set,1000,dummy_mean,1.64,1.50694
11196,group_element_set,1000,dummy_mean,1.04,1.50694
11201,group_element_set,1000,dummy_mean,1.54,1.50694
11212,group_element_set,1000,dummy_mean,2.6,1.50694
11227,group_element_set,1000,dummy_mean,3.36,1.50694
11230,group_element_set,1000,dummy_mean,0.12,1.50694
11231,group_element_set,1000,dummy_mean,1.38,1.50694
11267,group_element_set,1000,dummy_mean,0.78,1.50694
11268,group_element_set,1000,dummy_mean,-0.04,1.50694
11274,group_element_set,1000,dummy_mean,1.64,1.50694
11277,group_element_set,1000,dummy_mean,1.2,1.50694
11285,group_element_set,1000,dummy_mean,1.36,1.50694
11289,group_element_set,1000,dummy_mean,1.94,1.50694
11301,group_element_set,1000,dummy_mean,1.88,1.50694
11311,group_element_set,1000,dummy_mean,1.88,1.50694
11323,group_element_set,1000,dummy_mean,1.5,1.50694
11326,group_element_set,1000,dummy_mean,1.08,1.50694
11332,group_element_set,1000,dummy_mean,1.46,1.50694
11334,group_element_set,1000,dummy_mean,1.74,1.50694
11342,group_element_set,1000,dummy_mean,2.16,1.50694
11349,group_element_set,1000,dummy_mean,2.2,1.50694
11362,group_element_set,1000,dummy_mean,1.92,1.50694
11368,group_element_set,1000,dummy_mean,0.76,1.50694
11385,group_element_set,1000,dummy_mean,1.54,1.50694
11387,group_element_set,1000,dummy_mean,0.66,1.50694
11390,group_element_set,1000,dummy_mean,1.46,1.50694
11398,group_element_set,1000,dummy_mean,0.98,1.50694
11417,group_element_set,1000,dummy_mean,1.66,1.50694
11418,group_element_set,1000,dummy_mean,1.86,1.50694
11433,group_element_set,1000,dummy_mean,0.46,1.50694
11443,group_element_set,1000,dummy_mean,0.48,1.50694
11451,group_element_set,1000,dummy_mean,1.24,1.50694
11452,group_element_set,1000,dummy_mean,2.02,1.50694
11456,group_element_set,1000,dummy_mean,1.04,1.50694
11458,group_element_set,1000,dummy_mean,0.8,1.50694
11466,group_element_set,1000,dummy_mean,2.54,1.50694
11468,group_element_set,1000,dummy_mean,1.88,1.50694
11472,group_element_set,1000,dummy_mean,2.96,1.50694
11482,group_element_set,1000,dummy_mean,0.86,1.50694
11484,group_element_set,1000,dummy_mean,1.52,1.50694
11487,group_element_set,1000,dummy_mean,1.04,1.50694
11490,group_element_set,1000,dummy_mean,1.62,1.50694
11500,group_element_set,1000,dummy_mean,0.74,1.50694
11515,group_element_set,1000,dummy_mean,0.66,1.50694
11516,group_element_set,1000,dummy_mean,1.34,1.50694
11519,group_element_set,1000,dummy_mean,1.62,1.50694
11520,group_element_set,1000,dummy_mean,0.58,1.50694
11527,group_element_set,1000,dummy_mean,2.8,1.50694
11529,group_element_set,1000,dummy_mean,2.7,1.50694
11538,group_element_set,1000,dummy_mean,0.46,1.50694
11540,group_element_set,1000,dummy_mean,2.1,1.50694
11589,group_element_set,1000,dummy_mean,1.06,1.50694
11592,group_element_set,1000,dummy_mean,1.14,1.50694
11593,group_element_set,1000,dummy_mean,1.42,1.50694
11601,group_element_set,1000,dummy_mean,0.52,1.50694
11614,group_element_set,1000,dummy_mean,1.2,1.50694
11621,group_element_set,1000,dummy_mean,1.02,1.50694
11624,group_element_set,1000,dummy_mean,1.44,1.50694
11628,group_element_set,1000,dummy_mean,1.5,1.50694
11634,group_element_set,1000,dummy_mean,0.96,1.50694
11639,group_element_set,1000,dummy_mean,1.0,1.50694
11649,group_element_set,1000,dummy_mean,1.2,1.50694
11659,group_element_set,1000,dummy_mean,2.4,1.50694
11661,group_element_set,1000,dummy_mean,1.66,1.50694
11665,group_element_set,1000,dummy_mean,1.5,1.50694
11669,group_element_set,1000,dummy_mean,1.2,1.50694
11696,group_element_set,1000,dummy_mean,2.64,1.50694
11697,group_element_set,1000,dummy_mean,2.12,1.50694
11699,group_element_set,1000,dummy_mean,1.3,1.50694
11712,group_element_set,1000,dummy_mean,1.46,1.50694
11714,group_element_set,1000,dummy_mean,0.68,1.50694
11725,group_element_set,1000,dummy_mean,0.8,1.50694
11753,group_element_set,1000,dummy_mean,1.04,1.50694
11760,group_element_set,1000,dummy_mean,1.14,1.50694
11769,group_element_set,1000,dummy_mean,1.74,1.50694
11780,group_element_set,1000,dummy_mean,1.22,1.50694
11786,group_element_set,1000,dummy_mean,1.1,1.50694
11792,group_element_set,1000,dummy_mean,3.62,1.50694
11793,group_element_set,1000,dummy_mean,1.12,1.50694
11795,group_element_set,1000,dummy_mean,1.64,1.50694
11806,group_element_set,1000,dummy_mean,1.68,1.50694
11821,group_element_set,1000,dummy_mean,1.1,1.50694
11824,group_element_set,1000,dummy_mean,1.12,1.50694
11826,group_element_set,1000,dummy_mean,0.48,1.50694
11827,group_element_set,1000,dummy_mean,2.36,1.50694
11828,group_element_set,1000,dummy_mean,1.78,1.50694
11876,group_element_set,1000,dummy_mean,1.48,1.50694
11877,group_element_set,1000,dummy_mean,3.02,1.50694
11910,group_element_set,1000,dummy_mean,0.6,1.50694
11919,group_element_set,1000,dummy_mean,1.36,1.50694
11921,group_element_set,1000,dummy_mean,1.22,1.50694
11953,group_element_set,1000,dummy_mean,1.02,1.50694
11956,group_element_set,1000,dummy_mean,1.58,1.50694
11971,group_element_set,1000,dummy_mean,2.6,1.50694
11979,group_element_set,1000,dummy_mean,1.96,1.50694
12011,group_element_set,1000,dummy_mean,1.4,1.50694
12021,group_element_set,1000,dummy_mean,1.2,1.50694
12028,group_element_set,1000,dummy_mean,0.8,1.50694
12042,group_element_set,1000,dummy_mean,1.28,1.50694
12044,group_element_set,1000,dummy_mean,3.0,1.50694
12063,group_element_set,1000,dummy_mean,0.72,1.50694
12065,group_element_set,1000,dummy_mean,0.84,1.50694
12093,group_element_set,1000,dummy_mean,2.08,1.50694
12118,group_element_set,1000,dummy_mean,1.18,1.50694
12120,group_element_set,1000,dummy_mean,0.84,1.50694
12121,group_element_set,1000,dummy_mean,1.8,1.50694
12130,group_element_set,1000,dummy_mean,1.08,1.50694
12136,group_element_set,1000,dummy_mean,1.9,1.50694
12149,group_element_set,1000,dummy_mean,1.26,1.50694
12153,group_element_set,1000,dummy_mean,1.06,1.50694
12162,group_element_set,1000,dummy_mean,1.88,1.50694
12166,group_element_set,1000,dummy_mean,5.16,1.50694
12168,group_element_set,1000,dummy_mean,1.4,1.50694
12173,group_element_set,1000,dummy_mean,2.62,1.50694
12178,group_element_set,1000,dummy_mean,1.46,1.50694
12191,group_element_set,1000,dummy_mean,0.68,1.50694
12203,group_element_set,1000,dummy_mean,-0.02,1.50694
12208,group_element_set,1000,dummy_mean,0.44,1.50694
12216,group_element_set,1000,dummy_mean,1.48,1.50694
12217,group_element_set,1000,dummy_mean,-0.02,1.50694
12225,group_element_set,1000,dummy_mean,1.68,1.50694
12264,group_element_set,1000,dummy_mean,1.86,1.50694
12273,group_element_set,1000,dummy_mean,0.52,1.50694
12276,group_element_set,1000,dummy_mean,1.18,1.50694
12279,group_element_set,1000,dummy_mean,1.48,1.50694
12310,group_element_set,1000,dummy_mean,3.04,1.50694
12317,group_element_set,1000,dummy_mean,0.76,1.50694
12367,group_element_set,1000,dummy_mean,1.42,1.50694
12398,group_element_set,1000,dummy_mean,1.24,1.50694
12406,group_element_set,1000,dummy_mean,1.66,1.50694
12412,group_element_set,1000,dummy_mean,1.72,1.50694
12415,group_element_set,1000,dummy_mean,0.82,1.50694
12420,group_element_set,1000,dummy_mean,1.1,1.50694
12452,group_element_set,1000,dummy_mean,1.5,1.50694
12454,group_element_set,1000,dummy_mean,0.76,1.50694
12474,group_element_set,1000,dummy_mean,2.26,1.50694
12476,group_element_set,1000,dummy_mean,1.34,1.50694
12482,group_element_set,1000,dummy_mean,0.96,1.50694
12491,group_element_set,1000,dummy_mean,0.44,1.50694
12493,group_element_set,1000,dummy_mean,1.98,1.50694
12509,group_element_set,1000,dummy_mean,1.42,1.50694
12521,group_element_set,1000,dummy_mean,1.92,1.50694
12551,group_element_set,1000,dummy_mean,1.18,1.50694
12554,group_element_set,1000,dummy_mean,0.46,1.50694
12562,group_element_set,1000,dummy_mean,1.8,1.50694
12583,group_element_set,1000,dummy_mean,1.38,1.50694
12600,group_element_set,1000,dummy_mean,1.0,1.50694
12638,group_element_set,1000,dummy_mean,2.92,1.50694
12646,group_element_set,1000,dummy_mean,0.78,1.50694
12662,group_element_set,1000,dummy_mean,1.6,1.50694
12663,group_element_set,1000,dummy_mean,3.32,1.50694
12667,group_element_set,1000,dummy_mean,2.14,1.50694
12685,group_element_set,1000,dummy_mean,1.5,1.50694
12687,group_element_set,1000,dummy_mean,0.86,1.50694
12702,group_element_set,1000,dummy_mean,0.52,1.50694
12717,group_element_set,1000,dummy_mean,0.74,1.50694
12724,group_element_set,1000,dummy_mean,1.52,1.50694
12729,group_element_set,1000,dummy_mean,3.2,1.50694
12734,group_element_set,1000,dummy_mean,4.42,1.50694
12736,group_element_set,1000,dummy_mean,1.68,1.50694
12737,group_element_set,1000,dummy_mean,1.6,1.50694
12754,group_element_set,1000,dummy_mean,2.84,1.50694
12756,group_element_set,1000,dummy_mean,2.02,1.50694
12760,group_element_set,1000,dummy_mean,1.72,1.50694
12789,group_element_set,1000,dummy_mean,1.28,1.50694
12791,group_element_set,1000,dummy_mean,1.44,1.50694
12798,group_element_set,1000,dummy_mean,1.58,1.50694
12809,group_element_set,1000,dummy_mean,1.26,1.50694
12815,group_element_set,1000,dummy_mean,1.68,1.50694
12817,group_element_set,1000,dummy_mean,0.86,1.50694
12821,group_element_set,1000,dummy_mean,0.8,1.50694
12837,group_element_set,1000,dummy_mean,1.06,1.50694
12847,group_element_set,1000,dummy_mean,2.6,1.50694
12851,group_element_set,1000,dummy_mean,0.42,1.50694
12852,group_element_set,1000,dummy_mean,0.82,1.50694
12858,group_element_set,1000,dummy_mean,4.32,1.50694
12862,group_element_set,1000,dummy_mean,1.86,1.50694
12863,group_element_set,1000,dummy_mean,1.26,1.50694
12891,group_element_set,1000,dummy_mean,2.14,1.50694
12917,group_element_set,1000,dummy_mean,2.42,1.50694
12946,group_element_set,1000,dummy_mean,1.14,1.50694
12957,group_element_set,1000,dummy_mean,1.28,1.50694
12967,group_element_set,1000,dummy_mean,1.8,1.50694
12977,group_element_set,1000,dummy_mean,1.58,1.50694
12994,group_element_set,1000,dummy_mean,1.16,1.50694
12998,group_element_set,1000,dummy_mean,1.32,1.50694
13011,group_element_set,1000,dummy_mean,1.14,1.50694
13020,group_element_set,1000,dummy_mean,1.14,1.50694
13032,group_element_set,1000,dummy_mean,0.78,1.50694
13035,group_element_set,1000,dummy_mean,0.72,1.50694
13043,group_element_set,1000,dummy_mean,1.52,1.50694
13044,group_element_set,1000,dummy_mean,1.74,1.50694
13056,group_element_set,1000,dummy_mean,1.5,1.50694
13059,group_element_set,1000,dummy_mean,0.74,1.50694
13073,group_element_set,1000,dummy_mean,0.92,1.50694
13085,group_element_set,1000,dummy_mean,1.46,1.50694
13090,group_element_set,1000,dummy_mean,1.56,1.50694
13108,group_element_set,1000,dummy_mean,1.64,1.50694
13109,group_element_set,1000,dummy_mean,1.14,1.50694
13113,group_element_set,1000,dummy_mean,1.58,1.50694
13120,group_element_set,1000,dummy_mean,1.42,1.50694
13125,group_element_set,1000,dummy_mean,1.18,1.50694
13139,group_element_set,1000,dummy_mean,1.12,1.50694
13143,group_element_set,1000,dummy_mean,1.86,1.50694
13159,group_element_set,1000,dummy_mean,1.5,1.50694
13163,group_element_set,1000,dummy_mean,0.42,1.50694
13179,group_element_set,1000,dummy_mean,1.62,1.50694
13194,group_element_set,1000,dummy_mean,1.76,1.50694
13203,group_element_set,1000,dummy_mean,0.94,1.50694
13206,group_element_set,1000,dummy_mean,0.76,1.50694
13215,group_element_set,1000,dummy_mean,2.28,1.50694
13216,group_element_set,1000,dummy_mean,1.52,1.50694
13234,group_element_set,1000,dummy_mean,1.34,1.50694
13236,group_element_set,1000,dummy_mean,0.72,1.50694
13240,group_element_set,1000,dummy_mean,1.84,1.50694
13242,group_element_set,1000,dummy_mean,1.2,1.50694
13243,group_element_set,1000,dummy_mean,1.96,1.50694
13246,group_element_set,1000,dummy_mean,1.6,1.50694
13262,group_element_set,1000,dummy_mean,4.0,1.50694
13280,group_element_set,1000,dummy_mean,2.24,1.50694
13311,group_element_set,1000,dummy_mean,0.48,1.50694
13326,group_element_set,1000,dummy_mean,1.46,1.50694
13337,group_element_set,1000,dummy_mean,0.1,1.50694
13338,group_element_set,1000,dummy_mean,2.92,1.50694
13344,group_element_set,1000,dummy_mean,1.2,1.50694
13350,group_element_set,1000,dummy_mean,2.06,1.50694
13354,group_element_set,1000,dummy_mean,1.42,1.50694
13358,group_element_set,1000,dummy_mean,1.94,1.50694
13361,group_element_set,1000,dummy_mean,2.74,1.50694
13363,group_element_set,1000,dummy_mean,1.68,1.50694
13391,group_element_set,1000,dummy_mean,1.44,1.50694
13395,group_element_set,1000,dummy_mean,1.54,1.50694
13413,group_element_set,1000,dummy_mean,2.0,1.50694
13436,group_element_set,1000,dummy_mean,1.36,1.50694
13480,group_element_set,1000,dummy_mean,1.18,1.50694
13485,group_element_set,1000,dummy_mean,1.32,1.50694
13487,group_element_set,1000,dummy_mean,1.52,1.50694
13493,group_element_set,1000,dummy_mean,1.1,1.50694
13499,group_element_set,1000,dummy_mean,1.42,1.50694
13500,group_element_set,1000,dummy_mean,1.5,1.50694
13503,group_element_set,1000,dummy_mean,0.32,1.50694
13510,group_element_set,1000,dummy_mean,1.32,1.50694
13519,group_element_set,1000,dummy_mean,0.68,1.50694
13537,group_element_set,1000,dummy_mean,1.36,1.50694
13544,group_element_set,1000,dummy_mean,1.42,1.50694
13549,group_element_set,1000,dummy_mean,0.44,1.50694
13561,group_element_set,1000,dummy_mean,0.2,1.50694
13588,group_element_set,1000,dummy_mean,1.8,1.50694
13589,group_element_set,1000,dummy_mean,1.24,1.50694
13592,group_element_set,1000,dummy_mean,0.42,1.50694
13593,group_element_set,1000,dummy_mean,0.7,1.50694
13596,group_element_set,1000,dummy_mean,1.14,1.50694
13609,group_element_set,1000,dummy_mean,3.66,1.50694
13621,group_element_set,1000,dummy_mean,2.22,1.50694
13644,group_element_set,1000,dummy_mean,1.48,1.50694
13661,group_element_set,1000,dummy_mean,1.92,1.50694
13670,group_element_set,1000,dummy_mean,1.58,1.50694
13674,group_element_set,1000,dummy_mean,1.58,1.50694
13685,group_element_set,1000,dummy_mean,0.1,1.50694
13686,group_element_set,1000,dummy_mean,1.08,1.50694
13693,group_element_set,1000,dummy_mean,0.52,1.50694
13696,group_element_set,1000,dummy_mean,2.12,1.50694
13707,group_element_set,1000,dummy_mean,1.74,1.50694
13710,group_element_set,1000,dummy_mean,1.34,1.50694
13711,group_element_set,1000,dummy_mean,1.08,1.50694
13713,group_element_set,1000,dummy_mean,3.94,1.50694
13714,group_element_set,1000,dummy_mean,2.18,1.50694
13728,group_element_set,1000,dummy_mean,1.1,1.50694
13752,group_element_set,1000,dummy_mean,1.92,1.50694
13761,group_element_set,1000,dummy_mean,1.8,1.50694
13768,group_element_set,1000,dummy_mean,1.88,1.50694
13770,group_element_set,1000,dummy_mean,1.58,1.50694
13780,group_element_set,1000,dummy_mean,1.04,1.50694
13783,group_element_set,1000,dummy_mean,1.42,1.50694
13798,group_element_set,1000,dummy_mean,0.58,1.50694
13814,group_element_set,1000,dummy_mean,0.36,1.50694
13824,group_element_set,1000,dummy_mean,2.8,1.50694
13829,group_element_set,1000,dummy_mean,1.52,1.50694
13838,group_element_set,1000,dummy_mean,1.32,1.50694
13839,group_element_set,1000,dummy_mean,2.14,1.50694
13846,group_element_set,1000,dummy_mean,1.74,1.50694
13848,group_element_set,1000,dummy_mean,1.78,1.50694
13861,group_element_set,1000,dummy_mean,1.42,1.50694
13865,group_element_set,1000,dummy_mean,1.3,1.50694
13870,group_element_set,1000,dummy_mean,1.34,1.50694
13880,group_element_set,1000,dummy_mean,1.0,1.50694
13881,group_element_set,1000,dummy_mean,1.56,1.50694
13893,group_element_set,1000,dummy_mean,1.56,1.50694
13896,group_element_set,1000,dummy_mean,0.36,1.50694
13903,group_element_set,1000,dummy_mean,1.56,1.50694
13909,group_element_set,1000,dummy_mean,0.44,1.50694
13920,group_element_set,1000,dummy_mean,1.56,1.50694
13928,group_element_set,1000,dummy_mean,1.06,1.50694
13930,group_element_set,1000,dummy_mean,1.94,1.50694
13933,group_element_set,1000,dummy_mean,0.84,1.50694
13934,group_element_set,1000,dummy_mean,1.4,1.50694
13936,group_element_set,1000,dummy_mean,1.16,1.50694
13941,group_element_set,1000,dummy_mean,1.0,1.50694
13945,group_element_set,1000,dummy_mean,1.74,1.50694
13952,group_element_set,1000,dummy_mean,1.3,1.50694
13955,group_element_set,1000,dummy_mean,1.9,1.50694
13961,group_element_set,1000,dummy_mean,0.96,1.50694
13962,group_element_set,1000,dummy_mean,1.76,1.50694
13969,group_element_set,1000,dummy_mean,1.94,1.50694
13970,group_element_set,1000,dummy_mean,1.94,1.50694
13980,group_element_set,1000,dummy_mean,0.42,1.50694
13988,group_element_set,1000,dummy_mean,1.78,1.50694
13996,group_element_set,1000,dummy_mean,0.78,1.50694
14000,group_element_set,1000,dummy_mean,0.64,1.50694
14005,group_element_set,1000,dummy_mean,1.34,1.50694
14009,group_element_set,1000,dummy_mean,0.5,1.50694
14010,group_element_set,1000,dummy_mean,1.24,1.50694
14016,group_element_set,1000,dummy_mean,1.26,1.50694
14017,group_element_set,1000,dummy_mean,2.3,1.50694
14018,group_element_set,1000,dummy_mean,1.14,1.50694
14020,group_element_set,1000,dummy_mean,1.06,1.50694
14028,group_element_set,1000,dummy_mean,2.42,1.50694
14030,group_element_set,1000,dummy_mean,1.64,1.50694
14034,group_element_set,1000,dummy_mean,1.52,1.50694
14062,group_element_set,1000,dummy_mean,0.12,1.50694
14079,group_element_set,1000,dummy_mean,0.94,1.50694
14086,group_element_set,1000,dummy_mean,0.34,1.50694
14092,group_element_set,1000,dummy_mean,0.42,1.50694
14104,group_element_set,1000,dummy_mean,1.5,1.50694
14114,group_element_set,1000,dummy_mean,2.52,1.50694
14130,group_element_set,1000,dummy_mean,1.14,1.50694
14132,group_element_set,1000,dummy_mean,0.7,1.50694
14135,group_element_set,1000,dummy_mean,0.6,1.50694
14153,group_element_set,1000,dummy_mean,0.82,1.50694
14155,group_element_set,1000,dummy_mean,1.9,1.50694
14166,group_element_set,1000,dummy_mean,1.7,1.50694
14169,group_element_set,1000,dummy_mean,0.76,1.50694
14171,group_element_set,1000,dummy_mean,0.58,1.50694
14174,group_element_set,1000,dummy_mean,1.46,1.50694
14179,group_element_set,1000,dummy_mean,1.06,1.50694
14201,group_element_set,1000,dummy_mean,1.98,1.50694
14205,group_element_set,1000,dummy_mean,1.34,1.50694
14206,group_element_set,1000,dummy_mean,1.6,1.50694
14229,group_element_set,1000,dummy_mean,1.18,1.50694
14241,group_element_set,1000,dummy_mean,0.92,1.50694
14255,group_element_set,1000,dummy_mean,1.82,1.50694
14269,group_element_set,1000,dummy_mean,1.8,1.50694
14292,group_element_set,1000,dummy_mean,1.36,1.50694
14298,group_element_set,1000,dummy_mean,1.26,1.50694
14305,group_element_set,1000,dummy_mean,1.32,1.50694
14318,group_element_set,1000,dummy_mean,0.28,1.50694
14320,group_element_set,1000,dummy_mean,1.42,1.50694
14340,group_element_set,1000,dummy_mean,1.5,1.50694
14343,group_element_set,1000,dummy_mean,0.82,1.50694
14346,group_element_set,1000,dummy_mean,1.06,1.50694
14350,group_element_set,1000,dummy_mean,0.06,1.50694
14351,group_element_set,1000,dummy_mean,4.26,1.50694
14376,group_element_set,1000,dummy_mean,1.74,1.50694
14392,group_element_set,1000,dummy_mean,1.94,1.50694
14395,group_element_set,1000,dummy_mean,0.9,1.50694
14397,group_element_set,1000,dummy_mean,1.44,1.50694
14402,group_element_set,1000,dummy_mean,0.88,1.50694
14413,group_element_set,1000,dummy_mean,2.74,1.50694
14417,group_element_set,1000,dummy_mean,1.32,1.50694
14418,group_element_set,1000,dummy_mean,0.78,1.50694
14425,group_element_set,1000,dummy_mean,0.66,1.50694
14433,group_element_set,1000,dummy_mean,1.54,1.50694
14440,group_element_set,1000,dummy_mean,2.6,1.50694
14441,group_element_set,1000,dummy_mean,1.56,1.50694
14448,group_element_set,1000,dummy_mean,0.68,1.50694
14459,group_element_set,1000,dummy_mean,1.68,1.50694
14483,group_element_set,1000,dummy_mean,2.52,1.50694
14492,group_element_set,1000,dummy_mean,1.04,1.50694
14495,group_element_set,1000,dummy_mean,2.06,1.50694
14517,group_element_set,1000,dummy_mean,1.22,1.50694
14524,group_element_set,1000,dummy_mean,2.08,1.50694
14534,group_element_set,1000,dummy_mean,1.14,1.50694
14552,group_element_set,1000,dummy_mean,0.72,1.50694
14553,group_element_set,1000,dummy_mean,2.82,1.50694
14561,group_element_set,1000,dummy_mean,1.46,1.50694
14563,group_element_set,1000,dummy_mean,1.54,1.50694
14565,group_element_set,1000,dummy_mean,0.88,1.50694
14567,group_element_set,1000,dummy_mean,1.72,1.50694
14568,group_element_set,1000,dummy_mean,0.98,1.50694
14569,group_element_set,1000,dummy_mean,2.72,1.50694
14571,group_element_set,1000,dummy_mean,1.54,1.50694
14581,group_element_set,1000,dummy_mean,1.78,1.50694
14621,group_element_set,1000,dummy_mean,1.74,1.50694
14646,group_element_set,1000,dummy_mean,0.58,1.50694
14654,group_element_set,1000,dummy_mean,0.68,1.50694
14665,group_element_set,1000,dummy_mean,2.8,1.50694
14700,group_element_set,1000,dummy_mean,0.44,1.50694
14710,group_element_set,1000,dummy_mean,0.78,1.50694
14714,group_element_set,1000,dummy_mean,1.2,1.50694
14724,group_element_set,1000,dummy_mean,1.54,1.50694
14726,group_element_set,1000,dummy_mean,0.52,1.50694
14732,group_element_set,1000,dummy_mean,0.82,1.50694
14734,group_element_set,1000,dummy_mean,1.34,1.50694
14749,group_element_set,1000,dummy_mean,1.88,1.50694
14757,group_element_set,1000,dummy_mean,1.26,1.50694
14777,group_element_set,1000,dummy_mean,0.86,1.50694
14779,group_element_set,1000,dummy_mean,1.42,1.50694
14780,group_element_set,1000,dummy_mean,1.6,1.50694
14788,group_element_set,1000,dummy_mean,0.58,1.50694
14793,group_element_set,1000,dummy_mean,0.94,1.50694
14812,group_element_set,1000,dummy_mean,0.88,1.50694
14816,group_element_set,1000,dummy_mean,1.12,1.50694
14847,group_element_set,1000,dummy_mean,0.7,1.50694
14849,group_element_set,1000,dummy_mean,3.9,1.50694
14852,group_element_set,1000,dummy_mean,1.16,1.50694
14869,group_element_set,1000,dummy_mean,1.06,1.50694
14887,group_element_set,1000,dummy_mean,1.34,1.50694
14901,group_element_set,1000,dummy_mean,1.4,1.50694
14905,group_element_set,1000,dummy_mean,1.38,1.50694
14908,group_element_set,1000,dummy_mean,1.14,1.50694
14918,group_element_set,1000,dummy_mean,2.3,1.50694
14924,group_element_set,1000,dummy_mean,1.54,1.50694
14925,group_element_set,1000,dummy_mean,1.56,1.50694
14951,group_element_set,1000,dummy_mean,0.14,1.50694
14959,group_element_set,1000,dummy_mean,0.22,1.50694
14970,group_element_set,1000,dummy_mean,1.6,1.50694
14978,group_element_set,1000,dummy_mean,2.72,1.50694
14980,group_element_set,1000,dummy_mean,0.56,1.50694
14983,group_element_set,1000,dummy_mean,0.88,1.50694
14985,group_element_set,1000,dummy_mean,0.5,1.50694
14992,group_element_set,1000,dummy_mean,1.02,1.50694
15000,group_element_set,1000,dummy_mean,1.3,1.50694
15015,group_element_set,1000,dummy_mean,1.28,1.50694
15030,group_element_set,1000,dummy_mean,1.88,1.50694
15039,group_element_set,1000,dummy_mean,2.58,1.50694
15042,group_element_set,1000,dummy_mean,1.96,1.50694
15044,group_element_set,1000,dummy_mean,2.46,1.50694
15056,group_element_set,1000,dummy_mean,1.0,1.50694
15058,group_element_set,1000,dummy_mean,1.56,1.50694
15076,group_element_set,1000,dummy_mean,0.9,1.50694
15077,group_element_set,1000,dummy_mean,2.84,1.50694
15089,group_element_set,1000,dummy_mean,1.82,1.50694
15093,group_element_set,1000,dummy_mean,1.14,1.50694
15103,group_element_set,1000,dummy_mean,1.18,1.50694
15130,group_element_set,1000,dummy_mean,0.68,1.50694
15151,group_element_set,1000,dummy_mean,0.44,1.50694
15154,group_element_set,1000,dummy_mean,0.6,1.50694
15171,group_element_set,1000,dummy_mean,0.98,1.50694
15187,group_element_set,1000,dummy_mean,1.76,1.50694
15201,group_element_set,1000,dummy_mean,1.58,1.50694
15218,group_element_set,1000,dummy_mean,3.58,1.50694
15259,group_element_set,1000,dummy_mean,0.9,1.50694
15278,group_element_set,1000,dummy_mean,1.48,1.50694
15281,group_element_set,1000,dummy_mean,2.1,1.50694
15323,group_element_set,1000,dummy_mean,0.34,1.50694
15324,group_element_set,1000,dummy_mean,1.32,1.50694
15331,group_element_set,1000,dummy_mean,1.18,1.50694
15343,group_element_set,1000,dummy_mean,1.06,1.50694
15349,group_element_set,1000,dummy_mean,1.56,1.50694
15350,group_element_set,1000,dummy_mean,1.08,1.50694
15352,group_element_set,1000,dummy_mean,0.98,1.50694
15370,group_element_set,1000,dummy_mean,1.48,1.50694
15377,group_element_set,1000,dummy_mean,2.04,1.50694
15379,group_element_set,1000,dummy_mean,1.24,1.50694
15414,group_element_set,1000,dummy_mean,1.14,1.50694
15418,group_element_set,1000,dummy_mean,1.52,1.50694
15430,group_element_set,1000,dummy_mean,0.96,1.50694
15439,group_element_set,1000,dummy_mean,1.64,1.50694
15455,group_element_set,1000,dummy_mean,2.88,1.50694
15456,group_element_set,1000,dummy_mean,1.04,1.50694
15463,group_element_set,1000,dummy_mean,0.92,1.50694
15464,group_element_set,1000,dummy_mean,1.42,1.50694
15471,group_element_set,1000,dummy_mean,1.3,1.50694
15492,group_element_set,1000,dummy_mean,0.86,1.50694
15500,group_element_set,1000,dummy_mean,0.74,1.50694
15505,group_element_set,1000,dummy_mean,1.06,1.50694
15525,group_element_set,1000,dummy_mean,1.1,1.50694
15535,group_element_set,1000,dummy_mean,0.94,1.50694
15540,group_element_set,1000,dummy_mean,0.62,1.50694
15543,group_element_set,1000,dummy_mean,0.96,1.50694
15545,group_element_set,1000,dummy_mean,2.34,1.50694
15546,group_element_set,1000,dummy_mean,1.16,1.50694
15555,group_element_set,1000,dummy_mean,1.0,1.50694
15560,group_element_set,1000,dummy_mean,1.98,1.50694
15567,group_element_set,1000,dummy_mean,0.26,1.50694
15572,group_element_set,1000,dummy_mean,2.24,1.50694
15587,group_element_set,1000,dummy_mean,0.86,1.50694
15597,group_element_set,1000,dummy_mean,1.34,1.50694
15603,group_element_set,1000,dummy_mean,2.12,1.50694
15632,group_element_set,1000,dummy_mean,2.24,1.50694
15633,group_element_set,1000,dummy_mean,1.28,1.50694
15634,group_element_set,1000,dummy_mean,1.52,1.50694
15645,group_element_set,1000,dummy_mean,1.56,1.50694
15669,group_element_set,1000,dummy_mean,1.04,1.50694
15683,group_element_set,1000,dummy_mean,2.32,1.50694
15684,group_element_set,1000,dummy_mean,0.88,1.50694
15704,group_element_set,1000,dummy_mean,1.66,1.50694
15711,group_element_set,1000,dummy_mean,0.96,1.50694
15713,group_element_set,1000,dummy_mean,0.4,1.50694
15723,group_element_set,1000,dummy_mean,1.46,1.50694
15729,group_element_set,1000,dummy_mean,2.16,1.50694
15730,group_element_set,1000,dummy_mean,2.46,1.50694
15733,group_element_set,1000,dummy_mean,1.2,1.50694
15760,group_element_set,1000,dummy_mean,1.14,1.50694
15784,group_element_set,1000,dummy_mean,1.68,1.50694
15792,group_element_set,1000,dummy_mean,2.96,1.50694
15821,group_element_set,1000,dummy_mean,1.44,1.50694
15824,group_element_set,1000,dummy_mean,0.98,1.50694
15832,group_element_set,1000,dummy_mean,0.7,1.50694
15864,group_element_set,1000,dummy_mean,2.56,1.50694
15891,group_element_set,1000,dummy_mean,1.64,1.50694
15902,group_element_set,1000,dummy_mean,3.18,1.50694
15911,group_element_set,1000,dummy_mean,2.38,1.50694
15917,group_element_set,1000,dummy_mean,2.02,1.50694
15919,group_element_set,1000,dummy_mean,0.58,1.50694
15920,group_element_set,1000,dummy_mean,0.56,1.50694
15929,group_element_set,1000,dummy_mean,1.74,1.50694
15941,group_element_set,1000,dummy_mean,1.98,1.50694
15954,group_element_set,1000,dummy_mean,1.72,1.50694
15955,group_element_set,1000,dummy_mean,2.48,1.50694
15974,group_element_set,1000,dummy_mean,1.66,1.50694
15987,group_element_set,1000,dummy_mean,1.32,1.50694
15989,group_element_set,1000,dummy_mean,0.66,1.50694
16002,group_element_set,1000,dummy_mean,3.1,1.50694
16027,group_element_set,1000,dummy_mean,1.0,1.50694
16029,group_element_set,1000,dummy_mean,0.96,1.50694
16033,group_element_set,1000,dummy_mean,3.64,1.50694
16044,group_element_set,1000,dummy_mean,2.16,1.50694
16052,group_element_set,1000,dummy_mean,1.44,1.50694
16074,group_element_set,1000,dummy_mean,1.36,1.50694
16092,group_element_set,1000,dummy_mean,1.54,1.50694
16101,group_element_set,1000,dummy_mean,1.34,1.50694
16108,group_element_set,1000,dummy_mean,1.24,1.50694
16109,group_element_set,1000,dummy_mean,1.0,1.50694
16110,group_element_set,1000,dummy_mean,1.16,1.50694
16124,group_element_set,1000,dummy_mean,0.68,1.50694
16128,group_element_set,1000,dummy_mean,1.16,1.50694
16139,group_element_set,1000,dummy_mean,1.24,1.50694
16140,group_element_set,1000,dummy_mean,1.98,1.50694
16152,group_element_set,1000,dummy_mean,1.32,1.50694
16156,group_element_set,1000,dummy_mean,2.46,1.50694
16162,group_element_set,1000,dummy_mean,0.7,1.50694
16164,group_element_set,1000,dummy_mean,2.44,1.50694
16170,group_element_set,1000,dummy_mean,1.56,1.50694
16183,group_element_set,1000,dummy_mean,0.82,1.50694
16197,group_element_set,1000,dummy_mean,1.3,1.50694
16206,group_element_set,1000,dummy_mean,1.28,1.50694
16238,group_element_set,1000,dummy_mean,1.08,1.50694
16249,group_element_set,1000,dummy_mean,0.32,1.50694
16256,group_element_set,1000,dummy_mean,0.94,1.50694
16268,group_element_set,1000,dummy_mean,0.32,1.50694
16273,group_element_set,1000,dummy_mean,0.68,1.50694
16280,group_element_set,1000,dummy_mean,1.06,1.50694
16285,group_element_set,1000,dummy_mean,1.78,1.50694
16302,group_element_set,1000,dummy_mean,0.46,1.50694
16324,group_element_set,1000,dummy_mean,1.88,1.50694
16331,group_element_set,1000,dummy_mean,1.92,1.50694
16335,group_element_set,1000,dummy_mean,1.54,1.50694
16373,group_element_set,1000,dummy_mean,0.76,1.50694
16381,group_element_set,1000,dummy_mean,1.64,1.50694
16382,group_element_set,1000,dummy_mean,0.58,1.50694
16406,group_element_set,1000,dummy_mean,1.74,1.50694
16416,group_element_set,1000,dummy_mean,0.58,1.50694
16424,group_element_set,1000,dummy_mean,2.6,1.50694
16425,group_element_set,1000,dummy_mean,2.62,1.50694
16427,group_element_set,1000,dummy_mean,0.96,1.50694
16429,group_element_set,1000,dummy_mean,2.22,1.50694
16430,group_element_set,1000,dummy_mean,1.14,1.50694
16440,group_element_set,1000,dummy_mean,2.02,1.50694
16455,group_element_set,1000,dummy_mean,1.68,1.50694
16461,group_element_set,1000,dummy_mean,1.04,1.50694
16468,group_element_set,1000,dummy_mean,0.98,1.50694
16508,group_element_set,1000,dummy_mean,1.76,1.50694
16522,group_element_set,1000,dummy_mean,1.82,1.50694
16544,group_element_set,1000,dummy_mean,1.52,1.50694
16545,group_element_set,1000,dummy_mean,0.7,1.50694
16547,group_element_set,1000,dummy_mean,2.62,1.50694
16555,group_element_set,1000,dummy_mean,1.7,1.50694
16568,group_element_set,1000,dummy_mean,0.74,1.50694
16569,group_element_set,1000,dummy_mean,1.08,1.50694
16584,group_element_set,1000,dummy_mean,0.72,1.50694
16586,group_element_set,1000,dummy_mean,0.56,1.50694
16587,group_element_set,1000,dummy_mean,0.86,1.50694
16592,group_element_set,1000,dummy_mean,1.12,1.50694
16598,group_element_set,1000,dummy_mean,2.18,1.50694
16603,group_element_set,1000,dummy_mean,1.02,1.50694
16611,group_element_set,1000,dummy_mean,4.2,1.50694
16612,group_element_set,1000,dummy_mean,2.2,1.50694
16626,group_element_set,1000,dummy_mean,1.26,1.50694
16628,group_element_set,1000,dummy_mean,1.34,1.50694
16643,group_element_set,1000,dummy_mean,1.14,1.50694
16650,group_element_set,1000,dummy_mean,0.9,1.50694
16657,group_element_set,1000,dummy_mean,1.66,1.50694
16659,group_element_set,1000,dummy_mean,2.26,1.50694
16669,group_element_set,1000,dummy_mean,0.54,1.50694
16687,group_element_set,1000,dummy_mean,0.9,1.50694
16693,group_element_set,1000,dummy_mean,2.06,1.50694
16700,group_element_set,1000,dummy_mean,1.96,1.50694
16717,group_element_set,1000,dummy_mean,0.9,1.50694
16723,group_element_set,1000,dummy_mean,0.46,1.50694
16725,group_element_set,1000,dummy_mean,1.3,1.50694
16728,group_element_set,1000,dummy_mean,1.98,1.50694
16738,group_element_set,1000,dummy_mean,0.92,1.50694
16739,group_element_set,1000,dummy_mean,1.94,1.50694
16747,group_element_set,1000,dummy_mean,0.46,1.50694
16752,group_element_set,1000,dummy_mean,0.54,1.50694
16760,group_element_set,1000,dummy_mean,0.46,1.50694
16761,group_element_set,1000,dummy_mean,2.02,1.50694
16787,group_element_set,1000,dummy_mean,2.02,1.50694
16795,group_element_set,1000,dummy_mean,0.66,1.50694
16807,group_element_set,1000,dummy_mean,1.28,1.50694
16811,group_element_set,1000,dummy_mean,1.14,1.50694
16813,group_element_set,1000,dummy_mean,1.86,1.50694
16831,group_element_set,1000,dummy_mean,1.06,1.50694
16841,group_element_set,1000,dummy_mean,1.46,1.50694
16846,group_element_set,1000,dummy_mean,1.62,1.50694
16848,group_element_set,1000,dummy_mean,1.54,1.50694
16852,group_element_set,1000,dummy_mean,0.66,1.50694
16872,group_element_set,1000,dummy_mean,0.98,1.50694
16876,group_element_set,1000,dummy_mean,1.08,1.50694
16879,group_element_set,1000,dummy_mean,0.92,1.50694
16898,group_element_set,1000,dummy_mean,1.26,1.50694
16930,group_element_set,1000,dummy_mean,0.64,1.50694
16933,group_element_set,1000,dummy_mean,0.6,1.50694
16946,group_element_set,1000,dummy_mean,1.2,1.50694
16949,group_element_set,1000,dummy_mean,1.58,1.50694
16954,group_element_set,1000,dummy_mean,2.96,1.50694
16956,group_element_set,1000,dummy_mean,0.4,1.50694
16960,group_element_set,1000,dummy_mean,1.02,1.50694
16981,group_element_set,1000,dummy_mean,1.74,1.50694
16982,group_element_set,1000,dummy_mean,0.34,1.50694
16984,group_element_set,1000,dummy_mean,1.6,1.50694
16989,group_element_set,1000,dummy_mean,3.24,1.50694
16993,group_element_set,1000,dummy_mean,1.3,1.50694
17000,group_element_set,1000,dummy_mean,1.08,1.50694
17001,group_element_set,1000,dummy_mean,1.68,1.50694
17006,group_element_set,1000,dummy_mean,1.08,1.50694
17019,group_element_set,1000,dummy_mean,0.86,1.50694
17036,group_element_set,1000,dummy_mean,1.66,1.50694
17051,group_element_set,1000,dummy_mean,0.74,1.50694
17063,group_element_set,1000,dummy_mean,1.62,1.50694
17068,group_element_set,1000,dummy_mean,1.68,1.50694
17073,group_element_set,1000,dummy_mean,0.9,1.50694
17074,group_element_set,1000,dummy_mean,0.78,1.50694
17104,group_element_set,1000,dummy_mean,1.46,1.50694
17105,group_element_set,1000,dummy_mean,1.92,1.50694
17107,group_element_set,1000,dummy_mean,0.2,1.50694
17121,group_element_set,1000,dummy_mean,0.78,1.50694
17129,group_element_set,1000,dummy_mean,1.46,1.50694
17142,group_element_set,1000,dummy_mean,1.52,1.50694
17147,group_element_set,1000,dummy_mean,1.18,1.50694
17152,group_element_set,1000,dummy_mean,1.24,1.50694
17155,group_element_set,1000,dummy_mean,0.68,1.50694
17194,group_element_set,1000,dummy_mean,1.22,1.50694
17206,group_element_set,1000,dummy_mean,1.52,1.50694
17209,group_element_set,1000,dummy_mean,2.56,1.50694
17219,group_element_set,1000,dummy_mean,0.26,1.50694
17241,group_element_set,1000,dummy_mean,1.04,1.50694
17263,group_element_set,1000,dummy_mean,0.94,1.50694
17287,group_element_set,1000,dummy_mean,3.1,1.50694
17291,group_element_set,1000,dummy_mean,1.32,1.50694
17303,group_element_set,1000,dummy_mean,1.28,1.50694
17311,group_element_set,1000,dummy_mean,1.28,1.50694
17313,group_element_set,1000,dummy_mean,2.36,1.50694
17314,group_element_set,1000,dummy_mean,1.82,1.50694
17320,group_element_set,1000,dummy_mean,1.32,1.50694
17324,group_element_set,1000,dummy_mean,4.66,1.50694
17335,group_element_set,1000,dummy_mean,1.72,1.50694
17340,group_element_set,1000,dummy_mean,0.54,1.50694
17346,group_element_set,1000,dummy_mean,0.8,1.50694
17354,group_element_set,1000,dummy_mean,1.36,1.50694
17356,group_element_set,1000,dummy_mean,1.14,1.50694
17375,group_element_set,1000,dummy_mean,1.0,1.50694
17377,group_element_set,1000,dummy_mean,1.08,1.50694
17389,group_element_set,1000,dummy_mean,1.3,1.50694
17392,group_element_set,1000,dummy_mean,0.36,1.50694
17406,group_element_set,1000,dummy_mean,2.14,1.50694
17418,group_element_set,1000,dummy_mean,0.92,1.50694
17457,group_element_set,1000,dummy_mean,2.08,1.50694
17466,group_element_set,1000,dummy_mean,1.8,1.50694
17489,group_element_set,1000,dummy_mean,1.04,1.50694
17491,group_element_set,1000,dummy_mean,1.06,1.50694
17519,group_element_set,1000,dummy_mean,1.28,1.50694
17525,group_element_set,1000,dummy_mean,0.88,1.50694
17528,group_element_set,1000,dummy_mean,3.76,1.50694
17529,group_element_set,1000,dummy_mean,0.64,1.50694
17540,group_element_set,1000,dummy_mean,0.92,1.50694
17545,group_element_set,1000,dummy_mean,0.92,1.50694
17554,group_element_set,1000,dummy_mean,1.8,1.50694
17558,group_element_set,1000,dummy_mean,1.08,1.50694
17572,group_element_set,1000,dummy_mean,1.62,1.50694
17575,group_element_set,1000,dummy_mean,0.34,1.50694
17589,group_element_set,1000,dummy_mean,0.74,1.50694
17599,group_element_set,1000,dummy_mean,2.04,1.50694
17607,group_element_set,1000,dummy_mean,1.26,1.50694
17611,group_element_set,1000,dummy_mean,1.44,1.50694
17615,group_element_set,1000,dummy_mean,1.74,1.50694
17618,group_element_set,1000,dummy_mean,1.08,1.50694
17626,group_element_set,1000,dummy_mean,2.18,1.50694
17631,group_element_set,1000,dummy_mean,1.8,1.50694
17632,group_element_set,1000,dummy_mean,1.38,1.50694
17645,group_element_set,1000,dummy_mean,0.76,1.50694
17658,group_element_set,1000,dummy_mean,0.5,1.50694
17661,group_element_set,1000,dummy_mean,1.48,1.50694
17690,group_element_set,1000,dummy_mean,1.58,1.50694
17697,group_element_set,1000,dummy_mean,0.8,1.50694
17700,group_element_set,1000,dummy_mean,1.66,1.50694
17708,group_element_set,1000,dummy_mean,2.18,1.50694
17713,group_element_set,1000,dummy_mean,1.94,1.50694
17730,group_element_set,1000,dummy_mean,2.12,1.50694
17775,group_element_set,1000,dummy_mean,1.46,1.50694
17776,group_element_set,1000,dummy_mean,1.34,1.50694
17779,group_element_set,1000,dummy_mean,3.66,1.50694
17788,group_element_set,1000,dummy_mean,2.54,1.50694
17796,group_element_set,1000,dummy_mean,1.82,1.50694
17803,group_element_set,1000,dummy_mean,1.78,1.50694
17804,group_element_set,1000,dummy_mean,1.84,1.50694
17824,group_element_set,1000,dummy_mean,1.06,1.50694
17829,group_element_set,1000,dummy_mean,1.6,1.50694
17832,group_element_set,1000,dummy_mean,1.7,1.50694
17839,group_element_set,1000,dummy_mean,1.72,1.50694
17859,group_element_set,1000,dummy_mean,1.1,1.50694
17863,group_element_set,1000,dummy_mean,0.56,1.50694
17886,group_element_set,1000,dummy_mean,1.34,1.50694
17910,group_element_set,1000,dummy_mean,0.58,1.50694
17922,group_element_set,1000,dummy_mean,2.64,1.50694
17943,group_element_set,1000,dummy_mean,1.64,1.50694
17965,group_element_set,1000,dummy_mean,1.22,1.50694
17987,group_element_set,1000,dummy_mean,1.84,1.50694
17988,group_element_set,1000,dummy_mean,0.84,1.50694
17995,group_element_set,1000,dummy_mean,0.84,1.50694
17998,group_element_set,1000,dummy_mean,1.96,1.50694
18005,group_element_set,1000,dummy_mean,1.7,1.50694
18010,group_element_set,1000,dummy_mean,1.1,1.50694
18011,group_element_set,1000,dummy_mean,1.22,1.50694
18023,group_element_set,1000,dummy_mean,0.38,1.50694
18029,group_element_set,1000,dummy_mean,0.92,1.50694
18043,group_element_set,1000,dummy_mean,1.56,1.50694
18045,group_element_set,1000,dummy_mean,1.86,1.50694
18048,group_element_set,1000,dummy_mean,1.56,1.50694
18049,group_element_set,1000,dummy_mean,1.04,1.50694
18057,group_element_set,1000,dummy_mean,1.3,1.50694
18059,group_element_set,1000,dummy_mean,1.32,1.50694
18064,group_element_set,1000,dummy_mean,1.6,1.50694
18075,group_element_set,1000,dummy_mean,1.48,1.50694
18076,group_element_set,1000,dummy_mean,1.68,1.50694
18093,group_element_set,1000,dummy_mean,1.06,1.50694
18096,group_element_set,1000,dummy_mean,-0.14,1.50694
18105,group_element_set,1000,dummy_mean,1.9,1.50694
18114,group_element_set,1000,dummy_mean,0.58,1.50694
18116,group_element_set,1000,dummy_mean,1.46,1.50694
18119,group_element_set,1000,dummy_mean,0.38,1.50694
18121,group_element_set,1000,dummy_mean,1.42,1.50694
18137,group_element_set,1000,dummy_mean,0.62,1.50694
18169,group_element_set,1000,dummy_mean,0.88,1.50694
18175,group_element_set,1000,dummy_mean,1.38,1.50694
18196,group_element_set,1000,dummy_mean,2.02,1.50694
18216,group_element_set,1000,dummy_mean,2.76,1.50694
18220,group_element_set,1000,dummy_mean,1.36,1.50694
18223,group_element_set,1000,dummy_mean,1.24,1.50694
18230,group_element_set,1000,dummy_mean,0.58,1.50694
18232,group_element_set,1000,dummy_mean,1.42,1.50694
18233,group_element_set,1000,dummy_mean,1.6,1.50694
18264,group_element_set,1000,dummy_mean,0.68,1.50694
18268,group_element_set,1000,dummy_mean,2.38,1.50694
18271,group_element_set,1000,dummy_mean,1.74,1.50694
18280,group_element_set,1000,dummy_mean,0.68,1.50694
18283,group_element_set,1000,dummy_mean,3.08,1.50694
18302,group_element_set,1000,dummy_mean,1.08,1.50694
18305,group_element_set,1000,dummy_mean,2.02,1.50694
18309,group_element_set,1000,dummy_mean,1.36,1.50694
18333,group_element_set,1000,dummy_mean,1.06,1.50694
18335,group_element_set,1000,dummy_mean,1.22,1.50694
18354,group_element_set,1000,dummy_mean,0.2,1.50694
18356,group_element_set,1000,dummy_mean,1.92,1.50694
18364,group_element_set,1000,dummy_mean,1.68,1.50694
18370,group_element_set,1000,dummy_mean,1.24,1.50694
18381,group_element_set,1000,dummy_mean,1.02,1.50694
18410,group_element_set,1000,dummy_mean,0.56,1.50694
18432,group_element_set,1000,dummy_mean,0.98,1.50694
18449,group_element_set,1000,dummy_mean,1.94,1.50694
18452,group_element_set,1000,dummy_mean,0.72,1.50694
18463,group_element_set,1000,dummy_mean,1.06,1.50694
18500,group_element_set,1000,dummy_mean,1.94,1.50694
18510,group_element_set,1000,dummy_mean,2.56,1.50694
18527,group_element_set,1000,dummy_mean,1.96,1.50694
18530,group_element_set,1000,dummy_mean,1.46,1.50694
18537,group_element_set,1000,dummy_mean,1.36,1.50694
18541,group_element_set,1000,dummy_mean,1.74,1.50694
18543,group_element_set,1000,dummy_mean,2.3,1.50694
18576,group_element_set,1000,dummy_mean,1.16,1.50694
18580,group_element_set,1000,dummy_mean,0.78,1.50694
18581,group_element_set,1000,dummy_mean,2.3,1.50694
18589,group_element_set,1000,dummy_mean,2.44,1.50694
18603,group_element_set,1000,dummy_mean,2.64,1.50694
18611,group_element_set,1000,dummy_mean,1.08,1.50694
18616,group_element_set,1000,dummy_mean,1.42,1.50694
18630,group_element_set,1000,dummy_mean,1.64,1.50694
18639,group_element_set,1000,dummy_mean,1.3,1.50694
18642,group_element_set,1000,dummy_mean,0.72,1.50694
18658,group_element_set,1000,dummy_mean,2.08,1.50694
18665,group_element_set,1000,dummy_mean,1.48,1.50694
18691,group_element_set,1000,dummy_mean,2.26,1.50694
18693,group_element_set,1000,dummy_mean,1.4,1.50694
18706,group_element_set,1000,dummy_mean,1.32,1.50694
18719,group_element_set,1000,dummy_mean,0.94,1.50694
18732,group_element_set,1000,dummy_mean,1.0,1.50694
18759,group_element_set,1000,dummy_mean,1.98,1.50694
18775,group_element_set,1000,dummy_mean,3.36,1.50694
18776,group_element_set,1000,dummy_mean,2.0,1.50694
18806,group_element_set,1000,dummy_mean,-0.24,1.50694
18846,group_element_set,1000,dummy_mean,1.74,1.50694
18847,group_element_set,1000,dummy_mean,1.52,1.50694
18851,group_element_set,1000,dummy_mean,1.06,1.50694
18862,group_element_set,1000,dummy_mean,0.68,1.50694
18870,group_element_set,1000,dummy_mean,2.78,1.50694
18891,group_element_set,1000,dummy_mean,0.9,1.50694
18899,group_element_set,1000,dummy_mean,1.82,1.50694
