sample_id,split_strategy,budget_label,model,y_true,y_pred
26,group_element_set,500,dummy_mean,1.18,1.5283600000000002
27,group_element_set,500,dummy_mean,1.24,1.5283600000000002
40,group_element_set,500,dummy_mean,1.16,1.5283600000000002
45,group_element_set,500,dummy_mean,0.6,1.5283600000000002
69,group_element_set,500,dummy_mean,3.34,1.5283600000000002
72,group_element_set,500,dummy_mean,0.82,1.5283600000000002
103,group_element_set,500,dummy_mean,0.42,1.5283600000000002
115,group_element_set,500,dummy_mean,1.04,1.5283600000000002
134,group_element_set,500,dummy_mean,0.56,1.5283600000000002
136,group_element_set,500,dummy_mean,1.5,1.5283600000000002
137,group_element_set,500,dummy_mean,1.6,1.5283600000000002
155,group_element_set,500,dummy_mean,1.28,1.5283600000000002
158,group_element_set,500,dummy_mean,2.48,1.5283600000000002
169,group_element_set,500,dummy_mean,-0.04,1.5283600000000002
171,group_element_set,500,dummy_mean,0.72,1.5283600000000002
179,group_element_set,500,dummy_mean,3.44,1.5283600000000002
183,group_element_set,500,dummy_mean,2.02,1.5283600000000002
188,group_element_set,500,dummy_mean,2.54,1.5283600000000002
199,group_element_set,500,dummy_mean,1.48,1.5283600000000002
206,group_element_set,500,dummy_mean,1.1,1.5283600000000002
211,group_element_set,500,dummy_mean,2.1,1.5283600000000002
212,group_element_set,500,dummy_mean,1.46,1.5283600000000002
220,group_element_set,500,dummy_mean,0.92,1.5283600000000002
221,group_element_set,500,dummy_mean,0.58,1.5283600000000002
224,group_element_set,500,dummy_mean,0.64,1.5283600000000002
228,group_element_set,500,dummy_mean,0.82,1.5283600000000002
249,group_element_set,500,dummy_mean,1.74,1.5283600000000002
255,group_element_set,500,dummy_mean,2.14,1.5283600000000002
258,group_element_set,500,dummy_mean,1.2,1.5283600000000002
266,group_element_set,500,dummy_mean,1.04,1.5283600000000002
301,group_element_set,500,dummy_mean,0.86,1.5283600000000002
305,group_element_set,500,dummy_mean,0.8,1.5283600000000002
322,group_element_set,500,dummy_mean,1.62,1.5283600000000002
324,group_element_set,500,dummy_mean,1.16,1.5283600000000002
337,group_element_set,500,dummy_mean,0.78,1.5283600000000002
338,group_element_set,500,dummy_mean,1.72,1.5283600000000002
345,group_element_set,500,dummy_mean,1.22,1.5283600000000002
362,group_element_set,500,dummy_mean,0.38,1.5283600000000002
364,group_element_set,500,dummy_mean,1.54,1.5283600000000002
366,group_element_set,500,dummy_mean,0.5,1.5283600000000002
372,group_element_set,500,dummy_mean,1.48,1.5283600000000002
374,group_element_set,500,dummy_mean,1.28,1.5283600000000002
376,group_element_set,500,dummy_mean,1.9,1.5283600000000002
380,group_element_set,500,dummy_mean,2.28,1.5283600000000002
387,group_element_set,500,dummy_mean,2.02,1.5283600000000002
393,group_element_set,500,dummy_mean,1.12,1.5283600000000002
417,group_element_set,500,dummy_mean,1.5,1.5283600000000002
418,group_element_set,500,dummy_mean,1.26,1.5283600000000002
433,group_element_set,500,dummy_mean,2.32,1.5283600000000002
438,group_element_set,500,dummy_mean,1.3,1.5283600000000002
442,group_element_set,500,dummy_mean,1.9,1.5283600000000002
451,group_element_set,500,dummy_mean,2.44,1.5283600000000002
455,group_element_set,500,dummy_mean,2.9,1.5283600000000002
458,group_element_set,500,dummy_mean,1.22,1.5283600000000002
466,group_element_set,500,dummy_mean,1.66,1.5283600000000002
470,group_element_set,500,dummy_mean,0.84,1.5283600000000002
472,group_element_set,500,dummy_mean,0.84,1.5283600000000002
476,group_element_set,500,dummy_mean,0.72,1.5283600000000002
505,group_element_set,500,dummy_mean,1.26,1.5283600000000002
511,group_element_set,500,dummy_mean,1.24,1.5283600000000002
512,group_element_set,500,dummy_mean,-0.2,1.5283600000000002
515,group_element_set,500,dummy_mean,0.32,1.5283600000000002
521,group_element_set,500,dummy_mean,1.3,1.5283600000000002
532,group_element_set,500,dummy_mean,1.78,1.5283600000000002
559,group_element_set,500,dummy_mean,2.6,1.5283600000000002
564,group_element_set,500,dummy_mean,1.26,1.5283600000000002
578,group_element_set,500,dummy_mean,1.28,1.5283600000000002
583,group_element_set,500,dummy_mean,0.88,1.5283600000000002
591,group_element_set,500,dummy_mean,0.4,1.5283600000000002
595,group_element_set,500,dummy_mean,1.66,1.5283600000000002
598,group_element_set,500,dummy_mean,2.08,1.5283600000000002
614,group_element_set,500,dummy_mean,2.66,1.5283600000000002
616,group_element_set,500,dummy_mean,-0.06,1.5283600000000002
626,group_element_set,500,dummy_mean,1.52,1.5283600000000002
649,group_element_set,500,dummy_mean,0.68,1.5283600000000002
668,group_element_set,500,dummy_mean,1.28,1.5283600000000002
675,group_element_set,500,dummy_mean,3.02,1.5283600000000002
678,group_element_set,500,dummy_mean,0.9,1.5283600000000002
688,group_element_set,500,dummy_mean,0.76,1.5283600000000002
730,group_element_set,500,dummy_mean,1.68,1.5283600000000002
732,group_element_set,500,dummy_mean,0.4,1.5283600000000002
734,group_element_set,500,dummy_mean,1.32,1.5283600000000002
735,group_element_set,500,dummy_mean,0.8,1.5283600000000002
743,group_element_set,500,dummy_mean,1.64,1.5283600000000002
766,group_element_set,500,dummy_mean,1.88,1.5283600000000002
767,group_element_set,500,dummy_mean,1.58,1.5283600000000002
778,group_element_set,500,dummy_mean,1.04,1.5283600000000002
787,group_element_set,500,dummy_mean,3.56,1.5283600000000002
788,group_element_set,500,dummy_mean,3.04,1.5283600000000002
790,group_element_set,500,dummy_mean,2.16,1.5283600000000002
816,group_element_set,500,dummy_mean,1.06,1.5283600000000002
817,group_element_set,500,dummy_mean,0.56,1.5283600000000002
818,group_element_set,500,dummy_mean,1.08,1.5283600000000002
849,group_element_set,500,dummy_mean,1.38,1.5283600000000002
863,group_element_set,500,dummy_mean,1.58,1.5283600000000002
868,group_element_set,500,dummy_mean,1.2,1.5283600000000002
872,group_element_set,500,dummy_mean,0.8,1.5283600000000002
891,group_element_set,500,dummy_mean,1.02,1.5283600000000002
894,group_element_set,500,dummy_mean,1.58,1.5283600000000002
905,group_element_set,500,dummy_mean,1.48,1.5283600000000002
913,group_element_set,500,dummy_mean,1.18,1.5283600000000002
921,group_element_set,500,dummy_mean,1.9,1.5283600000000002
922,group_element_set,500,dummy_mean,2.58,1.5283600000000002
940,group_element_set,500,dummy_mean,0.72,1.5283600000000002
950,group_element_set,500,dummy_mean,1.0,1.5283600000000002
955,group_element_set,500,dummy_mean,1.32,1.5283600000000002
995,group_element_set,500,dummy_mean,0.68,1.5283600000000002
1004,group_element_set,500,dummy_mean,0.72,1.5283600000000002
1010,group_element_set,500,dummy_mean,2.3,1.5283600000000002
1011,group_element_set,500,dummy_mean,3.42,1.5283600000000002
1012,group_element_set,500,dummy_mean,1.02,1.5283600000000002
1018,group_element_set,500,dummy_mean,1.52,1.5283600000000002
1058,group_element_set,500,dummy_mean,1.2,1.5283600000000002
1059,group_element_set,500,dummy_mean,0.96,1.5283600000000002
1061,group_element_set,500,dummy_mean,0.7,1.5283600000000002
1065,group_element_set,500,dummy_mean,1.46,1.5283600000000002
1069,group_element_set,500,dummy_mean,0.74,1.5283600000000002
1074,group_element_set,500,dummy_mean,1.42,1.5283600000000002
1098,group_element_set,500,dummy_mean,0.8,1.5283600000000002
1114,group_element_set,500,dummy_mean,1.02,1.5283600000000002
1116,group_element_set,500,dummy_mean,1.58,1.5283600000000002
1122,group_element_set,500,dummy_mean,0.48,1.5283600000000002
1125,group_element_set,500,dummy_mean,0.56,1.5283600000000002
1133,group_element_set,500,dummy_mean,0.64,1.5283600000000002
1137,group_element_set,500,dummy_mean,1.26,1.5283600000000002
1151,group_element_set,500,dummy_mean,1.44,1.5283600000000002
1153,group_element_set,500,dummy_mean,0.72,1.5283600000000002
1159,group_element_set,500,dummy_mean,1.86,1.5283600000000002
1161,group_element_set,500,dummy_mean,1.28,1.5283600000000002
1176,group_element_set,500,dummy_mean,1.6,1.5283600000000002
1177,group_element_set,500,dummy_mean,0.46,1.5283600000000002
1185,group_element_set,500,dummy_mean,2.14,1.5283600000000002
1203,group_element_set,500,dummy_mean,1.18,1.5283600000000002
1207,group_element_set,500,dummy_mean,0.46,1.5283600000000002
1223,group_element_set,500,dummy_mean,2.22,1.5283600000000002
1235,group_element_set,500,dummy_mean,1.6,1.5283600000000002
1252,group_element_set,500,dummy_mean,1.84,1.5283600000000002
1268,group_element_set,500,dummy_mean,1.34,1.5283600000000002
1270,group_element_set,500,dummy_mean,1.5,1.5283600000000002
1283,group_element_set,500,dummy_mean,2.4,1.5283600000000002
1296,group_element_set,500,dummy_mean,1.86,1.5283600000000002
1297,group_element_set,500,dummy_mean,1.48,1.5283600000000002
1309,group_element_set,500,dummy_mean,1.84,1.5283600000000002
1324,group_element_set,500,dummy_mean,1.22,1.5283600000000002
1335,group_element_set,500,dummy_mean,1.76,1.5283600000000002
1343,group_element_set,500,dummy_mean,2.02,1.5283600000000002
1365,group_element_set,500,dummy_mean,2.2,1.5283600000000002
1373,group_element_set,500,dummy_mean,0.64,1.5283600000000002
1378,group_element_set,500,dummy_mean,2.1,1.5283600000000002
1381,group_element_set,500,dummy_mean,1.9,1.5283600000000002
1382,group_element_set,500,dummy_mean,2.36,1.5283600000000002
1391,group_element_set,500,dummy_mean,1.92,1.5283600000000002
1406,group_element_set,500,dummy_mean,1.58,1.5283600000000002
1419,group_element_set,500,dummy_mean,1.4,1.5283600000000002
1432,group_element_set,500,dummy_mean,0.98,1.5283600000000002
1433,group_element_set,500,dummy_mean,1.36,1.5283600000000002
1436,group_element_set,500,dummy_mean,2.5,1.5283600000000002
1452,group_element_set,500,dummy_mean,0.84,1.5283600000000002
1473,group_element_set,500,dummy_mean,1.0,1.5283600000000002
1479,group_element_set,500,dummy_mean,1.1,1.5283600000000002
1488,group_element_set,500,dummy_mean,1.04,1.5283600000000002
1492,group_element_set,500,dummy_mean,1.14,1.5283600000000002
1499,group_element_set,500,dummy_mean,2.24,1.5283600000000002
1500,group_element_set,500,dummy_mean,2.02,1.5283600000000002
1525,group_element_set,500,dummy_mean,1.24,1.5283600000000002
1534,group_element_set,500,dummy_mean,1.4,1.5283600000000002
1548,group_element_set,500,dummy_mean,1.12,1.5283600000000002
1555,group_element_set,500,dummy_mean,1.3,1.5283600000000002
1565,group_element_set,500,dummy_mean,1.34,1.5283600000000002
1599,group_element_set,500,dummy_mean,1.02,1.5283600000000002
1604,group_element_set,500,dummy_mean,0.26,1.5283600000000002
1612,group_element_set,500,dummy_mean,2.44,1.5283600000000002
1630,group_element_set,500,dummy_mean,0.58,1.5283600000000002
1631,group_element_set,500,dummy_mean,1.36,1.5283600000000002
1635,group_element_set,500,dummy_mean,0.38,1.5283600000000002
1637,group_element_set,500,dummy_mean,1.38,1.5283600000000002
1659,group_element_set,500,dummy_mean,1.34,1.5283600000000002
1664,group_element_set,500,dummy_mean,2.8,1.5283600000000002
1673,group_element_set,500,dummy_mean,0.4,1.5283600000000002
1676,group_element_set,500,dummy_mean,1.0,1.5283600000000002
1678,group_element_set,500,dummy_mean,0.96,1.5283600000000002
1689,group_element_set,500,dummy_mean,1.46,1.5283600000000002
1709,group_element_set,500,dummy_mean,0.6,1.5283600000000002
1716,group_element_set,500,dummy_mean,2.34,1.5283600000000002
1720,group_element_set,500,dummy_mean,1.68,1.5283600000000002
1744,group_element_set,500,dummy_mean,2.12,1.5283600000000002
1746,group_element_set,500,dummy_mean,1.7,1.5283600000000002
1760,group_element_set,500,dummy_mean,2.98,1.5283600000000002
1763,group_element_set,500,dummy_mean,0.88,1.5283600000000002
1770,group_element_set,500,dummy_mean,0.96,1.5283600000000002
1773,group_element_set,500,dummy_mean,1.94,1.5283600000000002
1806,group_element_set,500,dummy_mean,0.94,1.5283600000000002
1811,group_element_set,500,dummy_mean,0.98,1.5283600000000002
1815,group_element_set,500,dummy_mean,2.02,1.5283600000000002
1825,group_element_set,500,dummy_mean,1.4,1.5283600000000002
1831,group_element_set,500,dummy_mean,0.72,1.5283600000000002
1842,group_element_set,500,dummy_mean,0.94,1.5283600000000002
1844,group_element_set,500,dummy_mean,1.02,1.5283600000000002
1849,group_element_set,500,dummy_mean,1.24,1.5283600000000002
1852,group_element_set,500,dummy_mean,0.36,1.5283600000000002
1881,group_element_set,500,dummy_mean,2.1,1.5283600000000002
1882,group_element_set,500,dummy_mean,1.8,1.5283600000000002
1907,group_element_set,500,dummy_mean,1.22,1.5283600000000002
1912,group_element_set,500,dummy_mean,1.26,1.5283600000000002
1924,group_element_set,500,dummy_mean,2.0,1.5283600000000002
1925,group_element_set,500,dummy_mean,3.26,1.5283600000000002
1929,group_element_set,500,dummy_mean,0.5,1.5283600000000002
1944,group_element_set,500,dummy_mean,0.62,1.5283600000000002
1956,group_element_set,500,dummy_mean,1.36,1.5283600000000002
1967,group_element_set,500,dummy_mean,1.1,1.5283600000000002
1977,group_element_set,500,dummy_mean,1.76,1.5283600000000002
1983,group_element_set,500,dummy_mean,1.16,1.5283600000000002
1993,group_element_set,500,dummy_mean,1.76,1.5283600000000002
1999,group_element_set,500,dummy_mean,1.22,1.5283600000000002
2007,group_element_set,500,dummy_mean,-0.26,1.5283600000000002
2009,group_element_set,500,dummy_mean,1.1,1.5283600000000002
2045,group_element_set,500,dummy_mean,0.96,1.5283600000000002
2072,group_element_set,500,dummy_mean,1.32,1.5283600000000002
2077,group_element_set,500,dummy_mean,0.76,1.5283600000000002
2090,group_element_set,500,dummy_mean,0.66,1.5283600000000002
2120,group_element_set,500,dummy_mean,0.72,1.5283600000000002
2131,group_element_set,500,dummy_mean,0.18,1.5283600000000002
2134,group_element_set,500,dummy_mean,3.18,1.5283600000000002
2145,group_element_set,500,dummy_mean,1.6,1.5283600000000002
2153,group_element_set,500,dummy_mean,2.0,1.5283600000000002
2161,group_element_set,500,dummy_mean,3.44,1.5283600000000002
2166,group_element_set,500,dummy_mean,1.46,1.5283600000000002
2167,group_element_set,500,dummy_mean,2.98,1.5283600000000002
2197,group_element_set,500,dummy_mean,3.1,1.5283600000000002
2229,group_element_set,500,dummy_mean,1.0,1.5283600000000002
2235,group_element_set,500,dummy_mean,0.78,1.5283600000000002
2237,group_element_set,500,dummy_mean,2.22,1.5283600000000002
2254,group_element_set,500,dummy_mean,1.24,1.5283600000000002
2262,group_element_set,500,dummy_mean,1.22,1.5283600000000002
2298,group_element_set,500,dummy_mean,1.52,1.5283600000000002
2301,group_element_set,500,dummy_mean,4.0,1.5283600000000002
2305,group_element_set,500,dummy_mean,2.84,1.5283600000000002
2310,group_element_set,500,dummy_mean,0.24,1.5283600000000002
2322,group_element_set,500,dummy_mean,1.22,1.5283600000000002
2335,group_element_set,500,dummy_mean,1.68,1.5283600000000002
2345,group_element_set,500,dummy_mean,0.84,1.5283600000000002
2349,group_element_set,500,dummy_mean,0.62,1.5283600000000002
2357,group_element_set,500,dummy_mean,0.94,1.5283600000000002
2360,group_element_set,500,dummy_mean,1.82,1.5283600000000002
2363,group_element_set,500,dummy_mean,1.2,1.5283600000000002
2380,group_element_set,500,dummy_mean,2.3,1.5283600000000002
2385,group_element_set,500,dummy_mean,1.78,1.5283600000000002
2386,group_element_set,500,dummy_mean,1.12,1.5283600000000002
2396,group_element_set,500,dummy_mean,0.94,1.5283600000000002
2397,group_element_set,500,dummy_mean,1.1,1.5283600000000002
2408,group_element_set,500,dummy_mean,1.26,1.5283600000000002
2412,group_element_set,500,dummy_mean,0.78,1.5283600000000002
2414,group_element_set,500,dummy_mean,0.76,1.5283600000000002
2424,group_element_set,500,dummy_mean,1.3,1.5283600000000002
2453,group_element_set,500,dummy_mean,3.1,1.5283600000000002
2485,group_element_set,500,dummy_mean,2.82,1.5283600000000002
2509,group_element_set,500,dummy_mean,0.7,1.5283600000000002
2527,group_element_set,500,dummy_mean,1.28,1.5283600000000002
2554,group_element_set,500,dummy_mean,3.26,1.5283600000000002
2569,group_element_set,500,dummy_mean,0.96,1.5283600000000002
2590,group_element_set,500,dummy_mean,1.08,1.5283600000000002
2623,group_element_set,500,dummy_mean,2.0,1.5283600000000002
2630,group_element_set,500,dummy_mean,1.0,1.5283600000000002
2632,group_element_set,500,dummy_mean,2.36,1.5283600000000002
2635,group_element_set,500,dummy_mean,2.18,1.5283600000000002
2647,group_element_set,500,dummy_mean,1.0,1.5283600000000002
2657,group_element_set,500,dummy_mean,2.44,1.5283600000000002
2665,group_element_set,500,dummy_mean,0.76,1.5283600000000002
2690,group_element_set,500,dummy_mean,1.96,1.5283600000000002
2705,group_element_set,500,dummy_mean,0.6,1.5283600000000002
2715,group_element_set,500,dummy_mean,2.16,1.5283600000000002
2747,group_element_set,500,dummy_mean,1.34,1.5283600000000002
2752,group_element_set,500,dummy_mean,1.44,1.5283600000000002
2764,group_element_set,500,dummy_mean,0.88,1.5283600000000002
2767,group_element_set,500,dummy_mean,1.68,1.5283600000000002
2777,group_element_set,500,dummy_mean,1.94,1.5283600000000002
2782,group_element_set,500,dummy_mean,1.24,1.5283600000000002
2792,group_element_set,500,dummy_mean,2.1,1.5283600000000002
2799,group_element_set,500,dummy_mean,1.16,1.5283600000000002
2800,group_element_set,500,dummy_mean,2.26,1.5283600000000002
2809,group_element_set,500,dummy_mean,1.64,1.5283600000000002
2812,group_element_set,500,dummy_mean,-0.58,1.5283600000000002
2826,group_element_set,500,dummy_mean,1.3,1.5283600000000002
2836,group_element_set,500,dummy_mean,2.6,1.5283600000000002
2837,group_element_set,500,dummy_mean,1.1,1.5283600000000002
2843,group_element_set,500,dummy_mean,1.88,1.5283600000000002
2849,group_element_set,500,dummy_mean,1.2,1.5283600000000002
2854,group_element_set,500,dummy_mean,1.88,1.5283600000000002
2856,group_element_set,500,dummy_mean,1.4,1.5283600000000002
2864,group_element_set,500,dummy_mean,1.82,1.5283600000000002
2872,group_element_set,500,dummy_mean,-0.06,1.5283600000000002
2881,group_element_set,500,dummy_mean,1.26,1.5283600000000002
2882,group_element_set,500,dummy_mean,1.08,1.5283600000000002
2886,group_element_set,500,dummy_mean,0.94,1.5283600000000002
2887,group_element_set,500,dummy_mean,1.94,1.5283600000000002
2912,group_element_set,500,dummy_mean,0.6,1.5283600000000002
2916,group_element_set,500,dummy_mean,1.56,1.5283600000000002
2928,group_element_set,500,dummy_mean,1.46,1.5283600000000002
2935,group_element_set,500,dummy_mean,1.48,1.5283600000000002
2957,group_element_set,500,dummy_mean,1.06,1.5283600000000002
2972,group_element_set,500,dummy_mean,0.1,1.5283600000000002
2975,group_element_set,500,dummy_mean,0.56,1.5283600000000002
2976,group_element_set,500,dummy_mean,1.06,1.5283600000000002
2993,group_element_set,500,dummy_mean,1.58,1.5283600000000002
2997,group_element_set,500,dummy_mean,0.5,1.5283600000000002
3002,group_element_set,500,dummy_mean,2.16,1.5283600000000002
3012,group_element_set,500,dummy_mean,0.9,1.5283600000000002
3025,group_element_set,500,dummy_mean,2.42,1.5283600000000002
3037,group_element_set,500,dummy_mean,1.48,1.5283600000000002
3048,group_element_set,500,dummy_mean,0.48,1.5283600000000002
3050,group_element_set,500,dummy_mean,1.32,1.5283600000000002
3063,group_element_set,500,dummy_mean,1.28,1.5283600000000002
3106,group_element_set,500,dummy_mean,0.42,1.5283600000000002
3115,group_element_set,500,dummy_mean,1.6,1.5283600000000002
3127,group_element_set,500,dummy_mean,1.04,1.5283600000000002
3129,group_element_set,500,dummy_mean,2.04,1.5283600000000002
3130,group_element_set,500,dummy_mean,2.76,1.5283600000000002
3141,group_element_set,500,dummy_mean,0.74,1.5283600000000002
3143,group_element_set,500,dummy_mean,1.82,1.5283600000000002
3186,group_element_set,500,dummy_mean,1.62,1.5283600000000002
3207,group_element_set,500,dummy_mean,1.38,1.5283600000000002
3238,group_element_set,500,dummy_mean,1.54,1.5283600000000002
3240,group_element_set,500,dummy_mean,1.08,1.5283600000000002
3253,group_element_set,500,dummy_mean,1.56,1.5283600000000002
3255,group_element_set,500,dummy_mean,0.2,1.5283600000000002
3272,group_element_set,500,dummy_mean,2.32,1.5283600000000002
3286,group_element_set,500,dummy_mean,0.7,1.5283600000000002
3293,group_element_set,500,dummy_mean,1.5,1.5283600000000002
3296,group_element_set,500,dummy_mean,1.52,1.5283600000000002
3309,group_element_set,500,dummy_mean,0.64,1.5283600000000002
3310,group_element_set,500,dummy_mean,0.94,1.5283600000000002
3314,group_element_set,500,dummy_mean,1.4,1.5283600000000002
3342,group_element_set,500,dummy_mean,0.78,1.5283600000000002
3356,group_element_set,500,dummy_mean,0.76,1.5283600000000002
3359,group_element_set,500,dummy_mean,0.5,1.5283600000000002
3360,group_element_set,500,dummy_mean,1.26,1.5283600000000002
3362,group_element_set,500,dummy_mean,0.92,1.5283600000000002
3374,group_element_set,500,dummy_mean,0.84,1.5283600000000002
3389,group_element_set,500,dummy_mean,1.28,1.5283600000000002
3390,group_element_set,500,dummy_mean,0.82,1.5283600000000002
3400,group_element_set,500,dummy_mean,1.18,1.5283600000000002
3402,group_element_set,500,dummy_mean,0.96,1.5283600000000002
3407,group_element_set,500,dummy_mean,1.04,1.5283600000000002
3423,group_element_set,500,dummy_mean,1.32,1.5283600000000002
3430,group_element_set,500,dummy_mean,3.12,1.5283600000000002
3434,group_element_set,500,dummy_mean,1.52,1.5283600000000002
3465,group_element_set,500,dummy_mean,1.8,1.5283600000000002
3498,group_element_set,500,dummy_mean,1.08,1.5283600000000002
3532,group_element_set,500,dummy_mean,1.06,1.5283600000000002
3557,group_element_set,500,dummy_mean,0.6,1.5283600000000002
3558,group_element_set,500,dummy_mean,0.78,1.5283600000000002
3569,group_element_set,500,dummy_mean,1.42,1.5283600000000002
3570,group_element_set,500,dummy_mean,2.66,1.5283600000000002
3582,group_element_set,500,dummy_mean,1.68,1.5283600000000002
3584,group_element_set,500,dummy_mean,1.16,1.5283600000000002
3585,group_element_set,500,dummy_mean,2.34,1.5283600000000002
3627,group_element_set,500,dummy_mean,1.34,1.5283600000000002
3647,group_element_set,500,dummy_mean,2.0,1.5283600000000002
3653,group_element_set,500,dummy_mean,0.66,1.5283600000000002
3662,group_element_set,500,dummy_mean,3.2,1.5283600000000002
3671,group_element_set,500,dummy_mean,1.22,1.5283600000000002
3684,group_element_set,500,dummy_mean,0.36,1.5283600000000002
3685,group_element_set,500,dummy_mean,1.54,1.5283600000000002
3686,group_element_set,500,dummy_mean,1.16,1.5283600000000002
3687,group_element_set,500,dummy_mean,2.08,1.5283600000000002
3688,group_element_set,500,dummy_mean,1.38,1.5283600000000002
3689,group_element_set,500,dummy_mean,1.7,1.5283600000000002
3691,group_element_set,500,dummy_mean,0.7,1.5283600000000002
3696,group_element_set,500,dummy_mean,1.58,1.5283600000000002
3714,group_element_set,500,dummy_mean,3.48,1.5283600000000002
3717,group_element_set,500,dummy_mean,2.54,1.5283600000000002
3721,group_element_set,500,dummy_mean,1.94,1.5283600000000002
3725,group_element_set,500,dummy_mean,2.88,1.5283600000000002
3734,group_element_set,500,dummy_mean,1.22,1.5283600000000002
3741,group_element_set,500,dummy_mean,1.48,1.5283600000000002
3742,group_element_set,500,dummy_mean,2.3,1.5283600000000002
3750,group_element_set,500,dummy_mean,2.88,1.5283600000000002
3756,group_element_set,500,dummy_mean,2.14,1.5283600000000002
3768,group_element_set,500,dummy_mean,1.14,1.5283600000000002
3770,group_element_set,500,dummy_mean,0.74,1.5283600000000002
3800,group_element_set,500,dummy_mean,0.82,1.5283600000000002
3822,group_element_set,500,dummy_mean,2.2,1.5283600000000002
3823,group_element_set,500,dummy_mean,1.7,1.5283600000000002
3837,group_element_set,500,dummy_mean,0.78,1.5283600000000002
3839,group_element_set,500,dummy_mean,0.94,1.5283600000000002
3856,group_element_set,500,dummy_mean,1.34,1.5283600000000002
3865,group_element_set,500,dummy_mean,1.94,1.5283600000000002
3892,group_element_set,500,dummy_mean,1.12,1.5283600000000002
3904,group_element_set,500,dummy_mean,1.2,1.5283600000000002
3914,group_element_set,500,dummy_mean,0.48,1.5283600000000002
3923,group_element_set,500,dummy_mean,2.4,1.5283600000000002
3927,group_element_set,500,dummy_mean,1.3,1.5283600000000002
3948,group_element_set,500,dummy_mean,1.78,1.5283600000000002
3961,group_element_set,500,dummy_mean,-0.1,1.5283600000000002
3962,group_element_set,500,dummy_mean,1.72,1.5283600000000002
3984,group_element_set,500,dummy_mean,1.2,1.5283600000000002
3995,group_element_set,500,dummy_mean,1.36,1.5283600000000002
4000,group_element_set,500,dummy_mean,1.2,1.5283600000000002
4005,group_element_set,500,dummy_mean,1.62,1.5283600000000002
4021,group_element_set,500,dummy_mean,1.32,1.5283600000000002
4043,group_element_set,500,dummy_mean,2.9,1.5283600000000002
4044,group_element_set,500,dummy_mean,0.8,1.5283600000000002
4050,group_element_set,500,dummy_mean,2.0,1.5283600000000002
4057,group_element_set,500,dummy_mean,1.52,1.5283600000000002
4073,group_element_set,500,dummy_mean,1.98,1.5283600000000002
4074,group_element_set,500,dummy_mean,0.6,1.5283600000000002
4075,group_element_set,500,dummy_mean,1.62,1.5283600000000002
4083,group_element_set,500,dummy_mean,0.98,1.5283600000000002
4106,group_element_set,500,dummy_mean,1.44,1.5283600000000002
4135,group_element_set,500,dummy_mean,1.04,1.5283600000000002
4144,group_element_set,500,dummy_mean,0.98,1.5283600000000002
4202,group_element_set,500,dummy_mean,1.22,1.5283600000000002
4211,group_element_set,500,dummy_mean,1.18,1.5283600000000002
4221,group_element_set,500,dummy_mean,0.94,1.5283600000000002
4227,group_element_set,500,dummy_mean,3.98,1.5283600000000002
4238,group_element_set,500,dummy_mean,1.04,1.5283600000000002
4244,group_element_set,500,dummy_mean,0.24,1.5283600000000002
4255,group_element_set,500,dummy_mean,1.16,1.5283600000000002
4256,group_element_set,500,dummy_mean,1.64,1.5283600000000002
4257,group_element_set,500,dummy_mean,1.34,1.5283600000000002
4277,group_element_set,500,dummy_mean,2.26,1.5283600000000002
4281,group_element_set,500,dummy_mean,2.34,1.5283600000000002
4284,group_element_set,500,dummy_mean,0.7,1.5283600000000002
4289,group_element_set,500,dummy_mean,3.66,1.5283600000000002
4346,group_element_set,500,dummy_mean,2.1,1.5283600000000002
4349,group_element_set,500,dummy_mean,1.4,1.5283600000000002
4352,group_element_set,500,dummy_mean,1.8,1.5283600000000002
4376,group_element_set,500,dummy_mean,2.62,1.5283600000000002
4412,group_element_set,500,dummy_mean,0.18,1.5283600000000002
4429,group_element_set,500,dummy_mean,2.0,1.5283600000000002
4438,group_element_set,500,dummy_mean,3.22,1.5283600000000002
4440,group_element_set,500,dummy_mean,1.18,1.5283600000000002
4444,group_element_set,500,dummy_mean,1.42,1.5283600000000002
4445,group_element_set,500,dummy_mean,0.48,1.5283600000000002
4458,group_element_set,500,dummy_mean,1.36,1.5283600000000002
4467,group_element_set,500,dummy_mean,3.02,1.5283600000000002
4472,group_element_set,500,dummy_mean,2.24,1.5283600000000002
4482,group_element_set,500,dummy_mean,1.1,1.5283600000000002
4491,group_element_set,500,dummy_mean,1.02,1.5283600000000002
4504,group_element_set,500,dummy_mean,1.62,1.5283600000000002
4512,group_element_set,500,dummy_mean,1.34,1.5283600000000002
4520,group_element_set,500,dummy_mean,1.52,1.5283600000000002
4522,group_element_set,500,dummy_mean,1.38,1.5283600000000002
4526,group_element_set,500,dummy_mean,1.84,1.5283600000000002
4535,group_element_set,500,dummy_mean,0.74,1.5283600000000002
4545,group_element_set,500,dummy_mean,0.8,1.5283600000000002
4547,group_element_set,500,dummy_mean,0.44,1.5283600000000002
4551,group_element_set,500,dummy_mean,1.32,1.5283600000000002
4555,group_element_set,500,dummy_mean,0.94,1.5283600000000002
4569,group_element_set,500,dummy_mean,1.64,1.5283600000000002
4573,group_element_set,500,dummy_mean,1.04,1.5283600000000002
4574,group_element_set,500,dummy_mean,0.38,1.5283600000000002
4581,group_element_set,500,dummy_mean,1.96,1.5283600000000002
4615,group_element_set,500,dummy_mean,2.3,1.5283600000000002
4631,group_element_set,500,dummy_mean,1.74,1.5283600000000002
4632,group_element_set,500,dummy_mean,0.84,1.5283600000000002
4642,group_element_set,500,dummy_mean,0.84,1.5283600000000002
4671,group_element_set,500,dummy_mean,1.02,1.5283600000000002
4673,group_element_set,500,dummy_mean,4.34,1.5283600000000002
4676,group_element_set,500,dummy_mean,0.68,1.5283600000000002
4677,group_element_set,500,dummy_mean,1.42,1.5283600000000002
4684,group_element_set,500,dummy_mean,1.08,1.5283600000000002
4720,group_element_set,500,dummy_mean,3.54,1.5283600000000002
4724,group_element_set,500,dummy_mean,1.8,1.5283600000000002
4730,group_element_set,500,dummy_mean,1.54,1.5283600000000002
4744,group_element_set,500,dummy_mean,1.96,1.5283600000000002
4753,group_element_set,500,dummy_mean,1.2,1.5283600000000002
4754,group_element_set,500,dummy_mean,1.36,1.5283600000000002
4769,group_element_set,500,dummy_mean,1.42,1.5283600000000002
4781,group_element_set,500,dummy_mean,0.86,1.5283600000000002
4795,group_element_set,500,dummy_mean,1.06,1.5283600000000002
4802,group_element_set,500,dummy_mean,1.56,1.5283600000000002
4806,group_element_set,500,dummy_mean,1.52,1.5283600000000002
4812,group_element_set,500,dummy_mean,0.6,1.5283600000000002
4814,group_element_set,500,dummy_mean,1.66,1.5283600000000002
4828,group_element_set,500,dummy_mean,1.78,1.5283600000000002
4830,group_element_set,500,dummy_mean,2.1,1.5283600000000002
4873,group_element_set,500,dummy_mean,2.58,1.5283600000000002
4877,group_element_set,500,dummy_mean,2.32,1.5283600000000002
4894,group_element_set,500,dummy_mean,1.18,1.5283600000000002
4899,group_element_set,500,dummy_mean,1.08,1.5283600000000002
4901,group_element_set,500,dummy_mean,0.96,1.5283600000000002
4903,group_element_set,500,dummy_mean,1.58,1.5283600000000002
4908,group_element_set,500,dummy_mean,1.02,1.5283600000000002
4919,group_element_set,500,dummy_mean,3.86,1.5283600000000002
4932,group_element_set,500,dummy_mean,2.0,1.5283600000000002
4937,group_element_set,500,dummy_mean,1.7,1.5283600000000002
4941,group_element_set,500,dummy_mean,1.68,1.5283600000000002
4945,group_element_set,500,dummy_mean,3.12,1.5283600000000002
4947,group_element_set,500,dummy_mean,1.24,1.5283600000000002
4965,group_element_set,500,dummy_mean,1.22,1.5283600000000002
4982,group_element_set,500,dummy_mean,0.58,1.5283600000000002
4983,group_element_set,500,dummy_mean,2.7,1.5283600000000002
4997,group_element_set,500,dummy_mean,1.28,1.5283600000000002
5001,group_element_set,500,dummy_mean,1.42,1.5283600000000002
5010,group_element_set,500,dummy_mean,2.52,1.5283600000000002
5012,group_element_set,500,dummy_mean,1.58,1.5283600000000002
5025,group_element_set,500,dummy_mean,1.04,1.5283600000000002
5041,group_element_set,500,dummy_mean,1.8,1.5283600000000002
5043,group_element_set,500,dummy_mean,1.08,1.5283600000000002
5057,group_element_set,500,dummy_mean,1.44,1.5283600000000002
5058,group_element_set,500,dummy_mean,0.7,1.5283600000000002
5064,group_element_set,500,dummy_mean,1.28,1.5283600000000002
5096,group_element_set,500,dummy_mean,4.36,1.5283600000000002
5097,group_element_set,500,dummy_mean,2.5,1.5283600000000002
5101,group_element_set,500,dummy_mean,3.74,1.5283600000000002
5108,group_element_set,500,dummy_mean,1.22,1.5283600000000002
5152,group_element_set,500,dummy_mean,2.76,1.5283600000000002
5156,group_element_set,500,dummy_mean,1.4,1.5283600000000002
5167,group_element_set,500,dummy_mean,0.56,1.5283600000000002
5176,group_element_set,500,dummy_mean,1.46,1.5283600000000002
5182,group_element_set,500,dummy_mean,2.68,1.5283600000000002
5184,group_element_set,500,dummy_mean,1.18,1.5283600000000002
5197,group_element_set,500,dummy_mean,1.74,1.5283600000000002
5208,group_element_set,500,dummy_mean,1.14,1.5283600000000002
5213,group_element_set,500,dummy_mean,2.1,1.5283600000000002
5216,group_element_set,500,dummy_mean,2.08,1.5283600000000002
5218,group_element_set,500,dummy_mean,0.62,1.5283600000000002
5219,group_element_set,500,dummy_mean,2.18,1.5283600000000002
5258,group_element_set,500,dummy_mean,0.86,1.5283600000000002
5268,group_element_set,500,dummy_mean,1.58,1.5283600000000002
5275,group_element_set,500,dummy_mean,0.46,1.5283600000000002
5279,group_element_set,500,dummy_mean,2.48,1.5283600000000002
5282,group_element_set,500,dummy_mean,2.06,1.5283600000000002
5288,group_element_set,500,dummy_mean,2.68,1.5283600000000002
5295,group_element_set,500,dummy_mean,1.04,1.5283600000000002
5298,group_element_set,500,dummy_mean,1.5,1.5283600000000002
5331,group_element_set,500,dummy_mean,1.56,1.5283600000000002
5335,group_element_set,500,dummy_mean,0.62,1.5283600000000002
5339,group_element_set,500,dummy_mean,2.64,1.5283600000000002
5348,group_element_set,500,dummy_mean,1.68,1.5283600000000002
5350,group_element_set,500,dummy_mean,0.42,1.5283600000000002
5356,group_element_set,500,dummy_mean,1.84,1.5283600000000002
5372,group_element_set,500,dummy_mean,2.42,1.5283600000000002
5389,group_element_set,500,dummy_mean,0.96,1.5283600000000002
5393,group_element_set,500,dummy_mean,3.0,1.5283600000000002
5403,group_element_set,500,dummy_mean,1.9,1.5283600000000002
5409,group_element_set,500,dummy_mean,0.66,1.5283600000000002
5412,group_element_set,500,dummy_mean,0.72,1.5283600000000002
5415,group_element_set,500,dummy_mean,2.38,1.5283600000000002
5455,group_element_set,500,dummy_mean,1.04,1.5283600000000002
5481,group_element_set,500,dummy_mean,1.56,1.5283600000000002
5491,group_element_set,500,dummy_mean,1.12,1.5283600000000002
5492,group_element_set,500,dummy_mean,1.88,1.5283600000000002
5493,group_element_set,500,dummy_mean,1.46,1.5283600000000002
5497,group_element_set,500,dummy_mean,0.9,1.5283600000000002
5503,group_element_set,500,dummy_mean,1.48,1.5283600000000002
5509,group_element_set,500,dummy_mean,1.22,1.5283600000000002
5512,group_element_set,500,dummy_mean,1.18,1.5283600000000002
5514,group_element_set,500,dummy_mean,1.48,1.5283600000000002
5535,group_element_set,500,dummy_mean,1.34,1.5283600000000002
5574,group_element_set,500,dummy_mean,1.62,1.5283600000000002
5599,group_element_set,500,dummy_mean,1.32,1.5283600000000002
5602,group_element_set,500,dummy_mean,0.68,1.5283600000000002
5616,group_element_set,500,dummy_mean,1.02,1.5283600000000002
5617,group_element_set,500,dummy_mean,0.92,1.5283600000000002
5635,group_element_set,500,dummy_mean,1.08,1.5283600000000002
5669,group_element_set,500,dummy_mean,2.6,1.5283600000000002
5680,group_element_set,500,dummy_mean,0.34,1.5283600000000002
5688,group_element_set,500,dummy_mean,1.4,1.5283600000000002
5706,group_element_set,500,dummy_mean,0.74,1.5283600000000002
5727,group_element_set,500,dummy_mean,0.3,1.5283600000000002
5729,group_element_set,500,dummy_mean,1.08,1.5283600000000002
5748,group_element_set,500,dummy_mean,1.12,1.5283600000000002
5757,group_element_set,500,dummy_mean,1.38,1.5283600000000002
5769,group_element_set,500,dummy_mean,0.94,1.5283600000000002
5822,group_element_set,500,dummy_mean,1.02,1.5283600000000002
5839,group_element_set,500,dummy_mean,0.88,1.5283600000000002
5842,group_element_set,500,dummy_mean,2.62,1.5283600000000002
5857,group_element_set,500,dummy_mean,1.44,1.5283600000000002
5868,group_element_set,500,dummy_mean,2.3,1.5283600000000002
5883,group_element_set,500,dummy_mean,1.5,1.5283600000000002
5905,group_element_set,500,dummy_mean,1.3,1.5283600000000002
5906,group_element_set,500,dummy_mean,3.06,1.5283600000000002
5909,group_element_set,500,dummy_mean,1.16,1.5283600000000002
5910,group_element_set,500,dummy_mean,0.3,1.5283600000000002
5930,group_element_set,500,dummy_mean,2.4,1.5283600000000002
5939,group_element_set,500,dummy_mean,1.06,1.5283600000000002
5950,group_element_set,500,dummy_mean,0.4,1.5283600000000002
5960,group_element_set,500,dummy_mean,0.32,1.5283600000000002
5996,group_element_set,500,dummy_mean,0.5,1.5283600000000002
6002,group_element_set,500,dummy_mean,0.68,1.5283600000000002
6009,group_element_set,500,dummy_mean,1.72,1.5283600000000002
6015,group_element_set,500,dummy_mean,2.98,1.5283600000000002
6021,group_element_set,500,dummy_mean,0.68,1.5283600000000002
6052,group_element_set,500,dummy_mean,1.52,1.5283600000000002
6056,group_element_set,500,dummy_mean,1.8,1.5283600000000002
6057,group_element_set,500,dummy_mean,2.42,1.5283600000000002
6062,group_element_set,500,dummy_mean,1.96,1.5283600000000002
6065,group_element_set,500,dummy_mean,1.42,1.5283600000000002
6081,group_element_set,500,dummy_mean,1.18,1.5283600000000002
6092,group_element_set,500,dummy_mean,0.54,1.5283600000000002
6103,group_element_set,500,dummy_mean,1.46,1.5283600000000002
6106,group_element_set,500,dummy_mean,1.1,1.5283600000000002
6114,group_element_set,500,dummy_mean,1.94,1.5283600000000002
6121,group_element_set,500,dummy_mean,0.86,1.5283600000000002
6123,group_element_set,500,dummy_mean,1.58,1.5283600000000002
6137,group_element_set,500,dummy_mean,0.62,1.5283600000000002
6142,group_element_set,500,dummy_mean,0.68,1.5283600000000002
6156,group_element_set,500,dummy_mean,0.7,1.5283600000000002
6164,group_element_set,500,dummy_mean,1.12,1.5283600000000002
6167,group_element_set,500,dummy_mean,1.5,1.5283600000000002
6177,group_element_set,500,dummy_mean,2.68,1.5283600000000002
6189,group_element_set,500,dummy_mean,1.02,1.5283600000000002
6192,group_element_set,500,dummy_mean,0.54,1.5283600000000002
6220,group_element_set,500,dummy_mean,1.14,1.5283600000000002
6234,group_element_set,500,dummy_mean,1.38,1.5283600000000002
6268,group_element_set,500,dummy_mean,0.82,1.5283600000000002
6281,group_element_set,500,dummy_mean,0.76,1.5283600000000002
6285,group_element_set,500,dummy_mean,0.8,1.5283600000000002
6293,group_element_set,500,dummy_mean,1.36,1.5283600000000002
6294,group_element_set,500,dummy_mean,0.74,1.5283600000000002
6295,group_element_set,500,dummy_mean,1.78,1.5283600000000002
6314,group_element_set,500,dummy_mean,1.12,1.5283600000000002
6324,group_element_set,500,dummy_mean,2.0,1.5283600000000002
6343,group_element_set,500,dummy_mean,1.82,1.5283600000000002
6352,group_element_set,500,dummy_mean,1.08,1.5283600000000002
6354,group_element_set,500,dummy_mean,2.1,1.5283600000000002
6357,group_element_set,500,dummy_mean,1.46,1.5283600000000002
6358,group_element_set,500,dummy_mean,1.08,1.5283600000000002
6403,group_element_set,500,dummy_mean,1.6,1.5283600000000002
6407,group_element_set,500,dummy_mean,2.7,1.5283600000000002
6415,group_element_set,500,dummy_mean,1.76,1.5283600000000002
6420,group_element_set,500,dummy_mean,1.16,1.5283600000000002
6421,group_element_set,500,dummy_mean,1.64,1.5283600000000002
6432,group_element_set,500,dummy_mean,0.8,1.5283600000000002
6444,group_element_set,500,dummy_mean,0.48,1.5283600000000002
6448,group_element_set,500,dummy_mean,2.88,1.5283600000000002
6451,group_element_set,500,dummy_mean,1.3,1.5283600000000002
6453,group_element_set,500,dummy_mean,1.0,1.5283600000000002
6466,group_element_set,500,dummy_mean,0.36,1.5283600000000002
6471,group_element_set,500,dummy_mean,1.44,1.5283600000000002
6472,group_element_set,500,dummy_mean,0.62,1.5283600000000002
6476,group_element_set,500,dummy_mean,1.72,1.5283600000000002
6480,group_element_set,500,dummy_mean,1.38,1.5283600000000002
6483,group_element_set,500,dummy_mean,1.58,1.5283600000000002
6488,group_element_set,500,dummy_mean,1.44,1.5283600000000002
6493,group_element_set,500,dummy_mean,1.98,1.5283600000000002
6497,group_element_set,500,dummy_mean,1.9,1.5283600000000002
6506,group_element_set,500,dummy_mean,0.62,1.5283600000000002
6508,group_element_set,500,dummy_mean,0.78,1.5283600000000002
6511,group_element_set,500,dummy_mean,0.84,1.5283600000000002
6512,group_element_set,500,dummy_mean,1.72,1.5283600000000002
6514,group_element_set,500,dummy_mean,0.62,1.5283600000000002
6516,group_element_set,500,dummy_mean,2.78,1.5283600000000002
6541,group_element_set,500,dummy_mean,2.48,1.5283600000000002
6586,group_element_set,500,dummy_mean,0.56,1.5283600000000002
6590,group_element_set,500,dummy_mean,0.22,1.5283600000000002
6630,group_element_set,500,dummy_mean,1.66,1.5283600000000002
6631,group_element_set,500,dummy_mean,0.88,1.5283600000000002
6646,group_element_set,500,dummy_mean,0.96,1.5283600000000002
6647,group_element_set,500,dummy_mean,1.48,1.5283600000000002
6665,group_element_set,500,dummy_mean,2.22,1.5283600000000002
6680,group_element_set,500,dummy_mean,1.66,1.5283600000000002
6708,group_element_set,500,dummy_mean,1.2,1.5283600000000002
6734,group_element_set,500,dummy_mean,2.22,1.5283600000000002
6741,group_element_set,500,dummy_mean,1.78,1.5283600000000002
6746,group_element_set,500,dummy_mean,0.66,1.5283600000000002
6750,group_element_set,500,dummy_mean,2.52,1.5283600000000002
6753,group_element_set,500,dummy_mean,1.3,1.5283600000000002
6761,group_element_set,500,dummy_mean,1.5,1.5283600000000002
6769,group_element_set,500,dummy_mean,2.16,1.5283600000000002
6810,group_element_set,500,dummy_mean,2.5,1.5283600000000002
6824,group_element_set,500,dummy_mean,1.22,1.5283600000000002
6826,group_element_set,500,dummy_mean,0.38,1.5283600000000002
6829,group_element_set,500,dummy_mean,1.42,1.5283600000000002
6836,group_element_set,500,dummy_mean,0.36,1.5283600000000002
6842,group_element_set,500,dummy_mean,1.88,1.5283600000000002
6846,group_element_set,500,dummy_mean,0.56,1.5283600000000002
6850,group_element_set,500,dummy_mean,0.66,1.5283600000000002
6871,group_element_set,500,dummy_mean,1.94,1.5283600000000002
6884,group_element_set,500,dummy_mean,0.96,1.5283600000000002
6913,group_element_set,500,dummy_mean,1.5,1.5283600000000002
6925,group_element_set,500,dummy_mean,2.38,1.5283600000000002
6940,group_element_set,500,dummy_mean,3.4,1.5283600000000002
6955,group_element_set,500,dummy_mean,0.92,1.5283600000000002
6975,group_element_set,500,dummy_mean,1.38,1.5283600000000002
6987,group_element_set,500,dummy_mean,1.22,1.5283600000000002
7010,group_element_set,500,dummy_mean,1.48,1.5283600000000002
7017,group_element_set,500,dummy_mean,0.92,1.5283600000000002
7027,group_element_set,500,dummy_mean,0.66,1.5283600000000002
7035,group_element_set,500,dummy_mean,2.26,1.5283600000000002
7058,group_element_set,500,dummy_mean,2.1,1.5283600000000002
7061,group_element_set,500,dummy_mean,0.7,1.5283600000000002
7065,group_element_set,500,dummy_mean,1.78,1.5283600000000002
7067,group_element_set,500,dummy_mean,1.16,1.5283600000000002
7069,group_element_set,500,dummy_mean,2.08,1.5283600000000002
7073,group_element_set,500,dummy_mean,2.4,1.5283600000000002
7074,group_element_set,500,dummy_mean,0.76,1.5283600000000002
7088,group_element_set,500,dummy_mean,0.94,1.5283600000000002
7128,group_element_set,500,dummy_mean,0.46,1.5283600000000002
7166,group_element_set,500,dummy_mean,1.14,1.5283600000000002
7178,group_element_set,500,dummy_mean,1.5,1.5283600000000002
7193,group_element_set,500,dummy_mean,2.14,1.5283600000000002
7194,group_element_set,500,dummy_mean,1.44,1.5283600000000002
7209,group_element_set,500,dummy_mean,2.06,1.5283600000000002
7218,group_element_set,500,dummy_mean,0.78,1.5283600000000002
7221,group_element_set,500,dummy_mean,0.0,1.5283600000000002
7234,group_element_set,500,dummy_mean,1.36,1.5283600000000002
7255,group_element_set,500,dummy_mean,3.12,1.5283600000000002
7256,group_element_set,500,dummy_mean,0.46,1.5283600000000002
7257,group_element_set,500,dummy_mean,0.16,1.5283600000000002
7264,group_element_set,500,dummy_mean,1.7,1.5283600000000002
7265,group_element_set,500,dummy_mean,2.1,1.5283600000000002
7281,group_element_set,500,dummy_mean,1.08,1.5283600000000002
7282,group_element_set,500,dummy_mean,0.76,1.5283600000000002
7285,group_element_set,500,dummy_mean,0.84,1.5283600000000002
7293,group_element_set,500,dummy_mean,1.0,1.5283600000000002
7297,group_element_set,500,dummy_mean,2.26,1.5283600000000002
7303,group_element_set,500,dummy_mean,2.3,1.5283600000000002
7320,group_element_set,500,dummy_mean,0.94,1.5283600000000002
7334,group_element_set,500,dummy_mean,1.2,1.5283600000000002
7342,group_element_set,500,dummy_mean,2.34,1.5283600000000002
7346,group_element_set,500,dummy_mean,2.84,1.5283600000000002
7347,group_element_set,500,dummy_mean,1.78,1.5283600000000002
7349,group_element_set,500,dummy_mean,1.4,1.5283600000000002
7359,group_element_set,500,dummy_mean,1.84,1.5283600000000002
7365,group_element_set,500,dummy_mean,1.26,1.5283600000000002
7375,group_element_set,500,dummy_mean,1.96,1.5283600000000002
7396,group_element_set,500,dummy_mean,1.82,1.5283600000000002
7405,group_element_set,500,dummy_mean,1.6,1.5283600000000002
7410,group_element_set,500,dummy_mean,1.76,1.5283600000000002
7415,group_element_set,500,dummy_mean,-0.24,1.5283600000000002
7425,group_element_set,500,dummy_mean,0.26,1.5283600000000002
7456,group_element_set,500,dummy_mean,1.86,1.5283600000000002
7458,group_element_set,500,dummy_mean,1.38,1.5283600000000002
7469,group_element_set,500,dummy_mean,1.98,1.5283600000000002
7482,group_element_set,500,dummy_mean,1.14,1.5283600000000002
7500,group_element_set,500,dummy_mean,1.36,1.5283600000000002
7516,group_element_set,500,dummy_mean,1.44,1.5283600000000002
7543,group_element_set,500,dummy_mean,1.7,1.5283600000000002
7547,group_element_set,500,dummy_mean,1.52,1.5283600000000002
7549,group_element_set,500,dummy_mean,1.5,1.5283600000000002
7560,group_element_set,500,dummy_mean,2.36,1.5283600000000002
7570,group_element_set,500,dummy_mean,0.34,1.5283600000000002
7571,group_element_set,500,dummy_mean,1.44,1.5283600000000002
7591,group_element_set,500,dummy_mean,1.54,1.5283600000000002
7598,group_element_set,500,dummy_mean,1.0,1.5283600000000002
7603,group_element_set,500,dummy_mean,1.82,1.5283600000000002
7608,group_element_set,500,dummy_mean,1.44,1.5283600000000002
7617,group_element_set,500,dummy_mean,1.18,1.5283600000000002
7621,group_element_set,500,dummy_mean,1.5,1.5283600000000002
7643,group_element_set,500,dummy_mean,1.02,1.5283600000000002
7652,group_element_set,500,dummy_mean,1.48,1.5283600000000002
7664,group_element_set,500,dummy_mean,1.54,1.5283600000000002
7670,group_element_set,500,dummy_mean,1.54,1.5283600000000002
7679,group_element_set,500,dummy_mean,3.62,1.5283600000000002
7690,group_element_set,500,dummy_mean,1.7,1.5283600000000002
7725,group_element_set,500,dummy_mean,1.12,1.5283600000000002
7728,group_element_set,500,dummy_mean,1.34,1.5283600000000002
7729,group_element_set,500,dummy_mean,1.48,1.5283600000000002
7737,group_element_set,500,dummy_mean,0.84,1.5283600000000002
7745,group_element_set,500,dummy_mean,1.5,1.5283600000000002
7747,group_element_set,500,dummy_mean,1.2,1.5283600000000002
7752,group_element_set,500,dummy_mean,1.68,1.5283600000000002
7773,group_element_set,500,dummy_mean,1.26,1.5283600000000002
7777,group_element_set,500,dummy_mean,1.28,1.5283600000000002
7780,group_element_set,500,dummy_mean,1.64,1.5283600000000002
7791,group_element_set,500,dummy_mean,1.58,1.5283600000000002
7803,group_element_set,500,dummy_mean,1.1,1.5283600000000002
7812,group_element_set,500,dummy_mean,1.58,1.5283600000000002
7828,group_element_set,500,dummy_mean,1.84,1.5283600000000002
7830,group_element_set,500,dummy_mean,1.76,1.5283600000000002
7870,group_element_set,500,dummy_mean,1.08,1.5283600000000002
7890,group_element_set,500,dummy_mean,1.38,1.5283600000000002
7891,group_element_set,500,dummy_mean,1.98,1.5283600000000002
7894,group_element_set,500,dummy_mean,2.84,1.5283600000000002
7898,group_element_set,500,dummy_mean,1.04,1.5283600000000002
7899,group_element_set,500,dummy_mean,1.0,1.5283600000000002
7908,group_element_set,500,dummy_mean,0.8,1.5283600000000002
7924,group_element_set,500,dummy_mean,0.88,1.5283600000000002
7927,group_element_set,500,dummy_mean,1.48,1.5283600000000002
7929,group_element_set,500,dummy_mean,1.34,1.5283600000000002
7941,group_element_set,500,dummy_mean,0.76,1.5283600000000002
7955,group_element_set,500,dummy_mean,1.54,1.5283600000000002
7966,group_element_set,500,dummy_mean,1.08,1.5283600000000002
7973,group_element_set,500,dummy_mean,1.8,1.5283600000000002
7982,group_element_set,500,dummy_mean,1.72,1.5283600000000002
8022,group_element_set,500,dummy_mean,3.26,1.5283600000000002
8025,group_element_set,500,dummy_mean,2.32,1.5283600000000002
8028,group_element_set,500,dummy_mean,1.32,1.5283600000000002
8035,group_element_set,500,dummy_mean,1.54,1.5283600000000002
8060,group_element_set,500,dummy_mean,1.26,1.5283600000000002
8068,group_element_set,500,dummy_mean,2.3,1.5283600000000002
8073,group_element_set,500,dummy_mean,0.94,1.5283600000000002
8074,group_element_set,500,dummy_mean,0.8,1.5283600000000002
8086,group_element_set,500,dummy_mean,0.9,1.5283600000000002
8094,group_element_set,500,dummy_mean,2.98,1.5283600000000002
8108,group_element_set,500,dummy_mean,1.56,1.5283600000000002
8125,group_element_set,500,dummy_mean,2.46,1.5283600000000002
8146,group_element_set,500,dummy_mean,0.5,1.5283600000000002
8148,group_element_set,500,dummy_mean,1.42,1.5283600000000002
8180,group_element_set,500,dummy_mean,1.94,1.5283600000000002
8183,group_element_set,500,dummy_mean,1.84,1.5283600000000002
8187,group_element_set,500,dummy_mean,1.52,1.5283600000000002
8189,group_element_set,500,dummy_mean,2.32,1.5283600000000002
8197,group_element_set,500,dummy_mean,1.48,1.5283600000000002
8207,group_element_set,500,dummy_mean,0.76,1.5283600000000002
8227,group_element_set,500,dummy_mean,1.88,1.5283600000000002
8229,group_element_set,500,dummy_mean,1.66,1.5283600000000002
8242,group_element_set,500,dummy_mean,1.24,1.5283600000000002
8246,group_element_set,500,dummy_mean,2.04,1.5283600000000002
8263,group_element_set,500,dummy_mean,1.66,1.5283600000000002
8269,group_element_set,500,dummy_mean,1.3,1.5283600000000002
8276,group_element_set,500,dummy_mean,0.86,1.5283600000000002
8289,group_element_set,500,dummy_mean,0.86,1.5283600000000002
8296,group_element_set,500,dummy_mean,2.66,1.5283600000000002
8299,group_element_set,500,dummy_mean,1.7,1.5283600000000002
8313,group_element_set,500,dummy_mean,4.04,1.5283600000000002
8329,group_element_set,500,dummy_mean,1.46,1.5283600000000002
8335,group_element_set,500,dummy_mean,1.94,1.5283600000000002
8343,group_element_set,500,dummy_mean,0.7,1.5283600000000002
8345,group_element_set,500,dummy_mean,0.52,1.5283600000000002
8350,group_element_set,500,dummy_mean,2.2,1.5283600000000002
8359,group_element_set,500,dummy_mean,1.88,1.5283600000000002
8367,group_element_set,500,dummy_mean,0.62,1.5283600000000002
8377,group_element_set,500,dummy_mean,0.66,1.5283600000000002
8387,group_element_set,500,dummy_mean,1.42,1.5283600000000002
8402,group_element_set,500,dummy_mean,0.96,1.5283600000000002
8409,group_element_set,500,dummy_mean,1.32,1.5283600000000002
8414,group_element_set,500,dummy_mean,1.38,1.5283600000000002
8422,group_element_set,500,dummy_mean,1.0,1.5283600000000002
8446,group_element_set,500,dummy_mean,2.52,1.5283600000000002
8455,group_element_set,500,dummy_mean,0.7,1.5283600000000002
8457,group_element_set,500,dummy_mean,0.56,1.5283600000000002
8458,group_element_set,500,dummy_mean,1.32,1.5283600000000002
8464,group_element_set,500,dummy_mean,2.94,1.5283600000000002
8487,group_element_set,500,dummy_mean,0.52,1.5283600000000002
8508,group_element_set,500,dummy_mean,0.76,1.5283600000000002
8511,group_element_set,500,dummy_mean,1.3,1.5283600000000002
8517,group_element_set,500,dummy_mean,1.54,1.5283600000000002
8537,group_element_set,500,dummy_mean,2.18,1.5283600000000002
8538,group_element_set,500,dummy_mean,1.38,1.5283600000000002
8568,group_element_set,500,dummy_mean,1.86,1.5283600000000002
8586,group_element_set,500,dummy_mean,1.82,1.5283600000000002
8608,group_element_set,500,dummy_mean,1.16,1.5283600000000002
8610,group_element_set,500,dummy_mean,0.54,1.5283600000000002
8615,group_element_set,500,dummy_mean,0.34,1.5283600000000002
8618,group_element_set,500,dummy_mean,1.98,1.5283600000000002
8620,group_element_set,500,dummy_mean,1.84,1.5283600000000002
8634,group_element_set,500,dummy_mean,1.68,1.5283600000000002
8636,group_element_set,500,dummy_mean,1.32,1.5283600000000002
8663,group_element_set,500,dummy_mean,1.76,1.5283600000000002
8678,group_element_set,500,dummy_mean,1.92,1.5283600000000002
8682,group_element_set,500,dummy_mean,0.92,1.5283600000000002
8683,group_element_set,500,dummy_mean,0.36,1.5283600000000002
8695,group_element_set,500,dummy_mean,0.86,1.5283600000000002
8697,group_element_set,500,dummy_mean,1.38,1.5283600000000002
8708,group_element_set,500,dummy_mean,1.3,1.5283600000000002
8712,group_element_set,500,dummy_mean,1.32,1.5283600000000002
8713,group_element_set,500,dummy_mean,0.1,1.5283600000000002
8718,group_element_set,500,dummy_mean,1.14,1.5283600000000002
8720,group_element_set,500,dummy_mean,1.48,1.5283600000000002
8723,group_element_set,500,dummy_mean,0.9,1.5283600000000002
8738,group_element_set,500,dummy_mean,0.82,1.5283600000000002
8744,group_element_set,500,dummy_mean,0.76,1.5283600000000002
8746,group_element_set,500,dummy_mean,0.22,1.5283600000000002
8768,group_element_set,500,dummy_mean,1.76,1.5283600000000002
8779,group_element_set,500,dummy_mean,3.88,1.5283600000000002
8782,group_element_set,500,dummy_mean,2.46,1.5283600000000002
8783,group_element_set,500,dummy_mean,2.8,1.5283600000000002
8785,group_element_set,500,dummy_mean,1.56,1.5283600000000002
8797,group_element_set,500,dummy_mean,0.12,1.5283600000000002
8814,group_element_set,500,dummy_mean,2.56,1.5283600000000002
8843,group_element_set,500,dummy_mean,1.52,1.5283600000000002
8868,group_element_set,500,dummy_mean,1.18,1.5283600000000002
8878,group_element_set,500,dummy_mean,1.72,1.5283600000000002
8916,group_element_set,500,dummy_mean,1.22,1.5283600000000002
8923,group_element_set,500,dummy_mean,1.42,1.5283600000000002
8925,group_element_set,500,dummy_mean,3.94,1.5283600000000002
8927,group_element_set,500,dummy_mean,1.34,1.5283600000000002
8948,group_element_set,500,dummy_mean,1.26,1.5283600000000002
8953,group_element_set,500,dummy_mean,1.66,1.5283600000000002
8973,group_element_set,500,dummy_mean,1.3,1.5283600000000002
8984,group_element_set,500,dummy_mean,1.12,1.5283600000000002
8986,group_element_set,500,dummy_mean,1.02,1.5283600000000002
8992,group_element_set,500,dummy_mean,1.48,1.5283600000000002
9003,group_element_set,500,dummy_mean,2.14,1.5283600000000002
9012,group_element_set,500,dummy_mean,1.38,1.5283600000000002
9013,group_element_set,500,dummy_mean,0.88,1.5283600000000002
9032,group_element_set,500,dummy_mean,1.72,1.5283600000000002
9038,group_element_set,500,dummy_mean,1.9,1.5283600000000002
9045,group_element_set,500,dummy_mean,1.28,1.5283600000000002
9049,group_element_set,500,dummy_mean,0.78,1.5283600000000002
9062,group_element_set,500,dummy_mean,1.14,1.5283600000000002
9065,group_element_set,500,dummy_mean,2.76,1.5283600000000002
9080,group_element_set,500,dummy_mean,1.34,1.5283600000000002
9096,group_element_set,500,dummy_mean,1.1,1.5283600000000002
9100,group_element_set,500,dummy_mean,2.8,1.5283600000000002
9105,group_element_set,500,dummy_mean,1.2,1.5283600000000002
9113,group_element_set,500,dummy_mean,1.38,1.5283600000000002
9115,group_element_set,500,dummy_mean,0.54,1.5283600000000002
9124,group_element_set,500,dummy_mean,0.72,1.5283600000000002
9129,group_element_set,500,dummy_mean,3.7,1.5283600000000002
9139,group_element_set,500,dummy_mean,1.0,1.5283600000000002
9154,group_element_set,500,dummy_mean,1.78,1.5283600000000002
9191,group_element_set,500,dummy_mean,1.64,1.5283600000000002
9196,group_element_set,500,dummy_mean,1.72,1.5283600000000002
9207,group_element_set,500,dummy_mean,3.52,1.5283600000000002
9212,group_element_set,500,dummy_mean,1.36,1.5283600000000002
9221,group_element_set,500,dummy_mean,0.92,1.5283600000000002
9238,group_element_set,500,dummy_mean,1.22,1.5283600000000002
9240,group_element_set,500,dummy_mean,1.84,1.5283600000000002
9242,group_element_set,500,dummy_mean,4.08,1.5283600000000002
9254,group_element_set,500,dummy_mean,2.2,1.5283600000000002
9277,group_element_set,500,dummy_mean,0.42,1.5283600000000002
9283,group_element_set,500,dummy_mean,0.14,1.5283600000000002
9285,group_element_set,500,dummy_mean,2.48,1.5283600000000002
9294,group_element_set,500,dummy_mean,1.84,1.5283600000000002
9296,group_element_set,500,dummy_mean,1.58,1.5283600000000002
9307,group_element_set,500,dummy_mean,0.7,1.5283600000000002
9312,group_element_set,500,dummy_mean,2.3,1.5283600000000002
9322,group_element_set,500,dummy_mean,2.1,1.5283600000000002
9340,group_element_set,500,dummy_mean,2.3,1.5283600000000002
9341,group_element_set,500,dummy_mean,1.8,1.5283600000000002
9351,group_element_set,500,dummy_mean,1.12,1.5283600000000002
9352,group_element_set,500,dummy_mean,2.14,1.5283600000000002
9353,group_element_set,500,dummy_mean,3.02,1.5283600000000002
9356,group_element_set,500,dummy_mean,1.12,1.5283600000000002
9357,group_element_set,500,dummy_mean,0.82,1.5283600000000002
9376,group_element_set,500,dummy_mean,1.98,1.5283600000000002
9377,group_element_set,500,dummy_mean,2.26,1.5283600000000002
9396,group_element_set,500,dummy_mean,0.82,1.5283600000000002
9397,group_element_set,500,dummy_mean,4.24,1.5283600000000002
9422,group_element_set,500,dummy_mean,1.7,1.5283600000000002
9425,group_element_set,500,dummy_mean,2.4,1.5283600000000002
9432,group_element_set,500,dummy_mean,0.68,1.5283600000000002
9438,group_element_set,500,dummy_mean,2.58,1.5283600000000002
9439,group_element_set,500,dummy_mean,0.92,1.5283600000000002
9440,group_element_set,500,dummy_mean,1.22,1.5283600000000002
9465,group_element_set,500,dummy_mean,1.72,1.5283600000000002
9480,group_element_set,500,dummy_mean,2.14,1.5283600000000002
9481,group_element_set,500,dummy_mean,2.92,1.5283600000000002
9506,group_element_set,500,dummy_mean,1.52,1.5283600000000002
9508,group_element_set,500,dummy_mean,2.16,1.5283600000000002
9519,group_element_set,500,dummy_mean,1.58,1.5283600000000002
9520,group_element_set,500,dummy_mean,1.28,1.5283600000000002
9522,group_element_set,500,dummy_mean,2.18,1.5283600000000002
9529,group_element_set,500,dummy_mean,0.68,1.5283600000000002
9535,group_element_set,500,dummy_mean,1.78,1.5283600000000002
9536,group_element_set,500,dummy_mean,1.16,1.5283600000000002
9538,group_element_set,500,dummy_mean,0.56,1.5283600000000002
9561,group_element_set,500,dummy_mean,1.7,1.5283600000000002
9572,group_element_set,500,dummy_mean,1.28,1.5283600000000002
9576,group_element_set,500,dummy_mean,1.58,1.5283600000000002
9601,group_element_set,500,dummy_mean,1.4,1.5283600000000002
9602,group_element_set,500,dummy_mean,1.92,1.5283600000000002
9607,group_element_set,500,dummy_mean,0.2,1.5283600000000002
9608,group_element_set,500,dummy_mean,0.12,1.5283600000000002
9610,group_element_set,500,dummy_mean,0.46,1.5283600000000002
9614,group_element_set,500,dummy_mean,0.38,1.5283600000000002
9615,group_element_set,500,dummy_mean,1.86,1.5283600000000002
9623,group_element_set,500,dummy_mean,1.52,1.5283600000000002
9635,group_element_set,500,dummy_mean,1.94,1.5283600000000002
9638,group_element_set,500,dummy_mean,1.96,1.5283600000000002
9647,group_element_set,500,dummy_mean,0.42,1.5283600000000002
9657,group_element_set,500,dummy_mean,1.64,1.5283600000000002
9694,group_element_set,500,dummy_mean,2.66,1.5283600000000002
9722,group_element_set,500,dummy_mean,2.82,1.5283600000000002
9734,group_element_set,500,dummy_mean,1.26,1.5283600000000002
9773,group_element_set,500,dummy_mean,0.62,1.5283600000000002
9781,group_element_set,500,dummy_mean,2.1,1.5283600000000002
9800,group_element_set,500,dummy_mean,0.86,1.5283600000000002
9803,group_element_set,500,dummy_mean,0.64,1.5283600000000002
9808,group_element_set,500,dummy_mean,1.78,1.5283600000000002
9809,group_element_set,500,dummy_mean,2.34,1.5283600000000002
9812,group_element_set,500,dummy_mean,0.82,1.5283600000000002
9826,group_element_set,500,dummy_mean,1.8,1.5283600000000002
9832,group_element_set,500,dummy_mean,2.5,1.5283600000000002
9835,group_element_set,500,dummy_mean,1.64,1.5283600000000002
9837,group_element_set,500,dummy_mean,1.38,1.5283600000000002
9842,group_element_set,500,dummy_mean,1.1,1.5283600000000002
9852,group_element_set,500,dummy_mean,1.72,1.5283600000000002
9861,group_element_set,500,dummy_mean,1.6,1.5283600000000002
9871,group_element_set,500,dummy_mean,1.26,1.5283600000000002
9888,group_element_set,500,dummy_mean,1.22,1.5283600000000002
9903,group_element_set,500,dummy_mean,1.48,1.5283600000000002
9906,group_element_set,500,dummy_mean,1.78,1.5283600000000002
9908,group_element_set,500,dummy_mean,0.66,1.5283600000000002
9912,group_element_set,500,dummy_mean,1.46,1.5283600000000002
9933,group_element_set,500,dummy_mean,1.92,1.5283600000000002
9936,group_element_set,500,dummy_mean,2.74,1.5283600000000002
10000,group_element_set,500,dummy_mean,1.9,1.5283600000000002
10009,group_element_set,500,dummy_mean,1.14,1.5283600000000002
10019,group_element_set,500,dummy_mean,0.68,1.5283600000000002
10020,group_element_set,500,dummy_mean,0.56,1.5283600000000002
10033,group_element_set,500,dummy_mean,1.36,1.5283600000000002
10037,group_element_set,500,dummy_mean,0.7,1.5283600000000002
10057,group_element_set,500,dummy_mean,0.24,1.5283600000000002
10077,group_element_set,500,dummy_mean,0.66,1.5283600000000002
10079,group_element_set,500,dummy_mean,2.1,1.5283600000000002
10084,group_element_set,500,dummy_mean,1.32,1.5283600000000002
10087,group_element_set,500,dummy_mean,2.54,1.5283600000000002
10088,group_element_set,500,dummy_mean,1.8,1.5283600000000002
10095,group_element_set,500,dummy_mean,2.16,1.5283600000000002
10096,group_element_set,500,dummy_mean,1.66,1.5283600000000002
10103,group_element_set,500,dummy_mean,2.58,1.5283600000000002
10123,group_element_set,500,dummy_mean,1.7,1.5283600000000002
10135,group_element_set,500,dummy_mean,1.8,1.5283600000000002
10138,group_element_set,500,dummy_mean,2.0,1.5283600000000002
10146,group_element_set,500,dummy_mean,1.16,1.5283600000000002
10158,group_element_set,500,dummy_mean,0.64,1.5283600000000002
10160,group_element_set,500,dummy_mean,2.1,1.5283600000000002
10163,group_element_set,500,dummy_mean,1.86,1.5283600000000002
10169,group_element_set,500,dummy_mean,2.36,1.5283600000000002
10173,group_element_set,500,dummy_mean,1.5,1.5283600000000002
10174,group_element_set,500,dummy_mean,1.9,1.5283600000000002
10191,group_element_set,500,dummy_mean,2.38,1.5283600000000002
10199,group_element_set,500,dummy_mean,0.52,1.5283600000000002
10208,group_element_set,500,dummy_mean,1.14,1.5283600000000002
10211,group_element_set,500,dummy_mean,0.98,1.5283600000000002
10212,group_element_set,500,dummy_mean,2.48,1.5283600000000002
10216,group_element_set,500,dummy_mean,1.54,1.5283600000000002
10218,group_element_set,500,dummy_mean,2.34,1.5283600000000002
10258,group_element_set,500,dummy_mean,1.78,1.5283600000000002
10259,group_element_set,500,dummy_mean,1.62,1.5283600000000002
10282,group_element_set,500,dummy_mean,0.62,1.5283600000000002
10284,group_element_set,500,dummy_mean,1.82,1.5283600000000002
10305,group_element_set,500,dummy_mean,2.18,1.5283600000000002
10306,group_element_set,500,dummy_mean,0.98,1.5283600000000002
10318,group_element_set,500,dummy_mean,0.5,1.5283600000000002
10326,group_element_set,500,dummy_mean,1.52,1.5283600000000002
10327,group_element_set,500,dummy_mean,1.44,1.5283600000000002
10331,group_element_set,500,dummy_mean,1.3,1.5283600000000002
10340,group_element_set,500,dummy_mean,1.6,1.5283600000000002
10348,group_element_set,500,dummy_mean,1.88,1.5283600000000002
10350,group_element_set,500,dummy_mean,1.3,1.5283600000000002
10351,group_element_set,500,dummy_mean,1.66,1.5283600000000002
10374,group_element_set,500,dummy_mean,0.92,1.5283600000000002
10377,group_element_set,500,dummy_mean,1.04,1.5283600000000002
10384,group_element_set,500,dummy_mean,0.8,1.5283600000000002
10389,group_element_set,500,dummy_mean,0.7,1.5283600000000002
10400,group_element_set,500,dummy_mean,1.6,1.5283600000000002
10420,group_element_set,500,dummy_mean,1.42,1.5283600000000002
10423,group_element_set,500,dummy_mean,1.48,1.5283600000000002
10428,group_element_set,500,dummy_mean,3.4,1.5283600000000002
10461,group_element_set,500,dummy_mean,0.9,1.5283600000000002
10484,group_element_set,500,dummy_mean,0.5,1.5283600000000002
10491,group_element_set,500,dummy_mean,3.32,1.5283600000000002
10505,group_element_set,500,dummy_mean,2.26,1.5283600000000002
10514,group_element_set,500,dummy_mean,1.54,1.5283600000000002
10515,group_element_set,500,dummy_mean,0.84,1.5283600000000002
10543,group_element_set,500,dummy_mean,2.42,1.5283600000000002
10580,group_element_set,500,dummy_mean,1.3,1.5283600000000002
10591,group_element_set,500,dummy_mean,1.52,1.5283600000000002
10594,group_element_set,500,dummy_mean,0.82,1.5283600000000002
10600,group_element_set,500,dummy_mean,0.8,1.5283600000000002
10605,group_element_set,500,dummy_mean,2.26,1.5283600000000002
10610,group_element_set,500,dummy_mean,1.86,1.5283600000000002
10614,group_element_set,500,dummy_mean,1.3,1.5283600000000002
10618,group_element_set,500,dummy_mean,3.44,1.5283600000000002
10619,group_element_set,500,dummy_mean,1.16,1.5283600000000002
10627,group_element_set,500,dummy_mean,1.1,1.5283600000000002
10632,group_element_set,500,dummy_mean,0.8,1.5283600000000002
10634,group_element_set,500,dummy_mean,3.68,1.5283600000000002
10639,group_element_set,500,dummy_mean,-0.16,1.5283600000000002
10644,group_element_set,500,dummy_mean,2.6,1.5283600000000002
10647,group_element_set,500,dummy_mean,1.38,1.5283600000000002
10654,group_element_set,500,dummy_mean,2.0,1.5283600000000002
10659,group_element_set,500,dummy_mean,1.6,1.5283600000000002
10660,group_element_set,500,dummy_mean,2.32,1.5283600000000002
10665,group_element_set,500,dummy_mean,1.6,1.5283600000000002
10666,group_element_set,500,dummy_mean,0.18,1.5283600000000002
10667,group_element_set,500,dummy_mean,1.14,1.5283600000000002
10707,group_element_set,500,dummy_mean,0.96,1.5283600000000002
10725,group_element_set,500,dummy_mean,1.2,1.5283600000000002
10729,group_element_set,500,dummy_mean,2.1,1.5283600000000002
10742,group_element_set,500,dummy_mean,2.48,1.5283600000000002
10761,group_element_set,500,dummy_mean,2.82,1.5283600000000002
10780,group_element_set,500,dummy_mean,1.98,1.5283600000000002
10823,group_element_set,500,dummy_mean,1.48,1.5283600000000002
10826,group_element_set,500,dummy_mean,2.72,1.5283600000000002
10841,group_element_set,500,dummy_mean,0.9,1.5283600000000002
10846,group_element_set,500,dummy_mean,1.02,1.5283600000000002
10851,group_element_set,500,dummy_mean,1.28,1.5283600000000002
10854,group_element_set,500,dummy_mean,0.3,1.5283600000000002
10866,group_element_set,500,dummy_mean,4.18,1.5283600000000002
10868,group_element_set,500,dummy_mean,2.14,1.5283600000000002
10873,group_element_set,500,dummy_mean,1.22,1.5283600000000002
10894,group_element_set,500,dummy_mean,1.58,1.5283600000000002
10902,group_element_set,500,dummy_mean,2.8,1.5283600000000002
10912,group_element_set,500,dummy_mean,0.22,1.5283600000000002
10925,group_element_set,500,dummy_mean,1.56,1.5283600000000002
10926,group_element_set,500,dummy_mean,0.48,1.5283600000000002
10927,group_element_set,500,dummy_mean,0.28,1.5283600000000002
10956,group_element_set,500,dummy_mean,1.24,1.5283600000000002
10971,group_element_set,500,dummy_mean,2.1,1.5283600000000002
10977,group_element_set,500,dummy_mean,1.2,1.5283600000000002
10983,group_element_set,500,dummy_mean,2.3,1.5283600000000002
10987,group_element_set,500,dummy_mean,1.42,1.5283600000000002
10991,group_element_set,500,dummy_mean,0.44,1.5283600000000002
10996,group_element_set,500,dummy_mean,0.64,1.5283600000000002
11031,group_element_set,500,dummy_mean,0.56,1.5283600000000002
11033,group_element_set,500,dummy_mean,1.62,1.5283600000000002
11035,group_element_set,500,dummy_mean,0.94,1.5283600000000002
11037,group_element_set,500,dummy_mean,1.54,1.5283600000000002
11040,group_element_set,500,dummy_mean,1.26,1.5283600000000002
11042,group_element_set,500,dummy_mean,1.04,1.5283600000000002
11044,group_element_set,500,dummy_mean,1.02,1.5283600000000002
11065,group_element_set,500,dummy_mean,0.94,1.5283600000000002
11082,group_element_set,500,dummy_mean,1.22,1.5283600000000002
11095,group_element_set,500,dummy_mean,0.1,1.5283600000000002
11102,group_element_set,500,dummy_mean,0.4,1.5283600000000002
11107,group_element_set,500,dummy_mean,0.48,1.5283600000000002
11109,group_element_set,500,dummy_mean,1.64,1.5283600000000002
11113,group_element_set,500,dummy_mean,1.2,1.5283600000000002
11115,group_element_set,500,dummy_mean,1.14,1.5283600000000002
11148,group_element_set,500,dummy_mean,1.36,1.5283600000000002
11163,group_element_set,500,dummy_mean,2.8,1.5283600000000002
11190,group_element_set,500,dummy_mean,1.64,1.5283600000000002
11196,group_element_set,500,dummy_mean,1.04,1.5283600000000002
11201,group_element_set,500,dummy_mean,1.54,1.5283600000000002
11212,group_element_set,500,dummy_mean,2.6,1.5283600000000002
11227,group_element_set,500,dummy_mean,3.36,1.5283600000000002
11230,group_element_set,500,dummy_mean,0.12,1.5283600000000002
11231,group_element_set,500,dummy_mean,1.38,1.5283600000000002
11267,group_element_set,500,dummy_mean,0.78,1.5283600000000002
11268,group_element_set,500,dummy_mean,-0.04,1.5283600000000002
11274,group_element_set,500,dummy_mean,1.64,1.5283600000000002
11277,group_element_set,500,dummy_mean,1.2,1.5283600000000002
11285,group_element_set,500,dummy_mean,1.36,1.5283600000000002
11289,group_element_set,500,dummy_mean,1.94,1.5283600000000002
11301,group_element_set,500,dummy_mean,1.88,1.5283600000000002
11311,group_element_set,500,dummy_mean,1.88,1.5283600000000002
11323,group_element_set,500,dummy_mean,1.5,1.5283600000000002
11326,group_element_set,500,dummy_mean,1.08,1.5283600000000002
11332,group_element_set,500,dummy_mean,1.46,1.5283600000000002
11334,group_element_set,500,dummy_mean,1.74,1.5283600000000002
11342,group_element_set,500,dummy_mean,2.16,1.5283600000000002
11349,group_element_set,500,dummy_mean,2.2,1.5283600000000002
11362,group_element_set,500,dummy_mean,1.92,1.5283600000000002
11368,group_element_set,500,dummy_mean,0.76,1.5283600000000002
11385,group_element_set,500,dummy_mean,1.54,1.5283600000000002
11387,group_element_set,500,dummy_mean,0.66,1.5283600000000002
11390,group_element_set,500,dummy_mean,1.46,1.5283600000000002
11398,group_element_set,500,dummy_mean,0.98,1.5283600000000002
11417,group_element_set,500,dummy_mean,1.66,1.5283600000000002
11418,group_element_set,500,dummy_mean,1.86,1.5283600000000002
11433,group_element_set,500,dummy_mean,0.46,1.5283600000000002
11443,group_element_set,500,dummy_mean,0.48,1.5283600000000002
11451,group_element_set,500,dummy_mean,1.24,1.5283600000000002
11452,group_element_set,500,dummy_mean,2.02,1.5283600000000002
11456,group_element_set,500,dummy_mean,1.04,1.5283600000000002
11458,group_element_set,500,dummy_mean,0.8,1.5283600000000002
11466,group_element_set,500,dummy_mean,2.54,1.5283600000000002
11468,group_element_set,500,dummy_mean,1.88,1.5283600000000002
11472,group_element_set,500,dummy_mean,2.96,1.5283600000000002
11482,group_element_set,500,dummy_mean,0.86,1.5283600000000002
11484,group_element_set,500,dummy_mean,1.52,1.5283600000000002
11487,group_element_set,500,dummy_mean,1.04,1.5283600000000002
11490,group_element_set,500,dummy_mean,1.62,1.5283600000000002
11500,group_element_set,500,dummy_mean,0.74,1.5283600000000002
11515,group_element_set,500,dummy_mean,0.66,1.5283600000000002
11516,group_element_set,500,dummy_mean,1.34,1.5283600000000002
11519,group_element_set,500,dummy_mean,1.62,1.5283600000000002
11520,group_element_set,500,dummy_mean,0.58,1.5283600000000002
11527,group_element_set,500,dummy_mean,2.8,1.5283600000000002
11529,group_element_set,500,dummy_mean,2.7,1.5283600000000002
11538,group_element_set,500,dummy_mean,0.46,1.5283600000000002
11540,group_element_set,500,dummy_mean,2.1,1.5283600000000002
11589,group_element_set,500,dummy_mean,1.06,1.5283600000000002
11592,group_element_set,500,dummy_mean,1.14,1.5283600000000002
11593,group_element_set,500,dummy_mean,1.42,1.5283600000000002
11601,group_element_set,500,dummy_mean,0.52,1.5283600000000002
11614,group_element_set,500,dummy_mean,1.2,1.5283600000000002
11621,group_element_set,500,dummy_mean,1.02,1.5283600000000002
11624,group_element_set,500,dummy_mean,1.44,1.5283600000000002
11628,group_element_set,500,dummy_mean,1.5,1.5283600000000002
11634,group_element_set,500,dummy_mean,0.96,1.5283600000000002
11639,group_element_set,500,dummy_mean,1.0,1.5283600000000002
11649,group_element_set,500,dummy_mean,1.2,1.5283600000000002
11659,group_element_set,500,dummy_mean,2.4,1.5283600000000002
11661,group_element_set,500,dummy_mean,1.66,1.5283600000000002
11665,group_element_set,500,dummy_mean,1.5,1.5283600000000002
11669,group_element_set,500,dummy_mean,1.2,1.5283600000000002
11696,group_element_set,500,dummy_mean,2.64,1.5283600000000002
11697,group_element_set,500,dummy_mean,2.12,1.5283600000000002
11699,group_element_set,500,dummy_mean,1.3,1.5283600000000002
11712,group_element_set,500,dummy_mean,1.46,1.5283600000000002
11714,group_element_set,500,dummy_mean,0.68,1.5283600000000002
11725,group_element_set,500,dummy_mean,0.8,1.5283600000000002
11753,group_element_set,500,dummy_mean,1.04,1.5283600000000002
11760,group_element_set,500,dummy_mean,1.14,1.5283600000000002
11769,group_element_set,500,dummy_mean,1.74,1.5283600000000002
11780,group_element_set,500,dummy_mean,1.22,1.5283600000000002
11786,group_element_set,500,dummy_mean,1.1,1.5283600000000002
11792,group_element_set,500,dummy_mean,3.62,1.5283600000000002
11793,group_element_set,500,dummy_mean,1.12,1.5283600000000002
11795,group_element_set,500,dummy_mean,1.64,1.5283600000000002
11806,group_element_set,500,dummy_mean,1.68,1.5283600000000002
11821,group_element_set,500,dummy_mean,1.1,1.5283600000000002
11824,group_element_set,500,dummy_mean,1.12,1.5283600000000002
11826,group_element_set,500,dummy_mean,0.48,1.5283600000000002
11827,group_element_set,500,dummy_mean,2.36,1.5283600000000002
11828,group_element_set,500,dummy_mean,1.78,1.5283600000000002
11876,group_element_set,500,dummy_mean,1.48,1.5283600000000002
11877,group_element_set,500,dummy_mean,3.02,1.5283600000000002
11910,group_element_set,500,dummy_mean,0.6,1.5283600000000002
11919,group_element_set,500,dummy_mean,1.36,1.5283600000000002
11921,group_element_set,500,dummy_mean,1.22,1.5283600000000002
11953,group_element_set,500,dummy_mean,1.02,1.5283600000000002
11956,group_element_set,500,dummy_mean,1.58,1.5283600000000002
11971,group_element_set,500,dummy_mean,2.6,1.5283600000000002
11979,group_element_set,500,dummy_mean,1.96,1.5283600000000002
12011,group_element_set,500,dummy_mean,1.4,1.5283600000000002
12021,group_element_set,500,dummy_mean,1.2,1.5283600000000002
12028,group_element_set,500,dummy_mean,0.8,1.5283600000000002
12042,group_element_set,500,dummy_mean,1.28,1.5283600000000002
12044,group_element_set,500,dummy_mean,3.0,1.5283600000000002
12063,group_element_set,500,dummy_mean,0.72,1.5283600000000002
12065,group_element_set,500,dummy_mean,0.84,1.5283600000000002
12093,group_element_set,500,dummy_mean,2.08,1.5283600000000002
12118,group_element_set,500,dummy_mean,1.18,1.5283600000000002
12120,group_element_set,500,dummy_mean,0.84,1.5283600000000002
12121,group_element_set,500,dummy_mean,1.8,1.5283600000000002
12130,group_element_set,500,dummy_mean,1.08,1.5283600000000002
12136,group_element_set,500,dummy_mean,1.9,1.5283600000000002
12149,group_element_set,500,dummy_mean,1.26,1.5283600000000002
12153,group_element_set,500,dummy_mean,1.06,1.5283600000000002
12162,group_element_set,500,dummy_mean,1.88,1.5283600000000002
12166,group_element_set,500,dummy_mean,5.16,1.5283600000000002
12168,group_element_set,500,dummy_mean,1.4,1.5283600000000002
12173,group_element_set,500,dummy_mean,2.62,1.5283600000000002
12178,group_element_set,500,dummy_mean,1.46,1.5283600000000002
12191,group_element_set,500,dummy_mean,0.68,1.5283600000000002
12203,group_element_set,500,dummy_mean,-0.02,1.5283600000000002
12208,group_element_set,500,dummy_mean,0.44,1.5283600000000002
12216,group_element_set,500,dummy_mean,1.48,1.5283600000000002
12217,group_element_set,500,dummy_mean,-0.02,1.5283600000000002
12225,group_element_set,500,dummy_mean,1.68,1.5283600000000002
12264,group_element_set,500,dummy_mean,1.86,1.5283600000000002
12273,group_element_set,500,dummy_mean,0.52,1.5283600000000002
12276,group_element_set,500,dummy_mean,1.18,1.5283600000000002
12279,group_element_set,500,dummy_mean,1.48,1.5283600000000002
12310,group_element_set,500,dummy_mean,3.04,1.5283600000000002
12317,group_element_set,500,dummy_mean,0.76,1.5283600000000002
12367,group_element_set,500,dummy_mean,1.42,1.5283600000000002
12398,group_element_set,500,dummy_mean,1.24,1.5283600000000002
12406,group_element_set,500,dummy_mean,1.66,1.5283600000000002
12412,group_element_set,500,dummy_mean,1.72,1.5283600000000002
12415,group_element_set,500,dummy_mean,0.82,1.5283600000000002
12420,group_element_set,500,dummy_mean,1.1,1.5283600000000002
12452,group_element_set,500,dummy_mean,1.5,1.5283600000000002
12454,group_element_set,500,dummy_mean,0.76,1.5283600000000002
12474,group_element_set,500,dummy_mean,2.26,1.5283600000000002
12476,group_element_set,500,dummy_mean,1.34,1.5283600000000002
12482,group_element_set,500,dummy_mean,0.96,1.5283600000000002
12491,group_element_set,500,dummy_mean,0.44,1.5283600000000002
12493,group_element_set,500,dummy_mean,1.98,1.5283600000000002
12509,group_element_set,500,dummy_mean,1.42,1.5283600000000002
12521,group_element_set,500,dummy_mean,1.92,1.5283600000000002
12551,group_element_set,500,dummy_mean,1.18,1.5283600000000002
12554,group_element_set,500,dummy_mean,0.46,1.5283600000000002
12562,group_element_set,500,dummy_mean,1.8,1.5283600000000002
12583,group_element_set,500,dummy_mean,1.38,1.5283600000000002
12600,group_element_set,500,dummy_mean,1.0,1.5283600000000002
12638,group_element_set,500,dummy_mean,2.92,1.5283600000000002
12646,group_element_set,500,dummy_mean,0.78,1.5283600000000002
12662,group_element_set,500,dummy_mean,1.6,1.5283600000000002
12663,group_element_set,500,dummy_mean,3.32,1.5283600000000002
12667,group_element_set,500,dummy_mean,2.14,1.5283600000000002
12685,group_element_set,500,dummy_mean,1.5,1.5283600000000002
12687,group_element_set,500,dummy_mean,0.86,1.5283600000000002
12702,group_element_set,500,dummy_mean,0.52,1.5283600000000002
12717,group_element_set,500,dummy_mean,0.74,1.5283600000000002
12724,group_element_set,500,dummy_mean,1.52,1.5283600000000002
12729,group_element_set,500,dummy_mean,3.2,1.5283600000000002
12734,group_element_set,500,dummy_mean,4.42,1.5283600000000002
12736,group_element_set,500,dummy_mean,1.68,1.5283600000000002
12737,group_element_set,500,dummy_mean,1.6,1.5283600000000002
12754,group_element_set,500,dummy_mean,2.84,1.5283600000000002
12756,group_element_set,500,dummy_mean,2.02,1.5283600000000002
12760,group_element_set,500,dummy_mean,1.72,1.5283600000000002
12789,group_element_set,500,dummy_mean,1.28,1.5283600000000002
12791,group_element_set,500,dummy_mean,1.44,1.5283600000000002
12798,group_element_set,500,dummy_mean,1.58,1.5283600000000002
12809,group_element_set,500,dummy_mean,1.26,1.5283600000000002
12815,group_element_set,500,dummy_mean,1.68,1.5283600000000002
12817,group_element_set,500,dummy_mean,0.86,1.5283600000000002
12821,group_element_set,500,dummy_mean,0.8,1.5283600000000002
12837,group_element_set,500,dummy_mean,1.06,1.5283600000000002
12847,group_element_set,500,dummy_mean,2.6,1.5283600000000002
12851,group_element_set,500,dummy_mean,0.42,1.5283600000000002
12852,group_element_set,500,dummy_mean,0.82,1.5283600000000002
12858,group_element_set,500,dummy_mean,4.32,1.5283600000000002
12862,group_element_set,500,dummy_mean,1.86,1.5283600000000002
12863,group_element_set,500,dummy_mean,1.26,1.5283600000000002
12891,group_element_set,500,dummy_mean,2.14,1.5283600000000002
12917,group_element_set,500,dummy_mean,2.42,1.5283600000000002
12946,group_element_set,500,dummy_mean,1.14,1.5283600000000002
12957,group_element_set,500,dummy_mean,1.28,1.5283600000000002
12967,group_element_set,500,dummy_mean,1.8,1.5283600000000002
12977,group_element_set,500,dummy_mean,1.58,1.5283600000000002
12994,group_element_set,500,dummy_mean,1.16,1.5283600000000002
12998,group_element_set,500,dummy_mean,1.32,1.5283600000000002
13011,group_element_set,500,dummy_mean,1.14,1.5283600000000002
13020,group_element_set,500,dummy_mean,1.14,1.5283600000000002
13032,group_element_set,500,dummy_mean,0.78,1.5283600000000002
13035,group_element_set,500,dummy_mean,0.72,1.5283600000000002
13043,group_element_set,500,dummy_mean,1.52,1.5283600000000002
13044,group_element_set,500,dummy_mean,1.74,1.5283600000000002
13056,group_element_set,500,dummy_mean,1.5,1.5283600000000002
13059,group_element_set,500,dummy_mean,0.74,1.5283600000000002
13073,group_element_set,500,dummy_mean,0.92,1.5283600000000002
13085,group_element_set,500,dummy_mean,1.46,1.5283600000000002
13090,group_element_set,500,dummy_mean,1.56,1.5283600000000002
13108,group_element_set,500,dummy_mean,1.64,1.5283600000000002
13109,group_element_set,500,dummy_mean,1.14,1.5283600000000002
13113,group_element_set,500,dummy_mean,1.58,1.5283600000000002
13120,group_element_set,500,dummy_mean,1.42,1.5283600000000002
13125,group_element_set,500,dummy_mean,1.18,1.5283600000000002
13139,group_element_set,500,dummy_mean,1.12,1.5283600000000002
13143,group_element_set,500,dummy_mean,1.86,1.5283600000000002
13159,group_element_set,500,dummy_mean,1.5,1.5283600000000002
13163,group_element_set,500,dummy_mean,0.42,1.5283600000000002
13179,group_element_set,500,dummy_mean,1.62,1.5283600000000002
13194,group_element_set,500,dummy_mean,1.76,1.5283600000000002
13203,group_element_set,500,dummy_mean,0.94,1.5283600000000002
13206,group_element_set,500,dummy_mean,0.76,1.5283600000000002
13215,group_element_set,500,dummy_mean,2.28,1.5283600000000002
13216,group_element_set,500,dummy_mean,1.52,1.5283600000000002
13234,group_element_set,500,dummy_mean,1.34,1.5283600000000002
13236,group_element_set,500,dummy_mean,0.72,1.5283600000000002
13240,group_element_set,500,dummy_mean,1.84,1.5283600000000002
13242,group_element_set,500,dummy_mean,1.2,1.5283600000000002
13243,group_element_set,500,dummy_mean,1.96,1.5283600000000002
13246,group_element_set,500,dummy_mean,1.6,1.5283600000000002
13262,group_element_set,500,dummy_mean,4.0,1.5283600000000002
13280,group_element_set,500,dummy_mean,2.24,1.5283600000000002
13311,group_element_set,500,dummy_mean,0.48,1.5283600000000002
13326,group_element_set,500,dummy_mean,1.46,1.5283600000000002
13337,group_element_set,500,dummy_mean,0.1,1.5283600000000002
13338,group_element_set,500,dummy_mean,2.92,1.5283600000000002
13344,group_element_set,500,dummy_mean,1.2,1.5283600000000002
13350,group_element_set,500,dummy_mean,2.06,1.5283600000000002
13354,group_element_set,500,dummy_mean,1.42,1.5283600000000002
13358,group_element_set,500,dummy_mean,1.94,1.5283600000000002
13361,group_element_set,500,dummy_mean,2.74,1.5283600000000002
13363,group_element_set,500,dummy_mean,1.68,1.5283600000000002
13391,group_element_set,500,dummy_mean,1.44,1.5283600000000002
13395,group_element_set,500,dummy_mean,1.54,1.5283600000000002
13413,group_element_set,500,dummy_mean,2.0,1.5283600000000002
13436,group_element_set,500,dummy_mean,1.36,1.5283600000000002
13480,group_element_set,500,dummy_mean,1.18,1.5283600000000002
13485,group_element_set,500,dummy_mean,1.32,1.5283600000000002
13487,group_element_set,500,dummy_mean,1.52,1.5283600000000002
13493,group_element_set,500,dummy_mean,1.1,1.5283600000000002
13499,group_element_set,500,dummy_mean,1.42,1.5283600000000002
13500,group_element_set,500,dummy_mean,1.5,1.5283600000000002
13503,group_element_set,500,dummy_mean,0.32,1.5283600000000002
13510,group_element_set,500,dummy_mean,1.32,1.5283600000000002
13519,group_element_set,500,dummy_mean,0.68,1.5283600000000002
13537,group_element_set,500,dummy_mean,1.36,1.5283600000000002
13544,group_element_set,500,dummy_mean,1.42,1.5283600000000002
13549,group_element_set,500,dummy_mean,0.44,1.5283600000000002
13561,group_element_set,500,dummy_mean,0.2,1.5283600000000002
13588,group_element_set,500,dummy_mean,1.8,1.5283600000000002
13589,group_element_set,500,dummy_mean,1.24,1.5283600000000002
13592,group_element_set,500,dummy_mean,0.42,1.5283600000000002
13593,group_element_set,500,dummy_mean,0.7,1.5283600000000002
13596,group_element_set,500,dummy_mean,1.14,1.5283600000000002
13609,group_element_set,500,dummy_mean,3.66,1.5283600000000002
13621,group_element_set,500,dummy_mean,2.22,1.5283600000000002
13644,group_element_set,500,dummy_mean,1.48,1.5283600000000002
13661,group_element_set,500,dummy_mean,1.92,1.5283600000000002
13670,group_element_set,500,dummy_mean,1.58,1.5283600000000002
13674,group_element_set,500,dummy_mean,1.58,1.5283600000000002
13685,group_element_set,500,dummy_mean,0.1,1.5283600000000002
13686,group_element_set,500,dummy_mean,1.08,1.5283600000000002
13693,group_element_set,500,dummy_mean,0.52,1.5283600000000002
13696,group_element_set,500,dummy_mean,2.12,1.5283600000000002
13707,group_element_set,500,dummy_mean,1.74,1.5283600000000002
13710,group_element_set,500,dummy_mean,1.34,1.5283600000000002
13711,group_element_set,500,dummy_mean,1.08,1.5283600000000002
13713,group_element_set,500,dummy_mean,3.94,1.5283600000000002
13714,group_element_set,500,dummy_mean,2.18,1.5283600000000002
13728,group_element_set,500,dummy_mean,1.1,1.5283600000000002
13752,group_element_set,500,dummy_mean,1.92,1.5283600000000002
13761,group_element_set,500,dummy_mean,1.8,1.5283600000000002
13768,group_element_set,500,dummy_mean,1.88,1.5283600000000002
13770,group_element_set,500,dummy_mean,1.58,1.5283600000000002
13780,group_element_set,500,dummy_mean,1.04,1.5283600000000002
13783,group_element_set,500,dummy_mean,1.42,1.5283600000000002
13798,group_element_set,500,dummy_mean,0.58,1.5283600000000002
13814,group_element_set,500,dummy_mean,0.36,1.5283600000000002
13824,group_element_set,500,dummy_mean,2.8,1.5283600000000002
13829,group_element_set,500,dummy_mean,1.52,1.5283600000000002
13838,group_element_set,500,dummy_mean,1.32,1.5283600000000002
13839,group_element_set,500,dummy_mean,2.14,1.5283600000000002
13846,group_element_set,500,dummy_mean,1.74,1.5283600000000002
13848,group_element_set,500,dummy_mean,1.78,1.5283600000000002
13861,group_element_set,500,dummy_mean,1.42,1.5283600000000002
13865,group_element_set,500,dummy_mean,1.3,1.5283600000000002
13870,group_element_set,500,dummy_mean,1.34,1.5283600000000002
13880,group_element_set,500,dummy_mean,1.0,1.5283600000000002
13881,group_element_set,500,dummy_mean,1.56,1.5283600000000002
13893,group_element_set,500,dummy_mean,1.56,1.5283600000000002
13896,group_element_set,500,dummy_mean,0.36,1.5283600000000002
13903,group_element_set,500,dummy_mean,1.56,1.5283600000000002
13909,group_element_set,500,dummy_mean,0.44,1.5283600000000002
13920,group_element_set,500,dummy_mean,1.56,1.5283600000000002
13928,group_element_set,500,dummy_mean,1.06,1.5283600000000002
13930,group_element_set,500,dummy_mean,1.94,1.5283600000000002
13933,group_element_set,500,dummy_mean,0.84,1.5283600000000002
13934,group_element_set,500,dummy_mean,1.4,1.5283600000000002
13936,group_element_set,500,dummy_mean,1.16,1.5283600000000002
13941,group_element_set,500,dummy_mean,1.0,1.5283600000000002
13945,group_element_set,500,dummy_mean,1.74,1.5283600000000002
13952,group_element_set,500,dummy_mean,1.3,1.5283600000000002
13955,group_element_set,500,dummy_mean,1.9,1.5283600000000002
13961,group_element_set,500,dummy_mean,0.96,1.5283600000000002
13962,group_element_set,500,dummy_mean,1.76,1.5283600000000002
13969,group_element_set,500,dummy_mean,1.94,1.5283600000000002
13970,group_element_set,500,dummy_mean,1.94,1.5283600000000002
13980,group_element_set,500,dummy_mean,0.42,1.5283600000000002
13988,group_element_set,500,dummy_mean,1.78,1.5283600000000002
13996,group_element_set,500,dummy_mean,0.78,1.5283600000000002
14000,group_element_set,500,dummy_mean,0.64,1.5283600000000002
14005,group_element_set,500,dummy_mean,1.34,1.5283600000000002
14009,group_element_set,500,dummy_mean,0.5,1.5283600000000002
14010,group_element_set,500,dummy_mean,1.24,1.5283600000000002
14016,group_element_set,500,dummy_mean,1.26,1.5283600000000002
14017,group_element_set,500,dummy_mean,2.3,1.5283600000000002
14018,group_element_set,500,dummy_mean,1.14,1.5283600000000002
14020,group_element_set,500,dummy_mean,1.06,1.5283600000000002
14028,group_element_set,500,dummy_mean,2.42,1.5283600000000002
14030,group_element_set,500,dummy_mean,1.64,1.5283600000000002
14034,group_element_set,500,dummy_mean,1.52,1.5283600000000002
14062,group_element_set,500,dummy_mean,0.12,1.5283600000000002
14079,group_element_set,500,dummy_mean,0.94,1.5283600000000002
14086,group_element_set,500,dummy_mean,0.34,1.5283600000000002
14092,group_element_set,500,dummy_mean,0.42,1.5283600000000002
14104,group_element_set,500,dummy_mean,1.5,1.5283600000000002
14114,group_element_set,500,dummy_mean,2.52,1.5283600000000002
14130,group_element_set,500,dummy_mean,1.14,1.5283600000000002
14132,group_element_set,500,dummy_mean,0.7,1.5283600000000002
14135,group_element_set,500,dummy_mean,0.6,1.5283600000000002
14153,group_element_set,500,dummy_mean,0.82,1.5283600000000002
14155,group_element_set,500,dummy_mean,1.9,1.5283600000000002
14166,group_element_set,500,dummy_mean,1.7,1.5283600000000002
14169,group_element_set,500,dummy_mean,0.76,1.5283600000000002
14171,group_element_set,500,dummy_mean,0.58,1.5283600000000002
14174,group_element_set,500,dummy_mean,1.46,1.5283600000000002
14179,group_element_set,500,dummy_mean,1.06,1.5283600000000002
14201,group_element_set,500,dummy_mean,1.98,1.5283600000000002
14205,group_element_set,500,dummy_mean,1.34,1.5283600000000002
14206,group_element_set,500,dummy_mean,1.6,1.5283600000000002
14229,group_element_set,500,dummy_mean,1.18,1.5283600000000002
14241,group_element_set,500,dummy_mean,0.92,1.5283600000000002
14255,group_element_set,500,dummy_mean,1.82,1.5283600000000002
14269,group_element_set,500,dummy_mean,1.8,1.5283600000000002
14292,group_element_set,500,dummy_mean,1.36,1.5283600000000002
14298,group_element_set,500,dummy_mean,1.26,1.5283600000000002
14305,group_element_set,500,dummy_mean,1.32,1.5283600000000002
14318,group_element_set,500,dummy_mean,0.28,1.5283600000000002
14320,group_element_set,500,dummy_mean,1.42,1.5283600000000002
14340,group_element_set,500,dummy_mean,1.5,1.5283600000000002
14343,group_element_set,500,dummy_mean,0.82,1.5283600000000002
14346,group_element_set,500,dummy_mean,1.06,1.5283600000000002
14350,group_element_set,500,dummy_mean,0.06,1.5283600000000002
14351,group_element_set,500,dummy_mean,4.26,1.5283600000000002
14376,group_element_set,500,dummy_mean,1.74,1.5283600000000002
14392,group_element_set,500,dummy_mean,1.94,1.5283600000000002
14395,group_element_set,500,dummy_mean,0.9,1.5283600000000002
14397,group_element_set,500,dummy_mean,1.44,1.5283600000000002
14402,group_element_set,500,dummy_mean,0.88,1.5283600000000002
14413,group_element_set,500,dummy_mean,2.74,1.5283600000000002
14417,group_element_set,500,dummy_mean,1.32,1.5283600000000002
14418,group_element_set,500,dummy_mean,0.78,1.5283600000000002
14425,group_element_set,500,dummy_mean,0.66,1.5283600000000002
14433,group_element_set,500,dummy_mean,1.54,1.5283600000000002
14440,group_element_set,500,dummy_mean,2.6,1.5283600000000002
14441,group_element_set,500,dummy_mean,1.56,1.5283600000000002
14448,group_element_set,500,dummy_mean,0.68,1.5283600000000002
14459,group_element_set,500,dummy_mean,1.68,1.5283600000000002
14483,group_element_set,500,dummy_mean,2.52,1.5283600000000002
14492,group_element_set,500,dummy_mean,1.04,1.5283600000000002
14495,group_element_set,500,dummy_mean,2.06,1.5283600000000002
14517,group_element_set,500,dummy_mean,1.22,1.5283600000000002
14524,group_element_set,500,dummy_mean,2.08,1.5283600000000002
14534,group_element_set,500,dummy_mean,1.14,1.5283600000000002
14552,group_element_set,500,dummy_mean,0.72,1.5283600000000002
14553,group_element_set,500,dummy_mean,2.82,1.5283600000000002
14561,group_element_set,500,dummy_mean,1.46,1.5283600000000002
14563,group_element_set,500,dummy_mean,1.54,1.5283600000000002
14565,group_element_set,500,dummy_mean,0.88,1.5283600000000002
14567,group_element_set,500,dummy_mean,1.72,1.5283600000000002
14568,group_element_set,500,dummy_mean,0.98,1.5283600000000002
14569,group_element_set,500,dummy_mean,2.72,1.5283600000000002
14571,group_element_set,500,dummy_mean,1.54,1.5283600000000002
14581,group_element_set,500,dummy_mean,1.78,1.5283600000000002
14621,group_element_set,500,dummy_mean,1.74,1.5283600000000002
14646,group_element_set,500,dummy_mean,0.58,1.5283600000000002
14654,group_element_set,500,dummy_mean,0.68,1.5283600000000002
14665,group_element_set,500,dummy_mean,2.8,1.5283600000000002
14700,group_element_set,500,dummy_mean,0.44,1.5283600000000002
14710,group_element_set,500,dummy_mean,0.78,1.5283600000000002
14714,group_element_set,500,dummy_mean,1.2,1.5283600000000002
14724,group_element_set,500,dummy_mean,1.54,1.5283600000000002
14726,group_element_set,500,dummy_mean,0.52,1.5283600000000002
14732,group_element_set,500,dummy_mean,0.82,1.5283600000000002
14734,group_element_set,500,dummy_mean,1.34,1.5283600000000002
14749,group_element_set,500,dummy_mean,1.88,1.5283600000000002
14757,group_element_set,500,dummy_mean,1.26,1.5283600000000002
14777,group_element_set,500,dummy_mean,0.86,1.5283600000000002
14779,group_element_set,500,dummy_mean,1.42,1.5283600000000002
14780,group_element_set,500,dummy_mean,1.6,1.5283600000000002
14788,group_element_set,500,dummy_mean,0.58,1.5283600000000002
14793,group_element_set,500,dummy_mean,0.94,1.5283600000000002
14812,group_element_set,500,dummy_mean,0.88,1.5283600000000002
14816,group_element_set,500,dummy_mean,1.12,1.5283600000000002
14847,group_element_set,500,dummy_mean,0.7,1.5283600000000002
14849,group_element_set,500,dummy_mean,3.9,1.5283600000000002
14852,group_element_set,500,dummy_mean,1.16,1.5283600000000002
14869,group_element_set,500,dummy_mean,1.06,1.5283600000000002
14887,group_element_set,500,dummy_mean,1.34,1.5283600000000002
14901,group_element_set,500,dummy_mean,1.4,1.5283600000000002
14905,group_element_set,500,dummy_mean,1.38,1.5283600000000002
14908,group_element_set,500,dummy_mean,1.14,1.5283600000000002
14918,group_element_set,500,dummy_mean,2.3,1.5283600000000002
14924,group_element_set,500,dummy_mean,1.54,1.5283600000000002
14925,group_element_set,500,dummy_mean,1.56,1.5283600000000002
14951,group_element_set,500,dummy_mean,0.14,1.5283600000000002
14959,group_element_set,500,dummy_mean,0.22,1.5283600000000002
14970,group_element_set,500,dummy_mean,1.6,1.5283600000000002
14978,group_element_set,500,dummy_mean,2.72,1.5283600000000002
14980,group_element_set,500,dummy_mean,0.56,1.5283600000000002
14983,group_element_set,500,dummy_mean,0.88,1.5283600000000002
14985,group_element_set,500,dummy_mean,0.5,1.5283600000000002
14992,group_element_set,500,dummy_mean,1.02,1.5283600000000002
15000,group_element_set,500,dummy_mean,1.3,1.5283600000000002
15015,group_element_set,500,dummy_mean,1.28,1.5283600000000002
15030,group_element_set,500,dummy_mean,1.88,1.5283600000000002
15039,group_element_set,500,dummy_mean,2.58,1.5283600000000002
15042,group_element_set,500,dummy_mean,1.96,1.5283600000000002
15044,group_element_set,500,dummy_mean,2.46,1.5283600000000002
15056,group_element_set,500,dummy_mean,1.0,1.5283600000000002
15058,group_element_set,500,dummy_mean,1.56,1.5283600000000002
15076,group_element_set,500,dummy_mean,0.9,1.5283600000000002
15077,group_element_set,500,dummy_mean,2.84,1.5283600000000002
15089,group_element_set,500,dummy_mean,1.82,1.5283600000000002
15093,group_element_set,500,dummy_mean,1.14,1.5283600000000002
15103,group_element_set,500,dummy_mean,1.18,1.5283600000000002
15130,group_element_set,500,dummy_mean,0.68,1.5283600000000002
15151,group_element_set,500,dummy_mean,0.44,1.5283600000000002
15154,group_element_set,500,dummy_mean,0.6,1.5283600000000002
15171,group_element_set,500,dummy_mean,0.98,1.5283600000000002
15187,group_element_set,500,dummy_mean,1.76,1.5283600000000002
15201,group_element_set,500,dummy_mean,1.58,1.5283600000000002
15218,group_element_set,500,dummy_mean,3.58,1.5283600000000002
15259,group_element_set,500,dummy_mean,0.9,1.5283600000000002
15278,group_element_set,500,dummy_mean,1.48,1.5283600000000002
15281,group_element_set,500,dummy_mean,2.1,1.5283600000000002
15323,group_element_set,500,dummy_mean,0.34,1.5283600000000002
15324,group_element_set,500,dummy_mean,1.32,1.5283600000000002
15331,group_element_set,500,dummy_mean,1.18,1.5283600000000002
15343,group_element_set,500,dummy_mean,1.06,1.5283600000000002
15349,group_element_set,500,dummy_mean,1.56,1.5283600000000002
15350,group_element_set,500,dummy_mean,1.08,1.5283600000000002
15352,group_element_set,500,dummy_mean,0.98,1.5283600000000002
15370,group_element_set,500,dummy_mean,1.48,1.5283600000000002
15377,group_element_set,500,dummy_mean,2.04,1.5283600000000002
15379,group_element_set,500,dummy_mean,1.24,1.5283600000000002
15414,group_element_set,500,dummy_mean,1.14,1.5283600000000002
15418,group_element_set,500,dummy_mean,1.52,1.5283600000000002
15430,group_element_set,500,dummy_mean,0.96,1.5283600000000002
15439,group_element_set,500,dummy_mean,1.64,1.5283600000000002
15455,group_element_set,500,dummy_mean,2.88,1.5283600000000002
15456,group_element_set,500,dummy_mean,1.04,1.5283600000000002
15463,group_element_set,500,dummy_mean,0.92,1.5283600000000002
15464,group_element_set,500,dummy_mean,1.42,1.5283600000000002
15471,group_element_set,500,dummy_mean,1.3,1.5283600000000002
15492,group_element_set,500,dummy_mean,0.86,1.5283600000000002
15500,group_element_set,500,dummy_mean,0.74,1.5283600000000002
15505,group_element_set,500,dummy_mean,1.06,1.5283600000000002
15525,group_element_set,500,dummy_mean,1.1,1.5283600000000002
15535,group_element_set,500,dummy_mean,0.94,1.5283600000000002
15540,group_element_set,500,dummy_mean,0.62,1.5283600000000002
15543,group_element_set,500,dummy_mean,0.96,1.5283600000000002
15545,group_element_set,500,dummy_mean,2.34,1.5283600000000002
15546,group_element_set,500,dummy_mean,1.16,1.5283600000000002
15555,group_element_set,500,dummy_mean,1.0,1.5283600000000002
15560,group_element_set,500,dummy_mean,1.98,1.5283600000000002
15567,group_element_set,500,dummy_mean,0.26,1.5283600000000002
15572,group_element_set,500,dummy_mean,2.24,1.5283600000000002
15587,group_element_set,500,dummy_mean,0.86,1.5283600000000002
15597,group_element_set,500,dummy_mean,1.34,1.5283600000000002
15603,group_element_set,500,dummy_mean,2.12,1.5283600000000002
15632,group_element_set,500,dummy_mean,2.24,1.5283600000000002
15633,group_element_set,500,dummy_mean,1.28,1.5283600000000002
15634,group_element_set,500,dummy_mean,1.52,1.5283600000000002
15645,group_element_set,500,dummy_mean,1.56,1.5283600000000002
15669,group_element_set,500,dummy_mean,1.04,1.5283600000000002
15683,group_element_set,500,dummy_mean,2.32,1.5283600000000002
15684,group_element_set,500,dummy_mean,0.88,1.5283600000000002
15704,group_element_set,500,dummy_mean,1.66,1.5283600000000002
15711,group_element_set,500,dummy_mean,0.96,1.5283600000000002
15713,group_element_set,500,dummy_mean,0.4,1.5283600000000002
15723,group_element_set,500,dummy_mean,1.46,1.5283600000000002
15729,group_element_set,500,dummy_mean,2.16,1.5283600000000002
15730,group_element_set,500,dummy_mean,2.46,1.5283600000000002
15733,group_element_set,500,dummy_mean,1.2,1.5283600000000002
15760,group_element_set,500,dummy_mean,1.14,1.5283600000000002
15784,group_element_set,500,dummy_mean,1.68,1.5283600000000002
15792,group_element_set,500,dummy_mean,2.96,1.5283600000000002
15821,group_element_set,500,dummy_mean,1.44,1.5283600000000002
15824,group_element_set,500,dummy_mean,0.98,1.5283600000000002
15832,group_element_set,500,dummy_mean,0.7,1.5283600000000002
15864,group_element_set,500,dummy_mean,2.56,1.5283600000000002
15891,group_element_set,500,dummy_mean,1.64,1.5283600000000002
15902,group_element_set,500,dummy_mean,3.18,1.5283600000000002
15911,group_element_set,500,dummy_mean,2.38,1.5283600000000002
15917,group_element_set,500,dummy_mean,2.02,1.5283600000000002
15919,group_element_set,500,dummy_mean,0.58,1.5283600000000002
15920,group_element_set,500,dummy_mean,0.56,1.5283600000000002
15929,group_element_set,500,dummy_mean,1.74,1.5283600000000002
15941,group_element_set,500,dummy_mean,1.98,1.5283600000000002
15954,group_element_set,500,dummy_mean,1.72,1.5283600000000002
15955,group_element_set,500,dummy_mean,2.48,1.5283600000000002
15974,group_element_set,500,dummy_mean,1.66,1.5283600000000002
15987,group_element_set,500,dummy_mean,1.32,1.5283600000000002
15989,group_element_set,500,dummy_mean,0.66,1.5283600000000002
16002,group_element_set,500,dummy_mean,3.1,1.5283600000000002
16027,group_element_set,500,dummy_mean,1.0,1.5283600000000002
16029,group_element_set,500,dummy_mean,0.96,1.5283600000000002
16033,group_element_set,500,dummy_mean,3.64,1.5283600000000002
16044,group_element_set,500,dummy_mean,2.16,1.5283600000000002
16052,group_element_set,500,dummy_mean,1.44,1.5283600000000002
16074,group_element_set,500,dummy_mean,1.36,1.5283600000000002
16092,group_element_set,500,dummy_mean,1.54,1.5283600000000002
16101,group_element_set,500,dummy_mean,1.34,1.5283600000000002
16108,group_element_set,500,dummy_mean,1.24,1.5283600000000002
16109,group_element_set,500,dummy_mean,1.0,1.5283600000000002
16110,group_element_set,500,dummy_mean,1.16,1.5283600000000002
16124,group_element_set,500,dummy_mean,0.68,1.5283600000000002
16128,group_element_set,500,dummy_mean,1.16,1.5283600000000002
16139,group_element_set,500,dummy_mean,1.24,1.5283600000000002
16140,group_element_set,500,dummy_mean,1.98,1.5283600000000002
16152,group_element_set,500,dummy_mean,1.32,1.5283600000000002
16156,group_element_set,500,dummy_mean,2.46,1.5283600000000002
16162,group_element_set,500,dummy_mean,0.7,1.5283600000000002
16164,group_element_set,500,dummy_mean,2.44,1.5283600000000002
16170,group_element_set,500,dummy_mean,1.56,1.5283600000000002
16183,group_element_set,500,dummy_mean,0.82,1.5283600000000002
16197,group_element_set,500,dummy_mean,1.3,1.5283600000000002
16206,group_element_set,500,dummy_mean,1.28,1.5283600000000002
16238,group_element_set,500,dummy_mean,1.08,1.5283600000000002
16249,group_element_set,500,dummy_mean,0.32,1.5283600000000002
16256,group_element_set,500,dummy_mean,0.94,1.5283600000000002
16268,group_element_set,500,dummy_mean,0.32,1.5283600000000002
16273,group_element_set,500,dummy_mean,0.68,1.5283600000000002
16280,group_element_set,500,dummy_mean,1.06,1.5283600000000002
16285,group_element_set,500,dummy_mean,1.78,1.5283600000000002
16302,group_element_set,500,dummy_mean,0.46,1.5283600000000002
16324,group_element_set,500,dummy_mean,1.88,1.5283600000000002
16331,group_element_set,500,dummy_mean,1.92,1.5283600000000002
16335,group_element_set,500,dummy_mean,1.54,1.5283600000000002
16373,group_element_set,500,dummy_mean,0.76,1.5283600000000002
16381,group_element_set,500,dummy_mean,1.64,1.5283600000000002
16382,group_element_set,500,dummy_mean,0.58,1.5283600000000002
16406,group_element_set,500,dummy_mean,1.74,1.5283600000000002
16416,group_element_set,500,dummy_mean,0.58,1.5283600000000002
16424,group_element_set,500,dummy_mean,2.6,1.5283600000000002
16425,group_element_set,500,dummy_mean,2.62,1.5283600000000002
16427,group_element_set,500,dummy_mean,0.96,1.5283600000000002
16429,group_element_set,500,dummy_mean,2.22,1.5283600000000002
16430,group_element_set,500,dummy_mean,1.14,1.5283600000000002
16440,group_element_set,500,dummy_mean,2.02,1.5283600000000002
16455,group_element_set,500,dummy_mean,1.68,1.5283600000000002
16461,group_element_set,500,dummy_mean,1.04,1.5283600000000002
16468,group_element_set,500,dummy_mean,0.98,1.5283600000000002
16508,group_element_set,500,dummy_mean,1.76,1.5283600000000002
16522,group_element_set,500,dummy_mean,1.82,1.5283600000000002
16544,group_element_set,500,dummy_mean,1.52,1.5283600000000002
16545,group_element_set,500,dummy_mean,0.7,1.5283600000000002
16547,group_element_set,500,dummy_mean,2.62,1.5283600000000002
16555,group_element_set,500,dummy_mean,1.7,1.5283600000000002
16568,group_element_set,500,dummy_mean,0.74,1.5283600000000002
16569,group_element_set,500,dummy_mean,1.08,1.5283600000000002
16584,group_element_set,500,dummy_mean,0.72,1.5283600000000002
16586,group_element_set,500,dummy_mean,0.56,1.5283600000000002
16587,group_element_set,500,dummy_mean,0.86,1.5283600000000002
16592,group_element_set,500,dummy_mean,1.12,1.5283600000000002
16598,group_element_set,500,dummy_mean,2.18,1.5283600000000002
16603,group_element_set,500,dummy_mean,1.02,1.5283600000000002
16611,group_element_set,500,dummy_mean,4.2,1.5283600000000002
16612,group_element_set,500,dummy_mean,2.2,1.5283600000000002
16626,group_element_set,500,dummy_mean,1.26,1.5283600000000002
16628,group_element_set,500,dummy_mean,1.34,1.5283600000000002
16643,group_element_set,500,dummy_mean,1.14,1.5283600000000002
16650,group_element_set,500,dummy_mean,0.9,1.5283600000000002
16657,group_element_set,500,dummy_mean,1.66,1.5283600000000002
16659,group_element_set,500,dummy_mean,2.26,1.5283600000000002
16669,group_element_set,500,dummy_mean,0.54,1.5283600000000002
16687,group_element_set,500,dummy_mean,0.9,1.5283600000000002
16693,group_element_set,500,dummy_mean,2.06,1.5283600000000002
16700,group_element_set,500,dummy_mean,1.96,1.5283600000000002
16717,group_element_set,500,dummy_mean,0.9,1.5283600000000002
16723,group_element_set,500,dummy_mean,0.46,1.5283600000000002
16725,group_element_set,500,dummy_mean,1.3,1.5283600000000002
16728,group_element_set,500,dummy_mean,1.98,1.5283600000000002
16738,group_element_set,500,dummy_mean,0.92,1.5283600000000002
16739,group_element_set,500,dummy_mean,1.94,1.5283600000000002
16747,group_element_set,500,dummy_mean,0.46,1.5283600000000002
16752,group_element_set,500,dummy_mean,0.54,1.5283600000000002
16760,group_element_set,500,dummy_mean,0.46,1.5283600000000002
16761,group_element_set,500,dummy_mean,2.02,1.5283600000000002
16787,group_element_set,500,dummy_mean,2.02,1.5283600000000002
16795,group_element_set,500,dummy_mean,0.66,1.5283600000000002
16807,group_element_set,500,dummy_mean,1.28,1.5283600000000002
16811,group_element_set,500,dummy_mean,1.14,1.5283600000000002
16813,group_element_set,500,dummy_mean,1.86,1.5283600000000002
16831,group_element_set,500,dummy_mean,1.06,1.5283600000000002
16841,group_element_set,500,dummy_mean,1.46,1.5283600000000002
16846,group_element_set,500,dummy_mean,1.62,1.5283600000000002
16848,group_element_set,500,dummy_mean,1.54,1.5283600000000002
16852,group_element_set,500,dummy_mean,0.66,1.5283600000000002
16872,group_element_set,500,dummy_mean,0.98,1.5283600000000002
16876,group_element_set,500,dummy_mean,1.08,1.5283600000000002
16879,group_element_set,500,dummy_mean,0.92,1.5283600000000002
16898,group_element_set,500,dummy_mean,1.26,1.5283600000000002
16930,group_element_set,500,dummy_mean,0.64,1.5283600000000002
16933,group_element_set,500,dummy_mean,0.6,1.5283600000000002
16946,group_element_set,500,dummy_mean,1.2,1.5283600000000002
16949,group_element_set,500,dummy_mean,1.58,1.5283600000000002
16954,group_element_set,500,dummy_mean,2.96,1.5283600000000002
16956,group_element_set,500,dummy_mean,0.4,1.5283600000000002
16960,group_element_set,500,dummy_mean,1.02,1.5283600000000002
16981,group_element_set,500,dummy_mean,1.74,1.5283600000000002
16982,group_element_set,500,dummy_mean,0.34,1.5283600000000002
16984,group_element_set,500,dummy_mean,1.6,1.5283600000000002
16989,group_element_set,500,dummy_mean,3.24,1.5283600000000002
16993,group_element_set,500,dummy_mean,1.3,1.5283600000000002
17000,group_element_set,500,dummy_mean,1.08,1.5283600000000002
17001,group_element_set,500,dummy_mean,1.68,1.5283600000000002
17006,group_element_set,500,dummy_mean,1.08,1.5283600000000002
17019,group_element_set,500,dummy_mean,0.86,1.5283600000000002
17036,group_element_set,500,dummy_mean,1.66,1.5283600000000002
17051,group_element_set,500,dummy_mean,0.74,1.5283600000000002
17063,group_element_set,500,dummy_mean,1.62,1.5283600000000002
17068,group_element_set,500,dummy_mean,1.68,1.5283600000000002
17073,group_element_set,500,dummy_mean,0.9,1.5283600000000002
17074,group_element_set,500,dummy_mean,0.78,1.5283600000000002
17104,group_element_set,500,dummy_mean,1.46,1.5283600000000002
17105,group_element_set,500,dummy_mean,1.92,1.5283600000000002
17107,group_element_set,500,dummy_mean,0.2,1.5283600000000002
17121,group_element_set,500,dummy_mean,0.78,1.5283600000000002
17129,group_element_set,500,dummy_mean,1.46,1.5283600000000002
17142,group_element_set,500,dummy_mean,1.52,1.5283600000000002
17147,group_element_set,500,dummy_mean,1.18,1.5283600000000002
17152,group_element_set,500,dummy_mean,1.24,1.5283600000000002
17155,group_element_set,500,dummy_mean,0.68,1.5283600000000002
17194,group_element_set,500,dummy_mean,1.22,1.5283600000000002
17206,group_element_set,500,dummy_mean,1.52,1.5283600000000002
17209,group_element_set,500,dummy_mean,2.56,1.5283600000000002
17219,group_element_set,500,dummy_mean,0.26,1.5283600000000002
17241,group_element_set,500,dummy_mean,1.04,1.5283600000000002
17263,group_element_set,500,dummy_mean,0.94,1.5283600000000002
17287,group_element_set,500,dummy_mean,3.1,1.5283600000000002
17291,group_element_set,500,dummy_mean,1.32,1.5283600000000002
17303,group_element_set,500,dummy_mean,1.28,1.5283600000000002
17311,group_element_set,500,dummy_mean,1.28,1.5283600000000002
17313,group_element_set,500,dummy_mean,2.36,1.5283600000000002
17314,group_element_set,500,dummy_mean,1.82,1.5283600000000002
17320,group_element_set,500,dummy_mean,1.32,1.5283600000000002
17324,group_element_set,500,dummy_mean,4.66,1.5283600000000002
17335,group_element_set,500,dummy_mean,1.72,1.5283600000000002
17340,group_element_set,500,dummy_mean,0.54,1.5283600000000002
17346,group_element_set,500,dummy_mean,0.8,1.5283600000000002
17354,group_element_set,500,dummy_mean,1.36,1.5283600000000002
17356,group_element_set,500,dummy_mean,1.14,1.5283600000000002
17375,group_element_set,500,dummy_mean,1.0,1.5283600000000002
17377,group_element_set,500,dummy_mean,1.08,1.5283600000000002
17389,group_element_set,500,dummy_mean,1.3,1.5283600000000002
17392,group_element_set,500,dummy_mean,0.36,1.5283600000000002
17406,group_element_set,500,dummy_mean,2.14,1.5283600000000002
17418,group_element_set,500,dummy_mean,0.92,1.5283600000000002
17457,group_element_set,500,dummy_mean,2.08,1.5283600000000002
17466,group_element_set,500,dummy_mean,1.8,1.5283600000000002
17489,group_element_set,500,dummy_mean,1.04,1.5283600000000002
17491,group_element_set,500,dummy_mean,1.06,1.5283600000000002
17519,group_element_set,500,dummy_mean,1.28,1.5283600000000002
17525,group_element_set,500,dummy_mean,0.88,1.5283600000000002
17528,group_element_set,500,dummy_mean,3.76,1.5283600000000002
17529,group_element_set,500,dummy_mean,0.64,1.5283600000000002
17540,group_element_set,500,dummy_mean,0.92,1.5283600000000002
17545,group_element_set,500,dummy_mean,0.92,1.5283600000000002
17554,group_element_set,500,dummy_mean,1.8,1.5283600000000002
17558,group_element_set,500,dummy_mean,1.08,1.5283600000000002
17572,group_element_set,500,dummy_mean,1.62,1.5283600000000002
17575,group_element_set,500,dummy_mean,0.34,1.5283600000000002
17589,group_element_set,500,dummy_mean,0.74,1.5283600000000002
17599,group_element_set,500,dummy_mean,2.04,1.5283600000000002
17607,group_element_set,500,dummy_mean,1.26,1.5283600000000002
17611,group_element_set,500,dummy_mean,1.44,1.5283600000000002
17615,group_element_set,500,dummy_mean,1.74,1.5283600000000002
17618,group_element_set,500,dummy_mean,1.08,1.5283600000000002
17626,group_element_set,500,dummy_mean,2.18,1.5283600000000002
17631,group_element_set,500,dummy_mean,1.8,1.5283600000000002
17632,group_element_set,500,dummy_mean,1.38,1.5283600000000002
17645,group_element_set,500,dummy_mean,0.76,1.5283600000000002
17658,group_element_set,500,dummy_mean,0.5,1.5283600000000002
17661,group_element_set,500,dummy_mean,1.48,1.5283600000000002
17690,group_element_set,500,dummy_mean,1.58,1.5283600000000002
17697,group_element_set,500,dummy_mean,0.8,1.5283600000000002
17700,group_element_set,500,dummy_mean,1.66,1.5283600000000002
17708,group_element_set,500,dummy_mean,2.18,1.5283600000000002
17713,group_element_set,500,dummy_mean,1.94,1.5283600000000002
17730,group_element_set,500,dummy_mean,2.12,1.5283600000000002
17775,group_element_set,500,dummy_mean,1.46,1.5283600000000002
17776,group_element_set,500,dummy_mean,1.34,1.5283600000000002
17779,group_element_set,500,dummy_mean,3.66,1.5283600000000002
17788,group_element_set,500,dummy_mean,2.54,1.5283600000000002
17796,group_element_set,500,dummy_mean,1.82,1.5283600000000002
17803,group_element_set,500,dummy_mean,1.78,1.5283600000000002
17804,group_element_set,500,dummy_mean,1.84,1.5283600000000002
17824,group_element_set,500,dummy_mean,1.06,1.5283600000000002
17829,group_element_set,500,dummy_mean,1.6,1.5283600000000002
17832,group_element_set,500,dummy_mean,1.7,1.5283600000000002
17839,group_element_set,500,dummy_mean,1.72,1.5283600000000002
17859,group_element_set,500,dummy_mean,1.1,1.5283600000000002
17863,group_element_set,500,dummy_mean,0.56,1.5283600000000002
17886,group_element_set,500,dummy_mean,1.34,1.5283600000000002
17910,group_element_set,500,dummy_mean,0.58,1.5283600000000002
17922,group_element_set,500,dummy_mean,2.64,1.5283600000000002
17943,group_element_set,500,dummy_mean,1.64,1.5283600000000002
17965,group_element_set,500,dummy_mean,1.22,1.5283600000000002
17987,group_element_set,500,dummy_mean,1.84,1.5283600000000002
17988,group_element_set,500,dummy_mean,0.84,1.5283600000000002
17995,group_element_set,500,dummy_mean,0.84,1.5283600000000002
17998,group_element_set,500,dummy_mean,1.96,1.5283600000000002
18005,group_element_set,500,dummy_mean,1.7,1.5283600000000002
18010,group_element_set,500,dummy_mean,1.1,1.5283600000000002
18011,group_element_set,500,dummy_mean,1.22,1.5283600000000002
18023,group_element_set,500,dummy_mean,0.38,1.5283600000000002
18029,group_element_set,500,dummy_mean,0.92,1.5283600000000002
18043,group_element_set,500,dummy_mean,1.56,1.5283600000000002
18045,group_element_set,500,dummy_mean,1.86,1.5283600000000002
18048,group_element_set,500,dummy_mean,1.56,1.5283600000000002
18049,group_element_set,500,dummy_mean,1.04,1.5283600000000002
18057,group_element_set,500,dummy_mean,1.3,1.5283600000000002
18059,group_element_set,500,dummy_mean,1.32,1.5283600000000002
18064,group_element_set,500,dummy_mean,1.6,1.5283600000000002
18075,group_element_set,500,dummy_mean,1.48,1.5283600000000002
18076,group_element_set,500,dummy_mean,1.68,1.5283600000000002
18093,group_element_set,500,dummy_mean,1.06,1.5283600000000002
18096,group_element_set,500,dummy_mean,-0.14,1.5283600000000002
18105,group_element_set,500,dummy_mean,1.9,1.5283600000000002
18114,group_element_set,500,dummy_mean,0.58,1.5283600000000002
18116,group_element_set,500,dummy_mean,1.46,1.5283600000000002
18119,group_element_set,500,dummy_mean,0.38,1.5283600000000002
18121,group_element_set,500,dummy_mean,1.42,1.5283600000000002
18137,group_element_set,500,dummy_mean,0.62,1.5283600000000002
18169,group_element_set,500,dummy_mean,0.88,1.5283600000000002
18175,group_element_set,500,dummy_mean,1.38,1.5283600000000002
18196,group_element_set,500,dummy_mean,2.02,1.5283600000000002
18216,group_element_set,500,dummy_mean,2.76,1.5283600000000002
18220,group_element_set,500,dummy_mean,1.36,1.5283600000000002
18223,group_element_set,500,dummy_mean,1.24,1.5283600000000002
18230,group_element_set,500,dummy_mean,0.58,1.5283600000000002
18232,group_element_set,500,dummy_mean,1.42,1.5283600000000002
18233,group_element_set,500,dummy_mean,1.6,1.5283600000000002
18264,group_element_set,500,dummy_mean,0.68,1.5283600000000002
18268,group_element_set,500,dummy_mean,2.38,1.5283600000000002
18271,group_element_set,500,dummy_mean,1.74,1.5283600000000002
18280,group_element_set,500,dummy_mean,0.68,1.5283600000000002
18283,group_element_set,500,dummy_mean,3.08,1.5283600000000002
18302,group_element_set,500,dummy_mean,1.08,1.5283600000000002
18305,group_element_set,500,dummy_mean,2.02,1.5283600000000002
18309,group_element_set,500,dummy_mean,1.36,1.5283600000000002
18333,group_element_set,500,dummy_mean,1.06,1.5283600000000002
18335,group_element_set,500,dummy_mean,1.22,1.5283600000000002
18354,group_element_set,500,dummy_mean,0.2,1.5283600000000002
18356,group_element_set,500,dummy_mean,1.92,1.5283600000000002
18364,group_element_set,500,dummy_mean,1.68,1.5283600000000002
18370,group_element_set,500,dummy_mean,1.24,1.5283600000000002
18381,group_element_set,500,dummy_mean,1.02,1.5283600000000002
18410,group_element_set,500,dummy_mean,0.56,1.5283600000000002
18432,group_element_set,500,dummy_mean,0.98,1.5283600000000002
18449,group_element_set,500,dummy_mean,1.94,1.5283600000000002
18452,group_element_set,500,dummy_mean,0.72,1.5283600000000002
18463,group_element_set,500,dummy_mean,1.06,1.5283600000000002
18500,group_element_set,500,dummy_mean,1.94,1.5283600000000002
18510,group_element_set,500,dummy_mean,2.56,1.5283600000000002
18527,group_element_set,500,dummy_mean,1.96,1.5283600000000002
18530,group_element_set,500,dummy_mean,1.46,1.5283600000000002
18537,group_element_set,500,dummy_mean,1.36,1.5283600000000002
18541,group_element_set,500,dummy_mean,1.74,1.5283600000000002
18543,group_element_set,500,dummy_mean,2.3,1.5283600000000002
18576,group_element_set,500,dummy_mean,1.16,1.5283600000000002
18580,group_element_set,500,dummy_mean,0.78,1.5283600000000002
18581,group_element_set,500,dummy_mean,2.3,1.5283600000000002
18589,group_element_set,500,dummy_mean,2.44,1.5283600000000002
18603,group_element_set,500,dummy_mean,2.64,1.5283600000000002
18611,group_element_set,500,dummy_mean,1.08,1.5283600000000002
18616,group_element_set,500,dummy_mean,1.42,1.5283600000000002
18630,group_element_set,500,dummy_mean,1.64,1.5283600000000002
18639,group_element_set,500,dummy_mean,1.3,1.5283600000000002
18642,group_element_set,500,dummy_mean,0.72,1.5283600000000002
18658,group_element_set,500,dummy_mean,2.08,1.5283600000000002
18665,group_element_set,500,dummy_mean,1.48,1.5283600000000002
18691,group_element_set,500,dummy_mean,2.26,1.5283600000000002
18693,group_element_set,500,dummy_mean,1.4,1.5283600000000002
18706,group_element_set,500,dummy_mean,1.32,1.5283600000000002
18719,group_element_set,500,dummy_mean,0.94,1.5283600000000002
18732,group_element_set,500,dummy_mean,1.0,1.5283600000000002
18759,group_element_set,500,dummy_mean,1.98,1.5283600000000002
18775,group_element_set,500,dummy_mean,3.36,1.5283600000000002
18776,group_element_set,500,dummy_mean,2.0,1.5283600000000002
18806,group_element_set,500,dummy_mean,-0.24,1.5283600000000002
18846,group_element_set,500,dummy_mean,1.74,1.5283600000000002
18847,group_element_set,500,dummy_mean,1.52,1.5283600000000002
18851,group_element_set,500,dummy_mean,1.06,1.5283600000000002
18862,group_element_set,500,dummy_mean,0.68,1.5283600000000002
18870,group_element_set,500,dummy_mean,2.78,1.5283600000000002
18891,group_element_set,500,dummy_mean,0.9,1.5283600000000002
18899,group_element_set,500,dummy_mean,1.82,1.5283600000000002
