sample_id,split_strategy,budget_label,model,y_true,y_pred
5,group_reduced_formula,1000,rf_starter_descriptors,1.48,1.4040000000000004
19,group_reduced_formula,1000,rf_starter_descriptors,0.46,0.9740000000000001
48,group_reduced_formula,1000,rf_starter_descriptors,2.84,1.8055999999999996
55,group_reduced_formula,1000,rf_starter_descriptors,1.36,1.8088000000000006
56,group_reduced_formula,1000,rf_starter_descriptors,1.78,1.5352000000000001
59,group_reduced_formula,1000,rf_starter_descriptors,0.64,1.2024
70,group_reduced_formula,1000,rf_starter_descriptors,1.08,1.1332000000000004
83,group_reduced_formula,1000,rf_starter_descriptors,0.96,1.0695999999999997
91,group_reduced_formula,1000,rf_starter_descriptors,1.32,1.806
114,group_reduced_formula,1000,rf_starter_descriptors,1.3,0.8204
127,group_reduced_formula,1000,rf_starter_descriptors,0.48,1.0875999999999997
133,group_reduced_formula,1000,rf_starter_descriptors,1.14,1.5084
150,group_reduced_formula,1000,rf_starter_descriptors,1.26,1.2899999999999998
204,group_reduced_formula,1000,rf_starter_descriptors,4.18,1.6679999999999993
220,group_reduced_formula,1000,rf_starter_descriptors,0.92,1.5964000000000007
222,group_reduced_formula,1000,rf_starter_descriptors,1.16,1.1868000000000003
225,group_reduced_formula,1000,rf_starter_descriptors,1.22,1.2992
233,group_reduced_formula,1000,rf_starter_descriptors,0.98,0.7836
242,group_reduced_formula,1000,rf_starter_descriptors,1.98,1.571999999999999
252,group_reduced_formula,1000,rf_starter_descriptors,1.16,1.1588
256,group_reduced_formula,1000,rf_starter_descriptors,1.08,1.3579999999999997
261,group_reduced_formula,1000,rf_starter_descriptors,0.92,1.1788000000000007
275,group_reduced_formula,1000,rf_starter_descriptors,1.14,1.2967999999999997
279,group_reduced_formula,1000,rf_starter_descriptors,1.7,1.1632000000000005
283,group_reduced_formula,1000,rf_starter_descriptors,1.66,1.373599999999999
289,group_reduced_formula,1000,rf_starter_descriptors,1.02,0.9568000000000001
295,group_reduced_formula,1000,rf_starter_descriptors,1.2,1.5199999999999994
311,group_reduced_formula,1000,rf_starter_descriptors,3.84,1.8692
314,group_reduced_formula,1000,rf_starter_descriptors,1.26,0.9475999999999999
316,group_reduced_formula,1000,rf_starter_descriptors,0.3,1.3032000000000006
319,group_reduced_formula,1000,rf_starter_descriptors,0.4,1.7132000000000005
321,group_reduced_formula,1000,rf_starter_descriptors,1.74,1.4199999999999997
327,group_reduced_formula,1000,rf_starter_descriptors,1.18,2.0224
336,group_reduced_formula,1000,rf_starter_descriptors,1.84,1.1648000000000003
341,group_reduced_formula,1000,rf_starter_descriptors,1.08,0.9544000000000004
361,group_reduced_formula,1000,rf_starter_descriptors,0.8,1.4139999999999995
366,group_reduced_formula,1000,rf_starter_descriptors,0.5,1.2895999999999999
378,group_reduced_formula,1000,rf_starter_descriptors,2.44,1.2972
382,group_reduced_formula,1000,rf_starter_descriptors,1.96,1.5796000000000012
387,group_reduced_formula,1000,rf_starter_descriptors,2.02,1.8084000000000007
399,group_reduced_formula,1000,rf_starter_descriptors,1.02,0.7912
422,group_reduced_formula,1000,rf_starter_descriptors,1.36,1.6595999999999997
424,group_reduced_formula,1000,rf_starter_descriptors,1.9,1.5668000000000009
445,group_reduced_formula,1000,rf_starter_descriptors,2.3,1.6319999999999992
452,group_reduced_formula,1000,rf_starter_descriptors,1.44,0.8752000000000002
478,group_reduced_formula,1000,rf_starter_descriptors,1.88,1.7011999999999998
490,group_reduced_formula,1000,rf_starter_descriptors,1.36,0.9640000000000001
494,group_reduced_formula,1000,rf_starter_descriptors,3.42,1.4960000000000002
518,group_reduced_formula,1000,rf_starter_descriptors,0.84,1.0299999999999998
524,group_reduced_formula,1000,rf_starter_descriptors,1.1,1.7431999999999999
535,group_reduced_formula,1000,rf_starter_descriptors,1.16,1.8500000000000005
559,group_reduced_formula,1000,rf_starter_descriptors,2.6,1.3251999999999995
573,group_reduced_formula,1000,rf_starter_descriptors,1.22,1.4872
589,group_reduced_formula,1000,rf_starter_descriptors,1.1,0.9492
600,group_reduced_formula,1000,rf_starter_descriptors,1.8,1.4167999999999998
602,group_reduced_formula,1000,rf_starter_descriptors,1.52,0.8824000000000002
605,group_reduced_formula,1000,rf_starter_descriptors,1.04,1.3596000000000001
617,group_reduced_formula,1000,rf_starter_descriptors,0.76,1.3231999999999997
627,group_reduced_formula,1000,rf_starter_descriptors,1.44,1.3604000000000005
629,group_reduced_formula,1000,rf_starter_descriptors,0.6,1.4772000000000003
630,group_reduced_formula,1000,rf_starter_descriptors,1.84,3.1520000000000006
636,group_reduced_formula,1000,rf_starter_descriptors,1.88,1.79
638,group_reduced_formula,1000,rf_starter_descriptors,0.94,1.3079999999999998
649,group_reduced_formula,1000,rf_starter_descriptors,0.68,0.8108
664,group_reduced_formula,1000,rf_starter_descriptors,1.82,1.5008
667,group_reduced_formula,1000,rf_starter_descriptors,2.02,1.2408000000000003
670,group_reduced_formula,1000,rf_starter_descriptors,0.62,1.314
689,group_reduced_formula,1000,rf_starter_descriptors,1.18,1.6528
692,group_reduced_formula,1000,rf_starter_descriptors,1.94,1.3392000000000004
693,group_reduced_formula,1000,rf_starter_descriptors,0.52,0.9808
695,group_reduced_formula,1000,rf_starter_descriptors,2.46,1.2504
699,group_reduced_formula,1000,rf_starter_descriptors,1.18,1.2019999999999995
704,group_reduced_formula,1000,rf_starter_descriptors,1.14,1.66
709,group_reduced_formula,1000,rf_starter_descriptors,2.0,1.5312000000000006
719,group_reduced_formula,1000,rf_starter_descriptors,1.9,1.6119999999999999
721,group_reduced_formula,1000,rf_starter_descriptors,2.1,1.9928
753,group_reduced_formula,1000,rf_starter_descriptors,0.52,1.3304
754,group_reduced_formula,1000,rf_starter_descriptors,1.3,1.2004000000000001
793,group_reduced_formula,1000,rf_starter_descriptors,1.24,1.7171999999999996
796,group_reduced_formula,1000,rf_starter_descriptors,1.2,1.5024000000000006
812,group_reduced_formula,1000,rf_starter_descriptors,0.48,1.5988000000000002
818,group_reduced_formula,1000,rf_starter_descriptors,1.08,1.0372000000000001
832,group_reduced_formula,1000,rf_starter_descriptors,1.24,1.3656
882,group_reduced_formula,1000,rf_starter_descriptors,1.96,2.12
890,group_reduced_formula,1000,rf_starter_descriptors,0.56,1.6472000000000002
892,group_reduced_formula,1000,rf_starter_descriptors,1.46,1.702
899,group_reduced_formula,1000,rf_starter_descriptors,0.66,2.5352000000000015
904,group_reduced_formula,1000,rf_starter_descriptors,1.66,0.9163999999999999
945,group_reduced_formula,1000,rf_starter_descriptors,2.02,0.8532000000000002
958,group_reduced_formula,1000,rf_starter_descriptors,1.4,1.5684
959,group_reduced_formula,1000,rf_starter_descriptors,1.04,1.3531999999999993
970,group_reduced_formula,1000,rf_starter_descriptors,1.28,1.0948000000000002
985,group_reduced_formula,1000,rf_starter_descriptors,2.66,1.8748000000000002
992,group_reduced_formula,1000,rf_starter_descriptors,2.46,2.0536000000000003
996,group_reduced_formula,1000,rf_starter_descriptors,1.28,1.4340000000000002
997,group_reduced_formula,1000,rf_starter_descriptors,1.4,1.5563999999999996
1004,group_reduced_formula,1000,rf_starter_descriptors,0.72,1.0664000000000005
1020,group_reduced_formula,1000,rf_starter_descriptors,0.72,1.3500000000000003
1027,group_reduced_formula,1000,rf_starter_descriptors,1.38,1.5755999999999992
1032,group_reduced_formula,1000,rf_starter_descriptors,0.84,1.4948000000000006
1037,group_reduced_formula,1000,rf_starter_descriptors,2.62,1.0023999999999995
1047,group_reduced_formula,1000,rf_starter_descriptors,1.04,1.3256000000000001
1058,group_reduced_formula,1000,rf_starter_descriptors,1.2,1.4819999999999993
1059,group_reduced_formula,1000,rf_starter_descriptors,0.96,1.7591999999999992
1070,group_reduced_formula,1000,rf_starter_descriptors,0.78,1.8436000000000001
1078,group_reduced_formula,1000,rf_starter_descriptors,1.74,1.6432000000000002
1106,group_reduced_formula,1000,rf_starter_descriptors,1.42,1.5452000000000001
1112,group_reduced_formula,1000,rf_starter_descriptors,1.02,1.3623999999999998
1125,group_reduced_formula,1000,rf_starter_descriptors,0.56,1.3772
1129,group_reduced_formula,1000,rf_starter_descriptors,2.06,1.5711999999999997
1135,group_reduced_formula,1000,rf_starter_descriptors,0.6,2.4872
1159,group_reduced_formula,1000,rf_starter_descriptors,1.86,1.8655999999999997
1180,group_reduced_formula,1000,rf_starter_descriptors,0.98,0.9852000000000003
1181,group_reduced_formula,1000,rf_starter_descriptors,1.04,1.1432000000000004
1204,group_reduced_formula,1000,rf_starter_descriptors,2.16,2.0399999999999996
1220,group_reduced_formula,1000,rf_starter_descriptors,0.76,1.2308
1221,group_reduced_formula,1000,rf_starter_descriptors,2.44,1.35
1240,group_reduced_formula,1000,rf_starter_descriptors,1.7,1.1331999999999995
1247,group_reduced_formula,1000,rf_starter_descriptors,1.9,2.1272
1248,group_reduced_formula,1000,rf_starter_descriptors,2.28,2.683599999999999
1274,group_reduced_formula,1000,rf_starter_descriptors,1.18,1.2131999999999998
1330,group_reduced_formula,1000,rf_starter_descriptors,1.02,1.5360000000000003
1331,group_reduced_formula,1000,rf_starter_descriptors,1.4,1.1836000000000002
1342,group_reduced_formula,1000,rf_starter_descriptors,0.42,1.1951999999999996
1343,group_reduced_formula,1000,rf_starter_descriptors,2.02,2.2200000000000006
1357,group_reduced_formula,1000,rf_starter_descriptors,1.92,1.8824
1371,group_reduced_formula,1000,rf_starter_descriptors,1.26,0.8556000000000001
1377,group_reduced_formula,1000,rf_starter_descriptors,1.34,1.554799999999999
1393,group_reduced_formula,1000,rf_starter_descriptors,1.24,1.3807999999999994
1404,group_reduced_formula,1000,rf_starter_descriptors,1.68,2.1287999999999987
1405,group_reduced_formula,1000,rf_starter_descriptors,1.46,2.0316
1408,group_reduced_formula,1000,rf_starter_descriptors,0.9,1.0792000000000002
1414,group_reduced_formula,1000,rf_starter_descriptors,0.54,2.1108000000000002
1415,group_reduced_formula,1000,rf_starter_descriptors,0.88,1.5912000000000006
1421,group_reduced_formula,1000,rf_starter_descriptors,1.04,0.8692000000000004
1430,group_reduced_formula,1000,rf_starter_descriptors,0.62,1.3159999999999994
1453,group_reduced_formula,1000,rf_starter_descriptors,0.78,1.2828
1464,group_reduced_formula,1000,rf_starter_descriptors,1.52,0.9740000000000003
1465,group_reduced_formula,1000,rf_starter_descriptors,1.42,1.2708
1492,group_reduced_formula,1000,rf_starter_descriptors,1.14,1.3607999999999998
1507,group_reduced_formula,1000,rf_starter_descriptors,1.92,1.3496000000000004
1510,group_reduced_formula,1000,rf_starter_descriptors,1.84,1.8220000000000005
1513,group_reduced_formula,1000,rf_starter_descriptors,1.52,1.3452000000000002
1516,group_reduced_formula,1000,rf_starter_descriptors,2.64,1.9487999999999994
1519,group_reduced_formula,1000,rf_starter_descriptors,0.74,1.0088000000000001
1520,group_reduced_formula,1000,rf_starter_descriptors,1.64,0.8263999999999997
1522,group_reduced_formula,1000,rf_starter_descriptors,0.94,0.9940000000000003
1533,group_reduced_formula,1000,rf_starter_descriptors,0.46,1.0976000000000001
1541,group_reduced_formula,1000,rf_starter_descriptors,2.1,1.9043999999999994
1552,group_reduced_formula,1000,rf_starter_descriptors,2.88,1.3432
1560,group_reduced_formula,1000,rf_starter_descriptors,1.46,1.1716000000000006
1578,group_reduced_formula,1000,rf_starter_descriptors,1.58,1.4008000000000005
1581,group_reduced_formula,1000,rf_starter_descriptors,2.04,1.7151999999999998
1589,group_reduced_formula,1000,rf_starter_descriptors,3.06,2.1484000000000005
1597,group_reduced_formula,1000,rf_starter_descriptors,1.1,1.2092
1598,group_reduced_formula,1000,rf_starter_descriptors,0.98,1.0568000000000002
1601,group_reduced_formula,1000,rf_starter_descriptors,1.46,1.2820000000000005
1607,group_reduced_formula,1000,rf_starter_descriptors,1.42,1.2092
1609,group_reduced_formula,1000,rf_starter_descriptors,2.22,1.793199999999999
1628,group_reduced_formula,1000,rf_starter_descriptors,3.2,1.9496000000000007
1648,group_reduced_formula,1000,rf_starter_descriptors,1.62,1.5732
1652,group_reduced_formula,1000,rf_starter_descriptors,1.24,1.0836000000000001
1663,group_reduced_formula,1000,rf_starter_descriptors,1.18,1.1351999999999998
1683,group_reduced_formula,1000,rf_starter_descriptors,1.94,1.0723999999999996
1692,group_reduced_formula,1000,rf_starter_descriptors,1.1,1.0816
1707,group_reduced_formula,1000,rf_starter_descriptors,2.0,1.6383999999999994
1711,group_reduced_formula,1000,rf_starter_descriptors,1.14,1.6884000000000006
1723,group_reduced_formula,1000,rf_starter_descriptors,1.36,1.8763999999999994
1725,group_reduced_formula,1000,rf_starter_descriptors,1.84,1.8299999999999994
1727,group_reduced_formula,1000,rf_starter_descriptors,1.76,1.3660000000000003
1734,group_reduced_formula,1000,rf_starter_descriptors,0.98,1.0803999999999996
1770,group_reduced_formula,1000,rf_starter_descriptors,0.96,1.6528
1783,group_reduced_formula,1000,rf_starter_descriptors,1.68,1.2891999999999997
1792,group_reduced_formula,1000,rf_starter_descriptors,1.6,1.5623999999999993
1821,group_reduced_formula,1000,rf_starter_descriptors,1.46,1.2311999999999999
1822,group_reduced_formula,1000,rf_starter_descriptors,0.18,1.5292000000000001
1833,group_reduced_formula,1000,rf_starter_descriptors,1.44,1.5051999999999999
1848,group_reduced_formula,1000,rf_starter_descriptors,2.92,3.168
1856,group_reduced_formula,1000,rf_starter_descriptors,2.0,1.0580000000000003
1868,group_reduced_formula,1000,rf_starter_descriptors,1.04,1.3792000000000002
1875,group_reduced_formula,1000,rf_starter_descriptors,1.88,2.0428
1881,group_reduced_formula,1000,rf_starter_descriptors,2.1,1.6668
1891,group_reduced_formula,1000,rf_starter_descriptors,1.74,1.9923999999999986
1898,group_reduced_formula,1000,rf_starter_descriptors,0.94,1.1840000000000004
1900,group_reduced_formula,1000,rf_starter_descriptors,1.34,1.436
1906,group_reduced_formula,1000,rf_starter_descriptors,0.78,1.3991999999999996
1909,group_reduced_formula,1000,rf_starter_descriptors,1.72,1.4208
1919,group_reduced_formula,1000,rf_starter_descriptors,1.04,1.4972000000000003
1923,group_reduced_formula,1000,rf_starter_descriptors,0.98,0.9280000000000003
1928,group_reduced_formula,1000,rf_starter_descriptors,1.78,1.1760000000000002
1940,group_reduced_formula,1000,rf_starter_descriptors,2.08,1.1400000000000003
1948,group_reduced_formula,1000,rf_starter_descriptors,2.04,1.6015999999999997
1949,group_reduced_formula,1000,rf_starter_descriptors,1.2,0.8728
1957,group_reduced_formula,1000,rf_starter_descriptors,2.22,1.5424000000000007
1963,group_reduced_formula,1000,rf_starter_descriptors,1.16,1.1627999999999998
1981,group_reduced_formula,1000,rf_starter_descriptors,1.96,2.644
2016,group_reduced_formula,1000,rf_starter_descriptors,1.44,1.1192
2025,group_reduced_formula,1000,rf_starter_descriptors,2.64,3.2612
2039,group_reduced_formula,1000,rf_starter_descriptors,1.28,1.1128000000000005
2040,group_reduced_formula,1000,rf_starter_descriptors,1.2,2.094000000000001
2052,group_reduced_formula,1000,rf_starter_descriptors,1.18,1.1268
2053,group_reduced_formula,1000,rf_starter_descriptors,3.36,2.0384
2072,group_reduced_formula,1000,rf_starter_descriptors,1.32,1.3863999999999999
2089,group_reduced_formula,1000,rf_starter_descriptors,1.9,1.9911999999999999
2091,group_reduced_formula,1000,rf_starter_descriptors,1.3,1.6003999999999996
2092,group_reduced_formula,1000,rf_starter_descriptors,0.62,0.8563999999999997
2121,group_reduced_formula,1000,rf_starter_descriptors,1.7,1.4256
2132,group_reduced_formula,1000,rf_starter_descriptors,1.56,1.3891999999999993
2139,group_reduced_formula,1000,rf_starter_descriptors,0.98,0.8936
2146,group_reduced_formula,1000,rf_starter_descriptors,0.22,1.6555999999999995
2159,group_reduced_formula,1000,rf_starter_descriptors,2.72,1.4987999999999995
2184,group_reduced_formula,1000,rf_starter_descriptors,2.34,2.1080000000000005
2189,group_reduced_formula,1000,rf_starter_descriptors,1.44,1.288
2198,group_reduced_formula,1000,rf_starter_descriptors,1.26,1.2052
2205,group_reduced_formula,1000,rf_starter_descriptors,0.5,1.1467999999999998
2231,group_reduced_formula,1000,rf_starter_descriptors,1.0,1.2752000000000003
2253,group_reduced_formula,1000,rf_starter_descriptors,0.96,1.905999999999999
2258,group_reduced_formula,1000,rf_starter_descriptors,1.58,1.6528000000000003
2259,group_reduced_formula,1000,rf_starter_descriptors,1.82,1.6195999999999995
2266,group_reduced_formula,1000,rf_starter_descriptors,1.88,2.2084
2276,group_reduced_formula,1000,rf_starter_descriptors,1.52,1.3944
2281,group_reduced_formula,1000,rf_starter_descriptors,1.98,1.7532000000000003
2282,group_reduced_formula,1000,rf_starter_descriptors,3.26,2.0580000000000003
2284,group_reduced_formula,1000,rf_starter_descriptors,1.76,1.5807999999999995
2287,group_reduced_formula,1000,rf_starter_descriptors,2.64,2.2192000000000003
2296,group_reduced_formula,1000,rf_starter_descriptors,1.36,1.7080000000000004
2297,group_reduced_formula,1000,rf_starter_descriptors,1.5,1.2280000000000002
2302,group_reduced_formula,1000,rf_starter_descriptors,2.02,2.1752000000000002
2315,group_reduced_formula,1000,rf_starter_descriptors,0.82,1.1228000000000002
2326,group_reduced_formula,1000,rf_starter_descriptors,1.34,0.9927999999999997
2334,group_reduced_formula,1000,rf_starter_descriptors,0.38,2.5032
2340,group_reduced_formula,1000,rf_starter_descriptors,2.28,2.0200000000000005
2342,group_reduced_formula,1000,rf_starter_descriptors,1.18,1.2932000000000001
2351,group_reduced_formula,1000,rf_starter_descriptors,1.4,1.798
2383,group_reduced_formula,1000,rf_starter_descriptors,1.24,1.3572000000000006
2391,group_reduced_formula,1000,rf_starter_descriptors,0.1,1.0731999999999997
2440,group_reduced_formula,1000,rf_starter_descriptors,1.26,1.3240000000000003
2451,group_reduced_formula,1000,rf_starter_descriptors,2.0,1.6124
2462,group_reduced_formula,1000,rf_starter_descriptors,1.1,1.1479999999999995
2466,group_reduced_formula,1000,rf_starter_descriptors,2.14,2.8140000000000014
2471,group_reduced_formula,1000,rf_starter_descriptors,0.68,1.1991999999999998
2474,group_reduced_formula,1000,rf_starter_descriptors,2.92,1.8280000000000007
2476,group_reduced_formula,1000,rf_starter_descriptors,0.82,1.0860000000000003
2481,group_reduced_formula,1000,rf_starter_descriptors,1.02,1.372
2503,group_reduced_formula,1000,rf_starter_descriptors,1.2,1.0892000000000004
2516,group_reduced_formula,1000,rf_starter_descriptors,1.24,1.3492000000000004
2544,group_reduced_formula,1000,rf_starter_descriptors,1.54,1.2311999999999996
2556,group_reduced_formula,1000,rf_starter_descriptors,2.68,1.8092000000000001
2557,group_reduced_formula,1000,rf_starter_descriptors,1.04,1.4444000000000004
2595,group_reduced_formula,1000,rf_starter_descriptors,0.98,2.1247999999999996
2600,group_reduced_formula,1000,rf_starter_descriptors,1.56,1.304799999999999
2617,group_reduced_formula,1000,rf_starter_descriptors,2.58,2.252000000000001
2618,group_reduced_formula,1000,rf_starter_descriptors,1.54,0.8732000000000002
2636,group_reduced_formula,1000,rf_starter_descriptors,2.18,1.2671999999999997
2643,group_reduced_formula,1000,rf_starter_descriptors,2.6,1.4220000000000004
2666,group_reduced_formula,1000,rf_starter_descriptors,1.04,0.8124000000000001
2683,group_reduced_formula,1000,rf_starter_descriptors,1.42,1.8899999999999995
2687,group_reduced_formula,1000,rf_starter_descriptors,1.44,0.9636000000000002
2704,group_reduced_formula,1000,rf_starter_descriptors,1.24,0.9748000000000002
2707,group_reduced_formula,1000,rf_starter_descriptors,2.76,2.1164
2710,group_reduced_formula,1000,rf_starter_descriptors,0.92,1.4687999999999988
2713,group_reduced_formula,1000,rf_starter_descriptors,1.66,1.4080000000000001
2721,group_reduced_formula,1000,rf_starter_descriptors,1.6,1.7344
2723,group_reduced_formula,1000,rf_starter_descriptors,0.78,1.3215999999999994
2729,group_reduced_formula,1000,rf_starter_descriptors,2.34,1.7175999999999996
2734,group_reduced_formula,1000,rf_starter_descriptors,1.36,1.3331999999999997
2740,group_reduced_formula,1000,rf_starter_descriptors,1.16,1.2419999999999995
2741,group_reduced_formula,1000,rf_starter_descriptors,0.9,1.1659999999999997
2748,group_reduced_formula,1000,rf_starter_descriptors,1.6,1.2775999999999998
2773,group_reduced_formula,1000,rf_starter_descriptors,1.56,2.6503999999999994
2775,group_reduced_formula,1000,rf_starter_descriptors,1.84,1.8164000000000005
2792,group_reduced_formula,1000,rf_starter_descriptors,2.1,1.5675999999999999
2797,group_reduced_formula,1000,rf_starter_descriptors,1.14,1.0804000000000002
2814,group_reduced_formula,1000,rf_starter_descriptors,1.42,1.6732000000000011
2829,group_reduced_formula,1000,rf_starter_descriptors,1.64,1.7048000000000008
2831,group_reduced_formula,1000,rf_starter_descriptors,0.88,2.0719999999999996
2835,group_reduced_formula,1000,rf_starter_descriptors,0.52,1.5591999999999993
2839,group_reduced_formula,1000,rf_starter_descriptors,0.92,1.1219999999999999
2841,group_reduced_formula,1000,rf_starter_descriptors,1.7,0.8428
2845,group_reduced_formula,1000,rf_starter_descriptors,2.2,3.0855999999999995
2861,group_reduced_formula,1000,rf_starter_descriptors,1.2,1.0664
2884,group_reduced_formula,1000,rf_starter_descriptors,3.54,2.8535999999999984
2887,group_reduced_formula,1000,rf_starter_descriptors,1.94,1.3496000000000001
2897,group_reduced_formula,1000,rf_starter_descriptors,1.82,1.3979999999999995
2909,group_reduced_formula,1000,rf_starter_descriptors,3.46,1.8223999999999998
2927,group_reduced_formula,1000,rf_starter_descriptors,1.14,1.1684
2933,group_reduced_formula,1000,rf_starter_descriptors,1.2,1.5239999999999996
2942,group_reduced_formula,1000,rf_starter_descriptors,2.16,2.156400000000001
2943,group_reduced_formula,1000,rf_starter_descriptors,1.72,1.1031999999999997
2947,group_reduced_formula,1000,rf_starter_descriptors,0.44,1.9520000000000002
2952,group_reduced_formula,1000,rf_starter_descriptors,1.1,1.8324
2953,group_reduced_formula,1000,rf_starter_descriptors,1.48,1.0495999999999999
2959,group_reduced_formula,1000,rf_starter_descriptors,1.54,1.7008000000000008
2964,group_reduced_formula,1000,rf_starter_descriptors,1.68,1.0932000000000004
2968,group_reduced_formula,1000,rf_starter_descriptors,2.42,2.0779999999999994
2989,group_reduced_formula,1000,rf_starter_descriptors,0.92,0.934
2996,group_reduced_formula,1000,rf_starter_descriptors,0.58,1.5072000000000005
3004,group_reduced_formula,1000,rf_starter_descriptors,0.26,1.3799999999999994
3021,group_reduced_formula,1000,rf_starter_descriptors,0.38,0.8595999999999999
3022,group_reduced_formula,1000,rf_starter_descriptors,1.26,1.1164000000000007
3041,group_reduced_formula,1000,rf_starter_descriptors,1.82,1.1792
3045,group_reduced_formula,1000,rf_starter_descriptors,2.86,1.3408000000000002
3054,group_reduced_formula,1000,rf_starter_descriptors,0.78,1.33
3082,group_reduced_formula,1000,rf_starter_descriptors,1.46,1.3792
3093,group_reduced_formula,1000,rf_starter_descriptors,1.1,2.518000000000001
3128,group_reduced_formula,1000,rf_starter_descriptors,1.34,1.1308
3149,group_reduced_formula,1000,rf_starter_descriptors,1.34,1.6915999999999993
3158,group_reduced_formula,1000,rf_starter_descriptors,1.52,1.5428000000000008
3164,group_reduced_formula,1000,rf_starter_descriptors,0.72,1.1124
3181,group_reduced_formula,1000,rf_starter_descriptors,0.68,0.9248000000000001
3184,group_reduced_formula,1000,rf_starter_descriptors,0.92,2.1196000000000015
3195,group_reduced_formula,1000,rf_starter_descriptors,0.98,2.328799999999999
3220,group_reduced_formula,1000,rf_starter_descriptors,0.82,1.828
3222,group_reduced_formula,1000,rf_starter_descriptors,0.84,1.492
3223,group_reduced_formula,1000,rf_starter_descriptors,2.0,1.7559999999999991
3238,group_reduced_formula,1000,rf_starter_descriptors,1.54,1.456
3244,group_reduced_formula,1000,rf_starter_descriptors,0.78,1.2540000000000007
3252,group_reduced_formula,1000,rf_starter_descriptors,1.24,1.4956000000000003
3258,group_reduced_formula,1000,rf_starter_descriptors,1.08,1.2668000000000001
3272,group_reduced_formula,1000,rf_starter_descriptors,2.32,1.7164
3275,group_reduced_formula,1000,rf_starter_descriptors,1.04,0.9652000000000003
3278,group_reduced_formula,1000,rf_starter_descriptors,3.68,3.3732000000000006
3281,group_reduced_formula,1000,rf_starter_descriptors,1.8,1.9547999999999994
3298,group_reduced_formula,1000,rf_starter_descriptors,0.42,1.3267999999999995
3324,group_reduced_formula,1000,rf_starter_descriptors,2.18,1.2676000000000003
3331,group_reduced_formula,1000,rf_starter_descriptors,2.7,2.821999999999999
3350,group_reduced_formula,1000,rf_starter_descriptors,1.6,1.0168000000000001
3353,group_reduced_formula,1000,rf_starter_descriptors,0.34,1.4595999999999998
3373,group_reduced_formula,1000,rf_starter_descriptors,0.48,1.4304000000000006
3378,group_reduced_formula,1000,rf_starter_descriptors,2.84,1.8911999999999995
3381,group_reduced_formula,1000,rf_starter_descriptors,1.2,1.9460000000000002
3385,group_reduced_formula,1000,rf_starter_descriptors,0.94,1.3500000000000003
3389,group_reduced_formula,1000,rf_starter_descriptors,1.28,1.3912000000000007
3391,group_reduced_formula,1000,rf_starter_descriptors,0.56,1.0312
3404,group_reduced_formula,1000,rf_starter_descriptors,0.76,1.5816
3413,group_reduced_formula,1000,rf_starter_descriptors,0.56,0.914
3417,group_reduced_formula,1000,rf_starter_descriptors,1.02,2.694799999999999
3418,group_reduced_formula,1000,rf_starter_descriptors,0.86,0.9640000000000001
3429,group_reduced_formula,1000,rf_starter_descriptors,1.7,1.2668000000000004
3442,group_reduced_formula,1000,rf_starter_descriptors,0.94,0.8231999999999999
3451,group_reduced_formula,1000,rf_starter_descriptors,1.34,1.6887999999999996
3454,group_reduced_formula,1000,rf_starter_descriptors,0.98,1.0767999999999998
3461,group_reduced_formula,1000,rf_starter_descriptors,2.12,0.9536
3490,group_reduced_formula,1000,rf_starter_descriptors,0.48,0.5492000000000001
3491,group_reduced_formula,1000,rf_starter_descriptors,1.74,2.3392
3492,group_reduced_formula,1000,rf_starter_descriptors,0.6,1.5819999999999999
3493,group_reduced_formula,1000,rf_starter_descriptors,0.78,0.9452000000000002
3502,group_reduced_formula,1000,rf_starter_descriptors,1.6,1.7756000000000005
3504,group_reduced_formula,1000,rf_starter_descriptors,1.94,1.972000000000001
3522,group_reduced_formula,1000,rf_starter_descriptors,3.58,1.8311999999999995
3530,group_reduced_formula,1000,rf_starter_descriptors,2.78,2.4616000000000007
3541,group_reduced_formula,1000,rf_starter_descriptors,2.28,1.0208
3558,group_reduced_formula,1000,rf_starter_descriptors,0.78,1.0520000000000003
3562,group_reduced_formula,1000,rf_starter_descriptors,1.38,1.2328
3569,group_reduced_formula,1000,rf_starter_descriptors,1.42,0.8372000000000003
3580,group_reduced_formula,1000,rf_starter_descriptors,1.74,1.4115999999999993
3581,group_reduced_formula,1000,rf_starter_descriptors,0.94,1.1528
3592,group_reduced_formula,1000,rf_starter_descriptors,1.46,1.0796000000000001
3614,group_reduced_formula,1000,rf_starter_descriptors,1.0,1.0855999999999992
3642,group_reduced_formula,1000,rf_starter_descriptors,0.96,1.2416
3679,group_reduced_formula,1000,rf_starter_descriptors,1.9,1.4848000000000001
3681,group_reduced_formula,1000,rf_starter_descriptors,1.34,1.0299999999999998
3690,group_reduced_formula,1000,rf_starter_descriptors,1.58,1.4268
3701,group_reduced_formula,1000,rf_starter_descriptors,1.18,1.2519999999999998
3712,group_reduced_formula,1000,rf_starter_descriptors,2.7,2.1136000000000004
3714,group_reduced_formula,1000,rf_starter_descriptors,3.48,1.4676000000000002
3738,group_reduced_formula,1000,rf_starter_descriptors,1.54,2.5940000000000003
3747,group_reduced_formula,1000,rf_starter_descriptors,1.4,2.1416000000000004
3749,group_reduced_formula,1000,rf_starter_descriptors,1.12,1.4171999999999998
3750,group_reduced_formula,1000,rf_starter_descriptors,2.88,0.9967999999999998
3759,group_reduced_formula,1000,rf_starter_descriptors,3.22,2.7951999999999995
3771,group_reduced_formula,1000,rf_starter_descriptors,1.06,0.9548000000000004
3778,group_reduced_formula,1000,rf_starter_descriptors,1.72,1.6716000000000006
3781,group_reduced_formula,1000,rf_starter_descriptors,1.28,1.5171999999999997
3784,group_reduced_formula,1000,rf_starter_descriptors,0.96,1.1867999999999996
3795,group_reduced_formula,1000,rf_starter_descriptors,1.06,1.3548000000000002
3799,group_reduced_formula,1000,rf_starter_descriptors,0.92,0.9252000000000002
3820,group_reduced_formula,1000,rf_starter_descriptors,1.2,1.2599999999999998
3830,group_reduced_formula,1000,rf_starter_descriptors,1.0,1.0824
3843,group_reduced_formula,1000,rf_starter_descriptors,1.96,1.8032
3845,group_reduced_formula,1000,rf_starter_descriptors,0.98,0.9975999999999999
3862,group_reduced_formula,1000,rf_starter_descriptors,1.88,1.1915999999999998
3885,group_reduced_formula,1000,rf_starter_descriptors,1.8,1.1767999999999996
3894,group_reduced_formula,1000,rf_starter_descriptors,0.4,1.096
3895,group_reduced_formula,1000,rf_starter_descriptors,2.42,1.816400000000001
3903,group_reduced_formula,1000,rf_starter_descriptors,1.86,1.1423999999999999
3912,group_reduced_formula,1000,rf_starter_descriptors,1.34,1.5131999999999999
3913,group_reduced_formula,1000,rf_starter_descriptors,3.3,2.9415999999999998
3949,group_reduced_formula,1000,rf_starter_descriptors,0.9,1.0259999999999996
3961,group_reduced_formula,1000,rf_starter_descriptors,-0.1,0.7136000000000005
4014,group_reduced_formula,1000,rf_starter_descriptors,1.5,2.314800000000001
4016,group_reduced_formula,1000,rf_starter_descriptors,1.54,1.2299999999999998
4020,group_reduced_formula,1000,rf_starter_descriptors,1.42,1.6583999999999992
4032,group_reduced_formula,1000,rf_starter_descriptors,2.3,1.1208000000000007
4059,group_reduced_formula,1000,rf_starter_descriptors,2.62,1.2987999999999997
4078,group_reduced_formula,1000,rf_starter_descriptors,3.72,2.3928
4084,group_reduced_formula,1000,rf_starter_descriptors,0.36,0.8743999999999995
4113,group_reduced_formula,1000,rf_starter_descriptors,1.0,1.0199999999999998
4122,group_reduced_formula,1000,rf_starter_descriptors,2.68,1.8959999999999997
4125,group_reduced_formula,1000,rf_starter_descriptors,0.3,1.21
4128,group_reduced_formula,1000,rf_starter_descriptors,1.46,1.9447999999999996
4134,group_reduced_formula,1000,rf_starter_descriptors,1.74,1.4292000000000005
4138,group_reduced_formula,1000,rf_starter_descriptors,1.8,2.540800000000001
4144,group_reduced_formula,1000,rf_starter_descriptors,0.98,1.3204
4151,group_reduced_formula,1000,rf_starter_descriptors,0.78,1.4844
4159,group_reduced_formula,1000,rf_starter_descriptors,-0.32,1.526
4163,group_reduced_formula,1000,rf_starter_descriptors,1.2,1.4407999999999992
4175,group_reduced_formula,1000,rf_starter_descriptors,1.82,1.6916000000000004
4192,group_reduced_formula,1000,rf_starter_descriptors,0.42,0.8283999999999996
4194,group_reduced_formula,1000,rf_starter_descriptors,2.86,1.960000000000001
4231,group_reduced_formula,1000,rf_starter_descriptors,1.2,1.3244000000000002
4232,group_reduced_formula,1000,rf_starter_descriptors,0.56,1.0872
4233,group_reduced_formula,1000,rf_starter_descriptors,1.0,1.3791999999999993
4235,group_reduced_formula,1000,rf_starter_descriptors,2.8,2.4084000000000008
4236,group_reduced_formula,1000,rf_starter_descriptors,1.58,0.9384
4244,group_reduced_formula,1000,rf_starter_descriptors,0.24,1.2187999999999997
4246,group_reduced_formula,1000,rf_starter_descriptors,1.34,1.5479999999999998
4248,group_reduced_formula,1000,rf_starter_descriptors,0.92,1.4712
4257,group_reduced_formula,1000,rf_starter_descriptors,1.34,1.0080000000000002
4258,group_reduced_formula,1000,rf_starter_descriptors,1.08,2.0027999999999997
4307,group_reduced_formula,1000,rf_starter_descriptors,1.98,1.9728
4312,group_reduced_formula,1000,rf_starter_descriptors,1.52,1.1576
4317,group_reduced_formula,1000,rf_starter_descriptors,1.82,2.2312
4343,group_reduced_formula,1000,rf_starter_descriptors,1.42,1.344
4355,group_reduced_formula,1000,rf_starter_descriptors,1.88,1.5907999999999998
4358,group_reduced_formula,1000,rf_starter_descriptors,0.66,1.5759999999999998
4365,group_reduced_formula,1000,rf_starter_descriptors,1.5,1.4735999999999996
4366,group_reduced_formula,1000,rf_starter_descriptors,0.86,1.6464
4367,group_reduced_formula,1000,rf_starter_descriptors,0.76,0.9475999999999999
4368,group_reduced_formula,1000,rf_starter_descriptors,2.72,1.9084
4385,group_reduced_formula,1000,rf_starter_descriptors,1.14,2.0304000000000006
4386,group_reduced_formula,1000,rf_starter_descriptors,2.98,1.9372000000000003
4389,group_reduced_formula,1000,rf_starter_descriptors,1.74,1.8236000000000008
4398,group_reduced_formula,1000,rf_starter_descriptors,2.88,1.2684
4401,group_reduced_formula,1000,rf_starter_descriptors,1.0,1.7964000000000002
4418,group_reduced_formula,1000,rf_starter_descriptors,0.62,0.9979999999999998
4422,group_reduced_formula,1000,rf_starter_descriptors,2.32,1.3207999999999995
4487,group_reduced_formula,1000,rf_starter_descriptors,0.66,1.2231999999999994
4490,group_reduced_formula,1000,rf_starter_descriptors,1.5,1.7344000000000002
4500,group_reduced_formula,1000,rf_starter_descriptors,1.58,0.9507999999999999
4502,group_reduced_formula,1000,rf_starter_descriptors,2.4,1.6316000000000006
4512,group_reduced_formula,1000,rf_starter_descriptors,1.34,1.2355999999999996
4522,group_reduced_formula,1000,rf_starter_descriptors,1.38,1.3147999999999995
4534,group_reduced_formula,1000,rf_starter_descriptors,1.2,1.2507999999999997
4539,group_reduced_formula,1000,rf_starter_descriptors,1.12,0.9987999999999999
4545,group_reduced_formula,1000,rf_starter_descriptors,0.8,1.4312
4556,group_reduced_formula,1000,rf_starter_descriptors,0.9,1.0184
4558,group_reduced_formula,1000,rf_starter_descriptors,1.16,1.1888
4576,group_reduced_formula,1000,rf_starter_descriptors,1.84,2.114
4583,group_reduced_formula,1000,rf_starter_descriptors,0.8,1.2248
4594,group_reduced_formula,1000,rf_starter_descriptors,0.36,1.4256
4599,group_reduced_formula,1000,rf_starter_descriptors,1.68,2.3095999999999988
4641,group_reduced_formula,1000,rf_starter_descriptors,0.82,1.2251999999999996
4674,group_reduced_formula,1000,rf_starter_descriptors,0.94,0.8656000000000003
4687,group_reduced_formula,1000,rf_starter_descriptors,0.96,1.3147999999999995
4702,group_reduced_formula,1000,rf_starter_descriptors,1.12,0.8692000000000004
4717,group_reduced_formula,1000,rf_starter_descriptors,1.72,1.2396
4725,group_reduced_formula,1000,rf_starter_descriptors,1.54,1.0924000000000005
4749,group_reduced_formula,1000,rf_starter_descriptors,1.44,1.5744000000000002
4753,group_reduced_formula,1000,rf_starter_descriptors,1.2,1.3204000000000002
4757,group_reduced_formula,1000,rf_starter_descriptors,0.86,1.1608
4760,group_reduced_formula,1000,rf_starter_descriptors,0.42,1.5255999999999994
4767,group_reduced_formula,1000,rf_starter_descriptors,1.8,1.1447999999999998
4781,group_reduced_formula,1000,rf_starter_descriptors,0.86,0.8363999999999997
4786,group_reduced_formula,1000,rf_starter_descriptors,0.14,0.9259999999999998
4788,group_reduced_formula,1000,rf_starter_descriptors,1.64,1.4196
4794,group_reduced_formula,1000,rf_starter_descriptors,3.18,2.0619999999999994
4839,group_reduced_formula,1000,rf_starter_descriptors,1.8,2.1060000000000003
4853,group_reduced_formula,1000,rf_starter_descriptors,0.2,1.6940000000000006
4881,group_reduced_formula,1000,rf_starter_descriptors,0.44,1.1220000000000006
4886,group_reduced_formula,1000,rf_starter_descriptors,0.68,0.9948000000000004
4903,group_reduced_formula,1000,rf_starter_descriptors,1.58,0.8383999999999997
4904,group_reduced_formula,1000,rf_starter_descriptors,2.12,2.762800000000001
4905,group_reduced_formula,1000,rf_starter_descriptors,0.04,1.1532000000000002
4910,group_reduced_formula,1000,rf_starter_descriptors,0.64,1.1171999999999997
4913,group_reduced_formula,1000,rf_starter_descriptors,2.0,1.1627999999999998
4922,group_reduced_formula,1000,rf_starter_descriptors,1.56,1.4623999999999997
4927,group_reduced_formula,1000,rf_starter_descriptors,2.88,2.2468
4937,group_reduced_formula,1000,rf_starter_descriptors,1.7,1.1156
4951,group_reduced_formula,1000,rf_starter_descriptors,1.72,1.0008000000000004
4957,group_reduced_formula,1000,rf_starter_descriptors,1.72,1.0176000000000003
4965,group_reduced_formula,1000,rf_starter_descriptors,1.22,1.0392000000000003
4978,group_reduced_formula,1000,rf_starter_descriptors,1.82,1.7031999999999994
4985,group_reduced_formula,1000,rf_starter_descriptors,1.92,1.7875999999999994
5006,group_reduced_formula,1000,rf_starter_descriptors,2.48,1.9967999999999995
5024,group_reduced_formula,1000,rf_starter_descriptors,3.56,2.384
5032,group_reduced_formula,1000,rf_starter_descriptors,2.68,2.3728
5035,group_reduced_formula,1000,rf_starter_descriptors,1.18,1.0023999999999995
5039,group_reduced_formula,1000,rf_starter_descriptors,1.62,1.4000000000000006
5041,group_reduced_formula,1000,rf_starter_descriptors,1.8,1.0396000000000003
5044,group_reduced_formula,1000,rf_starter_descriptors,1.08,1.516
5047,group_reduced_formula,1000,rf_starter_descriptors,0.78,1.1863999999999997
5051,group_reduced_formula,1000,rf_starter_descriptors,1.88,1.3288000000000002
5059,group_reduced_formula,1000,rf_starter_descriptors,0.94,0.9695999999999999
5061,group_reduced_formula,1000,rf_starter_descriptors,0.76,1.3904000000000005
5076,group_reduced_formula,1000,rf_starter_descriptors,0.7,0.9132000000000003
5078,group_reduced_formula,1000,rf_starter_descriptors,0.82,1.0211999999999997
5082,group_reduced_formula,1000,rf_starter_descriptors,2.1,1.69
5084,group_reduced_formula,1000,rf_starter_descriptors,1.78,1.8847999999999996
5086,group_reduced_formula,1000,rf_starter_descriptors,0.72,1.2080000000000002
5103,group_reduced_formula,1000,rf_starter_descriptors,2.5,1.8080000000000007
5110,group_reduced_formula,1000,rf_starter_descriptors,0.94,0.7196000000000001
5116,group_reduced_formula,1000,rf_starter_descriptors,0.16,1.0015999999999998
5122,group_reduced_formula,1000,rf_starter_descriptors,0.74,1.0260000000000005
5133,group_reduced_formula,1000,rf_starter_descriptors,3.42,1.6871999999999998
5137,group_reduced_formula,1000,rf_starter_descriptors,-0.16,0.5292000000000001
5144,group_reduced_formula,1000,rf_starter_descriptors,0.54,1.2663999999999995
5152,group_reduced_formula,1000,rf_starter_descriptors,2.76,2.3812
5157,group_reduced_formula,1000,rf_starter_descriptors,1.86,1.3048000000000008
5166,group_reduced_formula,1000,rf_starter_descriptors,0.96,0.9140000000000001
5168,group_reduced_formula,1000,rf_starter_descriptors,1.14,1.386
5175,group_reduced_formula,1000,rf_starter_descriptors,1.96,1.5127999999999997
5192,group_reduced_formula,1000,rf_starter_descriptors,1.32,1.5192000000000005
5195,group_reduced_formula,1000,rf_starter_descriptors,1.76,1.2459999999999998
5201,group_reduced_formula,1000,rf_starter_descriptors,0.62,1.4259999999999997
5211,group_reduced_formula,1000,rf_starter_descriptors,1.3,1.4224000000000006
5230,group_reduced_formula,1000,rf_starter_descriptors,1.06,1.6275999999999997
5232,group_reduced_formula,1000,rf_starter_descriptors,1.36,0.9104000000000002
5233,group_reduced_formula,1000,rf_starter_descriptors,0.96,2.5807999999999987
5239,group_reduced_formula,1000,rf_starter_descriptors,1.92,1.6084000000000003
5243,group_reduced_formula,1000,rf_starter_descriptors,1.24,1.6843999999999988
5244,group_reduced_formula,1000,rf_starter_descriptors,1.36,1.3472
5257,group_reduced_formula,1000,rf_starter_descriptors,2.24,1.3900000000000003
5273,group_reduced_formula,1000,rf_starter_descriptors,1.66,1.3052
5281,group_reduced_formula,1000,rf_starter_descriptors,1.9,1.4568
5286,group_reduced_formula,1000,rf_starter_descriptors,1.14,1.0948
5289,group_reduced_formula,1000,rf_starter_descriptors,2.08,1.8659999999999997
5294,group_reduced_formula,1000,rf_starter_descriptors,0.52,1.3115999999999999
5298,group_reduced_formula,1000,rf_starter_descriptors,1.5,2.4072
5308,group_reduced_formula,1000,rf_starter_descriptors,1.98,1.1676000000000002
5321,group_reduced_formula,1000,rf_starter_descriptors,1.02,1.1568000000000003
5326,group_reduced_formula,1000,rf_starter_descriptors,1.2,1.0255999999999998
5341,group_reduced_formula,1000,rf_starter_descriptors,0.9,1.1348000000000007
5350,group_reduced_formula,1000,rf_starter_descriptors,0.42,1.1383999999999994
5364,group_reduced_formula,1000,rf_starter_descriptors,3.34,2.928400000000001
5384,group_reduced_formula,1000,rf_starter_descriptors,1.52,1.8271999999999997
5412,group_reduced_formula,1000,rf_starter_descriptors,0.72,1.4491999999999998
5430,group_reduced_formula,1000,rf_starter_descriptors,1.44,1.226
5446,group_reduced_formula,1000,rf_starter_descriptors,1.32,1.5427999999999997
5448,group_reduced_formula,1000,rf_starter_descriptors,0.74,1.724
5454,group_reduced_formula,1000,rf_starter_descriptors,2.28,2.727600000000001
5456,group_reduced_formula,1000,rf_starter_descriptors,1.26,1.2176000000000007
5496,group_reduced_formula,1000,rf_starter_descriptors,0.5,1.5296
5507,group_reduced_formula,1000,rf_starter_descriptors,1.82,1.3951999999999993
5517,group_reduced_formula,1000,rf_starter_descriptors,1.18,1.4036000000000002
5518,group_reduced_formula,1000,rf_starter_descriptors,3.3,1.8156
5545,group_reduced_formula,1000,rf_starter_descriptors,0.84,1.6259999999999994
5548,group_reduced_formula,1000,rf_starter_descriptors,2.1,2.1772000000000005
5557,group_reduced_formula,1000,rf_starter_descriptors,0.9,1.2444000000000006
5587,group_reduced_formula,1000,rf_starter_descriptors,2.66,1.6824
5598,group_reduced_formula,1000,rf_starter_descriptors,3.92,2.0184
5600,group_reduced_formula,1000,rf_starter_descriptors,2.38,4.2432
5606,group_reduced_formula,1000,rf_starter_descriptors,1.66,1.3543999999999996
5608,group_reduced_formula,1000,rf_starter_descriptors,2.1,1.1739999999999995
5615,group_reduced_formula,1000,rf_starter_descriptors,1.02,1.1676000000000004
5632,group_reduced_formula,1000,rf_starter_descriptors,1.96,1.3647999999999998
5638,group_reduced_formula,1000,rf_starter_descriptors,1.82,1.7095999999999998
5652,group_reduced_formula,1000,rf_starter_descriptors,1.3,0.9856
5653,group_reduced_formula,1000,rf_starter_descriptors,1.8,1.2976
5677,group_reduced_formula,1000,rf_starter_descriptors,1.38,1.2227999999999997
5691,group_reduced_formula,1000,rf_starter_descriptors,0.94,1.3683999999999992
5693,group_reduced_formula,1000,rf_starter_descriptors,0.42,1.6712
5695,group_reduced_formula,1000,rf_starter_descriptors,0.32,1.2672000000000005
5717,group_reduced_formula,1000,rf_starter_descriptors,0.8,1.0952
5720,group_reduced_formula,1000,rf_starter_descriptors,1.86,1.7268000000000012
5724,group_reduced_formula,1000,rf_starter_descriptors,1.28,1.8636000000000001
5728,group_reduced_formula,1000,rf_starter_descriptors,1.08,1.2811999999999997
5738,group_reduced_formula,1000,rf_starter_descriptors,0.34,1.4579999999999995
5757,group_reduced_formula,1000,rf_starter_descriptors,1.38,1.0524000000000002
5760,group_reduced_formula,1000,rf_starter_descriptors,1.98,1.5919999999999994
5773,group_reduced_formula,1000,rf_starter_descriptors,1.9,1.8215999999999999
5788,group_reduced_formula,1000,rf_starter_descriptors,1.86,1.4267999999999994
5792,group_reduced_formula,1000,rf_starter_descriptors,1.88,1.6067999999999998
5813,group_reduced_formula,1000,rf_starter_descriptors,1.4,1.0008
5867,group_reduced_formula,1000,rf_starter_descriptors,1.88,1.3732
5868,group_reduced_formula,1000,rf_starter_descriptors,2.3,1.6803999999999997
5881,group_reduced_formula,1000,rf_starter_descriptors,1.32,1.4295999999999998
5887,group_reduced_formula,1000,rf_starter_descriptors,1.88,1.2860000000000003
5895,group_reduced_formula,1000,rf_starter_descriptors,0.96,1.0564000000000002
5904,group_reduced_formula,1000,rf_starter_descriptors,2.34,1.3139999999999998
5910,group_reduced_formula,1000,rf_starter_descriptors,0.3,1.1175999999999997
5913,group_reduced_formula,1000,rf_starter_descriptors,1.16,1.8615999999999997
5915,group_reduced_formula,1000,rf_starter_descriptors,0.64,0.9779999999999999
5944,group_reduced_formula,1000,rf_starter_descriptors,1.8,1.0884000000000005
5947,group_reduced_formula,1000,rf_starter_descriptors,0.62,1.7935999999999996
5957,group_reduced_formula,1000,rf_starter_descriptors,1.92,1.2979999999999996
5973,group_reduced_formula,1000,rf_starter_descriptors,1.44,1.66
5977,group_reduced_formula,1000,rf_starter_descriptors,0.72,1.1723999999999999
5988,group_reduced_formula,1000,rf_starter_descriptors,1.1,0.9551999999999993
5991,group_reduced_formula,1000,rf_starter_descriptors,1.16,1.4152
5995,group_reduced_formula,1000,rf_starter_descriptors,1.52,1.4927999999999995
6002,group_reduced_formula,1000,rf_starter_descriptors,0.68,1.6999999999999995
6006,group_reduced_formula,1000,rf_starter_descriptors,1.14,1.1795999999999998
6014,group_reduced_formula,1000,rf_starter_descriptors,0.98,0.8624
6023,group_reduced_formula,1000,rf_starter_descriptors,1.18,1.1395999999999997
6062,group_reduced_formula,1000,rf_starter_descriptors,1.96,2.0108000000000006
6063,group_reduced_formula,1000,rf_starter_descriptors,1.32,1.2748
6088,group_reduced_formula,1000,rf_starter_descriptors,2.24,1.4232000000000005
6090,group_reduced_formula,1000,rf_starter_descriptors,1.14,1.3291999999999995
6095,group_reduced_formula,1000,rf_starter_descriptors,1.06,1.0332000000000001
6097,group_reduced_formula,1000,rf_starter_descriptors,0.76,1.3044
6105,group_reduced_formula,1000,rf_starter_descriptors,1.6,0.9492000000000003
6112,group_reduced_formula,1000,rf_starter_descriptors,4.86,1.8179999999999996
6115,group_reduced_formula,1000,rf_starter_descriptors,2.04,1.0535999999999999
6120,group_reduced_formula,1000,rf_starter_descriptors,1.02,1.0444000000000004
6131,group_reduced_formula,1000,rf_starter_descriptors,0.48,1.5012000000000003
6132,group_reduced_formula,1000,rf_starter_descriptors,1.46,1.31
6135,group_reduced_formula,1000,rf_starter_descriptors,1.48,1.6336000000000004
6142,group_reduced_formula,1000,rf_starter_descriptors,0.68,1.1068000000000005
6164,group_reduced_formula,1000,rf_starter_descriptors,1.12,1.2111999999999994
6171,group_reduced_formula,1000,rf_starter_descriptors,1.38,1.0787999999999998
6175,group_reduced_formula,1000,rf_starter_descriptors,1.78,1.9599999999999997
6183,group_reduced_formula,1000,rf_starter_descriptors,1.66,1.3704000000000005
6197,group_reduced_formula,1000,rf_starter_descriptors,0.88,1.3615999999999995
6203,group_reduced_formula,1000,rf_starter_descriptors,0.98,1.5455999999999996
6205,group_reduced_formula,1000,rf_starter_descriptors,1.0,1.1368000000000003
6221,group_reduced_formula,1000,rf_starter_descriptors,0.32,1.3124
6235,group_reduced_formula,1000,rf_starter_descriptors,1.1,1.3476000000000006
6238,group_reduced_formula,1000,rf_starter_descriptors,1.62,1.0644000000000005
6255,group_reduced_formula,1000,rf_starter_descriptors,0.98,1.9492000000000005
6289,group_reduced_formula,1000,rf_starter_descriptors,1.56,1.7583999999999997
6322,group_reduced_formula,1000,rf_starter_descriptors,0.38,1.1712
6331,group_reduced_formula,1000,rf_starter_descriptors,0.88,0.9556000000000001
6345,group_reduced_formula,1000,rf_starter_descriptors,0.6,1.1599999999999997
6350,group_reduced_formula,1000,rf_starter_descriptors,1.76,1.3856000000000006
6369,group_reduced_formula,1000,rf_starter_descriptors,0.48,0.9704
6385,group_reduced_formula,1000,rf_starter_descriptors,0.9,1.8015999999999994
6388,group_reduced_formula,1000,rf_starter_descriptors,1.62,1.554
6399,group_reduced_formula,1000,rf_starter_descriptors,1.0,1.5316
6439,group_reduced_formula,1000,rf_starter_descriptors,1.7,1.3559999999999999
6440,group_reduced_formula,1000,rf_starter_descriptors,1.5,1.1768
6445,group_reduced_formula,1000,rf_starter_descriptors,1.32,1.2491999999999996
6455,group_reduced_formula,1000,rf_starter_descriptors,1.0,1.2608000000000001
6465,group_reduced_formula,1000,rf_starter_descriptors,1.56,1.8927999999999994
6472,group_reduced_formula,1000,rf_starter_descriptors,0.62,0.8152000000000003
6476,group_reduced_formula,1000,rf_starter_descriptors,1.72,1.2124
6483,group_reduced_formula,1000,rf_starter_descriptors,1.58,0.98
6487,group_reduced_formula,1000,rf_starter_descriptors,1.82,1.1504000000000003
6492,group_reduced_formula,1000,rf_starter_descriptors,0.86,1.6200000000000008
6494,group_reduced_formula,1000,rf_starter_descriptors,1.14,1.2072
6499,group_reduced_formula,1000,rf_starter_descriptors,0.86,1.6208000000000005
6500,group_reduced_formula,1000,rf_starter_descriptors,1.22,1.3332000000000006
6501,group_reduced_formula,1000,rf_starter_descriptors,1.32,1.2100000000000009
6524,group_reduced_formula,1000,rf_starter_descriptors,1.56,1.2343999999999995
6530,group_reduced_formula,1000,rf_starter_descriptors,0.5,1.2588000000000001
6544,group_reduced_formula,1000,rf_starter_descriptors,2.26,1.7892
6545,group_reduced_formula,1000,rf_starter_descriptors,2.8,2.3427999999999995
6553,group_reduced_formula,1000,rf_starter_descriptors,1.44,0.9068000000000004
6584,group_reduced_formula,1000,rf_starter_descriptors,2.84,1.5511999999999997
6601,group_reduced_formula,1000,rf_starter_descriptors,0.86,1.3816
6609,group_reduced_formula,1000,rf_starter_descriptors,1.1,1.1556
6613,group_reduced_formula,1000,rf_starter_descriptors,2.9,1.6392000000000002
6644,group_reduced_formula,1000,rf_starter_descriptors,1.14,1.2035999999999998
6645,group_reduced_formula,1000,rf_starter_descriptors,0.6,1.9308
6647,group_reduced_formula,1000,rf_starter_descriptors,1.48,1.2672000000000008
6654,group_reduced_formula,1000,rf_starter_descriptors,3.32,2.5632000000000006
6655,group_reduced_formula,1000,rf_starter_descriptors,0.66,0.9444000000000002
6660,group_reduced_formula,1000,rf_starter_descriptors,0.54,1.1867999999999999
6690,group_reduced_formula,1000,rf_starter_descriptors,1.24,2.9087999999999994
6692,group_reduced_formula,1000,rf_starter_descriptors,0.94,1.4080000000000006
6695,group_reduced_formula,1000,rf_starter_descriptors,1.18,0.9708
6710,group_reduced_formula,1000,rf_starter_descriptors,1.34,1.4296
6713,group_reduced_formula,1000,rf_starter_descriptors,3.08,1.0432000000000001
6725,group_reduced_formula,1000,rf_starter_descriptors,2.56,1.6868000000000003
6726,group_reduced_formula,1000,rf_starter_descriptors,1.04,1.0607999999999997
6740,group_reduced_formula,1000,rf_starter_descriptors,0.96,1.7080000000000002
6755,group_reduced_formula,1000,rf_starter_descriptors,0.72,0.6228
6758,group_reduced_formula,1000,rf_starter_descriptors,1.48,1.3836
6783,group_reduced_formula,1000,rf_starter_descriptors,1.16,0.9087999999999999
6796,group_reduced_formula,1000,rf_starter_descriptors,0.88,0.8215999999999994
6812,group_reduced_formula,1000,rf_starter_descriptors,1.04,1.1548
6817,group_reduced_formula,1000,rf_starter_descriptors,1.32,1.1592
6822,group_reduced_formula,1000,rf_starter_descriptors,1.7,1.6307999999999998
6836,group_reduced_formula,1000,rf_starter_descriptors,0.36,1.8600000000000005
6839,group_reduced_formula,1000,rf_starter_descriptors,0.78,0.7664
6845,group_reduced_formula,1000,rf_starter_descriptors,2.48,2.603599999999999
6848,group_reduced_formula,1000,rf_starter_descriptors,-0.14,1.8628000000000007
6854,group_reduced_formula,1000,rf_starter_descriptors,2.4,1.3352000000000002
6870,group_reduced_formula,1000,rf_starter_descriptors,0.84,0.894
6875,group_reduced_formula,1000,rf_starter_descriptors,1.74,2.1948000000000003
6881,group_reduced_formula,1000,rf_starter_descriptors,3.28,2.0384
6887,group_reduced_formula,1000,rf_starter_descriptors,0.88,0.8972000000000001
6893,group_reduced_formula,1000,rf_starter_descriptors,0.66,0.9620000000000003
6914,group_reduced_formula,1000,rf_starter_descriptors,2.58,1.2864000000000007
6917,group_reduced_formula,1000,rf_starter_descriptors,2.0,1.3051999999999995
6934,group_reduced_formula,1000,rf_starter_descriptors,1.1,1.0115999999999998
6961,group_reduced_formula,1000,rf_starter_descriptors,-0.14,1.5199999999999998
6970,group_reduced_formula,1000,rf_starter_descriptors,1.76,1.4168
6987,group_reduced_formula,1000,rf_starter_descriptors,1.22,1.4964
7012,group_reduced_formula,1000,rf_starter_descriptors,1.72,1.3183999999999996
7015,group_reduced_formula,1000,rf_starter_descriptors,0.2,1.0024000000000004
7038,group_reduced_formula,1000,rf_starter_descriptors,1.3,1.0708000000000002
7043,group_reduced_formula,1000,rf_starter_descriptors,0.94,1.0096
7050,group_reduced_formula,1000,rf_starter_descriptors,1.48,1.9656000000000007
7059,group_reduced_formula,1000,rf_starter_descriptors,1.84,1.4392000000000003
7082,group_reduced_formula,1000,rf_starter_descriptors,0.66,1.1748
7138,group_reduced_formula,1000,rf_starter_descriptors,1.74,1.2988
7155,group_reduced_formula,1000,rf_starter_descriptors,2.4,1.7224000000000004
7161,group_reduced_formula,1000,rf_starter_descriptors,2.06,1.9203999999999999
7171,group_reduced_formula,1000,rf_starter_descriptors,0.64,1.4320000000000002
7180,group_reduced_formula,1000,rf_starter_descriptors,1.48,1.5264000000000002
7181,group_reduced_formula,1000,rf_starter_descriptors,1.36,1.2051999999999996
7182,group_reduced_formula,1000,rf_starter_descriptors,2.38,0.9736
7183,group_reduced_formula,1000,rf_starter_descriptors,0.58,1.2431999999999996
7194,group_reduced_formula,1000,rf_starter_descriptors,1.44,1.138800000000001
7203,group_reduced_formula,1000,rf_starter_descriptors,1.48,0.9308000000000001
7204,group_reduced_formula,1000,rf_starter_descriptors,1.36,0.9607999999999999
7213,group_reduced_formula,1000,rf_starter_descriptors,0.76,1.4780000000000002
7217,group_reduced_formula,1000,rf_starter_descriptors,0.4,2.082
7218,group_reduced_formula,1000,rf_starter_descriptors,0.78,1.5107999999999993
7223,group_reduced_formula,1000,rf_starter_descriptors,0.96,1.5484000000000009
7229,group_reduced_formula,1000,rf_starter_descriptors,0.7,0.7500000000000001
7240,group_reduced_formula,1000,rf_starter_descriptors,0.64,1.0548000000000004
7261,group_reduced_formula,1000,rf_starter_descriptors,1.62,1.5436
7264,group_reduced_formula,1000,rf_starter_descriptors,1.7,1.9124
7275,group_reduced_formula,1000,rf_starter_descriptors,1.5,1.7620000000000005
7279,group_reduced_formula,1000,rf_starter_descriptors,1.02,1.1475999999999997
7280,group_reduced_formula,1000,rf_starter_descriptors,0.84,1.1572000000000005
7299,group_reduced_formula,1000,rf_starter_descriptors,2.68,2.1056
7302,group_reduced_formula,1000,rf_starter_descriptors,1.98,1.0715999999999997
7317,group_reduced_formula,1000,rf_starter_descriptors,1.44,1.2615999999999996
7324,group_reduced_formula,1000,rf_starter_descriptors,0.54,1.2556000000000003
7339,group_reduced_formula,1000,rf_starter_descriptors,1.52,1.4207999999999996
7350,group_reduced_formula,1000,rf_starter_descriptors,2.06,1.1647999999999998
7364,group_reduced_formula,1000,rf_starter_descriptors,0.18,1.1688
7373,group_reduced_formula,1000,rf_starter_descriptors,3.24,2.0491999999999995
7384,group_reduced_formula,1000,rf_starter_descriptors,1.66,2.629199999999999
7386,group_reduced_formula,1000,rf_starter_descriptors,0.3,1.5643999999999998
7403,group_reduced_formula,1000,rf_starter_descriptors,0.98,2.106799999999999
7414,group_reduced_formula,1000,rf_starter_descriptors,1.9,1.8712
7420,group_reduced_formula,1000,rf_starter_descriptors,1.74,1.1232000000000004
7424,group_reduced_formula,1000,rf_starter_descriptors,0.1,1.1995999999999996
7433,group_reduced_formula,1000,rf_starter_descriptors,3.6,1.4943999999999997
7434,group_reduced_formula,1000,rf_starter_descriptors,1.22,2.294
7439,group_reduced_formula,1000,rf_starter_descriptors,1.04,1.4196
7442,group_reduced_formula,1000,rf_starter_descriptors,1.68,1.3492000000000002
7448,group_reduced_formula,1000,rf_starter_descriptors,1.66,1.9431999999999996
7456,group_reduced_formula,1000,rf_starter_descriptors,1.86,1.7016000000000004
7459,group_reduced_formula,1000,rf_starter_descriptors,0.56,1.1612
7474,group_reduced_formula,1000,rf_starter_descriptors,1.1,1.3803999999999998
7479,group_reduced_formula,1000,rf_starter_descriptors,0.18,0.9104000000000002
7486,group_reduced_formula,1000,rf_starter_descriptors,1.04,1.4171999999999993
7509,group_reduced_formula,1000,rf_starter_descriptors,1.08,1.6048000000000011
7510,group_reduced_formula,1000,rf_starter_descriptors,2.74,1.4652000000000007
7520,group_reduced_formula,1000,rf_starter_descriptors,2.36,0.8548000000000004
7523,group_reduced_formula,1000,rf_starter_descriptors,1.74,1.5951999999999995
7529,group_reduced_formula,1000,rf_starter_descriptors,2.02,1.7928000000000004
7534,group_reduced_formula,1000,rf_starter_descriptors,1.98,1.0031999999999996
7542,group_reduced_formula,1000,rf_starter_descriptors,1.04,1.0467999999999997
7545,group_reduced_formula,1000,rf_starter_descriptors,1.4,1.5215999999999996
7547,group_reduced_formula,1000,rf_starter_descriptors,1.52,1.0148000000000001
7570,group_reduced_formula,1000,rf_starter_descriptors,0.34,1.2548000000000001
7571,group_reduced_formula,1000,rf_starter_descriptors,1.44,1.3896000000000006
7575,group_reduced_formula,1000,rf_starter_descriptors,1.78,1.8464
7586,group_reduced_formula,1000,rf_starter_descriptors,1.4,1.5091999999999999
7589,group_reduced_formula,1000,rf_starter_descriptors,1.28,1.5043999999999997
7591,group_reduced_formula,1000,rf_starter_descriptors,1.54,2.223199999999998
7605,group_reduced_formula,1000,rf_starter_descriptors,2.82,2.0620000000000003
7619,group_reduced_formula,1000,rf_starter_descriptors,2.9,1.4084
7632,group_reduced_formula,1000,rf_starter_descriptors,1.36,1.6464
7639,group_reduced_formula,1000,rf_starter_descriptors,0.64,1.018
7653,group_reduced_formula,1000,rf_starter_descriptors,2.7,1.7204
7659,group_reduced_formula,1000,rf_starter_descriptors,1.38,1.6228
7666,group_reduced_formula,1000,rf_starter_descriptors,1.14,1.9051999999999987
7673,group_reduced_formula,1000,rf_starter_descriptors,2.14,2.0800000000000005
7680,group_reduced_formula,1000,rf_starter_descriptors,0.98,0.9728000000000001
7686,group_reduced_formula,1000,rf_starter_descriptors,1.24,1.1331999999999995
7687,group_reduced_formula,1000,rf_starter_descriptors,1.64,1.4332000000000005
7694,group_reduced_formula,1000,rf_starter_descriptors,2.56,1.5991999999999995
7696,group_reduced_formula,1000,rf_starter_descriptors,0.86,1.6280000000000001
7708,group_reduced_formula,1000,rf_starter_descriptors,2.58,2.1175999999999995
7723,group_reduced_formula,1000,rf_starter_descriptors,1.0,1.1695999999999998
7732,group_reduced_formula,1000,rf_starter_descriptors,0.68,1.33
7739,group_reduced_formula,1000,rf_starter_descriptors,0.84,0.8203999999999999
7742,group_reduced_formula,1000,rf_starter_descriptors,1.26,1.2940000000000003
7748,group_reduced_formula,1000,rf_starter_descriptors,2.58,2.787600000000001
7753,group_reduced_formula,1000,rf_starter_descriptors,2.08,1.8044000000000013
7791,group_reduced_formula,1000,rf_starter_descriptors,1.58,1.0504
7813,group_reduced_formula,1000,rf_starter_descriptors,1.82,1.5967999999999998
7836,group_reduced_formula,1000,rf_starter_descriptors,1.18,1.5899999999999996
7850,group_reduced_formula,1000,rf_starter_descriptors,1.72,1.9104000000000005
7856,group_reduced_formula,1000,rf_starter_descriptors,0.86,1.6383999999999994
7883,group_reduced_formula,1000,rf_starter_descriptors,1.04,1.2555999999999996
7887,group_reduced_formula,1000,rf_starter_descriptors,3.46,2.45
7892,group_reduced_formula,1000,rf_starter_descriptors,1.44,1.3548000000000004
7894,group_reduced_formula,1000,rf_starter_descriptors,2.84,2.3567999999999993
7899,group_reduced_formula,1000,rf_starter_descriptors,1.0,1.2588000000000006
7914,group_reduced_formula,1000,rf_starter_descriptors,1.8,1.3083999999999998
7928,group_reduced_formula,1000,rf_starter_descriptors,0.84,0.7675999999999996
7930,group_reduced_formula,1000,rf_starter_descriptors,0.5,0.7147999999999999
7952,group_reduced_formula,1000,rf_starter_descriptors,2.28,1.5464000000000004
7962,group_reduced_formula,1000,rf_starter_descriptors,1.0,1.2060000000000002
7963,group_reduced_formula,1000,rf_starter_descriptors,1.24,1.0880000000000003
7969,group_reduced_formula,1000,rf_starter_descriptors,1.14,1.2104
7972,group_reduced_formula,1000,rf_starter_descriptors,1.52,1.4939999999999989
7987,group_reduced_formula,1000,rf_starter_descriptors,1.38,2.228399999999999
8004,group_reduced_formula,1000,rf_starter_descriptors,2.64,2.6079999999999988
8035,group_reduced_formula,1000,rf_starter_descriptors,1.54,1.6435999999999993
8040,group_reduced_formula,1000,rf_starter_descriptors,2.12,1.8664
8042,group_reduced_formula,1000,rf_starter_descriptors,1.54,1.1352
8047,group_reduced_formula,1000,rf_starter_descriptors,1.02,1.2844
8055,group_reduced_formula,1000,rf_starter_descriptors,1.36,1.3143999999999993
8059,group_reduced_formula,1000,rf_starter_descriptors,1.92,1.3135999999999999
8092,group_reduced_formula,1000,rf_starter_descriptors,1.34,1.0648
8104,group_reduced_formula,1000,rf_starter_descriptors,1.06,0.6576000000000002
8105,group_reduced_formula,1000,rf_starter_descriptors,1.24,1.067199999999999
8106,group_reduced_formula,1000,rf_starter_descriptors,1.62,1.4603999999999993
8125,group_reduced_formula,1000,rf_starter_descriptors,2.46,3.4808
8127,group_reduced_formula,1000,rf_starter_descriptors,1.8,1.5255999999999998
8130,group_reduced_formula,1000,rf_starter_descriptors,2.24,1.5415999999999999
8151,group_reduced_formula,1000,rf_starter_descriptors,0.84,1.2832000000000001
8159,group_reduced_formula,1000,rf_starter_descriptors,1.46,1.2651999999999999
8166,group_reduced_formula,1000,rf_starter_descriptors,1.1,1.1159999999999999
8170,group_reduced_formula,1000,rf_starter_descriptors,1.0,1.3515999999999997
8175,group_reduced_formula,1000,rf_starter_descriptors,0.48,1.4660000000000002
8190,group_reduced_formula,1000,rf_starter_descriptors,1.5,1.1924000000000001
8194,group_reduced_formula,1000,rf_starter_descriptors,1.56,1.4684000000000006
8203,group_reduced_formula,1000,rf_starter_descriptors,0.94,1.2611999999999997
8205,group_reduced_formula,1000,rf_starter_descriptors,3.4,2.4019999999999997
8264,group_reduced_formula,1000,rf_starter_descriptors,1.36,1.2743999999999998
8272,group_reduced_formula,1000,rf_starter_descriptors,2.0,1.5344000000000007
8274,group_reduced_formula,1000,rf_starter_descriptors,1.14,1.2943999999999998
8276,group_reduced_formula,1000,rf_starter_descriptors,0.86,1.6584000000000003
8277,group_reduced_formula,1000,rf_starter_descriptors,0.82,2.1176000000000004
8298,group_reduced_formula,1000,rf_starter_descriptors,1.62,0.8640000000000003
8303,group_reduced_formula,1000,rf_starter_descriptors,2.88,1.6700000000000006
8312,group_reduced_formula,1000,rf_starter_descriptors,0.5,1.5220000000000002
8315,group_reduced_formula,1000,rf_starter_descriptors,1.86,1.834
8330,group_reduced_formula,1000,rf_starter_descriptors,1.54,1.5260000000000007
8345,group_reduced_formula,1000,rf_starter_descriptors,0.52,1.5323999999999995
8389,group_reduced_formula,1000,rf_starter_descriptors,1.8,1.392
8390,group_reduced_formula,1000,rf_starter_descriptors,1.18,1.0743999999999998
8399,group_reduced_formula,1000,rf_starter_descriptors,1.86,1.5763999999999996
8404,group_reduced_formula,1000,rf_starter_descriptors,0.8,1.9204000000000006
8413,group_reduced_formula,1000,rf_starter_descriptors,1.52,1.3647999999999998
8423,group_reduced_formula,1000,rf_starter_descriptors,0.74,0.9720000000000002
8429,group_reduced_formula,1000,rf_starter_descriptors,0.9,1.3775999999999997
8430,group_reduced_formula,1000,rf_starter_descriptors,0.46,1.6328000000000003
8435,group_reduced_formula,1000,rf_starter_descriptors,0.88,1.2908
8439,group_reduced_formula,1000,rf_starter_descriptors,1.3,1.2979999999999996
8451,group_reduced_formula,1000,rf_starter_descriptors,1.66,1.6256
8459,group_reduced_formula,1000,rf_starter_descriptors,1.14,1.1223999999999998
8464,group_reduced_formula,1000,rf_starter_descriptors,2.94,2.3096
8483,group_reduced_formula,1000,rf_starter_descriptors,0.68,0.8471999999999995
8487,group_reduced_formula,1000,rf_starter_descriptors,0.52,1.3943999999999996
8489,group_reduced_formula,1000,rf_starter_descriptors,1.22,1.0272000000000003
8499,group_reduced_formula,1000,rf_starter_descriptors,2.52,1.7915999999999999
8529,group_reduced_formula,1000,rf_starter_descriptors,1.84,2.4971999999999985
8538,group_reduced_formula,1000,rf_starter_descriptors,1.38,1.2432000000000003
8574,group_reduced_formula,1000,rf_starter_descriptors,1.54,1.1904
8575,group_reduced_formula,1000,rf_starter_descriptors,1.94,1.6084000000000005
8578,group_reduced_formula,1000,rf_starter_descriptors,2.84,1.7423999999999993
8602,group_reduced_formula,1000,rf_starter_descriptors,1.5,1.2239999999999993
8605,group_reduced_formula,1000,rf_starter_descriptors,0.74,1.0772000000000002
8630,group_reduced_formula,1000,rf_starter_descriptors,2.24,1.6764000000000003
8640,group_reduced_formula,1000,rf_starter_descriptors,0.38,1.389199999999999
8656,group_reduced_formula,1000,rf_starter_descriptors,1.94,2.341199999999999
8659,group_reduced_formula,1000,rf_starter_descriptors,1.78,1.1191999999999998
8684,group_reduced_formula,1000,rf_starter_descriptors,2.46,1.8691999999999995
8686,group_reduced_formula,1000,rf_starter_descriptors,2.76,2.4211999999999985
8691,group_reduced_formula,1000,rf_starter_descriptors,1.18,1.0223999999999998
8712,group_reduced_formula,1000,rf_starter_descriptors,1.32,1.2211999999999998
8726,group_reduced_formula,1000,rf_starter_descriptors,0.76,1.1760000000000004
8741,group_reduced_formula,1000,rf_starter_descriptors,1.38,1.1720000000000002
8754,group_reduced_formula,1000,rf_starter_descriptors,1.22,1.2979999999999998
8757,group_reduced_formula,1000,rf_starter_descriptors,0.9,1.3948000000000005
8758,group_reduced_formula,1000,rf_starter_descriptors,1.88,1.378
8766,group_reduced_formula,1000,rf_starter_descriptors,1.6,1.2420000000000007
8793,group_reduced_formula,1000,rf_starter_descriptors,1.26,2.359200000000001
8798,group_reduced_formula,1000,rf_starter_descriptors,1.44,2.1031999999999997
8804,group_reduced_formula,1000,rf_starter_descriptors,1.86,1.6376
8808,group_reduced_formula,1000,rf_starter_descriptors,1.82,0.8808000000000001
8852,group_reduced_formula,1000,rf_starter_descriptors,1.24,1.2344
8859,group_reduced_formula,1000,rf_starter_descriptors,1.54,1.0127999999999997
8869,group_reduced_formula,1000,rf_starter_descriptors,1.08,1.2195999999999998
8871,group_reduced_formula,1000,rf_starter_descriptors,2.02,1.7844
8879,group_reduced_formula,1000,rf_starter_descriptors,1.32,1.8932000000000009
8886,group_reduced_formula,1000,rf_starter_descriptors,1.04,1.2804000000000002
8891,group_reduced_formula,1000,rf_starter_descriptors,0.9,1.2891999999999997
8902,group_reduced_formula,1000,rf_starter_descriptors,0.98,0.872
8905,group_reduced_formula,1000,rf_starter_descriptors,1.18,0.9207999999999998
8910,group_reduced_formula,1000,rf_starter_descriptors,1.52,1.1091999999999997
8911,group_reduced_formula,1000,rf_starter_descriptors,1.56,1.5352
8917,group_reduced_formula,1000,rf_starter_descriptors,2.64,2.4000000000000004
8943,group_reduced_formula,1000,rf_starter_descriptors,0.36,1.204
8947,group_reduced_formula,1000,rf_starter_descriptors,0.86,1.5383999999999995
8952,group_reduced_formula,1000,rf_starter_descriptors,1.4,1.3860000000000008
8956,group_reduced_formula,1000,rf_starter_descriptors,1.18,1.0535999999999996
8978,group_reduced_formula,1000,rf_starter_descriptors,0.74,1.3388000000000002
8995,group_reduced_formula,1000,rf_starter_descriptors,1.06,1.1440000000000001
8996,group_reduced_formula,1000,rf_starter_descriptors,1.86,1.328
9005,group_reduced_formula,1000,rf_starter_descriptors,1.58,1.5068000000000001
9008,group_reduced_formula,1000,rf_starter_descriptors,1.7,1.6980000000000004
9022,group_reduced_formula,1000,rf_starter_descriptors,2.62,1.6556000000000006
9033,group_reduced_formula,1000,rf_starter_descriptors,0.46,1.9816000000000003
9043,group_reduced_formula,1000,rf_starter_descriptors,2.74,2.6135999999999995
9049,group_reduced_formula,1000,rf_starter_descriptors,0.78,0.8332
9053,group_reduced_formula,1000,rf_starter_descriptors,1.22,1.1831999999999996
9062,group_reduced_formula,1000,rf_starter_descriptors,1.14,1.2376000000000007
9088,group_reduced_formula,1000,rf_starter_descriptors,1.6,0.8611999999999997
9096,group_reduced_formula,1000,rf_starter_descriptors,1.1,1.0208
9115,group_reduced_formula,1000,rf_starter_descriptors,0.54,1.1783999999999997
9132,group_reduced_formula,1000,rf_starter_descriptors,0.58,1.2636000000000005
9137,group_reduced_formula,1000,rf_starter_descriptors,2.32,1.7799999999999998
9155,group_reduced_formula,1000,rf_starter_descriptors,0.8,1.7135999999999996
9158,group_reduced_formula,1000,rf_starter_descriptors,1.56,1.7248
9181,group_reduced_formula,1000,rf_starter_descriptors,1.76,1.1675999999999997
9189,group_reduced_formula,1000,rf_starter_descriptors,1.02,1.6768
9190,group_reduced_formula,1000,rf_starter_descriptors,2.96,1.867199999999999
9191,group_reduced_formula,1000,rf_starter_descriptors,1.64,1.7640000000000002
9215,group_reduced_formula,1000,rf_starter_descriptors,0.96,2.6487999999999996
9218,group_reduced_formula,1000,rf_starter_descriptors,1.1,1.2739999999999996
9219,group_reduced_formula,1000,rf_starter_descriptors,2.12,1.258
9229,group_reduced_formula,1000,rf_starter_descriptors,2.68,2.1084000000000005
9231,group_reduced_formula,1000,rf_starter_descriptors,1.54,1.1139999999999999
9249,group_reduced_formula,1000,rf_starter_descriptors,1.76,1.7180000000000002
9255,group_reduced_formula,1000,rf_starter_descriptors,1.88,1.6275999999999997
9258,group_reduced_formula,1000,rf_starter_descriptors,3.0,2.1348
9276,group_reduced_formula,1000,rf_starter_descriptors,0.28,1.0851999999999997
9278,group_reduced_formula,1000,rf_starter_descriptors,1.16,0.9416000000000002
9296,group_reduced_formula,1000,rf_starter_descriptors,1.58,1.4940000000000007
9306,group_reduced_formula,1000,rf_starter_descriptors,0.62,2.5111999999999997
9316,group_reduced_formula,1000,rf_starter_descriptors,2.82,1.3167999999999997
9325,group_reduced_formula,1000,rf_starter_descriptors,1.72,0.7815999999999999
9333,group_reduced_formula,1000,rf_starter_descriptors,1.26,1.2212000000000003
9355,group_reduced_formula,1000,rf_starter_descriptors,2.1,1.2360000000000004
9366,group_reduced_formula,1000,rf_starter_descriptors,2.3,1.1700000000000004
9367,group_reduced_formula,1000,rf_starter_descriptors,2.5,3.0227999999999993
9376,group_reduced_formula,1000,rf_starter_descriptors,1.98,1.4520000000000008
9378,group_reduced_formula,1000,rf_starter_descriptors,0.58,2.258399999999999
9404,group_reduced_formula,1000,rf_starter_descriptors,1.86,1.9016
9416,group_reduced_formula,1000,rf_starter_descriptors,0.84,1.0912000000000002
9417,group_reduced_formula,1000,rf_starter_descriptors,1.42,1.2303999999999995
9428,group_reduced_formula,1000,rf_starter_descriptors,1.98,1.8068000000000006
9437,group_reduced_formula,1000,rf_starter_descriptors,2.14,1.8036000000000003
9439,group_reduced_formula,1000,rf_starter_descriptors,0.92,2.1744000000000003
9441,group_reduced_formula,1000,rf_starter_descriptors,1.02,1.9215999999999998
9453,group_reduced_formula,1000,rf_starter_descriptors,1.98,1.1904000000000006
9461,group_reduced_formula,1000,rf_starter_descriptors,1.16,1.2028
9475,group_reduced_formula,1000,rf_starter_descriptors,1.56,1.1260000000000003
9476,group_reduced_formula,1000,rf_starter_descriptors,1.32,2.9379999999999997
9487,group_reduced_formula,1000,rf_starter_descriptors,1.22,1.9036000000000004
9490,group_reduced_formula,1000,rf_starter_descriptors,1.7,1.3308000000000009
9495,group_reduced_formula,1000,rf_starter_descriptors,0.58,0.8908000000000001
9524,group_reduced_formula,1000,rf_starter_descriptors,1.22,1.739199999999999
9527,group_reduced_formula,1000,rf_starter_descriptors,2.06,1.875999999999999
9533,group_reduced_formula,1000,rf_starter_descriptors,1.64,1.5976000000000001
9557,group_reduced_formula,1000,rf_starter_descriptors,1.88,1.8927999999999985
9564,group_reduced_formula,1000,rf_starter_descriptors,1.16,1.144
9568,group_reduced_formula,1000,rf_starter_descriptors,1.32,1.1308
9571,group_reduced_formula,1000,rf_starter_descriptors,1.44,1.6420000000000003
9579,group_reduced_formula,1000,rf_starter_descriptors,1.56,1.6764000000000001
9593,group_reduced_formula,1000,rf_starter_descriptors,0.52,1.444
9596,group_reduced_formula,1000,rf_starter_descriptors,1.64,1.3828
9604,group_reduced_formula,1000,rf_starter_descriptors,3.06,2.1908
9605,group_reduced_formula,1000,rf_starter_descriptors,0.98,0.9423999999999997
9613,group_reduced_formula,1000,rf_starter_descriptors,3.56,3.3364
9614,group_reduced_formula,1000,rf_starter_descriptors,0.38,1.3888
9621,group_reduced_formula,1000,rf_starter_descriptors,1.4,1.2728
9630,group_reduced_formula,1000,rf_starter_descriptors,1.48,1.2523999999999997
9639,group_reduced_formula,1000,rf_starter_descriptors,0.42,1.9240000000000002
9647,group_reduced_formula,1000,rf_starter_descriptors,0.42,1.5803999999999994
9673,group_reduced_formula,1000,rf_starter_descriptors,1.46,1.2012000000000003
9685,group_reduced_formula,1000,rf_starter_descriptors,3.34,2.9524
9686,group_reduced_formula,1000,rf_starter_descriptors,1.68,1.6703999999999999
9696,group_reduced_formula,1000,rf_starter_descriptors,0.84,1.1795999999999995
9698,group_reduced_formula,1000,rf_starter_descriptors,1.18,1.1552
9699,group_reduced_formula,1000,rf_starter_descriptors,1.14,1.3751999999999995
9711,group_reduced_formula,1000,rf_starter_descriptors,0.78,0.9339999999999996
9714,group_reduced_formula,1000,rf_starter_descriptors,3.74,1.7403999999999997
9725,group_reduced_formula,1000,rf_starter_descriptors,1.86,1.9212000000000007
9732,group_reduced_formula,1000,rf_starter_descriptors,0.96,1.4348
9737,group_reduced_formula,1000,rf_starter_descriptors,2.26,1.4816000000000005
9739,group_reduced_formula,1000,rf_starter_descriptors,0.96,0.9228000000000002
9772,group_reduced_formula,1000,rf_starter_descriptors,1.64,1.5943999999999994
9775,group_reduced_formula,1000,rf_starter_descriptors,0.94,1.3332000000000002
9794,group_reduced_formula,1000,rf_starter_descriptors,1.4,1.2776
9818,group_reduced_formula,1000,rf_starter_descriptors,2.02,1.6188000000000002
9819,group_reduced_formula,1000,rf_starter_descriptors,2.12,1.7508000000000001
9835,group_reduced_formula,1000,rf_starter_descriptors,1.64,1.0939999999999999
9845,group_reduced_formula,1000,rf_starter_descriptors,1.46,0.9955999999999999
9852,group_reduced_formula,1000,rf_starter_descriptors,1.72,1.3240000000000003
9862,group_reduced_formula,1000,rf_starter_descriptors,2.44,1.3695999999999995
9863,group_reduced_formula,1000,rf_starter_descriptors,0.92,1.5331999999999997
9888,group_reduced_formula,1000,rf_starter_descriptors,1.22,2.125599999999999
9893,group_reduced_formula,1000,rf_starter_descriptors,1.84,1.5951999999999993
9903,group_reduced_formula,1000,rf_starter_descriptors,1.48,0.9827999999999997
9912,group_reduced_formula,1000,rf_starter_descriptors,1.46,1.2056
9922,group_reduced_formula,1000,rf_starter_descriptors,3.52,3.337599999999999
9926,group_reduced_formula,1000,rf_starter_descriptors,1.74,0.8472
9930,group_reduced_formula,1000,rf_starter_descriptors,1.14,1.2568000000000001
9936,group_reduced_formula,1000,rf_starter_descriptors,2.74,1.7507999999999995
9943,group_reduced_formula,1000,rf_starter_descriptors,1.7,1.1659999999999997
9948,group_reduced_formula,1000,rf_starter_descriptors,0.38,1.1811999999999998
9950,group_reduced_formula,1000,rf_starter_descriptors,1.74,1.7116000000000002
9965,group_reduced_formula,1000,rf_starter_descriptors,2.0,1.1332
9968,group_reduced_formula,1000,rf_starter_descriptors,4.12,2.0235999999999987
9977,group_reduced_formula,1000,rf_starter_descriptors,0.8,1.1355999999999997
9983,group_reduced_formula,1000,rf_starter_descriptors,0.72,1.6399999999999997
10037,group_reduced_formula,1000,rf_starter_descriptors,0.7,1.1776
10038,group_reduced_formula,1000,rf_starter_descriptors,1.88,1.3036
10053,group_reduced_formula,1000,rf_starter_descriptors,2.0,2.2227999999999994
10058,group_reduced_formula,1000,rf_starter_descriptors,1.36,2.0348
10063,group_reduced_formula,1000,rf_starter_descriptors,1.06,1.3359999999999999
10078,group_reduced_formula,1000,rf_starter_descriptors,1.4,1.6915999999999998
10081,group_reduced_formula,1000,rf_starter_descriptors,0.2,1.3504000000000005
10088,group_reduced_formula,1000,rf_starter_descriptors,1.8,1.3316
10113,group_reduced_formula,1000,rf_starter_descriptors,2.38,1.0960000000000005
10125,group_reduced_formula,1000,rf_starter_descriptors,1.28,1.3475999999999997
10131,group_reduced_formula,1000,rf_starter_descriptors,2.14,1.8708
10140,group_reduced_formula,1000,rf_starter_descriptors,1.42,1.4740000000000004
10142,group_reduced_formula,1000,rf_starter_descriptors,1.18,1.2376000000000007
10151,group_reduced_formula,1000,rf_starter_descriptors,1.0,1.1891999999999998
10155,group_reduced_formula,1000,rf_starter_descriptors,0.6,1.2204000000000006
10168,group_reduced_formula,1000,rf_starter_descriptors,0.36,0.8440000000000002
10175,group_reduced_formula,1000,rf_starter_descriptors,3.54,2.1971999999999987
10183,group_reduced_formula,1000,rf_starter_descriptors,1.46,1.3688000000000005
10207,group_reduced_formula,1000,rf_starter_descriptors,2.1,1.3971999999999998
10209,group_reduced_formula,1000,rf_starter_descriptors,1.6,1.6236
10231,group_reduced_formula,1000,rf_starter_descriptors,3.44,2.4787999999999983
10233,group_reduced_formula,1000,rf_starter_descriptors,0.38,1.6884000000000006
10240,group_reduced_formula,1000,rf_starter_descriptors,1.76,1.4724000000000002
10244,group_reduced_formula,1000,rf_starter_descriptors,1.76,1.3963999999999999
10261,group_reduced_formula,1000,rf_starter_descriptors,3.82,2.337999999999999
10292,group_reduced_formula,1000,rf_starter_descriptors,1.12,1.1523999999999999
10295,group_reduced_formula,1000,rf_starter_descriptors,2.02,1.4267999999999994
10296,group_reduced_formula,1000,rf_starter_descriptors,2.06,1.8116000000000003
10307,group_reduced_formula,1000,rf_starter_descriptors,0.6,1.2123999999999997
10323,group_reduced_formula,1000,rf_starter_descriptors,1.4,2.257199999999999
10327,group_reduced_formula,1000,rf_starter_descriptors,1.44,1.9264000000000001
10328,group_reduced_formula,1000,rf_starter_descriptors,1.56,0.8524
10329,group_reduced_formula,1000,rf_starter_descriptors,0.68,0.816
10330,group_reduced_formula,1000,rf_starter_descriptors,1.9,1.6208000000000007
10336,group_reduced_formula,1000,rf_starter_descriptors,0.96,1.2932000000000006
10340,group_reduced_formula,1000,rf_starter_descriptors,1.6,1.5099999999999991
10358,group_reduced_formula,1000,rf_starter_descriptors,2.48,0.9592000000000002
10364,group_reduced_formula,1000,rf_starter_descriptors,1.6,1.3084
10365,group_reduced_formula,1000,rf_starter_descriptors,0.5,1.0312000000000006
10395,group_reduced_formula,1000,rf_starter_descriptors,1.5,1.6996
10403,group_reduced_formula,1000,rf_starter_descriptors,2.06,1.4616
10405,group_reduced_formula,1000,rf_starter_descriptors,2.08,1.0347999999999997
10416,group_reduced_formula,1000,rf_starter_descriptors,1.78,2.223599999999999
10422,group_reduced_formula,1000,rf_starter_descriptors,1.38,1.5487999999999993
10440,group_reduced_formula,1000,rf_starter_descriptors,3.14,2.601599999999999
10476,group_reduced_formula,1000,rf_starter_descriptors,1.22,1.1308
10484,group_reduced_formula,1000,rf_starter_descriptors,0.5,0.9507999999999996
10500,group_reduced_formula,1000,rf_starter_descriptors,0.9,0.9815999999999998
10503,group_reduced_formula,1000,rf_starter_descriptors,1.18,1.6944
10510,group_reduced_formula,1000,rf_starter_descriptors,0.58,1.2827999999999997
10534,group_reduced_formula,1000,rf_starter_descriptors,1.0,0.9948
10536,group_reduced_formula,1000,rf_starter_descriptors,1.68,1.6255999999999993
10548,group_reduced_formula,1000,rf_starter_descriptors,1.88,1.4267999999999994
10552,group_reduced_formula,1000,rf_starter_descriptors,1.12,1.18
10557,group_reduced_formula,1000,rf_starter_descriptors,1.24,1.6968000000000003
10573,group_reduced_formula,1000,rf_starter_descriptors,2.02,1.7435999999999998
10597,group_reduced_formula,1000,rf_starter_descriptors,1.58,1.3780000000000001
10611,group_reduced_formula,1000,rf_starter_descriptors,2.04,1.5579999999999998
10624,group_reduced_formula,1000,rf_starter_descriptors,1.34,1.0995999999999997
10627,group_reduced_formula,1000,rf_starter_descriptors,1.1,1.1992000000000003
10631,group_reduced_formula,1000,rf_starter_descriptors,0.98,2.4571999999999994
10633,group_reduced_formula,1000,rf_starter_descriptors,1.48,1.4099999999999997
10638,group_reduced_formula,1000,rf_starter_descriptors,1.42,1.2988000000000002
10639,group_reduced_formula,1000,rf_starter_descriptors,-0.16,0.8512
10643,group_reduced_formula,1000,rf_starter_descriptors,0.38,0.8135999999999999
10650,group_reduced_formula,1000,rf_starter_descriptors,2.12,1.7495999999999998
10652,group_reduced_formula,1000,rf_starter_descriptors,1.58,1.8027999999999997
10657,group_reduced_formula,1000,rf_starter_descriptors,3.64,1.7923999999999998
10688,group_reduced_formula,1000,rf_starter_descriptors,1.18,1.8728
10691,group_reduced_formula,1000,rf_starter_descriptors,1.06,1.0355999999999999
10695,group_reduced_formula,1000,rf_starter_descriptors,2.06,1.2884000000000009
10702,group_reduced_formula,1000,rf_starter_descriptors,3.0,1.8000000000000003
10715,group_reduced_formula,1000,rf_starter_descriptors,1.02,0.8983999999999999
10716,group_reduced_formula,1000,rf_starter_descriptors,2.22,1.8844
10729,group_reduced_formula,1000,rf_starter_descriptors,2.1,2.2351999999999985
10735,group_reduced_formula,1000,rf_starter_descriptors,1.02,1.4648000000000005
10745,group_reduced_formula,1000,rf_starter_descriptors,1.9,1.3831999999999995
10783,group_reduced_formula,1000,rf_starter_descriptors,1.16,1.1595999999999997
10784,group_reduced_formula,1000,rf_starter_descriptors,0.64,1.6592000000000007
10790,group_reduced_formula,1000,rf_starter_descriptors,1.36,1.8744000000000003
10797,group_reduced_formula,1000,rf_starter_descriptors,3.88,3.2067999999999994
10801,group_reduced_formula,1000,rf_starter_descriptors,1.68,1.5776000000000001
10804,group_reduced_formula,1000,rf_starter_descriptors,1.42,1.5228000000000006
10827,group_reduced_formula,1000,rf_starter_descriptors,1.32,0.9975999999999998
10840,group_reduced_formula,1000,rf_starter_descriptors,1.58,1.1736000000000002
10847,group_reduced_formula,1000,rf_starter_descriptors,0.28,1.3704000000000005
10857,group_reduced_formula,1000,rf_starter_descriptors,1.66,1.7447999999999997
10864,group_reduced_formula,1000,rf_starter_descriptors,1.58,1.6427999999999998
10876,group_reduced_formula,1000,rf_starter_descriptors,2.02,1.5023999999999995
10880,group_reduced_formula,1000,rf_starter_descriptors,1.4,1.2551999999999999
10892,group_reduced_formula,1000,rf_starter_descriptors,1.02,1.2643999999999993
10896,group_reduced_formula,1000,rf_starter_descriptors,0.58,0.9324000000000002
10928,group_reduced_formula,1000,rf_starter_descriptors,0.84,0.8812000000000002
10933,group_reduced_formula,1000,rf_starter_descriptors,1.76,2.733999999999999
10944,group_reduced_formula,1000,rf_starter_descriptors,1.32,1.6495999999999995
10952,group_reduced_formula,1000,rf_starter_descriptors,2.04,1.2812000000000006
10967,group_reduced_formula,1000,rf_starter_descriptors,1.8,3.0855999999999995
10978,group_reduced_formula,1000,rf_starter_descriptors,0.48,1.3467999999999998
10984,group_reduced_formula,1000,rf_starter_descriptors,1.84,1.4216
10991,group_reduced_formula,1000,rf_starter_descriptors,0.44,1.5616000000000005
11000,group_reduced_formula,1000,rf_starter_descriptors,1.8,1.2056000000000002
11010,group_reduced_formula,1000,rf_starter_descriptors,1.64,1.8159999999999998
11021,group_reduced_formula,1000,rf_starter_descriptors,1.06,1.91
11073,group_reduced_formula,1000,rf_starter_descriptors,2.08,1.7204
11080,group_reduced_formula,1000,rf_starter_descriptors,0.66,1.0563999999999998
11095,group_reduced_formula,1000,rf_starter_descriptors,0.1,0.18999999999999997
11096,group_reduced_formula,1000,rf_starter_descriptors,0.34,0.8916000000000001
11098,group_reduced_formula,1000,rf_starter_descriptors,4.62,1.7000000000000006
11101,group_reduced_formula,1000,rf_starter_descriptors,1.96,1.2852000000000003
11105,group_reduced_formula,1000,rf_starter_descriptors,0.82,1.6828000000000005
11115,group_reduced_formula,1000,rf_starter_descriptors,1.14,1.1296000000000002
11123,group_reduced_formula,1000,rf_starter_descriptors,1.48,0.9424000000000003
11132,group_reduced_formula,1000,rf_starter_descriptors,2.08,1.6435999999999993
11143,group_reduced_formula,1000,rf_starter_descriptors,0.2,2.0844000000000005
11149,group_reduced_formula,1000,rf_starter_descriptors,1.86,1.5923999999999998
11162,group_reduced_formula,1000,rf_starter_descriptors,1.12,1.4167999999999994
11172,group_reduced_formula,1000,rf_starter_descriptors,3.82,1.6583999999999997
11173,group_reduced_formula,1000,rf_starter_descriptors,0.56,1.0776
11199,group_reduced_formula,1000,rf_starter_descriptors,1.16,1.0512000000000006
11205,group_reduced_formula,1000,rf_starter_descriptors,1.5,1.2308000000000001
11209,group_reduced_formula,1000,rf_starter_descriptors,1.48,1.6803999999999994
11211,group_reduced_formula,1000,rf_starter_descriptors,1.68,2.182
11232,group_reduced_formula,1000,rf_starter_descriptors,0.72,2.267199999999999
11238,group_reduced_formula,1000,rf_starter_descriptors,1.54,1.3319999999999999
11246,group_reduced_formula,1000,rf_starter_descriptors,0.78,1.1323999999999999
11252,group_reduced_formula,1000,rf_starter_descriptors,2.16,1.1999999999999993
11258,group_reduced_formula,1000,rf_starter_descriptors,1.4,1.868
11275,group_reduced_formula,1000,rf_starter_descriptors,0.8,0.9328
11279,group_reduced_formula,1000,rf_starter_descriptors,1.06,1.2411999999999999
11301,group_reduced_formula,1000,rf_starter_descriptors,1.88,1.0680000000000005
11322,group_reduced_formula,1000,rf_starter_descriptors,1.12,1.052
11324,group_reduced_formula,1000,rf_starter_descriptors,1.9,1.5743999999999998
11326,group_reduced_formula,1000,rf_starter_descriptors,1.08,1.0963999999999996
11349,group_reduced_formula,1000,rf_starter_descriptors,2.2,1.2148000000000005
11359,group_reduced_formula,1000,rf_starter_descriptors,0.96,1.562799999999999
11360,group_reduced_formula,1000,rf_starter_descriptors,2.82,2.4192
11378,group_reduced_formula,1000,rf_starter_descriptors,1.84,1.1104
11382,group_reduced_formula,1000,rf_starter_descriptors,1.28,1.3572
11393,group_reduced_formula,1000,rf_starter_descriptors,0.72,0.7507999999999995
11409,group_reduced_formula,1000,rf_starter_descriptors,1.6,1.6540000000000004
11434,group_reduced_formula,1000,rf_starter_descriptors,1.34,1.7715999999999992
11440,group_reduced_formula,1000,rf_starter_descriptors,1.52,1.3247999999999995
11444,group_reduced_formula,1000,rf_starter_descriptors,1.38,1.5139999999999996
11454,group_reduced_formula,1000,rf_starter_descriptors,1.54,0.9712000000000002
11475,group_reduced_formula,1000,rf_starter_descriptors,1.72,2.040400000000001
11485,group_reduced_formula,1000,rf_starter_descriptors,1.18,2.052000000000001
11506,group_reduced_formula,1000,rf_starter_descriptors,1.44,0.9239999999999998
11557,group_reduced_formula,1000,rf_starter_descriptors,2.36,2.1859999999999995
11561,group_reduced_formula,1000,rf_starter_descriptors,1.26,1.6612
11582,group_reduced_formula,1000,rf_starter_descriptors,1.16,1.4080000000000004
11602,group_reduced_formula,1000,rf_starter_descriptors,0.56,1.6359999999999997
11606,group_reduced_formula,1000,rf_starter_descriptors,1.92,1.3440000000000003
11610,group_reduced_formula,1000,rf_starter_descriptors,0.4,0.8512000000000001
11622,group_reduced_formula,1000,rf_starter_descriptors,2.96,2.9884
11626,group_reduced_formula,1000,rf_starter_descriptors,1.7,2.0904
11632,group_reduced_formula,1000,rf_starter_descriptors,1.36,1.604400000000001
11648,group_reduced_formula,1000,rf_starter_descriptors,1.62,1.7376000000000003
11662,group_reduced_formula,1000,rf_starter_descriptors,1.9,1.4616
11681,group_reduced_formula,1000,rf_starter_descriptors,1.26,1.3044
11695,group_reduced_formula,1000,rf_starter_descriptors,1.24,0.7612000000000002
11708,group_reduced_formula,1000,rf_starter_descriptors,1.06,2.0212
11712,group_reduced_formula,1000,rf_starter_descriptors,1.46,1.5047999999999992
11724,group_reduced_formula,1000,rf_starter_descriptors,0.76,1.0556
11741,group_reduced_formula,1000,rf_starter_descriptors,3.12,2.4416000000000007
11743,group_reduced_formula,1000,rf_starter_descriptors,0.98,1.2723999999999995
11762,group_reduced_formula,1000,rf_starter_descriptors,1.1,1.8243999999999998
11780,group_reduced_formula,1000,rf_starter_descriptors,1.22,1.2883999999999998
11816,group_reduced_formula,1000,rf_starter_descriptors,2.24,1.530399999999999
11846,group_reduced_formula,1000,rf_starter_descriptors,0.94,1.4499999999999995
11854,group_reduced_formula,1000,rf_starter_descriptors,0.74,0.9708000000000001
11884,group_reduced_formula,1000,rf_starter_descriptors,1.14,1.1100000000000003
11886,group_reduced_formula,1000,rf_starter_descriptors,0.4,1.0892000000000004
11894,group_reduced_formula,1000,rf_starter_descriptors,0.8,1.2728000000000004
11897,group_reduced_formula,1000,rf_starter_descriptors,0.74,1.2395999999999996
11898,group_reduced_formula,1000,rf_starter_descriptors,1.92,1.4423999999999995
11899,group_reduced_formula,1000,rf_starter_descriptors,1.18,1.3735999999999995
11917,group_reduced_formula,1000,rf_starter_descriptors,2.4,2.3812000000000006
11938,group_reduced_formula,1000,rf_starter_descriptors,1.54,1.3803999999999994
11964,group_reduced_formula,1000,rf_starter_descriptors,1.14,1.2616000000000003
11975,group_reduced_formula,1000,rf_starter_descriptors,1.04,1.3983999999999994
11978,group_reduced_formula,1000,rf_starter_descriptors,1.16,1.4783999999999995
11986,group_reduced_formula,1000,rf_starter_descriptors,1.64,1.6120000000000008
11992,group_reduced_formula,1000,rf_starter_descriptors,3.5,1.8004000000000004
12004,group_reduced_formula,1000,rf_starter_descriptors,0.92,1.0847999999999998
12013,group_reduced_formula,1000,rf_starter_descriptors,2.66,2.7068000000000008
12052,group_reduced_formula,1000,rf_starter_descriptors,1.08,2.0447999999999995
12068,group_reduced_formula,1000,rf_starter_descriptors,2.44,2.5059999999999985
12074,group_reduced_formula,1000,rf_starter_descriptors,2.06,1.5991999999999995
12079,group_reduced_formula,1000,rf_starter_descriptors,1.36,1.3964000000000005
12081,group_reduced_formula,1000,rf_starter_descriptors,1.12,1.4227999999999996
12084,group_reduced_formula,1000,rf_starter_descriptors,1.12,1.2612
12085,group_reduced_formula,1000,rf_starter_descriptors,1.38,1.1068
12110,group_reduced_formula,1000,rf_starter_descriptors,0.12,0.9160000000000004
12140,group_reduced_formula,1000,rf_starter_descriptors,1.2,1.9896
12160,group_reduced_formula,1000,rf_starter_descriptors,1.16,1.3532
12163,group_reduced_formula,1000,rf_starter_descriptors,0.54,1.4128000000000003
12174,group_reduced_formula,1000,rf_starter_descriptors,1.68,1.6767999999999998
12175,group_reduced_formula,1000,rf_starter_descriptors,1.7,1.1904000000000001
12176,group_reduced_formula,1000,rf_starter_descriptors,2.1,1.3448
12177,group_reduced_formula,1000,rf_starter_descriptors,2.66,1.8064000000000002
12216,group_reduced_formula,1000,rf_starter_descriptors,1.48,1.3516000000000004
12219,group_reduced_formula,1000,rf_starter_descriptors,1.12,1.0487999999999997
12223,group_reduced_formula,1000,rf_starter_descriptors,2.86,1.9136000000000002
12256,group_reduced_formula,1000,rf_starter_descriptors,4.18,2.594
12269,group_reduced_formula,1000,rf_starter_descriptors,0.66,1.0079999999999993
12271,group_reduced_formula,1000,rf_starter_descriptors,2.84,3.2012
12313,group_reduced_formula,1000,rf_starter_descriptors,0.56,1.2420000000000002
12315,group_reduced_formula,1000,rf_starter_descriptors,1.18,1.3216000000000003
12331,group_reduced_formula,1000,rf_starter_descriptors,3.8,1.671599999999999
12336,group_reduced_formula,1000,rf_starter_descriptors,2.36,2.178
12340,group_reduced_formula,1000,rf_starter_descriptors,0.7,1.4736000000000005
12342,group_reduced_formula,1000,rf_starter_descriptors,0.5,1.3175999999999999
12343,group_reduced_formula,1000,rf_starter_descriptors,0.64,0.6431999999999997
12346,group_reduced_formula,1000,rf_starter_descriptors,1.92,1.770000000000001
12347,group_reduced_formula,1000,rf_starter_descriptors,2.12,1.6723999999999994
12350,group_reduced_formula,1000,rf_starter_descriptors,1.24,1.1540000000000004
12355,group_reduced_formula,1000,rf_starter_descriptors,1.6,1.3823999999999996
12364,group_reduced_formula,1000,rf_starter_descriptors,1.0,0.8931999999999999
12380,group_reduced_formula,1000,rf_starter_descriptors,1.92,1.1711999999999996
12392,group_reduced_formula,1000,rf_starter_descriptors,0.38,0.8532
12393,group_reduced_formula,1000,rf_starter_descriptors,1.64,1.6496000000000006
12395,group_reduced_formula,1000,rf_starter_descriptors,3.14,1.7472
12407,group_reduced_formula,1000,rf_starter_descriptors,1.44,1.8572
12411,group_reduced_formula,1000,rf_starter_descriptors,2.14,2.6195999999999997
12414,group_reduced_formula,1000,rf_starter_descriptors,1.2,1.4483999999999992
12415,group_reduced_formula,1000,rf_starter_descriptors,0.82,1.0091999999999997
12416,group_reduced_formula,1000,rf_starter_descriptors,0.96,1.1984000000000006
12418,group_reduced_formula,1000,rf_starter_descriptors,1.82,1.4032000000000004
12426,group_reduced_formula,1000,rf_starter_descriptors,1.22,1.0248000000000002
12427,group_reduced_formula,1000,rf_starter_descriptors,0.92,0.9323999999999998
12440,group_reduced_formula,1000,rf_starter_descriptors,1.2,1.3668000000000005
12460,group_reduced_formula,1000,rf_starter_descriptors,3.9,2.370799999999999
12463,group_reduced_formula,1000,rf_starter_descriptors,0.32,1.1512
12464,group_reduced_formula,1000,rf_starter_descriptors,0.08,0.4484
12479,group_reduced_formula,1000,rf_starter_descriptors,1.94,2.246399999999999
12491,group_reduced_formula,1000,rf_starter_descriptors,0.44,0.8440000000000001
12493,group_reduced_formula,1000,rf_starter_descriptors,1.98,1.0388
12510,group_reduced_formula,1000,rf_starter_descriptors,1.3,1.0048
12521,group_reduced_formula,1000,rf_starter_descriptors,1.92,0.9736
12524,group_reduced_formula,1000,rf_starter_descriptors,1.34,1.4080000000000001
12562,group_reduced_formula,1000,rf_starter_descriptors,1.8,1.3651999999999997
12565,group_reduced_formula,1000,rf_starter_descriptors,2.86,1.5911999999999988
12566,group_reduced_formula,1000,rf_starter_descriptors,1.22,1.5367999999999997
12569,group_reduced_formula,1000,rf_starter_descriptors,1.26,1.5715999999999999
12577,group_reduced_formula,1000,rf_starter_descriptors,1.26,0.6624000000000001
12596,group_reduced_formula,1000,rf_starter_descriptors,1.12,1.1228
12627,group_reduced_formula,1000,rf_starter_descriptors,2.44,2.408000000000001
12631,group_reduced_formula,1000,rf_starter_descriptors,1.56,0.8859999999999998
12651,group_reduced_formula,1000,rf_starter_descriptors,1.36,1.4683999999999995
12656,group_reduced_formula,1000,rf_starter_descriptors,1.0,1.2971999999999997
12676,group_reduced_formula,1000,rf_starter_descriptors,1.26,1.2892
12677,group_reduced_formula,1000,rf_starter_descriptors,1.04,1.1191999999999995
12700,group_reduced_formula,1000,rf_starter_descriptors,0.64,1.5564000000000002
12703,group_reduced_formula,1000,rf_starter_descriptors,0.78,0.9496000000000001
12708,group_reduced_formula,1000,rf_starter_descriptors,1.3,1.2984000000000002
12713,group_reduced_formula,1000,rf_starter_descriptors,2.72,1.8112000000000001
12715,group_reduced_formula,1000,rf_starter_descriptors,1.7,1.0072
12723,group_reduced_formula,1000,rf_starter_descriptors,1.6,1.2115999999999998
12727,group_reduced_formula,1000,rf_starter_descriptors,1.08,1.88
12730,group_reduced_formula,1000,rf_starter_descriptors,0.98,1.2551999999999996
12735,group_reduced_formula,1000,rf_starter_descriptors,2.38,1.7279999999999998
12752,group_reduced_formula,1000,rf_starter_descriptors,1.3,1.824
12804,group_reduced_formula,1000,rf_starter_descriptors,1.62,1.6408000000000005
12810,group_reduced_formula,1000,rf_starter_descriptors,1.08,1.3439999999999994
12812,group_reduced_formula,1000,rf_starter_descriptors,2.78,2.3272000000000004
12842,group_reduced_formula,1000,rf_starter_descriptors,1.08,1.0559999999999996
12848,group_reduced_formula,1000,rf_starter_descriptors,1.22,1.3219999999999996
12864,group_reduced_formula,1000,rf_starter_descriptors,1.54,1.3711999999999998
12870,group_reduced_formula,1000,rf_starter_descriptors,1.4,1.3715999999999995
12893,group_reduced_formula,1000,rf_starter_descriptors,0.98,1.3304000000000002
12909,group_reduced_formula,1000,rf_starter_descriptors,2.2,1.7855999999999996
12931,group_reduced_formula,1000,rf_starter_descriptors,1.1,1.3607999999999996
12939,group_reduced_formula,1000,rf_starter_descriptors,1.08,1.3204
12941,group_reduced_formula,1000,rf_starter_descriptors,1.88,1.352
12944,group_reduced_formula,1000,rf_starter_descriptors,2.34,1.1163999999999994
12951,group_reduced_formula,1000,rf_starter_descriptors,1.38,2.3296000000000014
12956,group_reduced_formula,1000,rf_starter_descriptors,1.62,1.3647999999999991
12965,group_reduced_formula,1000,rf_starter_descriptors,4.3,2.5700000000000007
12967,group_reduced_formula,1000,rf_starter_descriptors,1.8,1.8787999999999996
12977,group_reduced_formula,1000,rf_starter_descriptors,1.58,1.4163999999999999
12978,group_reduced_formula,1000,rf_starter_descriptors,1.94,1.3763999999999998
12983,group_reduced_formula,1000,rf_starter_descriptors,0.92,1.0452000000000001
12991,group_reduced_formula,1000,rf_starter_descriptors,0.76,1.4228000000000003
13009,group_reduced_formula,1000,rf_starter_descriptors,0.72,0.9663999999999995
13019,group_reduced_formula,1000,rf_starter_descriptors,2.72,1.7644
13026,group_reduced_formula,1000,rf_starter_descriptors,3.16,2.495999999999999
13044,group_reduced_formula,1000,rf_starter_descriptors,1.74,0.9848000000000002
13047,group_reduced_formula,1000,rf_starter_descriptors,1.54,1.6515999999999993
13054,group_reduced_formula,1000,rf_starter_descriptors,1.22,1.162
13060,group_reduced_formula,1000,rf_starter_descriptors,1.38,1.0348000000000004
13061,group_reduced_formula,1000,rf_starter_descriptors,1.34,1.4227999999999994
13062,group_reduced_formula,1000,rf_starter_descriptors,1.78,2.1239999999999988
13069,group_reduced_formula,1000,rf_starter_descriptors,1.24,1.3648000000000002
13074,group_reduced_formula,1000,rf_starter_descriptors,0.96,0.9359999999999999
13093,group_reduced_formula,1000,rf_starter_descriptors,2.26,1.8847999999999998
13104,group_reduced_formula,1000,rf_starter_descriptors,1.14,1.3695999999999993
13124,group_reduced_formula,1000,rf_starter_descriptors,1.04,1.3836000000000004
13126,group_reduced_formula,1000,rf_starter_descriptors,1.72,1.4439999999999997
13128,group_reduced_formula,1000,rf_starter_descriptors,0.9,1.1568000000000003
13132,group_reduced_formula,1000,rf_starter_descriptors,1.16,1.6064
13140,group_reduced_formula,1000,rf_starter_descriptors,2.08,1.83
13148,group_reduced_formula,1000,rf_starter_descriptors,2.22,1.4783999999999997
13162,group_reduced_formula,1000,rf_starter_descriptors,1.52,1.5232000000000006
13168,group_reduced_formula,1000,rf_starter_descriptors,1.18,1.7631999999999997
13194,group_reduced_formula,1000,rf_starter_descriptors,1.76,1.7592000000000005
13208,group_reduced_formula,1000,rf_starter_descriptors,3.2,2.4792000000000014
13212,group_reduced_formula,1000,rf_starter_descriptors,1.76,1.6347999999999998
13214,group_reduced_formula,1000,rf_starter_descriptors,1.8,1.6283999999999994
13215,group_reduced_formula,1000,rf_starter_descriptors,2.28,1.9103999999999999
13216,group_reduced_formula,1000,rf_starter_descriptors,1.52,1.1928
13237,group_reduced_formula,1000,rf_starter_descriptors,0.9,1.1176000000000004
13281,group_reduced_formula,1000,rf_starter_descriptors,0.82,1.2879999999999998
13300,group_reduced_formula,1000,rf_starter_descriptors,0.78,0.7564
13313,group_reduced_formula,1000,rf_starter_descriptors,0.94,0.8588
13340,group_reduced_formula,1000,rf_starter_descriptors,0.3,1.44
13344,group_reduced_formula,1000,rf_starter_descriptors,1.2,1.2816000000000005
13350,group_reduced_formula,1000,rf_starter_descriptors,2.06,1.6476000000000004
13356,group_reduced_formula,1000,rf_starter_descriptors,1.44,0.9728000000000003
13364,group_reduced_formula,1000,rf_starter_descriptors,1.22,0.9415999999999995
13376,group_reduced_formula,1000,rf_starter_descriptors,1.22,1.5219999999999998
13394,group_reduced_formula,1000,rf_starter_descriptors,0.18,0.7692
13409,group_reduced_formula,1000,rf_starter_descriptors,1.28,1.2200000000000002
13423,group_reduced_formula,1000,rf_starter_descriptors,1.52,1.2276000000000005
13424,group_reduced_formula,1000,rf_starter_descriptors,1.34,1.1975999999999998
13442,group_reduced_formula,1000,rf_starter_descriptors,2.06,1.852
13443,group_reduced_formula,1000,rf_starter_descriptors,1.66,1.6228000000000002
13454,group_reduced_formula,1000,rf_starter_descriptors,1.72,1.4956000000000003
13458,group_reduced_formula,1000,rf_starter_descriptors,1.46,1.9911999999999999
13466,group_reduced_formula,1000,rf_starter_descriptors,1.66,1.6040000000000003
13480,group_reduced_formula,1000,rf_starter_descriptors,1.18,1.6835999999999993
13515,group_reduced_formula,1000,rf_starter_descriptors,1.14,1.2731999999999999
13540,group_reduced_formula,1000,rf_starter_descriptors,1.0,1.7535999999999996
13563,group_reduced_formula,1000,rf_starter_descriptors,2.4,1.5947999999999996
13568,group_reduced_formula,1000,rf_starter_descriptors,1.12,1.0476
13580,group_reduced_formula,1000,rf_starter_descriptors,1.34,1.52
13584,group_reduced_formula,1000,rf_starter_descriptors,1.18,1.19
13591,group_reduced_formula,1000,rf_starter_descriptors,1.2,1.5268000000000008
13602,group_reduced_formula,1000,rf_starter_descriptors,2.68,2.9400000000000013
13627,group_reduced_formula,1000,rf_starter_descriptors,0.66,0.9411999999999999
13634,group_reduced_formula,1000,rf_starter_descriptors,0.04,1.7379999999999998
13642,group_reduced_formula,1000,rf_starter_descriptors,1.62,1.5743999999999991
13656,group_reduced_formula,1000,rf_starter_descriptors,1.94,3.2491999999999996
13678,group_reduced_formula,1000,rf_starter_descriptors,0.3,0.8428000000000003
13695,group_reduced_formula,1000,rf_starter_descriptors,0.8,1.2848
13709,group_reduced_formula,1000,rf_starter_descriptors,1.66,1.5792
13711,group_reduced_formula,1000,rf_starter_descriptors,1.08,1.1895999999999998
13717,group_reduced_formula,1000,rf_starter_descriptors,0.18,0.8039999999999999
13718,group_reduced_formula,1000,rf_starter_descriptors,1.8,1.5320000000000005
13719,group_reduced_formula,1000,rf_starter_descriptors,2.16,1.3715999999999995
13728,group_reduced_formula,1000,rf_starter_descriptors,1.1,1.3352000000000002
13736,group_reduced_formula,1000,rf_starter_descriptors,1.12,1.7763999999999993
13743,group_reduced_formula,1000,rf_starter_descriptors,1.12,1.4511999999999998
13745,group_reduced_formula,1000,rf_starter_descriptors,0.84,1.1260000000000001
13749,group_reduced_formula,1000,rf_starter_descriptors,-0.08,1.0816
13754,group_reduced_formula,1000,rf_starter_descriptors,0.82,1.2947999999999995
13756,group_reduced_formula,1000,rf_starter_descriptors,1.6,1.7312000000000005
13758,group_reduced_formula,1000,rf_starter_descriptors,2.14,2.0364
13764,group_reduced_formula,1000,rf_starter_descriptors,1.36,1.367199999999999
13778,group_reduced_formula,1000,rf_starter_descriptors,1.4,1.3219999999999996
13779,group_reduced_formula,1000,rf_starter_descriptors,0.24,1.9080000000000004
13792,group_reduced_formula,1000,rf_starter_descriptors,0.18,1.947200000000001
13795,group_reduced_formula,1000,rf_starter_descriptors,0.54,0.9712000000000002
13811,group_reduced_formula,1000,rf_starter_descriptors,0.98,1.1951999999999998
13823,group_reduced_formula,1000,rf_starter_descriptors,0.94,1.3880000000000001
13840,group_reduced_formula,1000,rf_starter_descriptors,1.02,1.2711999999999994
13848,group_reduced_formula,1000,rf_starter_descriptors,1.78,1.5451999999999992
13870,group_reduced_formula,1000,rf_starter_descriptors,1.34,1.647999999999999
13889,group_reduced_formula,1000,rf_starter_descriptors,0.36,1.144
13902,group_reduced_formula,1000,rf_starter_descriptors,0.56,1.4124
13904,group_reduced_formula,1000,rf_starter_descriptors,0.38,0.7648
13910,group_reduced_formula,1000,rf_starter_descriptors,1.2,2.3775999999999993
13919,group_reduced_formula,1000,rf_starter_descriptors,1.34,1.3008000000000002
13931,group_reduced_formula,1000,rf_starter_descriptors,1.48,1.3348000000000002
13932,group_reduced_formula,1000,rf_starter_descriptors,1.0,1.3419999999999996
13936,group_reduced_formula,1000,rf_starter_descriptors,1.16,1.0116
13947,group_reduced_formula,1000,rf_starter_descriptors,2.02,1.9412000000000007
13950,group_reduced_formula,1000,rf_starter_descriptors,1.98,1.8028000000000006
13960,group_reduced_formula,1000,rf_starter_descriptors,1.12,1.2692
13962,group_reduced_formula,1000,rf_starter_descriptors,1.76,1.2112
13995,group_reduced_formula,1000,rf_starter_descriptors,1.68,1.6811999999999998
13999,group_reduced_formula,1000,rf_starter_descriptors,1.34,1.192400000000001
14003,group_reduced_formula,1000,rf_starter_descriptors,1.34,1.6036000000000001
14005,group_reduced_formula,1000,rf_starter_descriptors,1.34,1.4008
14012,group_reduced_formula,1000,rf_starter_descriptors,1.62,1.2411999999999994
14017,group_reduced_formula,1000,rf_starter_descriptors,2.3,2.6976000000000004
14031,group_reduced_formula,1000,rf_starter_descriptors,1.24,1.4056
14034,group_reduced_formula,1000,rf_starter_descriptors,1.52,1.9187999999999996
14037,group_reduced_formula,1000,rf_starter_descriptors,0.4,1.2060000000000002
14041,group_reduced_formula,1000,rf_starter_descriptors,3.88,1.6215999999999995
14046,group_reduced_formula,1000,rf_starter_descriptors,1.22,1.8895999999999993
14054,group_reduced_formula,1000,rf_starter_descriptors,3.78,1.7455999999999998
14061,group_reduced_formula,1000,rf_starter_descriptors,1.6,1.1379999999999997
14071,group_reduced_formula,1000,rf_starter_descriptors,0.88,0.8136000000000007
14076,group_reduced_formula,1000,rf_starter_descriptors,1.2,1.3572
14080,group_reduced_formula,1000,rf_starter_descriptors,2.06,1.6351999999999995
14090,group_reduced_formula,1000,rf_starter_descriptors,0.98,1.2263999999999995
14093,group_reduced_formula,1000,rf_starter_descriptors,1.26,1.1000000000000005
14110,group_reduced_formula,1000,rf_starter_descriptors,1.62,1.8744000000000003
14135,group_reduced_formula,1000,rf_starter_descriptors,0.6,1.2127999999999999
14148,group_reduced_formula,1000,rf_starter_descriptors,1.76,2.3780000000000006
14155,group_reduced_formula,1000,rf_starter_descriptors,1.9,1.1904000000000001
14163,group_reduced_formula,1000,rf_starter_descriptors,2.1,2.7600000000000007
14168,group_reduced_formula,1000,rf_starter_descriptors,0.86,1.3836
14170,group_reduced_formula,1000,rf_starter_descriptors,0.94,1.9395999999999998
14196,group_reduced_formula,1000,rf_starter_descriptors,1.88,1.0792
14203,group_reduced_formula,1000,rf_starter_descriptors,2.02,1.5663999999999998
14205,group_reduced_formula,1000,rf_starter_descriptors,1.34,1.2504
14210,group_reduced_formula,1000,rf_starter_descriptors,1.72,1.5627999999999995
14229,group_reduced_formula,1000,rf_starter_descriptors,1.18,1.0755999999999997
14230,group_reduced_formula,1000,rf_starter_descriptors,1.14,0.8916000000000001
14248,group_reduced_formula,1000,rf_starter_descriptors,1.02,1.3276
14274,group_reduced_formula,1000,rf_starter_descriptors,1.68,1.8443999999999996
14277,group_reduced_formula,1000,rf_starter_descriptors,1.74,1.591599999999999
14281,group_reduced_formula,1000,rf_starter_descriptors,1.2,1.76
14286,group_reduced_formula,1000,rf_starter_descriptors,0.74,1.2516000000000005
14294,group_reduced_formula,1000,rf_starter_descriptors,1.72,2.0172000000000003
14313,group_reduced_formula,1000,rf_starter_descriptors,1.28,1.2376000000000003
14323,group_reduced_formula,1000,rf_starter_descriptors,0.86,1.4595999999999996
14350,group_reduced_formula,1000,rf_starter_descriptors,0.06,0.9740000000000001
14376,group_reduced_formula,1000,rf_starter_descriptors,1.74,1.2968000000000002
14384,group_reduced_formula,1000,rf_starter_descriptors,2.18,1.7432000000000007
14386,group_reduced_formula,1000,rf_starter_descriptors,0.82,1.3352000000000004
14389,group_reduced_formula,1000,rf_starter_descriptors,1.52,1.3795999999999995
14396,group_reduced_formula,1000,rf_starter_descriptors,1.58,1.4175999999999995
14402,group_reduced_formula,1000,rf_starter_descriptors,0.88,1.3124000000000005
14404,group_reduced_formula,1000,rf_starter_descriptors,1.26,1.396
14442,group_reduced_formula,1000,rf_starter_descriptors,1.3,1.2011999999999998
14446,group_reduced_formula,1000,rf_starter_descriptors,0.82,1.7200000000000002
14463,group_reduced_formula,1000,rf_starter_descriptors,0.9,1.6715999999999998
14466,group_reduced_formula,1000,rf_starter_descriptors,2.38,1.5823999999999998
14475,group_reduced_formula,1000,rf_starter_descriptors,0.84,1.22
14477,group_reduced_formula,1000,rf_starter_descriptors,3.36,2.5567999999999995
14487,group_reduced_formula,1000,rf_starter_descriptors,2.56,1.8651999999999989
14497,group_reduced_formula,1000,rf_starter_descriptors,1.96,1.3872
14568,group_reduced_formula,1000,rf_starter_descriptors,0.98,1.2395999999999996
14584,group_reduced_formula,1000,rf_starter_descriptors,0.26,0.9204000000000004
14604,group_reduced_formula,1000,rf_starter_descriptors,1.12,1.3408000000000007
14613,group_reduced_formula,1000,rf_starter_descriptors,2.18,1.951600000000001
14619,group_reduced_formula,1000,rf_starter_descriptors,1.4,1.1356000000000004
14635,group_reduced_formula,1000,rf_starter_descriptors,1.94,1.3307999999999998
14640,group_reduced_formula,1000,rf_starter_descriptors,1.7,1.6300000000000003
14641,group_reduced_formula,1000,rf_starter_descriptors,0.12,1.5911999999999997
14646,group_reduced_formula,1000,rf_starter_descriptors,0.58,1.3644000000000005
14652,group_reduced_formula,1000,rf_starter_descriptors,1.4,1.0464000000000002
14680,group_reduced_formula,1000,rf_starter_descriptors,2.32,2.3352
14689,group_reduced_formula,1000,rf_starter_descriptors,2.14,1.6044000000000012
14691,group_reduced_formula,1000,rf_starter_descriptors,0.5,1.3912
14695,group_reduced_formula,1000,rf_starter_descriptors,0.7,0.9792000000000004
14703,group_reduced_formula,1000,rf_starter_descriptors,0.32,1.2655999999999994
14705,group_reduced_formula,1000,rf_starter_descriptors,2.18,1.8187999999999993
14709,group_reduced_formula,1000,rf_starter_descriptors,1.04,0.7768000000000002
14745,group_reduced_formula,1000,rf_starter_descriptors,2.24,1.4103999999999999
14750,group_reduced_formula,1000,rf_starter_descriptors,1.28,1.3815999999999997
14761,group_reduced_formula,1000,rf_starter_descriptors,0.84,1.1475999999999997
14764,group_reduced_formula,1000,rf_starter_descriptors,2.22,1.2808000000000002
14772,group_reduced_formula,1000,rf_starter_descriptors,0.78,1.428
14792,group_reduced_formula,1000,rf_starter_descriptors,1.3,0.9640000000000002
14798,group_reduced_formula,1000,rf_starter_descriptors,1.0,1.2051999999999998
14807,group_reduced_formula,1000,rf_starter_descriptors,2.32,1.3175999999999997
14810,group_reduced_formula,1000,rf_starter_descriptors,0.02,1.0387999999999997
14832,group_reduced_formula,1000,rf_starter_descriptors,0.64,1.3812
14845,group_reduced_formula,1000,rf_starter_descriptors,1.6,0.8735999999999998
14860,group_reduced_formula,1000,rf_starter_descriptors,0.56,0.6408000000000001
14867,group_reduced_formula,1000,rf_starter_descriptors,0.8,1.3319999999999999
14868,group_reduced_formula,1000,rf_starter_descriptors,1.08,1.604
14875,group_reduced_formula,1000,rf_starter_descriptors,1.6,1.6007999999999998
14879,group_reduced_formula,1000,rf_starter_descriptors,1.4,1.0808000000000002
14905,group_reduced_formula,1000,rf_starter_descriptors,1.38,1.3671999999999997
14911,group_reduced_formula,1000,rf_starter_descriptors,1.5,1.6544000000000003
14937,group_reduced_formula,1000,rf_starter_descriptors,1.56,1.136
14944,group_reduced_formula,1000,rf_starter_descriptors,2.24,2.0928
14945,group_reduced_formula,1000,rf_starter_descriptors,0.84,1.3456000000000001
14947,group_reduced_formula,1000,rf_starter_descriptors,2.58,1.9143999999999999
14953,group_reduced_formula,1000,rf_starter_descriptors,0.84,1.5535999999999996
14957,group_reduced_formula,1000,rf_starter_descriptors,0.5,1.2635999999999998
14961,group_reduced_formula,1000,rf_starter_descriptors,2.38,1.8536000000000004
14966,group_reduced_formula,1000,rf_starter_descriptors,1.22,1.3572
14972,group_reduced_formula,1000,rf_starter_descriptors,2.06,1.4112000000000002
14975,group_reduced_formula,1000,rf_starter_descriptors,1.62,1.2467999999999997
14981,group_reduced_formula,1000,rf_starter_descriptors,1.14,2.076399999999999
14995,group_reduced_formula,1000,rf_starter_descriptors,2.88,2.0803999999999996
15001,group_reduced_formula,1000,rf_starter_descriptors,2.06,1.5979999999999999
15011,group_reduced_formula,1000,rf_starter_descriptors,1.2,1.1271999999999993
15028,group_reduced_formula,1000,rf_starter_descriptors,1.58,1.5456
15037,group_reduced_formula,1000,rf_starter_descriptors,1.32,1.6927999999999996
15048,group_reduced_formula,1000,rf_starter_descriptors,0.52,1.1304000000000003
15070,group_reduced_formula,1000,rf_starter_descriptors,2.84,2.4052
15088,group_reduced_formula,1000,rf_starter_descriptors,1.42,1.7572
15091,group_reduced_formula,1000,rf_starter_descriptors,2.44,1.6035999999999992
15101,group_reduced_formula,1000,rf_starter_descriptors,1.08,1.3471999999999995
15150,group_reduced_formula,1000,rf_starter_descriptors,1.2,1.1404
15162,group_reduced_formula,1000,rf_starter_descriptors,1.16,2.6936
15174,group_reduced_formula,1000,rf_starter_descriptors,1.72,1.1307999999999998
15194,group_reduced_formula,1000,rf_starter_descriptors,0.6,1.6220000000000006
15202,group_reduced_formula,1000,rf_starter_descriptors,3.08,3.1728000000000005
15213,group_reduced_formula,1000,rf_starter_descriptors,2.04,1.9139999999999997
15215,group_reduced_formula,1000,rf_starter_descriptors,1.42,2.5531999999999995
15220,group_reduced_formula,1000,rf_starter_descriptors,1.92,1.6715999999999998
15221,group_reduced_formula,1000,rf_starter_descriptors,0.76,0.7584000000000003
15224,group_reduced_formula,1000,rf_starter_descriptors,1.7,1.7023999999999992
15244,group_reduced_formula,1000,rf_starter_descriptors,0.62,1.2844000000000009
15245,group_reduced_formula,1000,rf_starter_descriptors,0.3,1.1692000000000005
15260,group_reduced_formula,1000,rf_starter_descriptors,0.52,0.27640000000000003
15264,group_reduced_formula,1000,rf_starter_descriptors,2.06,1.6027999999999998
15272,group_reduced_formula,1000,rf_starter_descriptors,0.66,2.340399999999999
15301,group_reduced_formula,1000,rf_starter_descriptors,1.68,1.4036000000000004
15307,group_reduced_formula,1000,rf_starter_descriptors,3.16,2.8400000000000007
15314,group_reduced_formula,1000,rf_starter_descriptors,1.7,1.0928000000000002
15330,group_reduced_formula,1000,rf_starter_descriptors,1.26,1.0940000000000003
15343,group_reduced_formula,1000,rf_starter_descriptors,1.06,1.4080000000000001
15353,group_reduced_formula,1000,rf_starter_descriptors,1.28,1.5068000000000006
15376,group_reduced_formula,1000,rf_starter_descriptors,0.46,1.4752000000000007
15378,group_reduced_formula,1000,rf_starter_descriptors,1.72,1.0712000000000002
15383,group_reduced_formula,1000,rf_starter_descriptors,0.92,0.9964
15390,group_reduced_formula,1000,rf_starter_descriptors,1.76,1.7380000000000002
15392,group_reduced_formula,1000,rf_starter_descriptors,1.1,1.2836
15394,group_reduced_formula,1000,rf_starter_descriptors,0.28,1.1283999999999998
15400,group_reduced_formula,1000,rf_starter_descriptors,0.64,1.0472000000000004
15439,group_reduced_formula,1000,rf_starter_descriptors,1.64,1.0223999999999998
15458,group_reduced_formula,1000,rf_starter_descriptors,0.78,2.0351999999999997
15461,group_reduced_formula,1000,rf_starter_descriptors,1.38,1.7412
15485,group_reduced_formula,1000,rf_starter_descriptors,1.16,1.0492
15503,group_reduced_formula,1000,rf_starter_descriptors,1.22,0.9203999999999997
15524,group_reduced_formula,1000,rf_starter_descriptors,1.04,1.0211999999999999
15525,group_reduced_formula,1000,rf_starter_descriptors,1.1,1.0808000000000002
15532,group_reduced_formula,1000,rf_starter_descriptors,1.84,1.5063999999999993
15535,group_reduced_formula,1000,rf_starter_descriptors,0.94,1.6199999999999994
15545,group_reduced_formula,1000,rf_starter_descriptors,2.34,2.499600000000001
15547,group_reduced_formula,1000,rf_starter_descriptors,2.36,2.5412
15551,group_reduced_formula,1000,rf_starter_descriptors,1.84,1.527599999999999
15552,group_reduced_formula,1000,rf_starter_descriptors,0.3,1.1879999999999997
15554,group_reduced_formula,1000,rf_starter_descriptors,1.5,1.8576
15557,group_reduced_formula,1000,rf_starter_descriptors,1.18,1.2612000000000003
15569,group_reduced_formula,1000,rf_starter_descriptors,2.04,1.578000000000001
15578,group_reduced_formula,1000,rf_starter_descriptors,2.1,1.7259999999999998
15583,group_reduced_formula,1000,rf_starter_descriptors,1.98,1.6543999999999999
15593,group_reduced_formula,1000,rf_starter_descriptors,1.36,1.1272000000000006
15629,group_reduced_formula,1000,rf_starter_descriptors,1.26,1.4264000000000001
15657,group_reduced_formula,1000,rf_starter_descriptors,1.28,0.9999999999999997
15670,group_reduced_formula,1000,rf_starter_descriptors,1.16,1.184800000000001
15674,group_reduced_formula,1000,rf_starter_descriptors,1.3,1.1344000000000003
15693,group_reduced_formula,1000,rf_starter_descriptors,1.3,1.2448000000000001
15694,group_reduced_formula,1000,rf_starter_descriptors,0.9,1.1892000000000003
15704,group_reduced_formula,1000,rf_starter_descriptors,1.66,1.268
15715,group_reduced_formula,1000,rf_starter_descriptors,2.8,2.570800000000001
15717,group_reduced_formula,1000,rf_starter_descriptors,1.74,1.6208000000000005
15718,group_reduced_formula,1000,rf_starter_descriptors,1.4,1.0084000000000002
15738,group_reduced_formula,1000,rf_starter_descriptors,0.92,1.5888000000000002
15739,group_reduced_formula,1000,rf_starter_descriptors,2.6,2.844
15756,group_reduced_formula,1000,rf_starter_descriptors,0.5,1.1280000000000006
15763,group_reduced_formula,1000,rf_starter_descriptors,2.28,1.6403999999999996
15769,group_reduced_formula,1000,rf_starter_descriptors,0.94,0.9448000000000002
15770,group_reduced_formula,1000,rf_starter_descriptors,3.08,2.5220000000000002
15771,group_reduced_formula,1000,rf_starter_descriptors,1.86,1.4019999999999997
15777,group_reduced_formula,1000,rf_starter_descriptors,1.24,1.4292000000000005
15785,group_reduced_formula,1000,rf_starter_descriptors,1.94,0.8936
15797,group_reduced_formula,1000,rf_starter_descriptors,1.68,1.1067999999999998
15800,group_reduced_formula,1000,rf_starter_descriptors,0.14,0.5439999999999998
15808,group_reduced_formula,1000,rf_starter_descriptors,1.48,1.1475999999999997
15809,group_reduced_formula,1000,rf_starter_descriptors,1.58,2.3864
15811,group_reduced_formula,1000,rf_starter_descriptors,2.2,1.8099999999999994
15816,group_reduced_formula,1000,rf_starter_descriptors,0.68,1.4820000000000002
15817,group_reduced_formula,1000,rf_starter_descriptors,1.58,1.796
15829,group_reduced_formula,1000,rf_starter_descriptors,1.46,1.0464000000000002
15832,group_reduced_formula,1000,rf_starter_descriptors,0.7,1.2312000000000005
15839,group_reduced_formula,1000,rf_starter_descriptors,1.16,1.0308
15848,group_reduced_formula,1000,rf_starter_descriptors,0.26,1.0996000000000006
15855,group_reduced_formula,1000,rf_starter_descriptors,0.68,1.2216
15876,group_reduced_formula,1000,rf_starter_descriptors,1.38,1.0907999999999998
15883,group_reduced_formula,1000,rf_starter_descriptors,0.42,1.2411999999999999
15884,group_reduced_formula,1000,rf_starter_descriptors,1.66,2.32
15886,group_reduced_formula,1000,rf_starter_descriptors,1.2,0.9212
15906,group_reduced_formula,1000,rf_starter_descriptors,0.76,1.0916000000000003
15907,group_reduced_formula,1000,rf_starter_descriptors,1.36,1.2948000000000002
15910,group_reduced_formula,1000,rf_starter_descriptors,4.48,2.3236000000000003
15912,group_reduced_formula,1000,rf_starter_descriptors,0.78,2.299200000000001
15915,group_reduced_formula,1000,rf_starter_descriptors,2.68,2.5167999999999986
15916,group_reduced_formula,1000,rf_starter_descriptors,1.36,1.5547999999999995
15920,group_reduced_formula,1000,rf_starter_descriptors,0.56,1.6907999999999999
15928,group_reduced_formula,1000,rf_starter_descriptors,-0.06,1.1076
15931,group_reduced_formula,1000,rf_starter_descriptors,1.94,1.3559999999999999
15934,group_reduced_formula,1000,rf_starter_descriptors,0.24,1.9136000000000004
15937,group_reduced_formula,1000,rf_starter_descriptors,0.92,1.3947999999999994
15950,group_reduced_formula,1000,rf_starter_descriptors,3.68,2.257999999999999
15955,group_reduced_formula,1000,rf_starter_descriptors,2.48,2.158399999999999
15960,group_reduced_formula,1000,rf_starter_descriptors,1.9,1.9479999999999997
15966,group_reduced_formula,1000,rf_starter_descriptors,1.3,1.4384000000000003
15973,group_reduced_formula,1000,rf_starter_descriptors,1.24,0.9040000000000002
15979,group_reduced_formula,1000,rf_starter_descriptors,1.96,1.8512
15996,group_reduced_formula,1000,rf_starter_descriptors,0.54,0.9364000000000001
16024,group_reduced_formula,1000,rf_starter_descriptors,1.94,1.3508000000000002
16025,group_reduced_formula,1000,rf_starter_descriptors,1.34,1.5432
16047,group_reduced_formula,1000,rf_starter_descriptors,1.74,1.7215999999999994
16051,group_reduced_formula,1000,rf_starter_descriptors,1.06,1.3784000000000003
16053,group_reduced_formula,1000,rf_starter_descriptors,1.58,1.7720000000000002
16058,group_reduced_formula,1000,rf_starter_descriptors,1.62,1.3647999999999993
16082,group_reduced_formula,1000,rf_starter_descriptors,1.36,1.5944
16083,group_reduced_formula,1000,rf_starter_descriptors,1.98,1.4780000000000002
16122,group_reduced_formula,1000,rf_starter_descriptors,2.24,1.8612000000000004
16124,group_reduced_formula,1000,rf_starter_descriptors,0.68,1.2671999999999999
16125,group_reduced_formula,1000,rf_starter_descriptors,1.36,1.2115999999999998
16126,group_reduced_formula,1000,rf_starter_descriptors,0.46,0.94
16144,group_reduced_formula,1000,rf_starter_descriptors,2.1,1.4543999999999997
16154,group_reduced_formula,1000,rf_starter_descriptors,1.1,1.2648000000000001
16211,group_reduced_formula,1000,rf_starter_descriptors,0.8,0.9103999999999998
16215,group_reduced_formula,1000,rf_starter_descriptors,2.26,1.7763999999999995
16217,group_reduced_formula,1000,rf_starter_descriptors,2.92,2.429599999999998
16220,group_reduced_formula,1000,rf_starter_descriptors,2.88,3.2720000000000002
16237,group_reduced_formula,1000,rf_starter_descriptors,0.68,1.088
16241,group_reduced_formula,1000,rf_starter_descriptors,2.02,1.3788
16249,group_reduced_formula,1000,rf_starter_descriptors,0.32,1.2151999999999998
16252,group_reduced_formula,1000,rf_starter_descriptors,1.44,1.5892
16256,group_reduced_formula,1000,rf_starter_descriptors,0.94,1.5551999999999992
16259,group_reduced_formula,1000,rf_starter_descriptors,1.06,1.0891999999999997
16266,group_reduced_formula,1000,rf_starter_descriptors,2.22,2.237599999999999
16279,group_reduced_formula,1000,rf_starter_descriptors,1.2,1.8647999999999993
16282,group_reduced_formula,1000,rf_starter_descriptors,1.08,1.7704000000000002
16288,group_reduced_formula,1000,rf_starter_descriptors,1.78,2.4695999999999994
16315,group_reduced_formula,1000,rf_starter_descriptors,2.22,3.388399999999999
16320,group_reduced_formula,1000,rf_starter_descriptors,1.1,1.1767999999999998
16330,group_reduced_formula,1000,rf_starter_descriptors,1.52,0.8487999999999998
16331,group_reduced_formula,1000,rf_starter_descriptors,1.92,1.3651999999999995
16334,group_reduced_formula,1000,rf_starter_descriptors,1.12,0.8711999999999999
16350,group_reduced_formula,1000,rf_starter_descriptors,0.42,0.9016000000000003
16358,group_reduced_formula,1000,rf_starter_descriptors,1.16,1.3628
16373,group_reduced_formula,1000,rf_starter_descriptors,0.76,1.5059999999999993
16381,group_reduced_formula,1000,rf_starter_descriptors,1.64,1.1480000000000004
16408,group_reduced_formula,1000,rf_starter_descriptors,1.86,1.3116000000000003
16418,group_reduced_formula,1000,rf_starter_descriptors,2.78,2.727199999999999
16447,group_reduced_formula,1000,rf_starter_descriptors,2.06,1.9596000000000005
16457,group_reduced_formula,1000,rf_starter_descriptors,1.4,1.0531999999999997
16480,group_reduced_formula,1000,rf_starter_descriptors,1.04,0.8576
16485,group_reduced_formula,1000,rf_starter_descriptors,1.34,2.0640000000000005
16488,group_reduced_formula,1000,rf_starter_descriptors,1.62,1.1720000000000004
16499,group_reduced_formula,1000,rf_starter_descriptors,2.78,1.682
16516,group_reduced_formula,1000,rf_starter_descriptors,3.56,2.6091999999999995
16522,group_reduced_formula,1000,rf_starter_descriptors,1.82,1.4676
16526,group_reduced_formula,1000,rf_starter_descriptors,0.76,1.7007999999999999
16530,group_reduced_formula,1000,rf_starter_descriptors,0.52,1.1208000000000002
16533,group_reduced_formula,1000,rf_starter_descriptors,0.64,1.0863999999999994
16541,group_reduced_formula,1000,rf_starter_descriptors,1.94,1.6212000000000004
16546,group_reduced_formula,1000,rf_starter_descriptors,2.28,1.9439999999999993
16571,group_reduced_formula,1000,rf_starter_descriptors,1.72,1.4800000000000006
16575,group_reduced_formula,1000,rf_starter_descriptors,3.18,1.6844000000000008
16583,group_reduced_formula,1000,rf_starter_descriptors,0.9,1.5399999999999994
16585,group_reduced_formula,1000,rf_starter_descriptors,0.96,0.9108000000000003
16587,group_reduced_formula,1000,rf_starter_descriptors,0.86,0.8312000000000002
16620,group_reduced_formula,1000,rf_starter_descriptors,1.16,1.5423999999999995
16630,group_reduced_formula,1000,rf_starter_descriptors,0.96,1.3999999999999997
16645,group_reduced_formula,1000,rf_starter_descriptors,1.86,1.6288000000000002
16647,group_reduced_formula,1000,rf_starter_descriptors,1.64,1.5319999999999998
16652,group_reduced_formula,1000,rf_starter_descriptors,0.7,1.553599999999999
16657,group_reduced_formula,1000,rf_starter_descriptors,1.66,1.4168
16660,group_reduced_formula,1000,rf_starter_descriptors,1.74,1.6663999999999992
16677,group_reduced_formula,1000,rf_starter_descriptors,1.52,0.9812000000000001
16679,group_reduced_formula,1000,rf_starter_descriptors,0.82,1.3403999999999998
16681,group_reduced_formula,1000,rf_starter_descriptors,1.28,1.7871999999999997
16682,group_reduced_formula,1000,rf_starter_descriptors,0.56,1.3376
16748,group_reduced_formula,1000,rf_starter_descriptors,2.48,1.6247999999999996
16751,group_reduced_formula,1000,rf_starter_descriptors,3.76,2.7483999999999997
16763,group_reduced_formula,1000,rf_starter_descriptors,1.58,1.3076
16772,group_reduced_formula,1000,rf_starter_descriptors,2.3,1.1320000000000003
16788,group_reduced_formula,1000,rf_starter_descriptors,1.64,3.3579999999999997
16789,group_reduced_formula,1000,rf_starter_descriptors,1.76,1.236
16834,group_reduced_formula,1000,rf_starter_descriptors,0.46,0.8872000000000003
16836,group_reduced_formula,1000,rf_starter_descriptors,1.12,1.0219999999999998
16839,group_reduced_formula,1000,rf_starter_descriptors,1.08,1.7112000000000003
16844,group_reduced_formula,1000,rf_starter_descriptors,2.38,1.4247999999999998
16853,group_reduced_formula,1000,rf_starter_descriptors,1.16,1.7948000000000002
16854,group_reduced_formula,1000,rf_starter_descriptors,3.6,2.3419999999999996
16882,group_reduced_formula,1000,rf_starter_descriptors,1.8,1.3835999999999993
16893,group_reduced_formula,1000,rf_starter_descriptors,2.56,1.7164000000000001
16899,group_reduced_formula,1000,rf_starter_descriptors,2.98,1.8639999999999994
16905,group_reduced_formula,1000,rf_starter_descriptors,1.68,1.0568
16913,group_reduced_formula,1000,rf_starter_descriptors,2.56,1.6484
16916,group_reduced_formula,1000,rf_starter_descriptors,0.92,1.0708000000000002
16919,group_reduced_formula,1000,rf_starter_descriptors,1.0,1.1304
16924,group_reduced_formula,1000,rf_starter_descriptors,1.78,0.8216
16955,group_reduced_formula,1000,rf_starter_descriptors,1.62,1.3504000000000005
16968,group_reduced_formula,1000,rf_starter_descriptors,1.24,1.5264000000000002
16970,group_reduced_formula,1000,rf_starter_descriptors,1.56,0.9668000000000001
16972,group_reduced_formula,1000,rf_starter_descriptors,1.36,1.2144000000000004
16974,group_reduced_formula,1000,rf_starter_descriptors,1.32,1.3135999999999992
16997,group_reduced_formula,1000,rf_starter_descriptors,1.4,1.5984000000000003
17000,group_reduced_formula,1000,rf_starter_descriptors,1.08,1.6887999999999999
17004,group_reduced_formula,1000,rf_starter_descriptors,2.74,2.1235999999999997
17010,group_reduced_formula,1000,rf_starter_descriptors,1.48,1.6808
17019,group_reduced_formula,1000,rf_starter_descriptors,0.86,1.1496
17022,group_reduced_formula,1000,rf_starter_descriptors,1.26,1.0632000000000001
17023,group_reduced_formula,1000,rf_starter_descriptors,0.5,2.0568
17036,group_reduced_formula,1000,rf_starter_descriptors,1.66,1.068
17044,group_reduced_formula,1000,rf_starter_descriptors,0.04,1.0415999999999999
17048,group_reduced_formula,1000,rf_starter_descriptors,1.3,1.2983999999999998
17053,group_reduced_formula,1000,rf_starter_descriptors,1.12,1.8012000000000001
17055,group_reduced_formula,1000,rf_starter_descriptors,1.22,1.7015999999999998
17081,group_reduced_formula,1000,rf_starter_descriptors,1.48,2.239200000000001
17092,group_reduced_formula,1000,rf_starter_descriptors,2.04,1.588399999999999
17103,group_reduced_formula,1000,rf_starter_descriptors,1.32,1.1499999999999997
17104,group_reduced_formula,1000,rf_starter_descriptors,1.46,1.5476
17105,group_reduced_formula,1000,rf_starter_descriptors,1.92,1.3007999999999995
17109,group_reduced_formula,1000,rf_starter_descriptors,2.02,2.1388
17117,group_reduced_formula,1000,rf_starter_descriptors,1.58,1.5332000000000001
17133,group_reduced_formula,1000,rf_starter_descriptors,0.7,0.5884000000000001
17157,group_reduced_formula,1000,rf_starter_descriptors,1.52,0.9000000000000005
17192,group_reduced_formula,1000,rf_starter_descriptors,1.22,1.2884
17193,group_reduced_formula,1000,rf_starter_descriptors,3.72,2.548799999999999
17200,group_reduced_formula,1000,rf_starter_descriptors,0.46,0.9008000000000003
17207,group_reduced_formula,1000,rf_starter_descriptors,0.46,1.1071999999999995
17209,group_reduced_formula,1000,rf_starter_descriptors,2.56,2.5919999999999983
17221,group_reduced_formula,1000,rf_starter_descriptors,2.32,1.55
17241,group_reduced_formula,1000,rf_starter_descriptors,1.04,1.2852000000000006
17255,group_reduced_formula,1000,rf_starter_descriptors,3.44,3.3760000000000003
17365,group_reduced_formula,1000,rf_starter_descriptors,0.94,1.0548
17368,group_reduced_formula,1000,rf_starter_descriptors,1.04,0.8980000000000001
17389,group_reduced_formula,1000,rf_starter_descriptors,1.3,1.2476000000000003
17390,group_reduced_formula,1000,rf_starter_descriptors,0.52,1.3227999999999989
17409,group_reduced_formula,1000,rf_starter_descriptors,1.88,1.5236
17416,group_reduced_formula,1000,rf_starter_descriptors,0.58,1.1703999999999997
17431,group_reduced_formula,1000,rf_starter_descriptors,1.02,1.7684000000000004
17443,group_reduced_formula,1000,rf_starter_descriptors,0.9,1.1891999999999998
17444,group_reduced_formula,1000,rf_starter_descriptors,2.86,2.3311999999999986
17477,group_reduced_formula,1000,rf_starter_descriptors,1.02,1.4419999999999995
17478,group_reduced_formula,1000,rf_starter_descriptors,0.96,1.1251999999999995
17484,group_reduced_formula,1000,rf_starter_descriptors,1.04,1.2280000000000002
17486,group_reduced_formula,1000,rf_starter_descriptors,1.58,1.6415999999999997
17508,group_reduced_formula,1000,rf_starter_descriptors,1.22,0.9935999999999998
17517,group_reduced_formula,1000,rf_starter_descriptors,0.76,0.8872
17522,group_reduced_formula,1000,rf_starter_descriptors,1.88,1.4939999999999996
17527,group_reduced_formula,1000,rf_starter_descriptors,1.2,1.4851999999999996
17542,group_reduced_formula,1000,rf_starter_descriptors,2.02,1.3532
17559,group_reduced_formula,1000,rf_starter_descriptors,2.34,0.7468000000000004
17562,group_reduced_formula,1000,rf_starter_descriptors,0.78,1.4376000000000007
17584,group_reduced_formula,1000,rf_starter_descriptors,3.88,2.4547999999999996
17603,group_reduced_formula,1000,rf_starter_descriptors,0.94,1.1000000000000005
17625,group_reduced_formula,1000,rf_starter_descriptors,1.88,0.8800000000000003
17633,group_reduced_formula,1000,rf_starter_descriptors,3.4,2.1903999999999995
17640,group_reduced_formula,1000,rf_starter_descriptors,1.3,1.1588000000000003
17647,group_reduced_formula,1000,rf_starter_descriptors,0.18,1.396
17650,group_reduced_formula,1000,rf_starter_descriptors,0.78,0.8332000000000004
17656,group_reduced_formula,1000,rf_starter_descriptors,1.24,1.0643999999999998
17658,group_reduced_formula,1000,rf_starter_descriptors,0.5,1.2508000000000006
17659,group_reduced_formula,1000,rf_starter_descriptors,1.9,1.2747999999999997
17667,group_reduced_formula,1000,rf_starter_descriptors,1.5,1.6852
17671,group_reduced_formula,1000,rf_starter_descriptors,0.62,2.3888000000000003
17683,group_reduced_formula,1000,rf_starter_descriptors,1.9,2.0068000000000006
17701,group_reduced_formula,1000,rf_starter_descriptors,1.24,1.2144
17702,group_reduced_formula,1000,rf_starter_descriptors,1.38,1.9432000000000007
17706,group_reduced_formula,1000,rf_starter_descriptors,1.76,1.7272
17711,group_reduced_formula,1000,rf_starter_descriptors,-0.12,0.8928000000000001
17716,group_reduced_formula,1000,rf_starter_descriptors,1.62,1.5295999999999998
17727,group_reduced_formula,1000,rf_starter_descriptors,2.44,1.5824000000000007
17731,group_reduced_formula,1000,rf_starter_descriptors,0.7,1.5499999999999998
17744,group_reduced_formula,1000,rf_starter_descriptors,1.98,2.7796
17748,group_reduced_formula,1000,rf_starter_descriptors,1.3,0.9740000000000002
17751,group_reduced_formula,1000,rf_starter_descriptors,0.54,0.9004000000000003
17757,group_reduced_formula,1000,rf_starter_descriptors,1.08,1.4260000000000006
17768,group_reduced_formula,1000,rf_starter_descriptors,1.82,3.580799999999999
17773,group_reduced_formula,1000,rf_starter_descriptors,1.28,1.7472000000000005
17787,group_reduced_formula,1000,rf_starter_descriptors,1.14,0.9360000000000003
17797,group_reduced_formula,1000,rf_starter_descriptors,1.54,1.9583999999999997
17798,group_reduced_formula,1000,rf_starter_descriptors,0.86,1.7679999999999998
17802,group_reduced_formula,1000,rf_starter_descriptors,0.42,0.8820000000000003
17830,group_reduced_formula,1000,rf_starter_descriptors,1.44,1.4219999999999997
17833,group_reduced_formula,1000,rf_starter_descriptors,2.16,1.8232000000000006
17839,group_reduced_formula,1000,rf_starter_descriptors,1.72,1.3655999999999997
17840,group_reduced_formula,1000,rf_starter_descriptors,1.32,1.0948
17843,group_reduced_formula,1000,rf_starter_descriptors,2.24,1.6427999999999998
17844,group_reduced_formula,1000,rf_starter_descriptors,2.92,2.463599999999999
17855,group_reduced_formula,1000,rf_starter_descriptors,2.14,1.676
17864,group_reduced_formula,1000,rf_starter_descriptors,0.84,1.1923999999999995
17872,group_reduced_formula,1000,rf_starter_descriptors,2.18,1.2940000000000007
17873,group_reduced_formula,1000,rf_starter_descriptors,1.0,1.0796
17880,group_reduced_formula,1000,rf_starter_descriptors,1.56,0.9292
17881,group_reduced_formula,1000,rf_starter_descriptors,1.02,1.3536
17896,group_reduced_formula,1000,rf_starter_descriptors,2.38,2.0267999999999997
17897,group_reduced_formula,1000,rf_starter_descriptors,1.1,1.2455999999999998
17898,group_reduced_formula,1000,rf_starter_descriptors,1.18,1.7952000000000001
17904,group_reduced_formula,1000,rf_starter_descriptors,0.56,1.3315999999999997
17906,group_reduced_formula,1000,rf_starter_descriptors,1.62,1.5300000000000005
17909,group_reduced_formula,1000,rf_starter_descriptors,1.42,1.4083999999999994
17919,group_reduced_formula,1000,rf_starter_descriptors,2.5,2.0119999999999996
17920,group_reduced_formula,1000,rf_starter_descriptors,0.8,1.814400000000001
17925,group_reduced_formula,1000,rf_starter_descriptors,2.02,1.2603999999999997
17935,group_reduced_formula,1000,rf_starter_descriptors,0.98,1.0751999999999997
17937,group_reduced_formula,1000,rf_starter_descriptors,0.68,1.0920000000000003
17968,group_reduced_formula,1000,rf_starter_descriptors,1.16,1.2852
17978,group_reduced_formula,1000,rf_starter_descriptors,1.26,1.8563999999999996
17996,group_reduced_formula,1000,rf_starter_descriptors,1.24,1.6608
18002,group_reduced_formula,1000,rf_starter_descriptors,2.54,2.613999999999999
18006,group_reduced_formula,1000,rf_starter_descriptors,1.96,1.1187999999999996
18008,group_reduced_formula,1000,rf_starter_descriptors,1.14,1.6259999999999994
18009,group_reduced_formula,1000,rf_starter_descriptors,2.14,1.2487999999999997
18025,group_reduced_formula,1000,rf_starter_descriptors,0.62,1.3052000000000001
18036,group_reduced_formula,1000,rf_starter_descriptors,1.1,1.4863999999999995
18058,group_reduced_formula,1000,rf_starter_descriptors,1.42,1.4467999999999999
18062,group_reduced_formula,1000,rf_starter_descriptors,1.62,1.4364000000000003
18091,group_reduced_formula,1000,rf_starter_descriptors,2.52,1.0627999999999997
18100,group_reduced_formula,1000,rf_starter_descriptors,2.4,2.6519999999999997
18127,group_reduced_formula,1000,rf_starter_descriptors,0.72,0.9507999999999999
18147,group_reduced_formula,1000,rf_starter_descriptors,0.6,2.663199999999999
18151,group_reduced_formula,1000,rf_starter_descriptors,1.06,0.8452
18165,group_reduced_formula,1000,rf_starter_descriptors,1.06,1.653600000000001
18207,group_reduced_formula,1000,rf_starter_descriptors,0.9,0.948
18213,group_reduced_formula,1000,rf_starter_descriptors,1.2,1.4352000000000007
18221,group_reduced_formula,1000,rf_starter_descriptors,1.64,1.2268000000000003
18224,group_reduced_formula,1000,rf_starter_descriptors,1.42,1.0424000000000002
18226,group_reduced_formula,1000,rf_starter_descriptors,0.76,2.6696000000000004
18229,group_reduced_formula,1000,rf_starter_descriptors,1.1,0.9668000000000002
18236,group_reduced_formula,1000,rf_starter_descriptors,1.7,1.1664
18242,group_reduced_formula,1000,rf_starter_descriptors,0.92,1.5811999999999997
18243,group_reduced_formula,1000,rf_starter_descriptors,1.4,1.382
18248,group_reduced_formula,1000,rf_starter_descriptors,1.18,0.7659999999999999
18251,group_reduced_formula,1000,rf_starter_descriptors,0.42,0.4808000000000001
18252,group_reduced_formula,1000,rf_starter_descriptors,2.46,1.5047999999999997
18258,group_reduced_formula,1000,rf_starter_descriptors,1.22,1.3248
18269,group_reduced_formula,1000,rf_starter_descriptors,2.58,1.9991999999999999
18270,group_reduced_formula,1000,rf_starter_descriptors,0.88,1.1611999999999998
18272,group_reduced_formula,1000,rf_starter_descriptors,1.18,1.4327999999999996
18274,group_reduced_formula,1000,rf_starter_descriptors,1.08,2.0212000000000003
18277,group_reduced_formula,1000,rf_starter_descriptors,2.12,1.4887999999999995
18289,group_reduced_formula,1000,rf_starter_descriptors,1.62,1.7971999999999997
18290,group_reduced_formula,1000,rf_starter_descriptors,1.28,1.5600000000000005
18296,group_reduced_formula,1000,rf_starter_descriptors,1.78,1.0963999999999998
18298,group_reduced_formula,1000,rf_starter_descriptors,0.9,1.4224000000000003
18299,group_reduced_formula,1000,rf_starter_descriptors,2.3,2.3392
18300,group_reduced_formula,1000,rf_starter_descriptors,0.54,1.2823999999999998
18311,group_reduced_formula,1000,rf_starter_descriptors,1.22,1.5804000000000002
18321,group_reduced_formula,1000,rf_starter_descriptors,0.86,1.0375999999999996
18324,group_reduced_formula,1000,rf_starter_descriptors,1.96,1.6995999999999993
18325,group_reduced_formula,1000,rf_starter_descriptors,1.66,2.553199999999999
18335,group_reduced_formula,1000,rf_starter_descriptors,1.22,1.1836000000000002
18350,group_reduced_formula,1000,rf_starter_descriptors,2.06,2.134399999999999
18354,group_reduced_formula,1000,rf_starter_descriptors,0.2,1.4043999999999996
18360,group_reduced_formula,1000,rf_starter_descriptors,0.84,1.3636000000000001
18362,group_reduced_formula,1000,rf_starter_descriptors,0.72,1.1767999999999998
18387,group_reduced_formula,1000,rf_starter_descriptors,1.92,1.7156
18389,group_reduced_formula,1000,rf_starter_descriptors,2.18,2.1231999999999993
18393,group_reduced_formula,1000,rf_starter_descriptors,0.94,1.2220000000000002
18414,group_reduced_formula,1000,rf_starter_descriptors,1.1,1.7676000000000005
18435,group_reduced_formula,1000,rf_starter_descriptors,0.72,0.8872000000000003
18439,group_reduced_formula,1000,rf_starter_descriptors,2.42,2.3271999999999986
18447,group_reduced_formula,1000,rf_starter_descriptors,1.84,1.6760000000000008
18459,group_reduced_formula,1000,rf_starter_descriptors,0.58,1.5447999999999993
18466,group_reduced_formula,1000,rf_starter_descriptors,1.4,2.1536
18468,group_reduced_formula,1000,rf_starter_descriptors,1.68,1.026
18472,group_reduced_formula,1000,rf_starter_descriptors,1.76,1.7192000000000005
18497,group_reduced_formula,1000,rf_starter_descriptors,1.22,1.5803999999999994
18509,group_reduced_formula,1000,rf_starter_descriptors,1.58,1.2848000000000002
18514,group_reduced_formula,1000,rf_starter_descriptors,1.08,1.6935999999999996
18519,group_reduced_formula,1000,rf_starter_descriptors,1.36,1.6332
18557,group_reduced_formula,1000,rf_starter_descriptors,-0.08,1.7216000000000005
18583,group_reduced_formula,1000,rf_starter_descriptors,1.3,0.9364000000000001
18588,group_reduced_formula,1000,rf_starter_descriptors,2.52,1.7191999999999996
18606,group_reduced_formula,1000,rf_starter_descriptors,0.78,1.9504
18607,group_reduced_formula,1000,rf_starter_descriptors,1.6,1.5252000000000001
18615,group_reduced_formula,1000,rf_starter_descriptors,2.06,2.0824
18620,group_reduced_formula,1000,rf_starter_descriptors,0.68,1.0896
18634,group_reduced_formula,1000,rf_starter_descriptors,2.96,2.4832
18639,group_reduced_formula,1000,rf_starter_descriptors,1.3,0.9648
18641,group_reduced_formula,1000,rf_starter_descriptors,1.62,1.7180000000000004
18648,group_reduced_formula,1000,rf_starter_descriptors,1.32,0.9659999999999997
18662,group_reduced_formula,1000,rf_starter_descriptors,1.56,1.8311999999999995
18668,group_reduced_formula,1000,rf_starter_descriptors,1.44,1.1071999999999997
18669,group_reduced_formula,1000,rf_starter_descriptors,0.6,1.2023999999999997
18673,group_reduced_formula,1000,rf_starter_descriptors,2.62,1.4907999999999992
18686,group_reduced_formula,1000,rf_starter_descriptors,0.3,0.38519999999999965
18709,group_reduced_formula,1000,rf_starter_descriptors,1.24,1.3563999999999994
18715,group_reduced_formula,1000,rf_starter_descriptors,1.82,1.0588000000000002
18730,group_reduced_formula,1000,rf_starter_descriptors,1.12,1.4187999999999996
18734,group_reduced_formula,1000,rf_starter_descriptors,1.42,1.214
18736,group_reduced_formula,1000,rf_starter_descriptors,0.56,1.1991999999999994
18737,group_reduced_formula,1000,rf_starter_descriptors,1.58,2.1764
18753,group_reduced_formula,1000,rf_starter_descriptors,1.32,1.5327999999999997
18756,group_reduced_formula,1000,rf_starter_descriptors,1.44,1.8787999999999996
18757,group_reduced_formula,1000,rf_starter_descriptors,0.94,1.2935999999999999
18794,group_reduced_formula,1000,rf_starter_descriptors,1.98,1.6123999999999996
18795,group_reduced_formula,1000,rf_starter_descriptors,0.98,0.7575999999999999
18796,group_reduced_formula,1000,rf_starter_descriptors,1.54,0.9952000000000001
18805,group_reduced_formula,1000,rf_starter_descriptors,2.0,2.691200000000001
18806,group_reduced_formula,1000,rf_starter_descriptors,-0.24,1.13
18808,group_reduced_formula,1000,rf_starter_descriptors,1.5,1.7051999999999998
18825,group_reduced_formula,1000,rf_starter_descriptors,0.68,1.6636000000000002
18840,group_reduced_formula,1000,rf_starter_descriptors,0.9,1.4820000000000002
18843,group_reduced_formula,1000,rf_starter_descriptors,1.14,1.3736
18848,group_reduced_formula,1000,rf_starter_descriptors,1.76,1.3647999999999991
18874,group_reduced_formula,1000,rf_starter_descriptors,0.86,1.0051999999999999
18876,group_reduced_formula,1000,rf_starter_descriptors,1.48,1.3591999999999993
18888,group_reduced_formula,1000,rf_starter_descriptors,1.28,0.8771999999999999
18901,group_reduced_formula,1000,rf_starter_descriptors,0.76,1.7636000000000005
18904,group_reduced_formula,1000,rf_starter_descriptors,2.36,1.5604000000000002
18922,group_reduced_formula,1000,rf_starter_descriptors,1.78,1.6452000000000007
18923,group_reduced_formula,1000,rf_starter_descriptors,1.66,1.5432
18925,group_reduced_formula,1000,rf_starter_descriptors,1.5,1.2780000000000005
