sample_id,split_strategy,budget_label,model,y_true,y_pred
26,group_element_set,4000,dummy_mean,1.18,1.467165
27,group_element_set,4000,dummy_mean,1.24,1.467165
40,group_element_set,4000,dummy_mean,1.16,1.467165
45,group_element_set,4000,dummy_mean,0.6,1.467165
69,group_element_set,4000,dummy_mean,3.34,1.467165
72,group_element_set,4000,dummy_mean,0.82,1.467165
103,group_element_set,4000,dummy_mean,0.42,1.467165
115,group_element_set,4000,dummy_mean,1.04,1.467165
134,group_element_set,4000,dummy_mean,0.56,1.467165
136,group_element_set,4000,dummy_mean,1.5,1.467165
137,group_element_set,4000,dummy_mean,1.6,1.467165
155,group_element_set,4000,dummy_mean,1.28,1.467165
158,group_element_set,4000,dummy_mean,2.48,1.467165
169,group_element_set,4000,dummy_mean,-0.04,1.467165
171,group_element_set,4000,dummy_mean,0.72,1.467165
179,group_element_set,4000,dummy_mean,3.44,1.467165
183,group_element_set,4000,dummy_mean,2.02,1.467165
188,group_element_set,4000,dummy_mean,2.54,1.467165
199,group_element_set,4000,dummy_mean,1.48,1.467165
206,group_element_set,4000,dummy_mean,1.1,1.467165
211,group_element_set,4000,dummy_mean,2.1,1.467165
212,group_element_set,4000,dummy_mean,1.46,1.467165
220,group_element_set,4000,dummy_mean,0.92,1.467165
221,group_element_set,4000,dummy_mean,0.58,1.467165
224,group_element_set,4000,dummy_mean,0.64,1.467165
228,group_element_set,4000,dummy_mean,0.82,1.467165
249,group_element_set,4000,dummy_mean,1.74,1.467165
255,group_element_set,4000,dummy_mean,2.14,1.467165
258,group_element_set,4000,dummy_mean,1.2,1.467165
266,group_element_set,4000,dummy_mean,1.04,1.467165
301,group_element_set,4000,dummy_mean,0.86,1.467165
305,group_element_set,4000,dummy_mean,0.8,1.467165
322,group_element_set,4000,dummy_mean,1.62,1.467165
324,group_element_set,4000,dummy_mean,1.16,1.467165
337,group_element_set,4000,dummy_mean,0.78,1.467165
338,group_element_set,4000,dummy_mean,1.72,1.467165
345,group_element_set,4000,dummy_mean,1.22,1.467165
362,group_element_set,4000,dummy_mean,0.38,1.467165
364,group_element_set,4000,dummy_mean,1.54,1.467165
366,group_element_set,4000,dummy_mean,0.5,1.467165
372,group_element_set,4000,dummy_mean,1.48,1.467165
374,group_element_set,4000,dummy_mean,1.28,1.467165
376,group_element_set,4000,dummy_mean,1.9,1.467165
380,group_element_set,4000,dummy_mean,2.28,1.467165
387,group_element_set,4000,dummy_mean,2.02,1.467165
393,group_element_set,4000,dummy_mean,1.12,1.467165
417,group_element_set,4000,dummy_mean,1.5,1.467165
418,group_element_set,4000,dummy_mean,1.26,1.467165
433,group_element_set,4000,dummy_mean,2.32,1.467165
438,group_element_set,4000,dummy_mean,1.3,1.467165
442,group_element_set,4000,dummy_mean,1.9,1.467165
451,group_element_set,4000,dummy_mean,2.44,1.467165
455,group_element_set,4000,dummy_mean,2.9,1.467165
458,group_element_set,4000,dummy_mean,1.22,1.467165
466,group_element_set,4000,dummy_mean,1.66,1.467165
470,group_element_set,4000,dummy_mean,0.84,1.467165
472,group_element_set,4000,dummy_mean,0.84,1.467165
476,group_element_set,4000,dummy_mean,0.72,1.467165
505,group_element_set,4000,dummy_mean,1.26,1.467165
511,group_element_set,4000,dummy_mean,1.24,1.467165
512,group_element_set,4000,dummy_mean,-0.2,1.467165
515,group_element_set,4000,dummy_mean,0.32,1.467165
521,group_element_set,4000,dummy_mean,1.3,1.467165
532,group_element_set,4000,dummy_mean,1.78,1.467165
559,group_element_set,4000,dummy_mean,2.6,1.467165
564,group_element_set,4000,dummy_mean,1.26,1.467165
578,group_element_set,4000,dummy_mean,1.28,1.467165
583,group_element_set,4000,dummy_mean,0.88,1.467165
591,group_element_set,4000,dummy_mean,0.4,1.467165
595,group_element_set,4000,dummy_mean,1.66,1.467165
598,group_element_set,4000,dummy_mean,2.08,1.467165
614,group_element_set,4000,dummy_mean,2.66,1.467165
616,group_element_set,4000,dummy_mean,-0.06,1.467165
626,group_element_set,4000,dummy_mean,1.52,1.467165
649,group_element_set,4000,dummy_mean,0.68,1.467165
668,group_element_set,4000,dummy_mean,1.28,1.467165
675,group_element_set,4000,dummy_mean,3.02,1.467165
678,group_element_set,4000,dummy_mean,0.9,1.467165
688,group_element_set,4000,dummy_mean,0.76,1.467165
730,group_element_set,4000,dummy_mean,1.68,1.467165
732,group_element_set,4000,dummy_mean,0.4,1.467165
734,group_element_set,4000,dummy_mean,1.32,1.467165
735,group_element_set,4000,dummy_mean,0.8,1.467165
743,group_element_set,4000,dummy_mean,1.64,1.467165
766,group_element_set,4000,dummy_mean,1.88,1.467165
767,group_element_set,4000,dummy_mean,1.58,1.467165
778,group_element_set,4000,dummy_mean,1.04,1.467165
787,group_element_set,4000,dummy_mean,3.56,1.467165
788,group_element_set,4000,dummy_mean,3.04,1.467165
790,group_element_set,4000,dummy_mean,2.16,1.467165
816,group_element_set,4000,dummy_mean,1.06,1.467165
817,group_element_set,4000,dummy_mean,0.56,1.467165
818,group_element_set,4000,dummy_mean,1.08,1.467165
849,group_element_set,4000,dummy_mean,1.38,1.467165
863,group_element_set,4000,dummy_mean,1.58,1.467165
868,group_element_set,4000,dummy_mean,1.2,1.467165
872,group_element_set,4000,dummy_mean,0.8,1.467165
891,group_element_set,4000,dummy_mean,1.02,1.467165
894,group_element_set,4000,dummy_mean,1.58,1.467165
905,group_element_set,4000,dummy_mean,1.48,1.467165
913,group_element_set,4000,dummy_mean,1.18,1.467165
921,group_element_set,4000,dummy_mean,1.9,1.467165
922,group_element_set,4000,dummy_mean,2.58,1.467165
940,group_element_set,4000,dummy_mean,0.72,1.467165
950,group_element_set,4000,dummy_mean,1.0,1.467165
955,group_element_set,4000,dummy_mean,1.32,1.467165
995,group_element_set,4000,dummy_mean,0.68,1.467165
1004,group_element_set,4000,dummy_mean,0.72,1.467165
1010,group_element_set,4000,dummy_mean,2.3,1.467165
1011,group_element_set,4000,dummy_mean,3.42,1.467165
1012,group_element_set,4000,dummy_mean,1.02,1.467165
1018,group_element_set,4000,dummy_mean,1.52,1.467165
1058,group_element_set,4000,dummy_mean,1.2,1.467165
1059,group_element_set,4000,dummy_mean,0.96,1.467165
1061,group_element_set,4000,dummy_mean,0.7,1.467165
1065,group_element_set,4000,dummy_mean,1.46,1.467165
1069,group_element_set,4000,dummy_mean,0.74,1.467165
1074,group_element_set,4000,dummy_mean,1.42,1.467165
1098,group_element_set,4000,dummy_mean,0.8,1.467165
1114,group_element_set,4000,dummy_mean,1.02,1.467165
1116,group_element_set,4000,dummy_mean,1.58,1.467165
1122,group_element_set,4000,dummy_mean,0.48,1.467165
1125,group_element_set,4000,dummy_mean,0.56,1.467165
1133,group_element_set,4000,dummy_mean,0.64,1.467165
1137,group_element_set,4000,dummy_mean,1.26,1.467165
1151,group_element_set,4000,dummy_mean,1.44,1.467165
1153,group_element_set,4000,dummy_mean,0.72,1.467165
1159,group_element_set,4000,dummy_mean,1.86,1.467165
1161,group_element_set,4000,dummy_mean,1.28,1.467165
1176,group_element_set,4000,dummy_mean,1.6,1.467165
1177,group_element_set,4000,dummy_mean,0.46,1.467165
1185,group_element_set,4000,dummy_mean,2.14,1.467165
1203,group_element_set,4000,dummy_mean,1.18,1.467165
1207,group_element_set,4000,dummy_mean,0.46,1.467165
1223,group_element_set,4000,dummy_mean,2.22,1.467165
1235,group_element_set,4000,dummy_mean,1.6,1.467165
1252,group_element_set,4000,dummy_mean,1.84,1.467165
1268,group_element_set,4000,dummy_mean,1.34,1.467165
1270,group_element_set,4000,dummy_mean,1.5,1.467165
1283,group_element_set,4000,dummy_mean,2.4,1.467165
1296,group_element_set,4000,dummy_mean,1.86,1.467165
1297,group_element_set,4000,dummy_mean,1.48,1.467165
1309,group_element_set,4000,dummy_mean,1.84,1.467165
1324,group_element_set,4000,dummy_mean,1.22,1.467165
1335,group_element_set,4000,dummy_mean,1.76,1.467165
1343,group_element_set,4000,dummy_mean,2.02,1.467165
1365,group_element_set,4000,dummy_mean,2.2,1.467165
1373,group_element_set,4000,dummy_mean,0.64,1.467165
1378,group_element_set,4000,dummy_mean,2.1,1.467165
1381,group_element_set,4000,dummy_mean,1.9,1.467165
1382,group_element_set,4000,dummy_mean,2.36,1.467165
1391,group_element_set,4000,dummy_mean,1.92,1.467165
1406,group_element_set,4000,dummy_mean,1.58,1.467165
1419,group_element_set,4000,dummy_mean,1.4,1.467165
1432,group_element_set,4000,dummy_mean,0.98,1.467165
1433,group_element_set,4000,dummy_mean,1.36,1.467165
1436,group_element_set,4000,dummy_mean,2.5,1.467165
1452,group_element_set,4000,dummy_mean,0.84,1.467165
1473,group_element_set,4000,dummy_mean,1.0,1.467165
1479,group_element_set,4000,dummy_mean,1.1,1.467165
1488,group_element_set,4000,dummy_mean,1.04,1.467165
1492,group_element_set,4000,dummy_mean,1.14,1.467165
1499,group_element_set,4000,dummy_mean,2.24,1.467165
1500,group_element_set,4000,dummy_mean,2.02,1.467165
1525,group_element_set,4000,dummy_mean,1.24,1.467165
1534,group_element_set,4000,dummy_mean,1.4,1.467165
1548,group_element_set,4000,dummy_mean,1.12,1.467165
1555,group_element_set,4000,dummy_mean,1.3,1.467165
1565,group_element_set,4000,dummy_mean,1.34,1.467165
1599,group_element_set,4000,dummy_mean,1.02,1.467165
1604,group_element_set,4000,dummy_mean,0.26,1.467165
1612,group_element_set,4000,dummy_mean,2.44,1.467165
1630,group_element_set,4000,dummy_mean,0.58,1.467165
1631,group_element_set,4000,dummy_mean,1.36,1.467165
1635,group_element_set,4000,dummy_mean,0.38,1.467165
1637,group_element_set,4000,dummy_mean,1.38,1.467165
1659,group_element_set,4000,dummy_mean,1.34,1.467165
1664,group_element_set,4000,dummy_mean,2.8,1.467165
1673,group_element_set,4000,dummy_mean,0.4,1.467165
1676,group_element_set,4000,dummy_mean,1.0,1.467165
1678,group_element_set,4000,dummy_mean,0.96,1.467165
1689,group_element_set,4000,dummy_mean,1.46,1.467165
1709,group_element_set,4000,dummy_mean,0.6,1.467165
1716,group_element_set,4000,dummy_mean,2.34,1.467165
1720,group_element_set,4000,dummy_mean,1.68,1.467165
1744,group_element_set,4000,dummy_mean,2.12,1.467165
1746,group_element_set,4000,dummy_mean,1.7,1.467165
1760,group_element_set,4000,dummy_mean,2.98,1.467165
1763,group_element_set,4000,dummy_mean,0.88,1.467165
1770,group_element_set,4000,dummy_mean,0.96,1.467165
1773,group_element_set,4000,dummy_mean,1.94,1.467165
1806,group_element_set,4000,dummy_mean,0.94,1.467165
1811,group_element_set,4000,dummy_mean,0.98,1.467165
1815,group_element_set,4000,dummy_mean,2.02,1.467165
1825,group_element_set,4000,dummy_mean,1.4,1.467165
1831,group_element_set,4000,dummy_mean,0.72,1.467165
1842,group_element_set,4000,dummy_mean,0.94,1.467165
1844,group_element_set,4000,dummy_mean,1.02,1.467165
1849,group_element_set,4000,dummy_mean,1.24,1.467165
1852,group_element_set,4000,dummy_mean,0.36,1.467165
1881,group_element_set,4000,dummy_mean,2.1,1.467165
1882,group_element_set,4000,dummy_mean,1.8,1.467165
1907,group_element_set,4000,dummy_mean,1.22,1.467165
1912,group_element_set,4000,dummy_mean,1.26,1.467165
1924,group_element_set,4000,dummy_mean,2.0,1.467165
1925,group_element_set,4000,dummy_mean,3.26,1.467165
1929,group_element_set,4000,dummy_mean,0.5,1.467165
1944,group_element_set,4000,dummy_mean,0.62,1.467165
1956,group_element_set,4000,dummy_mean,1.36,1.467165
1967,group_element_set,4000,dummy_mean,1.1,1.467165
1977,group_element_set,4000,dummy_mean,1.76,1.467165
1983,group_element_set,4000,dummy_mean,1.16,1.467165
1993,group_element_set,4000,dummy_mean,1.76,1.467165
1999,group_element_set,4000,dummy_mean,1.22,1.467165
2007,group_element_set,4000,dummy_mean,-0.26,1.467165
2009,group_element_set,4000,dummy_mean,1.1,1.467165
2045,group_element_set,4000,dummy_mean,0.96,1.467165
2072,group_element_set,4000,dummy_mean,1.32,1.467165
2077,group_element_set,4000,dummy_mean,0.76,1.467165
2090,group_element_set,4000,dummy_mean,0.66,1.467165
2120,group_element_set,4000,dummy_mean,0.72,1.467165
2131,group_element_set,4000,dummy_mean,0.18,1.467165
2134,group_element_set,4000,dummy_mean,3.18,1.467165
2145,group_element_set,4000,dummy_mean,1.6,1.467165
2153,group_element_set,4000,dummy_mean,2.0,1.467165
2161,group_element_set,4000,dummy_mean,3.44,1.467165
2166,group_element_set,4000,dummy_mean,1.46,1.467165
2167,group_element_set,4000,dummy_mean,2.98,1.467165
2197,group_element_set,4000,dummy_mean,3.1,1.467165
2229,group_element_set,4000,dummy_mean,1.0,1.467165
2235,group_element_set,4000,dummy_mean,0.78,1.467165
2237,group_element_set,4000,dummy_mean,2.22,1.467165
2254,group_element_set,4000,dummy_mean,1.24,1.467165
2262,group_element_set,4000,dummy_mean,1.22,1.467165
2298,group_element_set,4000,dummy_mean,1.52,1.467165
2301,group_element_set,4000,dummy_mean,4.0,1.467165
2305,group_element_set,4000,dummy_mean,2.84,1.467165
2310,group_element_set,4000,dummy_mean,0.24,1.467165
2322,group_element_set,4000,dummy_mean,1.22,1.467165
2335,group_element_set,4000,dummy_mean,1.68,1.467165
2345,group_element_set,4000,dummy_mean,0.84,1.467165
2349,group_element_set,4000,dummy_mean,0.62,1.467165
2357,group_element_set,4000,dummy_mean,0.94,1.467165
2360,group_element_set,4000,dummy_mean,1.82,1.467165
2363,group_element_set,4000,dummy_mean,1.2,1.467165
2380,group_element_set,4000,dummy_mean,2.3,1.467165
2385,group_element_set,4000,dummy_mean,1.78,1.467165
2386,group_element_set,4000,dummy_mean,1.12,1.467165
2396,group_element_set,4000,dummy_mean,0.94,1.467165
2397,group_element_set,4000,dummy_mean,1.1,1.467165
2408,group_element_set,4000,dummy_mean,1.26,1.467165
2412,group_element_set,4000,dummy_mean,0.78,1.467165
2414,group_element_set,4000,dummy_mean,0.76,1.467165
2424,group_element_set,4000,dummy_mean,1.3,1.467165
2453,group_element_set,4000,dummy_mean,3.1,1.467165
2485,group_element_set,4000,dummy_mean,2.82,1.467165
2509,group_element_set,4000,dummy_mean,0.7,1.467165
2527,group_element_set,4000,dummy_mean,1.28,1.467165
2554,group_element_set,4000,dummy_mean,3.26,1.467165
2569,group_element_set,4000,dummy_mean,0.96,1.467165
2590,group_element_set,4000,dummy_mean,1.08,1.467165
2623,group_element_set,4000,dummy_mean,2.0,1.467165
2630,group_element_set,4000,dummy_mean,1.0,1.467165
2632,group_element_set,4000,dummy_mean,2.36,1.467165
2635,group_element_set,4000,dummy_mean,2.18,1.467165
2647,group_element_set,4000,dummy_mean,1.0,1.467165
2657,group_element_set,4000,dummy_mean,2.44,1.467165
2665,group_element_set,4000,dummy_mean,0.76,1.467165
2690,group_element_set,4000,dummy_mean,1.96,1.467165
2705,group_element_set,4000,dummy_mean,0.6,1.467165
2715,group_element_set,4000,dummy_mean,2.16,1.467165
2747,group_element_set,4000,dummy_mean,1.34,1.467165
2752,group_element_set,4000,dummy_mean,1.44,1.467165
2764,group_element_set,4000,dummy_mean,0.88,1.467165
2767,group_element_set,4000,dummy_mean,1.68,1.467165
2777,group_element_set,4000,dummy_mean,1.94,1.467165
2782,group_element_set,4000,dummy_mean,1.24,1.467165
2792,group_element_set,4000,dummy_mean,2.1,1.467165
2799,group_element_set,4000,dummy_mean,1.16,1.467165
2800,group_element_set,4000,dummy_mean,2.26,1.467165
2809,group_element_set,4000,dummy_mean,1.64,1.467165
2812,group_element_set,4000,dummy_mean,-0.58,1.467165
2826,group_element_set,4000,dummy_mean,1.3,1.467165
2836,group_element_set,4000,dummy_mean,2.6,1.467165
2837,group_element_set,4000,dummy_mean,1.1,1.467165
2843,group_element_set,4000,dummy_mean,1.88,1.467165
2849,group_element_set,4000,dummy_mean,1.2,1.467165
2854,group_element_set,4000,dummy_mean,1.88,1.467165
2856,group_element_set,4000,dummy_mean,1.4,1.467165
2864,group_element_set,4000,dummy_mean,1.82,1.467165
2872,group_element_set,4000,dummy_mean,-0.06,1.467165
2881,group_element_set,4000,dummy_mean,1.26,1.467165
2882,group_element_set,4000,dummy_mean,1.08,1.467165
2886,group_element_set,4000,dummy_mean,0.94,1.467165
2887,group_element_set,4000,dummy_mean,1.94,1.467165
2912,group_element_set,4000,dummy_mean,0.6,1.467165
2916,group_element_set,4000,dummy_mean,1.56,1.467165
2928,group_element_set,4000,dummy_mean,1.46,1.467165
2935,group_element_set,4000,dummy_mean,1.48,1.467165
2957,group_element_set,4000,dummy_mean,1.06,1.467165
2972,group_element_set,4000,dummy_mean,0.1,1.467165
2975,group_element_set,4000,dummy_mean,0.56,1.467165
2976,group_element_set,4000,dummy_mean,1.06,1.467165
2993,group_element_set,4000,dummy_mean,1.58,1.467165
2997,group_element_set,4000,dummy_mean,0.5,1.467165
3002,group_element_set,4000,dummy_mean,2.16,1.467165
3012,group_element_set,4000,dummy_mean,0.9,1.467165
3025,group_element_set,4000,dummy_mean,2.42,1.467165
3037,group_element_set,4000,dummy_mean,1.48,1.467165
3048,group_element_set,4000,dummy_mean,0.48,1.467165
3050,group_element_set,4000,dummy_mean,1.32,1.467165
3063,group_element_set,4000,dummy_mean,1.28,1.467165
3106,group_element_set,4000,dummy_mean,0.42,1.467165
3115,group_element_set,4000,dummy_mean,1.6,1.467165
3127,group_element_set,4000,dummy_mean,1.04,1.467165
3129,group_element_set,4000,dummy_mean,2.04,1.467165
3130,group_element_set,4000,dummy_mean,2.76,1.467165
3141,group_element_set,4000,dummy_mean,0.74,1.467165
3143,group_element_set,4000,dummy_mean,1.82,1.467165
3186,group_element_set,4000,dummy_mean,1.62,1.467165
3207,group_element_set,4000,dummy_mean,1.38,1.467165
3238,group_element_set,4000,dummy_mean,1.54,1.467165
3240,group_element_set,4000,dummy_mean,1.08,1.467165
3253,group_element_set,4000,dummy_mean,1.56,1.467165
3255,group_element_set,4000,dummy_mean,0.2,1.467165
3272,group_element_set,4000,dummy_mean,2.32,1.467165
3286,group_element_set,4000,dummy_mean,0.7,1.467165
3293,group_element_set,4000,dummy_mean,1.5,1.467165
3296,group_element_set,4000,dummy_mean,1.52,1.467165
3309,group_element_set,4000,dummy_mean,0.64,1.467165
3310,group_element_set,4000,dummy_mean,0.94,1.467165
3314,group_element_set,4000,dummy_mean,1.4,1.467165
3342,group_element_set,4000,dummy_mean,0.78,1.467165
3356,group_element_set,4000,dummy_mean,0.76,1.467165
3359,group_element_set,4000,dummy_mean,0.5,1.467165
3360,group_element_set,4000,dummy_mean,1.26,1.467165
3362,group_element_set,4000,dummy_mean,0.92,1.467165
3374,group_element_set,4000,dummy_mean,0.84,1.467165
3389,group_element_set,4000,dummy_mean,1.28,1.467165
3390,group_element_set,4000,dummy_mean,0.82,1.467165
3400,group_element_set,4000,dummy_mean,1.18,1.467165
3402,group_element_set,4000,dummy_mean,0.96,1.467165
3407,group_element_set,4000,dummy_mean,1.04,1.467165
3423,group_element_set,4000,dummy_mean,1.32,1.467165
3430,group_element_set,4000,dummy_mean,3.12,1.467165
3434,group_element_set,4000,dummy_mean,1.52,1.467165
3465,group_element_set,4000,dummy_mean,1.8,1.467165
3498,group_element_set,4000,dummy_mean,1.08,1.467165
3532,group_element_set,4000,dummy_mean,1.06,1.467165
3557,group_element_set,4000,dummy_mean,0.6,1.467165
3558,group_element_set,4000,dummy_mean,0.78,1.467165
3569,group_element_set,4000,dummy_mean,1.42,1.467165
3570,group_element_set,4000,dummy_mean,2.66,1.467165
3582,group_element_set,4000,dummy_mean,1.68,1.467165
3584,group_element_set,4000,dummy_mean,1.16,1.467165
3585,group_element_set,4000,dummy_mean,2.34,1.467165
3627,group_element_set,4000,dummy_mean,1.34,1.467165
3647,group_element_set,4000,dummy_mean,2.0,1.467165
3653,group_element_set,4000,dummy_mean,0.66,1.467165
3662,group_element_set,4000,dummy_mean,3.2,1.467165
3671,group_element_set,4000,dummy_mean,1.22,1.467165
3684,group_element_set,4000,dummy_mean,0.36,1.467165
3685,group_element_set,4000,dummy_mean,1.54,1.467165
3686,group_element_set,4000,dummy_mean,1.16,1.467165
3687,group_element_set,4000,dummy_mean,2.08,1.467165
3688,group_element_set,4000,dummy_mean,1.38,1.467165
3689,group_element_set,4000,dummy_mean,1.7,1.467165
3691,group_element_set,4000,dummy_mean,0.7,1.467165
3696,group_element_set,4000,dummy_mean,1.58,1.467165
3714,group_element_set,4000,dummy_mean,3.48,1.467165
3717,group_element_set,4000,dummy_mean,2.54,1.467165
3721,group_element_set,4000,dummy_mean,1.94,1.467165
3725,group_element_set,4000,dummy_mean,2.88,1.467165
3734,group_element_set,4000,dummy_mean,1.22,1.467165
3741,group_element_set,4000,dummy_mean,1.48,1.467165
3742,group_element_set,4000,dummy_mean,2.3,1.467165
3750,group_element_set,4000,dummy_mean,2.88,1.467165
3756,group_element_set,4000,dummy_mean,2.14,1.467165
3768,group_element_set,4000,dummy_mean,1.14,1.467165
3770,group_element_set,4000,dummy_mean,0.74,1.467165
3800,group_element_set,4000,dummy_mean,0.82,1.467165
3822,group_element_set,4000,dummy_mean,2.2,1.467165
3823,group_element_set,4000,dummy_mean,1.7,1.467165
3837,group_element_set,4000,dummy_mean,0.78,1.467165
3839,group_element_set,4000,dummy_mean,0.94,1.467165
3856,group_element_set,4000,dummy_mean,1.34,1.467165
3865,group_element_set,4000,dummy_mean,1.94,1.467165
3892,group_element_set,4000,dummy_mean,1.12,1.467165
3904,group_element_set,4000,dummy_mean,1.2,1.467165
3914,group_element_set,4000,dummy_mean,0.48,1.467165
3923,group_element_set,4000,dummy_mean,2.4,1.467165
3927,group_element_set,4000,dummy_mean,1.3,1.467165
3948,group_element_set,4000,dummy_mean,1.78,1.467165
3961,group_element_set,4000,dummy_mean,-0.1,1.467165
3962,group_element_set,4000,dummy_mean,1.72,1.467165
3984,group_element_set,4000,dummy_mean,1.2,1.467165
3995,group_element_set,4000,dummy_mean,1.36,1.467165
4000,group_element_set,4000,dummy_mean,1.2,1.467165
4005,group_element_set,4000,dummy_mean,1.62,1.467165
4021,group_element_set,4000,dummy_mean,1.32,1.467165
4043,group_element_set,4000,dummy_mean,2.9,1.467165
4044,group_element_set,4000,dummy_mean,0.8,1.467165
4050,group_element_set,4000,dummy_mean,2.0,1.467165
4057,group_element_set,4000,dummy_mean,1.52,1.467165
4073,group_element_set,4000,dummy_mean,1.98,1.467165
4074,group_element_set,4000,dummy_mean,0.6,1.467165
4075,group_element_set,4000,dummy_mean,1.62,1.467165
4083,group_element_set,4000,dummy_mean,0.98,1.467165
4106,group_element_set,4000,dummy_mean,1.44,1.467165
4135,group_element_set,4000,dummy_mean,1.04,1.467165
4144,group_element_set,4000,dummy_mean,0.98,1.467165
4202,group_element_set,4000,dummy_mean,1.22,1.467165
4211,group_element_set,4000,dummy_mean,1.18,1.467165
4221,group_element_set,4000,dummy_mean,0.94,1.467165
4227,group_element_set,4000,dummy_mean,3.98,1.467165
4238,group_element_set,4000,dummy_mean,1.04,1.467165
4244,group_element_set,4000,dummy_mean,0.24,1.467165
4255,group_element_set,4000,dummy_mean,1.16,1.467165
4256,group_element_set,4000,dummy_mean,1.64,1.467165
4257,group_element_set,4000,dummy_mean,1.34,1.467165
4277,group_element_set,4000,dummy_mean,2.26,1.467165
4281,group_element_set,4000,dummy_mean,2.34,1.467165
4284,group_element_set,4000,dummy_mean,0.7,1.467165
4289,group_element_set,4000,dummy_mean,3.66,1.467165
4346,group_element_set,4000,dummy_mean,2.1,1.467165
4349,group_element_set,4000,dummy_mean,1.4,1.467165
4352,group_element_set,4000,dummy_mean,1.8,1.467165
4376,group_element_set,4000,dummy_mean,2.62,1.467165
4412,group_element_set,4000,dummy_mean,0.18,1.467165
4429,group_element_set,4000,dummy_mean,2.0,1.467165
4438,group_element_set,4000,dummy_mean,3.22,1.467165
4440,group_element_set,4000,dummy_mean,1.18,1.467165
4444,group_element_set,4000,dummy_mean,1.42,1.467165
4445,group_element_set,4000,dummy_mean,0.48,1.467165
4458,group_element_set,4000,dummy_mean,1.36,1.467165
4467,group_element_set,4000,dummy_mean,3.02,1.467165
4472,group_element_set,4000,dummy_mean,2.24,1.467165
4482,group_element_set,4000,dummy_mean,1.1,1.467165
4491,group_element_set,4000,dummy_mean,1.02,1.467165
4504,group_element_set,4000,dummy_mean,1.62,1.467165
4512,group_element_set,4000,dummy_mean,1.34,1.467165
4520,group_element_set,4000,dummy_mean,1.52,1.467165
4522,group_element_set,4000,dummy_mean,1.38,1.467165
4526,group_element_set,4000,dummy_mean,1.84,1.467165
4535,group_element_set,4000,dummy_mean,0.74,1.467165
4545,group_element_set,4000,dummy_mean,0.8,1.467165
4547,group_element_set,4000,dummy_mean,0.44,1.467165
4551,group_element_set,4000,dummy_mean,1.32,1.467165
4555,group_element_set,4000,dummy_mean,0.94,1.467165
4569,group_element_set,4000,dummy_mean,1.64,1.467165
4573,group_element_set,4000,dummy_mean,1.04,1.467165
4574,group_element_set,4000,dummy_mean,0.38,1.467165
4581,group_element_set,4000,dummy_mean,1.96,1.467165
4615,group_element_set,4000,dummy_mean,2.3,1.467165
4631,group_element_set,4000,dummy_mean,1.74,1.467165
4632,group_element_set,4000,dummy_mean,0.84,1.467165
4642,group_element_set,4000,dummy_mean,0.84,1.467165
4671,group_element_set,4000,dummy_mean,1.02,1.467165
4673,group_element_set,4000,dummy_mean,4.34,1.467165
4676,group_element_set,4000,dummy_mean,0.68,1.467165
4677,group_element_set,4000,dummy_mean,1.42,1.467165
4684,group_element_set,4000,dummy_mean,1.08,1.467165
4720,group_element_set,4000,dummy_mean,3.54,1.467165
4724,group_element_set,4000,dummy_mean,1.8,1.467165
4730,group_element_set,4000,dummy_mean,1.54,1.467165
4744,group_element_set,4000,dummy_mean,1.96,1.467165
4753,group_element_set,4000,dummy_mean,1.2,1.467165
4754,group_element_set,4000,dummy_mean,1.36,1.467165
4769,group_element_set,4000,dummy_mean,1.42,1.467165
4781,group_element_set,4000,dummy_mean,0.86,1.467165
4795,group_element_set,4000,dummy_mean,1.06,1.467165
4802,group_element_set,4000,dummy_mean,1.56,1.467165
4806,group_element_set,4000,dummy_mean,1.52,1.467165
4812,group_element_set,4000,dummy_mean,0.6,1.467165
4814,group_element_set,4000,dummy_mean,1.66,1.467165
4828,group_element_set,4000,dummy_mean,1.78,1.467165
4830,group_element_set,4000,dummy_mean,2.1,1.467165
4873,group_element_set,4000,dummy_mean,2.58,1.467165
4877,group_element_set,4000,dummy_mean,2.32,1.467165
4894,group_element_set,4000,dummy_mean,1.18,1.467165
4899,group_element_set,4000,dummy_mean,1.08,1.467165
4901,group_element_set,4000,dummy_mean,0.96,1.467165
4903,group_element_set,4000,dummy_mean,1.58,1.467165
4908,group_element_set,4000,dummy_mean,1.02,1.467165
4919,group_element_set,4000,dummy_mean,3.86,1.467165
4932,group_element_set,4000,dummy_mean,2.0,1.467165
4937,group_element_set,4000,dummy_mean,1.7,1.467165
4941,group_element_set,4000,dummy_mean,1.68,1.467165
4945,group_element_set,4000,dummy_mean,3.12,1.467165
4947,group_element_set,4000,dummy_mean,1.24,1.467165
4965,group_element_set,4000,dummy_mean,1.22,1.467165
4982,group_element_set,4000,dummy_mean,0.58,1.467165
4983,group_element_set,4000,dummy_mean,2.7,1.467165
4997,group_element_set,4000,dummy_mean,1.28,1.467165
5001,group_element_set,4000,dummy_mean,1.42,1.467165
5010,group_element_set,4000,dummy_mean,2.52,1.467165
5012,group_element_set,4000,dummy_mean,1.58,1.467165
5025,group_element_set,4000,dummy_mean,1.04,1.467165
5041,group_element_set,4000,dummy_mean,1.8,1.467165
5043,group_element_set,4000,dummy_mean,1.08,1.467165
5057,group_element_set,4000,dummy_mean,1.44,1.467165
5058,group_element_set,4000,dummy_mean,0.7,1.467165
5064,group_element_set,4000,dummy_mean,1.28,1.467165
5096,group_element_set,4000,dummy_mean,4.36,1.467165
5097,group_element_set,4000,dummy_mean,2.5,1.467165
5101,group_element_set,4000,dummy_mean,3.74,1.467165
5108,group_element_set,4000,dummy_mean,1.22,1.467165
5152,group_element_set,4000,dummy_mean,2.76,1.467165
5156,group_element_set,4000,dummy_mean,1.4,1.467165
5167,group_element_set,4000,dummy_mean,0.56,1.467165
5176,group_element_set,4000,dummy_mean,1.46,1.467165
5182,group_element_set,4000,dummy_mean,2.68,1.467165
5184,group_element_set,4000,dummy_mean,1.18,1.467165
5197,group_element_set,4000,dummy_mean,1.74,1.467165
5208,group_element_set,4000,dummy_mean,1.14,1.467165
5213,group_element_set,4000,dummy_mean,2.1,1.467165
5216,group_element_set,4000,dummy_mean,2.08,1.467165
5218,group_element_set,4000,dummy_mean,0.62,1.467165
5219,group_element_set,4000,dummy_mean,2.18,1.467165
5258,group_element_set,4000,dummy_mean,0.86,1.467165
5268,group_element_set,4000,dummy_mean,1.58,1.467165
5275,group_element_set,4000,dummy_mean,0.46,1.467165
5279,group_element_set,4000,dummy_mean,2.48,1.467165
5282,group_element_set,4000,dummy_mean,2.06,1.467165
5288,group_element_set,4000,dummy_mean,2.68,1.467165
5295,group_element_set,4000,dummy_mean,1.04,1.467165
5298,group_element_set,4000,dummy_mean,1.5,1.467165
5331,group_element_set,4000,dummy_mean,1.56,1.467165
5335,group_element_set,4000,dummy_mean,0.62,1.467165
5339,group_element_set,4000,dummy_mean,2.64,1.467165
5348,group_element_set,4000,dummy_mean,1.68,1.467165
5350,group_element_set,4000,dummy_mean,0.42,1.467165
5356,group_element_set,4000,dummy_mean,1.84,1.467165
5372,group_element_set,4000,dummy_mean,2.42,1.467165
5389,group_element_set,4000,dummy_mean,0.96,1.467165
5393,group_element_set,4000,dummy_mean,3.0,1.467165
5403,group_element_set,4000,dummy_mean,1.9,1.467165
5409,group_element_set,4000,dummy_mean,0.66,1.467165
5412,group_element_set,4000,dummy_mean,0.72,1.467165
5415,group_element_set,4000,dummy_mean,2.38,1.467165
5455,group_element_set,4000,dummy_mean,1.04,1.467165
5481,group_element_set,4000,dummy_mean,1.56,1.467165
5491,group_element_set,4000,dummy_mean,1.12,1.467165
5492,group_element_set,4000,dummy_mean,1.88,1.467165
5493,group_element_set,4000,dummy_mean,1.46,1.467165
5497,group_element_set,4000,dummy_mean,0.9,1.467165
5503,group_element_set,4000,dummy_mean,1.48,1.467165
5509,group_element_set,4000,dummy_mean,1.22,1.467165
5512,group_element_set,4000,dummy_mean,1.18,1.467165
5514,group_element_set,4000,dummy_mean,1.48,1.467165
5535,group_element_set,4000,dummy_mean,1.34,1.467165
5574,group_element_set,4000,dummy_mean,1.62,1.467165
5599,group_element_set,4000,dummy_mean,1.32,1.467165
5602,group_element_set,4000,dummy_mean,0.68,1.467165
5616,group_element_set,4000,dummy_mean,1.02,1.467165
5617,group_element_set,4000,dummy_mean,0.92,1.467165
5635,group_element_set,4000,dummy_mean,1.08,1.467165
5669,group_element_set,4000,dummy_mean,2.6,1.467165
5680,group_element_set,4000,dummy_mean,0.34,1.467165
5688,group_element_set,4000,dummy_mean,1.4,1.467165
5706,group_element_set,4000,dummy_mean,0.74,1.467165
5727,group_element_set,4000,dummy_mean,0.3,1.467165
5729,group_element_set,4000,dummy_mean,1.08,1.467165
5748,group_element_set,4000,dummy_mean,1.12,1.467165
5757,group_element_set,4000,dummy_mean,1.38,1.467165
5769,group_element_set,4000,dummy_mean,0.94,1.467165
5822,group_element_set,4000,dummy_mean,1.02,1.467165
5839,group_element_set,4000,dummy_mean,0.88,1.467165
5842,group_element_set,4000,dummy_mean,2.62,1.467165
5857,group_element_set,4000,dummy_mean,1.44,1.467165
5868,group_element_set,4000,dummy_mean,2.3,1.467165
5883,group_element_set,4000,dummy_mean,1.5,1.467165
5905,group_element_set,4000,dummy_mean,1.3,1.467165
5906,group_element_set,4000,dummy_mean,3.06,1.467165
5909,group_element_set,4000,dummy_mean,1.16,1.467165
5910,group_element_set,4000,dummy_mean,0.3,1.467165
5930,group_element_set,4000,dummy_mean,2.4,1.467165
5939,group_element_set,4000,dummy_mean,1.06,1.467165
5950,group_element_set,4000,dummy_mean,0.4,1.467165
5960,group_element_set,4000,dummy_mean,0.32,1.467165
5996,group_element_set,4000,dummy_mean,0.5,1.467165
6002,group_element_set,4000,dummy_mean,0.68,1.467165
6009,group_element_set,4000,dummy_mean,1.72,1.467165
6015,group_element_set,4000,dummy_mean,2.98,1.467165
6021,group_element_set,4000,dummy_mean,0.68,1.467165
6052,group_element_set,4000,dummy_mean,1.52,1.467165
6056,group_element_set,4000,dummy_mean,1.8,1.467165
6057,group_element_set,4000,dummy_mean,2.42,1.467165
6062,group_element_set,4000,dummy_mean,1.96,1.467165
6065,group_element_set,4000,dummy_mean,1.42,1.467165
6081,group_element_set,4000,dummy_mean,1.18,1.467165
6092,group_element_set,4000,dummy_mean,0.54,1.467165
6103,group_element_set,4000,dummy_mean,1.46,1.467165
6106,group_element_set,4000,dummy_mean,1.1,1.467165
6114,group_element_set,4000,dummy_mean,1.94,1.467165
6121,group_element_set,4000,dummy_mean,0.86,1.467165
6123,group_element_set,4000,dummy_mean,1.58,1.467165
6137,group_element_set,4000,dummy_mean,0.62,1.467165
6142,group_element_set,4000,dummy_mean,0.68,1.467165
6156,group_element_set,4000,dummy_mean,0.7,1.467165
6164,group_element_set,4000,dummy_mean,1.12,1.467165
6167,group_element_set,4000,dummy_mean,1.5,1.467165
6177,group_element_set,4000,dummy_mean,2.68,1.467165
6189,group_element_set,4000,dummy_mean,1.02,1.467165
6192,group_element_set,4000,dummy_mean,0.54,1.467165
6220,group_element_set,4000,dummy_mean,1.14,1.467165
6234,group_element_set,4000,dummy_mean,1.38,1.467165
6268,group_element_set,4000,dummy_mean,0.82,1.467165
6281,group_element_set,4000,dummy_mean,0.76,1.467165
6285,group_element_set,4000,dummy_mean,0.8,1.467165
6293,group_element_set,4000,dummy_mean,1.36,1.467165
6294,group_element_set,4000,dummy_mean,0.74,1.467165
6295,group_element_set,4000,dummy_mean,1.78,1.467165
6314,group_element_set,4000,dummy_mean,1.12,1.467165
6324,group_element_set,4000,dummy_mean,2.0,1.467165
6343,group_element_set,4000,dummy_mean,1.82,1.467165
6352,group_element_set,4000,dummy_mean,1.08,1.467165
6354,group_element_set,4000,dummy_mean,2.1,1.467165
6357,group_element_set,4000,dummy_mean,1.46,1.467165
6358,group_element_set,4000,dummy_mean,1.08,1.467165
6403,group_element_set,4000,dummy_mean,1.6,1.467165
6407,group_element_set,4000,dummy_mean,2.7,1.467165
6415,group_element_set,4000,dummy_mean,1.76,1.467165
6420,group_element_set,4000,dummy_mean,1.16,1.467165
6421,group_element_set,4000,dummy_mean,1.64,1.467165
6432,group_element_set,4000,dummy_mean,0.8,1.467165
6444,group_element_set,4000,dummy_mean,0.48,1.467165
6448,group_element_set,4000,dummy_mean,2.88,1.467165
6451,group_element_set,4000,dummy_mean,1.3,1.467165
6453,group_element_set,4000,dummy_mean,1.0,1.467165
6466,group_element_set,4000,dummy_mean,0.36,1.467165
6471,group_element_set,4000,dummy_mean,1.44,1.467165
6472,group_element_set,4000,dummy_mean,0.62,1.467165
6476,group_element_set,4000,dummy_mean,1.72,1.467165
6480,group_element_set,4000,dummy_mean,1.38,1.467165
6483,group_element_set,4000,dummy_mean,1.58,1.467165
6488,group_element_set,4000,dummy_mean,1.44,1.467165
6493,group_element_set,4000,dummy_mean,1.98,1.467165
6497,group_element_set,4000,dummy_mean,1.9,1.467165
6506,group_element_set,4000,dummy_mean,0.62,1.467165
6508,group_element_set,4000,dummy_mean,0.78,1.467165
6511,group_element_set,4000,dummy_mean,0.84,1.467165
6512,group_element_set,4000,dummy_mean,1.72,1.467165
6514,group_element_set,4000,dummy_mean,0.62,1.467165
6516,group_element_set,4000,dummy_mean,2.78,1.467165
6541,group_element_set,4000,dummy_mean,2.48,1.467165
6586,group_element_set,4000,dummy_mean,0.56,1.467165
6590,group_element_set,4000,dummy_mean,0.22,1.467165
6630,group_element_set,4000,dummy_mean,1.66,1.467165
6631,group_element_set,4000,dummy_mean,0.88,1.467165
6646,group_element_set,4000,dummy_mean,0.96,1.467165
6647,group_element_set,4000,dummy_mean,1.48,1.467165
6665,group_element_set,4000,dummy_mean,2.22,1.467165
6680,group_element_set,4000,dummy_mean,1.66,1.467165
6708,group_element_set,4000,dummy_mean,1.2,1.467165
6734,group_element_set,4000,dummy_mean,2.22,1.467165
6741,group_element_set,4000,dummy_mean,1.78,1.467165
6746,group_element_set,4000,dummy_mean,0.66,1.467165
6750,group_element_set,4000,dummy_mean,2.52,1.467165
6753,group_element_set,4000,dummy_mean,1.3,1.467165
6761,group_element_set,4000,dummy_mean,1.5,1.467165
6769,group_element_set,4000,dummy_mean,2.16,1.467165
6810,group_element_set,4000,dummy_mean,2.5,1.467165
6824,group_element_set,4000,dummy_mean,1.22,1.467165
6826,group_element_set,4000,dummy_mean,0.38,1.467165
6829,group_element_set,4000,dummy_mean,1.42,1.467165
6836,group_element_set,4000,dummy_mean,0.36,1.467165
6842,group_element_set,4000,dummy_mean,1.88,1.467165
6846,group_element_set,4000,dummy_mean,0.56,1.467165
6850,group_element_set,4000,dummy_mean,0.66,1.467165
6871,group_element_set,4000,dummy_mean,1.94,1.467165
6884,group_element_set,4000,dummy_mean,0.96,1.467165
6913,group_element_set,4000,dummy_mean,1.5,1.467165
6925,group_element_set,4000,dummy_mean,2.38,1.467165
6940,group_element_set,4000,dummy_mean,3.4,1.467165
6955,group_element_set,4000,dummy_mean,0.92,1.467165
6975,group_element_set,4000,dummy_mean,1.38,1.467165
6987,group_element_set,4000,dummy_mean,1.22,1.467165
7010,group_element_set,4000,dummy_mean,1.48,1.467165
7017,group_element_set,4000,dummy_mean,0.92,1.467165
7027,group_element_set,4000,dummy_mean,0.66,1.467165
7035,group_element_set,4000,dummy_mean,2.26,1.467165
7058,group_element_set,4000,dummy_mean,2.1,1.467165
7061,group_element_set,4000,dummy_mean,0.7,1.467165
7065,group_element_set,4000,dummy_mean,1.78,1.467165
7067,group_element_set,4000,dummy_mean,1.16,1.467165
7069,group_element_set,4000,dummy_mean,2.08,1.467165
7073,group_element_set,4000,dummy_mean,2.4,1.467165
7074,group_element_set,4000,dummy_mean,0.76,1.467165
7088,group_element_set,4000,dummy_mean,0.94,1.467165
7128,group_element_set,4000,dummy_mean,0.46,1.467165
7166,group_element_set,4000,dummy_mean,1.14,1.467165
7178,group_element_set,4000,dummy_mean,1.5,1.467165
7193,group_element_set,4000,dummy_mean,2.14,1.467165
7194,group_element_set,4000,dummy_mean,1.44,1.467165
7209,group_element_set,4000,dummy_mean,2.06,1.467165
7218,group_element_set,4000,dummy_mean,0.78,1.467165
7221,group_element_set,4000,dummy_mean,0.0,1.467165
7234,group_element_set,4000,dummy_mean,1.36,1.467165
7255,group_element_set,4000,dummy_mean,3.12,1.467165
7256,group_element_set,4000,dummy_mean,0.46,1.467165
7257,group_element_set,4000,dummy_mean,0.16,1.467165
7264,group_element_set,4000,dummy_mean,1.7,1.467165
7265,group_element_set,4000,dummy_mean,2.1,1.467165
7281,group_element_set,4000,dummy_mean,1.08,1.467165
7282,group_element_set,4000,dummy_mean,0.76,1.467165
7285,group_element_set,4000,dummy_mean,0.84,1.467165
7293,group_element_set,4000,dummy_mean,1.0,1.467165
7297,group_element_set,4000,dummy_mean,2.26,1.467165
7303,group_element_set,4000,dummy_mean,2.3,1.467165
7320,group_element_set,4000,dummy_mean,0.94,1.467165
7334,group_element_set,4000,dummy_mean,1.2,1.467165
7342,group_element_set,4000,dummy_mean,2.34,1.467165
7346,group_element_set,4000,dummy_mean,2.84,1.467165
7347,group_element_set,4000,dummy_mean,1.78,1.467165
7349,group_element_set,4000,dummy_mean,1.4,1.467165
7359,group_element_set,4000,dummy_mean,1.84,1.467165
7365,group_element_set,4000,dummy_mean,1.26,1.467165
7375,group_element_set,4000,dummy_mean,1.96,1.467165
7396,group_element_set,4000,dummy_mean,1.82,1.467165
7405,group_element_set,4000,dummy_mean,1.6,1.467165
7410,group_element_set,4000,dummy_mean,1.76,1.467165
7415,group_element_set,4000,dummy_mean,-0.24,1.467165
7425,group_element_set,4000,dummy_mean,0.26,1.467165
7456,group_element_set,4000,dummy_mean,1.86,1.467165
7458,group_element_set,4000,dummy_mean,1.38,1.467165
7469,group_element_set,4000,dummy_mean,1.98,1.467165
7482,group_element_set,4000,dummy_mean,1.14,1.467165
7500,group_element_set,4000,dummy_mean,1.36,1.467165
7516,group_element_set,4000,dummy_mean,1.44,1.467165
7543,group_element_set,4000,dummy_mean,1.7,1.467165
7547,group_element_set,4000,dummy_mean,1.52,1.467165
7549,group_element_set,4000,dummy_mean,1.5,1.467165
7560,group_element_set,4000,dummy_mean,2.36,1.467165
7570,group_element_set,4000,dummy_mean,0.34,1.467165
7571,group_element_set,4000,dummy_mean,1.44,1.467165
7591,group_element_set,4000,dummy_mean,1.54,1.467165
7598,group_element_set,4000,dummy_mean,1.0,1.467165
7603,group_element_set,4000,dummy_mean,1.82,1.467165
7608,group_element_set,4000,dummy_mean,1.44,1.467165
7617,group_element_set,4000,dummy_mean,1.18,1.467165
7621,group_element_set,4000,dummy_mean,1.5,1.467165
7643,group_element_set,4000,dummy_mean,1.02,1.467165
7652,group_element_set,4000,dummy_mean,1.48,1.467165
7664,group_element_set,4000,dummy_mean,1.54,1.467165
7670,group_element_set,4000,dummy_mean,1.54,1.467165
7679,group_element_set,4000,dummy_mean,3.62,1.467165
7690,group_element_set,4000,dummy_mean,1.7,1.467165
7725,group_element_set,4000,dummy_mean,1.12,1.467165
7728,group_element_set,4000,dummy_mean,1.34,1.467165
7729,group_element_set,4000,dummy_mean,1.48,1.467165
7737,group_element_set,4000,dummy_mean,0.84,1.467165
7745,group_element_set,4000,dummy_mean,1.5,1.467165
7747,group_element_set,4000,dummy_mean,1.2,1.467165
7752,group_element_set,4000,dummy_mean,1.68,1.467165
7773,group_element_set,4000,dummy_mean,1.26,1.467165
7777,group_element_set,4000,dummy_mean,1.28,1.467165
7780,group_element_set,4000,dummy_mean,1.64,1.467165
7791,group_element_set,4000,dummy_mean,1.58,1.467165
7803,group_element_set,4000,dummy_mean,1.1,1.467165
7812,group_element_set,4000,dummy_mean,1.58,1.467165
7828,group_element_set,4000,dummy_mean,1.84,1.467165
7830,group_element_set,4000,dummy_mean,1.76,1.467165
7870,group_element_set,4000,dummy_mean,1.08,1.467165
7890,group_element_set,4000,dummy_mean,1.38,1.467165
7891,group_element_set,4000,dummy_mean,1.98,1.467165
7894,group_element_set,4000,dummy_mean,2.84,1.467165
7898,group_element_set,4000,dummy_mean,1.04,1.467165
7899,group_element_set,4000,dummy_mean,1.0,1.467165
7908,group_element_set,4000,dummy_mean,0.8,1.467165
7924,group_element_set,4000,dummy_mean,0.88,1.467165
7927,group_element_set,4000,dummy_mean,1.48,1.467165
7929,group_element_set,4000,dummy_mean,1.34,1.467165
7941,group_element_set,4000,dummy_mean,0.76,1.467165
7955,group_element_set,4000,dummy_mean,1.54,1.467165
7966,group_element_set,4000,dummy_mean,1.08,1.467165
7973,group_element_set,4000,dummy_mean,1.8,1.467165
7982,group_element_set,4000,dummy_mean,1.72,1.467165
8022,group_element_set,4000,dummy_mean,3.26,1.467165
8025,group_element_set,4000,dummy_mean,2.32,1.467165
8028,group_element_set,4000,dummy_mean,1.32,1.467165
8035,group_element_set,4000,dummy_mean,1.54,1.467165
8060,group_element_set,4000,dummy_mean,1.26,1.467165
8068,group_element_set,4000,dummy_mean,2.3,1.467165
8073,group_element_set,4000,dummy_mean,0.94,1.467165
8074,group_element_set,4000,dummy_mean,0.8,1.467165
8086,group_element_set,4000,dummy_mean,0.9,1.467165
8094,group_element_set,4000,dummy_mean,2.98,1.467165
8108,group_element_set,4000,dummy_mean,1.56,1.467165
8125,group_element_set,4000,dummy_mean,2.46,1.467165
8146,group_element_set,4000,dummy_mean,0.5,1.467165
8148,group_element_set,4000,dummy_mean,1.42,1.467165
8180,group_element_set,4000,dummy_mean,1.94,1.467165
8183,group_element_set,4000,dummy_mean,1.84,1.467165
8187,group_element_set,4000,dummy_mean,1.52,1.467165
8189,group_element_set,4000,dummy_mean,2.32,1.467165
8197,group_element_set,4000,dummy_mean,1.48,1.467165
8207,group_element_set,4000,dummy_mean,0.76,1.467165
8227,group_element_set,4000,dummy_mean,1.88,1.467165
8229,group_element_set,4000,dummy_mean,1.66,1.467165
8242,group_element_set,4000,dummy_mean,1.24,1.467165
8246,group_element_set,4000,dummy_mean,2.04,1.467165
8263,group_element_set,4000,dummy_mean,1.66,1.467165
8269,group_element_set,4000,dummy_mean,1.3,1.467165
8276,group_element_set,4000,dummy_mean,0.86,1.467165
8289,group_element_set,4000,dummy_mean,0.86,1.467165
8296,group_element_set,4000,dummy_mean,2.66,1.467165
8299,group_element_set,4000,dummy_mean,1.7,1.467165
8313,group_element_set,4000,dummy_mean,4.04,1.467165
8329,group_element_set,4000,dummy_mean,1.46,1.467165
8335,group_element_set,4000,dummy_mean,1.94,1.467165
8343,group_element_set,4000,dummy_mean,0.7,1.467165
8345,group_element_set,4000,dummy_mean,0.52,1.467165
8350,group_element_set,4000,dummy_mean,2.2,1.467165
8359,group_element_set,4000,dummy_mean,1.88,1.467165
8367,group_element_set,4000,dummy_mean,0.62,1.467165
8377,group_element_set,4000,dummy_mean,0.66,1.467165
8387,group_element_set,4000,dummy_mean,1.42,1.467165
8402,group_element_set,4000,dummy_mean,0.96,1.467165
8409,group_element_set,4000,dummy_mean,1.32,1.467165
8414,group_element_set,4000,dummy_mean,1.38,1.467165
8422,group_element_set,4000,dummy_mean,1.0,1.467165
8446,group_element_set,4000,dummy_mean,2.52,1.467165
8455,group_element_set,4000,dummy_mean,0.7,1.467165
8457,group_element_set,4000,dummy_mean,0.56,1.467165
8458,group_element_set,4000,dummy_mean,1.32,1.467165
8464,group_element_set,4000,dummy_mean,2.94,1.467165
8487,group_element_set,4000,dummy_mean,0.52,1.467165
8508,group_element_set,4000,dummy_mean,0.76,1.467165
8511,group_element_set,4000,dummy_mean,1.3,1.467165
8517,group_element_set,4000,dummy_mean,1.54,1.467165
8537,group_element_set,4000,dummy_mean,2.18,1.467165
8538,group_element_set,4000,dummy_mean,1.38,1.467165
8568,group_element_set,4000,dummy_mean,1.86,1.467165
8586,group_element_set,4000,dummy_mean,1.82,1.467165
8608,group_element_set,4000,dummy_mean,1.16,1.467165
8610,group_element_set,4000,dummy_mean,0.54,1.467165
8615,group_element_set,4000,dummy_mean,0.34,1.467165
8618,group_element_set,4000,dummy_mean,1.98,1.467165
8620,group_element_set,4000,dummy_mean,1.84,1.467165
8634,group_element_set,4000,dummy_mean,1.68,1.467165
8636,group_element_set,4000,dummy_mean,1.32,1.467165
8663,group_element_set,4000,dummy_mean,1.76,1.467165
8678,group_element_set,4000,dummy_mean,1.92,1.467165
8682,group_element_set,4000,dummy_mean,0.92,1.467165
8683,group_element_set,4000,dummy_mean,0.36,1.467165
8695,group_element_set,4000,dummy_mean,0.86,1.467165
8697,group_element_set,4000,dummy_mean,1.38,1.467165
8708,group_element_set,4000,dummy_mean,1.3,1.467165
8712,group_element_set,4000,dummy_mean,1.32,1.467165
8713,group_element_set,4000,dummy_mean,0.1,1.467165
8718,group_element_set,4000,dummy_mean,1.14,1.467165
8720,group_element_set,4000,dummy_mean,1.48,1.467165
8723,group_element_set,4000,dummy_mean,0.9,1.467165
8738,group_element_set,4000,dummy_mean,0.82,1.467165
8744,group_element_set,4000,dummy_mean,0.76,1.467165
8746,group_element_set,4000,dummy_mean,0.22,1.467165
8768,group_element_set,4000,dummy_mean,1.76,1.467165
8779,group_element_set,4000,dummy_mean,3.88,1.467165
8782,group_element_set,4000,dummy_mean,2.46,1.467165
8783,group_element_set,4000,dummy_mean,2.8,1.467165
8785,group_element_set,4000,dummy_mean,1.56,1.467165
8797,group_element_set,4000,dummy_mean,0.12,1.467165
8814,group_element_set,4000,dummy_mean,2.56,1.467165
8843,group_element_set,4000,dummy_mean,1.52,1.467165
8868,group_element_set,4000,dummy_mean,1.18,1.467165
8878,group_element_set,4000,dummy_mean,1.72,1.467165
8916,group_element_set,4000,dummy_mean,1.22,1.467165
8923,group_element_set,4000,dummy_mean,1.42,1.467165
8925,group_element_set,4000,dummy_mean,3.94,1.467165
8927,group_element_set,4000,dummy_mean,1.34,1.467165
8948,group_element_set,4000,dummy_mean,1.26,1.467165
8953,group_element_set,4000,dummy_mean,1.66,1.467165
8973,group_element_set,4000,dummy_mean,1.3,1.467165
8984,group_element_set,4000,dummy_mean,1.12,1.467165
8986,group_element_set,4000,dummy_mean,1.02,1.467165
8992,group_element_set,4000,dummy_mean,1.48,1.467165
9003,group_element_set,4000,dummy_mean,2.14,1.467165
9012,group_element_set,4000,dummy_mean,1.38,1.467165
9013,group_element_set,4000,dummy_mean,0.88,1.467165
9032,group_element_set,4000,dummy_mean,1.72,1.467165
9038,group_element_set,4000,dummy_mean,1.9,1.467165
9045,group_element_set,4000,dummy_mean,1.28,1.467165
9049,group_element_set,4000,dummy_mean,0.78,1.467165
9062,group_element_set,4000,dummy_mean,1.14,1.467165
9065,group_element_set,4000,dummy_mean,2.76,1.467165
9080,group_element_set,4000,dummy_mean,1.34,1.467165
9096,group_element_set,4000,dummy_mean,1.1,1.467165
9100,group_element_set,4000,dummy_mean,2.8,1.467165
9105,group_element_set,4000,dummy_mean,1.2,1.467165
9113,group_element_set,4000,dummy_mean,1.38,1.467165
9115,group_element_set,4000,dummy_mean,0.54,1.467165
9124,group_element_set,4000,dummy_mean,0.72,1.467165
9129,group_element_set,4000,dummy_mean,3.7,1.467165
9139,group_element_set,4000,dummy_mean,1.0,1.467165
9154,group_element_set,4000,dummy_mean,1.78,1.467165
9191,group_element_set,4000,dummy_mean,1.64,1.467165
9196,group_element_set,4000,dummy_mean,1.72,1.467165
9207,group_element_set,4000,dummy_mean,3.52,1.467165
9212,group_element_set,4000,dummy_mean,1.36,1.467165
9221,group_element_set,4000,dummy_mean,0.92,1.467165
9238,group_element_set,4000,dummy_mean,1.22,1.467165
9240,group_element_set,4000,dummy_mean,1.84,1.467165
9242,group_element_set,4000,dummy_mean,4.08,1.467165
9254,group_element_set,4000,dummy_mean,2.2,1.467165
9277,group_element_set,4000,dummy_mean,0.42,1.467165
9283,group_element_set,4000,dummy_mean,0.14,1.467165
9285,group_element_set,4000,dummy_mean,2.48,1.467165
9294,group_element_set,4000,dummy_mean,1.84,1.467165
9296,group_element_set,4000,dummy_mean,1.58,1.467165
9307,group_element_set,4000,dummy_mean,0.7,1.467165
9312,group_element_set,4000,dummy_mean,2.3,1.467165
9322,group_element_set,4000,dummy_mean,2.1,1.467165
9340,group_element_set,4000,dummy_mean,2.3,1.467165
9341,group_element_set,4000,dummy_mean,1.8,1.467165
9351,group_element_set,4000,dummy_mean,1.12,1.467165
9352,group_element_set,4000,dummy_mean,2.14,1.467165
9353,group_element_set,4000,dummy_mean,3.02,1.467165
9356,group_element_set,4000,dummy_mean,1.12,1.467165
9357,group_element_set,4000,dummy_mean,0.82,1.467165
9376,group_element_set,4000,dummy_mean,1.98,1.467165
9377,group_element_set,4000,dummy_mean,2.26,1.467165
9396,group_element_set,4000,dummy_mean,0.82,1.467165
9397,group_element_set,4000,dummy_mean,4.24,1.467165
9422,group_element_set,4000,dummy_mean,1.7,1.467165
9425,group_element_set,4000,dummy_mean,2.4,1.467165
9432,group_element_set,4000,dummy_mean,0.68,1.467165
9438,group_element_set,4000,dummy_mean,2.58,1.467165
9439,group_element_set,4000,dummy_mean,0.92,1.467165
9440,group_element_set,4000,dummy_mean,1.22,1.467165
9465,group_element_set,4000,dummy_mean,1.72,1.467165
9480,group_element_set,4000,dummy_mean,2.14,1.467165
9481,group_element_set,4000,dummy_mean,2.92,1.467165
9506,group_element_set,4000,dummy_mean,1.52,1.467165
9508,group_element_set,4000,dummy_mean,2.16,1.467165
9519,group_element_set,4000,dummy_mean,1.58,1.467165
9520,group_element_set,4000,dummy_mean,1.28,1.467165
9522,group_element_set,4000,dummy_mean,2.18,1.467165
9529,group_element_set,4000,dummy_mean,0.68,1.467165
9535,group_element_set,4000,dummy_mean,1.78,1.467165
9536,group_element_set,4000,dummy_mean,1.16,1.467165
9538,group_element_set,4000,dummy_mean,0.56,1.467165
9561,group_element_set,4000,dummy_mean,1.7,1.467165
9572,group_element_set,4000,dummy_mean,1.28,1.467165
9576,group_element_set,4000,dummy_mean,1.58,1.467165
9601,group_element_set,4000,dummy_mean,1.4,1.467165
9602,group_element_set,4000,dummy_mean,1.92,1.467165
9607,group_element_set,4000,dummy_mean,0.2,1.467165
9608,group_element_set,4000,dummy_mean,0.12,1.467165
9610,group_element_set,4000,dummy_mean,0.46,1.467165
9614,group_element_set,4000,dummy_mean,0.38,1.467165
9615,group_element_set,4000,dummy_mean,1.86,1.467165
9623,group_element_set,4000,dummy_mean,1.52,1.467165
9635,group_element_set,4000,dummy_mean,1.94,1.467165
9638,group_element_set,4000,dummy_mean,1.96,1.467165
9647,group_element_set,4000,dummy_mean,0.42,1.467165
9657,group_element_set,4000,dummy_mean,1.64,1.467165
9694,group_element_set,4000,dummy_mean,2.66,1.467165
9722,group_element_set,4000,dummy_mean,2.82,1.467165
9734,group_element_set,4000,dummy_mean,1.26,1.467165
9773,group_element_set,4000,dummy_mean,0.62,1.467165
9781,group_element_set,4000,dummy_mean,2.1,1.467165
9800,group_element_set,4000,dummy_mean,0.86,1.467165
9803,group_element_set,4000,dummy_mean,0.64,1.467165
9808,group_element_set,4000,dummy_mean,1.78,1.467165
9809,group_element_set,4000,dummy_mean,2.34,1.467165
9812,group_element_set,4000,dummy_mean,0.82,1.467165
9826,group_element_set,4000,dummy_mean,1.8,1.467165
9832,group_element_set,4000,dummy_mean,2.5,1.467165
9835,group_element_set,4000,dummy_mean,1.64,1.467165
9837,group_element_set,4000,dummy_mean,1.38,1.467165
9842,group_element_set,4000,dummy_mean,1.1,1.467165
9852,group_element_set,4000,dummy_mean,1.72,1.467165
9861,group_element_set,4000,dummy_mean,1.6,1.467165
9871,group_element_set,4000,dummy_mean,1.26,1.467165
9888,group_element_set,4000,dummy_mean,1.22,1.467165
9903,group_element_set,4000,dummy_mean,1.48,1.467165
9906,group_element_set,4000,dummy_mean,1.78,1.467165
9908,group_element_set,4000,dummy_mean,0.66,1.467165
9912,group_element_set,4000,dummy_mean,1.46,1.467165
9933,group_element_set,4000,dummy_mean,1.92,1.467165
9936,group_element_set,4000,dummy_mean,2.74,1.467165
10000,group_element_set,4000,dummy_mean,1.9,1.467165
10009,group_element_set,4000,dummy_mean,1.14,1.467165
10019,group_element_set,4000,dummy_mean,0.68,1.467165
10020,group_element_set,4000,dummy_mean,0.56,1.467165
10033,group_element_set,4000,dummy_mean,1.36,1.467165
10037,group_element_set,4000,dummy_mean,0.7,1.467165
10057,group_element_set,4000,dummy_mean,0.24,1.467165
10077,group_element_set,4000,dummy_mean,0.66,1.467165
10079,group_element_set,4000,dummy_mean,2.1,1.467165
10084,group_element_set,4000,dummy_mean,1.32,1.467165
10087,group_element_set,4000,dummy_mean,2.54,1.467165
10088,group_element_set,4000,dummy_mean,1.8,1.467165
10095,group_element_set,4000,dummy_mean,2.16,1.467165
10096,group_element_set,4000,dummy_mean,1.66,1.467165
10103,group_element_set,4000,dummy_mean,2.58,1.467165
10123,group_element_set,4000,dummy_mean,1.7,1.467165
10135,group_element_set,4000,dummy_mean,1.8,1.467165
10138,group_element_set,4000,dummy_mean,2.0,1.467165
10146,group_element_set,4000,dummy_mean,1.16,1.467165
10158,group_element_set,4000,dummy_mean,0.64,1.467165
10160,group_element_set,4000,dummy_mean,2.1,1.467165
10163,group_element_set,4000,dummy_mean,1.86,1.467165
10169,group_element_set,4000,dummy_mean,2.36,1.467165
10173,group_element_set,4000,dummy_mean,1.5,1.467165
10174,group_element_set,4000,dummy_mean,1.9,1.467165
10191,group_element_set,4000,dummy_mean,2.38,1.467165
10199,group_element_set,4000,dummy_mean,0.52,1.467165
10208,group_element_set,4000,dummy_mean,1.14,1.467165
10211,group_element_set,4000,dummy_mean,0.98,1.467165
10212,group_element_set,4000,dummy_mean,2.48,1.467165
10216,group_element_set,4000,dummy_mean,1.54,1.467165
10218,group_element_set,4000,dummy_mean,2.34,1.467165
10258,group_element_set,4000,dummy_mean,1.78,1.467165
10259,group_element_set,4000,dummy_mean,1.62,1.467165
10282,group_element_set,4000,dummy_mean,0.62,1.467165
10284,group_element_set,4000,dummy_mean,1.82,1.467165
10305,group_element_set,4000,dummy_mean,2.18,1.467165
10306,group_element_set,4000,dummy_mean,0.98,1.467165
10318,group_element_set,4000,dummy_mean,0.5,1.467165
10326,group_element_set,4000,dummy_mean,1.52,1.467165
10327,group_element_set,4000,dummy_mean,1.44,1.467165
10331,group_element_set,4000,dummy_mean,1.3,1.467165
10340,group_element_set,4000,dummy_mean,1.6,1.467165
10348,group_element_set,4000,dummy_mean,1.88,1.467165
10350,group_element_set,4000,dummy_mean,1.3,1.467165
10351,group_element_set,4000,dummy_mean,1.66,1.467165
10374,group_element_set,4000,dummy_mean,0.92,1.467165
10377,group_element_set,4000,dummy_mean,1.04,1.467165
10384,group_element_set,4000,dummy_mean,0.8,1.467165
10389,group_element_set,4000,dummy_mean,0.7,1.467165
10400,group_element_set,4000,dummy_mean,1.6,1.467165
10420,group_element_set,4000,dummy_mean,1.42,1.467165
10423,group_element_set,4000,dummy_mean,1.48,1.467165
10428,group_element_set,4000,dummy_mean,3.4,1.467165
10461,group_element_set,4000,dummy_mean,0.9,1.467165
10484,group_element_set,4000,dummy_mean,0.5,1.467165
10491,group_element_set,4000,dummy_mean,3.32,1.467165
10505,group_element_set,4000,dummy_mean,2.26,1.467165
10514,group_element_set,4000,dummy_mean,1.54,1.467165
10515,group_element_set,4000,dummy_mean,0.84,1.467165
10543,group_element_set,4000,dummy_mean,2.42,1.467165
10580,group_element_set,4000,dummy_mean,1.3,1.467165
10591,group_element_set,4000,dummy_mean,1.52,1.467165
10594,group_element_set,4000,dummy_mean,0.82,1.467165
10600,group_element_set,4000,dummy_mean,0.8,1.467165
10605,group_element_set,4000,dummy_mean,2.26,1.467165
10610,group_element_set,4000,dummy_mean,1.86,1.467165
10614,group_element_set,4000,dummy_mean,1.3,1.467165
10618,group_element_set,4000,dummy_mean,3.44,1.467165
10619,group_element_set,4000,dummy_mean,1.16,1.467165
10627,group_element_set,4000,dummy_mean,1.1,1.467165
10632,group_element_set,4000,dummy_mean,0.8,1.467165
10634,group_element_set,4000,dummy_mean,3.68,1.467165
10639,group_element_set,4000,dummy_mean,-0.16,1.467165
10644,group_element_set,4000,dummy_mean,2.6,1.467165
10647,group_element_set,4000,dummy_mean,1.38,1.467165
10654,group_element_set,4000,dummy_mean,2.0,1.467165
10659,group_element_set,4000,dummy_mean,1.6,1.467165
10660,group_element_set,4000,dummy_mean,2.32,1.467165
10665,group_element_set,4000,dummy_mean,1.6,1.467165
10666,group_element_set,4000,dummy_mean,0.18,1.467165
10667,group_element_set,4000,dummy_mean,1.14,1.467165
10707,group_element_set,4000,dummy_mean,0.96,1.467165
10725,group_element_set,4000,dummy_mean,1.2,1.467165
10729,group_element_set,4000,dummy_mean,2.1,1.467165
10742,group_element_set,4000,dummy_mean,2.48,1.467165
10761,group_element_set,4000,dummy_mean,2.82,1.467165
10780,group_element_set,4000,dummy_mean,1.98,1.467165
10823,group_element_set,4000,dummy_mean,1.48,1.467165
10826,group_element_set,4000,dummy_mean,2.72,1.467165
10841,group_element_set,4000,dummy_mean,0.9,1.467165
10846,group_element_set,4000,dummy_mean,1.02,1.467165
10851,group_element_set,4000,dummy_mean,1.28,1.467165
10854,group_element_set,4000,dummy_mean,0.3,1.467165
10866,group_element_set,4000,dummy_mean,4.18,1.467165
10868,group_element_set,4000,dummy_mean,2.14,1.467165
10873,group_element_set,4000,dummy_mean,1.22,1.467165
10894,group_element_set,4000,dummy_mean,1.58,1.467165
10902,group_element_set,4000,dummy_mean,2.8,1.467165
10912,group_element_set,4000,dummy_mean,0.22,1.467165
10925,group_element_set,4000,dummy_mean,1.56,1.467165
10926,group_element_set,4000,dummy_mean,0.48,1.467165
10927,group_element_set,4000,dummy_mean,0.28,1.467165
10956,group_element_set,4000,dummy_mean,1.24,1.467165
10971,group_element_set,4000,dummy_mean,2.1,1.467165
10977,group_element_set,4000,dummy_mean,1.2,1.467165
10983,group_element_set,4000,dummy_mean,2.3,1.467165
10987,group_element_set,4000,dummy_mean,1.42,1.467165
10991,group_element_set,4000,dummy_mean,0.44,1.467165
10996,group_element_set,4000,dummy_mean,0.64,1.467165
11031,group_element_set,4000,dummy_mean,0.56,1.467165
11033,group_element_set,4000,dummy_mean,1.62,1.467165
11035,group_element_set,4000,dummy_mean,0.94,1.467165
11037,group_element_set,4000,dummy_mean,1.54,1.467165
11040,group_element_set,4000,dummy_mean,1.26,1.467165
11042,group_element_set,4000,dummy_mean,1.04,1.467165
11044,group_element_set,4000,dummy_mean,1.02,1.467165
11065,group_element_set,4000,dummy_mean,0.94,1.467165
11082,group_element_set,4000,dummy_mean,1.22,1.467165
11095,group_element_set,4000,dummy_mean,0.1,1.467165
11102,group_element_set,4000,dummy_mean,0.4,1.467165
11107,group_element_set,4000,dummy_mean,0.48,1.467165
11109,group_element_set,4000,dummy_mean,1.64,1.467165
11113,group_element_set,4000,dummy_mean,1.2,1.467165
11115,group_element_set,4000,dummy_mean,1.14,1.467165
11148,group_element_set,4000,dummy_mean,1.36,1.467165
11163,group_element_set,4000,dummy_mean,2.8,1.467165
11190,group_element_set,4000,dummy_mean,1.64,1.467165
11196,group_element_set,4000,dummy_mean,1.04,1.467165
11201,group_element_set,4000,dummy_mean,1.54,1.467165
11212,group_element_set,4000,dummy_mean,2.6,1.467165
11227,group_element_set,4000,dummy_mean,3.36,1.467165
11230,group_element_set,4000,dummy_mean,0.12,1.467165
11231,group_element_set,4000,dummy_mean,1.38,1.467165
11267,group_element_set,4000,dummy_mean,0.78,1.467165
11268,group_element_set,4000,dummy_mean,-0.04,1.467165
11274,group_element_set,4000,dummy_mean,1.64,1.467165
11277,group_element_set,4000,dummy_mean,1.2,1.467165
11285,group_element_set,4000,dummy_mean,1.36,1.467165
11289,group_element_set,4000,dummy_mean,1.94,1.467165
11301,group_element_set,4000,dummy_mean,1.88,1.467165
11311,group_element_set,4000,dummy_mean,1.88,1.467165
11323,group_element_set,4000,dummy_mean,1.5,1.467165
11326,group_element_set,4000,dummy_mean,1.08,1.467165
11332,group_element_set,4000,dummy_mean,1.46,1.467165
11334,group_element_set,4000,dummy_mean,1.74,1.467165
11342,group_element_set,4000,dummy_mean,2.16,1.467165
11349,group_element_set,4000,dummy_mean,2.2,1.467165
11362,group_element_set,4000,dummy_mean,1.92,1.467165
11368,group_element_set,4000,dummy_mean,0.76,1.467165
11385,group_element_set,4000,dummy_mean,1.54,1.467165
11387,group_element_set,4000,dummy_mean,0.66,1.467165
11390,group_element_set,4000,dummy_mean,1.46,1.467165
11398,group_element_set,4000,dummy_mean,0.98,1.467165
11417,group_element_set,4000,dummy_mean,1.66,1.467165
11418,group_element_set,4000,dummy_mean,1.86,1.467165
11433,group_element_set,4000,dummy_mean,0.46,1.467165
11443,group_element_set,4000,dummy_mean,0.48,1.467165
11451,group_element_set,4000,dummy_mean,1.24,1.467165
11452,group_element_set,4000,dummy_mean,2.02,1.467165
11456,group_element_set,4000,dummy_mean,1.04,1.467165
11458,group_element_set,4000,dummy_mean,0.8,1.467165
11466,group_element_set,4000,dummy_mean,2.54,1.467165
11468,group_element_set,4000,dummy_mean,1.88,1.467165
11472,group_element_set,4000,dummy_mean,2.96,1.467165
11482,group_element_set,4000,dummy_mean,0.86,1.467165
11484,group_element_set,4000,dummy_mean,1.52,1.467165
11487,group_element_set,4000,dummy_mean,1.04,1.467165
11490,group_element_set,4000,dummy_mean,1.62,1.467165
11500,group_element_set,4000,dummy_mean,0.74,1.467165
11515,group_element_set,4000,dummy_mean,0.66,1.467165
11516,group_element_set,4000,dummy_mean,1.34,1.467165
11519,group_element_set,4000,dummy_mean,1.62,1.467165
11520,group_element_set,4000,dummy_mean,0.58,1.467165
11527,group_element_set,4000,dummy_mean,2.8,1.467165
11529,group_element_set,4000,dummy_mean,2.7,1.467165
11538,group_element_set,4000,dummy_mean,0.46,1.467165
11540,group_element_set,4000,dummy_mean,2.1,1.467165
11589,group_element_set,4000,dummy_mean,1.06,1.467165
11592,group_element_set,4000,dummy_mean,1.14,1.467165
11593,group_element_set,4000,dummy_mean,1.42,1.467165
11601,group_element_set,4000,dummy_mean,0.52,1.467165
11614,group_element_set,4000,dummy_mean,1.2,1.467165
11621,group_element_set,4000,dummy_mean,1.02,1.467165
11624,group_element_set,4000,dummy_mean,1.44,1.467165
11628,group_element_set,4000,dummy_mean,1.5,1.467165
11634,group_element_set,4000,dummy_mean,0.96,1.467165
11639,group_element_set,4000,dummy_mean,1.0,1.467165
11649,group_element_set,4000,dummy_mean,1.2,1.467165
11659,group_element_set,4000,dummy_mean,2.4,1.467165
11661,group_element_set,4000,dummy_mean,1.66,1.467165
11665,group_element_set,4000,dummy_mean,1.5,1.467165
11669,group_element_set,4000,dummy_mean,1.2,1.467165
11696,group_element_set,4000,dummy_mean,2.64,1.467165
11697,group_element_set,4000,dummy_mean,2.12,1.467165
11699,group_element_set,4000,dummy_mean,1.3,1.467165
11712,group_element_set,4000,dummy_mean,1.46,1.467165
11714,group_element_set,4000,dummy_mean,0.68,1.467165
11725,group_element_set,4000,dummy_mean,0.8,1.467165
11753,group_element_set,4000,dummy_mean,1.04,1.467165
11760,group_element_set,4000,dummy_mean,1.14,1.467165
11769,group_element_set,4000,dummy_mean,1.74,1.467165
11780,group_element_set,4000,dummy_mean,1.22,1.467165
11786,group_element_set,4000,dummy_mean,1.1,1.467165
11792,group_element_set,4000,dummy_mean,3.62,1.467165
11793,group_element_set,4000,dummy_mean,1.12,1.467165
11795,group_element_set,4000,dummy_mean,1.64,1.467165
11806,group_element_set,4000,dummy_mean,1.68,1.467165
11821,group_element_set,4000,dummy_mean,1.1,1.467165
11824,group_element_set,4000,dummy_mean,1.12,1.467165
11826,group_element_set,4000,dummy_mean,0.48,1.467165
11827,group_element_set,4000,dummy_mean,2.36,1.467165
11828,group_element_set,4000,dummy_mean,1.78,1.467165
11876,group_element_set,4000,dummy_mean,1.48,1.467165
11877,group_element_set,4000,dummy_mean,3.02,1.467165
11910,group_element_set,4000,dummy_mean,0.6,1.467165
11919,group_element_set,4000,dummy_mean,1.36,1.467165
11921,group_element_set,4000,dummy_mean,1.22,1.467165
11953,group_element_set,4000,dummy_mean,1.02,1.467165
11956,group_element_set,4000,dummy_mean,1.58,1.467165
11971,group_element_set,4000,dummy_mean,2.6,1.467165
11979,group_element_set,4000,dummy_mean,1.96,1.467165
12011,group_element_set,4000,dummy_mean,1.4,1.467165
12021,group_element_set,4000,dummy_mean,1.2,1.467165
12028,group_element_set,4000,dummy_mean,0.8,1.467165
12042,group_element_set,4000,dummy_mean,1.28,1.467165
12044,group_element_set,4000,dummy_mean,3.0,1.467165
12063,group_element_set,4000,dummy_mean,0.72,1.467165
12065,group_element_set,4000,dummy_mean,0.84,1.467165
12093,group_element_set,4000,dummy_mean,2.08,1.467165
12118,group_element_set,4000,dummy_mean,1.18,1.467165
12120,group_element_set,4000,dummy_mean,0.84,1.467165
12121,group_element_set,4000,dummy_mean,1.8,1.467165
12130,group_element_set,4000,dummy_mean,1.08,1.467165
12136,group_element_set,4000,dummy_mean,1.9,1.467165
12149,group_element_set,4000,dummy_mean,1.26,1.467165
12153,group_element_set,4000,dummy_mean,1.06,1.467165
12162,group_element_set,4000,dummy_mean,1.88,1.467165
12166,group_element_set,4000,dummy_mean,5.16,1.467165
12168,group_element_set,4000,dummy_mean,1.4,1.467165
12173,group_element_set,4000,dummy_mean,2.62,1.467165
12178,group_element_set,4000,dummy_mean,1.46,1.467165
12191,group_element_set,4000,dummy_mean,0.68,1.467165
12203,group_element_set,4000,dummy_mean,-0.02,1.467165
12208,group_element_set,4000,dummy_mean,0.44,1.467165
12216,group_element_set,4000,dummy_mean,1.48,1.467165
12217,group_element_set,4000,dummy_mean,-0.02,1.467165
12225,group_element_set,4000,dummy_mean,1.68,1.467165
12264,group_element_set,4000,dummy_mean,1.86,1.467165
12273,group_element_set,4000,dummy_mean,0.52,1.467165
12276,group_element_set,4000,dummy_mean,1.18,1.467165
12279,group_element_set,4000,dummy_mean,1.48,1.467165
12310,group_element_set,4000,dummy_mean,3.04,1.467165
12317,group_element_set,4000,dummy_mean,0.76,1.467165
12367,group_element_set,4000,dummy_mean,1.42,1.467165
12398,group_element_set,4000,dummy_mean,1.24,1.467165
12406,group_element_set,4000,dummy_mean,1.66,1.467165
12412,group_element_set,4000,dummy_mean,1.72,1.467165
12415,group_element_set,4000,dummy_mean,0.82,1.467165
12420,group_element_set,4000,dummy_mean,1.1,1.467165
12452,group_element_set,4000,dummy_mean,1.5,1.467165
12454,group_element_set,4000,dummy_mean,0.76,1.467165
12474,group_element_set,4000,dummy_mean,2.26,1.467165
12476,group_element_set,4000,dummy_mean,1.34,1.467165
12482,group_element_set,4000,dummy_mean,0.96,1.467165
12491,group_element_set,4000,dummy_mean,0.44,1.467165
12493,group_element_set,4000,dummy_mean,1.98,1.467165
12509,group_element_set,4000,dummy_mean,1.42,1.467165
12521,group_element_set,4000,dummy_mean,1.92,1.467165
12551,group_element_set,4000,dummy_mean,1.18,1.467165
12554,group_element_set,4000,dummy_mean,0.46,1.467165
12562,group_element_set,4000,dummy_mean,1.8,1.467165
12583,group_element_set,4000,dummy_mean,1.38,1.467165
12600,group_element_set,4000,dummy_mean,1.0,1.467165
12638,group_element_set,4000,dummy_mean,2.92,1.467165
12646,group_element_set,4000,dummy_mean,0.78,1.467165
12662,group_element_set,4000,dummy_mean,1.6,1.467165
12663,group_element_set,4000,dummy_mean,3.32,1.467165
12667,group_element_set,4000,dummy_mean,2.14,1.467165
12685,group_element_set,4000,dummy_mean,1.5,1.467165
12687,group_element_set,4000,dummy_mean,0.86,1.467165
12702,group_element_set,4000,dummy_mean,0.52,1.467165
12717,group_element_set,4000,dummy_mean,0.74,1.467165
12724,group_element_set,4000,dummy_mean,1.52,1.467165
12729,group_element_set,4000,dummy_mean,3.2,1.467165
12734,group_element_set,4000,dummy_mean,4.42,1.467165
12736,group_element_set,4000,dummy_mean,1.68,1.467165
12737,group_element_set,4000,dummy_mean,1.6,1.467165
12754,group_element_set,4000,dummy_mean,2.84,1.467165
12756,group_element_set,4000,dummy_mean,2.02,1.467165
12760,group_element_set,4000,dummy_mean,1.72,1.467165
12789,group_element_set,4000,dummy_mean,1.28,1.467165
12791,group_element_set,4000,dummy_mean,1.44,1.467165
12798,group_element_set,4000,dummy_mean,1.58,1.467165
12809,group_element_set,4000,dummy_mean,1.26,1.467165
12815,group_element_set,4000,dummy_mean,1.68,1.467165
12817,group_element_set,4000,dummy_mean,0.86,1.467165
12821,group_element_set,4000,dummy_mean,0.8,1.467165
12837,group_element_set,4000,dummy_mean,1.06,1.467165
12847,group_element_set,4000,dummy_mean,2.6,1.467165
12851,group_element_set,4000,dummy_mean,0.42,1.467165
12852,group_element_set,4000,dummy_mean,0.82,1.467165
12858,group_element_set,4000,dummy_mean,4.32,1.467165
12862,group_element_set,4000,dummy_mean,1.86,1.467165
12863,group_element_set,4000,dummy_mean,1.26,1.467165
12891,group_element_set,4000,dummy_mean,2.14,1.467165
12917,group_element_set,4000,dummy_mean,2.42,1.467165
12946,group_element_set,4000,dummy_mean,1.14,1.467165
12957,group_element_set,4000,dummy_mean,1.28,1.467165
12967,group_element_set,4000,dummy_mean,1.8,1.467165
12977,group_element_set,4000,dummy_mean,1.58,1.467165
12994,group_element_set,4000,dummy_mean,1.16,1.467165
12998,group_element_set,4000,dummy_mean,1.32,1.467165
13011,group_element_set,4000,dummy_mean,1.14,1.467165
13020,group_element_set,4000,dummy_mean,1.14,1.467165
13032,group_element_set,4000,dummy_mean,0.78,1.467165
13035,group_element_set,4000,dummy_mean,0.72,1.467165
13043,group_element_set,4000,dummy_mean,1.52,1.467165
13044,group_element_set,4000,dummy_mean,1.74,1.467165
13056,group_element_set,4000,dummy_mean,1.5,1.467165
13059,group_element_set,4000,dummy_mean,0.74,1.467165
13073,group_element_set,4000,dummy_mean,0.92,1.467165
13085,group_element_set,4000,dummy_mean,1.46,1.467165
13090,group_element_set,4000,dummy_mean,1.56,1.467165
13108,group_element_set,4000,dummy_mean,1.64,1.467165
13109,group_element_set,4000,dummy_mean,1.14,1.467165
13113,group_element_set,4000,dummy_mean,1.58,1.467165
13120,group_element_set,4000,dummy_mean,1.42,1.467165
13125,group_element_set,4000,dummy_mean,1.18,1.467165
13139,group_element_set,4000,dummy_mean,1.12,1.467165
13143,group_element_set,4000,dummy_mean,1.86,1.467165
13159,group_element_set,4000,dummy_mean,1.5,1.467165
13163,group_element_set,4000,dummy_mean,0.42,1.467165
13179,group_element_set,4000,dummy_mean,1.62,1.467165
13194,group_element_set,4000,dummy_mean,1.76,1.467165
13203,group_element_set,4000,dummy_mean,0.94,1.467165
13206,group_element_set,4000,dummy_mean,0.76,1.467165
13215,group_element_set,4000,dummy_mean,2.28,1.467165
13216,group_element_set,4000,dummy_mean,1.52,1.467165
13234,group_element_set,4000,dummy_mean,1.34,1.467165
13236,group_element_set,4000,dummy_mean,0.72,1.467165
13240,group_element_set,4000,dummy_mean,1.84,1.467165
13242,group_element_set,4000,dummy_mean,1.2,1.467165
13243,group_element_set,4000,dummy_mean,1.96,1.467165
13246,group_element_set,4000,dummy_mean,1.6,1.467165
13262,group_element_set,4000,dummy_mean,4.0,1.467165
13280,group_element_set,4000,dummy_mean,2.24,1.467165
13311,group_element_set,4000,dummy_mean,0.48,1.467165
13326,group_element_set,4000,dummy_mean,1.46,1.467165
13337,group_element_set,4000,dummy_mean,0.1,1.467165
13338,group_element_set,4000,dummy_mean,2.92,1.467165
13344,group_element_set,4000,dummy_mean,1.2,1.467165
13350,group_element_set,4000,dummy_mean,2.06,1.467165
13354,group_element_set,4000,dummy_mean,1.42,1.467165
13358,group_element_set,4000,dummy_mean,1.94,1.467165
13361,group_element_set,4000,dummy_mean,2.74,1.467165
13363,group_element_set,4000,dummy_mean,1.68,1.467165
13391,group_element_set,4000,dummy_mean,1.44,1.467165
13395,group_element_set,4000,dummy_mean,1.54,1.467165
13413,group_element_set,4000,dummy_mean,2.0,1.467165
13436,group_element_set,4000,dummy_mean,1.36,1.467165
13480,group_element_set,4000,dummy_mean,1.18,1.467165
13485,group_element_set,4000,dummy_mean,1.32,1.467165
13487,group_element_set,4000,dummy_mean,1.52,1.467165
13493,group_element_set,4000,dummy_mean,1.1,1.467165
13499,group_element_set,4000,dummy_mean,1.42,1.467165
13500,group_element_set,4000,dummy_mean,1.5,1.467165
13503,group_element_set,4000,dummy_mean,0.32,1.467165
13510,group_element_set,4000,dummy_mean,1.32,1.467165
13519,group_element_set,4000,dummy_mean,0.68,1.467165
13537,group_element_set,4000,dummy_mean,1.36,1.467165
13544,group_element_set,4000,dummy_mean,1.42,1.467165
13549,group_element_set,4000,dummy_mean,0.44,1.467165
13561,group_element_set,4000,dummy_mean,0.2,1.467165
13588,group_element_set,4000,dummy_mean,1.8,1.467165
13589,group_element_set,4000,dummy_mean,1.24,1.467165
13592,group_element_set,4000,dummy_mean,0.42,1.467165
13593,group_element_set,4000,dummy_mean,0.7,1.467165
13596,group_element_set,4000,dummy_mean,1.14,1.467165
13609,group_element_set,4000,dummy_mean,3.66,1.467165
13621,group_element_set,4000,dummy_mean,2.22,1.467165
13644,group_element_set,4000,dummy_mean,1.48,1.467165
13661,group_element_set,4000,dummy_mean,1.92,1.467165
13670,group_element_set,4000,dummy_mean,1.58,1.467165
13674,group_element_set,4000,dummy_mean,1.58,1.467165
13685,group_element_set,4000,dummy_mean,0.1,1.467165
13686,group_element_set,4000,dummy_mean,1.08,1.467165
13693,group_element_set,4000,dummy_mean,0.52,1.467165
13696,group_element_set,4000,dummy_mean,2.12,1.467165
13707,group_element_set,4000,dummy_mean,1.74,1.467165
13710,group_element_set,4000,dummy_mean,1.34,1.467165
13711,group_element_set,4000,dummy_mean,1.08,1.467165
13713,group_element_set,4000,dummy_mean,3.94,1.467165
13714,group_element_set,4000,dummy_mean,2.18,1.467165
13728,group_element_set,4000,dummy_mean,1.1,1.467165
13752,group_element_set,4000,dummy_mean,1.92,1.467165
13761,group_element_set,4000,dummy_mean,1.8,1.467165
13768,group_element_set,4000,dummy_mean,1.88,1.467165
13770,group_element_set,4000,dummy_mean,1.58,1.467165
13780,group_element_set,4000,dummy_mean,1.04,1.467165
13783,group_element_set,4000,dummy_mean,1.42,1.467165
13798,group_element_set,4000,dummy_mean,0.58,1.467165
13814,group_element_set,4000,dummy_mean,0.36,1.467165
13824,group_element_set,4000,dummy_mean,2.8,1.467165
13829,group_element_set,4000,dummy_mean,1.52,1.467165
13838,group_element_set,4000,dummy_mean,1.32,1.467165
13839,group_element_set,4000,dummy_mean,2.14,1.467165
13846,group_element_set,4000,dummy_mean,1.74,1.467165
13848,group_element_set,4000,dummy_mean,1.78,1.467165
13861,group_element_set,4000,dummy_mean,1.42,1.467165
13865,group_element_set,4000,dummy_mean,1.3,1.467165
13870,group_element_set,4000,dummy_mean,1.34,1.467165
13880,group_element_set,4000,dummy_mean,1.0,1.467165
13881,group_element_set,4000,dummy_mean,1.56,1.467165
13893,group_element_set,4000,dummy_mean,1.56,1.467165
13896,group_element_set,4000,dummy_mean,0.36,1.467165
13903,group_element_set,4000,dummy_mean,1.56,1.467165
13909,group_element_set,4000,dummy_mean,0.44,1.467165
13920,group_element_set,4000,dummy_mean,1.56,1.467165
13928,group_element_set,4000,dummy_mean,1.06,1.467165
13930,group_element_set,4000,dummy_mean,1.94,1.467165
13933,group_element_set,4000,dummy_mean,0.84,1.467165
13934,group_element_set,4000,dummy_mean,1.4,1.467165
13936,group_element_set,4000,dummy_mean,1.16,1.467165
13941,group_element_set,4000,dummy_mean,1.0,1.467165
13945,group_element_set,4000,dummy_mean,1.74,1.467165
13952,group_element_set,4000,dummy_mean,1.3,1.467165
13955,group_element_set,4000,dummy_mean,1.9,1.467165
13961,group_element_set,4000,dummy_mean,0.96,1.467165
13962,group_element_set,4000,dummy_mean,1.76,1.467165
13969,group_element_set,4000,dummy_mean,1.94,1.467165
13970,group_element_set,4000,dummy_mean,1.94,1.467165
13980,group_element_set,4000,dummy_mean,0.42,1.467165
13988,group_element_set,4000,dummy_mean,1.78,1.467165
13996,group_element_set,4000,dummy_mean,0.78,1.467165
14000,group_element_set,4000,dummy_mean,0.64,1.467165
14005,group_element_set,4000,dummy_mean,1.34,1.467165
14009,group_element_set,4000,dummy_mean,0.5,1.467165
14010,group_element_set,4000,dummy_mean,1.24,1.467165
14016,group_element_set,4000,dummy_mean,1.26,1.467165
14017,group_element_set,4000,dummy_mean,2.3,1.467165
14018,group_element_set,4000,dummy_mean,1.14,1.467165
14020,group_element_set,4000,dummy_mean,1.06,1.467165
14028,group_element_set,4000,dummy_mean,2.42,1.467165
14030,group_element_set,4000,dummy_mean,1.64,1.467165
14034,group_element_set,4000,dummy_mean,1.52,1.467165
14062,group_element_set,4000,dummy_mean,0.12,1.467165
14079,group_element_set,4000,dummy_mean,0.94,1.467165
14086,group_element_set,4000,dummy_mean,0.34,1.467165
14092,group_element_set,4000,dummy_mean,0.42,1.467165
14104,group_element_set,4000,dummy_mean,1.5,1.467165
14114,group_element_set,4000,dummy_mean,2.52,1.467165
14130,group_element_set,4000,dummy_mean,1.14,1.467165
14132,group_element_set,4000,dummy_mean,0.7,1.467165
14135,group_element_set,4000,dummy_mean,0.6,1.467165
14153,group_element_set,4000,dummy_mean,0.82,1.467165
14155,group_element_set,4000,dummy_mean,1.9,1.467165
14166,group_element_set,4000,dummy_mean,1.7,1.467165
14169,group_element_set,4000,dummy_mean,0.76,1.467165
14171,group_element_set,4000,dummy_mean,0.58,1.467165
14174,group_element_set,4000,dummy_mean,1.46,1.467165
14179,group_element_set,4000,dummy_mean,1.06,1.467165
14201,group_element_set,4000,dummy_mean,1.98,1.467165
14205,group_element_set,4000,dummy_mean,1.34,1.467165
14206,group_element_set,4000,dummy_mean,1.6,1.467165
14229,group_element_set,4000,dummy_mean,1.18,1.467165
14241,group_element_set,4000,dummy_mean,0.92,1.467165
14255,group_element_set,4000,dummy_mean,1.82,1.467165
14269,group_element_set,4000,dummy_mean,1.8,1.467165
14292,group_element_set,4000,dummy_mean,1.36,1.467165
14298,group_element_set,4000,dummy_mean,1.26,1.467165
14305,group_element_set,4000,dummy_mean,1.32,1.467165
14318,group_element_set,4000,dummy_mean,0.28,1.467165
14320,group_element_set,4000,dummy_mean,1.42,1.467165
14340,group_element_set,4000,dummy_mean,1.5,1.467165
14343,group_element_set,4000,dummy_mean,0.82,1.467165
14346,group_element_set,4000,dummy_mean,1.06,1.467165
14350,group_element_set,4000,dummy_mean,0.06,1.467165
14351,group_element_set,4000,dummy_mean,4.26,1.467165
14376,group_element_set,4000,dummy_mean,1.74,1.467165
14392,group_element_set,4000,dummy_mean,1.94,1.467165
14395,group_element_set,4000,dummy_mean,0.9,1.467165
14397,group_element_set,4000,dummy_mean,1.44,1.467165
14402,group_element_set,4000,dummy_mean,0.88,1.467165
14413,group_element_set,4000,dummy_mean,2.74,1.467165
14417,group_element_set,4000,dummy_mean,1.32,1.467165
14418,group_element_set,4000,dummy_mean,0.78,1.467165
14425,group_element_set,4000,dummy_mean,0.66,1.467165
14433,group_element_set,4000,dummy_mean,1.54,1.467165
14440,group_element_set,4000,dummy_mean,2.6,1.467165
14441,group_element_set,4000,dummy_mean,1.56,1.467165
14448,group_element_set,4000,dummy_mean,0.68,1.467165
14459,group_element_set,4000,dummy_mean,1.68,1.467165
14483,group_element_set,4000,dummy_mean,2.52,1.467165
14492,group_element_set,4000,dummy_mean,1.04,1.467165
14495,group_element_set,4000,dummy_mean,2.06,1.467165
14517,group_element_set,4000,dummy_mean,1.22,1.467165
14524,group_element_set,4000,dummy_mean,2.08,1.467165
14534,group_element_set,4000,dummy_mean,1.14,1.467165
14552,group_element_set,4000,dummy_mean,0.72,1.467165
14553,group_element_set,4000,dummy_mean,2.82,1.467165
14561,group_element_set,4000,dummy_mean,1.46,1.467165
14563,group_element_set,4000,dummy_mean,1.54,1.467165
14565,group_element_set,4000,dummy_mean,0.88,1.467165
14567,group_element_set,4000,dummy_mean,1.72,1.467165
14568,group_element_set,4000,dummy_mean,0.98,1.467165
14569,group_element_set,4000,dummy_mean,2.72,1.467165
14571,group_element_set,4000,dummy_mean,1.54,1.467165
14581,group_element_set,4000,dummy_mean,1.78,1.467165
14621,group_element_set,4000,dummy_mean,1.74,1.467165
14646,group_element_set,4000,dummy_mean,0.58,1.467165
14654,group_element_set,4000,dummy_mean,0.68,1.467165
14665,group_element_set,4000,dummy_mean,2.8,1.467165
14700,group_element_set,4000,dummy_mean,0.44,1.467165
14710,group_element_set,4000,dummy_mean,0.78,1.467165
14714,group_element_set,4000,dummy_mean,1.2,1.467165
14724,group_element_set,4000,dummy_mean,1.54,1.467165
14726,group_element_set,4000,dummy_mean,0.52,1.467165
14732,group_element_set,4000,dummy_mean,0.82,1.467165
14734,group_element_set,4000,dummy_mean,1.34,1.467165
14749,group_element_set,4000,dummy_mean,1.88,1.467165
14757,group_element_set,4000,dummy_mean,1.26,1.467165
14777,group_element_set,4000,dummy_mean,0.86,1.467165
14779,group_element_set,4000,dummy_mean,1.42,1.467165
14780,group_element_set,4000,dummy_mean,1.6,1.467165
14788,group_element_set,4000,dummy_mean,0.58,1.467165
14793,group_element_set,4000,dummy_mean,0.94,1.467165
14812,group_element_set,4000,dummy_mean,0.88,1.467165
14816,group_element_set,4000,dummy_mean,1.12,1.467165
14847,group_element_set,4000,dummy_mean,0.7,1.467165
14849,group_element_set,4000,dummy_mean,3.9,1.467165
14852,group_element_set,4000,dummy_mean,1.16,1.467165
14869,group_element_set,4000,dummy_mean,1.06,1.467165
14887,group_element_set,4000,dummy_mean,1.34,1.467165
14901,group_element_set,4000,dummy_mean,1.4,1.467165
14905,group_element_set,4000,dummy_mean,1.38,1.467165
14908,group_element_set,4000,dummy_mean,1.14,1.467165
14918,group_element_set,4000,dummy_mean,2.3,1.467165
14924,group_element_set,4000,dummy_mean,1.54,1.467165
14925,group_element_set,4000,dummy_mean,1.56,1.467165
14951,group_element_set,4000,dummy_mean,0.14,1.467165
14959,group_element_set,4000,dummy_mean,0.22,1.467165
14970,group_element_set,4000,dummy_mean,1.6,1.467165
14978,group_element_set,4000,dummy_mean,2.72,1.467165
14980,group_element_set,4000,dummy_mean,0.56,1.467165
14983,group_element_set,4000,dummy_mean,0.88,1.467165
14985,group_element_set,4000,dummy_mean,0.5,1.467165
14992,group_element_set,4000,dummy_mean,1.02,1.467165
15000,group_element_set,4000,dummy_mean,1.3,1.467165
15015,group_element_set,4000,dummy_mean,1.28,1.467165
15030,group_element_set,4000,dummy_mean,1.88,1.467165
15039,group_element_set,4000,dummy_mean,2.58,1.467165
15042,group_element_set,4000,dummy_mean,1.96,1.467165
15044,group_element_set,4000,dummy_mean,2.46,1.467165
15056,group_element_set,4000,dummy_mean,1.0,1.467165
15058,group_element_set,4000,dummy_mean,1.56,1.467165
15076,group_element_set,4000,dummy_mean,0.9,1.467165
15077,group_element_set,4000,dummy_mean,2.84,1.467165
15089,group_element_set,4000,dummy_mean,1.82,1.467165
15093,group_element_set,4000,dummy_mean,1.14,1.467165
15103,group_element_set,4000,dummy_mean,1.18,1.467165
15130,group_element_set,4000,dummy_mean,0.68,1.467165
15151,group_element_set,4000,dummy_mean,0.44,1.467165
15154,group_element_set,4000,dummy_mean,0.6,1.467165
15171,group_element_set,4000,dummy_mean,0.98,1.467165
15187,group_element_set,4000,dummy_mean,1.76,1.467165
15201,group_element_set,4000,dummy_mean,1.58,1.467165
15218,group_element_set,4000,dummy_mean,3.58,1.467165
15259,group_element_set,4000,dummy_mean,0.9,1.467165
15278,group_element_set,4000,dummy_mean,1.48,1.467165
15281,group_element_set,4000,dummy_mean,2.1,1.467165
15323,group_element_set,4000,dummy_mean,0.34,1.467165
15324,group_element_set,4000,dummy_mean,1.32,1.467165
15331,group_element_set,4000,dummy_mean,1.18,1.467165
15343,group_element_set,4000,dummy_mean,1.06,1.467165
15349,group_element_set,4000,dummy_mean,1.56,1.467165
15350,group_element_set,4000,dummy_mean,1.08,1.467165
15352,group_element_set,4000,dummy_mean,0.98,1.467165
15370,group_element_set,4000,dummy_mean,1.48,1.467165
15377,group_element_set,4000,dummy_mean,2.04,1.467165
15379,group_element_set,4000,dummy_mean,1.24,1.467165
15414,group_element_set,4000,dummy_mean,1.14,1.467165
15418,group_element_set,4000,dummy_mean,1.52,1.467165
15430,group_element_set,4000,dummy_mean,0.96,1.467165
15439,group_element_set,4000,dummy_mean,1.64,1.467165
15455,group_element_set,4000,dummy_mean,2.88,1.467165
15456,group_element_set,4000,dummy_mean,1.04,1.467165
15463,group_element_set,4000,dummy_mean,0.92,1.467165
15464,group_element_set,4000,dummy_mean,1.42,1.467165
15471,group_element_set,4000,dummy_mean,1.3,1.467165
15492,group_element_set,4000,dummy_mean,0.86,1.467165
15500,group_element_set,4000,dummy_mean,0.74,1.467165
15505,group_element_set,4000,dummy_mean,1.06,1.467165
15525,group_element_set,4000,dummy_mean,1.1,1.467165
15535,group_element_set,4000,dummy_mean,0.94,1.467165
15540,group_element_set,4000,dummy_mean,0.62,1.467165
15543,group_element_set,4000,dummy_mean,0.96,1.467165
15545,group_element_set,4000,dummy_mean,2.34,1.467165
15546,group_element_set,4000,dummy_mean,1.16,1.467165
15555,group_element_set,4000,dummy_mean,1.0,1.467165
15560,group_element_set,4000,dummy_mean,1.98,1.467165
15567,group_element_set,4000,dummy_mean,0.26,1.467165
15572,group_element_set,4000,dummy_mean,2.24,1.467165
15587,group_element_set,4000,dummy_mean,0.86,1.467165
15597,group_element_set,4000,dummy_mean,1.34,1.467165
15603,group_element_set,4000,dummy_mean,2.12,1.467165
15632,group_element_set,4000,dummy_mean,2.24,1.467165
15633,group_element_set,4000,dummy_mean,1.28,1.467165
15634,group_element_set,4000,dummy_mean,1.52,1.467165
15645,group_element_set,4000,dummy_mean,1.56,1.467165
15669,group_element_set,4000,dummy_mean,1.04,1.467165
15683,group_element_set,4000,dummy_mean,2.32,1.467165
15684,group_element_set,4000,dummy_mean,0.88,1.467165
15704,group_element_set,4000,dummy_mean,1.66,1.467165
15711,group_element_set,4000,dummy_mean,0.96,1.467165
15713,group_element_set,4000,dummy_mean,0.4,1.467165
15723,group_element_set,4000,dummy_mean,1.46,1.467165
15729,group_element_set,4000,dummy_mean,2.16,1.467165
15730,group_element_set,4000,dummy_mean,2.46,1.467165
15733,group_element_set,4000,dummy_mean,1.2,1.467165
15760,group_element_set,4000,dummy_mean,1.14,1.467165
15784,group_element_set,4000,dummy_mean,1.68,1.467165
15792,group_element_set,4000,dummy_mean,2.96,1.467165
15821,group_element_set,4000,dummy_mean,1.44,1.467165
15824,group_element_set,4000,dummy_mean,0.98,1.467165
15832,group_element_set,4000,dummy_mean,0.7,1.467165
15864,group_element_set,4000,dummy_mean,2.56,1.467165
15891,group_element_set,4000,dummy_mean,1.64,1.467165
15902,group_element_set,4000,dummy_mean,3.18,1.467165
15911,group_element_set,4000,dummy_mean,2.38,1.467165
15917,group_element_set,4000,dummy_mean,2.02,1.467165
15919,group_element_set,4000,dummy_mean,0.58,1.467165
15920,group_element_set,4000,dummy_mean,0.56,1.467165
15929,group_element_set,4000,dummy_mean,1.74,1.467165
15941,group_element_set,4000,dummy_mean,1.98,1.467165
15954,group_element_set,4000,dummy_mean,1.72,1.467165
15955,group_element_set,4000,dummy_mean,2.48,1.467165
15974,group_element_set,4000,dummy_mean,1.66,1.467165
15987,group_element_set,4000,dummy_mean,1.32,1.467165
15989,group_element_set,4000,dummy_mean,0.66,1.467165
16002,group_element_set,4000,dummy_mean,3.1,1.467165
16027,group_element_set,4000,dummy_mean,1.0,1.467165
16029,group_element_set,4000,dummy_mean,0.96,1.467165
16033,group_element_set,4000,dummy_mean,3.64,1.467165
16044,group_element_set,4000,dummy_mean,2.16,1.467165
16052,group_element_set,4000,dummy_mean,1.44,1.467165
16074,group_element_set,4000,dummy_mean,1.36,1.467165
16092,group_element_set,4000,dummy_mean,1.54,1.467165
16101,group_element_set,4000,dummy_mean,1.34,1.467165
16108,group_element_set,4000,dummy_mean,1.24,1.467165
16109,group_element_set,4000,dummy_mean,1.0,1.467165
16110,group_element_set,4000,dummy_mean,1.16,1.467165
16124,group_element_set,4000,dummy_mean,0.68,1.467165
16128,group_element_set,4000,dummy_mean,1.16,1.467165
16139,group_element_set,4000,dummy_mean,1.24,1.467165
16140,group_element_set,4000,dummy_mean,1.98,1.467165
16152,group_element_set,4000,dummy_mean,1.32,1.467165
16156,group_element_set,4000,dummy_mean,2.46,1.467165
16162,group_element_set,4000,dummy_mean,0.7,1.467165
16164,group_element_set,4000,dummy_mean,2.44,1.467165
16170,group_element_set,4000,dummy_mean,1.56,1.467165
16183,group_element_set,4000,dummy_mean,0.82,1.467165
16197,group_element_set,4000,dummy_mean,1.3,1.467165
16206,group_element_set,4000,dummy_mean,1.28,1.467165
16238,group_element_set,4000,dummy_mean,1.08,1.467165
16249,group_element_set,4000,dummy_mean,0.32,1.467165
16256,group_element_set,4000,dummy_mean,0.94,1.467165
16268,group_element_set,4000,dummy_mean,0.32,1.467165
16273,group_element_set,4000,dummy_mean,0.68,1.467165
16280,group_element_set,4000,dummy_mean,1.06,1.467165
16285,group_element_set,4000,dummy_mean,1.78,1.467165
16302,group_element_set,4000,dummy_mean,0.46,1.467165
16324,group_element_set,4000,dummy_mean,1.88,1.467165
16331,group_element_set,4000,dummy_mean,1.92,1.467165
16335,group_element_set,4000,dummy_mean,1.54,1.467165
16373,group_element_set,4000,dummy_mean,0.76,1.467165
16381,group_element_set,4000,dummy_mean,1.64,1.467165
16382,group_element_set,4000,dummy_mean,0.58,1.467165
16406,group_element_set,4000,dummy_mean,1.74,1.467165
16416,group_element_set,4000,dummy_mean,0.58,1.467165
16424,group_element_set,4000,dummy_mean,2.6,1.467165
16425,group_element_set,4000,dummy_mean,2.62,1.467165
16427,group_element_set,4000,dummy_mean,0.96,1.467165
16429,group_element_set,4000,dummy_mean,2.22,1.467165
16430,group_element_set,4000,dummy_mean,1.14,1.467165
16440,group_element_set,4000,dummy_mean,2.02,1.467165
16455,group_element_set,4000,dummy_mean,1.68,1.467165
16461,group_element_set,4000,dummy_mean,1.04,1.467165
16468,group_element_set,4000,dummy_mean,0.98,1.467165
16508,group_element_set,4000,dummy_mean,1.76,1.467165
16522,group_element_set,4000,dummy_mean,1.82,1.467165
16544,group_element_set,4000,dummy_mean,1.52,1.467165
16545,group_element_set,4000,dummy_mean,0.7,1.467165
16547,group_element_set,4000,dummy_mean,2.62,1.467165
16555,group_element_set,4000,dummy_mean,1.7,1.467165
16568,group_element_set,4000,dummy_mean,0.74,1.467165
16569,group_element_set,4000,dummy_mean,1.08,1.467165
16584,group_element_set,4000,dummy_mean,0.72,1.467165
16586,group_element_set,4000,dummy_mean,0.56,1.467165
16587,group_element_set,4000,dummy_mean,0.86,1.467165
16592,group_element_set,4000,dummy_mean,1.12,1.467165
16598,group_element_set,4000,dummy_mean,2.18,1.467165
16603,group_element_set,4000,dummy_mean,1.02,1.467165
16611,group_element_set,4000,dummy_mean,4.2,1.467165
16612,group_element_set,4000,dummy_mean,2.2,1.467165
16626,group_element_set,4000,dummy_mean,1.26,1.467165
16628,group_element_set,4000,dummy_mean,1.34,1.467165
16643,group_element_set,4000,dummy_mean,1.14,1.467165
16650,group_element_set,4000,dummy_mean,0.9,1.467165
16657,group_element_set,4000,dummy_mean,1.66,1.467165
16659,group_element_set,4000,dummy_mean,2.26,1.467165
16669,group_element_set,4000,dummy_mean,0.54,1.467165
16687,group_element_set,4000,dummy_mean,0.9,1.467165
16693,group_element_set,4000,dummy_mean,2.06,1.467165
16700,group_element_set,4000,dummy_mean,1.96,1.467165
16717,group_element_set,4000,dummy_mean,0.9,1.467165
16723,group_element_set,4000,dummy_mean,0.46,1.467165
16725,group_element_set,4000,dummy_mean,1.3,1.467165
16728,group_element_set,4000,dummy_mean,1.98,1.467165
16738,group_element_set,4000,dummy_mean,0.92,1.467165
16739,group_element_set,4000,dummy_mean,1.94,1.467165
16747,group_element_set,4000,dummy_mean,0.46,1.467165
16752,group_element_set,4000,dummy_mean,0.54,1.467165
16760,group_element_set,4000,dummy_mean,0.46,1.467165
16761,group_element_set,4000,dummy_mean,2.02,1.467165
16787,group_element_set,4000,dummy_mean,2.02,1.467165
16795,group_element_set,4000,dummy_mean,0.66,1.467165
16807,group_element_set,4000,dummy_mean,1.28,1.467165
16811,group_element_set,4000,dummy_mean,1.14,1.467165
16813,group_element_set,4000,dummy_mean,1.86,1.467165
16831,group_element_set,4000,dummy_mean,1.06,1.467165
16841,group_element_set,4000,dummy_mean,1.46,1.467165
16846,group_element_set,4000,dummy_mean,1.62,1.467165
16848,group_element_set,4000,dummy_mean,1.54,1.467165
16852,group_element_set,4000,dummy_mean,0.66,1.467165
16872,group_element_set,4000,dummy_mean,0.98,1.467165
16876,group_element_set,4000,dummy_mean,1.08,1.467165
16879,group_element_set,4000,dummy_mean,0.92,1.467165
16898,group_element_set,4000,dummy_mean,1.26,1.467165
16930,group_element_set,4000,dummy_mean,0.64,1.467165
16933,group_element_set,4000,dummy_mean,0.6,1.467165
16946,group_element_set,4000,dummy_mean,1.2,1.467165
16949,group_element_set,4000,dummy_mean,1.58,1.467165
16954,group_element_set,4000,dummy_mean,2.96,1.467165
16956,group_element_set,4000,dummy_mean,0.4,1.467165
16960,group_element_set,4000,dummy_mean,1.02,1.467165
16981,group_element_set,4000,dummy_mean,1.74,1.467165
16982,group_element_set,4000,dummy_mean,0.34,1.467165
16984,group_element_set,4000,dummy_mean,1.6,1.467165
16989,group_element_set,4000,dummy_mean,3.24,1.467165
16993,group_element_set,4000,dummy_mean,1.3,1.467165
17000,group_element_set,4000,dummy_mean,1.08,1.467165
17001,group_element_set,4000,dummy_mean,1.68,1.467165
17006,group_element_set,4000,dummy_mean,1.08,1.467165
17019,group_element_set,4000,dummy_mean,0.86,1.467165
17036,group_element_set,4000,dummy_mean,1.66,1.467165
17051,group_element_set,4000,dummy_mean,0.74,1.467165
17063,group_element_set,4000,dummy_mean,1.62,1.467165
17068,group_element_set,4000,dummy_mean,1.68,1.467165
17073,group_element_set,4000,dummy_mean,0.9,1.467165
17074,group_element_set,4000,dummy_mean,0.78,1.467165
17104,group_element_set,4000,dummy_mean,1.46,1.467165
17105,group_element_set,4000,dummy_mean,1.92,1.467165
17107,group_element_set,4000,dummy_mean,0.2,1.467165
17121,group_element_set,4000,dummy_mean,0.78,1.467165
17129,group_element_set,4000,dummy_mean,1.46,1.467165
17142,group_element_set,4000,dummy_mean,1.52,1.467165
17147,group_element_set,4000,dummy_mean,1.18,1.467165
17152,group_element_set,4000,dummy_mean,1.24,1.467165
17155,group_element_set,4000,dummy_mean,0.68,1.467165
17194,group_element_set,4000,dummy_mean,1.22,1.467165
17206,group_element_set,4000,dummy_mean,1.52,1.467165
17209,group_element_set,4000,dummy_mean,2.56,1.467165
17219,group_element_set,4000,dummy_mean,0.26,1.467165
17241,group_element_set,4000,dummy_mean,1.04,1.467165
17263,group_element_set,4000,dummy_mean,0.94,1.467165
17287,group_element_set,4000,dummy_mean,3.1,1.467165
17291,group_element_set,4000,dummy_mean,1.32,1.467165
17303,group_element_set,4000,dummy_mean,1.28,1.467165
17311,group_element_set,4000,dummy_mean,1.28,1.467165
17313,group_element_set,4000,dummy_mean,2.36,1.467165
17314,group_element_set,4000,dummy_mean,1.82,1.467165
17320,group_element_set,4000,dummy_mean,1.32,1.467165
17324,group_element_set,4000,dummy_mean,4.66,1.467165
17335,group_element_set,4000,dummy_mean,1.72,1.467165
17340,group_element_set,4000,dummy_mean,0.54,1.467165
17346,group_element_set,4000,dummy_mean,0.8,1.467165
17354,group_element_set,4000,dummy_mean,1.36,1.467165
17356,group_element_set,4000,dummy_mean,1.14,1.467165
17375,group_element_set,4000,dummy_mean,1.0,1.467165
17377,group_element_set,4000,dummy_mean,1.08,1.467165
17389,group_element_set,4000,dummy_mean,1.3,1.467165
17392,group_element_set,4000,dummy_mean,0.36,1.467165
17406,group_element_set,4000,dummy_mean,2.14,1.467165
17418,group_element_set,4000,dummy_mean,0.92,1.467165
17457,group_element_set,4000,dummy_mean,2.08,1.467165
17466,group_element_set,4000,dummy_mean,1.8,1.467165
17489,group_element_set,4000,dummy_mean,1.04,1.467165
17491,group_element_set,4000,dummy_mean,1.06,1.467165
17519,group_element_set,4000,dummy_mean,1.28,1.467165
17525,group_element_set,4000,dummy_mean,0.88,1.467165
17528,group_element_set,4000,dummy_mean,3.76,1.467165
17529,group_element_set,4000,dummy_mean,0.64,1.467165
17540,group_element_set,4000,dummy_mean,0.92,1.467165
17545,group_element_set,4000,dummy_mean,0.92,1.467165
17554,group_element_set,4000,dummy_mean,1.8,1.467165
17558,group_element_set,4000,dummy_mean,1.08,1.467165
17572,group_element_set,4000,dummy_mean,1.62,1.467165
17575,group_element_set,4000,dummy_mean,0.34,1.467165
17589,group_element_set,4000,dummy_mean,0.74,1.467165
17599,group_element_set,4000,dummy_mean,2.04,1.467165
17607,group_element_set,4000,dummy_mean,1.26,1.467165
17611,group_element_set,4000,dummy_mean,1.44,1.467165
17615,group_element_set,4000,dummy_mean,1.74,1.467165
17618,group_element_set,4000,dummy_mean,1.08,1.467165
17626,group_element_set,4000,dummy_mean,2.18,1.467165
17631,group_element_set,4000,dummy_mean,1.8,1.467165
17632,group_element_set,4000,dummy_mean,1.38,1.467165
17645,group_element_set,4000,dummy_mean,0.76,1.467165
17658,group_element_set,4000,dummy_mean,0.5,1.467165
17661,group_element_set,4000,dummy_mean,1.48,1.467165
17690,group_element_set,4000,dummy_mean,1.58,1.467165
17697,group_element_set,4000,dummy_mean,0.8,1.467165
17700,group_element_set,4000,dummy_mean,1.66,1.467165
17708,group_element_set,4000,dummy_mean,2.18,1.467165
17713,group_element_set,4000,dummy_mean,1.94,1.467165
17730,group_element_set,4000,dummy_mean,2.12,1.467165
17775,group_element_set,4000,dummy_mean,1.46,1.467165
17776,group_element_set,4000,dummy_mean,1.34,1.467165
17779,group_element_set,4000,dummy_mean,3.66,1.467165
17788,group_element_set,4000,dummy_mean,2.54,1.467165
17796,group_element_set,4000,dummy_mean,1.82,1.467165
17803,group_element_set,4000,dummy_mean,1.78,1.467165
17804,group_element_set,4000,dummy_mean,1.84,1.467165
17824,group_element_set,4000,dummy_mean,1.06,1.467165
17829,group_element_set,4000,dummy_mean,1.6,1.467165
17832,group_element_set,4000,dummy_mean,1.7,1.467165
17839,group_element_set,4000,dummy_mean,1.72,1.467165
17859,group_element_set,4000,dummy_mean,1.1,1.467165
17863,group_element_set,4000,dummy_mean,0.56,1.467165
17886,group_element_set,4000,dummy_mean,1.34,1.467165
17910,group_element_set,4000,dummy_mean,0.58,1.467165
17922,group_element_set,4000,dummy_mean,2.64,1.467165
17943,group_element_set,4000,dummy_mean,1.64,1.467165
17965,group_element_set,4000,dummy_mean,1.22,1.467165
17987,group_element_set,4000,dummy_mean,1.84,1.467165
17988,group_element_set,4000,dummy_mean,0.84,1.467165
17995,group_element_set,4000,dummy_mean,0.84,1.467165
17998,group_element_set,4000,dummy_mean,1.96,1.467165
18005,group_element_set,4000,dummy_mean,1.7,1.467165
18010,group_element_set,4000,dummy_mean,1.1,1.467165
18011,group_element_set,4000,dummy_mean,1.22,1.467165
18023,group_element_set,4000,dummy_mean,0.38,1.467165
18029,group_element_set,4000,dummy_mean,0.92,1.467165
18043,group_element_set,4000,dummy_mean,1.56,1.467165
18045,group_element_set,4000,dummy_mean,1.86,1.467165
18048,group_element_set,4000,dummy_mean,1.56,1.467165
18049,group_element_set,4000,dummy_mean,1.04,1.467165
18057,group_element_set,4000,dummy_mean,1.3,1.467165
18059,group_element_set,4000,dummy_mean,1.32,1.467165
18064,group_element_set,4000,dummy_mean,1.6,1.467165
18075,group_element_set,4000,dummy_mean,1.48,1.467165
18076,group_element_set,4000,dummy_mean,1.68,1.467165
18093,group_element_set,4000,dummy_mean,1.06,1.467165
18096,group_element_set,4000,dummy_mean,-0.14,1.467165
18105,group_element_set,4000,dummy_mean,1.9,1.467165
18114,group_element_set,4000,dummy_mean,0.58,1.467165
18116,group_element_set,4000,dummy_mean,1.46,1.467165
18119,group_element_set,4000,dummy_mean,0.38,1.467165
18121,group_element_set,4000,dummy_mean,1.42,1.467165
18137,group_element_set,4000,dummy_mean,0.62,1.467165
18169,group_element_set,4000,dummy_mean,0.88,1.467165
18175,group_element_set,4000,dummy_mean,1.38,1.467165
18196,group_element_set,4000,dummy_mean,2.02,1.467165
18216,group_element_set,4000,dummy_mean,2.76,1.467165
18220,group_element_set,4000,dummy_mean,1.36,1.467165
18223,group_element_set,4000,dummy_mean,1.24,1.467165
18230,group_element_set,4000,dummy_mean,0.58,1.467165
18232,group_element_set,4000,dummy_mean,1.42,1.467165
18233,group_element_set,4000,dummy_mean,1.6,1.467165
18264,group_element_set,4000,dummy_mean,0.68,1.467165
18268,group_element_set,4000,dummy_mean,2.38,1.467165
18271,group_element_set,4000,dummy_mean,1.74,1.467165
18280,group_element_set,4000,dummy_mean,0.68,1.467165
18283,group_element_set,4000,dummy_mean,3.08,1.467165
18302,group_element_set,4000,dummy_mean,1.08,1.467165
18305,group_element_set,4000,dummy_mean,2.02,1.467165
18309,group_element_set,4000,dummy_mean,1.36,1.467165
18333,group_element_set,4000,dummy_mean,1.06,1.467165
18335,group_element_set,4000,dummy_mean,1.22,1.467165
18354,group_element_set,4000,dummy_mean,0.2,1.467165
18356,group_element_set,4000,dummy_mean,1.92,1.467165
18364,group_element_set,4000,dummy_mean,1.68,1.467165
18370,group_element_set,4000,dummy_mean,1.24,1.467165
18381,group_element_set,4000,dummy_mean,1.02,1.467165
18410,group_element_set,4000,dummy_mean,0.56,1.467165
18432,group_element_set,4000,dummy_mean,0.98,1.467165
18449,group_element_set,4000,dummy_mean,1.94,1.467165
18452,group_element_set,4000,dummy_mean,0.72,1.467165
18463,group_element_set,4000,dummy_mean,1.06,1.467165
18500,group_element_set,4000,dummy_mean,1.94,1.467165
18510,group_element_set,4000,dummy_mean,2.56,1.467165
18527,group_element_set,4000,dummy_mean,1.96,1.467165
18530,group_element_set,4000,dummy_mean,1.46,1.467165
18537,group_element_set,4000,dummy_mean,1.36,1.467165
18541,group_element_set,4000,dummy_mean,1.74,1.467165
18543,group_element_set,4000,dummy_mean,2.3,1.467165
18576,group_element_set,4000,dummy_mean,1.16,1.467165
18580,group_element_set,4000,dummy_mean,0.78,1.467165
18581,group_element_set,4000,dummy_mean,2.3,1.467165
18589,group_element_set,4000,dummy_mean,2.44,1.467165
18603,group_element_set,4000,dummy_mean,2.64,1.467165
18611,group_element_set,4000,dummy_mean,1.08,1.467165
18616,group_element_set,4000,dummy_mean,1.42,1.467165
18630,group_element_set,4000,dummy_mean,1.64,1.467165
18639,group_element_set,4000,dummy_mean,1.3,1.467165
18642,group_element_set,4000,dummy_mean,0.72,1.467165
18658,group_element_set,4000,dummy_mean,2.08,1.467165
18665,group_element_set,4000,dummy_mean,1.48,1.467165
18691,group_element_set,4000,dummy_mean,2.26,1.467165
18693,group_element_set,4000,dummy_mean,1.4,1.467165
18706,group_element_set,4000,dummy_mean,1.32,1.467165
18719,group_element_set,4000,dummy_mean,0.94,1.467165
18732,group_element_set,4000,dummy_mean,1.0,1.467165
18759,group_element_set,4000,dummy_mean,1.98,1.467165
18775,group_element_set,4000,dummy_mean,3.36,1.467165
18776,group_element_set,4000,dummy_mean,2.0,1.467165
18806,group_element_set,4000,dummy_mean,-0.24,1.467165
18846,group_element_set,4000,dummy_mean,1.74,1.467165
18847,group_element_set,4000,dummy_mean,1.52,1.467165
18851,group_element_set,4000,dummy_mean,1.06,1.467165
18862,group_element_set,4000,dummy_mean,0.68,1.467165
18870,group_element_set,4000,dummy_mean,2.78,1.467165
18891,group_element_set,4000,dummy_mean,0.9,1.467165
18899,group_element_set,4000,dummy_mean,1.82,1.467165
