sample_id,split_strategy,budget_label,model,y_true,y_pred
26,group_element_set,8000,dummy_mean,1.18,1.461805
27,group_element_set,8000,dummy_mean,1.24,1.461805
40,group_element_set,8000,dummy_mean,1.16,1.461805
45,group_element_set,8000,dummy_mean,0.6,1.461805
69,group_element_set,8000,dummy_mean,3.34,1.461805
72,group_element_set,8000,dummy_mean,0.82,1.461805
103,group_element_set,8000,dummy_mean,0.42,1.461805
115,group_element_set,8000,dummy_mean,1.04,1.461805
134,group_element_set,8000,dummy_mean,0.56,1.461805
136,group_element_set,8000,dummy_mean,1.5,1.461805
137,group_element_set,8000,dummy_mean,1.6,1.461805
155,group_element_set,8000,dummy_mean,1.28,1.461805
158,group_element_set,8000,dummy_mean,2.48,1.461805
169,group_element_set,8000,dummy_mean,-0.04,1.461805
171,group_element_set,8000,dummy_mean,0.72,1.461805
179,group_element_set,8000,dummy_mean,3.44,1.461805
183,group_element_set,8000,dummy_mean,2.02,1.461805
188,group_element_set,8000,dummy_mean,2.54,1.461805
199,group_element_set,8000,dummy_mean,1.48,1.461805
206,group_element_set,8000,dummy_mean,1.1,1.461805
211,group_element_set,8000,dummy_mean,2.1,1.461805
212,group_element_set,8000,dummy_mean,1.46,1.461805
220,group_element_set,8000,dummy_mean,0.92,1.461805
221,group_element_set,8000,dummy_mean,0.58,1.461805
224,group_element_set,8000,dummy_mean,0.64,1.461805
228,group_element_set,8000,dummy_mean,0.82,1.461805
249,group_element_set,8000,dummy_mean,1.74,1.461805
255,group_element_set,8000,dummy_mean,2.14,1.461805
258,group_element_set,8000,dummy_mean,1.2,1.461805
266,group_element_set,8000,dummy_mean,1.04,1.461805
301,group_element_set,8000,dummy_mean,0.86,1.461805
305,group_element_set,8000,dummy_mean,0.8,1.461805
322,group_element_set,8000,dummy_mean,1.62,1.461805
324,group_element_set,8000,dummy_mean,1.16,1.461805
337,group_element_set,8000,dummy_mean,0.78,1.461805
338,group_element_set,8000,dummy_mean,1.72,1.461805
345,group_element_set,8000,dummy_mean,1.22,1.461805
362,group_element_set,8000,dummy_mean,0.38,1.461805
364,group_element_set,8000,dummy_mean,1.54,1.461805
366,group_element_set,8000,dummy_mean,0.5,1.461805
372,group_element_set,8000,dummy_mean,1.48,1.461805
374,group_element_set,8000,dummy_mean,1.28,1.461805
376,group_element_set,8000,dummy_mean,1.9,1.461805
380,group_element_set,8000,dummy_mean,2.28,1.461805
387,group_element_set,8000,dummy_mean,2.02,1.461805
393,group_element_set,8000,dummy_mean,1.12,1.461805
417,group_element_set,8000,dummy_mean,1.5,1.461805
418,group_element_set,8000,dummy_mean,1.26,1.461805
433,group_element_set,8000,dummy_mean,2.32,1.461805
438,group_element_set,8000,dummy_mean,1.3,1.461805
442,group_element_set,8000,dummy_mean,1.9,1.461805
451,group_element_set,8000,dummy_mean,2.44,1.461805
455,group_element_set,8000,dummy_mean,2.9,1.461805
458,group_element_set,8000,dummy_mean,1.22,1.461805
466,group_element_set,8000,dummy_mean,1.66,1.461805
470,group_element_set,8000,dummy_mean,0.84,1.461805
472,group_element_set,8000,dummy_mean,0.84,1.461805
476,group_element_set,8000,dummy_mean,0.72,1.461805
505,group_element_set,8000,dummy_mean,1.26,1.461805
511,group_element_set,8000,dummy_mean,1.24,1.461805
512,group_element_set,8000,dummy_mean,-0.2,1.461805
515,group_element_set,8000,dummy_mean,0.32,1.461805
521,group_element_set,8000,dummy_mean,1.3,1.461805
532,group_element_set,8000,dummy_mean,1.78,1.461805
559,group_element_set,8000,dummy_mean,2.6,1.461805
564,group_element_set,8000,dummy_mean,1.26,1.461805
578,group_element_set,8000,dummy_mean,1.28,1.461805
583,group_element_set,8000,dummy_mean,0.88,1.461805
591,group_element_set,8000,dummy_mean,0.4,1.461805
595,group_element_set,8000,dummy_mean,1.66,1.461805
598,group_element_set,8000,dummy_mean,2.08,1.461805
614,group_element_set,8000,dummy_mean,2.66,1.461805
616,group_element_set,8000,dummy_mean,-0.06,1.461805
626,group_element_set,8000,dummy_mean,1.52,1.461805
649,group_element_set,8000,dummy_mean,0.68,1.461805
668,group_element_set,8000,dummy_mean,1.28,1.461805
675,group_element_set,8000,dummy_mean,3.02,1.461805
678,group_element_set,8000,dummy_mean,0.9,1.461805
688,group_element_set,8000,dummy_mean,0.76,1.461805
730,group_element_set,8000,dummy_mean,1.68,1.461805
732,group_element_set,8000,dummy_mean,0.4,1.461805
734,group_element_set,8000,dummy_mean,1.32,1.461805
735,group_element_set,8000,dummy_mean,0.8,1.461805
743,group_element_set,8000,dummy_mean,1.64,1.461805
766,group_element_set,8000,dummy_mean,1.88,1.461805
767,group_element_set,8000,dummy_mean,1.58,1.461805
778,group_element_set,8000,dummy_mean,1.04,1.461805
787,group_element_set,8000,dummy_mean,3.56,1.461805
788,group_element_set,8000,dummy_mean,3.04,1.461805
790,group_element_set,8000,dummy_mean,2.16,1.461805
816,group_element_set,8000,dummy_mean,1.06,1.461805
817,group_element_set,8000,dummy_mean,0.56,1.461805
818,group_element_set,8000,dummy_mean,1.08,1.461805
849,group_element_set,8000,dummy_mean,1.38,1.461805
863,group_element_set,8000,dummy_mean,1.58,1.461805
868,group_element_set,8000,dummy_mean,1.2,1.461805
872,group_element_set,8000,dummy_mean,0.8,1.461805
891,group_element_set,8000,dummy_mean,1.02,1.461805
894,group_element_set,8000,dummy_mean,1.58,1.461805
905,group_element_set,8000,dummy_mean,1.48,1.461805
913,group_element_set,8000,dummy_mean,1.18,1.461805
921,group_element_set,8000,dummy_mean,1.9,1.461805
922,group_element_set,8000,dummy_mean,2.58,1.461805
940,group_element_set,8000,dummy_mean,0.72,1.461805
950,group_element_set,8000,dummy_mean,1.0,1.461805
955,group_element_set,8000,dummy_mean,1.32,1.461805
995,group_element_set,8000,dummy_mean,0.68,1.461805
1004,group_element_set,8000,dummy_mean,0.72,1.461805
1010,group_element_set,8000,dummy_mean,2.3,1.461805
1011,group_element_set,8000,dummy_mean,3.42,1.461805
1012,group_element_set,8000,dummy_mean,1.02,1.461805
1018,group_element_set,8000,dummy_mean,1.52,1.461805
1058,group_element_set,8000,dummy_mean,1.2,1.461805
1059,group_element_set,8000,dummy_mean,0.96,1.461805
1061,group_element_set,8000,dummy_mean,0.7,1.461805
1065,group_element_set,8000,dummy_mean,1.46,1.461805
1069,group_element_set,8000,dummy_mean,0.74,1.461805
1074,group_element_set,8000,dummy_mean,1.42,1.461805
1098,group_element_set,8000,dummy_mean,0.8,1.461805
1114,group_element_set,8000,dummy_mean,1.02,1.461805
1116,group_element_set,8000,dummy_mean,1.58,1.461805
1122,group_element_set,8000,dummy_mean,0.48,1.461805
1125,group_element_set,8000,dummy_mean,0.56,1.461805
1133,group_element_set,8000,dummy_mean,0.64,1.461805
1137,group_element_set,8000,dummy_mean,1.26,1.461805
1151,group_element_set,8000,dummy_mean,1.44,1.461805
1153,group_element_set,8000,dummy_mean,0.72,1.461805
1159,group_element_set,8000,dummy_mean,1.86,1.461805
1161,group_element_set,8000,dummy_mean,1.28,1.461805
1176,group_element_set,8000,dummy_mean,1.6,1.461805
1177,group_element_set,8000,dummy_mean,0.46,1.461805
1185,group_element_set,8000,dummy_mean,2.14,1.461805
1203,group_element_set,8000,dummy_mean,1.18,1.461805
1207,group_element_set,8000,dummy_mean,0.46,1.461805
1223,group_element_set,8000,dummy_mean,2.22,1.461805
1235,group_element_set,8000,dummy_mean,1.6,1.461805
1252,group_element_set,8000,dummy_mean,1.84,1.461805
1268,group_element_set,8000,dummy_mean,1.34,1.461805
1270,group_element_set,8000,dummy_mean,1.5,1.461805
1283,group_element_set,8000,dummy_mean,2.4,1.461805
1296,group_element_set,8000,dummy_mean,1.86,1.461805
1297,group_element_set,8000,dummy_mean,1.48,1.461805
1309,group_element_set,8000,dummy_mean,1.84,1.461805
1324,group_element_set,8000,dummy_mean,1.22,1.461805
1335,group_element_set,8000,dummy_mean,1.76,1.461805
1343,group_element_set,8000,dummy_mean,2.02,1.461805
1365,group_element_set,8000,dummy_mean,2.2,1.461805
1373,group_element_set,8000,dummy_mean,0.64,1.461805
1378,group_element_set,8000,dummy_mean,2.1,1.461805
1381,group_element_set,8000,dummy_mean,1.9,1.461805
1382,group_element_set,8000,dummy_mean,2.36,1.461805
1391,group_element_set,8000,dummy_mean,1.92,1.461805
1406,group_element_set,8000,dummy_mean,1.58,1.461805
1419,group_element_set,8000,dummy_mean,1.4,1.461805
1432,group_element_set,8000,dummy_mean,0.98,1.461805
1433,group_element_set,8000,dummy_mean,1.36,1.461805
1436,group_element_set,8000,dummy_mean,2.5,1.461805
1452,group_element_set,8000,dummy_mean,0.84,1.461805
1473,group_element_set,8000,dummy_mean,1.0,1.461805
1479,group_element_set,8000,dummy_mean,1.1,1.461805
1488,group_element_set,8000,dummy_mean,1.04,1.461805
1492,group_element_set,8000,dummy_mean,1.14,1.461805
1499,group_element_set,8000,dummy_mean,2.24,1.461805
1500,group_element_set,8000,dummy_mean,2.02,1.461805
1525,group_element_set,8000,dummy_mean,1.24,1.461805
1534,group_element_set,8000,dummy_mean,1.4,1.461805
1548,group_element_set,8000,dummy_mean,1.12,1.461805
1555,group_element_set,8000,dummy_mean,1.3,1.461805
1565,group_element_set,8000,dummy_mean,1.34,1.461805
1599,group_element_set,8000,dummy_mean,1.02,1.461805
1604,group_element_set,8000,dummy_mean,0.26,1.461805
1612,group_element_set,8000,dummy_mean,2.44,1.461805
1630,group_element_set,8000,dummy_mean,0.58,1.461805
1631,group_element_set,8000,dummy_mean,1.36,1.461805
1635,group_element_set,8000,dummy_mean,0.38,1.461805
1637,group_element_set,8000,dummy_mean,1.38,1.461805
1659,group_element_set,8000,dummy_mean,1.34,1.461805
1664,group_element_set,8000,dummy_mean,2.8,1.461805
1673,group_element_set,8000,dummy_mean,0.4,1.461805
1676,group_element_set,8000,dummy_mean,1.0,1.461805
1678,group_element_set,8000,dummy_mean,0.96,1.461805
1689,group_element_set,8000,dummy_mean,1.46,1.461805
1709,group_element_set,8000,dummy_mean,0.6,1.461805
1716,group_element_set,8000,dummy_mean,2.34,1.461805
1720,group_element_set,8000,dummy_mean,1.68,1.461805
1744,group_element_set,8000,dummy_mean,2.12,1.461805
1746,group_element_set,8000,dummy_mean,1.7,1.461805
1760,group_element_set,8000,dummy_mean,2.98,1.461805
1763,group_element_set,8000,dummy_mean,0.88,1.461805
1770,group_element_set,8000,dummy_mean,0.96,1.461805
1773,group_element_set,8000,dummy_mean,1.94,1.461805
1806,group_element_set,8000,dummy_mean,0.94,1.461805
1811,group_element_set,8000,dummy_mean,0.98,1.461805
1815,group_element_set,8000,dummy_mean,2.02,1.461805
1825,group_element_set,8000,dummy_mean,1.4,1.461805
1831,group_element_set,8000,dummy_mean,0.72,1.461805
1842,group_element_set,8000,dummy_mean,0.94,1.461805
1844,group_element_set,8000,dummy_mean,1.02,1.461805
1849,group_element_set,8000,dummy_mean,1.24,1.461805
1852,group_element_set,8000,dummy_mean,0.36,1.461805
1881,group_element_set,8000,dummy_mean,2.1,1.461805
1882,group_element_set,8000,dummy_mean,1.8,1.461805
1907,group_element_set,8000,dummy_mean,1.22,1.461805
1912,group_element_set,8000,dummy_mean,1.26,1.461805
1924,group_element_set,8000,dummy_mean,2.0,1.461805
1925,group_element_set,8000,dummy_mean,3.26,1.461805
1929,group_element_set,8000,dummy_mean,0.5,1.461805
1944,group_element_set,8000,dummy_mean,0.62,1.461805
1956,group_element_set,8000,dummy_mean,1.36,1.461805
1967,group_element_set,8000,dummy_mean,1.1,1.461805
1977,group_element_set,8000,dummy_mean,1.76,1.461805
1983,group_element_set,8000,dummy_mean,1.16,1.461805
1993,group_element_set,8000,dummy_mean,1.76,1.461805
1999,group_element_set,8000,dummy_mean,1.22,1.461805
2007,group_element_set,8000,dummy_mean,-0.26,1.461805
2009,group_element_set,8000,dummy_mean,1.1,1.461805
2045,group_element_set,8000,dummy_mean,0.96,1.461805
2072,group_element_set,8000,dummy_mean,1.32,1.461805
2077,group_element_set,8000,dummy_mean,0.76,1.461805
2090,group_element_set,8000,dummy_mean,0.66,1.461805
2120,group_element_set,8000,dummy_mean,0.72,1.461805
2131,group_element_set,8000,dummy_mean,0.18,1.461805
2134,group_element_set,8000,dummy_mean,3.18,1.461805
2145,group_element_set,8000,dummy_mean,1.6,1.461805
2153,group_element_set,8000,dummy_mean,2.0,1.461805
2161,group_element_set,8000,dummy_mean,3.44,1.461805
2166,group_element_set,8000,dummy_mean,1.46,1.461805
2167,group_element_set,8000,dummy_mean,2.98,1.461805
2197,group_element_set,8000,dummy_mean,3.1,1.461805
2229,group_element_set,8000,dummy_mean,1.0,1.461805
2235,group_element_set,8000,dummy_mean,0.78,1.461805
2237,group_element_set,8000,dummy_mean,2.22,1.461805
2254,group_element_set,8000,dummy_mean,1.24,1.461805
2262,group_element_set,8000,dummy_mean,1.22,1.461805
2298,group_element_set,8000,dummy_mean,1.52,1.461805
2301,group_element_set,8000,dummy_mean,4.0,1.461805
2305,group_element_set,8000,dummy_mean,2.84,1.461805
2310,group_element_set,8000,dummy_mean,0.24,1.461805
2322,group_element_set,8000,dummy_mean,1.22,1.461805
2335,group_element_set,8000,dummy_mean,1.68,1.461805
2345,group_element_set,8000,dummy_mean,0.84,1.461805
2349,group_element_set,8000,dummy_mean,0.62,1.461805
2357,group_element_set,8000,dummy_mean,0.94,1.461805
2360,group_element_set,8000,dummy_mean,1.82,1.461805
2363,group_element_set,8000,dummy_mean,1.2,1.461805
2380,group_element_set,8000,dummy_mean,2.3,1.461805
2385,group_element_set,8000,dummy_mean,1.78,1.461805
2386,group_element_set,8000,dummy_mean,1.12,1.461805
2396,group_element_set,8000,dummy_mean,0.94,1.461805
2397,group_element_set,8000,dummy_mean,1.1,1.461805
2408,group_element_set,8000,dummy_mean,1.26,1.461805
2412,group_element_set,8000,dummy_mean,0.78,1.461805
2414,group_element_set,8000,dummy_mean,0.76,1.461805
2424,group_element_set,8000,dummy_mean,1.3,1.461805
2453,group_element_set,8000,dummy_mean,3.1,1.461805
2485,group_element_set,8000,dummy_mean,2.82,1.461805
2509,group_element_set,8000,dummy_mean,0.7,1.461805
2527,group_element_set,8000,dummy_mean,1.28,1.461805
2554,group_element_set,8000,dummy_mean,3.26,1.461805
2569,group_element_set,8000,dummy_mean,0.96,1.461805
2590,group_element_set,8000,dummy_mean,1.08,1.461805
2623,group_element_set,8000,dummy_mean,2.0,1.461805
2630,group_element_set,8000,dummy_mean,1.0,1.461805
2632,group_element_set,8000,dummy_mean,2.36,1.461805
2635,group_element_set,8000,dummy_mean,2.18,1.461805
2647,group_element_set,8000,dummy_mean,1.0,1.461805
2657,group_element_set,8000,dummy_mean,2.44,1.461805
2665,group_element_set,8000,dummy_mean,0.76,1.461805
2690,group_element_set,8000,dummy_mean,1.96,1.461805
2705,group_element_set,8000,dummy_mean,0.6,1.461805
2715,group_element_set,8000,dummy_mean,2.16,1.461805
2747,group_element_set,8000,dummy_mean,1.34,1.461805
2752,group_element_set,8000,dummy_mean,1.44,1.461805
2764,group_element_set,8000,dummy_mean,0.88,1.461805
2767,group_element_set,8000,dummy_mean,1.68,1.461805
2777,group_element_set,8000,dummy_mean,1.94,1.461805
2782,group_element_set,8000,dummy_mean,1.24,1.461805
2792,group_element_set,8000,dummy_mean,2.1,1.461805
2799,group_element_set,8000,dummy_mean,1.16,1.461805
2800,group_element_set,8000,dummy_mean,2.26,1.461805
2809,group_element_set,8000,dummy_mean,1.64,1.461805
2812,group_element_set,8000,dummy_mean,-0.58,1.461805
2826,group_element_set,8000,dummy_mean,1.3,1.461805
2836,group_element_set,8000,dummy_mean,2.6,1.461805
2837,group_element_set,8000,dummy_mean,1.1,1.461805
2843,group_element_set,8000,dummy_mean,1.88,1.461805
2849,group_element_set,8000,dummy_mean,1.2,1.461805
2854,group_element_set,8000,dummy_mean,1.88,1.461805
2856,group_element_set,8000,dummy_mean,1.4,1.461805
2864,group_element_set,8000,dummy_mean,1.82,1.461805
2872,group_element_set,8000,dummy_mean,-0.06,1.461805
2881,group_element_set,8000,dummy_mean,1.26,1.461805
2882,group_element_set,8000,dummy_mean,1.08,1.461805
2886,group_element_set,8000,dummy_mean,0.94,1.461805
2887,group_element_set,8000,dummy_mean,1.94,1.461805
2912,group_element_set,8000,dummy_mean,0.6,1.461805
2916,group_element_set,8000,dummy_mean,1.56,1.461805
2928,group_element_set,8000,dummy_mean,1.46,1.461805
2935,group_element_set,8000,dummy_mean,1.48,1.461805
2957,group_element_set,8000,dummy_mean,1.06,1.461805
2972,group_element_set,8000,dummy_mean,0.1,1.461805
2975,group_element_set,8000,dummy_mean,0.56,1.461805
2976,group_element_set,8000,dummy_mean,1.06,1.461805
2993,group_element_set,8000,dummy_mean,1.58,1.461805
2997,group_element_set,8000,dummy_mean,0.5,1.461805
3002,group_element_set,8000,dummy_mean,2.16,1.461805
3012,group_element_set,8000,dummy_mean,0.9,1.461805
3025,group_element_set,8000,dummy_mean,2.42,1.461805
3037,group_element_set,8000,dummy_mean,1.48,1.461805
3048,group_element_set,8000,dummy_mean,0.48,1.461805
3050,group_element_set,8000,dummy_mean,1.32,1.461805
3063,group_element_set,8000,dummy_mean,1.28,1.461805
3106,group_element_set,8000,dummy_mean,0.42,1.461805
3115,group_element_set,8000,dummy_mean,1.6,1.461805
3127,group_element_set,8000,dummy_mean,1.04,1.461805
3129,group_element_set,8000,dummy_mean,2.04,1.461805
3130,group_element_set,8000,dummy_mean,2.76,1.461805
3141,group_element_set,8000,dummy_mean,0.74,1.461805
3143,group_element_set,8000,dummy_mean,1.82,1.461805
3186,group_element_set,8000,dummy_mean,1.62,1.461805
3207,group_element_set,8000,dummy_mean,1.38,1.461805
3238,group_element_set,8000,dummy_mean,1.54,1.461805
3240,group_element_set,8000,dummy_mean,1.08,1.461805
3253,group_element_set,8000,dummy_mean,1.56,1.461805
3255,group_element_set,8000,dummy_mean,0.2,1.461805
3272,group_element_set,8000,dummy_mean,2.32,1.461805
3286,group_element_set,8000,dummy_mean,0.7,1.461805
3293,group_element_set,8000,dummy_mean,1.5,1.461805
3296,group_element_set,8000,dummy_mean,1.52,1.461805
3309,group_element_set,8000,dummy_mean,0.64,1.461805
3310,group_element_set,8000,dummy_mean,0.94,1.461805
3314,group_element_set,8000,dummy_mean,1.4,1.461805
3342,group_element_set,8000,dummy_mean,0.78,1.461805
3356,group_element_set,8000,dummy_mean,0.76,1.461805
3359,group_element_set,8000,dummy_mean,0.5,1.461805
3360,group_element_set,8000,dummy_mean,1.26,1.461805
3362,group_element_set,8000,dummy_mean,0.92,1.461805
3374,group_element_set,8000,dummy_mean,0.84,1.461805
3389,group_element_set,8000,dummy_mean,1.28,1.461805
3390,group_element_set,8000,dummy_mean,0.82,1.461805
3400,group_element_set,8000,dummy_mean,1.18,1.461805
3402,group_element_set,8000,dummy_mean,0.96,1.461805
3407,group_element_set,8000,dummy_mean,1.04,1.461805
3423,group_element_set,8000,dummy_mean,1.32,1.461805
3430,group_element_set,8000,dummy_mean,3.12,1.461805
3434,group_element_set,8000,dummy_mean,1.52,1.461805
3465,group_element_set,8000,dummy_mean,1.8,1.461805
3498,group_element_set,8000,dummy_mean,1.08,1.461805
3532,group_element_set,8000,dummy_mean,1.06,1.461805
3557,group_element_set,8000,dummy_mean,0.6,1.461805
3558,group_element_set,8000,dummy_mean,0.78,1.461805
3569,group_element_set,8000,dummy_mean,1.42,1.461805
3570,group_element_set,8000,dummy_mean,2.66,1.461805
3582,group_element_set,8000,dummy_mean,1.68,1.461805
3584,group_element_set,8000,dummy_mean,1.16,1.461805
3585,group_element_set,8000,dummy_mean,2.34,1.461805
3627,group_element_set,8000,dummy_mean,1.34,1.461805
3647,group_element_set,8000,dummy_mean,2.0,1.461805
3653,group_element_set,8000,dummy_mean,0.66,1.461805
3662,group_element_set,8000,dummy_mean,3.2,1.461805
3671,group_element_set,8000,dummy_mean,1.22,1.461805
3684,group_element_set,8000,dummy_mean,0.36,1.461805
3685,group_element_set,8000,dummy_mean,1.54,1.461805
3686,group_element_set,8000,dummy_mean,1.16,1.461805
3687,group_element_set,8000,dummy_mean,2.08,1.461805
3688,group_element_set,8000,dummy_mean,1.38,1.461805
3689,group_element_set,8000,dummy_mean,1.7,1.461805
3691,group_element_set,8000,dummy_mean,0.7,1.461805
3696,group_element_set,8000,dummy_mean,1.58,1.461805
3714,group_element_set,8000,dummy_mean,3.48,1.461805
3717,group_element_set,8000,dummy_mean,2.54,1.461805
3721,group_element_set,8000,dummy_mean,1.94,1.461805
3725,group_element_set,8000,dummy_mean,2.88,1.461805
3734,group_element_set,8000,dummy_mean,1.22,1.461805
3741,group_element_set,8000,dummy_mean,1.48,1.461805
3742,group_element_set,8000,dummy_mean,2.3,1.461805
3750,group_element_set,8000,dummy_mean,2.88,1.461805
3756,group_element_set,8000,dummy_mean,2.14,1.461805
3768,group_element_set,8000,dummy_mean,1.14,1.461805
3770,group_element_set,8000,dummy_mean,0.74,1.461805
3800,group_element_set,8000,dummy_mean,0.82,1.461805
3822,group_element_set,8000,dummy_mean,2.2,1.461805
3823,group_element_set,8000,dummy_mean,1.7,1.461805
3837,group_element_set,8000,dummy_mean,0.78,1.461805
3839,group_element_set,8000,dummy_mean,0.94,1.461805
3856,group_element_set,8000,dummy_mean,1.34,1.461805
3865,group_element_set,8000,dummy_mean,1.94,1.461805
3892,group_element_set,8000,dummy_mean,1.12,1.461805
3904,group_element_set,8000,dummy_mean,1.2,1.461805
3914,group_element_set,8000,dummy_mean,0.48,1.461805
3923,group_element_set,8000,dummy_mean,2.4,1.461805
3927,group_element_set,8000,dummy_mean,1.3,1.461805
3948,group_element_set,8000,dummy_mean,1.78,1.461805
3961,group_element_set,8000,dummy_mean,-0.1,1.461805
3962,group_element_set,8000,dummy_mean,1.72,1.461805
3984,group_element_set,8000,dummy_mean,1.2,1.461805
3995,group_element_set,8000,dummy_mean,1.36,1.461805
4000,group_element_set,8000,dummy_mean,1.2,1.461805
4005,group_element_set,8000,dummy_mean,1.62,1.461805
4021,group_element_set,8000,dummy_mean,1.32,1.461805
4043,group_element_set,8000,dummy_mean,2.9,1.461805
4044,group_element_set,8000,dummy_mean,0.8,1.461805
4050,group_element_set,8000,dummy_mean,2.0,1.461805
4057,group_element_set,8000,dummy_mean,1.52,1.461805
4073,group_element_set,8000,dummy_mean,1.98,1.461805
4074,group_element_set,8000,dummy_mean,0.6,1.461805
4075,group_element_set,8000,dummy_mean,1.62,1.461805
4083,group_element_set,8000,dummy_mean,0.98,1.461805
4106,group_element_set,8000,dummy_mean,1.44,1.461805
4135,group_element_set,8000,dummy_mean,1.04,1.461805
4144,group_element_set,8000,dummy_mean,0.98,1.461805
4202,group_element_set,8000,dummy_mean,1.22,1.461805
4211,group_element_set,8000,dummy_mean,1.18,1.461805
4221,group_element_set,8000,dummy_mean,0.94,1.461805
4227,group_element_set,8000,dummy_mean,3.98,1.461805
4238,group_element_set,8000,dummy_mean,1.04,1.461805
4244,group_element_set,8000,dummy_mean,0.24,1.461805
4255,group_element_set,8000,dummy_mean,1.16,1.461805
4256,group_element_set,8000,dummy_mean,1.64,1.461805
4257,group_element_set,8000,dummy_mean,1.34,1.461805
4277,group_element_set,8000,dummy_mean,2.26,1.461805
4281,group_element_set,8000,dummy_mean,2.34,1.461805
4284,group_element_set,8000,dummy_mean,0.7,1.461805
4289,group_element_set,8000,dummy_mean,3.66,1.461805
4346,group_element_set,8000,dummy_mean,2.1,1.461805
4349,group_element_set,8000,dummy_mean,1.4,1.461805
4352,group_element_set,8000,dummy_mean,1.8,1.461805
4376,group_element_set,8000,dummy_mean,2.62,1.461805
4412,group_element_set,8000,dummy_mean,0.18,1.461805
4429,group_element_set,8000,dummy_mean,2.0,1.461805
4438,group_element_set,8000,dummy_mean,3.22,1.461805
4440,group_element_set,8000,dummy_mean,1.18,1.461805
4444,group_element_set,8000,dummy_mean,1.42,1.461805
4445,group_element_set,8000,dummy_mean,0.48,1.461805
4458,group_element_set,8000,dummy_mean,1.36,1.461805
4467,group_element_set,8000,dummy_mean,3.02,1.461805
4472,group_element_set,8000,dummy_mean,2.24,1.461805
4482,group_element_set,8000,dummy_mean,1.1,1.461805
4491,group_element_set,8000,dummy_mean,1.02,1.461805
4504,group_element_set,8000,dummy_mean,1.62,1.461805
4512,group_element_set,8000,dummy_mean,1.34,1.461805
4520,group_element_set,8000,dummy_mean,1.52,1.461805
4522,group_element_set,8000,dummy_mean,1.38,1.461805
4526,group_element_set,8000,dummy_mean,1.84,1.461805
4535,group_element_set,8000,dummy_mean,0.74,1.461805
4545,group_element_set,8000,dummy_mean,0.8,1.461805
4547,group_element_set,8000,dummy_mean,0.44,1.461805
4551,group_element_set,8000,dummy_mean,1.32,1.461805
4555,group_element_set,8000,dummy_mean,0.94,1.461805
4569,group_element_set,8000,dummy_mean,1.64,1.461805
4573,group_element_set,8000,dummy_mean,1.04,1.461805
4574,group_element_set,8000,dummy_mean,0.38,1.461805
4581,group_element_set,8000,dummy_mean,1.96,1.461805
4615,group_element_set,8000,dummy_mean,2.3,1.461805
4631,group_element_set,8000,dummy_mean,1.74,1.461805
4632,group_element_set,8000,dummy_mean,0.84,1.461805
4642,group_element_set,8000,dummy_mean,0.84,1.461805
4671,group_element_set,8000,dummy_mean,1.02,1.461805
4673,group_element_set,8000,dummy_mean,4.34,1.461805
4676,group_element_set,8000,dummy_mean,0.68,1.461805
4677,group_element_set,8000,dummy_mean,1.42,1.461805
4684,group_element_set,8000,dummy_mean,1.08,1.461805
4720,group_element_set,8000,dummy_mean,3.54,1.461805
4724,group_element_set,8000,dummy_mean,1.8,1.461805
4730,group_element_set,8000,dummy_mean,1.54,1.461805
4744,group_element_set,8000,dummy_mean,1.96,1.461805
4753,group_element_set,8000,dummy_mean,1.2,1.461805
4754,group_element_set,8000,dummy_mean,1.36,1.461805
4769,group_element_set,8000,dummy_mean,1.42,1.461805
4781,group_element_set,8000,dummy_mean,0.86,1.461805
4795,group_element_set,8000,dummy_mean,1.06,1.461805
4802,group_element_set,8000,dummy_mean,1.56,1.461805
4806,group_element_set,8000,dummy_mean,1.52,1.461805
4812,group_element_set,8000,dummy_mean,0.6,1.461805
4814,group_element_set,8000,dummy_mean,1.66,1.461805
4828,group_element_set,8000,dummy_mean,1.78,1.461805
4830,group_element_set,8000,dummy_mean,2.1,1.461805
4873,group_element_set,8000,dummy_mean,2.58,1.461805
4877,group_element_set,8000,dummy_mean,2.32,1.461805
4894,group_element_set,8000,dummy_mean,1.18,1.461805
4899,group_element_set,8000,dummy_mean,1.08,1.461805
4901,group_element_set,8000,dummy_mean,0.96,1.461805
4903,group_element_set,8000,dummy_mean,1.58,1.461805
4908,group_element_set,8000,dummy_mean,1.02,1.461805
4919,group_element_set,8000,dummy_mean,3.86,1.461805
4932,group_element_set,8000,dummy_mean,2.0,1.461805
4937,group_element_set,8000,dummy_mean,1.7,1.461805
4941,group_element_set,8000,dummy_mean,1.68,1.461805
4945,group_element_set,8000,dummy_mean,3.12,1.461805
4947,group_element_set,8000,dummy_mean,1.24,1.461805
4965,group_element_set,8000,dummy_mean,1.22,1.461805
4982,group_element_set,8000,dummy_mean,0.58,1.461805
4983,group_element_set,8000,dummy_mean,2.7,1.461805
4997,group_element_set,8000,dummy_mean,1.28,1.461805
5001,group_element_set,8000,dummy_mean,1.42,1.461805
5010,group_element_set,8000,dummy_mean,2.52,1.461805
5012,group_element_set,8000,dummy_mean,1.58,1.461805
5025,group_element_set,8000,dummy_mean,1.04,1.461805
5041,group_element_set,8000,dummy_mean,1.8,1.461805
5043,group_element_set,8000,dummy_mean,1.08,1.461805
5057,group_element_set,8000,dummy_mean,1.44,1.461805
5058,group_element_set,8000,dummy_mean,0.7,1.461805
5064,group_element_set,8000,dummy_mean,1.28,1.461805
5096,group_element_set,8000,dummy_mean,4.36,1.461805
5097,group_element_set,8000,dummy_mean,2.5,1.461805
5101,group_element_set,8000,dummy_mean,3.74,1.461805
5108,group_element_set,8000,dummy_mean,1.22,1.461805
5152,group_element_set,8000,dummy_mean,2.76,1.461805
5156,group_element_set,8000,dummy_mean,1.4,1.461805
5167,group_element_set,8000,dummy_mean,0.56,1.461805
5176,group_element_set,8000,dummy_mean,1.46,1.461805
5182,group_element_set,8000,dummy_mean,2.68,1.461805
5184,group_element_set,8000,dummy_mean,1.18,1.461805
5197,group_element_set,8000,dummy_mean,1.74,1.461805
5208,group_element_set,8000,dummy_mean,1.14,1.461805
5213,group_element_set,8000,dummy_mean,2.1,1.461805
5216,group_element_set,8000,dummy_mean,2.08,1.461805
5218,group_element_set,8000,dummy_mean,0.62,1.461805
5219,group_element_set,8000,dummy_mean,2.18,1.461805
5258,group_element_set,8000,dummy_mean,0.86,1.461805
5268,group_element_set,8000,dummy_mean,1.58,1.461805
5275,group_element_set,8000,dummy_mean,0.46,1.461805
5279,group_element_set,8000,dummy_mean,2.48,1.461805
5282,group_element_set,8000,dummy_mean,2.06,1.461805
5288,group_element_set,8000,dummy_mean,2.68,1.461805
5295,group_element_set,8000,dummy_mean,1.04,1.461805
5298,group_element_set,8000,dummy_mean,1.5,1.461805
5331,group_element_set,8000,dummy_mean,1.56,1.461805
5335,group_element_set,8000,dummy_mean,0.62,1.461805
5339,group_element_set,8000,dummy_mean,2.64,1.461805
5348,group_element_set,8000,dummy_mean,1.68,1.461805
5350,group_element_set,8000,dummy_mean,0.42,1.461805
5356,group_element_set,8000,dummy_mean,1.84,1.461805
5372,group_element_set,8000,dummy_mean,2.42,1.461805
5389,group_element_set,8000,dummy_mean,0.96,1.461805
5393,group_element_set,8000,dummy_mean,3.0,1.461805
5403,group_element_set,8000,dummy_mean,1.9,1.461805
5409,group_element_set,8000,dummy_mean,0.66,1.461805
5412,group_element_set,8000,dummy_mean,0.72,1.461805
5415,group_element_set,8000,dummy_mean,2.38,1.461805
5455,group_element_set,8000,dummy_mean,1.04,1.461805
5481,group_element_set,8000,dummy_mean,1.56,1.461805
5491,group_element_set,8000,dummy_mean,1.12,1.461805
5492,group_element_set,8000,dummy_mean,1.88,1.461805
5493,group_element_set,8000,dummy_mean,1.46,1.461805
5497,group_element_set,8000,dummy_mean,0.9,1.461805
5503,group_element_set,8000,dummy_mean,1.48,1.461805
5509,group_element_set,8000,dummy_mean,1.22,1.461805
5512,group_element_set,8000,dummy_mean,1.18,1.461805
5514,group_element_set,8000,dummy_mean,1.48,1.461805
5535,group_element_set,8000,dummy_mean,1.34,1.461805
5574,group_element_set,8000,dummy_mean,1.62,1.461805
5599,group_element_set,8000,dummy_mean,1.32,1.461805
5602,group_element_set,8000,dummy_mean,0.68,1.461805
5616,group_element_set,8000,dummy_mean,1.02,1.461805
5617,group_element_set,8000,dummy_mean,0.92,1.461805
5635,group_element_set,8000,dummy_mean,1.08,1.461805
5669,group_element_set,8000,dummy_mean,2.6,1.461805
5680,group_element_set,8000,dummy_mean,0.34,1.461805
5688,group_element_set,8000,dummy_mean,1.4,1.461805
5706,group_element_set,8000,dummy_mean,0.74,1.461805
5727,group_element_set,8000,dummy_mean,0.3,1.461805
5729,group_element_set,8000,dummy_mean,1.08,1.461805
5748,group_element_set,8000,dummy_mean,1.12,1.461805
5757,group_element_set,8000,dummy_mean,1.38,1.461805
5769,group_element_set,8000,dummy_mean,0.94,1.461805
5822,group_element_set,8000,dummy_mean,1.02,1.461805
5839,group_element_set,8000,dummy_mean,0.88,1.461805
5842,group_element_set,8000,dummy_mean,2.62,1.461805
5857,group_element_set,8000,dummy_mean,1.44,1.461805
5868,group_element_set,8000,dummy_mean,2.3,1.461805
5883,group_element_set,8000,dummy_mean,1.5,1.461805
5905,group_element_set,8000,dummy_mean,1.3,1.461805
5906,group_element_set,8000,dummy_mean,3.06,1.461805
5909,group_element_set,8000,dummy_mean,1.16,1.461805
5910,group_element_set,8000,dummy_mean,0.3,1.461805
5930,group_element_set,8000,dummy_mean,2.4,1.461805
5939,group_element_set,8000,dummy_mean,1.06,1.461805
5950,group_element_set,8000,dummy_mean,0.4,1.461805
5960,group_element_set,8000,dummy_mean,0.32,1.461805
5996,group_element_set,8000,dummy_mean,0.5,1.461805
6002,group_element_set,8000,dummy_mean,0.68,1.461805
6009,group_element_set,8000,dummy_mean,1.72,1.461805
6015,group_element_set,8000,dummy_mean,2.98,1.461805
6021,group_element_set,8000,dummy_mean,0.68,1.461805
6052,group_element_set,8000,dummy_mean,1.52,1.461805
6056,group_element_set,8000,dummy_mean,1.8,1.461805
6057,group_element_set,8000,dummy_mean,2.42,1.461805
6062,group_element_set,8000,dummy_mean,1.96,1.461805
6065,group_element_set,8000,dummy_mean,1.42,1.461805
6081,group_element_set,8000,dummy_mean,1.18,1.461805
6092,group_element_set,8000,dummy_mean,0.54,1.461805
6103,group_element_set,8000,dummy_mean,1.46,1.461805
6106,group_element_set,8000,dummy_mean,1.1,1.461805
6114,group_element_set,8000,dummy_mean,1.94,1.461805
6121,group_element_set,8000,dummy_mean,0.86,1.461805
6123,group_element_set,8000,dummy_mean,1.58,1.461805
6137,group_element_set,8000,dummy_mean,0.62,1.461805
6142,group_element_set,8000,dummy_mean,0.68,1.461805
6156,group_element_set,8000,dummy_mean,0.7,1.461805
6164,group_element_set,8000,dummy_mean,1.12,1.461805
6167,group_element_set,8000,dummy_mean,1.5,1.461805
6177,group_element_set,8000,dummy_mean,2.68,1.461805
6189,group_element_set,8000,dummy_mean,1.02,1.461805
6192,group_element_set,8000,dummy_mean,0.54,1.461805
6220,group_element_set,8000,dummy_mean,1.14,1.461805
6234,group_element_set,8000,dummy_mean,1.38,1.461805
6268,group_element_set,8000,dummy_mean,0.82,1.461805
6281,group_element_set,8000,dummy_mean,0.76,1.461805
6285,group_element_set,8000,dummy_mean,0.8,1.461805
6293,group_element_set,8000,dummy_mean,1.36,1.461805
6294,group_element_set,8000,dummy_mean,0.74,1.461805
6295,group_element_set,8000,dummy_mean,1.78,1.461805
6314,group_element_set,8000,dummy_mean,1.12,1.461805
6324,group_element_set,8000,dummy_mean,2.0,1.461805
6343,group_element_set,8000,dummy_mean,1.82,1.461805
6352,group_element_set,8000,dummy_mean,1.08,1.461805
6354,group_element_set,8000,dummy_mean,2.1,1.461805
6357,group_element_set,8000,dummy_mean,1.46,1.461805
6358,group_element_set,8000,dummy_mean,1.08,1.461805
6403,group_element_set,8000,dummy_mean,1.6,1.461805
6407,group_element_set,8000,dummy_mean,2.7,1.461805
6415,group_element_set,8000,dummy_mean,1.76,1.461805
6420,group_element_set,8000,dummy_mean,1.16,1.461805
6421,group_element_set,8000,dummy_mean,1.64,1.461805
6432,group_element_set,8000,dummy_mean,0.8,1.461805
6444,group_element_set,8000,dummy_mean,0.48,1.461805
6448,group_element_set,8000,dummy_mean,2.88,1.461805
6451,group_element_set,8000,dummy_mean,1.3,1.461805
6453,group_element_set,8000,dummy_mean,1.0,1.461805
6466,group_element_set,8000,dummy_mean,0.36,1.461805
6471,group_element_set,8000,dummy_mean,1.44,1.461805
6472,group_element_set,8000,dummy_mean,0.62,1.461805
6476,group_element_set,8000,dummy_mean,1.72,1.461805
6480,group_element_set,8000,dummy_mean,1.38,1.461805
6483,group_element_set,8000,dummy_mean,1.58,1.461805
6488,group_element_set,8000,dummy_mean,1.44,1.461805
6493,group_element_set,8000,dummy_mean,1.98,1.461805
6497,group_element_set,8000,dummy_mean,1.9,1.461805
6506,group_element_set,8000,dummy_mean,0.62,1.461805
6508,group_element_set,8000,dummy_mean,0.78,1.461805
6511,group_element_set,8000,dummy_mean,0.84,1.461805
6512,group_element_set,8000,dummy_mean,1.72,1.461805
6514,group_element_set,8000,dummy_mean,0.62,1.461805
6516,group_element_set,8000,dummy_mean,2.78,1.461805
6541,group_element_set,8000,dummy_mean,2.48,1.461805
6586,group_element_set,8000,dummy_mean,0.56,1.461805
6590,group_element_set,8000,dummy_mean,0.22,1.461805
6630,group_element_set,8000,dummy_mean,1.66,1.461805
6631,group_element_set,8000,dummy_mean,0.88,1.461805
6646,group_element_set,8000,dummy_mean,0.96,1.461805
6647,group_element_set,8000,dummy_mean,1.48,1.461805
6665,group_element_set,8000,dummy_mean,2.22,1.461805
6680,group_element_set,8000,dummy_mean,1.66,1.461805
6708,group_element_set,8000,dummy_mean,1.2,1.461805
6734,group_element_set,8000,dummy_mean,2.22,1.461805
6741,group_element_set,8000,dummy_mean,1.78,1.461805
6746,group_element_set,8000,dummy_mean,0.66,1.461805
6750,group_element_set,8000,dummy_mean,2.52,1.461805
6753,group_element_set,8000,dummy_mean,1.3,1.461805
6761,group_element_set,8000,dummy_mean,1.5,1.461805
6769,group_element_set,8000,dummy_mean,2.16,1.461805
6810,group_element_set,8000,dummy_mean,2.5,1.461805
6824,group_element_set,8000,dummy_mean,1.22,1.461805
6826,group_element_set,8000,dummy_mean,0.38,1.461805
6829,group_element_set,8000,dummy_mean,1.42,1.461805
6836,group_element_set,8000,dummy_mean,0.36,1.461805
6842,group_element_set,8000,dummy_mean,1.88,1.461805
6846,group_element_set,8000,dummy_mean,0.56,1.461805
6850,group_element_set,8000,dummy_mean,0.66,1.461805
6871,group_element_set,8000,dummy_mean,1.94,1.461805
6884,group_element_set,8000,dummy_mean,0.96,1.461805
6913,group_element_set,8000,dummy_mean,1.5,1.461805
6925,group_element_set,8000,dummy_mean,2.38,1.461805
6940,group_element_set,8000,dummy_mean,3.4,1.461805
6955,group_element_set,8000,dummy_mean,0.92,1.461805
6975,group_element_set,8000,dummy_mean,1.38,1.461805
6987,group_element_set,8000,dummy_mean,1.22,1.461805
7010,group_element_set,8000,dummy_mean,1.48,1.461805
7017,group_element_set,8000,dummy_mean,0.92,1.461805
7027,group_element_set,8000,dummy_mean,0.66,1.461805
7035,group_element_set,8000,dummy_mean,2.26,1.461805
7058,group_element_set,8000,dummy_mean,2.1,1.461805
7061,group_element_set,8000,dummy_mean,0.7,1.461805
7065,group_element_set,8000,dummy_mean,1.78,1.461805
7067,group_element_set,8000,dummy_mean,1.16,1.461805
7069,group_element_set,8000,dummy_mean,2.08,1.461805
7073,group_element_set,8000,dummy_mean,2.4,1.461805
7074,group_element_set,8000,dummy_mean,0.76,1.461805
7088,group_element_set,8000,dummy_mean,0.94,1.461805
7128,group_element_set,8000,dummy_mean,0.46,1.461805
7166,group_element_set,8000,dummy_mean,1.14,1.461805
7178,group_element_set,8000,dummy_mean,1.5,1.461805
7193,group_element_set,8000,dummy_mean,2.14,1.461805
7194,group_element_set,8000,dummy_mean,1.44,1.461805
7209,group_element_set,8000,dummy_mean,2.06,1.461805
7218,group_element_set,8000,dummy_mean,0.78,1.461805
7221,group_element_set,8000,dummy_mean,0.0,1.461805
7234,group_element_set,8000,dummy_mean,1.36,1.461805
7255,group_element_set,8000,dummy_mean,3.12,1.461805
7256,group_element_set,8000,dummy_mean,0.46,1.461805
7257,group_element_set,8000,dummy_mean,0.16,1.461805
7264,group_element_set,8000,dummy_mean,1.7,1.461805
7265,group_element_set,8000,dummy_mean,2.1,1.461805
7281,group_element_set,8000,dummy_mean,1.08,1.461805
7282,group_element_set,8000,dummy_mean,0.76,1.461805
7285,group_element_set,8000,dummy_mean,0.84,1.461805
7293,group_element_set,8000,dummy_mean,1.0,1.461805
7297,group_element_set,8000,dummy_mean,2.26,1.461805
7303,group_element_set,8000,dummy_mean,2.3,1.461805
7320,group_element_set,8000,dummy_mean,0.94,1.461805
7334,group_element_set,8000,dummy_mean,1.2,1.461805
7342,group_element_set,8000,dummy_mean,2.34,1.461805
7346,group_element_set,8000,dummy_mean,2.84,1.461805
7347,group_element_set,8000,dummy_mean,1.78,1.461805
7349,group_element_set,8000,dummy_mean,1.4,1.461805
7359,group_element_set,8000,dummy_mean,1.84,1.461805
7365,group_element_set,8000,dummy_mean,1.26,1.461805
7375,group_element_set,8000,dummy_mean,1.96,1.461805
7396,group_element_set,8000,dummy_mean,1.82,1.461805
7405,group_element_set,8000,dummy_mean,1.6,1.461805
7410,group_element_set,8000,dummy_mean,1.76,1.461805
7415,group_element_set,8000,dummy_mean,-0.24,1.461805
7425,group_element_set,8000,dummy_mean,0.26,1.461805
7456,group_element_set,8000,dummy_mean,1.86,1.461805
7458,group_element_set,8000,dummy_mean,1.38,1.461805
7469,group_element_set,8000,dummy_mean,1.98,1.461805
7482,group_element_set,8000,dummy_mean,1.14,1.461805
7500,group_element_set,8000,dummy_mean,1.36,1.461805
7516,group_element_set,8000,dummy_mean,1.44,1.461805
7543,group_element_set,8000,dummy_mean,1.7,1.461805
7547,group_element_set,8000,dummy_mean,1.52,1.461805
7549,group_element_set,8000,dummy_mean,1.5,1.461805
7560,group_element_set,8000,dummy_mean,2.36,1.461805
7570,group_element_set,8000,dummy_mean,0.34,1.461805
7571,group_element_set,8000,dummy_mean,1.44,1.461805
7591,group_element_set,8000,dummy_mean,1.54,1.461805
7598,group_element_set,8000,dummy_mean,1.0,1.461805
7603,group_element_set,8000,dummy_mean,1.82,1.461805
7608,group_element_set,8000,dummy_mean,1.44,1.461805
7617,group_element_set,8000,dummy_mean,1.18,1.461805
7621,group_element_set,8000,dummy_mean,1.5,1.461805
7643,group_element_set,8000,dummy_mean,1.02,1.461805
7652,group_element_set,8000,dummy_mean,1.48,1.461805
7664,group_element_set,8000,dummy_mean,1.54,1.461805
7670,group_element_set,8000,dummy_mean,1.54,1.461805
7679,group_element_set,8000,dummy_mean,3.62,1.461805
7690,group_element_set,8000,dummy_mean,1.7,1.461805
7725,group_element_set,8000,dummy_mean,1.12,1.461805
7728,group_element_set,8000,dummy_mean,1.34,1.461805
7729,group_element_set,8000,dummy_mean,1.48,1.461805
7737,group_element_set,8000,dummy_mean,0.84,1.461805
7745,group_element_set,8000,dummy_mean,1.5,1.461805
7747,group_element_set,8000,dummy_mean,1.2,1.461805
7752,group_element_set,8000,dummy_mean,1.68,1.461805
7773,group_element_set,8000,dummy_mean,1.26,1.461805
7777,group_element_set,8000,dummy_mean,1.28,1.461805
7780,group_element_set,8000,dummy_mean,1.64,1.461805
7791,group_element_set,8000,dummy_mean,1.58,1.461805
7803,group_element_set,8000,dummy_mean,1.1,1.461805
7812,group_element_set,8000,dummy_mean,1.58,1.461805
7828,group_element_set,8000,dummy_mean,1.84,1.461805
7830,group_element_set,8000,dummy_mean,1.76,1.461805
7870,group_element_set,8000,dummy_mean,1.08,1.461805
7890,group_element_set,8000,dummy_mean,1.38,1.461805
7891,group_element_set,8000,dummy_mean,1.98,1.461805
7894,group_element_set,8000,dummy_mean,2.84,1.461805
7898,group_element_set,8000,dummy_mean,1.04,1.461805
7899,group_element_set,8000,dummy_mean,1.0,1.461805
7908,group_element_set,8000,dummy_mean,0.8,1.461805
7924,group_element_set,8000,dummy_mean,0.88,1.461805
7927,group_element_set,8000,dummy_mean,1.48,1.461805
7929,group_element_set,8000,dummy_mean,1.34,1.461805
7941,group_element_set,8000,dummy_mean,0.76,1.461805
7955,group_element_set,8000,dummy_mean,1.54,1.461805
7966,group_element_set,8000,dummy_mean,1.08,1.461805
7973,group_element_set,8000,dummy_mean,1.8,1.461805
7982,group_element_set,8000,dummy_mean,1.72,1.461805
8022,group_element_set,8000,dummy_mean,3.26,1.461805
8025,group_element_set,8000,dummy_mean,2.32,1.461805
8028,group_element_set,8000,dummy_mean,1.32,1.461805
8035,group_element_set,8000,dummy_mean,1.54,1.461805
8060,group_element_set,8000,dummy_mean,1.26,1.461805
8068,group_element_set,8000,dummy_mean,2.3,1.461805
8073,group_element_set,8000,dummy_mean,0.94,1.461805
8074,group_element_set,8000,dummy_mean,0.8,1.461805
8086,group_element_set,8000,dummy_mean,0.9,1.461805
8094,group_element_set,8000,dummy_mean,2.98,1.461805
8108,group_element_set,8000,dummy_mean,1.56,1.461805
8125,group_element_set,8000,dummy_mean,2.46,1.461805
8146,group_element_set,8000,dummy_mean,0.5,1.461805
8148,group_element_set,8000,dummy_mean,1.42,1.461805
8180,group_element_set,8000,dummy_mean,1.94,1.461805
8183,group_element_set,8000,dummy_mean,1.84,1.461805
8187,group_element_set,8000,dummy_mean,1.52,1.461805
8189,group_element_set,8000,dummy_mean,2.32,1.461805
8197,group_element_set,8000,dummy_mean,1.48,1.461805
8207,group_element_set,8000,dummy_mean,0.76,1.461805
8227,group_element_set,8000,dummy_mean,1.88,1.461805
8229,group_element_set,8000,dummy_mean,1.66,1.461805
8242,group_element_set,8000,dummy_mean,1.24,1.461805
8246,group_element_set,8000,dummy_mean,2.04,1.461805
8263,group_element_set,8000,dummy_mean,1.66,1.461805
8269,group_element_set,8000,dummy_mean,1.3,1.461805
8276,group_element_set,8000,dummy_mean,0.86,1.461805
8289,group_element_set,8000,dummy_mean,0.86,1.461805
8296,group_element_set,8000,dummy_mean,2.66,1.461805
8299,group_element_set,8000,dummy_mean,1.7,1.461805
8313,group_element_set,8000,dummy_mean,4.04,1.461805
8329,group_element_set,8000,dummy_mean,1.46,1.461805
8335,group_element_set,8000,dummy_mean,1.94,1.461805
8343,group_element_set,8000,dummy_mean,0.7,1.461805
8345,group_element_set,8000,dummy_mean,0.52,1.461805
8350,group_element_set,8000,dummy_mean,2.2,1.461805
8359,group_element_set,8000,dummy_mean,1.88,1.461805
8367,group_element_set,8000,dummy_mean,0.62,1.461805
8377,group_element_set,8000,dummy_mean,0.66,1.461805
8387,group_element_set,8000,dummy_mean,1.42,1.461805
8402,group_element_set,8000,dummy_mean,0.96,1.461805
8409,group_element_set,8000,dummy_mean,1.32,1.461805
8414,group_element_set,8000,dummy_mean,1.38,1.461805
8422,group_element_set,8000,dummy_mean,1.0,1.461805
8446,group_element_set,8000,dummy_mean,2.52,1.461805
8455,group_element_set,8000,dummy_mean,0.7,1.461805
8457,group_element_set,8000,dummy_mean,0.56,1.461805
8458,group_element_set,8000,dummy_mean,1.32,1.461805
8464,group_element_set,8000,dummy_mean,2.94,1.461805
8487,group_element_set,8000,dummy_mean,0.52,1.461805
8508,group_element_set,8000,dummy_mean,0.76,1.461805
8511,group_element_set,8000,dummy_mean,1.3,1.461805
8517,group_element_set,8000,dummy_mean,1.54,1.461805
8537,group_element_set,8000,dummy_mean,2.18,1.461805
8538,group_element_set,8000,dummy_mean,1.38,1.461805
8568,group_element_set,8000,dummy_mean,1.86,1.461805
8586,group_element_set,8000,dummy_mean,1.82,1.461805
8608,group_element_set,8000,dummy_mean,1.16,1.461805
8610,group_element_set,8000,dummy_mean,0.54,1.461805
8615,group_element_set,8000,dummy_mean,0.34,1.461805
8618,group_element_set,8000,dummy_mean,1.98,1.461805
8620,group_element_set,8000,dummy_mean,1.84,1.461805
8634,group_element_set,8000,dummy_mean,1.68,1.461805
8636,group_element_set,8000,dummy_mean,1.32,1.461805
8663,group_element_set,8000,dummy_mean,1.76,1.461805
8678,group_element_set,8000,dummy_mean,1.92,1.461805
8682,group_element_set,8000,dummy_mean,0.92,1.461805
8683,group_element_set,8000,dummy_mean,0.36,1.461805
8695,group_element_set,8000,dummy_mean,0.86,1.461805
8697,group_element_set,8000,dummy_mean,1.38,1.461805
8708,group_element_set,8000,dummy_mean,1.3,1.461805
8712,group_element_set,8000,dummy_mean,1.32,1.461805
8713,group_element_set,8000,dummy_mean,0.1,1.461805
8718,group_element_set,8000,dummy_mean,1.14,1.461805
8720,group_element_set,8000,dummy_mean,1.48,1.461805
8723,group_element_set,8000,dummy_mean,0.9,1.461805
8738,group_element_set,8000,dummy_mean,0.82,1.461805
8744,group_element_set,8000,dummy_mean,0.76,1.461805
8746,group_element_set,8000,dummy_mean,0.22,1.461805
8768,group_element_set,8000,dummy_mean,1.76,1.461805
8779,group_element_set,8000,dummy_mean,3.88,1.461805
8782,group_element_set,8000,dummy_mean,2.46,1.461805
8783,group_element_set,8000,dummy_mean,2.8,1.461805
8785,group_element_set,8000,dummy_mean,1.56,1.461805
8797,group_element_set,8000,dummy_mean,0.12,1.461805
8814,group_element_set,8000,dummy_mean,2.56,1.461805
8843,group_element_set,8000,dummy_mean,1.52,1.461805
8868,group_element_set,8000,dummy_mean,1.18,1.461805
8878,group_element_set,8000,dummy_mean,1.72,1.461805
8916,group_element_set,8000,dummy_mean,1.22,1.461805
8923,group_element_set,8000,dummy_mean,1.42,1.461805
8925,group_element_set,8000,dummy_mean,3.94,1.461805
8927,group_element_set,8000,dummy_mean,1.34,1.461805
8948,group_element_set,8000,dummy_mean,1.26,1.461805
8953,group_element_set,8000,dummy_mean,1.66,1.461805
8973,group_element_set,8000,dummy_mean,1.3,1.461805
8984,group_element_set,8000,dummy_mean,1.12,1.461805
8986,group_element_set,8000,dummy_mean,1.02,1.461805
8992,group_element_set,8000,dummy_mean,1.48,1.461805
9003,group_element_set,8000,dummy_mean,2.14,1.461805
9012,group_element_set,8000,dummy_mean,1.38,1.461805
9013,group_element_set,8000,dummy_mean,0.88,1.461805
9032,group_element_set,8000,dummy_mean,1.72,1.461805
9038,group_element_set,8000,dummy_mean,1.9,1.461805
9045,group_element_set,8000,dummy_mean,1.28,1.461805
9049,group_element_set,8000,dummy_mean,0.78,1.461805
9062,group_element_set,8000,dummy_mean,1.14,1.461805
9065,group_element_set,8000,dummy_mean,2.76,1.461805
9080,group_element_set,8000,dummy_mean,1.34,1.461805
9096,group_element_set,8000,dummy_mean,1.1,1.461805
9100,group_element_set,8000,dummy_mean,2.8,1.461805
9105,group_element_set,8000,dummy_mean,1.2,1.461805
9113,group_element_set,8000,dummy_mean,1.38,1.461805
9115,group_element_set,8000,dummy_mean,0.54,1.461805
9124,group_element_set,8000,dummy_mean,0.72,1.461805
9129,group_element_set,8000,dummy_mean,3.7,1.461805
9139,group_element_set,8000,dummy_mean,1.0,1.461805
9154,group_element_set,8000,dummy_mean,1.78,1.461805
9191,group_element_set,8000,dummy_mean,1.64,1.461805
9196,group_element_set,8000,dummy_mean,1.72,1.461805
9207,group_element_set,8000,dummy_mean,3.52,1.461805
9212,group_element_set,8000,dummy_mean,1.36,1.461805
9221,group_element_set,8000,dummy_mean,0.92,1.461805
9238,group_element_set,8000,dummy_mean,1.22,1.461805
9240,group_element_set,8000,dummy_mean,1.84,1.461805
9242,group_element_set,8000,dummy_mean,4.08,1.461805
9254,group_element_set,8000,dummy_mean,2.2,1.461805
9277,group_element_set,8000,dummy_mean,0.42,1.461805
9283,group_element_set,8000,dummy_mean,0.14,1.461805
9285,group_element_set,8000,dummy_mean,2.48,1.461805
9294,group_element_set,8000,dummy_mean,1.84,1.461805
9296,group_element_set,8000,dummy_mean,1.58,1.461805
9307,group_element_set,8000,dummy_mean,0.7,1.461805
9312,group_element_set,8000,dummy_mean,2.3,1.461805
9322,group_element_set,8000,dummy_mean,2.1,1.461805
9340,group_element_set,8000,dummy_mean,2.3,1.461805
9341,group_element_set,8000,dummy_mean,1.8,1.461805
9351,group_element_set,8000,dummy_mean,1.12,1.461805
9352,group_element_set,8000,dummy_mean,2.14,1.461805
9353,group_element_set,8000,dummy_mean,3.02,1.461805
9356,group_element_set,8000,dummy_mean,1.12,1.461805
9357,group_element_set,8000,dummy_mean,0.82,1.461805
9376,group_element_set,8000,dummy_mean,1.98,1.461805
9377,group_element_set,8000,dummy_mean,2.26,1.461805
9396,group_element_set,8000,dummy_mean,0.82,1.461805
9397,group_element_set,8000,dummy_mean,4.24,1.461805
9422,group_element_set,8000,dummy_mean,1.7,1.461805
9425,group_element_set,8000,dummy_mean,2.4,1.461805
9432,group_element_set,8000,dummy_mean,0.68,1.461805
9438,group_element_set,8000,dummy_mean,2.58,1.461805
9439,group_element_set,8000,dummy_mean,0.92,1.461805
9440,group_element_set,8000,dummy_mean,1.22,1.461805
9465,group_element_set,8000,dummy_mean,1.72,1.461805
9480,group_element_set,8000,dummy_mean,2.14,1.461805
9481,group_element_set,8000,dummy_mean,2.92,1.461805
9506,group_element_set,8000,dummy_mean,1.52,1.461805
9508,group_element_set,8000,dummy_mean,2.16,1.461805
9519,group_element_set,8000,dummy_mean,1.58,1.461805
9520,group_element_set,8000,dummy_mean,1.28,1.461805
9522,group_element_set,8000,dummy_mean,2.18,1.461805
9529,group_element_set,8000,dummy_mean,0.68,1.461805
9535,group_element_set,8000,dummy_mean,1.78,1.461805
9536,group_element_set,8000,dummy_mean,1.16,1.461805
9538,group_element_set,8000,dummy_mean,0.56,1.461805
9561,group_element_set,8000,dummy_mean,1.7,1.461805
9572,group_element_set,8000,dummy_mean,1.28,1.461805
9576,group_element_set,8000,dummy_mean,1.58,1.461805
9601,group_element_set,8000,dummy_mean,1.4,1.461805
9602,group_element_set,8000,dummy_mean,1.92,1.461805
9607,group_element_set,8000,dummy_mean,0.2,1.461805
9608,group_element_set,8000,dummy_mean,0.12,1.461805
9610,group_element_set,8000,dummy_mean,0.46,1.461805
9614,group_element_set,8000,dummy_mean,0.38,1.461805
9615,group_element_set,8000,dummy_mean,1.86,1.461805
9623,group_element_set,8000,dummy_mean,1.52,1.461805
9635,group_element_set,8000,dummy_mean,1.94,1.461805
9638,group_element_set,8000,dummy_mean,1.96,1.461805
9647,group_element_set,8000,dummy_mean,0.42,1.461805
9657,group_element_set,8000,dummy_mean,1.64,1.461805
9694,group_element_set,8000,dummy_mean,2.66,1.461805
9722,group_element_set,8000,dummy_mean,2.82,1.461805
9734,group_element_set,8000,dummy_mean,1.26,1.461805
9773,group_element_set,8000,dummy_mean,0.62,1.461805
9781,group_element_set,8000,dummy_mean,2.1,1.461805
9800,group_element_set,8000,dummy_mean,0.86,1.461805
9803,group_element_set,8000,dummy_mean,0.64,1.461805
9808,group_element_set,8000,dummy_mean,1.78,1.461805
9809,group_element_set,8000,dummy_mean,2.34,1.461805
9812,group_element_set,8000,dummy_mean,0.82,1.461805
9826,group_element_set,8000,dummy_mean,1.8,1.461805
9832,group_element_set,8000,dummy_mean,2.5,1.461805
9835,group_element_set,8000,dummy_mean,1.64,1.461805
9837,group_element_set,8000,dummy_mean,1.38,1.461805
9842,group_element_set,8000,dummy_mean,1.1,1.461805
9852,group_element_set,8000,dummy_mean,1.72,1.461805
9861,group_element_set,8000,dummy_mean,1.6,1.461805
9871,group_element_set,8000,dummy_mean,1.26,1.461805
9888,group_element_set,8000,dummy_mean,1.22,1.461805
9903,group_element_set,8000,dummy_mean,1.48,1.461805
9906,group_element_set,8000,dummy_mean,1.78,1.461805
9908,group_element_set,8000,dummy_mean,0.66,1.461805
9912,group_element_set,8000,dummy_mean,1.46,1.461805
9933,group_element_set,8000,dummy_mean,1.92,1.461805
9936,group_element_set,8000,dummy_mean,2.74,1.461805
10000,group_element_set,8000,dummy_mean,1.9,1.461805
10009,group_element_set,8000,dummy_mean,1.14,1.461805
10019,group_element_set,8000,dummy_mean,0.68,1.461805
10020,group_element_set,8000,dummy_mean,0.56,1.461805
10033,group_element_set,8000,dummy_mean,1.36,1.461805
10037,group_element_set,8000,dummy_mean,0.7,1.461805
10057,group_element_set,8000,dummy_mean,0.24,1.461805
10077,group_element_set,8000,dummy_mean,0.66,1.461805
10079,group_element_set,8000,dummy_mean,2.1,1.461805
10084,group_element_set,8000,dummy_mean,1.32,1.461805
10087,group_element_set,8000,dummy_mean,2.54,1.461805
10088,group_element_set,8000,dummy_mean,1.8,1.461805
10095,group_element_set,8000,dummy_mean,2.16,1.461805
10096,group_element_set,8000,dummy_mean,1.66,1.461805
10103,group_element_set,8000,dummy_mean,2.58,1.461805
10123,group_element_set,8000,dummy_mean,1.7,1.461805
10135,group_element_set,8000,dummy_mean,1.8,1.461805
10138,group_element_set,8000,dummy_mean,2.0,1.461805
10146,group_element_set,8000,dummy_mean,1.16,1.461805
10158,group_element_set,8000,dummy_mean,0.64,1.461805
10160,group_element_set,8000,dummy_mean,2.1,1.461805
10163,group_element_set,8000,dummy_mean,1.86,1.461805
10169,group_element_set,8000,dummy_mean,2.36,1.461805
10173,group_element_set,8000,dummy_mean,1.5,1.461805
10174,group_element_set,8000,dummy_mean,1.9,1.461805
10191,group_element_set,8000,dummy_mean,2.38,1.461805
10199,group_element_set,8000,dummy_mean,0.52,1.461805
10208,group_element_set,8000,dummy_mean,1.14,1.461805
10211,group_element_set,8000,dummy_mean,0.98,1.461805
10212,group_element_set,8000,dummy_mean,2.48,1.461805
10216,group_element_set,8000,dummy_mean,1.54,1.461805
10218,group_element_set,8000,dummy_mean,2.34,1.461805
10258,group_element_set,8000,dummy_mean,1.78,1.461805
10259,group_element_set,8000,dummy_mean,1.62,1.461805
10282,group_element_set,8000,dummy_mean,0.62,1.461805
10284,group_element_set,8000,dummy_mean,1.82,1.461805
10305,group_element_set,8000,dummy_mean,2.18,1.461805
10306,group_element_set,8000,dummy_mean,0.98,1.461805
10318,group_element_set,8000,dummy_mean,0.5,1.461805
10326,group_element_set,8000,dummy_mean,1.52,1.461805
10327,group_element_set,8000,dummy_mean,1.44,1.461805
10331,group_element_set,8000,dummy_mean,1.3,1.461805
10340,group_element_set,8000,dummy_mean,1.6,1.461805
10348,group_element_set,8000,dummy_mean,1.88,1.461805
10350,group_element_set,8000,dummy_mean,1.3,1.461805
10351,group_element_set,8000,dummy_mean,1.66,1.461805
10374,group_element_set,8000,dummy_mean,0.92,1.461805
10377,group_element_set,8000,dummy_mean,1.04,1.461805
10384,group_element_set,8000,dummy_mean,0.8,1.461805
10389,group_element_set,8000,dummy_mean,0.7,1.461805
10400,group_element_set,8000,dummy_mean,1.6,1.461805
10420,group_element_set,8000,dummy_mean,1.42,1.461805
10423,group_element_set,8000,dummy_mean,1.48,1.461805
10428,group_element_set,8000,dummy_mean,3.4,1.461805
10461,group_element_set,8000,dummy_mean,0.9,1.461805
10484,group_element_set,8000,dummy_mean,0.5,1.461805
10491,group_element_set,8000,dummy_mean,3.32,1.461805
10505,group_element_set,8000,dummy_mean,2.26,1.461805
10514,group_element_set,8000,dummy_mean,1.54,1.461805
10515,group_element_set,8000,dummy_mean,0.84,1.461805
10543,group_element_set,8000,dummy_mean,2.42,1.461805
10580,group_element_set,8000,dummy_mean,1.3,1.461805
10591,group_element_set,8000,dummy_mean,1.52,1.461805
10594,group_element_set,8000,dummy_mean,0.82,1.461805
10600,group_element_set,8000,dummy_mean,0.8,1.461805
10605,group_element_set,8000,dummy_mean,2.26,1.461805
10610,group_element_set,8000,dummy_mean,1.86,1.461805
10614,group_element_set,8000,dummy_mean,1.3,1.461805
10618,group_element_set,8000,dummy_mean,3.44,1.461805
10619,group_element_set,8000,dummy_mean,1.16,1.461805
10627,group_element_set,8000,dummy_mean,1.1,1.461805
10632,group_element_set,8000,dummy_mean,0.8,1.461805
10634,group_element_set,8000,dummy_mean,3.68,1.461805
10639,group_element_set,8000,dummy_mean,-0.16,1.461805
10644,group_element_set,8000,dummy_mean,2.6,1.461805
10647,group_element_set,8000,dummy_mean,1.38,1.461805
10654,group_element_set,8000,dummy_mean,2.0,1.461805
10659,group_element_set,8000,dummy_mean,1.6,1.461805
10660,group_element_set,8000,dummy_mean,2.32,1.461805
10665,group_element_set,8000,dummy_mean,1.6,1.461805
10666,group_element_set,8000,dummy_mean,0.18,1.461805
10667,group_element_set,8000,dummy_mean,1.14,1.461805
10707,group_element_set,8000,dummy_mean,0.96,1.461805
10725,group_element_set,8000,dummy_mean,1.2,1.461805
10729,group_element_set,8000,dummy_mean,2.1,1.461805
10742,group_element_set,8000,dummy_mean,2.48,1.461805
10761,group_element_set,8000,dummy_mean,2.82,1.461805
10780,group_element_set,8000,dummy_mean,1.98,1.461805
10823,group_element_set,8000,dummy_mean,1.48,1.461805
10826,group_element_set,8000,dummy_mean,2.72,1.461805
10841,group_element_set,8000,dummy_mean,0.9,1.461805
10846,group_element_set,8000,dummy_mean,1.02,1.461805
10851,group_element_set,8000,dummy_mean,1.28,1.461805
10854,group_element_set,8000,dummy_mean,0.3,1.461805
10866,group_element_set,8000,dummy_mean,4.18,1.461805
10868,group_element_set,8000,dummy_mean,2.14,1.461805
10873,group_element_set,8000,dummy_mean,1.22,1.461805
10894,group_element_set,8000,dummy_mean,1.58,1.461805
10902,group_element_set,8000,dummy_mean,2.8,1.461805
10912,group_element_set,8000,dummy_mean,0.22,1.461805
10925,group_element_set,8000,dummy_mean,1.56,1.461805
10926,group_element_set,8000,dummy_mean,0.48,1.461805
10927,group_element_set,8000,dummy_mean,0.28,1.461805
10956,group_element_set,8000,dummy_mean,1.24,1.461805
10971,group_element_set,8000,dummy_mean,2.1,1.461805
10977,group_element_set,8000,dummy_mean,1.2,1.461805
10983,group_element_set,8000,dummy_mean,2.3,1.461805
10987,group_element_set,8000,dummy_mean,1.42,1.461805
10991,group_element_set,8000,dummy_mean,0.44,1.461805
10996,group_element_set,8000,dummy_mean,0.64,1.461805
11031,group_element_set,8000,dummy_mean,0.56,1.461805
11033,group_element_set,8000,dummy_mean,1.62,1.461805
11035,group_element_set,8000,dummy_mean,0.94,1.461805
11037,group_element_set,8000,dummy_mean,1.54,1.461805
11040,group_element_set,8000,dummy_mean,1.26,1.461805
11042,group_element_set,8000,dummy_mean,1.04,1.461805
11044,group_element_set,8000,dummy_mean,1.02,1.461805
11065,group_element_set,8000,dummy_mean,0.94,1.461805
11082,group_element_set,8000,dummy_mean,1.22,1.461805
11095,group_element_set,8000,dummy_mean,0.1,1.461805
11102,group_element_set,8000,dummy_mean,0.4,1.461805
11107,group_element_set,8000,dummy_mean,0.48,1.461805
11109,group_element_set,8000,dummy_mean,1.64,1.461805
11113,group_element_set,8000,dummy_mean,1.2,1.461805
11115,group_element_set,8000,dummy_mean,1.14,1.461805
11148,group_element_set,8000,dummy_mean,1.36,1.461805
11163,group_element_set,8000,dummy_mean,2.8,1.461805
11190,group_element_set,8000,dummy_mean,1.64,1.461805
11196,group_element_set,8000,dummy_mean,1.04,1.461805
11201,group_element_set,8000,dummy_mean,1.54,1.461805
11212,group_element_set,8000,dummy_mean,2.6,1.461805
11227,group_element_set,8000,dummy_mean,3.36,1.461805
11230,group_element_set,8000,dummy_mean,0.12,1.461805
11231,group_element_set,8000,dummy_mean,1.38,1.461805
11267,group_element_set,8000,dummy_mean,0.78,1.461805
11268,group_element_set,8000,dummy_mean,-0.04,1.461805
11274,group_element_set,8000,dummy_mean,1.64,1.461805
11277,group_element_set,8000,dummy_mean,1.2,1.461805
11285,group_element_set,8000,dummy_mean,1.36,1.461805
11289,group_element_set,8000,dummy_mean,1.94,1.461805
11301,group_element_set,8000,dummy_mean,1.88,1.461805
11311,group_element_set,8000,dummy_mean,1.88,1.461805
11323,group_element_set,8000,dummy_mean,1.5,1.461805
11326,group_element_set,8000,dummy_mean,1.08,1.461805
11332,group_element_set,8000,dummy_mean,1.46,1.461805
11334,group_element_set,8000,dummy_mean,1.74,1.461805
11342,group_element_set,8000,dummy_mean,2.16,1.461805
11349,group_element_set,8000,dummy_mean,2.2,1.461805
11362,group_element_set,8000,dummy_mean,1.92,1.461805
11368,group_element_set,8000,dummy_mean,0.76,1.461805
11385,group_element_set,8000,dummy_mean,1.54,1.461805
11387,group_element_set,8000,dummy_mean,0.66,1.461805
11390,group_element_set,8000,dummy_mean,1.46,1.461805
11398,group_element_set,8000,dummy_mean,0.98,1.461805
11417,group_element_set,8000,dummy_mean,1.66,1.461805
11418,group_element_set,8000,dummy_mean,1.86,1.461805
11433,group_element_set,8000,dummy_mean,0.46,1.461805
11443,group_element_set,8000,dummy_mean,0.48,1.461805
11451,group_element_set,8000,dummy_mean,1.24,1.461805
11452,group_element_set,8000,dummy_mean,2.02,1.461805
11456,group_element_set,8000,dummy_mean,1.04,1.461805
11458,group_element_set,8000,dummy_mean,0.8,1.461805
11466,group_element_set,8000,dummy_mean,2.54,1.461805
11468,group_element_set,8000,dummy_mean,1.88,1.461805
11472,group_element_set,8000,dummy_mean,2.96,1.461805
11482,group_element_set,8000,dummy_mean,0.86,1.461805
11484,group_element_set,8000,dummy_mean,1.52,1.461805
11487,group_element_set,8000,dummy_mean,1.04,1.461805
11490,group_element_set,8000,dummy_mean,1.62,1.461805
11500,group_element_set,8000,dummy_mean,0.74,1.461805
11515,group_element_set,8000,dummy_mean,0.66,1.461805
11516,group_element_set,8000,dummy_mean,1.34,1.461805
11519,group_element_set,8000,dummy_mean,1.62,1.461805
11520,group_element_set,8000,dummy_mean,0.58,1.461805
11527,group_element_set,8000,dummy_mean,2.8,1.461805
11529,group_element_set,8000,dummy_mean,2.7,1.461805
11538,group_element_set,8000,dummy_mean,0.46,1.461805
11540,group_element_set,8000,dummy_mean,2.1,1.461805
11589,group_element_set,8000,dummy_mean,1.06,1.461805
11592,group_element_set,8000,dummy_mean,1.14,1.461805
11593,group_element_set,8000,dummy_mean,1.42,1.461805
11601,group_element_set,8000,dummy_mean,0.52,1.461805
11614,group_element_set,8000,dummy_mean,1.2,1.461805
11621,group_element_set,8000,dummy_mean,1.02,1.461805
11624,group_element_set,8000,dummy_mean,1.44,1.461805
11628,group_element_set,8000,dummy_mean,1.5,1.461805
11634,group_element_set,8000,dummy_mean,0.96,1.461805
11639,group_element_set,8000,dummy_mean,1.0,1.461805
11649,group_element_set,8000,dummy_mean,1.2,1.461805
11659,group_element_set,8000,dummy_mean,2.4,1.461805
11661,group_element_set,8000,dummy_mean,1.66,1.461805
11665,group_element_set,8000,dummy_mean,1.5,1.461805
11669,group_element_set,8000,dummy_mean,1.2,1.461805
11696,group_element_set,8000,dummy_mean,2.64,1.461805
11697,group_element_set,8000,dummy_mean,2.12,1.461805
11699,group_element_set,8000,dummy_mean,1.3,1.461805
11712,group_element_set,8000,dummy_mean,1.46,1.461805
11714,group_element_set,8000,dummy_mean,0.68,1.461805
11725,group_element_set,8000,dummy_mean,0.8,1.461805
11753,group_element_set,8000,dummy_mean,1.04,1.461805
11760,group_element_set,8000,dummy_mean,1.14,1.461805
11769,group_element_set,8000,dummy_mean,1.74,1.461805
11780,group_element_set,8000,dummy_mean,1.22,1.461805
11786,group_element_set,8000,dummy_mean,1.1,1.461805
11792,group_element_set,8000,dummy_mean,3.62,1.461805
11793,group_element_set,8000,dummy_mean,1.12,1.461805
11795,group_element_set,8000,dummy_mean,1.64,1.461805
11806,group_element_set,8000,dummy_mean,1.68,1.461805
11821,group_element_set,8000,dummy_mean,1.1,1.461805
11824,group_element_set,8000,dummy_mean,1.12,1.461805
11826,group_element_set,8000,dummy_mean,0.48,1.461805
11827,group_element_set,8000,dummy_mean,2.36,1.461805
11828,group_element_set,8000,dummy_mean,1.78,1.461805
11876,group_element_set,8000,dummy_mean,1.48,1.461805
11877,group_element_set,8000,dummy_mean,3.02,1.461805
11910,group_element_set,8000,dummy_mean,0.6,1.461805
11919,group_element_set,8000,dummy_mean,1.36,1.461805
11921,group_element_set,8000,dummy_mean,1.22,1.461805
11953,group_element_set,8000,dummy_mean,1.02,1.461805
11956,group_element_set,8000,dummy_mean,1.58,1.461805
11971,group_element_set,8000,dummy_mean,2.6,1.461805
11979,group_element_set,8000,dummy_mean,1.96,1.461805
12011,group_element_set,8000,dummy_mean,1.4,1.461805
12021,group_element_set,8000,dummy_mean,1.2,1.461805
12028,group_element_set,8000,dummy_mean,0.8,1.461805
12042,group_element_set,8000,dummy_mean,1.28,1.461805
12044,group_element_set,8000,dummy_mean,3.0,1.461805
12063,group_element_set,8000,dummy_mean,0.72,1.461805
12065,group_element_set,8000,dummy_mean,0.84,1.461805
12093,group_element_set,8000,dummy_mean,2.08,1.461805
12118,group_element_set,8000,dummy_mean,1.18,1.461805
12120,group_element_set,8000,dummy_mean,0.84,1.461805
12121,group_element_set,8000,dummy_mean,1.8,1.461805
12130,group_element_set,8000,dummy_mean,1.08,1.461805
12136,group_element_set,8000,dummy_mean,1.9,1.461805
12149,group_element_set,8000,dummy_mean,1.26,1.461805
12153,group_element_set,8000,dummy_mean,1.06,1.461805
12162,group_element_set,8000,dummy_mean,1.88,1.461805
12166,group_element_set,8000,dummy_mean,5.16,1.461805
12168,group_element_set,8000,dummy_mean,1.4,1.461805
12173,group_element_set,8000,dummy_mean,2.62,1.461805
12178,group_element_set,8000,dummy_mean,1.46,1.461805
12191,group_element_set,8000,dummy_mean,0.68,1.461805
12203,group_element_set,8000,dummy_mean,-0.02,1.461805
12208,group_element_set,8000,dummy_mean,0.44,1.461805
12216,group_element_set,8000,dummy_mean,1.48,1.461805
12217,group_element_set,8000,dummy_mean,-0.02,1.461805
12225,group_element_set,8000,dummy_mean,1.68,1.461805
12264,group_element_set,8000,dummy_mean,1.86,1.461805
12273,group_element_set,8000,dummy_mean,0.52,1.461805
12276,group_element_set,8000,dummy_mean,1.18,1.461805
12279,group_element_set,8000,dummy_mean,1.48,1.461805
12310,group_element_set,8000,dummy_mean,3.04,1.461805
12317,group_element_set,8000,dummy_mean,0.76,1.461805
12367,group_element_set,8000,dummy_mean,1.42,1.461805
12398,group_element_set,8000,dummy_mean,1.24,1.461805
12406,group_element_set,8000,dummy_mean,1.66,1.461805
12412,group_element_set,8000,dummy_mean,1.72,1.461805
12415,group_element_set,8000,dummy_mean,0.82,1.461805
12420,group_element_set,8000,dummy_mean,1.1,1.461805
12452,group_element_set,8000,dummy_mean,1.5,1.461805
12454,group_element_set,8000,dummy_mean,0.76,1.461805
12474,group_element_set,8000,dummy_mean,2.26,1.461805
12476,group_element_set,8000,dummy_mean,1.34,1.461805
12482,group_element_set,8000,dummy_mean,0.96,1.461805
12491,group_element_set,8000,dummy_mean,0.44,1.461805
12493,group_element_set,8000,dummy_mean,1.98,1.461805
12509,group_element_set,8000,dummy_mean,1.42,1.461805
12521,group_element_set,8000,dummy_mean,1.92,1.461805
12551,group_element_set,8000,dummy_mean,1.18,1.461805
12554,group_element_set,8000,dummy_mean,0.46,1.461805
12562,group_element_set,8000,dummy_mean,1.8,1.461805
12583,group_element_set,8000,dummy_mean,1.38,1.461805
12600,group_element_set,8000,dummy_mean,1.0,1.461805
12638,group_element_set,8000,dummy_mean,2.92,1.461805
12646,group_element_set,8000,dummy_mean,0.78,1.461805
12662,group_element_set,8000,dummy_mean,1.6,1.461805
12663,group_element_set,8000,dummy_mean,3.32,1.461805
12667,group_element_set,8000,dummy_mean,2.14,1.461805
12685,group_element_set,8000,dummy_mean,1.5,1.461805
12687,group_element_set,8000,dummy_mean,0.86,1.461805
12702,group_element_set,8000,dummy_mean,0.52,1.461805
12717,group_element_set,8000,dummy_mean,0.74,1.461805
12724,group_element_set,8000,dummy_mean,1.52,1.461805
12729,group_element_set,8000,dummy_mean,3.2,1.461805
12734,group_element_set,8000,dummy_mean,4.42,1.461805
12736,group_element_set,8000,dummy_mean,1.68,1.461805
12737,group_element_set,8000,dummy_mean,1.6,1.461805
12754,group_element_set,8000,dummy_mean,2.84,1.461805
12756,group_element_set,8000,dummy_mean,2.02,1.461805
12760,group_element_set,8000,dummy_mean,1.72,1.461805
12789,group_element_set,8000,dummy_mean,1.28,1.461805
12791,group_element_set,8000,dummy_mean,1.44,1.461805
12798,group_element_set,8000,dummy_mean,1.58,1.461805
12809,group_element_set,8000,dummy_mean,1.26,1.461805
12815,group_element_set,8000,dummy_mean,1.68,1.461805
12817,group_element_set,8000,dummy_mean,0.86,1.461805
12821,group_element_set,8000,dummy_mean,0.8,1.461805
12837,group_element_set,8000,dummy_mean,1.06,1.461805
12847,group_element_set,8000,dummy_mean,2.6,1.461805
12851,group_element_set,8000,dummy_mean,0.42,1.461805
12852,group_element_set,8000,dummy_mean,0.82,1.461805
12858,group_element_set,8000,dummy_mean,4.32,1.461805
12862,group_element_set,8000,dummy_mean,1.86,1.461805
12863,group_element_set,8000,dummy_mean,1.26,1.461805
12891,group_element_set,8000,dummy_mean,2.14,1.461805
12917,group_element_set,8000,dummy_mean,2.42,1.461805
12946,group_element_set,8000,dummy_mean,1.14,1.461805
12957,group_element_set,8000,dummy_mean,1.28,1.461805
12967,group_element_set,8000,dummy_mean,1.8,1.461805
12977,group_element_set,8000,dummy_mean,1.58,1.461805
12994,group_element_set,8000,dummy_mean,1.16,1.461805
12998,group_element_set,8000,dummy_mean,1.32,1.461805
13011,group_element_set,8000,dummy_mean,1.14,1.461805
13020,group_element_set,8000,dummy_mean,1.14,1.461805
13032,group_element_set,8000,dummy_mean,0.78,1.461805
13035,group_element_set,8000,dummy_mean,0.72,1.461805
13043,group_element_set,8000,dummy_mean,1.52,1.461805
13044,group_element_set,8000,dummy_mean,1.74,1.461805
13056,group_element_set,8000,dummy_mean,1.5,1.461805
13059,group_element_set,8000,dummy_mean,0.74,1.461805
13073,group_element_set,8000,dummy_mean,0.92,1.461805
13085,group_element_set,8000,dummy_mean,1.46,1.461805
13090,group_element_set,8000,dummy_mean,1.56,1.461805
13108,group_element_set,8000,dummy_mean,1.64,1.461805
13109,group_element_set,8000,dummy_mean,1.14,1.461805
13113,group_element_set,8000,dummy_mean,1.58,1.461805
13120,group_element_set,8000,dummy_mean,1.42,1.461805
13125,group_element_set,8000,dummy_mean,1.18,1.461805
13139,group_element_set,8000,dummy_mean,1.12,1.461805
13143,group_element_set,8000,dummy_mean,1.86,1.461805
13159,group_element_set,8000,dummy_mean,1.5,1.461805
13163,group_element_set,8000,dummy_mean,0.42,1.461805
13179,group_element_set,8000,dummy_mean,1.62,1.461805
13194,group_element_set,8000,dummy_mean,1.76,1.461805
13203,group_element_set,8000,dummy_mean,0.94,1.461805
13206,group_element_set,8000,dummy_mean,0.76,1.461805
13215,group_element_set,8000,dummy_mean,2.28,1.461805
13216,group_element_set,8000,dummy_mean,1.52,1.461805
13234,group_element_set,8000,dummy_mean,1.34,1.461805
13236,group_element_set,8000,dummy_mean,0.72,1.461805
13240,group_element_set,8000,dummy_mean,1.84,1.461805
13242,group_element_set,8000,dummy_mean,1.2,1.461805
13243,group_element_set,8000,dummy_mean,1.96,1.461805
13246,group_element_set,8000,dummy_mean,1.6,1.461805
13262,group_element_set,8000,dummy_mean,4.0,1.461805
13280,group_element_set,8000,dummy_mean,2.24,1.461805
13311,group_element_set,8000,dummy_mean,0.48,1.461805
13326,group_element_set,8000,dummy_mean,1.46,1.461805
13337,group_element_set,8000,dummy_mean,0.1,1.461805
13338,group_element_set,8000,dummy_mean,2.92,1.461805
13344,group_element_set,8000,dummy_mean,1.2,1.461805
13350,group_element_set,8000,dummy_mean,2.06,1.461805
13354,group_element_set,8000,dummy_mean,1.42,1.461805
13358,group_element_set,8000,dummy_mean,1.94,1.461805
13361,group_element_set,8000,dummy_mean,2.74,1.461805
13363,group_element_set,8000,dummy_mean,1.68,1.461805
13391,group_element_set,8000,dummy_mean,1.44,1.461805
13395,group_element_set,8000,dummy_mean,1.54,1.461805
13413,group_element_set,8000,dummy_mean,2.0,1.461805
13436,group_element_set,8000,dummy_mean,1.36,1.461805
13480,group_element_set,8000,dummy_mean,1.18,1.461805
13485,group_element_set,8000,dummy_mean,1.32,1.461805
13487,group_element_set,8000,dummy_mean,1.52,1.461805
13493,group_element_set,8000,dummy_mean,1.1,1.461805
13499,group_element_set,8000,dummy_mean,1.42,1.461805
13500,group_element_set,8000,dummy_mean,1.5,1.461805
13503,group_element_set,8000,dummy_mean,0.32,1.461805
13510,group_element_set,8000,dummy_mean,1.32,1.461805
13519,group_element_set,8000,dummy_mean,0.68,1.461805
13537,group_element_set,8000,dummy_mean,1.36,1.461805
13544,group_element_set,8000,dummy_mean,1.42,1.461805
13549,group_element_set,8000,dummy_mean,0.44,1.461805
13561,group_element_set,8000,dummy_mean,0.2,1.461805
13588,group_element_set,8000,dummy_mean,1.8,1.461805
13589,group_element_set,8000,dummy_mean,1.24,1.461805
13592,group_element_set,8000,dummy_mean,0.42,1.461805
13593,group_element_set,8000,dummy_mean,0.7,1.461805
13596,group_element_set,8000,dummy_mean,1.14,1.461805
13609,group_element_set,8000,dummy_mean,3.66,1.461805
13621,group_element_set,8000,dummy_mean,2.22,1.461805
13644,group_element_set,8000,dummy_mean,1.48,1.461805
13661,group_element_set,8000,dummy_mean,1.92,1.461805
13670,group_element_set,8000,dummy_mean,1.58,1.461805
13674,group_element_set,8000,dummy_mean,1.58,1.461805
13685,group_element_set,8000,dummy_mean,0.1,1.461805
13686,group_element_set,8000,dummy_mean,1.08,1.461805
13693,group_element_set,8000,dummy_mean,0.52,1.461805
13696,group_element_set,8000,dummy_mean,2.12,1.461805
13707,group_element_set,8000,dummy_mean,1.74,1.461805
13710,group_element_set,8000,dummy_mean,1.34,1.461805
13711,group_element_set,8000,dummy_mean,1.08,1.461805
13713,group_element_set,8000,dummy_mean,3.94,1.461805
13714,group_element_set,8000,dummy_mean,2.18,1.461805
13728,group_element_set,8000,dummy_mean,1.1,1.461805
13752,group_element_set,8000,dummy_mean,1.92,1.461805
13761,group_element_set,8000,dummy_mean,1.8,1.461805
13768,group_element_set,8000,dummy_mean,1.88,1.461805
13770,group_element_set,8000,dummy_mean,1.58,1.461805
13780,group_element_set,8000,dummy_mean,1.04,1.461805
13783,group_element_set,8000,dummy_mean,1.42,1.461805
13798,group_element_set,8000,dummy_mean,0.58,1.461805
13814,group_element_set,8000,dummy_mean,0.36,1.461805
13824,group_element_set,8000,dummy_mean,2.8,1.461805
13829,group_element_set,8000,dummy_mean,1.52,1.461805
13838,group_element_set,8000,dummy_mean,1.32,1.461805
13839,group_element_set,8000,dummy_mean,2.14,1.461805
13846,group_element_set,8000,dummy_mean,1.74,1.461805
13848,group_element_set,8000,dummy_mean,1.78,1.461805
13861,group_element_set,8000,dummy_mean,1.42,1.461805
13865,group_element_set,8000,dummy_mean,1.3,1.461805
13870,group_element_set,8000,dummy_mean,1.34,1.461805
13880,group_element_set,8000,dummy_mean,1.0,1.461805
13881,group_element_set,8000,dummy_mean,1.56,1.461805
13893,group_element_set,8000,dummy_mean,1.56,1.461805
13896,group_element_set,8000,dummy_mean,0.36,1.461805
13903,group_element_set,8000,dummy_mean,1.56,1.461805
13909,group_element_set,8000,dummy_mean,0.44,1.461805
13920,group_element_set,8000,dummy_mean,1.56,1.461805
13928,group_element_set,8000,dummy_mean,1.06,1.461805
13930,group_element_set,8000,dummy_mean,1.94,1.461805
13933,group_element_set,8000,dummy_mean,0.84,1.461805
13934,group_element_set,8000,dummy_mean,1.4,1.461805
13936,group_element_set,8000,dummy_mean,1.16,1.461805
13941,group_element_set,8000,dummy_mean,1.0,1.461805
13945,group_element_set,8000,dummy_mean,1.74,1.461805
13952,group_element_set,8000,dummy_mean,1.3,1.461805
13955,group_element_set,8000,dummy_mean,1.9,1.461805
13961,group_element_set,8000,dummy_mean,0.96,1.461805
13962,group_element_set,8000,dummy_mean,1.76,1.461805
13969,group_element_set,8000,dummy_mean,1.94,1.461805
13970,group_element_set,8000,dummy_mean,1.94,1.461805
13980,group_element_set,8000,dummy_mean,0.42,1.461805
13988,group_element_set,8000,dummy_mean,1.78,1.461805
13996,group_element_set,8000,dummy_mean,0.78,1.461805
14000,group_element_set,8000,dummy_mean,0.64,1.461805
14005,group_element_set,8000,dummy_mean,1.34,1.461805
14009,group_element_set,8000,dummy_mean,0.5,1.461805
14010,group_element_set,8000,dummy_mean,1.24,1.461805
14016,group_element_set,8000,dummy_mean,1.26,1.461805
14017,group_element_set,8000,dummy_mean,2.3,1.461805
14018,group_element_set,8000,dummy_mean,1.14,1.461805
14020,group_element_set,8000,dummy_mean,1.06,1.461805
14028,group_element_set,8000,dummy_mean,2.42,1.461805
14030,group_element_set,8000,dummy_mean,1.64,1.461805
14034,group_element_set,8000,dummy_mean,1.52,1.461805
14062,group_element_set,8000,dummy_mean,0.12,1.461805
14079,group_element_set,8000,dummy_mean,0.94,1.461805
14086,group_element_set,8000,dummy_mean,0.34,1.461805
14092,group_element_set,8000,dummy_mean,0.42,1.461805
14104,group_element_set,8000,dummy_mean,1.5,1.461805
14114,group_element_set,8000,dummy_mean,2.52,1.461805
14130,group_element_set,8000,dummy_mean,1.14,1.461805
14132,group_element_set,8000,dummy_mean,0.7,1.461805
14135,group_element_set,8000,dummy_mean,0.6,1.461805
14153,group_element_set,8000,dummy_mean,0.82,1.461805
14155,group_element_set,8000,dummy_mean,1.9,1.461805
14166,group_element_set,8000,dummy_mean,1.7,1.461805
14169,group_element_set,8000,dummy_mean,0.76,1.461805
14171,group_element_set,8000,dummy_mean,0.58,1.461805
14174,group_element_set,8000,dummy_mean,1.46,1.461805
14179,group_element_set,8000,dummy_mean,1.06,1.461805
14201,group_element_set,8000,dummy_mean,1.98,1.461805
14205,group_element_set,8000,dummy_mean,1.34,1.461805
14206,group_element_set,8000,dummy_mean,1.6,1.461805
14229,group_element_set,8000,dummy_mean,1.18,1.461805
14241,group_element_set,8000,dummy_mean,0.92,1.461805
14255,group_element_set,8000,dummy_mean,1.82,1.461805
14269,group_element_set,8000,dummy_mean,1.8,1.461805
14292,group_element_set,8000,dummy_mean,1.36,1.461805
14298,group_element_set,8000,dummy_mean,1.26,1.461805
14305,group_element_set,8000,dummy_mean,1.32,1.461805
14318,group_element_set,8000,dummy_mean,0.28,1.461805
14320,group_element_set,8000,dummy_mean,1.42,1.461805
14340,group_element_set,8000,dummy_mean,1.5,1.461805
14343,group_element_set,8000,dummy_mean,0.82,1.461805
14346,group_element_set,8000,dummy_mean,1.06,1.461805
14350,group_element_set,8000,dummy_mean,0.06,1.461805
14351,group_element_set,8000,dummy_mean,4.26,1.461805
14376,group_element_set,8000,dummy_mean,1.74,1.461805
14392,group_element_set,8000,dummy_mean,1.94,1.461805
14395,group_element_set,8000,dummy_mean,0.9,1.461805
14397,group_element_set,8000,dummy_mean,1.44,1.461805
14402,group_element_set,8000,dummy_mean,0.88,1.461805
14413,group_element_set,8000,dummy_mean,2.74,1.461805
14417,group_element_set,8000,dummy_mean,1.32,1.461805
14418,group_element_set,8000,dummy_mean,0.78,1.461805
14425,group_element_set,8000,dummy_mean,0.66,1.461805
14433,group_element_set,8000,dummy_mean,1.54,1.461805
14440,group_element_set,8000,dummy_mean,2.6,1.461805
14441,group_element_set,8000,dummy_mean,1.56,1.461805
14448,group_element_set,8000,dummy_mean,0.68,1.461805
14459,group_element_set,8000,dummy_mean,1.68,1.461805
14483,group_element_set,8000,dummy_mean,2.52,1.461805
14492,group_element_set,8000,dummy_mean,1.04,1.461805
14495,group_element_set,8000,dummy_mean,2.06,1.461805
14517,group_element_set,8000,dummy_mean,1.22,1.461805
14524,group_element_set,8000,dummy_mean,2.08,1.461805
14534,group_element_set,8000,dummy_mean,1.14,1.461805
14552,group_element_set,8000,dummy_mean,0.72,1.461805
14553,group_element_set,8000,dummy_mean,2.82,1.461805
14561,group_element_set,8000,dummy_mean,1.46,1.461805
14563,group_element_set,8000,dummy_mean,1.54,1.461805
14565,group_element_set,8000,dummy_mean,0.88,1.461805
14567,group_element_set,8000,dummy_mean,1.72,1.461805
14568,group_element_set,8000,dummy_mean,0.98,1.461805
14569,group_element_set,8000,dummy_mean,2.72,1.461805
14571,group_element_set,8000,dummy_mean,1.54,1.461805
14581,group_element_set,8000,dummy_mean,1.78,1.461805
14621,group_element_set,8000,dummy_mean,1.74,1.461805
14646,group_element_set,8000,dummy_mean,0.58,1.461805
14654,group_element_set,8000,dummy_mean,0.68,1.461805
14665,group_element_set,8000,dummy_mean,2.8,1.461805
14700,group_element_set,8000,dummy_mean,0.44,1.461805
14710,group_element_set,8000,dummy_mean,0.78,1.461805
14714,group_element_set,8000,dummy_mean,1.2,1.461805
14724,group_element_set,8000,dummy_mean,1.54,1.461805
14726,group_element_set,8000,dummy_mean,0.52,1.461805
14732,group_element_set,8000,dummy_mean,0.82,1.461805
14734,group_element_set,8000,dummy_mean,1.34,1.461805
14749,group_element_set,8000,dummy_mean,1.88,1.461805
14757,group_element_set,8000,dummy_mean,1.26,1.461805
14777,group_element_set,8000,dummy_mean,0.86,1.461805
14779,group_element_set,8000,dummy_mean,1.42,1.461805
14780,group_element_set,8000,dummy_mean,1.6,1.461805
14788,group_element_set,8000,dummy_mean,0.58,1.461805
14793,group_element_set,8000,dummy_mean,0.94,1.461805
14812,group_element_set,8000,dummy_mean,0.88,1.461805
14816,group_element_set,8000,dummy_mean,1.12,1.461805
14847,group_element_set,8000,dummy_mean,0.7,1.461805
14849,group_element_set,8000,dummy_mean,3.9,1.461805
14852,group_element_set,8000,dummy_mean,1.16,1.461805
14869,group_element_set,8000,dummy_mean,1.06,1.461805
14887,group_element_set,8000,dummy_mean,1.34,1.461805
14901,group_element_set,8000,dummy_mean,1.4,1.461805
14905,group_element_set,8000,dummy_mean,1.38,1.461805
14908,group_element_set,8000,dummy_mean,1.14,1.461805
14918,group_element_set,8000,dummy_mean,2.3,1.461805
14924,group_element_set,8000,dummy_mean,1.54,1.461805
14925,group_element_set,8000,dummy_mean,1.56,1.461805
14951,group_element_set,8000,dummy_mean,0.14,1.461805
14959,group_element_set,8000,dummy_mean,0.22,1.461805
14970,group_element_set,8000,dummy_mean,1.6,1.461805
14978,group_element_set,8000,dummy_mean,2.72,1.461805
14980,group_element_set,8000,dummy_mean,0.56,1.461805
14983,group_element_set,8000,dummy_mean,0.88,1.461805
14985,group_element_set,8000,dummy_mean,0.5,1.461805
14992,group_element_set,8000,dummy_mean,1.02,1.461805
15000,group_element_set,8000,dummy_mean,1.3,1.461805
15015,group_element_set,8000,dummy_mean,1.28,1.461805
15030,group_element_set,8000,dummy_mean,1.88,1.461805
15039,group_element_set,8000,dummy_mean,2.58,1.461805
15042,group_element_set,8000,dummy_mean,1.96,1.461805
15044,group_element_set,8000,dummy_mean,2.46,1.461805
15056,group_element_set,8000,dummy_mean,1.0,1.461805
15058,group_element_set,8000,dummy_mean,1.56,1.461805
15076,group_element_set,8000,dummy_mean,0.9,1.461805
15077,group_element_set,8000,dummy_mean,2.84,1.461805
15089,group_element_set,8000,dummy_mean,1.82,1.461805
15093,group_element_set,8000,dummy_mean,1.14,1.461805
15103,group_element_set,8000,dummy_mean,1.18,1.461805
15130,group_element_set,8000,dummy_mean,0.68,1.461805
15151,group_element_set,8000,dummy_mean,0.44,1.461805
15154,group_element_set,8000,dummy_mean,0.6,1.461805
15171,group_element_set,8000,dummy_mean,0.98,1.461805
15187,group_element_set,8000,dummy_mean,1.76,1.461805
15201,group_element_set,8000,dummy_mean,1.58,1.461805
15218,group_element_set,8000,dummy_mean,3.58,1.461805
15259,group_element_set,8000,dummy_mean,0.9,1.461805
15278,group_element_set,8000,dummy_mean,1.48,1.461805
15281,group_element_set,8000,dummy_mean,2.1,1.461805
15323,group_element_set,8000,dummy_mean,0.34,1.461805
15324,group_element_set,8000,dummy_mean,1.32,1.461805
15331,group_element_set,8000,dummy_mean,1.18,1.461805
15343,group_element_set,8000,dummy_mean,1.06,1.461805
15349,group_element_set,8000,dummy_mean,1.56,1.461805
15350,group_element_set,8000,dummy_mean,1.08,1.461805
15352,group_element_set,8000,dummy_mean,0.98,1.461805
15370,group_element_set,8000,dummy_mean,1.48,1.461805
15377,group_element_set,8000,dummy_mean,2.04,1.461805
15379,group_element_set,8000,dummy_mean,1.24,1.461805
15414,group_element_set,8000,dummy_mean,1.14,1.461805
15418,group_element_set,8000,dummy_mean,1.52,1.461805
15430,group_element_set,8000,dummy_mean,0.96,1.461805
15439,group_element_set,8000,dummy_mean,1.64,1.461805
15455,group_element_set,8000,dummy_mean,2.88,1.461805
15456,group_element_set,8000,dummy_mean,1.04,1.461805
15463,group_element_set,8000,dummy_mean,0.92,1.461805
15464,group_element_set,8000,dummy_mean,1.42,1.461805
15471,group_element_set,8000,dummy_mean,1.3,1.461805
15492,group_element_set,8000,dummy_mean,0.86,1.461805
15500,group_element_set,8000,dummy_mean,0.74,1.461805
15505,group_element_set,8000,dummy_mean,1.06,1.461805
15525,group_element_set,8000,dummy_mean,1.1,1.461805
15535,group_element_set,8000,dummy_mean,0.94,1.461805
15540,group_element_set,8000,dummy_mean,0.62,1.461805
15543,group_element_set,8000,dummy_mean,0.96,1.461805
15545,group_element_set,8000,dummy_mean,2.34,1.461805
15546,group_element_set,8000,dummy_mean,1.16,1.461805
15555,group_element_set,8000,dummy_mean,1.0,1.461805
15560,group_element_set,8000,dummy_mean,1.98,1.461805
15567,group_element_set,8000,dummy_mean,0.26,1.461805
15572,group_element_set,8000,dummy_mean,2.24,1.461805
15587,group_element_set,8000,dummy_mean,0.86,1.461805
15597,group_element_set,8000,dummy_mean,1.34,1.461805
15603,group_element_set,8000,dummy_mean,2.12,1.461805
15632,group_element_set,8000,dummy_mean,2.24,1.461805
15633,group_element_set,8000,dummy_mean,1.28,1.461805
15634,group_element_set,8000,dummy_mean,1.52,1.461805
15645,group_element_set,8000,dummy_mean,1.56,1.461805
15669,group_element_set,8000,dummy_mean,1.04,1.461805
15683,group_element_set,8000,dummy_mean,2.32,1.461805
15684,group_element_set,8000,dummy_mean,0.88,1.461805
15704,group_element_set,8000,dummy_mean,1.66,1.461805
15711,group_element_set,8000,dummy_mean,0.96,1.461805
15713,group_element_set,8000,dummy_mean,0.4,1.461805
15723,group_element_set,8000,dummy_mean,1.46,1.461805
15729,group_element_set,8000,dummy_mean,2.16,1.461805
15730,group_element_set,8000,dummy_mean,2.46,1.461805
15733,group_element_set,8000,dummy_mean,1.2,1.461805
15760,group_element_set,8000,dummy_mean,1.14,1.461805
15784,group_element_set,8000,dummy_mean,1.68,1.461805
15792,group_element_set,8000,dummy_mean,2.96,1.461805
15821,group_element_set,8000,dummy_mean,1.44,1.461805
15824,group_element_set,8000,dummy_mean,0.98,1.461805
15832,group_element_set,8000,dummy_mean,0.7,1.461805
15864,group_element_set,8000,dummy_mean,2.56,1.461805
15891,group_element_set,8000,dummy_mean,1.64,1.461805
15902,group_element_set,8000,dummy_mean,3.18,1.461805
15911,group_element_set,8000,dummy_mean,2.38,1.461805
15917,group_element_set,8000,dummy_mean,2.02,1.461805
15919,group_element_set,8000,dummy_mean,0.58,1.461805
15920,group_element_set,8000,dummy_mean,0.56,1.461805
15929,group_element_set,8000,dummy_mean,1.74,1.461805
15941,group_element_set,8000,dummy_mean,1.98,1.461805
15954,group_element_set,8000,dummy_mean,1.72,1.461805
15955,group_element_set,8000,dummy_mean,2.48,1.461805
15974,group_element_set,8000,dummy_mean,1.66,1.461805
15987,group_element_set,8000,dummy_mean,1.32,1.461805
15989,group_element_set,8000,dummy_mean,0.66,1.461805
16002,group_element_set,8000,dummy_mean,3.1,1.461805
16027,group_element_set,8000,dummy_mean,1.0,1.461805
16029,group_element_set,8000,dummy_mean,0.96,1.461805
16033,group_element_set,8000,dummy_mean,3.64,1.461805
16044,group_element_set,8000,dummy_mean,2.16,1.461805
16052,group_element_set,8000,dummy_mean,1.44,1.461805
16074,group_element_set,8000,dummy_mean,1.36,1.461805
16092,group_element_set,8000,dummy_mean,1.54,1.461805
16101,group_element_set,8000,dummy_mean,1.34,1.461805
16108,group_element_set,8000,dummy_mean,1.24,1.461805
16109,group_element_set,8000,dummy_mean,1.0,1.461805
16110,group_element_set,8000,dummy_mean,1.16,1.461805
16124,group_element_set,8000,dummy_mean,0.68,1.461805
16128,group_element_set,8000,dummy_mean,1.16,1.461805
16139,group_element_set,8000,dummy_mean,1.24,1.461805
16140,group_element_set,8000,dummy_mean,1.98,1.461805
16152,group_element_set,8000,dummy_mean,1.32,1.461805
16156,group_element_set,8000,dummy_mean,2.46,1.461805
16162,group_element_set,8000,dummy_mean,0.7,1.461805
16164,group_element_set,8000,dummy_mean,2.44,1.461805
16170,group_element_set,8000,dummy_mean,1.56,1.461805
16183,group_element_set,8000,dummy_mean,0.82,1.461805
16197,group_element_set,8000,dummy_mean,1.3,1.461805
16206,group_element_set,8000,dummy_mean,1.28,1.461805
16238,group_element_set,8000,dummy_mean,1.08,1.461805
16249,group_element_set,8000,dummy_mean,0.32,1.461805
16256,group_element_set,8000,dummy_mean,0.94,1.461805
16268,group_element_set,8000,dummy_mean,0.32,1.461805
16273,group_element_set,8000,dummy_mean,0.68,1.461805
16280,group_element_set,8000,dummy_mean,1.06,1.461805
16285,group_element_set,8000,dummy_mean,1.78,1.461805
16302,group_element_set,8000,dummy_mean,0.46,1.461805
16324,group_element_set,8000,dummy_mean,1.88,1.461805
16331,group_element_set,8000,dummy_mean,1.92,1.461805
16335,group_element_set,8000,dummy_mean,1.54,1.461805
16373,group_element_set,8000,dummy_mean,0.76,1.461805
16381,group_element_set,8000,dummy_mean,1.64,1.461805
16382,group_element_set,8000,dummy_mean,0.58,1.461805
16406,group_element_set,8000,dummy_mean,1.74,1.461805
16416,group_element_set,8000,dummy_mean,0.58,1.461805
16424,group_element_set,8000,dummy_mean,2.6,1.461805
16425,group_element_set,8000,dummy_mean,2.62,1.461805
16427,group_element_set,8000,dummy_mean,0.96,1.461805
16429,group_element_set,8000,dummy_mean,2.22,1.461805
16430,group_element_set,8000,dummy_mean,1.14,1.461805
16440,group_element_set,8000,dummy_mean,2.02,1.461805
16455,group_element_set,8000,dummy_mean,1.68,1.461805
16461,group_element_set,8000,dummy_mean,1.04,1.461805
16468,group_element_set,8000,dummy_mean,0.98,1.461805
16508,group_element_set,8000,dummy_mean,1.76,1.461805
16522,group_element_set,8000,dummy_mean,1.82,1.461805
16544,group_element_set,8000,dummy_mean,1.52,1.461805
16545,group_element_set,8000,dummy_mean,0.7,1.461805
16547,group_element_set,8000,dummy_mean,2.62,1.461805
16555,group_element_set,8000,dummy_mean,1.7,1.461805
16568,group_element_set,8000,dummy_mean,0.74,1.461805
16569,group_element_set,8000,dummy_mean,1.08,1.461805
16584,group_element_set,8000,dummy_mean,0.72,1.461805
16586,group_element_set,8000,dummy_mean,0.56,1.461805
16587,group_element_set,8000,dummy_mean,0.86,1.461805
16592,group_element_set,8000,dummy_mean,1.12,1.461805
16598,group_element_set,8000,dummy_mean,2.18,1.461805
16603,group_element_set,8000,dummy_mean,1.02,1.461805
16611,group_element_set,8000,dummy_mean,4.2,1.461805
16612,group_element_set,8000,dummy_mean,2.2,1.461805
16626,group_element_set,8000,dummy_mean,1.26,1.461805
16628,group_element_set,8000,dummy_mean,1.34,1.461805
16643,group_element_set,8000,dummy_mean,1.14,1.461805
16650,group_element_set,8000,dummy_mean,0.9,1.461805
16657,group_element_set,8000,dummy_mean,1.66,1.461805
16659,group_element_set,8000,dummy_mean,2.26,1.461805
16669,group_element_set,8000,dummy_mean,0.54,1.461805
16687,group_element_set,8000,dummy_mean,0.9,1.461805
16693,group_element_set,8000,dummy_mean,2.06,1.461805
16700,group_element_set,8000,dummy_mean,1.96,1.461805
16717,group_element_set,8000,dummy_mean,0.9,1.461805
16723,group_element_set,8000,dummy_mean,0.46,1.461805
16725,group_element_set,8000,dummy_mean,1.3,1.461805
16728,group_element_set,8000,dummy_mean,1.98,1.461805
16738,group_element_set,8000,dummy_mean,0.92,1.461805
16739,group_element_set,8000,dummy_mean,1.94,1.461805
16747,group_element_set,8000,dummy_mean,0.46,1.461805
16752,group_element_set,8000,dummy_mean,0.54,1.461805
16760,group_element_set,8000,dummy_mean,0.46,1.461805
16761,group_element_set,8000,dummy_mean,2.02,1.461805
16787,group_element_set,8000,dummy_mean,2.02,1.461805
16795,group_element_set,8000,dummy_mean,0.66,1.461805
16807,group_element_set,8000,dummy_mean,1.28,1.461805
16811,group_element_set,8000,dummy_mean,1.14,1.461805
16813,group_element_set,8000,dummy_mean,1.86,1.461805
16831,group_element_set,8000,dummy_mean,1.06,1.461805
16841,group_element_set,8000,dummy_mean,1.46,1.461805
16846,group_element_set,8000,dummy_mean,1.62,1.461805
16848,group_element_set,8000,dummy_mean,1.54,1.461805
16852,group_element_set,8000,dummy_mean,0.66,1.461805
16872,group_element_set,8000,dummy_mean,0.98,1.461805
16876,group_element_set,8000,dummy_mean,1.08,1.461805
16879,group_element_set,8000,dummy_mean,0.92,1.461805
16898,group_element_set,8000,dummy_mean,1.26,1.461805
16930,group_element_set,8000,dummy_mean,0.64,1.461805
16933,group_element_set,8000,dummy_mean,0.6,1.461805
16946,group_element_set,8000,dummy_mean,1.2,1.461805
16949,group_element_set,8000,dummy_mean,1.58,1.461805
16954,group_element_set,8000,dummy_mean,2.96,1.461805
16956,group_element_set,8000,dummy_mean,0.4,1.461805
16960,group_element_set,8000,dummy_mean,1.02,1.461805
16981,group_element_set,8000,dummy_mean,1.74,1.461805
16982,group_element_set,8000,dummy_mean,0.34,1.461805
16984,group_element_set,8000,dummy_mean,1.6,1.461805
16989,group_element_set,8000,dummy_mean,3.24,1.461805
16993,group_element_set,8000,dummy_mean,1.3,1.461805
17000,group_element_set,8000,dummy_mean,1.08,1.461805
17001,group_element_set,8000,dummy_mean,1.68,1.461805
17006,group_element_set,8000,dummy_mean,1.08,1.461805
17019,group_element_set,8000,dummy_mean,0.86,1.461805
17036,group_element_set,8000,dummy_mean,1.66,1.461805
17051,group_element_set,8000,dummy_mean,0.74,1.461805
17063,group_element_set,8000,dummy_mean,1.62,1.461805
17068,group_element_set,8000,dummy_mean,1.68,1.461805
17073,group_element_set,8000,dummy_mean,0.9,1.461805
17074,group_element_set,8000,dummy_mean,0.78,1.461805
17104,group_element_set,8000,dummy_mean,1.46,1.461805
17105,group_element_set,8000,dummy_mean,1.92,1.461805
17107,group_element_set,8000,dummy_mean,0.2,1.461805
17121,group_element_set,8000,dummy_mean,0.78,1.461805
17129,group_element_set,8000,dummy_mean,1.46,1.461805
17142,group_element_set,8000,dummy_mean,1.52,1.461805
17147,group_element_set,8000,dummy_mean,1.18,1.461805
17152,group_element_set,8000,dummy_mean,1.24,1.461805
17155,group_element_set,8000,dummy_mean,0.68,1.461805
17194,group_element_set,8000,dummy_mean,1.22,1.461805
17206,group_element_set,8000,dummy_mean,1.52,1.461805
17209,group_element_set,8000,dummy_mean,2.56,1.461805
17219,group_element_set,8000,dummy_mean,0.26,1.461805
17241,group_element_set,8000,dummy_mean,1.04,1.461805
17263,group_element_set,8000,dummy_mean,0.94,1.461805
17287,group_element_set,8000,dummy_mean,3.1,1.461805
17291,group_element_set,8000,dummy_mean,1.32,1.461805
17303,group_element_set,8000,dummy_mean,1.28,1.461805
17311,group_element_set,8000,dummy_mean,1.28,1.461805
17313,group_element_set,8000,dummy_mean,2.36,1.461805
17314,group_element_set,8000,dummy_mean,1.82,1.461805
17320,group_element_set,8000,dummy_mean,1.32,1.461805
17324,group_element_set,8000,dummy_mean,4.66,1.461805
17335,group_element_set,8000,dummy_mean,1.72,1.461805
17340,group_element_set,8000,dummy_mean,0.54,1.461805
17346,group_element_set,8000,dummy_mean,0.8,1.461805
17354,group_element_set,8000,dummy_mean,1.36,1.461805
17356,group_element_set,8000,dummy_mean,1.14,1.461805
17375,group_element_set,8000,dummy_mean,1.0,1.461805
17377,group_element_set,8000,dummy_mean,1.08,1.461805
17389,group_element_set,8000,dummy_mean,1.3,1.461805
17392,group_element_set,8000,dummy_mean,0.36,1.461805
17406,group_element_set,8000,dummy_mean,2.14,1.461805
17418,group_element_set,8000,dummy_mean,0.92,1.461805
17457,group_element_set,8000,dummy_mean,2.08,1.461805
17466,group_element_set,8000,dummy_mean,1.8,1.461805
17489,group_element_set,8000,dummy_mean,1.04,1.461805
17491,group_element_set,8000,dummy_mean,1.06,1.461805
17519,group_element_set,8000,dummy_mean,1.28,1.461805
17525,group_element_set,8000,dummy_mean,0.88,1.461805
17528,group_element_set,8000,dummy_mean,3.76,1.461805
17529,group_element_set,8000,dummy_mean,0.64,1.461805
17540,group_element_set,8000,dummy_mean,0.92,1.461805
17545,group_element_set,8000,dummy_mean,0.92,1.461805
17554,group_element_set,8000,dummy_mean,1.8,1.461805
17558,group_element_set,8000,dummy_mean,1.08,1.461805
17572,group_element_set,8000,dummy_mean,1.62,1.461805
17575,group_element_set,8000,dummy_mean,0.34,1.461805
17589,group_element_set,8000,dummy_mean,0.74,1.461805
17599,group_element_set,8000,dummy_mean,2.04,1.461805
17607,group_element_set,8000,dummy_mean,1.26,1.461805
17611,group_element_set,8000,dummy_mean,1.44,1.461805
17615,group_element_set,8000,dummy_mean,1.74,1.461805
17618,group_element_set,8000,dummy_mean,1.08,1.461805
17626,group_element_set,8000,dummy_mean,2.18,1.461805
17631,group_element_set,8000,dummy_mean,1.8,1.461805
17632,group_element_set,8000,dummy_mean,1.38,1.461805
17645,group_element_set,8000,dummy_mean,0.76,1.461805
17658,group_element_set,8000,dummy_mean,0.5,1.461805
17661,group_element_set,8000,dummy_mean,1.48,1.461805
17690,group_element_set,8000,dummy_mean,1.58,1.461805
17697,group_element_set,8000,dummy_mean,0.8,1.461805
17700,group_element_set,8000,dummy_mean,1.66,1.461805
17708,group_element_set,8000,dummy_mean,2.18,1.461805
17713,group_element_set,8000,dummy_mean,1.94,1.461805
17730,group_element_set,8000,dummy_mean,2.12,1.461805
17775,group_element_set,8000,dummy_mean,1.46,1.461805
17776,group_element_set,8000,dummy_mean,1.34,1.461805
17779,group_element_set,8000,dummy_mean,3.66,1.461805
17788,group_element_set,8000,dummy_mean,2.54,1.461805
17796,group_element_set,8000,dummy_mean,1.82,1.461805
17803,group_element_set,8000,dummy_mean,1.78,1.461805
17804,group_element_set,8000,dummy_mean,1.84,1.461805
17824,group_element_set,8000,dummy_mean,1.06,1.461805
17829,group_element_set,8000,dummy_mean,1.6,1.461805
17832,group_element_set,8000,dummy_mean,1.7,1.461805
17839,group_element_set,8000,dummy_mean,1.72,1.461805
17859,group_element_set,8000,dummy_mean,1.1,1.461805
17863,group_element_set,8000,dummy_mean,0.56,1.461805
17886,group_element_set,8000,dummy_mean,1.34,1.461805
17910,group_element_set,8000,dummy_mean,0.58,1.461805
17922,group_element_set,8000,dummy_mean,2.64,1.461805
17943,group_element_set,8000,dummy_mean,1.64,1.461805
17965,group_element_set,8000,dummy_mean,1.22,1.461805
17987,group_element_set,8000,dummy_mean,1.84,1.461805
17988,group_element_set,8000,dummy_mean,0.84,1.461805
17995,group_element_set,8000,dummy_mean,0.84,1.461805
17998,group_element_set,8000,dummy_mean,1.96,1.461805
18005,group_element_set,8000,dummy_mean,1.7,1.461805
18010,group_element_set,8000,dummy_mean,1.1,1.461805
18011,group_element_set,8000,dummy_mean,1.22,1.461805
18023,group_element_set,8000,dummy_mean,0.38,1.461805
18029,group_element_set,8000,dummy_mean,0.92,1.461805
18043,group_element_set,8000,dummy_mean,1.56,1.461805
18045,group_element_set,8000,dummy_mean,1.86,1.461805
18048,group_element_set,8000,dummy_mean,1.56,1.461805
18049,group_element_set,8000,dummy_mean,1.04,1.461805
18057,group_element_set,8000,dummy_mean,1.3,1.461805
18059,group_element_set,8000,dummy_mean,1.32,1.461805
18064,group_element_set,8000,dummy_mean,1.6,1.461805
18075,group_element_set,8000,dummy_mean,1.48,1.461805
18076,group_element_set,8000,dummy_mean,1.68,1.461805
18093,group_element_set,8000,dummy_mean,1.06,1.461805
18096,group_element_set,8000,dummy_mean,-0.14,1.461805
18105,group_element_set,8000,dummy_mean,1.9,1.461805
18114,group_element_set,8000,dummy_mean,0.58,1.461805
18116,group_element_set,8000,dummy_mean,1.46,1.461805
18119,group_element_set,8000,dummy_mean,0.38,1.461805
18121,group_element_set,8000,dummy_mean,1.42,1.461805
18137,group_element_set,8000,dummy_mean,0.62,1.461805
18169,group_element_set,8000,dummy_mean,0.88,1.461805
18175,group_element_set,8000,dummy_mean,1.38,1.461805
18196,group_element_set,8000,dummy_mean,2.02,1.461805
18216,group_element_set,8000,dummy_mean,2.76,1.461805
18220,group_element_set,8000,dummy_mean,1.36,1.461805
18223,group_element_set,8000,dummy_mean,1.24,1.461805
18230,group_element_set,8000,dummy_mean,0.58,1.461805
18232,group_element_set,8000,dummy_mean,1.42,1.461805
18233,group_element_set,8000,dummy_mean,1.6,1.461805
18264,group_element_set,8000,dummy_mean,0.68,1.461805
18268,group_element_set,8000,dummy_mean,2.38,1.461805
18271,group_element_set,8000,dummy_mean,1.74,1.461805
18280,group_element_set,8000,dummy_mean,0.68,1.461805
18283,group_element_set,8000,dummy_mean,3.08,1.461805
18302,group_element_set,8000,dummy_mean,1.08,1.461805
18305,group_element_set,8000,dummy_mean,2.02,1.461805
18309,group_element_set,8000,dummy_mean,1.36,1.461805
18333,group_element_set,8000,dummy_mean,1.06,1.461805
18335,group_element_set,8000,dummy_mean,1.22,1.461805
18354,group_element_set,8000,dummy_mean,0.2,1.461805
18356,group_element_set,8000,dummy_mean,1.92,1.461805
18364,group_element_set,8000,dummy_mean,1.68,1.461805
18370,group_element_set,8000,dummy_mean,1.24,1.461805
18381,group_element_set,8000,dummy_mean,1.02,1.461805
18410,group_element_set,8000,dummy_mean,0.56,1.461805
18432,group_element_set,8000,dummy_mean,0.98,1.461805
18449,group_element_set,8000,dummy_mean,1.94,1.461805
18452,group_element_set,8000,dummy_mean,0.72,1.461805
18463,group_element_set,8000,dummy_mean,1.06,1.461805
18500,group_element_set,8000,dummy_mean,1.94,1.461805
18510,group_element_set,8000,dummy_mean,2.56,1.461805
18527,group_element_set,8000,dummy_mean,1.96,1.461805
18530,group_element_set,8000,dummy_mean,1.46,1.461805
18537,group_element_set,8000,dummy_mean,1.36,1.461805
18541,group_element_set,8000,dummy_mean,1.74,1.461805
18543,group_element_set,8000,dummy_mean,2.3,1.461805
18576,group_element_set,8000,dummy_mean,1.16,1.461805
18580,group_element_set,8000,dummy_mean,0.78,1.461805
18581,group_element_set,8000,dummy_mean,2.3,1.461805
18589,group_element_set,8000,dummy_mean,2.44,1.461805
18603,group_element_set,8000,dummy_mean,2.64,1.461805
18611,group_element_set,8000,dummy_mean,1.08,1.461805
18616,group_element_set,8000,dummy_mean,1.42,1.461805
18630,group_element_set,8000,dummy_mean,1.64,1.461805
18639,group_element_set,8000,dummy_mean,1.3,1.461805
18642,group_element_set,8000,dummy_mean,0.72,1.461805
18658,group_element_set,8000,dummy_mean,2.08,1.461805
18665,group_element_set,8000,dummy_mean,1.48,1.461805
18691,group_element_set,8000,dummy_mean,2.26,1.461805
18693,group_element_set,8000,dummy_mean,1.4,1.461805
18706,group_element_set,8000,dummy_mean,1.32,1.461805
18719,group_element_set,8000,dummy_mean,0.94,1.461805
18732,group_element_set,8000,dummy_mean,1.0,1.461805
18759,group_element_set,8000,dummy_mean,1.98,1.461805
18775,group_element_set,8000,dummy_mean,3.36,1.461805
18776,group_element_set,8000,dummy_mean,2.0,1.461805
18806,group_element_set,8000,dummy_mean,-0.24,1.461805
18846,group_element_set,8000,dummy_mean,1.74,1.461805
18847,group_element_set,8000,dummy_mean,1.52,1.461805
18851,group_element_set,8000,dummy_mean,1.06,1.461805
18862,group_element_set,8000,dummy_mean,0.68,1.461805
18870,group_element_set,8000,dummy_mean,2.78,1.461805
18891,group_element_set,8000,dummy_mean,0.9,1.461805
18899,group_element_set,8000,dummy_mean,1.82,1.461805
