sample_id,split_strategy,budget_label,model,y_true,y_pred
5,group_reduced_formula,4000,dummy_mean,1.48,1.48479
19,group_reduced_formula,4000,dummy_mean,0.46,1.48479
48,group_reduced_formula,4000,dummy_mean,2.84,1.48479
55,group_reduced_formula,4000,dummy_mean,1.36,1.48479
56,group_reduced_formula,4000,dummy_mean,1.78,1.48479
59,group_reduced_formula,4000,dummy_mean,0.64,1.48479
70,group_reduced_formula,4000,dummy_mean,1.08,1.48479
83,group_reduced_formula,4000,dummy_mean,0.96,1.48479
91,group_reduced_formula,4000,dummy_mean,1.32,1.48479
114,group_reduced_formula,4000,dummy_mean,1.3,1.48479
127,group_reduced_formula,4000,dummy_mean,0.48,1.48479
133,group_reduced_formula,4000,dummy_mean,1.14,1.48479
150,group_reduced_formula,4000,dummy_mean,1.26,1.48479
204,group_reduced_formula,4000,dummy_mean,4.18,1.48479
220,group_reduced_formula,4000,dummy_mean,0.92,1.48479
222,group_reduced_formula,4000,dummy_mean,1.16,1.48479
225,group_reduced_formula,4000,dummy_mean,1.22,1.48479
233,group_reduced_formula,4000,dummy_mean,0.98,1.48479
242,group_reduced_formula,4000,dummy_mean,1.98,1.48479
252,group_reduced_formula,4000,dummy_mean,1.16,1.48479
256,group_reduced_formula,4000,dummy_mean,1.08,1.48479
261,group_reduced_formula,4000,dummy_mean,0.92,1.48479
275,group_reduced_formula,4000,dummy_mean,1.14,1.48479
279,group_reduced_formula,4000,dummy_mean,1.7,1.48479
283,group_reduced_formula,4000,dummy_mean,1.66,1.48479
289,group_reduced_formula,4000,dummy_mean,1.02,1.48479
295,group_reduced_formula,4000,dummy_mean,1.2,1.48479
311,group_reduced_formula,4000,dummy_mean,3.84,1.48479
314,group_reduced_formula,4000,dummy_mean,1.26,1.48479
316,group_reduced_formula,4000,dummy_mean,0.3,1.48479
319,group_reduced_formula,4000,dummy_mean,0.4,1.48479
321,group_reduced_formula,4000,dummy_mean,1.74,1.48479
327,group_reduced_formula,4000,dummy_mean,1.18,1.48479
336,group_reduced_formula,4000,dummy_mean,1.84,1.48479
341,group_reduced_formula,4000,dummy_mean,1.08,1.48479
361,group_reduced_formula,4000,dummy_mean,0.8,1.48479
366,group_reduced_formula,4000,dummy_mean,0.5,1.48479
378,group_reduced_formula,4000,dummy_mean,2.44,1.48479
382,group_reduced_formula,4000,dummy_mean,1.96,1.48479
387,group_reduced_formula,4000,dummy_mean,2.02,1.48479
399,group_reduced_formula,4000,dummy_mean,1.02,1.48479
422,group_reduced_formula,4000,dummy_mean,1.36,1.48479
424,group_reduced_formula,4000,dummy_mean,1.9,1.48479
445,group_reduced_formula,4000,dummy_mean,2.3,1.48479
452,group_reduced_formula,4000,dummy_mean,1.44,1.48479
478,group_reduced_formula,4000,dummy_mean,1.88,1.48479
490,group_reduced_formula,4000,dummy_mean,1.36,1.48479
494,group_reduced_formula,4000,dummy_mean,3.42,1.48479
518,group_reduced_formula,4000,dummy_mean,0.84,1.48479
524,group_reduced_formula,4000,dummy_mean,1.1,1.48479
535,group_reduced_formula,4000,dummy_mean,1.16,1.48479
559,group_reduced_formula,4000,dummy_mean,2.6,1.48479
573,group_reduced_formula,4000,dummy_mean,1.22,1.48479
589,group_reduced_formula,4000,dummy_mean,1.1,1.48479
600,group_reduced_formula,4000,dummy_mean,1.8,1.48479
602,group_reduced_formula,4000,dummy_mean,1.52,1.48479
605,group_reduced_formula,4000,dummy_mean,1.04,1.48479
617,group_reduced_formula,4000,dummy_mean,0.76,1.48479
627,group_reduced_formula,4000,dummy_mean,1.44,1.48479
629,group_reduced_formula,4000,dummy_mean,0.6,1.48479
630,group_reduced_formula,4000,dummy_mean,1.84,1.48479
636,group_reduced_formula,4000,dummy_mean,1.88,1.48479
638,group_reduced_formula,4000,dummy_mean,0.94,1.48479
649,group_reduced_formula,4000,dummy_mean,0.68,1.48479
664,group_reduced_formula,4000,dummy_mean,1.82,1.48479
667,group_reduced_formula,4000,dummy_mean,2.02,1.48479
670,group_reduced_formula,4000,dummy_mean,0.62,1.48479
689,group_reduced_formula,4000,dummy_mean,1.18,1.48479
692,group_reduced_formula,4000,dummy_mean,1.94,1.48479
693,group_reduced_formula,4000,dummy_mean,0.52,1.48479
695,group_reduced_formula,4000,dummy_mean,2.46,1.48479
699,group_reduced_formula,4000,dummy_mean,1.18,1.48479
704,group_reduced_formula,4000,dummy_mean,1.14,1.48479
709,group_reduced_formula,4000,dummy_mean,2.0,1.48479
719,group_reduced_formula,4000,dummy_mean,1.9,1.48479
721,group_reduced_formula,4000,dummy_mean,2.1,1.48479
753,group_reduced_formula,4000,dummy_mean,0.52,1.48479
754,group_reduced_formula,4000,dummy_mean,1.3,1.48479
793,group_reduced_formula,4000,dummy_mean,1.24,1.48479
796,group_reduced_formula,4000,dummy_mean,1.2,1.48479
812,group_reduced_formula,4000,dummy_mean,0.48,1.48479
818,group_reduced_formula,4000,dummy_mean,1.08,1.48479
832,group_reduced_formula,4000,dummy_mean,1.24,1.48479
882,group_reduced_formula,4000,dummy_mean,1.96,1.48479
890,group_reduced_formula,4000,dummy_mean,0.56,1.48479
892,group_reduced_formula,4000,dummy_mean,1.46,1.48479
899,group_reduced_formula,4000,dummy_mean,0.66,1.48479
904,group_reduced_formula,4000,dummy_mean,1.66,1.48479
945,group_reduced_formula,4000,dummy_mean,2.02,1.48479
958,group_reduced_formula,4000,dummy_mean,1.4,1.48479
959,group_reduced_formula,4000,dummy_mean,1.04,1.48479
970,group_reduced_formula,4000,dummy_mean,1.28,1.48479
985,group_reduced_formula,4000,dummy_mean,2.66,1.48479
992,group_reduced_formula,4000,dummy_mean,2.46,1.48479
996,group_reduced_formula,4000,dummy_mean,1.28,1.48479
997,group_reduced_formula,4000,dummy_mean,1.4,1.48479
1004,group_reduced_formula,4000,dummy_mean,0.72,1.48479
1020,group_reduced_formula,4000,dummy_mean,0.72,1.48479
1027,group_reduced_formula,4000,dummy_mean,1.38,1.48479
1032,group_reduced_formula,4000,dummy_mean,0.84,1.48479
1037,group_reduced_formula,4000,dummy_mean,2.62,1.48479
1047,group_reduced_formula,4000,dummy_mean,1.04,1.48479
1058,group_reduced_formula,4000,dummy_mean,1.2,1.48479
1059,group_reduced_formula,4000,dummy_mean,0.96,1.48479
1070,group_reduced_formula,4000,dummy_mean,0.78,1.48479
1078,group_reduced_formula,4000,dummy_mean,1.74,1.48479
1106,group_reduced_formula,4000,dummy_mean,1.42,1.48479
1112,group_reduced_formula,4000,dummy_mean,1.02,1.48479
1125,group_reduced_formula,4000,dummy_mean,0.56,1.48479
1129,group_reduced_formula,4000,dummy_mean,2.06,1.48479
1135,group_reduced_formula,4000,dummy_mean,0.6,1.48479
1159,group_reduced_formula,4000,dummy_mean,1.86,1.48479
1180,group_reduced_formula,4000,dummy_mean,0.98,1.48479
1181,group_reduced_formula,4000,dummy_mean,1.04,1.48479
1204,group_reduced_formula,4000,dummy_mean,2.16,1.48479
1220,group_reduced_formula,4000,dummy_mean,0.76,1.48479
1221,group_reduced_formula,4000,dummy_mean,2.44,1.48479
1240,group_reduced_formula,4000,dummy_mean,1.7,1.48479
1247,group_reduced_formula,4000,dummy_mean,1.9,1.48479
1248,group_reduced_formula,4000,dummy_mean,2.28,1.48479
1274,group_reduced_formula,4000,dummy_mean,1.18,1.48479
1330,group_reduced_formula,4000,dummy_mean,1.02,1.48479
1331,group_reduced_formula,4000,dummy_mean,1.4,1.48479
1342,group_reduced_formula,4000,dummy_mean,0.42,1.48479
1343,group_reduced_formula,4000,dummy_mean,2.02,1.48479
1357,group_reduced_formula,4000,dummy_mean,1.92,1.48479
1371,group_reduced_formula,4000,dummy_mean,1.26,1.48479
1377,group_reduced_formula,4000,dummy_mean,1.34,1.48479
1393,group_reduced_formula,4000,dummy_mean,1.24,1.48479
1404,group_reduced_formula,4000,dummy_mean,1.68,1.48479
1405,group_reduced_formula,4000,dummy_mean,1.46,1.48479
1408,group_reduced_formula,4000,dummy_mean,0.9,1.48479
1414,group_reduced_formula,4000,dummy_mean,0.54,1.48479
1415,group_reduced_formula,4000,dummy_mean,0.88,1.48479
1421,group_reduced_formula,4000,dummy_mean,1.04,1.48479
1430,group_reduced_formula,4000,dummy_mean,0.62,1.48479
1453,group_reduced_formula,4000,dummy_mean,0.78,1.48479
1464,group_reduced_formula,4000,dummy_mean,1.52,1.48479
1465,group_reduced_formula,4000,dummy_mean,1.42,1.48479
1492,group_reduced_formula,4000,dummy_mean,1.14,1.48479
1507,group_reduced_formula,4000,dummy_mean,1.92,1.48479
1510,group_reduced_formula,4000,dummy_mean,1.84,1.48479
1513,group_reduced_formula,4000,dummy_mean,1.52,1.48479
1516,group_reduced_formula,4000,dummy_mean,2.64,1.48479
1519,group_reduced_formula,4000,dummy_mean,0.74,1.48479
1520,group_reduced_formula,4000,dummy_mean,1.64,1.48479
1522,group_reduced_formula,4000,dummy_mean,0.94,1.48479
1533,group_reduced_formula,4000,dummy_mean,0.46,1.48479
1541,group_reduced_formula,4000,dummy_mean,2.1,1.48479
1552,group_reduced_formula,4000,dummy_mean,2.88,1.48479
1560,group_reduced_formula,4000,dummy_mean,1.46,1.48479
1578,group_reduced_formula,4000,dummy_mean,1.58,1.48479
1581,group_reduced_formula,4000,dummy_mean,2.04,1.48479
1589,group_reduced_formula,4000,dummy_mean,3.06,1.48479
1597,group_reduced_formula,4000,dummy_mean,1.1,1.48479
1598,group_reduced_formula,4000,dummy_mean,0.98,1.48479
1601,group_reduced_formula,4000,dummy_mean,1.46,1.48479
1607,group_reduced_formula,4000,dummy_mean,1.42,1.48479
1609,group_reduced_formula,4000,dummy_mean,2.22,1.48479
1628,group_reduced_formula,4000,dummy_mean,3.2,1.48479
1648,group_reduced_formula,4000,dummy_mean,1.62,1.48479
1652,group_reduced_formula,4000,dummy_mean,1.24,1.48479
1663,group_reduced_formula,4000,dummy_mean,1.18,1.48479
1683,group_reduced_formula,4000,dummy_mean,1.94,1.48479
1692,group_reduced_formula,4000,dummy_mean,1.1,1.48479
1707,group_reduced_formula,4000,dummy_mean,2.0,1.48479
1711,group_reduced_formula,4000,dummy_mean,1.14,1.48479
1723,group_reduced_formula,4000,dummy_mean,1.36,1.48479
1725,group_reduced_formula,4000,dummy_mean,1.84,1.48479
1727,group_reduced_formula,4000,dummy_mean,1.76,1.48479
1734,group_reduced_formula,4000,dummy_mean,0.98,1.48479
1770,group_reduced_formula,4000,dummy_mean,0.96,1.48479
1783,group_reduced_formula,4000,dummy_mean,1.68,1.48479
1792,group_reduced_formula,4000,dummy_mean,1.6,1.48479
1821,group_reduced_formula,4000,dummy_mean,1.46,1.48479
1822,group_reduced_formula,4000,dummy_mean,0.18,1.48479
1833,group_reduced_formula,4000,dummy_mean,1.44,1.48479
1848,group_reduced_formula,4000,dummy_mean,2.92,1.48479
1856,group_reduced_formula,4000,dummy_mean,2.0,1.48479
1868,group_reduced_formula,4000,dummy_mean,1.04,1.48479
1875,group_reduced_formula,4000,dummy_mean,1.88,1.48479
1881,group_reduced_formula,4000,dummy_mean,2.1,1.48479
1891,group_reduced_formula,4000,dummy_mean,1.74,1.48479
1898,group_reduced_formula,4000,dummy_mean,0.94,1.48479
1900,group_reduced_formula,4000,dummy_mean,1.34,1.48479
1906,group_reduced_formula,4000,dummy_mean,0.78,1.48479
1909,group_reduced_formula,4000,dummy_mean,1.72,1.48479
1919,group_reduced_formula,4000,dummy_mean,1.04,1.48479
1923,group_reduced_formula,4000,dummy_mean,0.98,1.48479
1928,group_reduced_formula,4000,dummy_mean,1.78,1.48479
1940,group_reduced_formula,4000,dummy_mean,2.08,1.48479
1948,group_reduced_formula,4000,dummy_mean,2.04,1.48479
1949,group_reduced_formula,4000,dummy_mean,1.2,1.48479
1957,group_reduced_formula,4000,dummy_mean,2.22,1.48479
1963,group_reduced_formula,4000,dummy_mean,1.16,1.48479
1981,group_reduced_formula,4000,dummy_mean,1.96,1.48479
2016,group_reduced_formula,4000,dummy_mean,1.44,1.48479
2025,group_reduced_formula,4000,dummy_mean,2.64,1.48479
2039,group_reduced_formula,4000,dummy_mean,1.28,1.48479
2040,group_reduced_formula,4000,dummy_mean,1.2,1.48479
2052,group_reduced_formula,4000,dummy_mean,1.18,1.48479
2053,group_reduced_formula,4000,dummy_mean,3.36,1.48479
2072,group_reduced_formula,4000,dummy_mean,1.32,1.48479
2089,group_reduced_formula,4000,dummy_mean,1.9,1.48479
2091,group_reduced_formula,4000,dummy_mean,1.3,1.48479
2092,group_reduced_formula,4000,dummy_mean,0.62,1.48479
2121,group_reduced_formula,4000,dummy_mean,1.7,1.48479
2132,group_reduced_formula,4000,dummy_mean,1.56,1.48479
2139,group_reduced_formula,4000,dummy_mean,0.98,1.48479
2146,group_reduced_formula,4000,dummy_mean,0.22,1.48479
2159,group_reduced_formula,4000,dummy_mean,2.72,1.48479
2184,group_reduced_formula,4000,dummy_mean,2.34,1.48479
2189,group_reduced_formula,4000,dummy_mean,1.44,1.48479
2198,group_reduced_formula,4000,dummy_mean,1.26,1.48479
2205,group_reduced_formula,4000,dummy_mean,0.5,1.48479
2231,group_reduced_formula,4000,dummy_mean,1.0,1.48479
2253,group_reduced_formula,4000,dummy_mean,0.96,1.48479
2258,group_reduced_formula,4000,dummy_mean,1.58,1.48479
2259,group_reduced_formula,4000,dummy_mean,1.82,1.48479
2266,group_reduced_formula,4000,dummy_mean,1.88,1.48479
2276,group_reduced_formula,4000,dummy_mean,1.52,1.48479
2281,group_reduced_formula,4000,dummy_mean,1.98,1.48479
2282,group_reduced_formula,4000,dummy_mean,3.26,1.48479
2284,group_reduced_formula,4000,dummy_mean,1.76,1.48479
2287,group_reduced_formula,4000,dummy_mean,2.64,1.48479
2296,group_reduced_formula,4000,dummy_mean,1.36,1.48479
2297,group_reduced_formula,4000,dummy_mean,1.5,1.48479
2302,group_reduced_formula,4000,dummy_mean,2.02,1.48479
2315,group_reduced_formula,4000,dummy_mean,0.82,1.48479
2326,group_reduced_formula,4000,dummy_mean,1.34,1.48479
2334,group_reduced_formula,4000,dummy_mean,0.38,1.48479
2340,group_reduced_formula,4000,dummy_mean,2.28,1.48479
2342,group_reduced_formula,4000,dummy_mean,1.18,1.48479
2351,group_reduced_formula,4000,dummy_mean,1.4,1.48479
2383,group_reduced_formula,4000,dummy_mean,1.24,1.48479
2391,group_reduced_formula,4000,dummy_mean,0.1,1.48479
2440,group_reduced_formula,4000,dummy_mean,1.26,1.48479
2451,group_reduced_formula,4000,dummy_mean,2.0,1.48479
2462,group_reduced_formula,4000,dummy_mean,1.1,1.48479
2466,group_reduced_formula,4000,dummy_mean,2.14,1.48479
2471,group_reduced_formula,4000,dummy_mean,0.68,1.48479
2474,group_reduced_formula,4000,dummy_mean,2.92,1.48479
2476,group_reduced_formula,4000,dummy_mean,0.82,1.48479
2481,group_reduced_formula,4000,dummy_mean,1.02,1.48479
2503,group_reduced_formula,4000,dummy_mean,1.2,1.48479
2516,group_reduced_formula,4000,dummy_mean,1.24,1.48479
2544,group_reduced_formula,4000,dummy_mean,1.54,1.48479
2556,group_reduced_formula,4000,dummy_mean,2.68,1.48479
2557,group_reduced_formula,4000,dummy_mean,1.04,1.48479
2595,group_reduced_formula,4000,dummy_mean,0.98,1.48479
2600,group_reduced_formula,4000,dummy_mean,1.56,1.48479
2617,group_reduced_formula,4000,dummy_mean,2.58,1.48479
2618,group_reduced_formula,4000,dummy_mean,1.54,1.48479
2636,group_reduced_formula,4000,dummy_mean,2.18,1.48479
2643,group_reduced_formula,4000,dummy_mean,2.6,1.48479
2666,group_reduced_formula,4000,dummy_mean,1.04,1.48479
2683,group_reduced_formula,4000,dummy_mean,1.42,1.48479
2687,group_reduced_formula,4000,dummy_mean,1.44,1.48479
2704,group_reduced_formula,4000,dummy_mean,1.24,1.48479
2707,group_reduced_formula,4000,dummy_mean,2.76,1.48479
2710,group_reduced_formula,4000,dummy_mean,0.92,1.48479
2713,group_reduced_formula,4000,dummy_mean,1.66,1.48479
2721,group_reduced_formula,4000,dummy_mean,1.6,1.48479
2723,group_reduced_formula,4000,dummy_mean,0.78,1.48479
2729,group_reduced_formula,4000,dummy_mean,2.34,1.48479
2734,group_reduced_formula,4000,dummy_mean,1.36,1.48479
2740,group_reduced_formula,4000,dummy_mean,1.16,1.48479
2741,group_reduced_formula,4000,dummy_mean,0.9,1.48479
2748,group_reduced_formula,4000,dummy_mean,1.6,1.48479
2773,group_reduced_formula,4000,dummy_mean,1.56,1.48479
2775,group_reduced_formula,4000,dummy_mean,1.84,1.48479
2792,group_reduced_formula,4000,dummy_mean,2.1,1.48479
2797,group_reduced_formula,4000,dummy_mean,1.14,1.48479
2814,group_reduced_formula,4000,dummy_mean,1.42,1.48479
2829,group_reduced_formula,4000,dummy_mean,1.64,1.48479
2831,group_reduced_formula,4000,dummy_mean,0.88,1.48479
2835,group_reduced_formula,4000,dummy_mean,0.52,1.48479
2839,group_reduced_formula,4000,dummy_mean,0.92,1.48479
2841,group_reduced_formula,4000,dummy_mean,1.7,1.48479
2845,group_reduced_formula,4000,dummy_mean,2.2,1.48479
2861,group_reduced_formula,4000,dummy_mean,1.2,1.48479
2884,group_reduced_formula,4000,dummy_mean,3.54,1.48479
2887,group_reduced_formula,4000,dummy_mean,1.94,1.48479
2897,group_reduced_formula,4000,dummy_mean,1.82,1.48479
2909,group_reduced_formula,4000,dummy_mean,3.46,1.48479
2927,group_reduced_formula,4000,dummy_mean,1.14,1.48479
2933,group_reduced_formula,4000,dummy_mean,1.2,1.48479
2942,group_reduced_formula,4000,dummy_mean,2.16,1.48479
2943,group_reduced_formula,4000,dummy_mean,1.72,1.48479
2947,group_reduced_formula,4000,dummy_mean,0.44,1.48479
2952,group_reduced_formula,4000,dummy_mean,1.1,1.48479
2953,group_reduced_formula,4000,dummy_mean,1.48,1.48479
2959,group_reduced_formula,4000,dummy_mean,1.54,1.48479
2964,group_reduced_formula,4000,dummy_mean,1.68,1.48479
2968,group_reduced_formula,4000,dummy_mean,2.42,1.48479
2989,group_reduced_formula,4000,dummy_mean,0.92,1.48479
2996,group_reduced_formula,4000,dummy_mean,0.58,1.48479
3004,group_reduced_formula,4000,dummy_mean,0.26,1.48479
3021,group_reduced_formula,4000,dummy_mean,0.38,1.48479
3022,group_reduced_formula,4000,dummy_mean,1.26,1.48479
3041,group_reduced_formula,4000,dummy_mean,1.82,1.48479
3045,group_reduced_formula,4000,dummy_mean,2.86,1.48479
3054,group_reduced_formula,4000,dummy_mean,0.78,1.48479
3082,group_reduced_formula,4000,dummy_mean,1.46,1.48479
3093,group_reduced_formula,4000,dummy_mean,1.1,1.48479
3128,group_reduced_formula,4000,dummy_mean,1.34,1.48479
3149,group_reduced_formula,4000,dummy_mean,1.34,1.48479
3158,group_reduced_formula,4000,dummy_mean,1.52,1.48479
3164,group_reduced_formula,4000,dummy_mean,0.72,1.48479
3181,group_reduced_formula,4000,dummy_mean,0.68,1.48479
3184,group_reduced_formula,4000,dummy_mean,0.92,1.48479
3195,group_reduced_formula,4000,dummy_mean,0.98,1.48479
3220,group_reduced_formula,4000,dummy_mean,0.82,1.48479
3222,group_reduced_formula,4000,dummy_mean,0.84,1.48479
3223,group_reduced_formula,4000,dummy_mean,2.0,1.48479
3238,group_reduced_formula,4000,dummy_mean,1.54,1.48479
3244,group_reduced_formula,4000,dummy_mean,0.78,1.48479
3252,group_reduced_formula,4000,dummy_mean,1.24,1.48479
3258,group_reduced_formula,4000,dummy_mean,1.08,1.48479
3272,group_reduced_formula,4000,dummy_mean,2.32,1.48479
3275,group_reduced_formula,4000,dummy_mean,1.04,1.48479
3278,group_reduced_formula,4000,dummy_mean,3.68,1.48479
3281,group_reduced_formula,4000,dummy_mean,1.8,1.48479
3298,group_reduced_formula,4000,dummy_mean,0.42,1.48479
3324,group_reduced_formula,4000,dummy_mean,2.18,1.48479
3331,group_reduced_formula,4000,dummy_mean,2.7,1.48479
3350,group_reduced_formula,4000,dummy_mean,1.6,1.48479
3353,group_reduced_formula,4000,dummy_mean,0.34,1.48479
3373,group_reduced_formula,4000,dummy_mean,0.48,1.48479
3378,group_reduced_formula,4000,dummy_mean,2.84,1.48479
3381,group_reduced_formula,4000,dummy_mean,1.2,1.48479
3385,group_reduced_formula,4000,dummy_mean,0.94,1.48479
3389,group_reduced_formula,4000,dummy_mean,1.28,1.48479
3391,group_reduced_formula,4000,dummy_mean,0.56,1.48479
3404,group_reduced_formula,4000,dummy_mean,0.76,1.48479
3413,group_reduced_formula,4000,dummy_mean,0.56,1.48479
3417,group_reduced_formula,4000,dummy_mean,1.02,1.48479
3418,group_reduced_formula,4000,dummy_mean,0.86,1.48479
3429,group_reduced_formula,4000,dummy_mean,1.7,1.48479
3442,group_reduced_formula,4000,dummy_mean,0.94,1.48479
3451,group_reduced_formula,4000,dummy_mean,1.34,1.48479
3454,group_reduced_formula,4000,dummy_mean,0.98,1.48479
3461,group_reduced_formula,4000,dummy_mean,2.12,1.48479
3490,group_reduced_formula,4000,dummy_mean,0.48,1.48479
3491,group_reduced_formula,4000,dummy_mean,1.74,1.48479
3492,group_reduced_formula,4000,dummy_mean,0.6,1.48479
3493,group_reduced_formula,4000,dummy_mean,0.78,1.48479
3502,group_reduced_formula,4000,dummy_mean,1.6,1.48479
3504,group_reduced_formula,4000,dummy_mean,1.94,1.48479
3522,group_reduced_formula,4000,dummy_mean,3.58,1.48479
3530,group_reduced_formula,4000,dummy_mean,2.78,1.48479
3541,group_reduced_formula,4000,dummy_mean,2.28,1.48479
3558,group_reduced_formula,4000,dummy_mean,0.78,1.48479
3562,group_reduced_formula,4000,dummy_mean,1.38,1.48479
3569,group_reduced_formula,4000,dummy_mean,1.42,1.48479
3580,group_reduced_formula,4000,dummy_mean,1.74,1.48479
3581,group_reduced_formula,4000,dummy_mean,0.94,1.48479
3592,group_reduced_formula,4000,dummy_mean,1.46,1.48479
3614,group_reduced_formula,4000,dummy_mean,1.0,1.48479
3642,group_reduced_formula,4000,dummy_mean,0.96,1.48479
3679,group_reduced_formula,4000,dummy_mean,1.9,1.48479
3681,group_reduced_formula,4000,dummy_mean,1.34,1.48479
3690,group_reduced_formula,4000,dummy_mean,1.58,1.48479
3701,group_reduced_formula,4000,dummy_mean,1.18,1.48479
3712,group_reduced_formula,4000,dummy_mean,2.7,1.48479
3714,group_reduced_formula,4000,dummy_mean,3.48,1.48479
3738,group_reduced_formula,4000,dummy_mean,1.54,1.48479
3747,group_reduced_formula,4000,dummy_mean,1.4,1.48479
3749,group_reduced_formula,4000,dummy_mean,1.12,1.48479
3750,group_reduced_formula,4000,dummy_mean,2.88,1.48479
3759,group_reduced_formula,4000,dummy_mean,3.22,1.48479
3771,group_reduced_formula,4000,dummy_mean,1.06,1.48479
3778,group_reduced_formula,4000,dummy_mean,1.72,1.48479
3781,group_reduced_formula,4000,dummy_mean,1.28,1.48479
3784,group_reduced_formula,4000,dummy_mean,0.96,1.48479
3795,group_reduced_formula,4000,dummy_mean,1.06,1.48479
3799,group_reduced_formula,4000,dummy_mean,0.92,1.48479
3820,group_reduced_formula,4000,dummy_mean,1.2,1.48479
3830,group_reduced_formula,4000,dummy_mean,1.0,1.48479
3843,group_reduced_formula,4000,dummy_mean,1.96,1.48479
3845,group_reduced_formula,4000,dummy_mean,0.98,1.48479
3862,group_reduced_formula,4000,dummy_mean,1.88,1.48479
3885,group_reduced_formula,4000,dummy_mean,1.8,1.48479
3894,group_reduced_formula,4000,dummy_mean,0.4,1.48479
3895,group_reduced_formula,4000,dummy_mean,2.42,1.48479
3903,group_reduced_formula,4000,dummy_mean,1.86,1.48479
3912,group_reduced_formula,4000,dummy_mean,1.34,1.48479
3913,group_reduced_formula,4000,dummy_mean,3.3,1.48479
3949,group_reduced_formula,4000,dummy_mean,0.9,1.48479
3961,group_reduced_formula,4000,dummy_mean,-0.1,1.48479
4014,group_reduced_formula,4000,dummy_mean,1.5,1.48479
4016,group_reduced_formula,4000,dummy_mean,1.54,1.48479
4020,group_reduced_formula,4000,dummy_mean,1.42,1.48479
4032,group_reduced_formula,4000,dummy_mean,2.3,1.48479
4059,group_reduced_formula,4000,dummy_mean,2.62,1.48479
4078,group_reduced_formula,4000,dummy_mean,3.72,1.48479
4084,group_reduced_formula,4000,dummy_mean,0.36,1.48479
4113,group_reduced_formula,4000,dummy_mean,1.0,1.48479
4122,group_reduced_formula,4000,dummy_mean,2.68,1.48479
4125,group_reduced_formula,4000,dummy_mean,0.3,1.48479
4128,group_reduced_formula,4000,dummy_mean,1.46,1.48479
4134,group_reduced_formula,4000,dummy_mean,1.74,1.48479
4138,group_reduced_formula,4000,dummy_mean,1.8,1.48479
4144,group_reduced_formula,4000,dummy_mean,0.98,1.48479
4151,group_reduced_formula,4000,dummy_mean,0.78,1.48479
4159,group_reduced_formula,4000,dummy_mean,-0.32,1.48479
4163,group_reduced_formula,4000,dummy_mean,1.2,1.48479
4175,group_reduced_formula,4000,dummy_mean,1.82,1.48479
4192,group_reduced_formula,4000,dummy_mean,0.42,1.48479
4194,group_reduced_formula,4000,dummy_mean,2.86,1.48479
4231,group_reduced_formula,4000,dummy_mean,1.2,1.48479
4232,group_reduced_formula,4000,dummy_mean,0.56,1.48479
4233,group_reduced_formula,4000,dummy_mean,1.0,1.48479
4235,group_reduced_formula,4000,dummy_mean,2.8,1.48479
4236,group_reduced_formula,4000,dummy_mean,1.58,1.48479
4244,group_reduced_formula,4000,dummy_mean,0.24,1.48479
4246,group_reduced_formula,4000,dummy_mean,1.34,1.48479
4248,group_reduced_formula,4000,dummy_mean,0.92,1.48479
4257,group_reduced_formula,4000,dummy_mean,1.34,1.48479
4258,group_reduced_formula,4000,dummy_mean,1.08,1.48479
4307,group_reduced_formula,4000,dummy_mean,1.98,1.48479
4312,group_reduced_formula,4000,dummy_mean,1.52,1.48479
4317,group_reduced_formula,4000,dummy_mean,1.82,1.48479
4343,group_reduced_formula,4000,dummy_mean,1.42,1.48479
4355,group_reduced_formula,4000,dummy_mean,1.88,1.48479
4358,group_reduced_formula,4000,dummy_mean,0.66,1.48479
4365,group_reduced_formula,4000,dummy_mean,1.5,1.48479
4366,group_reduced_formula,4000,dummy_mean,0.86,1.48479
4367,group_reduced_formula,4000,dummy_mean,0.76,1.48479
4368,group_reduced_formula,4000,dummy_mean,2.72,1.48479
4385,group_reduced_formula,4000,dummy_mean,1.14,1.48479
4386,group_reduced_formula,4000,dummy_mean,2.98,1.48479
4389,group_reduced_formula,4000,dummy_mean,1.74,1.48479
4398,group_reduced_formula,4000,dummy_mean,2.88,1.48479
4401,group_reduced_formula,4000,dummy_mean,1.0,1.48479
4418,group_reduced_formula,4000,dummy_mean,0.62,1.48479
4422,group_reduced_formula,4000,dummy_mean,2.32,1.48479
4487,group_reduced_formula,4000,dummy_mean,0.66,1.48479
4490,group_reduced_formula,4000,dummy_mean,1.5,1.48479
4500,group_reduced_formula,4000,dummy_mean,1.58,1.48479
4502,group_reduced_formula,4000,dummy_mean,2.4,1.48479
4512,group_reduced_formula,4000,dummy_mean,1.34,1.48479
4522,group_reduced_formula,4000,dummy_mean,1.38,1.48479
4534,group_reduced_formula,4000,dummy_mean,1.2,1.48479
4539,group_reduced_formula,4000,dummy_mean,1.12,1.48479
4545,group_reduced_formula,4000,dummy_mean,0.8,1.48479
4556,group_reduced_formula,4000,dummy_mean,0.9,1.48479
4558,group_reduced_formula,4000,dummy_mean,1.16,1.48479
4576,group_reduced_formula,4000,dummy_mean,1.84,1.48479
4583,group_reduced_formula,4000,dummy_mean,0.8,1.48479
4594,group_reduced_formula,4000,dummy_mean,0.36,1.48479
4599,group_reduced_formula,4000,dummy_mean,1.68,1.48479
4641,group_reduced_formula,4000,dummy_mean,0.82,1.48479
4674,group_reduced_formula,4000,dummy_mean,0.94,1.48479
4687,group_reduced_formula,4000,dummy_mean,0.96,1.48479
4702,group_reduced_formula,4000,dummy_mean,1.12,1.48479
4717,group_reduced_formula,4000,dummy_mean,1.72,1.48479
4725,group_reduced_formula,4000,dummy_mean,1.54,1.48479
4749,group_reduced_formula,4000,dummy_mean,1.44,1.48479
4753,group_reduced_formula,4000,dummy_mean,1.2,1.48479
4757,group_reduced_formula,4000,dummy_mean,0.86,1.48479
4760,group_reduced_formula,4000,dummy_mean,0.42,1.48479
4767,group_reduced_formula,4000,dummy_mean,1.8,1.48479
4781,group_reduced_formula,4000,dummy_mean,0.86,1.48479
4786,group_reduced_formula,4000,dummy_mean,0.14,1.48479
4788,group_reduced_formula,4000,dummy_mean,1.64,1.48479
4794,group_reduced_formula,4000,dummy_mean,3.18,1.48479
4839,group_reduced_formula,4000,dummy_mean,1.8,1.48479
4853,group_reduced_formula,4000,dummy_mean,0.2,1.48479
4881,group_reduced_formula,4000,dummy_mean,0.44,1.48479
4886,group_reduced_formula,4000,dummy_mean,0.68,1.48479
4903,group_reduced_formula,4000,dummy_mean,1.58,1.48479
4904,group_reduced_formula,4000,dummy_mean,2.12,1.48479
4905,group_reduced_formula,4000,dummy_mean,0.04,1.48479
4910,group_reduced_formula,4000,dummy_mean,0.64,1.48479
4913,group_reduced_formula,4000,dummy_mean,2.0,1.48479
4922,group_reduced_formula,4000,dummy_mean,1.56,1.48479
4927,group_reduced_formula,4000,dummy_mean,2.88,1.48479
4937,group_reduced_formula,4000,dummy_mean,1.7,1.48479
4951,group_reduced_formula,4000,dummy_mean,1.72,1.48479
4957,group_reduced_formula,4000,dummy_mean,1.72,1.48479
4965,group_reduced_formula,4000,dummy_mean,1.22,1.48479
4978,group_reduced_formula,4000,dummy_mean,1.82,1.48479
4985,group_reduced_formula,4000,dummy_mean,1.92,1.48479
5006,group_reduced_formula,4000,dummy_mean,2.48,1.48479
5024,group_reduced_formula,4000,dummy_mean,3.56,1.48479
5032,group_reduced_formula,4000,dummy_mean,2.68,1.48479
5035,group_reduced_formula,4000,dummy_mean,1.18,1.48479
5039,group_reduced_formula,4000,dummy_mean,1.62,1.48479
5041,group_reduced_formula,4000,dummy_mean,1.8,1.48479
5044,group_reduced_formula,4000,dummy_mean,1.08,1.48479
5047,group_reduced_formula,4000,dummy_mean,0.78,1.48479
5051,group_reduced_formula,4000,dummy_mean,1.88,1.48479
5059,group_reduced_formula,4000,dummy_mean,0.94,1.48479
5061,group_reduced_formula,4000,dummy_mean,0.76,1.48479
5076,group_reduced_formula,4000,dummy_mean,0.7,1.48479
5078,group_reduced_formula,4000,dummy_mean,0.82,1.48479
5082,group_reduced_formula,4000,dummy_mean,2.1,1.48479
5084,group_reduced_formula,4000,dummy_mean,1.78,1.48479
5086,group_reduced_formula,4000,dummy_mean,0.72,1.48479
5103,group_reduced_formula,4000,dummy_mean,2.5,1.48479
5110,group_reduced_formula,4000,dummy_mean,0.94,1.48479
5116,group_reduced_formula,4000,dummy_mean,0.16,1.48479
5122,group_reduced_formula,4000,dummy_mean,0.74,1.48479
5133,group_reduced_formula,4000,dummy_mean,3.42,1.48479
5137,group_reduced_formula,4000,dummy_mean,-0.16,1.48479
5144,group_reduced_formula,4000,dummy_mean,0.54,1.48479
5152,group_reduced_formula,4000,dummy_mean,2.76,1.48479
5157,group_reduced_formula,4000,dummy_mean,1.86,1.48479
5166,group_reduced_formula,4000,dummy_mean,0.96,1.48479
5168,group_reduced_formula,4000,dummy_mean,1.14,1.48479
5175,group_reduced_formula,4000,dummy_mean,1.96,1.48479
5192,group_reduced_formula,4000,dummy_mean,1.32,1.48479
5195,group_reduced_formula,4000,dummy_mean,1.76,1.48479
5201,group_reduced_formula,4000,dummy_mean,0.62,1.48479
5211,group_reduced_formula,4000,dummy_mean,1.3,1.48479
5230,group_reduced_formula,4000,dummy_mean,1.06,1.48479
5232,group_reduced_formula,4000,dummy_mean,1.36,1.48479
5233,group_reduced_formula,4000,dummy_mean,0.96,1.48479
5239,group_reduced_formula,4000,dummy_mean,1.92,1.48479
5243,group_reduced_formula,4000,dummy_mean,1.24,1.48479
5244,group_reduced_formula,4000,dummy_mean,1.36,1.48479
5257,group_reduced_formula,4000,dummy_mean,2.24,1.48479
5273,group_reduced_formula,4000,dummy_mean,1.66,1.48479
5281,group_reduced_formula,4000,dummy_mean,1.9,1.48479
5286,group_reduced_formula,4000,dummy_mean,1.14,1.48479
5289,group_reduced_formula,4000,dummy_mean,2.08,1.48479
5294,group_reduced_formula,4000,dummy_mean,0.52,1.48479
5298,group_reduced_formula,4000,dummy_mean,1.5,1.48479
5308,group_reduced_formula,4000,dummy_mean,1.98,1.48479
5321,group_reduced_formula,4000,dummy_mean,1.02,1.48479
5326,group_reduced_formula,4000,dummy_mean,1.2,1.48479
5341,group_reduced_formula,4000,dummy_mean,0.9,1.48479
5350,group_reduced_formula,4000,dummy_mean,0.42,1.48479
5364,group_reduced_formula,4000,dummy_mean,3.34,1.48479
5384,group_reduced_formula,4000,dummy_mean,1.52,1.48479
5412,group_reduced_formula,4000,dummy_mean,0.72,1.48479
5430,group_reduced_formula,4000,dummy_mean,1.44,1.48479
5446,group_reduced_formula,4000,dummy_mean,1.32,1.48479
5448,group_reduced_formula,4000,dummy_mean,0.74,1.48479
5454,group_reduced_formula,4000,dummy_mean,2.28,1.48479
5456,group_reduced_formula,4000,dummy_mean,1.26,1.48479
5496,group_reduced_formula,4000,dummy_mean,0.5,1.48479
5507,group_reduced_formula,4000,dummy_mean,1.82,1.48479
5517,group_reduced_formula,4000,dummy_mean,1.18,1.48479
5518,group_reduced_formula,4000,dummy_mean,3.3,1.48479
5545,group_reduced_formula,4000,dummy_mean,0.84,1.48479
5548,group_reduced_formula,4000,dummy_mean,2.1,1.48479
5557,group_reduced_formula,4000,dummy_mean,0.9,1.48479
5587,group_reduced_formula,4000,dummy_mean,2.66,1.48479
5598,group_reduced_formula,4000,dummy_mean,3.92,1.48479
5600,group_reduced_formula,4000,dummy_mean,2.38,1.48479
5606,group_reduced_formula,4000,dummy_mean,1.66,1.48479
5608,group_reduced_formula,4000,dummy_mean,2.1,1.48479
5615,group_reduced_formula,4000,dummy_mean,1.02,1.48479
5632,group_reduced_formula,4000,dummy_mean,1.96,1.48479
5638,group_reduced_formula,4000,dummy_mean,1.82,1.48479
5652,group_reduced_formula,4000,dummy_mean,1.3,1.48479
5653,group_reduced_formula,4000,dummy_mean,1.8,1.48479
5677,group_reduced_formula,4000,dummy_mean,1.38,1.48479
5691,group_reduced_formula,4000,dummy_mean,0.94,1.48479
5693,group_reduced_formula,4000,dummy_mean,0.42,1.48479
5695,group_reduced_formula,4000,dummy_mean,0.32,1.48479
5717,group_reduced_formula,4000,dummy_mean,0.8,1.48479
5720,group_reduced_formula,4000,dummy_mean,1.86,1.48479
5724,group_reduced_formula,4000,dummy_mean,1.28,1.48479
5728,group_reduced_formula,4000,dummy_mean,1.08,1.48479
5738,group_reduced_formula,4000,dummy_mean,0.34,1.48479
5757,group_reduced_formula,4000,dummy_mean,1.38,1.48479
5760,group_reduced_formula,4000,dummy_mean,1.98,1.48479
5773,group_reduced_formula,4000,dummy_mean,1.9,1.48479
5788,group_reduced_formula,4000,dummy_mean,1.86,1.48479
5792,group_reduced_formula,4000,dummy_mean,1.88,1.48479
5813,group_reduced_formula,4000,dummy_mean,1.4,1.48479
5867,group_reduced_formula,4000,dummy_mean,1.88,1.48479
5868,group_reduced_formula,4000,dummy_mean,2.3,1.48479
5881,group_reduced_formula,4000,dummy_mean,1.32,1.48479
5887,group_reduced_formula,4000,dummy_mean,1.88,1.48479
5895,group_reduced_formula,4000,dummy_mean,0.96,1.48479
5904,group_reduced_formula,4000,dummy_mean,2.34,1.48479
5910,group_reduced_formula,4000,dummy_mean,0.3,1.48479
5913,group_reduced_formula,4000,dummy_mean,1.16,1.48479
5915,group_reduced_formula,4000,dummy_mean,0.64,1.48479
5944,group_reduced_formula,4000,dummy_mean,1.8,1.48479
5947,group_reduced_formula,4000,dummy_mean,0.62,1.48479
5957,group_reduced_formula,4000,dummy_mean,1.92,1.48479
5973,group_reduced_formula,4000,dummy_mean,1.44,1.48479
5977,group_reduced_formula,4000,dummy_mean,0.72,1.48479
5988,group_reduced_formula,4000,dummy_mean,1.1,1.48479
5991,group_reduced_formula,4000,dummy_mean,1.16,1.48479
5995,group_reduced_formula,4000,dummy_mean,1.52,1.48479
6002,group_reduced_formula,4000,dummy_mean,0.68,1.48479
6006,group_reduced_formula,4000,dummy_mean,1.14,1.48479
6014,group_reduced_formula,4000,dummy_mean,0.98,1.48479
6023,group_reduced_formula,4000,dummy_mean,1.18,1.48479
6062,group_reduced_formula,4000,dummy_mean,1.96,1.48479
6063,group_reduced_formula,4000,dummy_mean,1.32,1.48479
6088,group_reduced_formula,4000,dummy_mean,2.24,1.48479
6090,group_reduced_formula,4000,dummy_mean,1.14,1.48479
6095,group_reduced_formula,4000,dummy_mean,1.06,1.48479
6097,group_reduced_formula,4000,dummy_mean,0.76,1.48479
6105,group_reduced_formula,4000,dummy_mean,1.6,1.48479
6112,group_reduced_formula,4000,dummy_mean,4.86,1.48479
6115,group_reduced_formula,4000,dummy_mean,2.04,1.48479
6120,group_reduced_formula,4000,dummy_mean,1.02,1.48479
6131,group_reduced_formula,4000,dummy_mean,0.48,1.48479
6132,group_reduced_formula,4000,dummy_mean,1.46,1.48479
6135,group_reduced_formula,4000,dummy_mean,1.48,1.48479
6142,group_reduced_formula,4000,dummy_mean,0.68,1.48479
6164,group_reduced_formula,4000,dummy_mean,1.12,1.48479
6171,group_reduced_formula,4000,dummy_mean,1.38,1.48479
6175,group_reduced_formula,4000,dummy_mean,1.78,1.48479
6183,group_reduced_formula,4000,dummy_mean,1.66,1.48479
6197,group_reduced_formula,4000,dummy_mean,0.88,1.48479
6203,group_reduced_formula,4000,dummy_mean,0.98,1.48479
6205,group_reduced_formula,4000,dummy_mean,1.0,1.48479
6221,group_reduced_formula,4000,dummy_mean,0.32,1.48479
6235,group_reduced_formula,4000,dummy_mean,1.1,1.48479
6238,group_reduced_formula,4000,dummy_mean,1.62,1.48479
6255,group_reduced_formula,4000,dummy_mean,0.98,1.48479
6289,group_reduced_formula,4000,dummy_mean,1.56,1.48479
6322,group_reduced_formula,4000,dummy_mean,0.38,1.48479
6331,group_reduced_formula,4000,dummy_mean,0.88,1.48479
6345,group_reduced_formula,4000,dummy_mean,0.6,1.48479
6350,group_reduced_formula,4000,dummy_mean,1.76,1.48479
6369,group_reduced_formula,4000,dummy_mean,0.48,1.48479
6385,group_reduced_formula,4000,dummy_mean,0.9,1.48479
6388,group_reduced_formula,4000,dummy_mean,1.62,1.48479
6399,group_reduced_formula,4000,dummy_mean,1.0,1.48479
6439,group_reduced_formula,4000,dummy_mean,1.7,1.48479
6440,group_reduced_formula,4000,dummy_mean,1.5,1.48479
6445,group_reduced_formula,4000,dummy_mean,1.32,1.48479
6455,group_reduced_formula,4000,dummy_mean,1.0,1.48479
6465,group_reduced_formula,4000,dummy_mean,1.56,1.48479
6472,group_reduced_formula,4000,dummy_mean,0.62,1.48479
6476,group_reduced_formula,4000,dummy_mean,1.72,1.48479
6483,group_reduced_formula,4000,dummy_mean,1.58,1.48479
6487,group_reduced_formula,4000,dummy_mean,1.82,1.48479
6492,group_reduced_formula,4000,dummy_mean,0.86,1.48479
6494,group_reduced_formula,4000,dummy_mean,1.14,1.48479
6499,group_reduced_formula,4000,dummy_mean,0.86,1.48479
6500,group_reduced_formula,4000,dummy_mean,1.22,1.48479
6501,group_reduced_formula,4000,dummy_mean,1.32,1.48479
6524,group_reduced_formula,4000,dummy_mean,1.56,1.48479
6530,group_reduced_formula,4000,dummy_mean,0.5,1.48479
6544,group_reduced_formula,4000,dummy_mean,2.26,1.48479
6545,group_reduced_formula,4000,dummy_mean,2.8,1.48479
6553,group_reduced_formula,4000,dummy_mean,1.44,1.48479
6584,group_reduced_formula,4000,dummy_mean,2.84,1.48479
6601,group_reduced_formula,4000,dummy_mean,0.86,1.48479
6609,group_reduced_formula,4000,dummy_mean,1.1,1.48479
6613,group_reduced_formula,4000,dummy_mean,2.9,1.48479
6644,group_reduced_formula,4000,dummy_mean,1.14,1.48479
6645,group_reduced_formula,4000,dummy_mean,0.6,1.48479
6647,group_reduced_formula,4000,dummy_mean,1.48,1.48479
6654,group_reduced_formula,4000,dummy_mean,3.32,1.48479
6655,group_reduced_formula,4000,dummy_mean,0.66,1.48479
6660,group_reduced_formula,4000,dummy_mean,0.54,1.48479
6690,group_reduced_formula,4000,dummy_mean,1.24,1.48479
6692,group_reduced_formula,4000,dummy_mean,0.94,1.48479
6695,group_reduced_formula,4000,dummy_mean,1.18,1.48479
6710,group_reduced_formula,4000,dummy_mean,1.34,1.48479
6713,group_reduced_formula,4000,dummy_mean,3.08,1.48479
6725,group_reduced_formula,4000,dummy_mean,2.56,1.48479
6726,group_reduced_formula,4000,dummy_mean,1.04,1.48479
6740,group_reduced_formula,4000,dummy_mean,0.96,1.48479
6755,group_reduced_formula,4000,dummy_mean,0.72,1.48479
6758,group_reduced_formula,4000,dummy_mean,1.48,1.48479
6783,group_reduced_formula,4000,dummy_mean,1.16,1.48479
6796,group_reduced_formula,4000,dummy_mean,0.88,1.48479
6812,group_reduced_formula,4000,dummy_mean,1.04,1.48479
6817,group_reduced_formula,4000,dummy_mean,1.32,1.48479
6822,group_reduced_formula,4000,dummy_mean,1.7,1.48479
6836,group_reduced_formula,4000,dummy_mean,0.36,1.48479
6839,group_reduced_formula,4000,dummy_mean,0.78,1.48479
6845,group_reduced_formula,4000,dummy_mean,2.48,1.48479
6848,group_reduced_formula,4000,dummy_mean,-0.14,1.48479
6854,group_reduced_formula,4000,dummy_mean,2.4,1.48479
6870,group_reduced_formula,4000,dummy_mean,0.84,1.48479
6875,group_reduced_formula,4000,dummy_mean,1.74,1.48479
6881,group_reduced_formula,4000,dummy_mean,3.28,1.48479
6887,group_reduced_formula,4000,dummy_mean,0.88,1.48479
6893,group_reduced_formula,4000,dummy_mean,0.66,1.48479
6914,group_reduced_formula,4000,dummy_mean,2.58,1.48479
6917,group_reduced_formula,4000,dummy_mean,2.0,1.48479
6934,group_reduced_formula,4000,dummy_mean,1.1,1.48479
6961,group_reduced_formula,4000,dummy_mean,-0.14,1.48479
6970,group_reduced_formula,4000,dummy_mean,1.76,1.48479
6987,group_reduced_formula,4000,dummy_mean,1.22,1.48479
7012,group_reduced_formula,4000,dummy_mean,1.72,1.48479
7015,group_reduced_formula,4000,dummy_mean,0.2,1.48479
7038,group_reduced_formula,4000,dummy_mean,1.3,1.48479
7043,group_reduced_formula,4000,dummy_mean,0.94,1.48479
7050,group_reduced_formula,4000,dummy_mean,1.48,1.48479
7059,group_reduced_formula,4000,dummy_mean,1.84,1.48479
7082,group_reduced_formula,4000,dummy_mean,0.66,1.48479
7138,group_reduced_formula,4000,dummy_mean,1.74,1.48479
7155,group_reduced_formula,4000,dummy_mean,2.4,1.48479
7161,group_reduced_formula,4000,dummy_mean,2.06,1.48479
7171,group_reduced_formula,4000,dummy_mean,0.64,1.48479
7180,group_reduced_formula,4000,dummy_mean,1.48,1.48479
7181,group_reduced_formula,4000,dummy_mean,1.36,1.48479
7182,group_reduced_formula,4000,dummy_mean,2.38,1.48479
7183,group_reduced_formula,4000,dummy_mean,0.58,1.48479
7194,group_reduced_formula,4000,dummy_mean,1.44,1.48479
7203,group_reduced_formula,4000,dummy_mean,1.48,1.48479
7204,group_reduced_formula,4000,dummy_mean,1.36,1.48479
7213,group_reduced_formula,4000,dummy_mean,0.76,1.48479
7217,group_reduced_formula,4000,dummy_mean,0.4,1.48479
7218,group_reduced_formula,4000,dummy_mean,0.78,1.48479
7223,group_reduced_formula,4000,dummy_mean,0.96,1.48479
7229,group_reduced_formula,4000,dummy_mean,0.7,1.48479
7240,group_reduced_formula,4000,dummy_mean,0.64,1.48479
7261,group_reduced_formula,4000,dummy_mean,1.62,1.48479
7264,group_reduced_formula,4000,dummy_mean,1.7,1.48479
7275,group_reduced_formula,4000,dummy_mean,1.5,1.48479
7279,group_reduced_formula,4000,dummy_mean,1.02,1.48479
7280,group_reduced_formula,4000,dummy_mean,0.84,1.48479
7299,group_reduced_formula,4000,dummy_mean,2.68,1.48479
7302,group_reduced_formula,4000,dummy_mean,1.98,1.48479
7317,group_reduced_formula,4000,dummy_mean,1.44,1.48479
7324,group_reduced_formula,4000,dummy_mean,0.54,1.48479
7339,group_reduced_formula,4000,dummy_mean,1.52,1.48479
7350,group_reduced_formula,4000,dummy_mean,2.06,1.48479
7364,group_reduced_formula,4000,dummy_mean,0.18,1.48479
7373,group_reduced_formula,4000,dummy_mean,3.24,1.48479
7384,group_reduced_formula,4000,dummy_mean,1.66,1.48479
7386,group_reduced_formula,4000,dummy_mean,0.3,1.48479
7403,group_reduced_formula,4000,dummy_mean,0.98,1.48479
7414,group_reduced_formula,4000,dummy_mean,1.9,1.48479
7420,group_reduced_formula,4000,dummy_mean,1.74,1.48479
7424,group_reduced_formula,4000,dummy_mean,0.1,1.48479
7433,group_reduced_formula,4000,dummy_mean,3.6,1.48479
7434,group_reduced_formula,4000,dummy_mean,1.22,1.48479
7439,group_reduced_formula,4000,dummy_mean,1.04,1.48479
7442,group_reduced_formula,4000,dummy_mean,1.68,1.48479
7448,group_reduced_formula,4000,dummy_mean,1.66,1.48479
7456,group_reduced_formula,4000,dummy_mean,1.86,1.48479
7459,group_reduced_formula,4000,dummy_mean,0.56,1.48479
7474,group_reduced_formula,4000,dummy_mean,1.1,1.48479
7479,group_reduced_formula,4000,dummy_mean,0.18,1.48479
7486,group_reduced_formula,4000,dummy_mean,1.04,1.48479
7509,group_reduced_formula,4000,dummy_mean,1.08,1.48479
7510,group_reduced_formula,4000,dummy_mean,2.74,1.48479
7520,group_reduced_formula,4000,dummy_mean,2.36,1.48479
7523,group_reduced_formula,4000,dummy_mean,1.74,1.48479
7529,group_reduced_formula,4000,dummy_mean,2.02,1.48479
7534,group_reduced_formula,4000,dummy_mean,1.98,1.48479
7542,group_reduced_formula,4000,dummy_mean,1.04,1.48479
7545,group_reduced_formula,4000,dummy_mean,1.4,1.48479
7547,group_reduced_formula,4000,dummy_mean,1.52,1.48479
7570,group_reduced_formula,4000,dummy_mean,0.34,1.48479
7571,group_reduced_formula,4000,dummy_mean,1.44,1.48479
7575,group_reduced_formula,4000,dummy_mean,1.78,1.48479
7586,group_reduced_formula,4000,dummy_mean,1.4,1.48479
7589,group_reduced_formula,4000,dummy_mean,1.28,1.48479
7591,group_reduced_formula,4000,dummy_mean,1.54,1.48479
7605,group_reduced_formula,4000,dummy_mean,2.82,1.48479
7619,group_reduced_formula,4000,dummy_mean,2.9,1.48479
7632,group_reduced_formula,4000,dummy_mean,1.36,1.48479
7639,group_reduced_formula,4000,dummy_mean,0.64,1.48479
7653,group_reduced_formula,4000,dummy_mean,2.7,1.48479
7659,group_reduced_formula,4000,dummy_mean,1.38,1.48479
7666,group_reduced_formula,4000,dummy_mean,1.14,1.48479
7673,group_reduced_formula,4000,dummy_mean,2.14,1.48479
7680,group_reduced_formula,4000,dummy_mean,0.98,1.48479
7686,group_reduced_formula,4000,dummy_mean,1.24,1.48479
7687,group_reduced_formula,4000,dummy_mean,1.64,1.48479
7694,group_reduced_formula,4000,dummy_mean,2.56,1.48479
7696,group_reduced_formula,4000,dummy_mean,0.86,1.48479
7708,group_reduced_formula,4000,dummy_mean,2.58,1.48479
7723,group_reduced_formula,4000,dummy_mean,1.0,1.48479
7732,group_reduced_formula,4000,dummy_mean,0.68,1.48479
7739,group_reduced_formula,4000,dummy_mean,0.84,1.48479
7742,group_reduced_formula,4000,dummy_mean,1.26,1.48479
7748,group_reduced_formula,4000,dummy_mean,2.58,1.48479
7753,group_reduced_formula,4000,dummy_mean,2.08,1.48479
7791,group_reduced_formula,4000,dummy_mean,1.58,1.48479
7813,group_reduced_formula,4000,dummy_mean,1.82,1.48479
7836,group_reduced_formula,4000,dummy_mean,1.18,1.48479
7850,group_reduced_formula,4000,dummy_mean,1.72,1.48479
7856,group_reduced_formula,4000,dummy_mean,0.86,1.48479
7883,group_reduced_formula,4000,dummy_mean,1.04,1.48479
7887,group_reduced_formula,4000,dummy_mean,3.46,1.48479
7892,group_reduced_formula,4000,dummy_mean,1.44,1.48479
7894,group_reduced_formula,4000,dummy_mean,2.84,1.48479
7899,group_reduced_formula,4000,dummy_mean,1.0,1.48479
7914,group_reduced_formula,4000,dummy_mean,1.8,1.48479
7928,group_reduced_formula,4000,dummy_mean,0.84,1.48479
7930,group_reduced_formula,4000,dummy_mean,0.5,1.48479
7952,group_reduced_formula,4000,dummy_mean,2.28,1.48479
7962,group_reduced_formula,4000,dummy_mean,1.0,1.48479
7963,group_reduced_formula,4000,dummy_mean,1.24,1.48479
7969,group_reduced_formula,4000,dummy_mean,1.14,1.48479
7972,group_reduced_formula,4000,dummy_mean,1.52,1.48479
7987,group_reduced_formula,4000,dummy_mean,1.38,1.48479
8004,group_reduced_formula,4000,dummy_mean,2.64,1.48479
8035,group_reduced_formula,4000,dummy_mean,1.54,1.48479
8040,group_reduced_formula,4000,dummy_mean,2.12,1.48479
8042,group_reduced_formula,4000,dummy_mean,1.54,1.48479
8047,group_reduced_formula,4000,dummy_mean,1.02,1.48479
8055,group_reduced_formula,4000,dummy_mean,1.36,1.48479
8059,group_reduced_formula,4000,dummy_mean,1.92,1.48479
8092,group_reduced_formula,4000,dummy_mean,1.34,1.48479
8104,group_reduced_formula,4000,dummy_mean,1.06,1.48479
8105,group_reduced_formula,4000,dummy_mean,1.24,1.48479
8106,group_reduced_formula,4000,dummy_mean,1.62,1.48479
8125,group_reduced_formula,4000,dummy_mean,2.46,1.48479
8127,group_reduced_formula,4000,dummy_mean,1.8,1.48479
8130,group_reduced_formula,4000,dummy_mean,2.24,1.48479
8151,group_reduced_formula,4000,dummy_mean,0.84,1.48479
8159,group_reduced_formula,4000,dummy_mean,1.46,1.48479
8166,group_reduced_formula,4000,dummy_mean,1.1,1.48479
8170,group_reduced_formula,4000,dummy_mean,1.0,1.48479
8175,group_reduced_formula,4000,dummy_mean,0.48,1.48479
8190,group_reduced_formula,4000,dummy_mean,1.5,1.48479
8194,group_reduced_formula,4000,dummy_mean,1.56,1.48479
8203,group_reduced_formula,4000,dummy_mean,0.94,1.48479
8205,group_reduced_formula,4000,dummy_mean,3.4,1.48479
8264,group_reduced_formula,4000,dummy_mean,1.36,1.48479
8272,group_reduced_formula,4000,dummy_mean,2.0,1.48479
8274,group_reduced_formula,4000,dummy_mean,1.14,1.48479
8276,group_reduced_formula,4000,dummy_mean,0.86,1.48479
8277,group_reduced_formula,4000,dummy_mean,0.82,1.48479
8298,group_reduced_formula,4000,dummy_mean,1.62,1.48479
8303,group_reduced_formula,4000,dummy_mean,2.88,1.48479
8312,group_reduced_formula,4000,dummy_mean,0.5,1.48479
8315,group_reduced_formula,4000,dummy_mean,1.86,1.48479
8330,group_reduced_formula,4000,dummy_mean,1.54,1.48479
8345,group_reduced_formula,4000,dummy_mean,0.52,1.48479
8389,group_reduced_formula,4000,dummy_mean,1.8,1.48479
8390,group_reduced_formula,4000,dummy_mean,1.18,1.48479
8399,group_reduced_formula,4000,dummy_mean,1.86,1.48479
8404,group_reduced_formula,4000,dummy_mean,0.8,1.48479
8413,group_reduced_formula,4000,dummy_mean,1.52,1.48479
8423,group_reduced_formula,4000,dummy_mean,0.74,1.48479
8429,group_reduced_formula,4000,dummy_mean,0.9,1.48479
8430,group_reduced_formula,4000,dummy_mean,0.46,1.48479
8435,group_reduced_formula,4000,dummy_mean,0.88,1.48479
8439,group_reduced_formula,4000,dummy_mean,1.3,1.48479
8451,group_reduced_formula,4000,dummy_mean,1.66,1.48479
8459,group_reduced_formula,4000,dummy_mean,1.14,1.48479
8464,group_reduced_formula,4000,dummy_mean,2.94,1.48479
8483,group_reduced_formula,4000,dummy_mean,0.68,1.48479
8487,group_reduced_formula,4000,dummy_mean,0.52,1.48479
8489,group_reduced_formula,4000,dummy_mean,1.22,1.48479
8499,group_reduced_formula,4000,dummy_mean,2.52,1.48479
8529,group_reduced_formula,4000,dummy_mean,1.84,1.48479
8538,group_reduced_formula,4000,dummy_mean,1.38,1.48479
8574,group_reduced_formula,4000,dummy_mean,1.54,1.48479
8575,group_reduced_formula,4000,dummy_mean,1.94,1.48479
8578,group_reduced_formula,4000,dummy_mean,2.84,1.48479
8602,group_reduced_formula,4000,dummy_mean,1.5,1.48479
8605,group_reduced_formula,4000,dummy_mean,0.74,1.48479
8630,group_reduced_formula,4000,dummy_mean,2.24,1.48479
8640,group_reduced_formula,4000,dummy_mean,0.38,1.48479
8656,group_reduced_formula,4000,dummy_mean,1.94,1.48479
8659,group_reduced_formula,4000,dummy_mean,1.78,1.48479
8684,group_reduced_formula,4000,dummy_mean,2.46,1.48479
8686,group_reduced_formula,4000,dummy_mean,2.76,1.48479
8691,group_reduced_formula,4000,dummy_mean,1.18,1.48479
8712,group_reduced_formula,4000,dummy_mean,1.32,1.48479
8726,group_reduced_formula,4000,dummy_mean,0.76,1.48479
8741,group_reduced_formula,4000,dummy_mean,1.38,1.48479
8754,group_reduced_formula,4000,dummy_mean,1.22,1.48479
8757,group_reduced_formula,4000,dummy_mean,0.9,1.48479
8758,group_reduced_formula,4000,dummy_mean,1.88,1.48479
8766,group_reduced_formula,4000,dummy_mean,1.6,1.48479
8793,group_reduced_formula,4000,dummy_mean,1.26,1.48479
8798,group_reduced_formula,4000,dummy_mean,1.44,1.48479
8804,group_reduced_formula,4000,dummy_mean,1.86,1.48479
8808,group_reduced_formula,4000,dummy_mean,1.82,1.48479
8852,group_reduced_formula,4000,dummy_mean,1.24,1.48479
8859,group_reduced_formula,4000,dummy_mean,1.54,1.48479
8869,group_reduced_formula,4000,dummy_mean,1.08,1.48479
8871,group_reduced_formula,4000,dummy_mean,2.02,1.48479
8879,group_reduced_formula,4000,dummy_mean,1.32,1.48479
8886,group_reduced_formula,4000,dummy_mean,1.04,1.48479
8891,group_reduced_formula,4000,dummy_mean,0.9,1.48479
8902,group_reduced_formula,4000,dummy_mean,0.98,1.48479
8905,group_reduced_formula,4000,dummy_mean,1.18,1.48479
8910,group_reduced_formula,4000,dummy_mean,1.52,1.48479
8911,group_reduced_formula,4000,dummy_mean,1.56,1.48479
8917,group_reduced_formula,4000,dummy_mean,2.64,1.48479
8943,group_reduced_formula,4000,dummy_mean,0.36,1.48479
8947,group_reduced_formula,4000,dummy_mean,0.86,1.48479
8952,group_reduced_formula,4000,dummy_mean,1.4,1.48479
8956,group_reduced_formula,4000,dummy_mean,1.18,1.48479
8978,group_reduced_formula,4000,dummy_mean,0.74,1.48479
8995,group_reduced_formula,4000,dummy_mean,1.06,1.48479
8996,group_reduced_formula,4000,dummy_mean,1.86,1.48479
9005,group_reduced_formula,4000,dummy_mean,1.58,1.48479
9008,group_reduced_formula,4000,dummy_mean,1.7,1.48479
9022,group_reduced_formula,4000,dummy_mean,2.62,1.48479
9033,group_reduced_formula,4000,dummy_mean,0.46,1.48479
9043,group_reduced_formula,4000,dummy_mean,2.74,1.48479
9049,group_reduced_formula,4000,dummy_mean,0.78,1.48479
9053,group_reduced_formula,4000,dummy_mean,1.22,1.48479
9062,group_reduced_formula,4000,dummy_mean,1.14,1.48479
9088,group_reduced_formula,4000,dummy_mean,1.6,1.48479
9096,group_reduced_formula,4000,dummy_mean,1.1,1.48479
9115,group_reduced_formula,4000,dummy_mean,0.54,1.48479
9132,group_reduced_formula,4000,dummy_mean,0.58,1.48479
9137,group_reduced_formula,4000,dummy_mean,2.32,1.48479
9155,group_reduced_formula,4000,dummy_mean,0.8,1.48479
9158,group_reduced_formula,4000,dummy_mean,1.56,1.48479
9181,group_reduced_formula,4000,dummy_mean,1.76,1.48479
9189,group_reduced_formula,4000,dummy_mean,1.02,1.48479
9190,group_reduced_formula,4000,dummy_mean,2.96,1.48479
9191,group_reduced_formula,4000,dummy_mean,1.64,1.48479
9215,group_reduced_formula,4000,dummy_mean,0.96,1.48479
9218,group_reduced_formula,4000,dummy_mean,1.1,1.48479
9219,group_reduced_formula,4000,dummy_mean,2.12,1.48479
9229,group_reduced_formula,4000,dummy_mean,2.68,1.48479
9231,group_reduced_formula,4000,dummy_mean,1.54,1.48479
9249,group_reduced_formula,4000,dummy_mean,1.76,1.48479
9255,group_reduced_formula,4000,dummy_mean,1.88,1.48479
9258,group_reduced_formula,4000,dummy_mean,3.0,1.48479
9276,group_reduced_formula,4000,dummy_mean,0.28,1.48479
9278,group_reduced_formula,4000,dummy_mean,1.16,1.48479
9296,group_reduced_formula,4000,dummy_mean,1.58,1.48479
9306,group_reduced_formula,4000,dummy_mean,0.62,1.48479
9316,group_reduced_formula,4000,dummy_mean,2.82,1.48479
9325,group_reduced_formula,4000,dummy_mean,1.72,1.48479
9333,group_reduced_formula,4000,dummy_mean,1.26,1.48479
9355,group_reduced_formula,4000,dummy_mean,2.1,1.48479
9366,group_reduced_formula,4000,dummy_mean,2.3,1.48479
9367,group_reduced_formula,4000,dummy_mean,2.5,1.48479
9376,group_reduced_formula,4000,dummy_mean,1.98,1.48479
9378,group_reduced_formula,4000,dummy_mean,0.58,1.48479
9404,group_reduced_formula,4000,dummy_mean,1.86,1.48479
9416,group_reduced_formula,4000,dummy_mean,0.84,1.48479
9417,group_reduced_formula,4000,dummy_mean,1.42,1.48479
9428,group_reduced_formula,4000,dummy_mean,1.98,1.48479
9437,group_reduced_formula,4000,dummy_mean,2.14,1.48479
9439,group_reduced_formula,4000,dummy_mean,0.92,1.48479
9441,group_reduced_formula,4000,dummy_mean,1.02,1.48479
9453,group_reduced_formula,4000,dummy_mean,1.98,1.48479
9461,group_reduced_formula,4000,dummy_mean,1.16,1.48479
9475,group_reduced_formula,4000,dummy_mean,1.56,1.48479
9476,group_reduced_formula,4000,dummy_mean,1.32,1.48479
9487,group_reduced_formula,4000,dummy_mean,1.22,1.48479
9490,group_reduced_formula,4000,dummy_mean,1.7,1.48479
9495,group_reduced_formula,4000,dummy_mean,0.58,1.48479
9524,group_reduced_formula,4000,dummy_mean,1.22,1.48479
9527,group_reduced_formula,4000,dummy_mean,2.06,1.48479
9533,group_reduced_formula,4000,dummy_mean,1.64,1.48479
9557,group_reduced_formula,4000,dummy_mean,1.88,1.48479
9564,group_reduced_formula,4000,dummy_mean,1.16,1.48479
9568,group_reduced_formula,4000,dummy_mean,1.32,1.48479
9571,group_reduced_formula,4000,dummy_mean,1.44,1.48479
9579,group_reduced_formula,4000,dummy_mean,1.56,1.48479
9593,group_reduced_formula,4000,dummy_mean,0.52,1.48479
9596,group_reduced_formula,4000,dummy_mean,1.64,1.48479
9604,group_reduced_formula,4000,dummy_mean,3.06,1.48479
9605,group_reduced_formula,4000,dummy_mean,0.98,1.48479
9613,group_reduced_formula,4000,dummy_mean,3.56,1.48479
9614,group_reduced_formula,4000,dummy_mean,0.38,1.48479
9621,group_reduced_formula,4000,dummy_mean,1.4,1.48479
9630,group_reduced_formula,4000,dummy_mean,1.48,1.48479
9639,group_reduced_formula,4000,dummy_mean,0.42,1.48479
9647,group_reduced_formula,4000,dummy_mean,0.42,1.48479
9673,group_reduced_formula,4000,dummy_mean,1.46,1.48479
9685,group_reduced_formula,4000,dummy_mean,3.34,1.48479
9686,group_reduced_formula,4000,dummy_mean,1.68,1.48479
9696,group_reduced_formula,4000,dummy_mean,0.84,1.48479
9698,group_reduced_formula,4000,dummy_mean,1.18,1.48479
9699,group_reduced_formula,4000,dummy_mean,1.14,1.48479
9711,group_reduced_formula,4000,dummy_mean,0.78,1.48479
9714,group_reduced_formula,4000,dummy_mean,3.74,1.48479
9725,group_reduced_formula,4000,dummy_mean,1.86,1.48479
9732,group_reduced_formula,4000,dummy_mean,0.96,1.48479
9737,group_reduced_formula,4000,dummy_mean,2.26,1.48479
9739,group_reduced_formula,4000,dummy_mean,0.96,1.48479
9772,group_reduced_formula,4000,dummy_mean,1.64,1.48479
9775,group_reduced_formula,4000,dummy_mean,0.94,1.48479
9794,group_reduced_formula,4000,dummy_mean,1.4,1.48479
9818,group_reduced_formula,4000,dummy_mean,2.02,1.48479
9819,group_reduced_formula,4000,dummy_mean,2.12,1.48479
9835,group_reduced_formula,4000,dummy_mean,1.64,1.48479
9845,group_reduced_formula,4000,dummy_mean,1.46,1.48479
9852,group_reduced_formula,4000,dummy_mean,1.72,1.48479
9862,group_reduced_formula,4000,dummy_mean,2.44,1.48479
9863,group_reduced_formula,4000,dummy_mean,0.92,1.48479
9888,group_reduced_formula,4000,dummy_mean,1.22,1.48479
9893,group_reduced_formula,4000,dummy_mean,1.84,1.48479
9903,group_reduced_formula,4000,dummy_mean,1.48,1.48479
9912,group_reduced_formula,4000,dummy_mean,1.46,1.48479
9922,group_reduced_formula,4000,dummy_mean,3.52,1.48479
9926,group_reduced_formula,4000,dummy_mean,1.74,1.48479
9930,group_reduced_formula,4000,dummy_mean,1.14,1.48479
9936,group_reduced_formula,4000,dummy_mean,2.74,1.48479
9943,group_reduced_formula,4000,dummy_mean,1.7,1.48479
9948,group_reduced_formula,4000,dummy_mean,0.38,1.48479
9950,group_reduced_formula,4000,dummy_mean,1.74,1.48479
9965,group_reduced_formula,4000,dummy_mean,2.0,1.48479
9968,group_reduced_formula,4000,dummy_mean,4.12,1.48479
9977,group_reduced_formula,4000,dummy_mean,0.8,1.48479
9983,group_reduced_formula,4000,dummy_mean,0.72,1.48479
10037,group_reduced_formula,4000,dummy_mean,0.7,1.48479
10038,group_reduced_formula,4000,dummy_mean,1.88,1.48479
10053,group_reduced_formula,4000,dummy_mean,2.0,1.48479
10058,group_reduced_formula,4000,dummy_mean,1.36,1.48479
10063,group_reduced_formula,4000,dummy_mean,1.06,1.48479
10078,group_reduced_formula,4000,dummy_mean,1.4,1.48479
10081,group_reduced_formula,4000,dummy_mean,0.2,1.48479
10088,group_reduced_formula,4000,dummy_mean,1.8,1.48479
10113,group_reduced_formula,4000,dummy_mean,2.38,1.48479
10125,group_reduced_formula,4000,dummy_mean,1.28,1.48479
10131,group_reduced_formula,4000,dummy_mean,2.14,1.48479
10140,group_reduced_formula,4000,dummy_mean,1.42,1.48479
10142,group_reduced_formula,4000,dummy_mean,1.18,1.48479
10151,group_reduced_formula,4000,dummy_mean,1.0,1.48479
10155,group_reduced_formula,4000,dummy_mean,0.6,1.48479
10168,group_reduced_formula,4000,dummy_mean,0.36,1.48479
10175,group_reduced_formula,4000,dummy_mean,3.54,1.48479
10183,group_reduced_formula,4000,dummy_mean,1.46,1.48479
10207,group_reduced_formula,4000,dummy_mean,2.1,1.48479
10209,group_reduced_formula,4000,dummy_mean,1.6,1.48479
10231,group_reduced_formula,4000,dummy_mean,3.44,1.48479
10233,group_reduced_formula,4000,dummy_mean,0.38,1.48479
10240,group_reduced_formula,4000,dummy_mean,1.76,1.48479
10244,group_reduced_formula,4000,dummy_mean,1.76,1.48479
10261,group_reduced_formula,4000,dummy_mean,3.82,1.48479
10292,group_reduced_formula,4000,dummy_mean,1.12,1.48479
10295,group_reduced_formula,4000,dummy_mean,2.02,1.48479
10296,group_reduced_formula,4000,dummy_mean,2.06,1.48479
10307,group_reduced_formula,4000,dummy_mean,0.6,1.48479
10323,group_reduced_formula,4000,dummy_mean,1.4,1.48479
10327,group_reduced_formula,4000,dummy_mean,1.44,1.48479
10328,group_reduced_formula,4000,dummy_mean,1.56,1.48479
10329,group_reduced_formula,4000,dummy_mean,0.68,1.48479
10330,group_reduced_formula,4000,dummy_mean,1.9,1.48479
10336,group_reduced_formula,4000,dummy_mean,0.96,1.48479
10340,group_reduced_formula,4000,dummy_mean,1.6,1.48479
10358,group_reduced_formula,4000,dummy_mean,2.48,1.48479
10364,group_reduced_formula,4000,dummy_mean,1.6,1.48479
10365,group_reduced_formula,4000,dummy_mean,0.5,1.48479
10395,group_reduced_formula,4000,dummy_mean,1.5,1.48479
10403,group_reduced_formula,4000,dummy_mean,2.06,1.48479
10405,group_reduced_formula,4000,dummy_mean,2.08,1.48479
10416,group_reduced_formula,4000,dummy_mean,1.78,1.48479
10422,group_reduced_formula,4000,dummy_mean,1.38,1.48479
10440,group_reduced_formula,4000,dummy_mean,3.14,1.48479
10476,group_reduced_formula,4000,dummy_mean,1.22,1.48479
10484,group_reduced_formula,4000,dummy_mean,0.5,1.48479
10500,group_reduced_formula,4000,dummy_mean,0.9,1.48479
10503,group_reduced_formula,4000,dummy_mean,1.18,1.48479
10510,group_reduced_formula,4000,dummy_mean,0.58,1.48479
10534,group_reduced_formula,4000,dummy_mean,1.0,1.48479
10536,group_reduced_formula,4000,dummy_mean,1.68,1.48479
10548,group_reduced_formula,4000,dummy_mean,1.88,1.48479
10552,group_reduced_formula,4000,dummy_mean,1.12,1.48479
10557,group_reduced_formula,4000,dummy_mean,1.24,1.48479
10573,group_reduced_formula,4000,dummy_mean,2.02,1.48479
10597,group_reduced_formula,4000,dummy_mean,1.58,1.48479
10611,group_reduced_formula,4000,dummy_mean,2.04,1.48479
10624,group_reduced_formula,4000,dummy_mean,1.34,1.48479
10627,group_reduced_formula,4000,dummy_mean,1.1,1.48479
10631,group_reduced_formula,4000,dummy_mean,0.98,1.48479
10633,group_reduced_formula,4000,dummy_mean,1.48,1.48479
10638,group_reduced_formula,4000,dummy_mean,1.42,1.48479
10639,group_reduced_formula,4000,dummy_mean,-0.16,1.48479
10643,group_reduced_formula,4000,dummy_mean,0.38,1.48479
10650,group_reduced_formula,4000,dummy_mean,2.12,1.48479
10652,group_reduced_formula,4000,dummy_mean,1.58,1.48479
10657,group_reduced_formula,4000,dummy_mean,3.64,1.48479
10688,group_reduced_formula,4000,dummy_mean,1.18,1.48479
10691,group_reduced_formula,4000,dummy_mean,1.06,1.48479
10695,group_reduced_formula,4000,dummy_mean,2.06,1.48479
10702,group_reduced_formula,4000,dummy_mean,3.0,1.48479
10715,group_reduced_formula,4000,dummy_mean,1.02,1.48479
10716,group_reduced_formula,4000,dummy_mean,2.22,1.48479
10729,group_reduced_formula,4000,dummy_mean,2.1,1.48479
10735,group_reduced_formula,4000,dummy_mean,1.02,1.48479
10745,group_reduced_formula,4000,dummy_mean,1.9,1.48479
10783,group_reduced_formula,4000,dummy_mean,1.16,1.48479
10784,group_reduced_formula,4000,dummy_mean,0.64,1.48479
10790,group_reduced_formula,4000,dummy_mean,1.36,1.48479
10797,group_reduced_formula,4000,dummy_mean,3.88,1.48479
10801,group_reduced_formula,4000,dummy_mean,1.68,1.48479
10804,group_reduced_formula,4000,dummy_mean,1.42,1.48479
10827,group_reduced_formula,4000,dummy_mean,1.32,1.48479
10840,group_reduced_formula,4000,dummy_mean,1.58,1.48479
10847,group_reduced_formula,4000,dummy_mean,0.28,1.48479
10857,group_reduced_formula,4000,dummy_mean,1.66,1.48479
10864,group_reduced_formula,4000,dummy_mean,1.58,1.48479
10876,group_reduced_formula,4000,dummy_mean,2.02,1.48479
10880,group_reduced_formula,4000,dummy_mean,1.4,1.48479
10892,group_reduced_formula,4000,dummy_mean,1.02,1.48479
10896,group_reduced_formula,4000,dummy_mean,0.58,1.48479
10928,group_reduced_formula,4000,dummy_mean,0.84,1.48479
10933,group_reduced_formula,4000,dummy_mean,1.76,1.48479
10944,group_reduced_formula,4000,dummy_mean,1.32,1.48479
10952,group_reduced_formula,4000,dummy_mean,2.04,1.48479
10967,group_reduced_formula,4000,dummy_mean,1.8,1.48479
10978,group_reduced_formula,4000,dummy_mean,0.48,1.48479
10984,group_reduced_formula,4000,dummy_mean,1.84,1.48479
10991,group_reduced_formula,4000,dummy_mean,0.44,1.48479
11000,group_reduced_formula,4000,dummy_mean,1.8,1.48479
11010,group_reduced_formula,4000,dummy_mean,1.64,1.48479
11021,group_reduced_formula,4000,dummy_mean,1.06,1.48479
11073,group_reduced_formula,4000,dummy_mean,2.08,1.48479
11080,group_reduced_formula,4000,dummy_mean,0.66,1.48479
11095,group_reduced_formula,4000,dummy_mean,0.1,1.48479
11096,group_reduced_formula,4000,dummy_mean,0.34,1.48479
11098,group_reduced_formula,4000,dummy_mean,4.62,1.48479
11101,group_reduced_formula,4000,dummy_mean,1.96,1.48479
11105,group_reduced_formula,4000,dummy_mean,0.82,1.48479
11115,group_reduced_formula,4000,dummy_mean,1.14,1.48479
11123,group_reduced_formula,4000,dummy_mean,1.48,1.48479
11132,group_reduced_formula,4000,dummy_mean,2.08,1.48479
11143,group_reduced_formula,4000,dummy_mean,0.2,1.48479
11149,group_reduced_formula,4000,dummy_mean,1.86,1.48479
11162,group_reduced_formula,4000,dummy_mean,1.12,1.48479
11172,group_reduced_formula,4000,dummy_mean,3.82,1.48479
11173,group_reduced_formula,4000,dummy_mean,0.56,1.48479
11199,group_reduced_formula,4000,dummy_mean,1.16,1.48479
11205,group_reduced_formula,4000,dummy_mean,1.5,1.48479
11209,group_reduced_formula,4000,dummy_mean,1.48,1.48479
11211,group_reduced_formula,4000,dummy_mean,1.68,1.48479
11232,group_reduced_formula,4000,dummy_mean,0.72,1.48479
11238,group_reduced_formula,4000,dummy_mean,1.54,1.48479
11246,group_reduced_formula,4000,dummy_mean,0.78,1.48479
11252,group_reduced_formula,4000,dummy_mean,2.16,1.48479
11258,group_reduced_formula,4000,dummy_mean,1.4,1.48479
11275,group_reduced_formula,4000,dummy_mean,0.8,1.48479
11279,group_reduced_formula,4000,dummy_mean,1.06,1.48479
11301,group_reduced_formula,4000,dummy_mean,1.88,1.48479
11322,group_reduced_formula,4000,dummy_mean,1.12,1.48479
11324,group_reduced_formula,4000,dummy_mean,1.9,1.48479
11326,group_reduced_formula,4000,dummy_mean,1.08,1.48479
11349,group_reduced_formula,4000,dummy_mean,2.2,1.48479
11359,group_reduced_formula,4000,dummy_mean,0.96,1.48479
11360,group_reduced_formula,4000,dummy_mean,2.82,1.48479
11378,group_reduced_formula,4000,dummy_mean,1.84,1.48479
11382,group_reduced_formula,4000,dummy_mean,1.28,1.48479
11393,group_reduced_formula,4000,dummy_mean,0.72,1.48479
11409,group_reduced_formula,4000,dummy_mean,1.6,1.48479
11434,group_reduced_formula,4000,dummy_mean,1.34,1.48479
11440,group_reduced_formula,4000,dummy_mean,1.52,1.48479
11444,group_reduced_formula,4000,dummy_mean,1.38,1.48479
11454,group_reduced_formula,4000,dummy_mean,1.54,1.48479
11475,group_reduced_formula,4000,dummy_mean,1.72,1.48479
11485,group_reduced_formula,4000,dummy_mean,1.18,1.48479
11506,group_reduced_formula,4000,dummy_mean,1.44,1.48479
11557,group_reduced_formula,4000,dummy_mean,2.36,1.48479
11561,group_reduced_formula,4000,dummy_mean,1.26,1.48479
11582,group_reduced_formula,4000,dummy_mean,1.16,1.48479
11602,group_reduced_formula,4000,dummy_mean,0.56,1.48479
11606,group_reduced_formula,4000,dummy_mean,1.92,1.48479
11610,group_reduced_formula,4000,dummy_mean,0.4,1.48479
11622,group_reduced_formula,4000,dummy_mean,2.96,1.48479
11626,group_reduced_formula,4000,dummy_mean,1.7,1.48479
11632,group_reduced_formula,4000,dummy_mean,1.36,1.48479
11648,group_reduced_formula,4000,dummy_mean,1.62,1.48479
11662,group_reduced_formula,4000,dummy_mean,1.9,1.48479
11681,group_reduced_formula,4000,dummy_mean,1.26,1.48479
11695,group_reduced_formula,4000,dummy_mean,1.24,1.48479
11708,group_reduced_formula,4000,dummy_mean,1.06,1.48479
11712,group_reduced_formula,4000,dummy_mean,1.46,1.48479
11724,group_reduced_formula,4000,dummy_mean,0.76,1.48479
11741,group_reduced_formula,4000,dummy_mean,3.12,1.48479
11743,group_reduced_formula,4000,dummy_mean,0.98,1.48479
11762,group_reduced_formula,4000,dummy_mean,1.1,1.48479
11780,group_reduced_formula,4000,dummy_mean,1.22,1.48479
11816,group_reduced_formula,4000,dummy_mean,2.24,1.48479
11846,group_reduced_formula,4000,dummy_mean,0.94,1.48479
11854,group_reduced_formula,4000,dummy_mean,0.74,1.48479
11884,group_reduced_formula,4000,dummy_mean,1.14,1.48479
11886,group_reduced_formula,4000,dummy_mean,0.4,1.48479
11894,group_reduced_formula,4000,dummy_mean,0.8,1.48479
11897,group_reduced_formula,4000,dummy_mean,0.74,1.48479
11898,group_reduced_formula,4000,dummy_mean,1.92,1.48479
11899,group_reduced_formula,4000,dummy_mean,1.18,1.48479
11917,group_reduced_formula,4000,dummy_mean,2.4,1.48479
11938,group_reduced_formula,4000,dummy_mean,1.54,1.48479
11964,group_reduced_formula,4000,dummy_mean,1.14,1.48479
11975,group_reduced_formula,4000,dummy_mean,1.04,1.48479
11978,group_reduced_formula,4000,dummy_mean,1.16,1.48479
11986,group_reduced_formula,4000,dummy_mean,1.64,1.48479
11992,group_reduced_formula,4000,dummy_mean,3.5,1.48479
12004,group_reduced_formula,4000,dummy_mean,0.92,1.48479
12013,group_reduced_formula,4000,dummy_mean,2.66,1.48479
12052,group_reduced_formula,4000,dummy_mean,1.08,1.48479
12068,group_reduced_formula,4000,dummy_mean,2.44,1.48479
12074,group_reduced_formula,4000,dummy_mean,2.06,1.48479
12079,group_reduced_formula,4000,dummy_mean,1.36,1.48479
12081,group_reduced_formula,4000,dummy_mean,1.12,1.48479
12084,group_reduced_formula,4000,dummy_mean,1.12,1.48479
12085,group_reduced_formula,4000,dummy_mean,1.38,1.48479
12110,group_reduced_formula,4000,dummy_mean,0.12,1.48479
12140,group_reduced_formula,4000,dummy_mean,1.2,1.48479
12160,group_reduced_formula,4000,dummy_mean,1.16,1.48479
12163,group_reduced_formula,4000,dummy_mean,0.54,1.48479
12174,group_reduced_formula,4000,dummy_mean,1.68,1.48479
12175,group_reduced_formula,4000,dummy_mean,1.7,1.48479
12176,group_reduced_formula,4000,dummy_mean,2.1,1.48479
12177,group_reduced_formula,4000,dummy_mean,2.66,1.48479
12216,group_reduced_formula,4000,dummy_mean,1.48,1.48479
12219,group_reduced_formula,4000,dummy_mean,1.12,1.48479
12223,group_reduced_formula,4000,dummy_mean,2.86,1.48479
12256,group_reduced_formula,4000,dummy_mean,4.18,1.48479
12269,group_reduced_formula,4000,dummy_mean,0.66,1.48479
12271,group_reduced_formula,4000,dummy_mean,2.84,1.48479
12313,group_reduced_formula,4000,dummy_mean,0.56,1.48479
12315,group_reduced_formula,4000,dummy_mean,1.18,1.48479
12331,group_reduced_formula,4000,dummy_mean,3.8,1.48479
12336,group_reduced_formula,4000,dummy_mean,2.36,1.48479
12340,group_reduced_formula,4000,dummy_mean,0.7,1.48479
12342,group_reduced_formula,4000,dummy_mean,0.5,1.48479
12343,group_reduced_formula,4000,dummy_mean,0.64,1.48479
12346,group_reduced_formula,4000,dummy_mean,1.92,1.48479
12347,group_reduced_formula,4000,dummy_mean,2.12,1.48479
12350,group_reduced_formula,4000,dummy_mean,1.24,1.48479
12355,group_reduced_formula,4000,dummy_mean,1.6,1.48479
12364,group_reduced_formula,4000,dummy_mean,1.0,1.48479
12380,group_reduced_formula,4000,dummy_mean,1.92,1.48479
12392,group_reduced_formula,4000,dummy_mean,0.38,1.48479
12393,group_reduced_formula,4000,dummy_mean,1.64,1.48479
12395,group_reduced_formula,4000,dummy_mean,3.14,1.48479
12407,group_reduced_formula,4000,dummy_mean,1.44,1.48479
12411,group_reduced_formula,4000,dummy_mean,2.14,1.48479
12414,group_reduced_formula,4000,dummy_mean,1.2,1.48479
12415,group_reduced_formula,4000,dummy_mean,0.82,1.48479
12416,group_reduced_formula,4000,dummy_mean,0.96,1.48479
12418,group_reduced_formula,4000,dummy_mean,1.82,1.48479
12426,group_reduced_formula,4000,dummy_mean,1.22,1.48479
12427,group_reduced_formula,4000,dummy_mean,0.92,1.48479
12440,group_reduced_formula,4000,dummy_mean,1.2,1.48479
12460,group_reduced_formula,4000,dummy_mean,3.9,1.48479
12463,group_reduced_formula,4000,dummy_mean,0.32,1.48479
12464,group_reduced_formula,4000,dummy_mean,0.08,1.48479
12479,group_reduced_formula,4000,dummy_mean,1.94,1.48479
12491,group_reduced_formula,4000,dummy_mean,0.44,1.48479
12493,group_reduced_formula,4000,dummy_mean,1.98,1.48479
12510,group_reduced_formula,4000,dummy_mean,1.3,1.48479
12521,group_reduced_formula,4000,dummy_mean,1.92,1.48479
12524,group_reduced_formula,4000,dummy_mean,1.34,1.48479
12562,group_reduced_formula,4000,dummy_mean,1.8,1.48479
12565,group_reduced_formula,4000,dummy_mean,2.86,1.48479
12566,group_reduced_formula,4000,dummy_mean,1.22,1.48479
12569,group_reduced_formula,4000,dummy_mean,1.26,1.48479
12577,group_reduced_formula,4000,dummy_mean,1.26,1.48479
12596,group_reduced_formula,4000,dummy_mean,1.12,1.48479
12627,group_reduced_formula,4000,dummy_mean,2.44,1.48479
12631,group_reduced_formula,4000,dummy_mean,1.56,1.48479
12651,group_reduced_formula,4000,dummy_mean,1.36,1.48479
12656,group_reduced_formula,4000,dummy_mean,1.0,1.48479
12676,group_reduced_formula,4000,dummy_mean,1.26,1.48479
12677,group_reduced_formula,4000,dummy_mean,1.04,1.48479
12700,group_reduced_formula,4000,dummy_mean,0.64,1.48479
12703,group_reduced_formula,4000,dummy_mean,0.78,1.48479
12708,group_reduced_formula,4000,dummy_mean,1.3,1.48479
12713,group_reduced_formula,4000,dummy_mean,2.72,1.48479
12715,group_reduced_formula,4000,dummy_mean,1.7,1.48479
12723,group_reduced_formula,4000,dummy_mean,1.6,1.48479
12727,group_reduced_formula,4000,dummy_mean,1.08,1.48479
12730,group_reduced_formula,4000,dummy_mean,0.98,1.48479
12735,group_reduced_formula,4000,dummy_mean,2.38,1.48479
12752,group_reduced_formula,4000,dummy_mean,1.3,1.48479
12804,group_reduced_formula,4000,dummy_mean,1.62,1.48479
12810,group_reduced_formula,4000,dummy_mean,1.08,1.48479
12812,group_reduced_formula,4000,dummy_mean,2.78,1.48479
12842,group_reduced_formula,4000,dummy_mean,1.08,1.48479
12848,group_reduced_formula,4000,dummy_mean,1.22,1.48479
12864,group_reduced_formula,4000,dummy_mean,1.54,1.48479
12870,group_reduced_formula,4000,dummy_mean,1.4,1.48479
12893,group_reduced_formula,4000,dummy_mean,0.98,1.48479
12909,group_reduced_formula,4000,dummy_mean,2.2,1.48479
12931,group_reduced_formula,4000,dummy_mean,1.1,1.48479
12939,group_reduced_formula,4000,dummy_mean,1.08,1.48479
12941,group_reduced_formula,4000,dummy_mean,1.88,1.48479
12944,group_reduced_formula,4000,dummy_mean,2.34,1.48479
12951,group_reduced_formula,4000,dummy_mean,1.38,1.48479
12956,group_reduced_formula,4000,dummy_mean,1.62,1.48479
12965,group_reduced_formula,4000,dummy_mean,4.3,1.48479
12967,group_reduced_formula,4000,dummy_mean,1.8,1.48479
12977,group_reduced_formula,4000,dummy_mean,1.58,1.48479
12978,group_reduced_formula,4000,dummy_mean,1.94,1.48479
12983,group_reduced_formula,4000,dummy_mean,0.92,1.48479
12991,group_reduced_formula,4000,dummy_mean,0.76,1.48479
13009,group_reduced_formula,4000,dummy_mean,0.72,1.48479
13019,group_reduced_formula,4000,dummy_mean,2.72,1.48479
13026,group_reduced_formula,4000,dummy_mean,3.16,1.48479
13044,group_reduced_formula,4000,dummy_mean,1.74,1.48479
13047,group_reduced_formula,4000,dummy_mean,1.54,1.48479
13054,group_reduced_formula,4000,dummy_mean,1.22,1.48479
13060,group_reduced_formula,4000,dummy_mean,1.38,1.48479
13061,group_reduced_formula,4000,dummy_mean,1.34,1.48479
13062,group_reduced_formula,4000,dummy_mean,1.78,1.48479
13069,group_reduced_formula,4000,dummy_mean,1.24,1.48479
13074,group_reduced_formula,4000,dummy_mean,0.96,1.48479
13093,group_reduced_formula,4000,dummy_mean,2.26,1.48479
13104,group_reduced_formula,4000,dummy_mean,1.14,1.48479
13124,group_reduced_formula,4000,dummy_mean,1.04,1.48479
13126,group_reduced_formula,4000,dummy_mean,1.72,1.48479
13128,group_reduced_formula,4000,dummy_mean,0.9,1.48479
13132,group_reduced_formula,4000,dummy_mean,1.16,1.48479
13140,group_reduced_formula,4000,dummy_mean,2.08,1.48479
13148,group_reduced_formula,4000,dummy_mean,2.22,1.48479
13162,group_reduced_formula,4000,dummy_mean,1.52,1.48479
13168,group_reduced_formula,4000,dummy_mean,1.18,1.48479
13194,group_reduced_formula,4000,dummy_mean,1.76,1.48479
13208,group_reduced_formula,4000,dummy_mean,3.2,1.48479
13212,group_reduced_formula,4000,dummy_mean,1.76,1.48479
13214,group_reduced_formula,4000,dummy_mean,1.8,1.48479
13215,group_reduced_formula,4000,dummy_mean,2.28,1.48479
13216,group_reduced_formula,4000,dummy_mean,1.52,1.48479
13237,group_reduced_formula,4000,dummy_mean,0.9,1.48479
13281,group_reduced_formula,4000,dummy_mean,0.82,1.48479
13300,group_reduced_formula,4000,dummy_mean,0.78,1.48479
13313,group_reduced_formula,4000,dummy_mean,0.94,1.48479
13340,group_reduced_formula,4000,dummy_mean,0.3,1.48479
13344,group_reduced_formula,4000,dummy_mean,1.2,1.48479
13350,group_reduced_formula,4000,dummy_mean,2.06,1.48479
13356,group_reduced_formula,4000,dummy_mean,1.44,1.48479
13364,group_reduced_formula,4000,dummy_mean,1.22,1.48479
13376,group_reduced_formula,4000,dummy_mean,1.22,1.48479
13394,group_reduced_formula,4000,dummy_mean,0.18,1.48479
13409,group_reduced_formula,4000,dummy_mean,1.28,1.48479
13423,group_reduced_formula,4000,dummy_mean,1.52,1.48479
13424,group_reduced_formula,4000,dummy_mean,1.34,1.48479
13442,group_reduced_formula,4000,dummy_mean,2.06,1.48479
13443,group_reduced_formula,4000,dummy_mean,1.66,1.48479
13454,group_reduced_formula,4000,dummy_mean,1.72,1.48479
13458,group_reduced_formula,4000,dummy_mean,1.46,1.48479
13466,group_reduced_formula,4000,dummy_mean,1.66,1.48479
13480,group_reduced_formula,4000,dummy_mean,1.18,1.48479
13515,group_reduced_formula,4000,dummy_mean,1.14,1.48479
13540,group_reduced_formula,4000,dummy_mean,1.0,1.48479
13563,group_reduced_formula,4000,dummy_mean,2.4,1.48479
13568,group_reduced_formula,4000,dummy_mean,1.12,1.48479
13580,group_reduced_formula,4000,dummy_mean,1.34,1.48479
13584,group_reduced_formula,4000,dummy_mean,1.18,1.48479
13591,group_reduced_formula,4000,dummy_mean,1.2,1.48479
13602,group_reduced_formula,4000,dummy_mean,2.68,1.48479
13627,group_reduced_formula,4000,dummy_mean,0.66,1.48479
13634,group_reduced_formula,4000,dummy_mean,0.04,1.48479
13642,group_reduced_formula,4000,dummy_mean,1.62,1.48479
13656,group_reduced_formula,4000,dummy_mean,1.94,1.48479
13678,group_reduced_formula,4000,dummy_mean,0.3,1.48479
13695,group_reduced_formula,4000,dummy_mean,0.8,1.48479
13709,group_reduced_formula,4000,dummy_mean,1.66,1.48479
13711,group_reduced_formula,4000,dummy_mean,1.08,1.48479
13717,group_reduced_formula,4000,dummy_mean,0.18,1.48479
13718,group_reduced_formula,4000,dummy_mean,1.8,1.48479
13719,group_reduced_formula,4000,dummy_mean,2.16,1.48479
13728,group_reduced_formula,4000,dummy_mean,1.1,1.48479
13736,group_reduced_formula,4000,dummy_mean,1.12,1.48479
13743,group_reduced_formula,4000,dummy_mean,1.12,1.48479
13745,group_reduced_formula,4000,dummy_mean,0.84,1.48479
13749,group_reduced_formula,4000,dummy_mean,-0.08,1.48479
13754,group_reduced_formula,4000,dummy_mean,0.82,1.48479
13756,group_reduced_formula,4000,dummy_mean,1.6,1.48479
13758,group_reduced_formula,4000,dummy_mean,2.14,1.48479
13764,group_reduced_formula,4000,dummy_mean,1.36,1.48479
13778,group_reduced_formula,4000,dummy_mean,1.4,1.48479
13779,group_reduced_formula,4000,dummy_mean,0.24,1.48479
13792,group_reduced_formula,4000,dummy_mean,0.18,1.48479
13795,group_reduced_formula,4000,dummy_mean,0.54,1.48479
13811,group_reduced_formula,4000,dummy_mean,0.98,1.48479
13823,group_reduced_formula,4000,dummy_mean,0.94,1.48479
13840,group_reduced_formula,4000,dummy_mean,1.02,1.48479
13848,group_reduced_formula,4000,dummy_mean,1.78,1.48479
13870,group_reduced_formula,4000,dummy_mean,1.34,1.48479
13889,group_reduced_formula,4000,dummy_mean,0.36,1.48479
13902,group_reduced_formula,4000,dummy_mean,0.56,1.48479
13904,group_reduced_formula,4000,dummy_mean,0.38,1.48479
13910,group_reduced_formula,4000,dummy_mean,1.2,1.48479
13919,group_reduced_formula,4000,dummy_mean,1.34,1.48479
13931,group_reduced_formula,4000,dummy_mean,1.48,1.48479
13932,group_reduced_formula,4000,dummy_mean,1.0,1.48479
13936,group_reduced_formula,4000,dummy_mean,1.16,1.48479
13947,group_reduced_formula,4000,dummy_mean,2.02,1.48479
13950,group_reduced_formula,4000,dummy_mean,1.98,1.48479
13960,group_reduced_formula,4000,dummy_mean,1.12,1.48479
13962,group_reduced_formula,4000,dummy_mean,1.76,1.48479
13995,group_reduced_formula,4000,dummy_mean,1.68,1.48479
13999,group_reduced_formula,4000,dummy_mean,1.34,1.48479
14003,group_reduced_formula,4000,dummy_mean,1.34,1.48479
14005,group_reduced_formula,4000,dummy_mean,1.34,1.48479
14012,group_reduced_formula,4000,dummy_mean,1.62,1.48479
14017,group_reduced_formula,4000,dummy_mean,2.3,1.48479
14031,group_reduced_formula,4000,dummy_mean,1.24,1.48479
14034,group_reduced_formula,4000,dummy_mean,1.52,1.48479
14037,group_reduced_formula,4000,dummy_mean,0.4,1.48479
14041,group_reduced_formula,4000,dummy_mean,3.88,1.48479
14046,group_reduced_formula,4000,dummy_mean,1.22,1.48479
14054,group_reduced_formula,4000,dummy_mean,3.78,1.48479
14061,group_reduced_formula,4000,dummy_mean,1.6,1.48479
14071,group_reduced_formula,4000,dummy_mean,0.88,1.48479
14076,group_reduced_formula,4000,dummy_mean,1.2,1.48479
14080,group_reduced_formula,4000,dummy_mean,2.06,1.48479
14090,group_reduced_formula,4000,dummy_mean,0.98,1.48479
14093,group_reduced_formula,4000,dummy_mean,1.26,1.48479
14110,group_reduced_formula,4000,dummy_mean,1.62,1.48479
14135,group_reduced_formula,4000,dummy_mean,0.6,1.48479
14148,group_reduced_formula,4000,dummy_mean,1.76,1.48479
14155,group_reduced_formula,4000,dummy_mean,1.9,1.48479
14163,group_reduced_formula,4000,dummy_mean,2.1,1.48479
14168,group_reduced_formula,4000,dummy_mean,0.86,1.48479
14170,group_reduced_formula,4000,dummy_mean,0.94,1.48479
14196,group_reduced_formula,4000,dummy_mean,1.88,1.48479
14203,group_reduced_formula,4000,dummy_mean,2.02,1.48479
14205,group_reduced_formula,4000,dummy_mean,1.34,1.48479
14210,group_reduced_formula,4000,dummy_mean,1.72,1.48479
14229,group_reduced_formula,4000,dummy_mean,1.18,1.48479
14230,group_reduced_formula,4000,dummy_mean,1.14,1.48479
14248,group_reduced_formula,4000,dummy_mean,1.02,1.48479
14274,group_reduced_formula,4000,dummy_mean,1.68,1.48479
14277,group_reduced_formula,4000,dummy_mean,1.74,1.48479
14281,group_reduced_formula,4000,dummy_mean,1.2,1.48479
14286,group_reduced_formula,4000,dummy_mean,0.74,1.48479
14294,group_reduced_formula,4000,dummy_mean,1.72,1.48479
14313,group_reduced_formula,4000,dummy_mean,1.28,1.48479
14323,group_reduced_formula,4000,dummy_mean,0.86,1.48479
14350,group_reduced_formula,4000,dummy_mean,0.06,1.48479
14376,group_reduced_formula,4000,dummy_mean,1.74,1.48479
14384,group_reduced_formula,4000,dummy_mean,2.18,1.48479
14386,group_reduced_formula,4000,dummy_mean,0.82,1.48479
14389,group_reduced_formula,4000,dummy_mean,1.52,1.48479
14396,group_reduced_formula,4000,dummy_mean,1.58,1.48479
14402,group_reduced_formula,4000,dummy_mean,0.88,1.48479
14404,group_reduced_formula,4000,dummy_mean,1.26,1.48479
14442,group_reduced_formula,4000,dummy_mean,1.3,1.48479
14446,group_reduced_formula,4000,dummy_mean,0.82,1.48479
14463,group_reduced_formula,4000,dummy_mean,0.9,1.48479
14466,group_reduced_formula,4000,dummy_mean,2.38,1.48479
14475,group_reduced_formula,4000,dummy_mean,0.84,1.48479
14477,group_reduced_formula,4000,dummy_mean,3.36,1.48479
14487,group_reduced_formula,4000,dummy_mean,2.56,1.48479
14497,group_reduced_formula,4000,dummy_mean,1.96,1.48479
14568,group_reduced_formula,4000,dummy_mean,0.98,1.48479
14584,group_reduced_formula,4000,dummy_mean,0.26,1.48479
14604,group_reduced_formula,4000,dummy_mean,1.12,1.48479
14613,group_reduced_formula,4000,dummy_mean,2.18,1.48479
14619,group_reduced_formula,4000,dummy_mean,1.4,1.48479
14635,group_reduced_formula,4000,dummy_mean,1.94,1.48479
14640,group_reduced_formula,4000,dummy_mean,1.7,1.48479
14641,group_reduced_formula,4000,dummy_mean,0.12,1.48479
14646,group_reduced_formula,4000,dummy_mean,0.58,1.48479
14652,group_reduced_formula,4000,dummy_mean,1.4,1.48479
14680,group_reduced_formula,4000,dummy_mean,2.32,1.48479
14689,group_reduced_formula,4000,dummy_mean,2.14,1.48479
14691,group_reduced_formula,4000,dummy_mean,0.5,1.48479
14695,group_reduced_formula,4000,dummy_mean,0.7,1.48479
14703,group_reduced_formula,4000,dummy_mean,0.32,1.48479
14705,group_reduced_formula,4000,dummy_mean,2.18,1.48479
14709,group_reduced_formula,4000,dummy_mean,1.04,1.48479
14745,group_reduced_formula,4000,dummy_mean,2.24,1.48479
14750,group_reduced_formula,4000,dummy_mean,1.28,1.48479
14761,group_reduced_formula,4000,dummy_mean,0.84,1.48479
14764,group_reduced_formula,4000,dummy_mean,2.22,1.48479
14772,group_reduced_formula,4000,dummy_mean,0.78,1.48479
14792,group_reduced_formula,4000,dummy_mean,1.3,1.48479
14798,group_reduced_formula,4000,dummy_mean,1.0,1.48479
14807,group_reduced_formula,4000,dummy_mean,2.32,1.48479
14810,group_reduced_formula,4000,dummy_mean,0.02,1.48479
14832,group_reduced_formula,4000,dummy_mean,0.64,1.48479
14845,group_reduced_formula,4000,dummy_mean,1.6,1.48479
14860,group_reduced_formula,4000,dummy_mean,0.56,1.48479
14867,group_reduced_formula,4000,dummy_mean,0.8,1.48479
14868,group_reduced_formula,4000,dummy_mean,1.08,1.48479
14875,group_reduced_formula,4000,dummy_mean,1.6,1.48479
14879,group_reduced_formula,4000,dummy_mean,1.4,1.48479
14905,group_reduced_formula,4000,dummy_mean,1.38,1.48479
14911,group_reduced_formula,4000,dummy_mean,1.5,1.48479
14937,group_reduced_formula,4000,dummy_mean,1.56,1.48479
14944,group_reduced_formula,4000,dummy_mean,2.24,1.48479
14945,group_reduced_formula,4000,dummy_mean,0.84,1.48479
14947,group_reduced_formula,4000,dummy_mean,2.58,1.48479
14953,group_reduced_formula,4000,dummy_mean,0.84,1.48479
14957,group_reduced_formula,4000,dummy_mean,0.5,1.48479
14961,group_reduced_formula,4000,dummy_mean,2.38,1.48479
14966,group_reduced_formula,4000,dummy_mean,1.22,1.48479
14972,group_reduced_formula,4000,dummy_mean,2.06,1.48479
14975,group_reduced_formula,4000,dummy_mean,1.62,1.48479
14981,group_reduced_formula,4000,dummy_mean,1.14,1.48479
14995,group_reduced_formula,4000,dummy_mean,2.88,1.48479
15001,group_reduced_formula,4000,dummy_mean,2.06,1.48479
15011,group_reduced_formula,4000,dummy_mean,1.2,1.48479
15028,group_reduced_formula,4000,dummy_mean,1.58,1.48479
15037,group_reduced_formula,4000,dummy_mean,1.32,1.48479
15048,group_reduced_formula,4000,dummy_mean,0.52,1.48479
15070,group_reduced_formula,4000,dummy_mean,2.84,1.48479
15088,group_reduced_formula,4000,dummy_mean,1.42,1.48479
15091,group_reduced_formula,4000,dummy_mean,2.44,1.48479
15101,group_reduced_formula,4000,dummy_mean,1.08,1.48479
15150,group_reduced_formula,4000,dummy_mean,1.2,1.48479
15162,group_reduced_formula,4000,dummy_mean,1.16,1.48479
15174,group_reduced_formula,4000,dummy_mean,1.72,1.48479
15194,group_reduced_formula,4000,dummy_mean,0.6,1.48479
15202,group_reduced_formula,4000,dummy_mean,3.08,1.48479
15213,group_reduced_formula,4000,dummy_mean,2.04,1.48479
15215,group_reduced_formula,4000,dummy_mean,1.42,1.48479
15220,group_reduced_formula,4000,dummy_mean,1.92,1.48479
15221,group_reduced_formula,4000,dummy_mean,0.76,1.48479
15224,group_reduced_formula,4000,dummy_mean,1.7,1.48479
15244,group_reduced_formula,4000,dummy_mean,0.62,1.48479
15245,group_reduced_formula,4000,dummy_mean,0.3,1.48479
15260,group_reduced_formula,4000,dummy_mean,0.52,1.48479
15264,group_reduced_formula,4000,dummy_mean,2.06,1.48479
15272,group_reduced_formula,4000,dummy_mean,0.66,1.48479
15301,group_reduced_formula,4000,dummy_mean,1.68,1.48479
15307,group_reduced_formula,4000,dummy_mean,3.16,1.48479
15314,group_reduced_formula,4000,dummy_mean,1.7,1.48479
15330,group_reduced_formula,4000,dummy_mean,1.26,1.48479
15343,group_reduced_formula,4000,dummy_mean,1.06,1.48479
15353,group_reduced_formula,4000,dummy_mean,1.28,1.48479
15376,group_reduced_formula,4000,dummy_mean,0.46,1.48479
15378,group_reduced_formula,4000,dummy_mean,1.72,1.48479
15383,group_reduced_formula,4000,dummy_mean,0.92,1.48479
15390,group_reduced_formula,4000,dummy_mean,1.76,1.48479
15392,group_reduced_formula,4000,dummy_mean,1.1,1.48479
15394,group_reduced_formula,4000,dummy_mean,0.28,1.48479
15400,group_reduced_formula,4000,dummy_mean,0.64,1.48479
15439,group_reduced_formula,4000,dummy_mean,1.64,1.48479
15458,group_reduced_formula,4000,dummy_mean,0.78,1.48479
15461,group_reduced_formula,4000,dummy_mean,1.38,1.48479
15485,group_reduced_formula,4000,dummy_mean,1.16,1.48479
15503,group_reduced_formula,4000,dummy_mean,1.22,1.48479
15524,group_reduced_formula,4000,dummy_mean,1.04,1.48479
15525,group_reduced_formula,4000,dummy_mean,1.1,1.48479
15532,group_reduced_formula,4000,dummy_mean,1.84,1.48479
15535,group_reduced_formula,4000,dummy_mean,0.94,1.48479
15545,group_reduced_formula,4000,dummy_mean,2.34,1.48479
15547,group_reduced_formula,4000,dummy_mean,2.36,1.48479
15551,group_reduced_formula,4000,dummy_mean,1.84,1.48479
15552,group_reduced_formula,4000,dummy_mean,0.3,1.48479
15554,group_reduced_formula,4000,dummy_mean,1.5,1.48479
15557,group_reduced_formula,4000,dummy_mean,1.18,1.48479
15569,group_reduced_formula,4000,dummy_mean,2.04,1.48479
15578,group_reduced_formula,4000,dummy_mean,2.1,1.48479
15583,group_reduced_formula,4000,dummy_mean,1.98,1.48479
15593,group_reduced_formula,4000,dummy_mean,1.36,1.48479
15629,group_reduced_formula,4000,dummy_mean,1.26,1.48479
15657,group_reduced_formula,4000,dummy_mean,1.28,1.48479
15670,group_reduced_formula,4000,dummy_mean,1.16,1.48479
15674,group_reduced_formula,4000,dummy_mean,1.3,1.48479
15693,group_reduced_formula,4000,dummy_mean,1.3,1.48479
15694,group_reduced_formula,4000,dummy_mean,0.9,1.48479
15704,group_reduced_formula,4000,dummy_mean,1.66,1.48479
15715,group_reduced_formula,4000,dummy_mean,2.8,1.48479
15717,group_reduced_formula,4000,dummy_mean,1.74,1.48479
15718,group_reduced_formula,4000,dummy_mean,1.4,1.48479
15738,group_reduced_formula,4000,dummy_mean,0.92,1.48479
15739,group_reduced_formula,4000,dummy_mean,2.6,1.48479
15756,group_reduced_formula,4000,dummy_mean,0.5,1.48479
15763,group_reduced_formula,4000,dummy_mean,2.28,1.48479
15769,group_reduced_formula,4000,dummy_mean,0.94,1.48479
15770,group_reduced_formula,4000,dummy_mean,3.08,1.48479
15771,group_reduced_formula,4000,dummy_mean,1.86,1.48479
15777,group_reduced_formula,4000,dummy_mean,1.24,1.48479
15785,group_reduced_formula,4000,dummy_mean,1.94,1.48479
15797,group_reduced_formula,4000,dummy_mean,1.68,1.48479
15800,group_reduced_formula,4000,dummy_mean,0.14,1.48479
15808,group_reduced_formula,4000,dummy_mean,1.48,1.48479
15809,group_reduced_formula,4000,dummy_mean,1.58,1.48479
15811,group_reduced_formula,4000,dummy_mean,2.2,1.48479
15816,group_reduced_formula,4000,dummy_mean,0.68,1.48479
15817,group_reduced_formula,4000,dummy_mean,1.58,1.48479
15829,group_reduced_formula,4000,dummy_mean,1.46,1.48479
15832,group_reduced_formula,4000,dummy_mean,0.7,1.48479
15839,group_reduced_formula,4000,dummy_mean,1.16,1.48479
15848,group_reduced_formula,4000,dummy_mean,0.26,1.48479
15855,group_reduced_formula,4000,dummy_mean,0.68,1.48479
15876,group_reduced_formula,4000,dummy_mean,1.38,1.48479
15883,group_reduced_formula,4000,dummy_mean,0.42,1.48479
15884,group_reduced_formula,4000,dummy_mean,1.66,1.48479
15886,group_reduced_formula,4000,dummy_mean,1.2,1.48479
15906,group_reduced_formula,4000,dummy_mean,0.76,1.48479
15907,group_reduced_formula,4000,dummy_mean,1.36,1.48479
15910,group_reduced_formula,4000,dummy_mean,4.48,1.48479
15912,group_reduced_formula,4000,dummy_mean,0.78,1.48479
15915,group_reduced_formula,4000,dummy_mean,2.68,1.48479
15916,group_reduced_formula,4000,dummy_mean,1.36,1.48479
15920,group_reduced_formula,4000,dummy_mean,0.56,1.48479
15928,group_reduced_formula,4000,dummy_mean,-0.06,1.48479
15931,group_reduced_formula,4000,dummy_mean,1.94,1.48479
15934,group_reduced_formula,4000,dummy_mean,0.24,1.48479
15937,group_reduced_formula,4000,dummy_mean,0.92,1.48479
15950,group_reduced_formula,4000,dummy_mean,3.68,1.48479
15955,group_reduced_formula,4000,dummy_mean,2.48,1.48479
15960,group_reduced_formula,4000,dummy_mean,1.9,1.48479
15966,group_reduced_formula,4000,dummy_mean,1.3,1.48479
15973,group_reduced_formula,4000,dummy_mean,1.24,1.48479
15979,group_reduced_formula,4000,dummy_mean,1.96,1.48479
15996,group_reduced_formula,4000,dummy_mean,0.54,1.48479
16024,group_reduced_formula,4000,dummy_mean,1.94,1.48479
16025,group_reduced_formula,4000,dummy_mean,1.34,1.48479
16047,group_reduced_formula,4000,dummy_mean,1.74,1.48479
16051,group_reduced_formula,4000,dummy_mean,1.06,1.48479
16053,group_reduced_formula,4000,dummy_mean,1.58,1.48479
16058,group_reduced_formula,4000,dummy_mean,1.62,1.48479
16082,group_reduced_formula,4000,dummy_mean,1.36,1.48479
16083,group_reduced_formula,4000,dummy_mean,1.98,1.48479
16122,group_reduced_formula,4000,dummy_mean,2.24,1.48479
16124,group_reduced_formula,4000,dummy_mean,0.68,1.48479
16125,group_reduced_formula,4000,dummy_mean,1.36,1.48479
16126,group_reduced_formula,4000,dummy_mean,0.46,1.48479
16144,group_reduced_formula,4000,dummy_mean,2.1,1.48479
16154,group_reduced_formula,4000,dummy_mean,1.1,1.48479
16211,group_reduced_formula,4000,dummy_mean,0.8,1.48479
16215,group_reduced_formula,4000,dummy_mean,2.26,1.48479
16217,group_reduced_formula,4000,dummy_mean,2.92,1.48479
16220,group_reduced_formula,4000,dummy_mean,2.88,1.48479
16237,group_reduced_formula,4000,dummy_mean,0.68,1.48479
16241,group_reduced_formula,4000,dummy_mean,2.02,1.48479
16249,group_reduced_formula,4000,dummy_mean,0.32,1.48479
16252,group_reduced_formula,4000,dummy_mean,1.44,1.48479
16256,group_reduced_formula,4000,dummy_mean,0.94,1.48479
16259,group_reduced_formula,4000,dummy_mean,1.06,1.48479
16266,group_reduced_formula,4000,dummy_mean,2.22,1.48479
16279,group_reduced_formula,4000,dummy_mean,1.2,1.48479
16282,group_reduced_formula,4000,dummy_mean,1.08,1.48479
16288,group_reduced_formula,4000,dummy_mean,1.78,1.48479
16315,group_reduced_formula,4000,dummy_mean,2.22,1.48479
16320,group_reduced_formula,4000,dummy_mean,1.1,1.48479
16330,group_reduced_formula,4000,dummy_mean,1.52,1.48479
16331,group_reduced_formula,4000,dummy_mean,1.92,1.48479
16334,group_reduced_formula,4000,dummy_mean,1.12,1.48479
16350,group_reduced_formula,4000,dummy_mean,0.42,1.48479
16358,group_reduced_formula,4000,dummy_mean,1.16,1.48479
16373,group_reduced_formula,4000,dummy_mean,0.76,1.48479
16381,group_reduced_formula,4000,dummy_mean,1.64,1.48479
16408,group_reduced_formula,4000,dummy_mean,1.86,1.48479
16418,group_reduced_formula,4000,dummy_mean,2.78,1.48479
16447,group_reduced_formula,4000,dummy_mean,2.06,1.48479
16457,group_reduced_formula,4000,dummy_mean,1.4,1.48479
16480,group_reduced_formula,4000,dummy_mean,1.04,1.48479
16485,group_reduced_formula,4000,dummy_mean,1.34,1.48479
16488,group_reduced_formula,4000,dummy_mean,1.62,1.48479
16499,group_reduced_formula,4000,dummy_mean,2.78,1.48479
16516,group_reduced_formula,4000,dummy_mean,3.56,1.48479
16522,group_reduced_formula,4000,dummy_mean,1.82,1.48479
16526,group_reduced_formula,4000,dummy_mean,0.76,1.48479
16530,group_reduced_formula,4000,dummy_mean,0.52,1.48479
16533,group_reduced_formula,4000,dummy_mean,0.64,1.48479
16541,group_reduced_formula,4000,dummy_mean,1.94,1.48479
16546,group_reduced_formula,4000,dummy_mean,2.28,1.48479
16571,group_reduced_formula,4000,dummy_mean,1.72,1.48479
16575,group_reduced_formula,4000,dummy_mean,3.18,1.48479
16583,group_reduced_formula,4000,dummy_mean,0.9,1.48479
16585,group_reduced_formula,4000,dummy_mean,0.96,1.48479
16587,group_reduced_formula,4000,dummy_mean,0.86,1.48479
16620,group_reduced_formula,4000,dummy_mean,1.16,1.48479
16630,group_reduced_formula,4000,dummy_mean,0.96,1.48479
16645,group_reduced_formula,4000,dummy_mean,1.86,1.48479
16647,group_reduced_formula,4000,dummy_mean,1.64,1.48479
16652,group_reduced_formula,4000,dummy_mean,0.7,1.48479
16657,group_reduced_formula,4000,dummy_mean,1.66,1.48479
16660,group_reduced_formula,4000,dummy_mean,1.74,1.48479
16677,group_reduced_formula,4000,dummy_mean,1.52,1.48479
16679,group_reduced_formula,4000,dummy_mean,0.82,1.48479
16681,group_reduced_formula,4000,dummy_mean,1.28,1.48479
16682,group_reduced_formula,4000,dummy_mean,0.56,1.48479
16748,group_reduced_formula,4000,dummy_mean,2.48,1.48479
16751,group_reduced_formula,4000,dummy_mean,3.76,1.48479
16763,group_reduced_formula,4000,dummy_mean,1.58,1.48479
16772,group_reduced_formula,4000,dummy_mean,2.3,1.48479
16788,group_reduced_formula,4000,dummy_mean,1.64,1.48479
16789,group_reduced_formula,4000,dummy_mean,1.76,1.48479
16834,group_reduced_formula,4000,dummy_mean,0.46,1.48479
16836,group_reduced_formula,4000,dummy_mean,1.12,1.48479
16839,group_reduced_formula,4000,dummy_mean,1.08,1.48479
16844,group_reduced_formula,4000,dummy_mean,2.38,1.48479
16853,group_reduced_formula,4000,dummy_mean,1.16,1.48479
16854,group_reduced_formula,4000,dummy_mean,3.6,1.48479
16882,group_reduced_formula,4000,dummy_mean,1.8,1.48479
16893,group_reduced_formula,4000,dummy_mean,2.56,1.48479
16899,group_reduced_formula,4000,dummy_mean,2.98,1.48479
16905,group_reduced_formula,4000,dummy_mean,1.68,1.48479
16913,group_reduced_formula,4000,dummy_mean,2.56,1.48479
16916,group_reduced_formula,4000,dummy_mean,0.92,1.48479
16919,group_reduced_formula,4000,dummy_mean,1.0,1.48479
16924,group_reduced_formula,4000,dummy_mean,1.78,1.48479
16955,group_reduced_formula,4000,dummy_mean,1.62,1.48479
16968,group_reduced_formula,4000,dummy_mean,1.24,1.48479
16970,group_reduced_formula,4000,dummy_mean,1.56,1.48479
16972,group_reduced_formula,4000,dummy_mean,1.36,1.48479
16974,group_reduced_formula,4000,dummy_mean,1.32,1.48479
16997,group_reduced_formula,4000,dummy_mean,1.4,1.48479
17000,group_reduced_formula,4000,dummy_mean,1.08,1.48479
17004,group_reduced_formula,4000,dummy_mean,2.74,1.48479
17010,group_reduced_formula,4000,dummy_mean,1.48,1.48479
17019,group_reduced_formula,4000,dummy_mean,0.86,1.48479
17022,group_reduced_formula,4000,dummy_mean,1.26,1.48479
17023,group_reduced_formula,4000,dummy_mean,0.5,1.48479
17036,group_reduced_formula,4000,dummy_mean,1.66,1.48479
17044,group_reduced_formula,4000,dummy_mean,0.04,1.48479
17048,group_reduced_formula,4000,dummy_mean,1.3,1.48479
17053,group_reduced_formula,4000,dummy_mean,1.12,1.48479
17055,group_reduced_formula,4000,dummy_mean,1.22,1.48479
17081,group_reduced_formula,4000,dummy_mean,1.48,1.48479
17092,group_reduced_formula,4000,dummy_mean,2.04,1.48479
17103,group_reduced_formula,4000,dummy_mean,1.32,1.48479
17104,group_reduced_formula,4000,dummy_mean,1.46,1.48479
17105,group_reduced_formula,4000,dummy_mean,1.92,1.48479
17109,group_reduced_formula,4000,dummy_mean,2.02,1.48479
17117,group_reduced_formula,4000,dummy_mean,1.58,1.48479
17133,group_reduced_formula,4000,dummy_mean,0.7,1.48479
17157,group_reduced_formula,4000,dummy_mean,1.52,1.48479
17192,group_reduced_formula,4000,dummy_mean,1.22,1.48479
17193,group_reduced_formula,4000,dummy_mean,3.72,1.48479
17200,group_reduced_formula,4000,dummy_mean,0.46,1.48479
17207,group_reduced_formula,4000,dummy_mean,0.46,1.48479
17209,group_reduced_formula,4000,dummy_mean,2.56,1.48479
17221,group_reduced_formula,4000,dummy_mean,2.32,1.48479
17241,group_reduced_formula,4000,dummy_mean,1.04,1.48479
17255,group_reduced_formula,4000,dummy_mean,3.44,1.48479
17365,group_reduced_formula,4000,dummy_mean,0.94,1.48479
17368,group_reduced_formula,4000,dummy_mean,1.04,1.48479
17389,group_reduced_formula,4000,dummy_mean,1.3,1.48479
17390,group_reduced_formula,4000,dummy_mean,0.52,1.48479
17409,group_reduced_formula,4000,dummy_mean,1.88,1.48479
17416,group_reduced_formula,4000,dummy_mean,0.58,1.48479
17431,group_reduced_formula,4000,dummy_mean,1.02,1.48479
17443,group_reduced_formula,4000,dummy_mean,0.9,1.48479
17444,group_reduced_formula,4000,dummy_mean,2.86,1.48479
17477,group_reduced_formula,4000,dummy_mean,1.02,1.48479
17478,group_reduced_formula,4000,dummy_mean,0.96,1.48479
17484,group_reduced_formula,4000,dummy_mean,1.04,1.48479
17486,group_reduced_formula,4000,dummy_mean,1.58,1.48479
17508,group_reduced_formula,4000,dummy_mean,1.22,1.48479
17517,group_reduced_formula,4000,dummy_mean,0.76,1.48479
17522,group_reduced_formula,4000,dummy_mean,1.88,1.48479
17527,group_reduced_formula,4000,dummy_mean,1.2,1.48479
17542,group_reduced_formula,4000,dummy_mean,2.02,1.48479
17559,group_reduced_formula,4000,dummy_mean,2.34,1.48479
17562,group_reduced_formula,4000,dummy_mean,0.78,1.48479
17584,group_reduced_formula,4000,dummy_mean,3.88,1.48479
17603,group_reduced_formula,4000,dummy_mean,0.94,1.48479
17625,group_reduced_formula,4000,dummy_mean,1.88,1.48479
17633,group_reduced_formula,4000,dummy_mean,3.4,1.48479
17640,group_reduced_formula,4000,dummy_mean,1.3,1.48479
17647,group_reduced_formula,4000,dummy_mean,0.18,1.48479
17650,group_reduced_formula,4000,dummy_mean,0.78,1.48479
17656,group_reduced_formula,4000,dummy_mean,1.24,1.48479
17658,group_reduced_formula,4000,dummy_mean,0.5,1.48479
17659,group_reduced_formula,4000,dummy_mean,1.9,1.48479
17667,group_reduced_formula,4000,dummy_mean,1.5,1.48479
17671,group_reduced_formula,4000,dummy_mean,0.62,1.48479
17683,group_reduced_formula,4000,dummy_mean,1.9,1.48479
17701,group_reduced_formula,4000,dummy_mean,1.24,1.48479
17702,group_reduced_formula,4000,dummy_mean,1.38,1.48479
17706,group_reduced_formula,4000,dummy_mean,1.76,1.48479
17711,group_reduced_formula,4000,dummy_mean,-0.12,1.48479
17716,group_reduced_formula,4000,dummy_mean,1.62,1.48479
17727,group_reduced_formula,4000,dummy_mean,2.44,1.48479
17731,group_reduced_formula,4000,dummy_mean,0.7,1.48479
17744,group_reduced_formula,4000,dummy_mean,1.98,1.48479
17748,group_reduced_formula,4000,dummy_mean,1.3,1.48479
17751,group_reduced_formula,4000,dummy_mean,0.54,1.48479
17757,group_reduced_formula,4000,dummy_mean,1.08,1.48479
17768,group_reduced_formula,4000,dummy_mean,1.82,1.48479
17773,group_reduced_formula,4000,dummy_mean,1.28,1.48479
17787,group_reduced_formula,4000,dummy_mean,1.14,1.48479
17797,group_reduced_formula,4000,dummy_mean,1.54,1.48479
17798,group_reduced_formula,4000,dummy_mean,0.86,1.48479
17802,group_reduced_formula,4000,dummy_mean,0.42,1.48479
17830,group_reduced_formula,4000,dummy_mean,1.44,1.48479
17833,group_reduced_formula,4000,dummy_mean,2.16,1.48479
17839,group_reduced_formula,4000,dummy_mean,1.72,1.48479
17840,group_reduced_formula,4000,dummy_mean,1.32,1.48479
17843,group_reduced_formula,4000,dummy_mean,2.24,1.48479
17844,group_reduced_formula,4000,dummy_mean,2.92,1.48479
17855,group_reduced_formula,4000,dummy_mean,2.14,1.48479
17864,group_reduced_formula,4000,dummy_mean,0.84,1.48479
17872,group_reduced_formula,4000,dummy_mean,2.18,1.48479
17873,group_reduced_formula,4000,dummy_mean,1.0,1.48479
17880,group_reduced_formula,4000,dummy_mean,1.56,1.48479
17881,group_reduced_formula,4000,dummy_mean,1.02,1.48479
17896,group_reduced_formula,4000,dummy_mean,2.38,1.48479
17897,group_reduced_formula,4000,dummy_mean,1.1,1.48479
17898,group_reduced_formula,4000,dummy_mean,1.18,1.48479
17904,group_reduced_formula,4000,dummy_mean,0.56,1.48479
17906,group_reduced_formula,4000,dummy_mean,1.62,1.48479
17909,group_reduced_formula,4000,dummy_mean,1.42,1.48479
17919,group_reduced_formula,4000,dummy_mean,2.5,1.48479
17920,group_reduced_formula,4000,dummy_mean,0.8,1.48479
17925,group_reduced_formula,4000,dummy_mean,2.02,1.48479
17935,group_reduced_formula,4000,dummy_mean,0.98,1.48479
17937,group_reduced_formula,4000,dummy_mean,0.68,1.48479
17968,group_reduced_formula,4000,dummy_mean,1.16,1.48479
17978,group_reduced_formula,4000,dummy_mean,1.26,1.48479
17996,group_reduced_formula,4000,dummy_mean,1.24,1.48479
18002,group_reduced_formula,4000,dummy_mean,2.54,1.48479
18006,group_reduced_formula,4000,dummy_mean,1.96,1.48479
18008,group_reduced_formula,4000,dummy_mean,1.14,1.48479
18009,group_reduced_formula,4000,dummy_mean,2.14,1.48479
18025,group_reduced_formula,4000,dummy_mean,0.62,1.48479
18036,group_reduced_formula,4000,dummy_mean,1.1,1.48479
18058,group_reduced_formula,4000,dummy_mean,1.42,1.48479
18062,group_reduced_formula,4000,dummy_mean,1.62,1.48479
18091,group_reduced_formula,4000,dummy_mean,2.52,1.48479
18100,group_reduced_formula,4000,dummy_mean,2.4,1.48479
18127,group_reduced_formula,4000,dummy_mean,0.72,1.48479
18147,group_reduced_formula,4000,dummy_mean,0.6,1.48479
18151,group_reduced_formula,4000,dummy_mean,1.06,1.48479
18165,group_reduced_formula,4000,dummy_mean,1.06,1.48479
18207,group_reduced_formula,4000,dummy_mean,0.9,1.48479
18213,group_reduced_formula,4000,dummy_mean,1.2,1.48479
18221,group_reduced_formula,4000,dummy_mean,1.64,1.48479
18224,group_reduced_formula,4000,dummy_mean,1.42,1.48479
18226,group_reduced_formula,4000,dummy_mean,0.76,1.48479
18229,group_reduced_formula,4000,dummy_mean,1.1,1.48479
18236,group_reduced_formula,4000,dummy_mean,1.7,1.48479
18242,group_reduced_formula,4000,dummy_mean,0.92,1.48479
18243,group_reduced_formula,4000,dummy_mean,1.4,1.48479
18248,group_reduced_formula,4000,dummy_mean,1.18,1.48479
18251,group_reduced_formula,4000,dummy_mean,0.42,1.48479
18252,group_reduced_formula,4000,dummy_mean,2.46,1.48479
18258,group_reduced_formula,4000,dummy_mean,1.22,1.48479
18269,group_reduced_formula,4000,dummy_mean,2.58,1.48479
18270,group_reduced_formula,4000,dummy_mean,0.88,1.48479
18272,group_reduced_formula,4000,dummy_mean,1.18,1.48479
18274,group_reduced_formula,4000,dummy_mean,1.08,1.48479
18277,group_reduced_formula,4000,dummy_mean,2.12,1.48479
18289,group_reduced_formula,4000,dummy_mean,1.62,1.48479
18290,group_reduced_formula,4000,dummy_mean,1.28,1.48479
18296,group_reduced_formula,4000,dummy_mean,1.78,1.48479
18298,group_reduced_formula,4000,dummy_mean,0.9,1.48479
18299,group_reduced_formula,4000,dummy_mean,2.3,1.48479
18300,group_reduced_formula,4000,dummy_mean,0.54,1.48479
18311,group_reduced_formula,4000,dummy_mean,1.22,1.48479
18321,group_reduced_formula,4000,dummy_mean,0.86,1.48479
18324,group_reduced_formula,4000,dummy_mean,1.96,1.48479
18325,group_reduced_formula,4000,dummy_mean,1.66,1.48479
18335,group_reduced_formula,4000,dummy_mean,1.22,1.48479
18350,group_reduced_formula,4000,dummy_mean,2.06,1.48479
18354,group_reduced_formula,4000,dummy_mean,0.2,1.48479
18360,group_reduced_formula,4000,dummy_mean,0.84,1.48479
18362,group_reduced_formula,4000,dummy_mean,0.72,1.48479
18387,group_reduced_formula,4000,dummy_mean,1.92,1.48479
18389,group_reduced_formula,4000,dummy_mean,2.18,1.48479
18393,group_reduced_formula,4000,dummy_mean,0.94,1.48479
18414,group_reduced_formula,4000,dummy_mean,1.1,1.48479
18435,group_reduced_formula,4000,dummy_mean,0.72,1.48479
18439,group_reduced_formula,4000,dummy_mean,2.42,1.48479
18447,group_reduced_formula,4000,dummy_mean,1.84,1.48479
18459,group_reduced_formula,4000,dummy_mean,0.58,1.48479
18466,group_reduced_formula,4000,dummy_mean,1.4,1.48479
18468,group_reduced_formula,4000,dummy_mean,1.68,1.48479
18472,group_reduced_formula,4000,dummy_mean,1.76,1.48479
18497,group_reduced_formula,4000,dummy_mean,1.22,1.48479
18509,group_reduced_formula,4000,dummy_mean,1.58,1.48479
18514,group_reduced_formula,4000,dummy_mean,1.08,1.48479
18519,group_reduced_formula,4000,dummy_mean,1.36,1.48479
18557,group_reduced_formula,4000,dummy_mean,-0.08,1.48479
18583,group_reduced_formula,4000,dummy_mean,1.3,1.48479
18588,group_reduced_formula,4000,dummy_mean,2.52,1.48479
18606,group_reduced_formula,4000,dummy_mean,0.78,1.48479
18607,group_reduced_formula,4000,dummy_mean,1.6,1.48479
18615,group_reduced_formula,4000,dummy_mean,2.06,1.48479
18620,group_reduced_formula,4000,dummy_mean,0.68,1.48479
18634,group_reduced_formula,4000,dummy_mean,2.96,1.48479
18639,group_reduced_formula,4000,dummy_mean,1.3,1.48479
18641,group_reduced_formula,4000,dummy_mean,1.62,1.48479
18648,group_reduced_formula,4000,dummy_mean,1.32,1.48479
18662,group_reduced_formula,4000,dummy_mean,1.56,1.48479
18668,group_reduced_formula,4000,dummy_mean,1.44,1.48479
18669,group_reduced_formula,4000,dummy_mean,0.6,1.48479
18673,group_reduced_formula,4000,dummy_mean,2.62,1.48479
18686,group_reduced_formula,4000,dummy_mean,0.3,1.48479
18709,group_reduced_formula,4000,dummy_mean,1.24,1.48479
18715,group_reduced_formula,4000,dummy_mean,1.82,1.48479
18730,group_reduced_formula,4000,dummy_mean,1.12,1.48479
18734,group_reduced_formula,4000,dummy_mean,1.42,1.48479
18736,group_reduced_formula,4000,dummy_mean,0.56,1.48479
18737,group_reduced_formula,4000,dummy_mean,1.58,1.48479
18753,group_reduced_formula,4000,dummy_mean,1.32,1.48479
18756,group_reduced_formula,4000,dummy_mean,1.44,1.48479
18757,group_reduced_formula,4000,dummy_mean,0.94,1.48479
18794,group_reduced_formula,4000,dummy_mean,1.98,1.48479
18795,group_reduced_formula,4000,dummy_mean,0.98,1.48479
18796,group_reduced_formula,4000,dummy_mean,1.54,1.48479
18805,group_reduced_formula,4000,dummy_mean,2.0,1.48479
18806,group_reduced_formula,4000,dummy_mean,-0.24,1.48479
18808,group_reduced_formula,4000,dummy_mean,1.5,1.48479
18825,group_reduced_formula,4000,dummy_mean,0.68,1.48479
18840,group_reduced_formula,4000,dummy_mean,0.9,1.48479
18843,group_reduced_formula,4000,dummy_mean,1.14,1.48479
18848,group_reduced_formula,4000,dummy_mean,1.76,1.48479
18874,group_reduced_formula,4000,dummy_mean,0.86,1.48479
18876,group_reduced_formula,4000,dummy_mean,1.48,1.48479
18888,group_reduced_formula,4000,dummy_mean,1.28,1.48479
18901,group_reduced_formula,4000,dummy_mean,0.76,1.48479
18904,group_reduced_formula,4000,dummy_mean,2.36,1.48479
18922,group_reduced_formula,4000,dummy_mean,1.78,1.48479
18923,group_reduced_formula,4000,dummy_mean,1.66,1.48479
18925,group_reduced_formula,4000,dummy_mean,1.5,1.48479
