sample_id,split_strategy,budget_label,model,y_true,y_pred
3,random_iid,500,rf_starter_descriptors,1.24,1.6443999999999996
6,random_iid,500,rf_starter_descriptors,1.56,2.108
19,random_iid,500,rf_starter_descriptors,0.46,1.2615999999999996
35,random_iid,500,rf_starter_descriptors,1.3,1.5468000000000004
42,random_iid,500,rf_starter_descriptors,1.4,1.1284000000000007
47,random_iid,500,rf_starter_descriptors,0.7,1.0436
57,random_iid,500,rf_starter_descriptors,0.84,1.1684
59,random_iid,500,rf_starter_descriptors,0.64,1.1352000000000004
72,random_iid,500,rf_starter_descriptors,0.82,1.05
88,random_iid,500,rf_starter_descriptors,0.62,1.3464
101,random_iid,500,rf_starter_descriptors,1.48,1.3900000000000008
103,random_iid,500,rf_starter_descriptors,0.42,1.0956000000000001
119,random_iid,500,rf_starter_descriptors,1.7,1.7180000000000002
123,random_iid,500,rf_starter_descriptors,1.0,1.1324000000000003
127,random_iid,500,rf_starter_descriptors,0.48,1.6984000000000006
134,random_iid,500,rf_starter_descriptors,0.56,1.1352
137,random_iid,500,rf_starter_descriptors,1.6,2.4139999999999997
169,random_iid,500,rf_starter_descriptors,-0.04,1.0536000000000008
200,random_iid,500,rf_starter_descriptors,2.18,1.9368000000000003
217,random_iid,500,rf_starter_descriptors,1.42,1.5104000000000002
247,random_iid,500,rf_starter_descriptors,0.84,0.8399999999999997
251,random_iid,500,rf_starter_descriptors,0.14,1.1212000000000004
273,random_iid,500,rf_starter_descriptors,0.92,1.3679999999999999
286,random_iid,500,rf_starter_descriptors,1.14,1.006
290,random_iid,500,rf_starter_descriptors,1.22,1.1308
291,random_iid,500,rf_starter_descriptors,2.66,2.336799999999999
313,random_iid,500,rf_starter_descriptors,0.82,1.4684
322,random_iid,500,rf_starter_descriptors,1.62,1.3739999999999992
323,random_iid,500,rf_starter_descriptors,0.42,0.9835999999999997
326,random_iid,500,rf_starter_descriptors,0.32,0.9604000000000003
327,random_iid,500,rf_starter_descriptors,1.18,2.0443999999999996
344,random_iid,500,rf_starter_descriptors,1.46,1.6535999999999993
351,random_iid,500,rf_starter_descriptors,1.62,1.5095999999999998
361,random_iid,500,rf_starter_descriptors,0.8,1.5992
379,random_iid,500,rf_starter_descriptors,2.4,1.8739999999999997
387,random_iid,500,rf_starter_descriptors,2.02,1.0195999999999996
401,random_iid,500,rf_starter_descriptors,0.88,1.8923999999999999
409,random_iid,500,rf_starter_descriptors,1.42,1.3776
410,random_iid,500,rf_starter_descriptors,1.0,1.5595999999999992
423,random_iid,500,rf_starter_descriptors,0.98,1.1339999999999997
424,random_iid,500,rf_starter_descriptors,1.9,1.6468000000000003
438,random_iid,500,rf_starter_descriptors,1.3,1.3812
450,random_iid,500,rf_starter_descriptors,1.2,1.1491999999999996
460,random_iid,500,rf_starter_descriptors,1.0,1.4192000000000002
467,random_iid,500,rf_starter_descriptors,0.08,1.006
476,random_iid,500,rf_starter_descriptors,0.72,1.252
485,random_iid,500,rf_starter_descriptors,0.84,1.0784000000000002
487,random_iid,500,rf_starter_descriptors,0.6,1.8527999999999998
542,random_iid,500,rf_starter_descriptors,2.46,1.856799999999999
549,random_iid,500,rf_starter_descriptors,0.88,1.2436000000000003
553,random_iid,500,rf_starter_descriptors,2.56,1.5668000000000009
558,random_iid,500,rf_starter_descriptors,1.26,1.5367999999999995
563,random_iid,500,rf_starter_descriptors,1.62,1.2248
576,random_iid,500,rf_starter_descriptors,2.2,1.4996
608,random_iid,500,rf_starter_descriptors,1.4,1.7059999999999997
621,random_iid,500,rf_starter_descriptors,1.5,1.3251999999999997
635,random_iid,500,rf_starter_descriptors,0.96,0.9428
651,random_iid,500,rf_starter_descriptors,2.28,1.1303999999999998
657,random_iid,500,rf_starter_descriptors,1.26,1.3995999999999997
705,random_iid,500,rf_starter_descriptors,1.0,1.4648
707,random_iid,500,rf_starter_descriptors,0.64,1.1232
708,random_iid,500,rf_starter_descriptors,0.88,1.2472000000000008
715,random_iid,500,rf_starter_descriptors,1.98,1.8568000000000005
729,random_iid,500,rf_starter_descriptors,0.5,0.9443999999999998
733,random_iid,500,rf_starter_descriptors,2.86,1.4795999999999998
736,random_iid,500,rf_starter_descriptors,1.8,1.1371999999999993
744,random_iid,500,rf_starter_descriptors,1.28,1.3439999999999994
751,random_iid,500,rf_starter_descriptors,1.38,1.9183999999999997
795,random_iid,500,rf_starter_descriptors,0.56,1.0412000000000001
817,random_iid,500,rf_starter_descriptors,0.56,0.7116
820,random_iid,500,rf_starter_descriptors,1.5,0.9432000000000006
828,random_iid,500,rf_starter_descriptors,2.26,1.3959999999999997
852,random_iid,500,rf_starter_descriptors,2.46,1.6852
856,random_iid,500,rf_starter_descriptors,1.4,1.3824
878,random_iid,500,rf_starter_descriptors,2.66,1.844
927,random_iid,500,rf_starter_descriptors,0.32,1.3755999999999995
928,random_iid,500,rf_starter_descriptors,0.66,1.1016000000000004
936,random_iid,500,rf_starter_descriptors,0.84,0.8184000000000003
960,random_iid,500,rf_starter_descriptors,1.12,1.9823999999999997
963,random_iid,500,rf_starter_descriptors,1.62,1.3279999999999996
967,random_iid,500,rf_starter_descriptors,1.58,1.6776000000000002
970,random_iid,500,rf_starter_descriptors,1.28,1.2024000000000001
971,random_iid,500,rf_starter_descriptors,2.2,1.1588
977,random_iid,500,rf_starter_descriptors,1.24,1.5064
980,random_iid,500,rf_starter_descriptors,1.42,1.1143999999999998
1020,random_iid,500,rf_starter_descriptors,0.72,1.7192000000000005
1023,random_iid,500,rf_starter_descriptors,1.46,1.6887999999999999
1026,random_iid,500,rf_starter_descriptors,2.56,1.5819999999999999
1027,random_iid,500,rf_starter_descriptors,1.38,1.4140000000000001
1034,random_iid,500,rf_starter_descriptors,0.72,1.0836000000000003
1035,random_iid,500,rf_starter_descriptors,1.28,1.7191999999999996
1066,random_iid,500,rf_starter_descriptors,1.24,1.2863999999999998
1071,random_iid,500,rf_starter_descriptors,1.6,1.7191999999999998
1084,random_iid,500,rf_starter_descriptors,2.42,1.6743999999999994
1086,random_iid,500,rf_starter_descriptors,0.6,1.1912000000000007
1087,random_iid,500,rf_starter_descriptors,0.9,1.5260000000000011
1092,random_iid,500,rf_starter_descriptors,0.9,1.076
1114,random_iid,500,rf_starter_descriptors,1.02,1.3799999999999988
1144,random_iid,500,rf_starter_descriptors,2.02,1.6891999999999998
1147,random_iid,500,rf_starter_descriptors,2.66,2.3384000000000005
1157,random_iid,500,rf_starter_descriptors,3.72,2.0784000000000002
1158,random_iid,500,rf_starter_descriptors,2.24,1.3364000000000005
1162,random_iid,500,rf_starter_descriptors,0.98,1.1636
1163,random_iid,500,rf_starter_descriptors,2.88,1.7627999999999997
1182,random_iid,500,rf_starter_descriptors,0.46,1.2551999999999999
1199,random_iid,500,rf_starter_descriptors,2.24,2.5291999999999994
1213,random_iid,500,rf_starter_descriptors,1.48,1.5992
1261,random_iid,500,rf_starter_descriptors,1.4,1.222
1272,random_iid,500,rf_starter_descriptors,1.16,1.5139999999999998
1290,random_iid,500,rf_starter_descriptors,1.46,2.3387999999999995
1297,random_iid,500,rf_starter_descriptors,1.48,1.6088000000000002
1303,random_iid,500,rf_starter_descriptors,2.28,1.5104000000000004
1321,random_iid,500,rf_starter_descriptors,1.18,1.4807999999999995
1323,random_iid,500,rf_starter_descriptors,2.54,1.5299999999999994
1328,random_iid,500,rf_starter_descriptors,0.12,1.2608
1346,random_iid,500,rf_starter_descriptors,2.52,1.9920000000000007
1347,random_iid,500,rf_starter_descriptors,1.38,1.6456000000000004
1350,random_iid,500,rf_starter_descriptors,1.38,1.398
1383,random_iid,500,rf_starter_descriptors,0.66,1.1184
1396,random_iid,500,rf_starter_descriptors,1.56,1.2752
1397,random_iid,500,rf_starter_descriptors,1.18,1.5432000000000001
1419,random_iid,500,rf_starter_descriptors,1.4,1.0871999999999997
1427,random_iid,500,rf_starter_descriptors,3.78,1.6251999999999998
1429,random_iid,500,rf_starter_descriptors,1.94,0.9055999999999998
1430,random_iid,500,rf_starter_descriptors,0.62,1.163599999999999
1444,random_iid,500,rf_starter_descriptors,2.44,1.1428
1450,random_iid,500,rf_starter_descriptors,0.86,1.9568
1453,random_iid,500,rf_starter_descriptors,0.78,1.2372
1456,random_iid,500,rf_starter_descriptors,1.64,1.426
1493,random_iid,500,rf_starter_descriptors,1.04,1.258
1510,random_iid,500,rf_starter_descriptors,1.84,1.6404000000000003
1512,random_iid,500,rf_starter_descriptors,0.94,1.6056000000000004
1527,random_iid,500,rf_starter_descriptors,0.82,1.1523999999999994
1554,random_iid,500,rf_starter_descriptors,1.0,1.4216000000000002
1557,random_iid,500,rf_starter_descriptors,1.0,1.5355999999999996
1580,random_iid,500,rf_starter_descriptors,1.88,1.4088000000000005
1599,random_iid,500,rf_starter_descriptors,1.02,1.3560000000000003
1611,random_iid,500,rf_starter_descriptors,1.16,2.3436000000000003
1624,random_iid,500,rf_starter_descriptors,0.94,1.7523999999999997
1632,random_iid,500,rf_starter_descriptors,1.02,1.1787999999999996
1640,random_iid,500,rf_starter_descriptors,0.82,1.6316000000000006
1697,random_iid,500,rf_starter_descriptors,0.62,0.9032000000000001
1704,random_iid,500,rf_starter_descriptors,2.56,1.4384000000000001
1705,random_iid,500,rf_starter_descriptors,0.94,1.5763999999999996
1710,random_iid,500,rf_starter_descriptors,1.74,2.633599999999999
1712,random_iid,500,rf_starter_descriptors,2.62,2.612399999999999
1722,random_iid,500,rf_starter_descriptors,1.42,1.3576000000000008
1729,random_iid,500,rf_starter_descriptors,1.04,1.5272
1730,random_iid,500,rf_starter_descriptors,1.52,1.6887999999999999
1747,random_iid,500,rf_starter_descriptors,0.54,1.3868
1768,random_iid,500,rf_starter_descriptors,1.36,2.253999999999999
1804,random_iid,500,rf_starter_descriptors,0.52,1.1824000000000003
1807,random_iid,500,rf_starter_descriptors,2.22,1.3011999999999997
1838,random_iid,500,rf_starter_descriptors,1.28,1.2723999999999998
1862,random_iid,500,rf_starter_descriptors,0.68,1.704
1869,random_iid,500,rf_starter_descriptors,0.9,1.7479999999999989
1901,random_iid,500,rf_starter_descriptors,0.7,0.9507999999999996
1905,random_iid,500,rf_starter_descriptors,1.34,1.4472
1944,random_iid,500,rf_starter_descriptors,0.62,1.5923999999999998
1952,random_iid,500,rf_starter_descriptors,0.22,0.8872000000000004
1957,random_iid,500,rf_starter_descriptors,2.22,1.0268000000000002
1981,random_iid,500,rf_starter_descriptors,1.96,2.1148000000000002
1983,random_iid,500,rf_starter_descriptors,1.16,1.7660000000000005
2008,random_iid,500,rf_starter_descriptors,1.62,1.1227999999999998
2020,random_iid,500,rf_starter_descriptors,2.04,1.1948000000000003
2026,random_iid,500,rf_starter_descriptors,0.82,1.6747999999999994
2043,random_iid,500,rf_starter_descriptors,0.66,0.7771999999999997
2066,random_iid,500,rf_starter_descriptors,0.72,1.1376
2078,random_iid,500,rf_starter_descriptors,1.12,1.3568
2111,random_iid,500,rf_starter_descriptors,1.56,1.6856000000000002
2112,random_iid,500,rf_starter_descriptors,2.36,1.5124000000000006
2117,random_iid,500,rf_starter_descriptors,1.6,1.6192000000000006
2119,random_iid,500,rf_starter_descriptors,1.0,0.9119999999999999
2127,random_iid,500,rf_starter_descriptors,1.84,1.2783999999999995
2129,random_iid,500,rf_starter_descriptors,1.24,1.2276000000000002
2136,random_iid,500,rf_starter_descriptors,1.32,1.1864
2145,random_iid,500,rf_starter_descriptors,1.6,1.6039999999999999
2152,random_iid,500,rf_starter_descriptors,0.82,1.1912
2167,random_iid,500,rf_starter_descriptors,2.98,2.547999999999999
2174,random_iid,500,rf_starter_descriptors,2.36,1.026
2177,random_iid,500,rf_starter_descriptors,1.36,1.3716
2189,random_iid,500,rf_starter_descriptors,1.44,1.8335999999999997
2214,random_iid,500,rf_starter_descriptors,2.9,2.960399999999998
2221,random_iid,500,rf_starter_descriptors,0.22,1.922800000000001
2232,random_iid,500,rf_starter_descriptors,2.0,1.4055999999999997
2238,random_iid,500,rf_starter_descriptors,0.84,0.8451999999999998
2247,random_iid,500,rf_starter_descriptors,0.56,1.9588000000000005
2250,random_iid,500,rf_starter_descriptors,1.46,1.657599999999999
2255,random_iid,500,rf_starter_descriptors,0.7,1.8495999999999992
2266,random_iid,500,rf_starter_descriptors,1.88,1.7668000000000006
2267,random_iid,500,rf_starter_descriptors,1.16,1.1352000000000002
2270,random_iid,500,rf_starter_descriptors,1.46,1.0028
2271,random_iid,500,rf_starter_descriptors,1.46,1.1860000000000006
2279,random_iid,500,rf_starter_descriptors,1.26,1.2564000000000002
2281,random_iid,500,rf_starter_descriptors,1.98,1.7428
2298,random_iid,500,rf_starter_descriptors,1.52,2.0492
2300,random_iid,500,rf_starter_descriptors,1.16,0.9803999999999999
2301,random_iid,500,rf_starter_descriptors,4.0,1.8551999999999995
2308,random_iid,500,rf_starter_descriptors,1.82,1.2839999999999996
2312,random_iid,500,rf_starter_descriptors,1.74,1.1083999999999998
2315,random_iid,500,rf_starter_descriptors,0.82,1.0727999999999995
2319,random_iid,500,rf_starter_descriptors,0.98,1.5844
2325,random_iid,500,rf_starter_descriptors,1.7,1.1892000000000005
2334,random_iid,500,rf_starter_descriptors,0.38,1.7919999999999996
2360,random_iid,500,rf_starter_descriptors,1.82,1.2348000000000001
2388,random_iid,500,rf_starter_descriptors,2.92,1.2932000000000001
2392,random_iid,500,rf_starter_descriptors,0.74,1.5660000000000005
2403,random_iid,500,rf_starter_descriptors,1.64,1.1979999999999997
2405,random_iid,500,rf_starter_descriptors,2.14,1.3583999999999998
2408,random_iid,500,rf_starter_descriptors,1.26,1.0328000000000004
2414,random_iid,500,rf_starter_descriptors,0.76,0.7919999999999994
2439,random_iid,500,rf_starter_descriptors,0.84,1.4988000000000006
2445,random_iid,500,rf_starter_descriptors,1.0,1.5055999999999998
2448,random_iid,500,rf_starter_descriptors,0.78,1.3476
2458,random_iid,500,rf_starter_descriptors,0.26,1.0772000000000002
2480,random_iid,500,rf_starter_descriptors,2.36,1.7979999999999998
2483,random_iid,500,rf_starter_descriptors,0.58,0.9864000000000002
2485,random_iid,500,rf_starter_descriptors,2.82,2.6860000000000004
2495,random_iid,500,rf_starter_descriptors,1.34,0.7935999999999999
2498,random_iid,500,rf_starter_descriptors,0.6,1.0912000000000004
2501,random_iid,500,rf_starter_descriptors,2.4,1.53
2503,random_iid,500,rf_starter_descriptors,1.2,1.0024000000000004
2516,random_iid,500,rf_starter_descriptors,1.24,1.2736000000000005
2519,random_iid,500,rf_starter_descriptors,1.62,1.1027999999999998
2534,random_iid,500,rf_starter_descriptors,0.82,1.3947999999999994
2540,random_iid,500,rf_starter_descriptors,0.86,1.4676000000000002
2554,random_iid,500,rf_starter_descriptors,3.26,1.3820000000000001
2583,random_iid,500,rf_starter_descriptors,1.34,1.3888000000000005
2585,random_iid,500,rf_starter_descriptors,1.52,1.6611999999999998
2589,random_iid,500,rf_starter_descriptors,0.96,1.1684
2602,random_iid,500,rf_starter_descriptors,1.3,1.7796
2605,random_iid,500,rf_starter_descriptors,1.88,1.9072000000000013
2609,random_iid,500,rf_starter_descriptors,1.22,1.3184
2614,random_iid,500,rf_starter_descriptors,1.42,1.7311999999999994
2616,random_iid,500,rf_starter_descriptors,2.0,1.5523999999999996
2626,random_iid,500,rf_starter_descriptors,1.46,1.1804000000000001
2635,random_iid,500,rf_starter_descriptors,2.18,1.5019999999999998
2647,random_iid,500,rf_starter_descriptors,1.0,1.6599999999999995
2662,random_iid,500,rf_starter_descriptors,1.46,1.1959999999999997
2676,random_iid,500,rf_starter_descriptors,0.76,1.8488000000000009
2677,random_iid,500,rf_starter_descriptors,1.28,1.6691999999999996
2678,random_iid,500,rf_starter_descriptors,2.12,1.4784
2680,random_iid,500,rf_starter_descriptors,2.66,1.8576
2684,random_iid,500,rf_starter_descriptors,1.9,1.8076000000000008
2697,random_iid,500,rf_starter_descriptors,2.0,0.6951999999999998
2698,random_iid,500,rf_starter_descriptors,0.92,1.026
2704,random_iid,500,rf_starter_descriptors,1.24,1.4704000000000002
2712,random_iid,500,rf_starter_descriptors,1.3,1.4128
2730,random_iid,500,rf_starter_descriptors,1.46,2.1900000000000004
2740,random_iid,500,rf_starter_descriptors,1.16,1.1375999999999997
2771,random_iid,500,rf_starter_descriptors,0.94,1.8711999999999995
2796,random_iid,500,rf_starter_descriptors,2.76,2.1235999999999997
2797,random_iid,500,rf_starter_descriptors,1.14,1.274
2805,random_iid,500,rf_starter_descriptors,1.4,1.3507999999999998
2826,random_iid,500,rf_starter_descriptors,1.3,1.5976000000000001
2848,random_iid,500,rf_starter_descriptors,1.8,2.3528000000000007
2856,random_iid,500,rf_starter_descriptors,1.4,1.1748000000000003
2862,random_iid,500,rf_starter_descriptors,0.56,1.6251999999999993
2878,random_iid,500,rf_starter_descriptors,2.96,2.1788
2879,random_iid,500,rf_starter_descriptors,1.78,0.9504
2929,random_iid,500,rf_starter_descriptors,1.08,1.1340000000000001
2937,random_iid,500,rf_starter_descriptors,2.2,1.8988000000000003
2948,random_iid,500,rf_starter_descriptors,1.24,1.6528000000000003
2954,random_iid,500,rf_starter_descriptors,1.48,1.0931999999999995
2958,random_iid,500,rf_starter_descriptors,1.26,1.4828000000000001
2959,random_iid,500,rf_starter_descriptors,1.54,1.4284000000000001
2968,random_iid,500,rf_starter_descriptors,2.42,1.7644000000000002
2974,random_iid,500,rf_starter_descriptors,0.72,1.2163999999999995
2981,random_iid,500,rf_starter_descriptors,0.84,2.068400000000001
2998,random_iid,500,rf_starter_descriptors,2.14,2.3368000000000015
3011,random_iid,500,rf_starter_descriptors,1.64,1.4379999999999997
3015,random_iid,500,rf_starter_descriptors,2.24,1.8444000000000005
3023,random_iid,500,rf_starter_descriptors,0.98,1.2548
3043,random_iid,500,rf_starter_descriptors,1.22,2.3508
3048,random_iid,500,rf_starter_descriptors,0.48,1.0075999999999994
3059,random_iid,500,rf_starter_descriptors,3.44,1.56
3073,random_iid,500,rf_starter_descriptors,2.14,1.8267999999999998
3077,random_iid,500,rf_starter_descriptors,1.56,1.5028000000000006
3105,random_iid,500,rf_starter_descriptors,1.84,1.5491999999999997
3106,random_iid,500,rf_starter_descriptors,0.42,1.0051999999999999
3128,random_iid,500,rf_starter_descriptors,1.34,1.2095999999999998
3165,random_iid,500,rf_starter_descriptors,1.34,1.2288
3169,random_iid,500,rf_starter_descriptors,4.58,2.3479999999999976
3194,random_iid,500,rf_starter_descriptors,2.82,1.8388
3200,random_iid,500,rf_starter_descriptors,1.22,1.2484000000000002
3207,random_iid,500,rf_starter_descriptors,1.38,0.9300000000000004
3230,random_iid,500,rf_starter_descriptors,2.12,1.8896000000000006
3233,random_iid,500,rf_starter_descriptors,3.1,1.4936
3234,random_iid,500,rf_starter_descriptors,0.78,0.5800000000000003
3245,random_iid,500,rf_starter_descriptors,1.46,1.1340000000000006
3248,random_iid,500,rf_starter_descriptors,1.06,1.2603999999999997
3263,random_iid,500,rf_starter_descriptors,0.48,1.9756000000000002
3268,random_iid,500,rf_starter_descriptors,1.34,1.1292000000000004
3274,random_iid,500,rf_starter_descriptors,0.34,1.3532000000000002
3282,random_iid,500,rf_starter_descriptors,0.46,1.2615999999999998
3287,random_iid,500,rf_starter_descriptors,1.58,1.1031999999999997
3295,random_iid,500,rf_starter_descriptors,1.78,1.7988000000000002
3298,random_iid,500,rf_starter_descriptors,0.42,1.4724000000000002
3310,random_iid,500,rf_starter_descriptors,0.94,1.5775999999999997
3323,random_iid,500,rf_starter_descriptors,1.14,1.2996
3341,random_iid,500,rf_starter_descriptors,0.0,1.1891999999999996
3350,random_iid,500,rf_starter_descriptors,1.6,1.1551999999999996
3352,random_iid,500,rf_starter_descriptors,1.54,1.8480000000000003
3353,random_iid,500,rf_starter_descriptors,0.34,1.6787999999999998
3379,random_iid,500,rf_starter_descriptors,2.1,1.6887999999999999
3421,random_iid,500,rf_starter_descriptors,0.3,1.5395999999999994
3425,random_iid,500,rf_starter_descriptors,2.16,2.2795999999999994
3429,random_iid,500,rf_starter_descriptors,1.7,1.1559999999999997
3461,random_iid,500,rf_starter_descriptors,2.12,0.7763999999999998
3468,random_iid,500,rf_starter_descriptors,1.28,1.168
3472,random_iid,500,rf_starter_descriptors,2.58,1.3272000000000006
3477,random_iid,500,rf_starter_descriptors,0.1,0.8612000000000002
3485,random_iid,500,rf_starter_descriptors,1.96,1.790000000000001
3486,random_iid,500,rf_starter_descriptors,1.58,1.2716
3526,random_iid,500,rf_starter_descriptors,2.2,2.096799999999999
3528,random_iid,500,rf_starter_descriptors,3.0,2.6307999999999994
3532,random_iid,500,rf_starter_descriptors,1.06,1.9448000000000005
3545,random_iid,500,rf_starter_descriptors,0.2,0.9264
3547,random_iid,500,rf_starter_descriptors,1.6,1.4583999999999995
3562,random_iid,500,rf_starter_descriptors,1.38,1.1616000000000004
3570,random_iid,500,rf_starter_descriptors,2.66,1.8523999999999992
3572,random_iid,500,rf_starter_descriptors,1.74,2.0744000000000016
3585,random_iid,500,rf_starter_descriptors,2.34,1.7832000000000008
3588,random_iid,500,rf_starter_descriptors,2.94,1.5395999999999992
3608,random_iid,500,rf_starter_descriptors,0.76,1.763600000000001
3616,random_iid,500,rf_starter_descriptors,2.02,1.2123999999999995
3617,random_iid,500,rf_starter_descriptors,2.34,1.1259999999999994
3623,random_iid,500,rf_starter_descriptors,1.98,1.0683999999999996
3635,random_iid,500,rf_starter_descriptors,0.64,1.0984
3651,random_iid,500,rf_starter_descriptors,2.9,2.6248
3656,random_iid,500,rf_starter_descriptors,0.98,1.2100000000000002
3684,random_iid,500,rf_starter_descriptors,0.36,1.6639999999999995
3703,random_iid,500,rf_starter_descriptors,1.32,1.0996000000000001
3704,random_iid,500,rf_starter_descriptors,1.32,1.6724000000000003
3707,random_iid,500,rf_starter_descriptors,2.64,2.461199999999999
3721,random_iid,500,rf_starter_descriptors,1.94,1.5603999999999991
3725,random_iid,500,rf_starter_descriptors,2.88,2.9912
3733,random_iid,500,rf_starter_descriptors,1.3,1.2504000000000004
3739,random_iid,500,rf_starter_descriptors,3.46,2.4799999999999995
3746,random_iid,500,rf_starter_descriptors,1.4,1.3264000000000005
3753,random_iid,500,rf_starter_descriptors,1.28,1.0044
3755,random_iid,500,rf_starter_descriptors,1.44,1.3755999999999995
3776,random_iid,500,rf_starter_descriptors,1.58,0.6699999999999997
3781,random_iid,500,rf_starter_descriptors,1.28,0.9980000000000004
3788,random_iid,500,rf_starter_descriptors,2.04,1.5672000000000004
3798,random_iid,500,rf_starter_descriptors,0.56,1.602
3821,random_iid,500,rf_starter_descriptors,0.96,2.1676000000000006
3844,random_iid,500,rf_starter_descriptors,2.94,1.8004000000000002
3848,random_iid,500,rf_starter_descriptors,-0.08,0.9064000000000004
3851,random_iid,500,rf_starter_descriptors,0.94,1.0756000000000001
3857,random_iid,500,rf_starter_descriptors,0.9,1.0995999999999997
3860,random_iid,500,rf_starter_descriptors,1.36,1.428
3865,random_iid,500,rf_starter_descriptors,1.94,1.4636000000000005
3886,random_iid,500,rf_starter_descriptors,0.7,1.0064
3894,random_iid,500,rf_starter_descriptors,0.4,0.922
3910,random_iid,500,rf_starter_descriptors,0.86,1.2688000000000001
3919,random_iid,500,rf_starter_descriptors,0.08,1.6675999999999995
3934,random_iid,500,rf_starter_descriptors,2.8,1.8656000000000008
3938,random_iid,500,rf_starter_descriptors,2.26,1.1512000000000002
3948,random_iid,500,rf_starter_descriptors,1.78,1.7872000000000006
3974,random_iid,500,rf_starter_descriptors,2.74,2.4124000000000017
3975,random_iid,500,rf_starter_descriptors,1.24,1.5436000000000005
3984,random_iid,500,rf_starter_descriptors,1.2,1.8551999999999997
4010,random_iid,500,rf_starter_descriptors,0.56,1.2920000000000003
4032,random_iid,500,rf_starter_descriptors,2.3,1.9080000000000004
4046,random_iid,500,rf_starter_descriptors,1.1,1.0079999999999998
4049,random_iid,500,rf_starter_descriptors,2.26,1.7920000000000003
4058,random_iid,500,rf_starter_descriptors,1.24,1.4307999999999996
4061,random_iid,500,rf_starter_descriptors,1.46,1.262
4069,random_iid,500,rf_starter_descriptors,1.68,1.5120000000000002
4073,random_iid,500,rf_starter_descriptors,1.98,0.9167999999999996
4093,random_iid,500,rf_starter_descriptors,2.34,1.2743999999999993
4097,random_iid,500,rf_starter_descriptors,1.48,1.7068000000000005
4101,random_iid,500,rf_starter_descriptors,1.32,1.4379999999999997
4105,random_iid,500,rf_starter_descriptors,3.9,2.856
4110,random_iid,500,rf_starter_descriptors,1.88,1.2664000000000002
4115,random_iid,500,rf_starter_descriptors,0.76,1.1276
4126,random_iid,500,rf_starter_descriptors,2.48,1.7796000000000007
4128,random_iid,500,rf_starter_descriptors,1.46,1.6095999999999993
4149,random_iid,500,rf_starter_descriptors,1.82,1.7579999999999993
4153,random_iid,500,rf_starter_descriptors,1.12,1.6099999999999997
4156,random_iid,500,rf_starter_descriptors,2.56,1.4404000000000001
4166,random_iid,500,rf_starter_descriptors,1.78,1.1487999999999998
4178,random_iid,500,rf_starter_descriptors,1.86,2.1232000000000006
4193,random_iid,500,rf_starter_descriptors,0.44,1.0916000000000003
4205,random_iid,500,rf_starter_descriptors,1.5,0.8124000000000001
4245,random_iid,500,rf_starter_descriptors,2.14,1.3907999999999996
4269,random_iid,500,rf_starter_descriptors,1.58,1.6935999999999998
4286,random_iid,500,rf_starter_descriptors,2.04,1.3591999999999995
4291,random_iid,500,rf_starter_descriptors,0.62,0.9567999999999999
4304,random_iid,500,rf_starter_descriptors,1.92,1.5719999999999996
4318,random_iid,500,rf_starter_descriptors,1.92,1.0108
4325,random_iid,500,rf_starter_descriptors,1.62,1.6271999999999998
4328,random_iid,500,rf_starter_descriptors,2.08,1.6219999999999999
4333,random_iid,500,rf_starter_descriptors,1.86,1.3608000000000002
4338,random_iid,500,rf_starter_descriptors,2.14,1.6587999999999994
4339,random_iid,500,rf_starter_descriptors,1.68,1.3792000000000002
4344,random_iid,500,rf_starter_descriptors,2.98,1.2267999999999997
4351,random_iid,500,rf_starter_descriptors,1.26,1.4911999999999994
4375,random_iid,500,rf_starter_descriptors,1.22,1.3432
4385,random_iid,500,rf_starter_descriptors,1.14,2.0427999999999993
4393,random_iid,500,rf_starter_descriptors,1.0,0.9592
4400,random_iid,500,rf_starter_descriptors,1.14,1.4735999999999998
4401,random_iid,500,rf_starter_descriptors,1.0,1.8276
4407,random_iid,500,rf_starter_descriptors,1.22,1.5919999999999996
4411,random_iid,500,rf_starter_descriptors,0.88,1.2752
4438,random_iid,500,rf_starter_descriptors,3.22,1.4436000000000004
4445,random_iid,500,rf_starter_descriptors,0.48,1.2179999999999997
4462,random_iid,500,rf_starter_descriptors,0.72,1.3880000000000001
4475,random_iid,500,rf_starter_descriptors,2.42,1.5963999999999996
4488,random_iid,500,rf_starter_descriptors,2.5,1.0647999999999995
4501,random_iid,500,rf_starter_descriptors,0.78,1.6972
4510,random_iid,500,rf_starter_descriptors,0.96,1.0684
4525,random_iid,500,rf_starter_descriptors,1.74,1.2268
4547,random_iid,500,rf_starter_descriptors,0.44,0.8328000000000003
4548,random_iid,500,rf_starter_descriptors,1.92,1.6436000000000002
4572,random_iid,500,rf_starter_descriptors,1.68,1.569600000000001
4574,random_iid,500,rf_starter_descriptors,0.38,1.5148000000000004
4577,random_iid,500,rf_starter_descriptors,1.9,1.1320000000000001
4590,random_iid,500,rf_starter_descriptors,1.16,1.1667999999999998
4596,random_iid,500,rf_starter_descriptors,2.6,2.199600000000001
4600,random_iid,500,rf_starter_descriptors,1.84,1.7015999999999993
4602,random_iid,500,rf_starter_descriptors,2.42,2.463600000000001
4614,random_iid,500,rf_starter_descriptors,1.94,0.8867999999999995
4618,random_iid,500,rf_starter_descriptors,1.1,1.5527999999999997
4629,random_iid,500,rf_starter_descriptors,0.68,1.2723999999999998
4634,random_iid,500,rf_starter_descriptors,1.24,1.4352
4638,random_iid,500,rf_starter_descriptors,0.8,1.2599999999999998
4667,random_iid,500,rf_starter_descriptors,0.22,0.7512000000000001
4693,random_iid,500,rf_starter_descriptors,1.08,1.7248000000000008
4706,random_iid,500,rf_starter_descriptors,1.48,1.1787999999999996
4720,random_iid,500,rf_starter_descriptors,3.54,1.5160000000000002
4730,random_iid,500,rf_starter_descriptors,1.54,1.07
4731,random_iid,500,rf_starter_descriptors,2.42,1.9752
4738,random_iid,500,rf_starter_descriptors,2.06,1.4687999999999997
4739,random_iid,500,rf_starter_descriptors,0.58,0.7739999999999996
4743,random_iid,500,rf_starter_descriptors,0.02,0.8711999999999998
4762,random_iid,500,rf_starter_descriptors,1.34,1.4172000000000002
4771,random_iid,500,rf_starter_descriptors,1.1,1.9516
4788,random_iid,500,rf_starter_descriptors,1.64,1.2296000000000002
4822,random_iid,500,rf_starter_descriptors,0.26,1.0211999999999997
4824,random_iid,500,rf_starter_descriptors,1.4,1.2823999999999993
4828,random_iid,500,rf_starter_descriptors,1.78,1.4396
4836,random_iid,500,rf_starter_descriptors,2.4,1.892800000000001
4843,random_iid,500,rf_starter_descriptors,1.54,1.2076000000000005
4856,random_iid,500,rf_starter_descriptors,1.38,1.2575999999999998
4860,random_iid,500,rf_starter_descriptors,0.1,0.7747999999999999
4881,random_iid,500,rf_starter_descriptors,0.44,1.2100000000000002
4884,random_iid,500,rf_starter_descriptors,0.42,1.0387999999999995
4899,random_iid,500,rf_starter_descriptors,1.08,1.1907999999999996
4909,random_iid,500,rf_starter_descriptors,2.12,0.8360000000000001
4918,random_iid,500,rf_starter_descriptors,3.64,1.9295999999999998
4929,random_iid,500,rf_starter_descriptors,0.96,1.542000000000001
4935,random_iid,500,rf_starter_descriptors,0.96,1.2200000000000004
4936,random_iid,500,rf_starter_descriptors,-0.42,0.9148000000000001
4954,random_iid,500,rf_starter_descriptors,0.96,0.8979999999999997
4973,random_iid,500,rf_starter_descriptors,0.84,1.1471999999999998
4977,random_iid,500,rf_starter_descriptors,2.2,1.4243999999999999
4981,random_iid,500,rf_starter_descriptors,1.6,1.3256000000000006
4982,random_iid,500,rf_starter_descriptors,0.58,1.3148000000000002
4983,random_iid,500,rf_starter_descriptors,2.7,1.7528000000000004
4989,random_iid,500,rf_starter_descriptors,2.0,1.5144
4999,random_iid,500,rf_starter_descriptors,0.98,2.0919999999999996
5000,random_iid,500,rf_starter_descriptors,1.22,1.9300000000000004
5019,random_iid,500,rf_starter_descriptors,1.76,1.2736
5020,random_iid,500,rf_starter_descriptors,1.1,1.0048000000000004
5022,random_iid,500,rf_starter_descriptors,0.42,1.5908000000000004
5026,random_iid,500,rf_starter_descriptors,1.26,0.9144
5028,random_iid,500,rf_starter_descriptors,0.52,1.1844000000000003
5035,random_iid,500,rf_starter_descriptors,1.18,1.3320000000000005
5038,random_iid,500,rf_starter_descriptors,1.8,1.3356000000000001
5069,random_iid,500,rf_starter_descriptors,1.98,1.2240000000000002
5094,random_iid,500,rf_starter_descriptors,1.02,1.2656
5106,random_iid,500,rf_starter_descriptors,1.98,2.5243999999999995
5107,random_iid,500,rf_starter_descriptors,1.2,1.3375999999999992
5112,random_iid,500,rf_starter_descriptors,1.8,1.4631999999999998
5116,random_iid,500,rf_starter_descriptors,0.16,1.4540000000000006
5118,random_iid,500,rf_starter_descriptors,0.8,1.1532000000000004
5129,random_iid,500,rf_starter_descriptors,0.62,1.1864000000000006
5133,random_iid,500,rf_starter_descriptors,3.42,1.9379999999999997
5148,random_iid,500,rf_starter_descriptors,1.08,1.7972000000000006
5170,random_iid,500,rf_starter_descriptors,2.76,1.5435999999999996
5182,random_iid,500,rf_starter_descriptors,2.68,2.3592
5186,random_iid,500,rf_starter_descriptors,1.82,1.0984000000000005
5194,random_iid,500,rf_starter_descriptors,3.48,2.278
5195,random_iid,500,rf_starter_descriptors,1.76,1.6296000000000004
5203,random_iid,500,rf_starter_descriptors,1.44,0.8771999999999999
5217,random_iid,500,rf_starter_descriptors,1.38,1.3703999999999996
5219,random_iid,500,rf_starter_descriptors,2.18,1.5536
5224,random_iid,500,rf_starter_descriptors,0.86,1.8780000000000001
5230,random_iid,500,rf_starter_descriptors,1.06,1.4316000000000002
5267,random_iid,500,rf_starter_descriptors,0.84,1.1395999999999997
5280,random_iid,500,rf_starter_descriptors,1.04,1.6300000000000003
5282,random_iid,500,rf_starter_descriptors,2.06,1.4372000000000003
5337,random_iid,500,rf_starter_descriptors,0.82,0.816
5343,random_iid,500,rf_starter_descriptors,1.04,1.5712000000000002
5348,random_iid,500,rf_starter_descriptors,1.68,2.1843999999999992
5358,random_iid,500,rf_starter_descriptors,1.52,1.7759999999999996
5363,random_iid,500,rf_starter_descriptors,0.88,0.9140000000000001
5380,random_iid,500,rf_starter_descriptors,1.72,1.3951999999999996
5386,random_iid,500,rf_starter_descriptors,1.86,1.3812000000000004
5391,random_iid,500,rf_starter_descriptors,2.34,1.3943999999999996
5416,random_iid,500,rf_starter_descriptors,1.82,1.6471999999999998
5421,random_iid,500,rf_starter_descriptors,2.44,2.104
5426,random_iid,500,rf_starter_descriptors,0.86,0.9423999999999996
5441,random_iid,500,rf_starter_descriptors,1.2,1.244
5446,random_iid,500,rf_starter_descriptors,1.32,1.7499999999999998
5458,random_iid,500,rf_starter_descriptors,2.72,1.6788000000000003
5460,random_iid,500,rf_starter_descriptors,1.58,1.5228000000000008
5465,random_iid,500,rf_starter_descriptors,1.08,1.3663999999999998
5466,random_iid,500,rf_starter_descriptors,1.2,1.3324000000000007
5474,random_iid,500,rf_starter_descriptors,1.28,0.8031999999999999
5483,random_iid,500,rf_starter_descriptors,1.24,1.3499999999999996
5496,random_iid,500,rf_starter_descriptors,0.5,1.0276
5514,random_iid,500,rf_starter_descriptors,1.48,1.1127999999999998
5527,random_iid,500,rf_starter_descriptors,2.26,1.7667999999999997
5537,random_iid,500,rf_starter_descriptors,1.48,1.1232000000000002
5547,random_iid,500,rf_starter_descriptors,0.78,0.8156
5548,random_iid,500,rf_starter_descriptors,2.1,1.2948000000000002
5549,random_iid,500,rf_starter_descriptors,1.16,1.0676000000000005
5564,random_iid,500,rf_starter_descriptors,1.28,1.7928
5568,random_iid,500,rf_starter_descriptors,0.58,1.102
5572,random_iid,500,rf_starter_descriptors,0.98,1.2216000000000002
5589,random_iid,500,rf_starter_descriptors,1.14,2.5087999999999995
5597,random_iid,500,rf_starter_descriptors,1.26,1.5975999999999992
5620,random_iid,500,rf_starter_descriptors,0.7,1.0492
5654,random_iid,500,rf_starter_descriptors,2.7,1.7768000000000002
5659,random_iid,500,rf_starter_descriptors,2.56,1.4568
5671,random_iid,500,rf_starter_descriptors,1.9,1.5468000000000002
5683,random_iid,500,rf_starter_descriptors,1.34,2.3340000000000005
5701,random_iid,500,rf_starter_descriptors,1.04,0.9819999999999997
5707,random_iid,500,rf_starter_descriptors,1.24,1.4404
5709,random_iid,500,rf_starter_descriptors,1.48,1.5491999999999997
5732,random_iid,500,rf_starter_descriptors,1.4,1.8875999999999997
5748,random_iid,500,rf_starter_descriptors,1.12,1.1440000000000003
5761,random_iid,500,rf_starter_descriptors,1.48,1.2256000000000002
5762,random_iid,500,rf_starter_descriptors,0.8,0.9008000000000003
5764,random_iid,500,rf_starter_descriptors,0.96,1.967200000000001
5770,random_iid,500,rf_starter_descriptors,1.54,0.85
5786,random_iid,500,rf_starter_descriptors,2.34,1.5567999999999993
5787,random_iid,500,rf_starter_descriptors,1.48,1.4415999999999998
5800,random_iid,500,rf_starter_descriptors,1.98,1.4404000000000008
5803,random_iid,500,rf_starter_descriptors,2.86,2.4799999999999995
5814,random_iid,500,rf_starter_descriptors,0.34,1.0608000000000006
5815,random_iid,500,rf_starter_descriptors,1.66,0.9588000000000007
5833,random_iid,500,rf_starter_descriptors,1.46,1.0312000000000001
5841,random_iid,500,rf_starter_descriptors,2.36,1.5155999999999998
5847,random_iid,500,rf_starter_descriptors,1.66,0.8099999999999997
5849,random_iid,500,rf_starter_descriptors,1.64,1.4860000000000009
5858,random_iid,500,rf_starter_descriptors,0.98,1.1711999999999998
5862,random_iid,500,rf_starter_descriptors,1.62,1.4331999999999996
5863,random_iid,500,rf_starter_descriptors,1.42,1.3004000000000002
5885,random_iid,500,rf_starter_descriptors,0.96,1.0380000000000003
5888,random_iid,500,rf_starter_descriptors,2.08,1.6359999999999995
5894,random_iid,500,rf_starter_descriptors,2.4,2.6124000000000005
5915,random_iid,500,rf_starter_descriptors,0.64,1.0868
5921,random_iid,500,rf_starter_descriptors,0.74,1.7108
5927,random_iid,500,rf_starter_descriptors,0.32,1.5284
5928,random_iid,500,rf_starter_descriptors,2.2,2.1923999999999997
5937,random_iid,500,rf_starter_descriptors,2.02,1.8360000000000003
5942,random_iid,500,rf_starter_descriptors,2.32,2.0343999999999998
5954,random_iid,500,rf_starter_descriptors,1.6,0.8443999999999999
5963,random_iid,500,rf_starter_descriptors,2.22,1.0756000000000001
5971,random_iid,500,rf_starter_descriptors,2.62,2.2603999999999997
5990,random_iid,500,rf_starter_descriptors,2.52,2.2559999999999993
6027,random_iid,500,rf_starter_descriptors,0.28,1.0988
6029,random_iid,500,rf_starter_descriptors,1.02,1.0528000000000002
6051,random_iid,500,rf_starter_descriptors,0.92,0.8880000000000001
6053,random_iid,500,rf_starter_descriptors,1.04,1.6756000000000006
6062,random_iid,500,rf_starter_descriptors,1.96,2.0692000000000004
6063,random_iid,500,rf_starter_descriptors,1.32,1.1899999999999997
6067,random_iid,500,rf_starter_descriptors,1.32,1.7072000000000003
6070,random_iid,500,rf_starter_descriptors,1.06,2.3719999999999994
6074,random_iid,500,rf_starter_descriptors,1.48,1.2423999999999997
6084,random_iid,500,rf_starter_descriptors,3.2,0.9351999999999999
6110,random_iid,500,rf_starter_descriptors,1.16,1.8192000000000004
6118,random_iid,500,rf_starter_descriptors,1.18,1.2368000000000001
6128,random_iid,500,rf_starter_descriptors,1.2,1.1131999999999995
6164,random_iid,500,rf_starter_descriptors,1.12,1.3179999999999998
6179,random_iid,500,rf_starter_descriptors,0.42,1.3495999999999995
6193,random_iid,500,rf_starter_descriptors,0.66,1.1743999999999997
6220,random_iid,500,rf_starter_descriptors,1.14,1.4447999999999994
6246,random_iid,500,rf_starter_descriptors,1.1,1.0896000000000001
6252,random_iid,500,rf_starter_descriptors,0.92,1.5104000000000002
6253,random_iid,500,rf_starter_descriptors,1.46,1.5231999999999997
6258,random_iid,500,rf_starter_descriptors,2.3,1.2508000000000004
6267,random_iid,500,rf_starter_descriptors,0.74,1.7412
6271,random_iid,500,rf_starter_descriptors,3.3,1.9904000000000002
6275,random_iid,500,rf_starter_descriptors,1.98,1.8787999999999996
6299,random_iid,500,rf_starter_descriptors,1.68,1.9624000000000004
6315,random_iid,500,rf_starter_descriptors,1.04,1.4583999999999997
6329,random_iid,500,rf_starter_descriptors,1.86,1.3175999999999999
6345,random_iid,500,rf_starter_descriptors,0.6,0.9008000000000002
6348,random_iid,500,rf_starter_descriptors,1.6,1.6987999999999994
6355,random_iid,500,rf_starter_descriptors,1.82,1.0416
6367,random_iid,500,rf_starter_descriptors,4.36,1.0780000000000005
6389,random_iid,500,rf_starter_descriptors,1.66,2.336
6392,random_iid,500,rf_starter_descriptors,1.68,2.0420000000000003
6402,random_iid,500,rf_starter_descriptors,1.7,1.7152
6405,random_iid,500,rf_starter_descriptors,2.76,1.1379999999999997
6417,random_iid,500,rf_starter_descriptors,2.04,1.9575999999999993
6423,random_iid,500,rf_starter_descriptors,1.52,1.1911999999999998
6425,random_iid,500,rf_starter_descriptors,0.72,1.3904000000000003
6440,random_iid,500,rf_starter_descriptors,1.5,1.1588
6442,random_iid,500,rf_starter_descriptors,1.6,1.6411999999999998
6444,random_iid,500,rf_starter_descriptors,0.48,1.0599999999999998
6455,random_iid,500,rf_starter_descriptors,1.0,1.0108000000000001
6462,random_iid,500,rf_starter_descriptors,1.1,0.8040000000000002
6472,random_iid,500,rf_starter_descriptors,0.62,0.9628000000000001
6492,random_iid,500,rf_starter_descriptors,0.86,1.6347999999999998
6504,random_iid,500,rf_starter_descriptors,2.64,1.5008000000000004
6508,random_iid,500,rf_starter_descriptors,0.78,1.1436
6512,random_iid,500,rf_starter_descriptors,1.72,1.1075999999999997
6515,random_iid,500,rf_starter_descriptors,0.9,1.2179999999999997
6517,random_iid,500,rf_starter_descriptors,0.26,1.1604
6527,random_iid,500,rf_starter_descriptors,2.16,1.9412
6532,random_iid,500,rf_starter_descriptors,1.62,1.0536000000000005
6544,random_iid,500,rf_starter_descriptors,2.26,1.4987999999999997
6550,random_iid,500,rf_starter_descriptors,1.14,1.4371999999999998
6577,random_iid,500,rf_starter_descriptors,0.98,1.1848000000000005
6580,random_iid,500,rf_starter_descriptors,0.94,1.9416000000000002
6584,random_iid,500,rf_starter_descriptors,2.84,1.7984
6590,random_iid,500,rf_starter_descriptors,0.22,1.1248000000000005
6600,random_iid,500,rf_starter_descriptors,1.62,1.2384
6601,random_iid,500,rf_starter_descriptors,0.86,1.8836000000000002
6602,random_iid,500,rf_starter_descriptors,1.38,1.7755999999999992
6608,random_iid,500,rf_starter_descriptors,1.74,1.5052
6632,random_iid,500,rf_starter_descriptors,1.16,1.4915999999999996
6641,random_iid,500,rf_starter_descriptors,2.24,1.666800000000001
6647,random_iid,500,rf_starter_descriptors,1.48,1.2963999999999996
6660,random_iid,500,rf_starter_descriptors,0.54,0.8967999999999998
6685,random_iid,500,rf_starter_descriptors,0.96,2.460400000000001
6705,random_iid,500,rf_starter_descriptors,1.88,1.4391999999999998
6717,random_iid,500,rf_starter_descriptors,0.88,0.8820000000000003
6723,random_iid,500,rf_starter_descriptors,1.74,2.6632
6733,random_iid,500,rf_starter_descriptors,1.46,1.4567999999999994
6734,random_iid,500,rf_starter_descriptors,2.22,1.8872000000000002
6735,random_iid,500,rf_starter_descriptors,1.5,1.7204
6740,random_iid,500,rf_starter_descriptors,0.96,1.492
6741,random_iid,500,rf_starter_descriptors,1.78,2.0544000000000007
6758,random_iid,500,rf_starter_descriptors,1.48,1.0488000000000002
6759,random_iid,500,rf_starter_descriptors,0.76,1.4708000000000003
6762,random_iid,500,rf_starter_descriptors,1.58,1.4476
6778,random_iid,500,rf_starter_descriptors,2.3,3.105199999999999
6788,random_iid,500,rf_starter_descriptors,2.28,1.4148000000000007
6804,random_iid,500,rf_starter_descriptors,1.06,1.0624000000000002
6808,random_iid,500,rf_starter_descriptors,1.02,1.0704000000000005
6812,random_iid,500,rf_starter_descriptors,1.04,1.4215999999999998
6813,random_iid,500,rf_starter_descriptors,1.86,1.3204
6814,random_iid,500,rf_starter_descriptors,0.5,1.6512
6826,random_iid,500,rf_starter_descriptors,0.38,0.9256000000000002
6832,random_iid,500,rf_starter_descriptors,0.9,1.2383999999999995
6834,random_iid,500,rf_starter_descriptors,3.1,2.4107999999999987
6863,random_iid,500,rf_starter_descriptors,2.92,1.8863999999999999
6879,random_iid,500,rf_starter_descriptors,1.54,2.4343999999999992
6880,random_iid,500,rf_starter_descriptors,1.04,1.3027999999999997
6907,random_iid,500,rf_starter_descriptors,1.6,1.4215999999999993
6913,random_iid,500,rf_starter_descriptors,1.5,1.8112000000000001
6918,random_iid,500,rf_starter_descriptors,0.7,1.7068000000000003
6925,random_iid,500,rf_starter_descriptors,2.38,1.798
6926,random_iid,500,rf_starter_descriptors,1.44,1.3851999999999998
6934,random_iid,500,rf_starter_descriptors,1.1,1.0992000000000002
6955,random_iid,500,rf_starter_descriptors,0.92,0.9299999999999998
6956,random_iid,500,rf_starter_descriptors,3.1,1.2647999999999997
6958,random_iid,500,rf_starter_descriptors,1.74,2.4675999999999996
6975,random_iid,500,rf_starter_descriptors,1.38,1.2691999999999999
7020,random_iid,500,rf_starter_descriptors,0.34,0.8592000000000004
7021,random_iid,500,rf_starter_descriptors,2.2,1.2515999999999994
7046,random_iid,500,rf_starter_descriptors,1.32,1.6543999999999996
7047,random_iid,500,rf_starter_descriptors,1.12,1.0512000000000004
7053,random_iid,500,rf_starter_descriptors,2.12,1.2399999999999998
7066,random_iid,500,rf_starter_descriptors,1.5,1.1535999999999997
7074,random_iid,500,rf_starter_descriptors,0.76,1.2368000000000003
7078,random_iid,500,rf_starter_descriptors,2.92,1.7123999999999997
7089,random_iid,500,rf_starter_descriptors,1.9,1.0287999999999997
7132,random_iid,500,rf_starter_descriptors,0.78,1.0600000000000005
7138,random_iid,500,rf_starter_descriptors,1.74,1.4552
7139,random_iid,500,rf_starter_descriptors,1.7,1.9671999999999994
7167,random_iid,500,rf_starter_descriptors,3.14,2.811999999999999
7168,random_iid,500,rf_starter_descriptors,1.52,0.9543999999999996
7172,random_iid,500,rf_starter_descriptors,1.84,1.4955999999999998
7180,random_iid,500,rf_starter_descriptors,1.48,1.4015999999999997
7191,random_iid,500,rf_starter_descriptors,2.26,1.1448
7198,random_iid,500,rf_starter_descriptors,1.9,1.1932
7221,random_iid,500,rf_starter_descriptors,0.0,1.6524000000000008
7229,random_iid,500,rf_starter_descriptors,0.7,1.0903999999999996
7250,random_iid,500,rf_starter_descriptors,4.14,2.5039999999999996
7270,random_iid,500,rf_starter_descriptors,1.68,1.4516000000000002
7273,random_iid,500,rf_starter_descriptors,3.26,1.8276
7276,random_iid,500,rf_starter_descriptors,0.4,0.8828000000000003
7285,random_iid,500,rf_starter_descriptors,0.84,1.4799999999999998
7289,random_iid,500,rf_starter_descriptors,2.6,1.7664000000000002
7298,random_iid,500,rf_starter_descriptors,1.12,1.9639999999999997
7300,random_iid,500,rf_starter_descriptors,1.46,0.9904000000000002
7302,random_iid,500,rf_starter_descriptors,1.98,2.123599999999999
7306,random_iid,500,rf_starter_descriptors,1.42,1.5484
7315,random_iid,500,rf_starter_descriptors,2.92,1.905599999999999
7319,random_iid,500,rf_starter_descriptors,0.76,1.3516
7333,random_iid,500,rf_starter_descriptors,0.72,1.3672000000000002
7335,random_iid,500,rf_starter_descriptors,1.4,1.0384000000000002
7337,random_iid,500,rf_starter_descriptors,0.72,1.1448000000000003
7341,random_iid,500,rf_starter_descriptors,3.84,2.791199999999999
7346,random_iid,500,rf_starter_descriptors,2.84,2.0328000000000004
7348,random_iid,500,rf_starter_descriptors,0.72,0.8251999999999997
7353,random_iid,500,rf_starter_descriptors,1.6,1.672
7369,random_iid,500,rf_starter_descriptors,1.1,1.296
7375,random_iid,500,rf_starter_descriptors,1.96,1.1499999999999997
7380,random_iid,500,rf_starter_descriptors,1.52,1.1164
7405,random_iid,500,rf_starter_descriptors,1.6,1.8004000000000004
7414,random_iid,500,rf_starter_descriptors,1.9,1.546
7417,random_iid,500,rf_starter_descriptors,0.74,1.2328000000000003
7428,random_iid,500,rf_starter_descriptors,2.54,1.1432000000000004
7477,random_iid,500,rf_starter_descriptors,1.98,1.7979999999999996
7499,random_iid,500,rf_starter_descriptors,1.66,1.8532000000000004
7506,random_iid,500,rf_starter_descriptors,0.52,1.5051999999999994
7540,random_iid,500,rf_starter_descriptors,1.58,1.1252000000000004
7541,random_iid,500,rf_starter_descriptors,1.58,1.1915999999999998
7550,random_iid,500,rf_starter_descriptors,1.48,1.2928000000000006
7554,random_iid,500,rf_starter_descriptors,2.66,2.1812000000000005
7555,random_iid,500,rf_starter_descriptors,1.34,1.4983999999999997
7562,random_iid,500,rf_starter_descriptors,2.96,2.7072000000000007
7567,random_iid,500,rf_starter_descriptors,1.24,1.4040000000000006
7589,random_iid,500,rf_starter_descriptors,1.28,1.8684000000000012
7590,random_iid,500,rf_starter_descriptors,0.88,0.9768000000000001
7592,random_iid,500,rf_starter_descriptors,1.78,1.6708
7596,random_iid,500,rf_starter_descriptors,1.62,1.8344
7599,random_iid,500,rf_starter_descriptors,1.7,1.2364
7623,random_iid,500,rf_starter_descriptors,2.8,1.6736000000000004
7626,random_iid,500,rf_starter_descriptors,1.7,1.5783999999999994
7639,random_iid,500,rf_starter_descriptors,0.64,1.1236
7656,random_iid,500,rf_starter_descriptors,0.86,1.67
7672,random_iid,500,rf_starter_descriptors,2.08,1.7832000000000008
7726,random_iid,500,rf_starter_descriptors,2.66,1.5039999999999998
7729,random_iid,500,rf_starter_descriptors,1.48,1.4944000000000002
7735,random_iid,500,rf_starter_descriptors,2.54,1.8808000000000005
7747,random_iid,500,rf_starter_descriptors,1.2,1.2604
7753,random_iid,500,rf_starter_descriptors,2.08,1.6652000000000007
7765,random_iid,500,rf_starter_descriptors,2.08,1.7200000000000009
7779,random_iid,500,rf_starter_descriptors,1.7,0.982
7781,random_iid,500,rf_starter_descriptors,1.9,1.0231999999999999
7782,random_iid,500,rf_starter_descriptors,0.56,1.2944
7791,random_iid,500,rf_starter_descriptors,1.58,1.2995999999999994
7794,random_iid,500,rf_starter_descriptors,1.76,1.5667999999999995
7802,random_iid,500,rf_starter_descriptors,1.12,1.2036000000000004
7803,random_iid,500,rf_starter_descriptors,1.1,1.1696000000000004
7814,random_iid,500,rf_starter_descriptors,1.52,1.5419999999999998
7820,random_iid,500,rf_starter_descriptors,1.06,1.3539999999999999
7822,random_iid,500,rf_starter_descriptors,1.14,2.2727999999999984
7827,random_iid,500,rf_starter_descriptors,1.52,1.7740000000000002
7831,random_iid,500,rf_starter_descriptors,3.3,2.1291999999999995
7836,random_iid,500,rf_starter_descriptors,1.18,1.9624000000000001
7840,random_iid,500,rf_starter_descriptors,0.9,1.1172000000000004
7882,random_iid,500,rf_starter_descriptors,0.28,0.7292000000000002
7884,random_iid,500,rf_starter_descriptors,0.84,1.3248000000000006
7885,random_iid,500,rf_starter_descriptors,1.42,1.4139999999999997
7886,random_iid,500,rf_starter_descriptors,1.5,2.2312
7889,random_iid,500,rf_starter_descriptors,1.08,1.3491999999999995
7894,random_iid,500,rf_starter_descriptors,2.84,2.4984
7897,random_iid,500,rf_starter_descriptors,1.84,1.6856000000000002
7898,random_iid,500,rf_starter_descriptors,1.04,2.2728
7922,random_iid,500,rf_starter_descriptors,0.56,1.2927999999999997
7930,random_iid,500,rf_starter_descriptors,0.5,0.7747999999999999
7934,random_iid,500,rf_starter_descriptors,0.82,1.8592000000000013
7944,random_iid,500,rf_starter_descriptors,0.84,1.4384000000000001
7945,random_iid,500,rf_starter_descriptors,2.86,1.2644000000000002
7946,random_iid,500,rf_starter_descriptors,2.12,1.3536000000000004
7948,random_iid,500,rf_starter_descriptors,2.4,1.7944000000000002
7976,random_iid,500,rf_starter_descriptors,1.06,1.7507999999999995
7998,random_iid,500,rf_starter_descriptors,2.12,1.3612
8013,random_iid,500,rf_starter_descriptors,2.7,1.4787999999999997
8018,random_iid,500,rf_starter_descriptors,0.58,1.6308
8020,random_iid,500,rf_starter_descriptors,2.82,1.8208000000000004
8028,random_iid,500,rf_starter_descriptors,1.32,1.1324000000000003
8031,random_iid,500,rf_starter_descriptors,1.6,1.2184
8056,random_iid,500,rf_starter_descriptors,1.22,1.5816
8057,random_iid,500,rf_starter_descriptors,2.9,1.604
8076,random_iid,500,rf_starter_descriptors,2.26,1.2376000000000003
8087,random_iid,500,rf_starter_descriptors,1.04,1.1916000000000002
8103,random_iid,500,rf_starter_descriptors,1.1,1.5395999999999999
8108,random_iid,500,rf_starter_descriptors,1.56,1.9276000000000002
8124,random_iid,500,rf_starter_descriptors,1.28,0.9652000000000001
8126,random_iid,500,rf_starter_descriptors,1.88,1.0324000000000004
8137,random_iid,500,rf_starter_descriptors,2.92,1.6343999999999994
8165,random_iid,500,rf_starter_descriptors,2.16,1.0084
8188,random_iid,500,rf_starter_descriptors,0.76,0.9456
8192,random_iid,500,rf_starter_descriptors,1.46,1.5111999999999994
8197,random_iid,500,rf_starter_descriptors,1.48,1.1824000000000006
8206,random_iid,500,rf_starter_descriptors,1.6,1.2756000000000005
8225,random_iid,500,rf_starter_descriptors,3.7,1.2156000000000005
8227,random_iid,500,rf_starter_descriptors,1.88,1.61
8231,random_iid,500,rf_starter_descriptors,2.1,1.7331999999999999
8233,random_iid,500,rf_starter_descriptors,2.2,1.2684
8239,random_iid,500,rf_starter_descriptors,0.82,1.4756000000000002
8250,random_iid,500,rf_starter_descriptors,2.52,1.4148000000000003
8253,random_iid,500,rf_starter_descriptors,3.7,2.3248
8254,random_iid,500,rf_starter_descriptors,0.96,0.9675999999999999
8268,random_iid,500,rf_starter_descriptors,1.02,1.3711999999999998
8285,random_iid,500,rf_starter_descriptors,1.38,1.3411999999999997
8287,random_iid,500,rf_starter_descriptors,0.86,1.4140000000000001
8292,random_iid,500,rf_starter_descriptors,0.42,1.1236
8295,random_iid,500,rf_starter_descriptors,0.74,1.344
8309,random_iid,500,rf_starter_descriptors,4.5,1.3832000000000002
8317,random_iid,500,rf_starter_descriptors,2.6,1.4511999999999998
8344,random_iid,500,rf_starter_descriptors,1.58,1.202
8351,random_iid,500,rf_starter_descriptors,1.08,1.5211999999999994
8364,random_iid,500,rf_starter_descriptors,1.86,1.2815999999999996
8369,random_iid,500,rf_starter_descriptors,1.36,1.224
8374,random_iid,500,rf_starter_descriptors,1.56,1.0096
8375,random_iid,500,rf_starter_descriptors,0.12,1.4287999999999996
8395,random_iid,500,rf_starter_descriptors,2.46,1.1016
8396,random_iid,500,rf_starter_descriptors,1.22,1.2248
8404,random_iid,500,rf_starter_descriptors,0.8,1.0508
8416,random_iid,500,rf_starter_descriptors,2.7,1.8248
8441,random_iid,500,rf_starter_descriptors,1.84,1.2444
8443,random_iid,500,rf_starter_descriptors,0.9,0.8699999999999996
8453,random_iid,500,rf_starter_descriptors,0.84,1.0583999999999996
8466,random_iid,500,rf_starter_descriptors,0.98,1.4580000000000002
8481,random_iid,500,rf_starter_descriptors,1.58,1.1619999999999997
8482,random_iid,500,rf_starter_descriptors,2.16,1.3024
8484,random_iid,500,rf_starter_descriptors,0.74,1.3344
8485,random_iid,500,rf_starter_descriptors,1.58,1.1088
8494,random_iid,500,rf_starter_descriptors,2.0,1.6015999999999995
8507,random_iid,500,rf_starter_descriptors,1.88,2.0875999999999992
8510,random_iid,500,rf_starter_descriptors,0.96,1.1672000000000002
8523,random_iid,500,rf_starter_descriptors,0.72,1.0536000000000003
8527,random_iid,500,rf_starter_descriptors,1.82,1.7551999999999999
8530,random_iid,500,rf_starter_descriptors,1.08,1.4491999999999998
8541,random_iid,500,rf_starter_descriptors,1.24,1.0740000000000005
8545,random_iid,500,rf_starter_descriptors,2.38,1.5412000000000003
8546,random_iid,500,rf_starter_descriptors,0.7,1.8299999999999992
8562,random_iid,500,rf_starter_descriptors,1.64,1.4884000000000004
8583,random_iid,500,rf_starter_descriptors,2.66,1.5243999999999998
8590,random_iid,500,rf_starter_descriptors,0.78,1.1288
8599,random_iid,500,rf_starter_descriptors,0.94,0.9124000000000001
8603,random_iid,500,rf_starter_descriptors,1.18,1.0196000000000005
8608,random_iid,500,rf_starter_descriptors,1.16,1.3344
8618,random_iid,500,rf_starter_descriptors,1.98,2.1816000000000004
8620,random_iid,500,rf_starter_descriptors,1.84,1.3196
8626,random_iid,500,rf_starter_descriptors,1.02,1.2872
8649,random_iid,500,rf_starter_descriptors,1.76,1.5339999999999998
8658,random_iid,500,rf_starter_descriptors,3.0,1.6692000000000007
8668,random_iid,500,rf_starter_descriptors,1.18,1.2535999999999998
8678,random_iid,500,rf_starter_descriptors,1.92,1.8312000000000008
8692,random_iid,500,rf_starter_descriptors,1.5,0.9052
8696,random_iid,500,rf_starter_descriptors,2.16,1.9964000000000013
8704,random_iid,500,rf_starter_descriptors,2.34,1.1623999999999997
8710,random_iid,500,rf_starter_descriptors,1.3,1.6808
8723,random_iid,500,rf_starter_descriptors,0.9,1.1903999999999997
8725,random_iid,500,rf_starter_descriptors,1.56,1.314
8729,random_iid,500,rf_starter_descriptors,1.82,1.7423999999999995
8735,random_iid,500,rf_starter_descriptors,0.96,1.6299999999999994
8748,random_iid,500,rf_starter_descriptors,0.74,0.9368000000000001
8805,random_iid,500,rf_starter_descriptors,0.5,1.1208
8815,random_iid,500,rf_starter_descriptors,0.7,0.48360000000000036
8818,random_iid,500,rf_starter_descriptors,0.5,0.8600000000000001
8821,random_iid,500,rf_starter_descriptors,0.46,0.8068
8825,random_iid,500,rf_starter_descriptors,1.48,2.7891999999999997
8833,random_iid,500,rf_starter_descriptors,0.36,1.1899999999999997
8842,random_iid,500,rf_starter_descriptors,1.24,1.4604000000000001
8845,random_iid,500,rf_starter_descriptors,1.1,1.1816
8852,random_iid,500,rf_starter_descriptors,1.24,1.3875999999999997
8854,random_iid,500,rf_starter_descriptors,0.96,1.2839999999999998
8871,random_iid,500,rf_starter_descriptors,2.02,1.0692
8896,random_iid,500,rf_starter_descriptors,1.68,1.19
8904,random_iid,500,rf_starter_descriptors,2.14,1.9088
8922,random_iid,500,rf_starter_descriptors,1.76,2.054
8930,random_iid,500,rf_starter_descriptors,1.82,2.203199999999999
8948,random_iid,500,rf_starter_descriptors,1.26,1.5188000000000006
8952,random_iid,500,rf_starter_descriptors,1.4,1.5396
8980,random_iid,500,rf_starter_descriptors,1.64,1.4784000000000006
8983,random_iid,500,rf_starter_descriptors,3.18,2.4583999999999997
8993,random_iid,500,rf_starter_descriptors,1.5,1.456000000000001
9006,random_iid,500,rf_starter_descriptors,1.12,1.0780000000000003
9054,random_iid,500,rf_starter_descriptors,1.34,1.2196000000000005
9056,random_iid,500,rf_starter_descriptors,2.34,1.5376000000000003
9058,random_iid,500,rf_starter_descriptors,0.5,0.9891999999999999
9071,random_iid,500,rf_starter_descriptors,1.1,1.1132
9086,random_iid,500,rf_starter_descriptors,0.5,0.9156
9109,random_iid,500,rf_starter_descriptors,1.72,1.2580000000000002
9140,random_iid,500,rf_starter_descriptors,2.0,1.3199999999999996
9149,random_iid,500,rf_starter_descriptors,1.4,1.2963999999999998
9150,random_iid,500,rf_starter_descriptors,1.62,1.5451999999999995
9153,random_iid,500,rf_starter_descriptors,0.6,1.4988000000000006
9156,random_iid,500,rf_starter_descriptors,0.48,1.2308
9187,random_iid,500,rf_starter_descriptors,2.08,1.3688
9192,random_iid,500,rf_starter_descriptors,0.6,0.8675999999999999
9193,random_iid,500,rf_starter_descriptors,0.68,1.6084000000000003
9210,random_iid,500,rf_starter_descriptors,1.44,1.1227999999999998
9228,random_iid,500,rf_starter_descriptors,1.66,1.3888
9234,random_iid,500,rf_starter_descriptors,2.26,1.2596000000000003
9249,random_iid,500,rf_starter_descriptors,1.76,1.8664
9250,random_iid,500,rf_starter_descriptors,2.98,2.6155999999999993
9251,random_iid,500,rf_starter_descriptors,2.18,1.0123999999999995
9262,random_iid,500,rf_starter_descriptors,0.44,1.1296000000000002
9282,random_iid,500,rf_starter_descriptors,1.34,1.3044
9286,random_iid,500,rf_starter_descriptors,0.6,1.1063999999999998
9303,random_iid,500,rf_starter_descriptors,1.68,1.2460000000000004
9313,random_iid,500,rf_starter_descriptors,0.18,1.1312
9328,random_iid,500,rf_starter_descriptors,1.4,1.3323999999999998
9331,random_iid,500,rf_starter_descriptors,0.48,1.0276000000000003
9334,random_iid,500,rf_starter_descriptors,1.9,2.0027999999999997
9340,random_iid,500,rf_starter_descriptors,2.3,1.6544000000000005
9345,random_iid,500,rf_starter_descriptors,0.98,2.5831999999999993
9358,random_iid,500,rf_starter_descriptors,0.6,1.1808
9386,random_iid,500,rf_starter_descriptors,1.46,1.4659999999999989
9391,random_iid,500,rf_starter_descriptors,1.5,1.7695999999999998
9394,random_iid,500,rf_starter_descriptors,1.0,1.6224000000000007
9397,random_iid,500,rf_starter_descriptors,4.24,1.6023999999999998
9403,random_iid,500,rf_starter_descriptors,2.84,2.8615999999999984
9418,random_iid,500,rf_starter_descriptors,1.4,1.1544000000000003
9441,random_iid,500,rf_starter_descriptors,1.02,1.9076000000000004
9463,random_iid,500,rf_starter_descriptors,0.64,2.4648000000000003
9483,random_iid,500,rf_starter_descriptors,2.18,1.9387999999999996
9500,random_iid,500,rf_starter_descriptors,1.26,1.7772000000000008
9502,random_iid,500,rf_starter_descriptors,0.4,1.794
9509,random_iid,500,rf_starter_descriptors,1.4,1.5428
9511,random_iid,500,rf_starter_descriptors,1.52,1.1671999999999998
9512,random_iid,500,rf_starter_descriptors,0.84,1.5315999999999996
9515,random_iid,500,rf_starter_descriptors,1.2,1.0208000000000002
9525,random_iid,500,rf_starter_descriptors,1.92,1.5967999999999998
9537,random_iid,500,rf_starter_descriptors,0.64,1.2816000000000003
9545,random_iid,500,rf_starter_descriptors,1.34,1.0308000000000006
9561,random_iid,500,rf_starter_descriptors,1.7,1.4691999999999998
9585,random_iid,500,rf_starter_descriptors,0.9,1.3792000000000004
9594,random_iid,500,rf_starter_descriptors,1.2,1.0703999999999996
9598,random_iid,500,rf_starter_descriptors,1.74,1.1660000000000006
9610,random_iid,500,rf_starter_descriptors,0.46,1.2635999999999998
9618,random_iid,500,rf_starter_descriptors,0.36,0.8328000000000008
9619,random_iid,500,rf_starter_descriptors,0.78,1.211999999999999
9620,random_iid,500,rf_starter_descriptors,1.16,1.5724
9632,random_iid,500,rf_starter_descriptors,1.2,1.2412000000000005
9659,random_iid,500,rf_starter_descriptors,1.76,1.8236000000000003
9660,random_iid,500,rf_starter_descriptors,1.06,1.1243999999999998
9676,random_iid,500,rf_starter_descriptors,0.44,1.5012000000000003
9701,random_iid,500,rf_starter_descriptors,2.26,1.2600000000000002
9710,random_iid,500,rf_starter_descriptors,1.42,1.8811999999999995
9723,random_iid,500,rf_starter_descriptors,3.32,0.9127999999999996
9740,random_iid,500,rf_starter_descriptors,1.44,1.2036000000000002
9742,random_iid,500,rf_starter_descriptors,1.38,1.0132000000000003
9771,random_iid,500,rf_starter_descriptors,0.7,1.4623999999999995
9801,random_iid,500,rf_starter_descriptors,3.28,2.3047999999999984
9804,random_iid,500,rf_starter_descriptors,0.98,1.5084
9826,random_iid,500,rf_starter_descriptors,1.8,2.0747999999999993
9827,random_iid,500,rf_starter_descriptors,1.06,1.1092
9834,random_iid,500,rf_starter_descriptors,2.42,1.1851999999999998
9840,random_iid,500,rf_starter_descriptors,0.66,1.2232000000000005
9842,random_iid,500,rf_starter_descriptors,1.1,1.1892000000000005
9849,random_iid,500,rf_starter_descriptors,1.8,1.3608000000000002
9853,random_iid,500,rf_starter_descriptors,1.28,1.4680000000000004
9857,random_iid,500,rf_starter_descriptors,2.8,1.6104000000000003
9861,random_iid,500,rf_starter_descriptors,1.6,1.777600000000001
9871,random_iid,500,rf_starter_descriptors,1.26,1.0059999999999998
9904,random_iid,500,rf_starter_descriptors,2.12,1.2036000000000002
9920,random_iid,500,rf_starter_descriptors,1.32,1.5744000000000002
9923,random_iid,500,rf_starter_descriptors,0.92,1.6591999999999998
9924,random_iid,500,rf_starter_descriptors,1.4,1.6276000000000002
9936,random_iid,500,rf_starter_descriptors,2.74,2.173600000000001
9962,random_iid,500,rf_starter_descriptors,1.76,1.3404000000000003
9967,random_iid,500,rf_starter_descriptors,1.0,1.1448000000000003
9970,random_iid,500,rf_starter_descriptors,1.46,0.8752
9977,random_iid,500,rf_starter_descriptors,0.8,0.8768
9987,random_iid,500,rf_starter_descriptors,1.28,1.347199999999999
9995,random_iid,500,rf_starter_descriptors,0.86,1.3232
9998,random_iid,500,rf_starter_descriptors,1.28,1.2708
10002,random_iid,500,rf_starter_descriptors,3.5,2.5304000000000006
10007,random_iid,500,rf_starter_descriptors,1.8,1.5155999999999998
10008,random_iid,500,rf_starter_descriptors,1.56,1.3376000000000001
10011,random_iid,500,rf_starter_descriptors,0.44,1.0256000000000003
10029,random_iid,500,rf_starter_descriptors,2.04,1.5408000000000006
10032,random_iid,500,rf_starter_descriptors,2.0,2.2703999999999995
10044,random_iid,500,rf_starter_descriptors,1.38,1.4984000000000006
10052,random_iid,500,rf_starter_descriptors,0.86,0.9863999999999996
10074,random_iid,500,rf_starter_descriptors,2.12,1.4587999999999994
10080,random_iid,500,rf_starter_descriptors,1.46,1.1876000000000002
10083,random_iid,500,rf_starter_descriptors,3.1,2.1648
10091,random_iid,500,rf_starter_descriptors,0.74,2.1168000000000005
10113,random_iid,500,rf_starter_descriptors,2.38,1.2791999999999994
10120,random_iid,500,rf_starter_descriptors,1.46,1.344
10140,random_iid,500,rf_starter_descriptors,1.42,1.0595999999999997
10144,random_iid,500,rf_starter_descriptors,1.14,1.6703999999999999
10146,random_iid,500,rf_starter_descriptors,1.16,0.7267999999999999
10159,random_iid,500,rf_starter_descriptors,1.82,1.2308
10175,random_iid,500,rf_starter_descriptors,3.54,2.0023999999999997
10199,random_iid,500,rf_starter_descriptors,0.52,1.3099999999999996
10219,random_iid,500,rf_starter_descriptors,1.32,1.3204
10231,random_iid,500,rf_starter_descriptors,3.44,1.9687999999999994
10239,random_iid,500,rf_starter_descriptors,1.5,1.4772
10242,random_iid,500,rf_starter_descriptors,3.2,1.4564
10299,random_iid,500,rf_starter_descriptors,1.12,1.5980000000000008
10306,random_iid,500,rf_starter_descriptors,0.98,1.1904
10312,random_iid,500,rf_starter_descriptors,3.54,1.6267999999999991
10323,random_iid,500,rf_starter_descriptors,1.4,1.7335999999999998
10325,random_iid,500,rf_starter_descriptors,1.56,1.2420000000000004
10331,random_iid,500,rf_starter_descriptors,1.3,0.9048000000000002
10334,random_iid,500,rf_starter_descriptors,1.5,2.0148000000000015
10356,random_iid,500,rf_starter_descriptors,2.7,2.9179999999999984
10370,random_iid,500,rf_starter_descriptors,2.3,2.1719999999999997
10373,random_iid,500,rf_starter_descriptors,1.38,0.9171999999999997
10385,random_iid,500,rf_starter_descriptors,1.28,1.5263999999999995
10430,random_iid,500,rf_starter_descriptors,1.2,1.3396
10431,random_iid,500,rf_starter_descriptors,1.72,1.1224000000000003
10435,random_iid,500,rf_starter_descriptors,1.6,1.3444
10437,random_iid,500,rf_starter_descriptors,1.4,2.5875999999999992
10440,random_iid,500,rf_starter_descriptors,3.14,2.7547999999999995
10443,random_iid,500,rf_starter_descriptors,1.84,1.5875999999999992
10448,random_iid,500,rf_starter_descriptors,2.14,1.0759999999999998
10466,random_iid,500,rf_starter_descriptors,3.28,1.7199999999999998
10481,random_iid,500,rf_starter_descriptors,0.42,0.8580000000000002
10493,random_iid,500,rf_starter_descriptors,2.16,2.216400000000001
10496,random_iid,500,rf_starter_descriptors,4.56,1.6308000000000007
10501,random_iid,500,rf_starter_descriptors,0.34,1.134400000000001
10505,random_iid,500,rf_starter_descriptors,2.26,1.5347999999999997
10513,random_iid,500,rf_starter_descriptors,2.2,1.618
10532,random_iid,500,rf_starter_descriptors,1.92,1.2552
10540,random_iid,500,rf_starter_descriptors,2.1,0.9780000000000001
10548,random_iid,500,rf_starter_descriptors,1.88,1.3828
10567,random_iid,500,rf_starter_descriptors,1.22,1.8239999999999998
10590,random_iid,500,rf_starter_descriptors,1.06,1.0395999999999996
10605,random_iid,500,rf_starter_descriptors,2.26,1.6656
10607,random_iid,500,rf_starter_descriptors,1.08,1.0884000000000003
10615,random_iid,500,rf_starter_descriptors,1.14,2.1280000000000006
10630,random_iid,500,rf_starter_descriptors,2.96,1.996800000000001
10638,random_iid,500,rf_starter_descriptors,1.42,1.5244
10718,random_iid,500,rf_starter_descriptors,1.52,1.682400000000001
10722,random_iid,500,rf_starter_descriptors,0.98,1.3827999999999998
10726,random_iid,500,rf_starter_descriptors,1.32,1.2988000000000002
10731,random_iid,500,rf_starter_descriptors,2.24,1.5500000000000003
10734,random_iid,500,rf_starter_descriptors,1.02,1.1243999999999996
10735,random_iid,500,rf_starter_descriptors,1.02,1.2863999999999995
10739,random_iid,500,rf_starter_descriptors,1.48,1.4427999999999996
10761,random_iid,500,rf_starter_descriptors,2.82,2.0344
10774,random_iid,500,rf_starter_descriptors,-0.1,0.7080000000000003
10782,random_iid,500,rf_starter_descriptors,0.72,1.2844000000000002
10786,random_iid,500,rf_starter_descriptors,0.78,1.1572000000000005
10796,random_iid,500,rf_starter_descriptors,1.8,1.0456000000000003
10801,random_iid,500,rf_starter_descriptors,1.68,1.2296
10807,random_iid,500,rf_starter_descriptors,0.6,0.6355999999999998
10824,random_iid,500,rf_starter_descriptors,0.78,1.5819999999999996
10830,random_iid,500,rf_starter_descriptors,1.52,1.7031999999999998
10836,random_iid,500,rf_starter_descriptors,4.06,2.125200000000001
10865,random_iid,500,rf_starter_descriptors,0.74,1.7191999999999998
10871,random_iid,500,rf_starter_descriptors,0.4,1.2016000000000002
10876,random_iid,500,rf_starter_descriptors,2.02,1.2340000000000004
10884,random_iid,500,rf_starter_descriptors,1.64,2.1388000000000007
10887,random_iid,500,rf_starter_descriptors,1.44,1.1556
10892,random_iid,500,rf_starter_descriptors,1.02,1.4748
10898,random_iid,500,rf_starter_descriptors,0.74,0.9059999999999997
10901,random_iid,500,rf_starter_descriptors,0.04,0.9172
10931,random_iid,500,rf_starter_descriptors,1.14,1.2115999999999998
10933,random_iid,500,rf_starter_descriptors,1.76,1.5151999999999994
10935,random_iid,500,rf_starter_descriptors,1.4,2.094799999999999
10944,random_iid,500,rf_starter_descriptors,1.32,1.4311999999999998
10977,random_iid,500,rf_starter_descriptors,1.2,0.7400000000000003
10995,random_iid,500,rf_starter_descriptors,0.28,0.6587999999999998
11018,random_iid,500,rf_starter_descriptors,1.08,1.1676000000000004
11019,random_iid,500,rf_starter_descriptors,1.04,1.2731999999999997
11037,random_iid,500,rf_starter_descriptors,1.54,1.327600000000001
11039,random_iid,500,rf_starter_descriptors,0.82,1.1535999999999997
11044,random_iid,500,rf_starter_descriptors,1.02,1.9184000000000003
11050,random_iid,500,rf_starter_descriptors,2.18,1.6920000000000002
11066,random_iid,500,rf_starter_descriptors,1.72,1.0676000000000003
11072,random_iid,500,rf_starter_descriptors,1.06,1.1604
11074,random_iid,500,rf_starter_descriptors,1.24,2.1927999999999988
11078,random_iid,500,rf_starter_descriptors,1.48,1.2128000000000003
11090,random_iid,500,rf_starter_descriptors,1.78,1.0368000000000004
11091,random_iid,500,rf_starter_descriptors,0.88,1.1184
11097,random_iid,500,rf_starter_descriptors,3.94,2.2672
11098,random_iid,500,rf_starter_descriptors,4.62,1.5295999999999998
11127,random_iid,500,rf_starter_descriptors,1.02,1.4348
11148,random_iid,500,rf_starter_descriptors,1.36,1.0087999999999995
11155,random_iid,500,rf_starter_descriptors,0.88,2.1136
11160,random_iid,500,rf_starter_descriptors,2.5,1.8580000000000003
11162,random_iid,500,rf_starter_descriptors,1.12,1.4127999999999994
11178,random_iid,500,rf_starter_descriptors,0.86,1.0884000000000007
11187,random_iid,500,rf_starter_descriptors,1.44,1.0100000000000007
11195,random_iid,500,rf_starter_descriptors,2.64,1.1091999999999997
11206,random_iid,500,rf_starter_descriptors,1.8,1.298
11225,random_iid,500,rf_starter_descriptors,2.14,1.4567999999999999
11250,random_iid,500,rf_starter_descriptors,2.46,1.4416000000000002
11267,random_iid,500,rf_starter_descriptors,0.78,1.57
11270,random_iid,500,rf_starter_descriptors,0.86,1.6543999999999999
11275,random_iid,500,rf_starter_descriptors,0.8,0.9111999999999996
11282,random_iid,500,rf_starter_descriptors,1.3,0.9444000000000001
11287,random_iid,500,rf_starter_descriptors,1.8,1.2948
11292,random_iid,500,rf_starter_descriptors,0.8,1.4008
11293,random_iid,500,rf_starter_descriptors,1.24,1.2352
11311,random_iid,500,rf_starter_descriptors,1.88,1.0996000000000001
11313,random_iid,500,rf_starter_descriptors,1.14,1.3483999999999998
11315,random_iid,500,rf_starter_descriptors,3.48,1.9664000000000001
11316,random_iid,500,rf_starter_descriptors,1.2,1.2527999999999992
11335,random_iid,500,rf_starter_descriptors,0.92,1.1416000000000002
11369,random_iid,500,rf_starter_descriptors,0.56,1.5003999999999997
11379,random_iid,500,rf_starter_descriptors,1.4,0.9296
11387,random_iid,500,rf_starter_descriptors,0.66,1.0924
11391,random_iid,500,rf_starter_descriptors,2.42,1.666
11398,random_iid,500,rf_starter_descriptors,0.98,0.972
11399,random_iid,500,rf_starter_descriptors,1.72,1.2003999999999997
11423,random_iid,500,rf_starter_descriptors,1.86,1.4424000000000003
11427,random_iid,500,rf_starter_descriptors,2.4,1.7236000000000005
11429,random_iid,500,rf_starter_descriptors,2.86,2.4652
11432,random_iid,500,rf_starter_descriptors,0.88,1.4848000000000001
11453,random_iid,500,rf_starter_descriptors,2.36,2.2699999999999996
11457,random_iid,500,rf_starter_descriptors,1.82,1.0308000000000002
11465,random_iid,500,rf_starter_descriptors,1.16,1.6832000000000003
11504,random_iid,500,rf_starter_descriptors,1.74,1.5151999999999999
11511,random_iid,500,rf_starter_descriptors,1.0,0.8295999999999997
11518,random_iid,500,rf_starter_descriptors,1.34,1.3503999999999998
11529,random_iid,500,rf_starter_descriptors,2.7,1.9260000000000002
11545,random_iid,500,rf_starter_descriptors,2.38,2.440399999999999
11567,random_iid,500,rf_starter_descriptors,1.18,2.1016000000000012
11615,random_iid,500,rf_starter_descriptors,1.72,1.8996000000000008
11631,random_iid,500,rf_starter_descriptors,0.84,1.0952000000000002
11633,random_iid,500,rf_starter_descriptors,1.82,1.9083999999999992
11658,random_iid,500,rf_starter_descriptors,0.82,0.7275999999999998
11668,random_iid,500,rf_starter_descriptors,3.92,2.1452000000000004
11675,random_iid,500,rf_starter_descriptors,0.38,1.6715999999999993
11682,random_iid,500,rf_starter_descriptors,1.28,0.9555999999999998
11696,random_iid,500,rf_starter_descriptors,2.64,1.4056
11698,random_iid,500,rf_starter_descriptors,1.56,1.5572000000000004
11702,random_iid,500,rf_starter_descriptors,1.28,1.4139999999999995
11712,random_iid,500,rf_starter_descriptors,1.46,1.8684000000000005
11717,random_iid,500,rf_starter_descriptors,4.46,2.223999999999998
11753,random_iid,500,rf_starter_descriptors,1.04,0.9975999999999998
11770,random_iid,500,rf_starter_descriptors,0.74,0.8211999999999996
11776,random_iid,500,rf_starter_descriptors,1.1,0.6068000000000001
11778,random_iid,500,rf_starter_descriptors,2.14,1.7779999999999998
11797,random_iid,500,rf_starter_descriptors,0.76,1.4868000000000006
11799,random_iid,500,rf_starter_descriptors,1.12,1.4156
11804,random_iid,500,rf_starter_descriptors,1.12,1.164
11807,random_iid,500,rf_starter_descriptors,0.84,1.3456000000000001
11811,random_iid,500,rf_starter_descriptors,0.72,1.1336
11816,random_iid,500,rf_starter_descriptors,2.24,1.412
11817,random_iid,500,rf_starter_descriptors,1.8,1.0384000000000002
11825,random_iid,500,rf_starter_descriptors,1.26,1.6879999999999997
11830,random_iid,500,rf_starter_descriptors,2.5,2.4539999999999984
11838,random_iid,500,rf_starter_descriptors,2.26,1.4975999999999996
11866,random_iid,500,rf_starter_descriptors,0.7,1.8272000000000015
11868,random_iid,500,rf_starter_descriptors,1.56,1.6868
11872,random_iid,500,rf_starter_descriptors,3.2,2.629999999999999
11877,random_iid,500,rf_starter_descriptors,3.02,1.4587999999999999
11885,random_iid,500,rf_starter_descriptors,0.94,1.3943999999999996
11890,random_iid,500,rf_starter_descriptors,1.32,1.0539999999999996
11896,random_iid,500,rf_starter_descriptors,2.22,1.1244000000000003
11914,random_iid,500,rf_starter_descriptors,1.14,1.1191999999999998
11915,random_iid,500,rf_starter_descriptors,2.5,2.420799999999999
11921,random_iid,500,rf_starter_descriptors,1.22,1.2724000000000004
11928,random_iid,500,rf_starter_descriptors,2.3,1.6655999999999997
11930,random_iid,500,rf_starter_descriptors,1.72,1.5608000000000004
11935,random_iid,500,rf_starter_descriptors,1.0,1.1764000000000008
11937,random_iid,500,rf_starter_descriptors,2.28,1.2824
11940,random_iid,500,rf_starter_descriptors,2.22,1.2072000000000003
11977,random_iid,500,rf_starter_descriptors,0.74,1.1872000000000005
11981,random_iid,500,rf_starter_descriptors,1.32,0.8616000000000001
11983,random_iid,500,rf_starter_descriptors,0.94,1.1392
12000,random_iid,500,rf_starter_descriptors,1.78,1.7863999999999998
12004,random_iid,500,rf_starter_descriptors,0.92,1.0188000000000001
12011,random_iid,500,rf_starter_descriptors,1.4,0.9544000000000001
12019,random_iid,500,rf_starter_descriptors,0.88,1.3936
12022,random_iid,500,rf_starter_descriptors,0.28,1.5631999999999997
12034,random_iid,500,rf_starter_descriptors,0.66,1.1496
12038,random_iid,500,rf_starter_descriptors,0.18,1.0823999999999998
12073,random_iid,500,rf_starter_descriptors,0.94,0.6556000000000002
12079,random_iid,500,rf_starter_descriptors,1.36,1.33
12084,random_iid,500,rf_starter_descriptors,1.12,1.0836000000000003
12104,random_iid,500,rf_starter_descriptors,0.04,1.2971999999999997
12120,random_iid,500,rf_starter_descriptors,0.84,1.4624000000000004
12138,random_iid,500,rf_starter_descriptors,2.3,3.090399999999999
12139,random_iid,500,rf_starter_descriptors,0.68,1.0968
12143,random_iid,500,rf_starter_descriptors,2.04,1.7771999999999994
12159,random_iid,500,rf_starter_descriptors,1.2,1.0227999999999997
12162,random_iid,500,rf_starter_descriptors,1.88,1.5324
12176,random_iid,500,rf_starter_descriptors,2.1,1.781200000000001
12179,random_iid,500,rf_starter_descriptors,0.54,0.8195999999999999
12181,random_iid,500,rf_starter_descriptors,2.82,1.8599999999999997
12194,random_iid,500,rf_starter_descriptors,1.88,2.3855999999999993
12195,random_iid,500,rf_starter_descriptors,0.44,1.0168000000000006
12243,random_iid,500,rf_starter_descriptors,1.12,1.1492
12252,random_iid,500,rf_starter_descriptors,1.48,0.9936000000000001
12264,random_iid,500,rf_starter_descriptors,1.86,1.4272
12270,random_iid,500,rf_starter_descriptors,0.34,1.1375999999999995
12273,random_iid,500,rf_starter_descriptors,0.52,1.0039999999999998
12276,random_iid,500,rf_starter_descriptors,1.18,1.1371999999999995
12277,random_iid,500,rf_starter_descriptors,1.34,1.6139999999999999
12285,random_iid,500,rf_starter_descriptors,0.92,1.3392
12301,random_iid,500,rf_starter_descriptors,1.98,1.2631999999999999
12303,random_iid,500,rf_starter_descriptors,1.36,0.9643999999999998
12307,random_iid,500,rf_starter_descriptors,2.34,1.2351999999999999
12313,random_iid,500,rf_starter_descriptors,0.56,1.2915999999999999
12314,random_iid,500,rf_starter_descriptors,0.5,2.5292
12319,random_iid,500,rf_starter_descriptors,1.0,1.0648
12320,random_iid,500,rf_starter_descriptors,0.78,1.1659999999999995
12349,random_iid,500,rf_starter_descriptors,1.72,1.1984000000000004
12365,random_iid,500,rf_starter_descriptors,1.68,1.3736000000000002
12366,random_iid,500,rf_starter_descriptors,1.48,1.4592
12374,random_iid,500,rf_starter_descriptors,1.9,1.6240000000000003
12379,random_iid,500,rf_starter_descriptors,1.48,1.3111999999999997
12406,random_iid,500,rf_starter_descriptors,1.66,1.4091999999999998
12412,random_iid,500,rf_starter_descriptors,1.72,1.3071999999999988
12416,random_iid,500,rf_starter_descriptors,0.96,1.2676
12437,random_iid,500,rf_starter_descriptors,0.94,1.3988
12439,random_iid,500,rf_starter_descriptors,1.04,1.338
12456,random_iid,500,rf_starter_descriptors,1.1,1.1363999999999999
12461,random_iid,500,rf_starter_descriptors,0.9,1.7616
12475,random_iid,500,rf_starter_descriptors,0.88,1.3776
12484,random_iid,500,rf_starter_descriptors,0.86,0.9635999999999999
12487,random_iid,500,rf_starter_descriptors,1.38,1.3255999999999994
12490,random_iid,500,rf_starter_descriptors,1.26,1.222
12492,random_iid,500,rf_starter_descriptors,1.94,1.1567999999999994
12510,random_iid,500,rf_starter_descriptors,1.3,0.9599999999999997
12511,random_iid,500,rf_starter_descriptors,1.42,0.8051999999999999
12523,random_iid,500,rf_starter_descriptors,1.66,1.6460000000000006
12534,random_iid,500,rf_starter_descriptors,1.88,1.4124
12536,random_iid,500,rf_starter_descriptors,2.18,0.9835999999999998
12537,random_iid,500,rf_starter_descriptors,2.84,1.7011999999999998
12546,random_iid,500,rf_starter_descriptors,2.38,2.1736000000000004
12555,random_iid,500,rf_starter_descriptors,1.76,1.3767999999999998
12560,random_iid,500,rf_starter_descriptors,1.34,1.5292
12562,random_iid,500,rf_starter_descriptors,1.8,1.1999999999999995
12570,random_iid,500,rf_starter_descriptors,0.86,1.4096000000000004
12574,random_iid,500,rf_starter_descriptors,0.92,1.554400000000001
12577,random_iid,500,rf_starter_descriptors,1.26,0.9643999999999998
12584,random_iid,500,rf_starter_descriptors,1.46,1.3344
12593,random_iid,500,rf_starter_descriptors,2.1,1.5296000000000003
12596,random_iid,500,rf_starter_descriptors,1.12,1.3771999999999998
12614,random_iid,500,rf_starter_descriptors,1.28,1.8255999999999988
12616,random_iid,500,rf_starter_descriptors,1.46,1.2084000000000001
12618,random_iid,500,rf_starter_descriptors,1.58,1.1107999999999993
12634,random_iid,500,rf_starter_descriptors,2.56,1.1867999999999999
12635,random_iid,500,rf_starter_descriptors,1.54,1.6947999999999996
12636,random_iid,500,rf_starter_descriptors,3.58,2.0048000000000004
12655,random_iid,500,rf_starter_descriptors,1.52,2.1723999999999988
12656,random_iid,500,rf_starter_descriptors,1.0,0.9940000000000002
12687,random_iid,500,rf_starter_descriptors,0.86,1.7636
12727,random_iid,500,rf_starter_descriptors,1.08,1.2888000000000006
12730,random_iid,500,rf_starter_descriptors,0.98,1.4975999999999996
12767,random_iid,500,rf_starter_descriptors,2.98,1.6284000000000003
12785,random_iid,500,rf_starter_descriptors,1.12,1.8120000000000005
12787,random_iid,500,rf_starter_descriptors,0.78,1.4447999999999999
12792,random_iid,500,rf_starter_descriptors,1.78,1.5904000000000003
12797,random_iid,500,rf_starter_descriptors,1.08,1.1543999999999999
12802,random_iid,500,rf_starter_descriptors,3.52,1.8548000000000007
12804,random_iid,500,rf_starter_descriptors,1.62,1.35
12811,random_iid,500,rf_starter_descriptors,1.36,1.3115999999999994
12814,random_iid,500,rf_starter_descriptors,1.22,0.9915999999999998
12822,random_iid,500,rf_starter_descriptors,3.4,2.7515999999999985
12881,random_iid,500,rf_starter_descriptors,1.66,1.5171999999999997
12885,random_iid,500,rf_starter_descriptors,0.8,1.2896000000000003
12896,random_iid,500,rf_starter_descriptors,0.7,1.6176000000000008
12897,random_iid,500,rf_starter_descriptors,1.88,1.2935999999999996
12899,random_iid,500,rf_starter_descriptors,1.4,1.1388
12900,random_iid,500,rf_starter_descriptors,1.6,0.5172000000000001
12920,random_iid,500,rf_starter_descriptors,0.6,1.5312000000000003
12928,random_iid,500,rf_starter_descriptors,1.02,1.5464000000000002
12932,random_iid,500,rf_starter_descriptors,1.36,1.7124000000000001
12947,random_iid,500,rf_starter_descriptors,1.44,1.5043999999999997
12970,random_iid,500,rf_starter_descriptors,1.68,1.5016000000000005
13003,random_iid,500,rf_starter_descriptors,2.28,1.3724
13004,random_iid,500,rf_starter_descriptors,1.24,1.2251999999999998
13010,random_iid,500,rf_starter_descriptors,1.34,1.1664000000000003
13015,random_iid,500,rf_starter_descriptors,1.38,1.6039999999999994
13022,random_iid,500,rf_starter_descriptors,0.9,1.1636000000000004
13029,random_iid,500,rf_starter_descriptors,1.22,0.7888
13044,random_iid,500,rf_starter_descriptors,1.74,0.7356000000000001
13068,random_iid,500,rf_starter_descriptors,2.98,2.650399999999999
13082,random_iid,500,rf_starter_descriptors,0.94,1.8063999999999996
13096,random_iid,500,rf_starter_descriptors,1.68,2.6535999999999995
13098,random_iid,500,rf_starter_descriptors,2.04,1.408
13100,random_iid,500,rf_starter_descriptors,2.0,1.7155999999999998
13173,random_iid,500,rf_starter_descriptors,1.22,1.2347999999999997
13174,random_iid,500,rf_starter_descriptors,1.16,2.8371999999999993
13195,random_iid,500,rf_starter_descriptors,1.16,1.5128
13201,random_iid,500,rf_starter_descriptors,1.18,1.068
13204,random_iid,500,rf_starter_descriptors,3.2,2.257599999999999
13205,random_iid,500,rf_starter_descriptors,1.46,1.4584000000000001
13212,random_iid,500,rf_starter_descriptors,1.76,1.3288000000000002
13241,random_iid,500,rf_starter_descriptors,1.54,1.4216
13253,random_iid,500,rf_starter_descriptors,1.1,1.0668
13275,random_iid,500,rf_starter_descriptors,0.96,1.5043999999999997
13310,random_iid,500,rf_starter_descriptors,0.9,0.9027999999999998
13313,random_iid,500,rf_starter_descriptors,0.94,0.7991999999999997
13316,random_iid,500,rf_starter_descriptors,0.58,1.3576000000000001
13325,random_iid,500,rf_starter_descriptors,0.7,1.0072
13328,random_iid,500,rf_starter_descriptors,1.0,1.6444
13332,random_iid,500,rf_starter_descriptors,1.5,1.0328
13335,random_iid,500,rf_starter_descriptors,0.88,1.0975999999999995
13337,random_iid,500,rf_starter_descriptors,0.1,0.9132000000000003
13338,random_iid,500,rf_starter_descriptors,2.92,2.5084
13346,random_iid,500,rf_starter_descriptors,1.8,1.39
13361,random_iid,500,rf_starter_descriptors,2.74,2.3347999999999995
13362,random_iid,500,rf_starter_descriptors,1.7,1.8188000000000002
13369,random_iid,500,rf_starter_descriptors,0.56,1.4152
13376,random_iid,500,rf_starter_descriptors,1.22,2.4891999999999994
13396,random_iid,500,rf_starter_descriptors,0.06,1.4616000000000005
13397,random_iid,500,rf_starter_descriptors,2.46,1.9112000000000002
13398,random_iid,500,rf_starter_descriptors,1.42,1.2892000000000001
13406,random_iid,500,rf_starter_descriptors,1.66,1.5608000000000006
13416,random_iid,500,rf_starter_descriptors,2.64,1.1848
13418,random_iid,500,rf_starter_descriptors,0.56,0.9747999999999999
13431,random_iid,500,rf_starter_descriptors,1.74,1.0968000000000002
13436,random_iid,500,rf_starter_descriptors,1.36,0.8492000000000001
13447,random_iid,500,rf_starter_descriptors,0.42,1.1623999999999997
13454,random_iid,500,rf_starter_descriptors,1.72,1.6540000000000004
13473,random_iid,500,rf_starter_descriptors,1.48,1.3592
13483,random_iid,500,rf_starter_descriptors,0.4,0.8404
13491,random_iid,500,rf_starter_descriptors,1.82,1.6536000000000002
13508,random_iid,500,rf_starter_descriptors,3.56,2.557199999999999
13522,random_iid,500,rf_starter_descriptors,3.42,2.3331999999999997
13524,random_iid,500,rf_starter_descriptors,0.5,1.0816
13529,random_iid,500,rf_starter_descriptors,3.58,1.6335999999999995
13556,random_iid,500,rf_starter_descriptors,1.64,1.9436000000000004
13566,random_iid,500,rf_starter_descriptors,1.74,1.4788000000000003
13582,random_iid,500,rf_starter_descriptors,1.58,1.6827999999999994
13590,random_iid,500,rf_starter_descriptors,2.96,2.1984000000000012
13604,random_iid,500,rf_starter_descriptors,2.36,1.702799999999999
13613,random_iid,500,rf_starter_descriptors,1.56,1.5451999999999995
13619,random_iid,500,rf_starter_descriptors,2.12,2.2963999999999998
13626,random_iid,500,rf_starter_descriptors,1.46,1.7048
13637,random_iid,500,rf_starter_descriptors,2.24,1.26
13639,random_iid,500,rf_starter_descriptors,2.56,1.6711999999999998
13641,random_iid,500,rf_starter_descriptors,1.24,1.9868000000000003
13646,random_iid,500,rf_starter_descriptors,1.22,1.324
13648,random_iid,500,rf_starter_descriptors,1.32,1.969199999999999
13649,random_iid,500,rf_starter_descriptors,0.94,0.7695999999999998
13651,random_iid,500,rf_starter_descriptors,0.3,1.6112
13658,random_iid,500,rf_starter_descriptors,0.98,1.640800000000001
13666,random_iid,500,rf_starter_descriptors,0.88,1.1220000000000003
13668,random_iid,500,rf_starter_descriptors,1.1,1.0599999999999996
13672,random_iid,500,rf_starter_descriptors,1.5,1.4464
13683,random_iid,500,rf_starter_descriptors,0.18,1.2743999999999995
13684,random_iid,500,rf_starter_descriptors,1.36,2.2712000000000003
13685,random_iid,500,rf_starter_descriptors,0.1,0.9523999999999998
13696,random_iid,500,rf_starter_descriptors,2.12,1.3287999999999998
13706,random_iid,500,rf_starter_descriptors,1.12,1.1368000000000003
13710,random_iid,500,rf_starter_descriptors,1.34,2.1111999999999993
13736,random_iid,500,rf_starter_descriptors,1.12,1.7648000000000001
13755,random_iid,500,rf_starter_descriptors,0.8,1.3807999999999998
13799,random_iid,500,rf_starter_descriptors,1.28,0.9432000000000003
13814,random_iid,500,rf_starter_descriptors,0.36,0.9312000000000001
13824,random_iid,500,rf_starter_descriptors,2.8,1.2
13829,random_iid,500,rf_starter_descriptors,1.52,0.9008000000000003
13835,random_iid,500,rf_starter_descriptors,0.5,1.1063999999999994
13837,random_iid,500,rf_starter_descriptors,1.68,0.9788000000000002
13848,random_iid,500,rf_starter_descriptors,1.78,1.1596
13852,random_iid,500,rf_starter_descriptors,2.28,1.8996000000000006
13853,random_iid,500,rf_starter_descriptors,1.72,2.1024000000000003
13861,random_iid,500,rf_starter_descriptors,1.42,1.2764000000000004
13876,random_iid,500,rf_starter_descriptors,1.86,2.7868
13880,random_iid,500,rf_starter_descriptors,1.0,1.3339999999999994
13892,random_iid,500,rf_starter_descriptors,1.16,1.2332000000000003
13903,random_iid,500,rf_starter_descriptors,1.56,1.4456000000000002
13920,random_iid,500,rf_starter_descriptors,1.56,0.9416000000000004
13934,random_iid,500,rf_starter_descriptors,1.4,1.4540000000000004
13940,random_iid,500,rf_starter_descriptors,1.94,1.0552000000000004
13953,random_iid,500,rf_starter_descriptors,1.72,1.1488
13954,random_iid,500,rf_starter_descriptors,1.46,0.9827999999999999
13958,random_iid,500,rf_starter_descriptors,0.96,1.1364
13967,random_iid,500,rf_starter_descriptors,0.84,0.8919999999999999
13987,random_iid,500,rf_starter_descriptors,1.02,1.1215999999999997
14004,random_iid,500,rf_starter_descriptors,2.0,1.9480000000000002
14006,random_iid,500,rf_starter_descriptors,1.44,1.0116
14013,random_iid,500,rf_starter_descriptors,0.5,1.9212000000000007
14018,random_iid,500,rf_starter_descriptors,1.14,1.1924
14032,random_iid,500,rf_starter_descriptors,1.0,1.5272000000000008
14038,random_iid,500,rf_starter_descriptors,1.1,1.1531999999999998
14044,random_iid,500,rf_starter_descriptors,2.08,1.6984000000000006
14045,random_iid,500,rf_starter_descriptors,1.22,1.5748
14064,random_iid,500,rf_starter_descriptors,0.84,0.7868
14067,random_iid,500,rf_starter_descriptors,1.44,0.9655999999999999
14076,random_iid,500,rf_starter_descriptors,1.2,1.0851999999999995
14090,random_iid,500,rf_starter_descriptors,0.98,2.0495999999999994
14128,random_iid,500,rf_starter_descriptors,2.0,1.39
14132,random_iid,500,rf_starter_descriptors,0.7,1.2504
14142,random_iid,500,rf_starter_descriptors,2.04,1.2796000000000005
14147,random_iid,500,rf_starter_descriptors,1.46,1.3900000000000003
14159,random_iid,500,rf_starter_descriptors,1.72,1.1143999999999996
14173,random_iid,500,rf_starter_descriptors,3.7,2.6067999999999993
14190,random_iid,500,rf_starter_descriptors,2.62,2.247200000000002
14198,random_iid,500,rf_starter_descriptors,1.86,1.4180000000000001
14209,random_iid,500,rf_starter_descriptors,1.44,0.9016
14213,random_iid,500,rf_starter_descriptors,1.08,1.7039999999999993
14248,random_iid,500,rf_starter_descriptors,1.02,1.0464000000000004
14266,random_iid,500,rf_starter_descriptors,1.26,1.1028
14272,random_iid,500,rf_starter_descriptors,1.88,1.6615999999999997
14273,random_iid,500,rf_starter_descriptors,1.94,1.5596
14279,random_iid,500,rf_starter_descriptors,0.96,1.3000000000000003
14316,random_iid,500,rf_starter_descriptors,0.76,1.4899999999999998
14322,random_iid,500,rf_starter_descriptors,3.06,2.3915999999999995
14327,random_iid,500,rf_starter_descriptors,1.28,0.9492000000000002
14333,random_iid,500,rf_starter_descriptors,1.82,1.8008000000000002
14335,random_iid,500,rf_starter_descriptors,0.52,0.8071999999999998
14336,random_iid,500,rf_starter_descriptors,1.66,1.7692
14344,random_iid,500,rf_starter_descriptors,1.76,1.5224000000000009
14353,random_iid,500,rf_starter_descriptors,1.04,1.0916000000000003
14368,random_iid,500,rf_starter_descriptors,1.94,1.4740000000000006
14374,random_iid,500,rf_starter_descriptors,1.66,1.4559999999999997
14375,random_iid,500,rf_starter_descriptors,0.94,2.234399999999999
14381,random_iid,500,rf_starter_descriptors,1.58,1.4063999999999997
14383,random_iid,500,rf_starter_descriptors,1.42,0.8115999999999999
14384,random_iid,500,rf_starter_descriptors,2.18,1.3736000000000002
14395,random_iid,500,rf_starter_descriptors,0.9,1.4747999999999992
14399,random_iid,500,rf_starter_descriptors,1.46,1.0592
14400,random_iid,500,rf_starter_descriptors,2.54,1.6284000000000003
14417,random_iid,500,rf_starter_descriptors,1.32,1.2039999999999993
14429,random_iid,500,rf_starter_descriptors,1.02,1.3696000000000002
14441,random_iid,500,rf_starter_descriptors,1.56,1.5907999999999989
14448,random_iid,500,rf_starter_descriptors,0.68,0.9468000000000003
14450,random_iid,500,rf_starter_descriptors,1.38,1.2687999999999995
14455,random_iid,500,rf_starter_descriptors,1.94,1.4044000000000003
14461,random_iid,500,rf_starter_descriptors,0.74,1.8648000000000002
14465,random_iid,500,rf_starter_descriptors,1.12,1.7732
14492,random_iid,500,rf_starter_descriptors,1.04,1.1887999999999999
14493,random_iid,500,rf_starter_descriptors,2.14,1.6143999999999996
14503,random_iid,500,rf_starter_descriptors,2.4,1.4607999999999997
14511,random_iid,500,rf_starter_descriptors,0.4,1.1547999999999998
14520,random_iid,500,rf_starter_descriptors,0.28,0.5183999999999999
14525,random_iid,500,rf_starter_descriptors,1.02,0.8720000000000002
14526,random_iid,500,rf_starter_descriptors,3.26,2.1388
14539,random_iid,500,rf_starter_descriptors,1.7,0.9848000000000002
14554,random_iid,500,rf_starter_descriptors,1.0,1.1460000000000001
14569,random_iid,500,rf_starter_descriptors,2.72,1.1984000000000001
14586,random_iid,500,rf_starter_descriptors,2.36,2.1668000000000007
14602,random_iid,500,rf_starter_descriptors,1.78,1.9600000000000002
14606,random_iid,500,rf_starter_descriptors,2.06,1.9736000000000007
14613,random_iid,500,rf_starter_descriptors,2.18,1.3251999999999997
14617,random_iid,500,rf_starter_descriptors,0.86,1.2148
14633,random_iid,500,rf_starter_descriptors,1.46,1.472000000000001
14651,random_iid,500,rf_starter_descriptors,1.18,1.356400000000001
14658,random_iid,500,rf_starter_descriptors,2.82,2.045999999999999
14676,random_iid,500,rf_starter_descriptors,1.66,1.212
14682,random_iid,500,rf_starter_descriptors,0.68,1.5451999999999995
14685,random_iid,500,rf_starter_descriptors,1.3,1.886
14689,random_iid,500,rf_starter_descriptors,2.14,1.6663999999999999
14691,random_iid,500,rf_starter_descriptors,0.5,1.8164000000000002
14699,random_iid,500,rf_starter_descriptors,2.04,1.5116
14702,random_iid,500,rf_starter_descriptors,1.36,1.2512
14714,random_iid,500,rf_starter_descriptors,1.2,1.4287999999999994
14718,random_iid,500,rf_starter_descriptors,2.18,1.7843999999999998
14726,random_iid,500,rf_starter_descriptors,0.52,1.4664000000000001
14731,random_iid,500,rf_starter_descriptors,2.0,0.8771999999999998
14735,random_iid,500,rf_starter_descriptors,0.92,0.8575999999999996
14736,random_iid,500,rf_starter_descriptors,2.46,1.8963999999999996
14739,random_iid,500,rf_starter_descriptors,1.14,1.3475999999999988
14741,random_iid,500,rf_starter_descriptors,2.5,1.8059999999999996
14752,random_iid,500,rf_starter_descriptors,1.14,1.368
14759,random_iid,500,rf_starter_descriptors,0.76,1.0592
14761,random_iid,500,rf_starter_descriptors,0.84,1.3544
14763,random_iid,500,rf_starter_descriptors,1.04,1.1776000000000004
14771,random_iid,500,rf_starter_descriptors,1.5,1.2264000000000002
14782,random_iid,500,rf_starter_descriptors,1.14,1.9856000000000007
14783,random_iid,500,rf_starter_descriptors,1.76,1.648000000000001
14787,random_iid,500,rf_starter_descriptors,1.48,1.9847999999999997
14807,random_iid,500,rf_starter_descriptors,2.32,1.3795999999999997
14809,random_iid,500,rf_starter_descriptors,0.28,1.070400000000001
14814,random_iid,500,rf_starter_descriptors,1.08,0.9244000000000002
14822,random_iid,500,rf_starter_descriptors,1.3,1.5715999999999997
14825,random_iid,500,rf_starter_descriptors,1.24,1.0692000000000002
14838,random_iid,500,rf_starter_descriptors,1.16,1.1652000000000002
14840,random_iid,500,rf_starter_descriptors,0.94,1.0452
14847,random_iid,500,rf_starter_descriptors,0.7,0.9223999999999996
14850,random_iid,500,rf_starter_descriptors,0.54,0.8284000000000001
14853,random_iid,500,rf_starter_descriptors,1.22,1.3527999999999998
14854,random_iid,500,rf_starter_descriptors,2.8,1.7631999999999994
14861,random_iid,500,rf_starter_descriptors,2.28,1.1092
14866,random_iid,500,rf_starter_descriptors,2.12,1.5711999999999997
14902,random_iid,500,rf_starter_descriptors,1.68,2.2772
14903,random_iid,500,rf_starter_descriptors,1.5,1.8335999999999997
14905,random_iid,500,rf_starter_descriptors,1.38,1.4951999999999999
14913,random_iid,500,rf_starter_descriptors,3.74,2.6199999999999988
14917,random_iid,500,rf_starter_descriptors,0.7,1.1936000000000002
14923,random_iid,500,rf_starter_descriptors,1.64,1.7572
14938,random_iid,500,rf_starter_descriptors,1.88,1.0460000000000003
14946,random_iid,500,rf_starter_descriptors,1.12,1.8935999999999993
14953,random_iid,500,rf_starter_descriptors,0.84,1.2784
14955,random_iid,500,rf_starter_descriptors,0.84,1.26
14983,random_iid,500,rf_starter_descriptors,0.88,1.1356000000000002
14994,random_iid,500,rf_starter_descriptors,1.22,1.0255999999999996
14995,random_iid,500,rf_starter_descriptors,2.88,1.8400000000000005
15010,random_iid,500,rf_starter_descriptors,1.14,1.0959999999999999
15015,random_iid,500,rf_starter_descriptors,1.28,1.4275999999999995
15016,random_iid,500,rf_starter_descriptors,2.06,1.5179999999999996
15045,random_iid,500,rf_starter_descriptors,0.44,0.9440000000000001
15054,random_iid,500,rf_starter_descriptors,1.04,1.2476000000000003
15067,random_iid,500,rf_starter_descriptors,0.54,1.3403999999999998
15103,random_iid,500,rf_starter_descriptors,1.18,0.8759999999999999
15108,random_iid,500,rf_starter_descriptors,1.06,1.6643999999999997
15116,random_iid,500,rf_starter_descriptors,1.42,0.7763999999999999
15120,random_iid,500,rf_starter_descriptors,1.1,1.0812000000000002
15121,random_iid,500,rf_starter_descriptors,2.72,1.5336000000000005
15123,random_iid,500,rf_starter_descriptors,1.98,1.2884
15126,random_iid,500,rf_starter_descriptors,1.18,1.5088
15139,random_iid,500,rf_starter_descriptors,1.44,0.7892000000000001
15150,random_iid,500,rf_starter_descriptors,1.2,1.1711999999999998
15161,random_iid,500,rf_starter_descriptors,3.34,2.268
15186,random_iid,500,rf_starter_descriptors,0.6,1.5075999999999994
15196,random_iid,500,rf_starter_descriptors,2.18,1.696
15204,random_iid,500,rf_starter_descriptors,1.3,1.3399999999999996
15211,random_iid,500,rf_starter_descriptors,1.12,1.0151999999999999
15214,random_iid,500,rf_starter_descriptors,0.72,1.04
15218,random_iid,500,rf_starter_descriptors,3.58,2.7872
15219,random_iid,500,rf_starter_descriptors,1.64,0.8088000000000001
15231,random_iid,500,rf_starter_descriptors,0.66,1.6371999999999998
15262,random_iid,500,rf_starter_descriptors,3.04,1.1968000000000003
15288,random_iid,500,rf_starter_descriptors,1.28,1.1996000000000002
15290,random_iid,500,rf_starter_descriptors,0.92,1.3116000000000003
15293,random_iid,500,rf_starter_descriptors,0.68,1.9812
15296,random_iid,500,rf_starter_descriptors,2.92,3.134
15298,random_iid,500,rf_starter_descriptors,0.94,1.4111999999999998
15300,random_iid,500,rf_starter_descriptors,1.6,1.9656
15310,random_iid,500,rf_starter_descriptors,1.46,1.3739999999999997
15361,random_iid,500,rf_starter_descriptors,0.1,1.3776
15362,random_iid,500,rf_starter_descriptors,1.1,0.8444000000000003
15377,random_iid,500,rf_starter_descriptors,2.04,1.6644000000000003
15389,random_iid,500,rf_starter_descriptors,2.76,2.9079999999999995
15405,random_iid,500,rf_starter_descriptors,1.48,1.3048
15423,random_iid,500,rf_starter_descriptors,1.96,1.4091999999999998
15448,random_iid,500,rf_starter_descriptors,1.6,1.936800000000001
15450,random_iid,500,rf_starter_descriptors,1.82,1.8372
15455,random_iid,500,rf_starter_descriptors,2.88,1.3740000000000003
15461,random_iid,500,rf_starter_descriptors,1.38,1.6163999999999996
15474,random_iid,500,rf_starter_descriptors,1.98,1.5175999999999996
15479,random_iid,500,rf_starter_descriptors,1.18,1.5267999999999988
15489,random_iid,500,rf_starter_descriptors,1.4,0.9527999999999999
15491,random_iid,500,rf_starter_descriptors,1.04,1.5303999999999995
15510,random_iid,500,rf_starter_descriptors,1.08,1.5496
15528,random_iid,500,rf_starter_descriptors,1.94,1.2508
15538,random_iid,500,rf_starter_descriptors,1.22,1.5104000000000004
15542,random_iid,500,rf_starter_descriptors,0.76,0.9896000000000003
15556,random_iid,500,rf_starter_descriptors,2.14,2.4135999999999984
15567,random_iid,500,rf_starter_descriptors,0.26,0.9039999999999999
15568,random_iid,500,rf_starter_descriptors,1.24,1.3024
15570,random_iid,500,rf_starter_descriptors,0.68,1.2664
15590,random_iid,500,rf_starter_descriptors,0.84,1.1103999999999996
15617,random_iid,500,rf_starter_descriptors,1.1,1.3159999999999998
15619,random_iid,500,rf_starter_descriptors,3.22,1.3739999999999997
15626,random_iid,500,rf_starter_descriptors,1.62,1.7147999999999994
15628,random_iid,500,rf_starter_descriptors,0.76,1.7480000000000004
15633,random_iid,500,rf_starter_descriptors,1.28,1.3692
15648,random_iid,500,rf_starter_descriptors,1.26,2.6428
15660,random_iid,500,rf_starter_descriptors,1.06,1.4180000000000004
15667,random_iid,500,rf_starter_descriptors,3.32,1.7168000000000005
15672,random_iid,500,rf_starter_descriptors,2.66,1.8015999999999996
15676,random_iid,500,rf_starter_descriptors,2.26,1.9192000000000002
15687,random_iid,500,rf_starter_descriptors,1.68,1.9148000000000003
15689,random_iid,500,rf_starter_descriptors,2.22,1.2476
15692,random_iid,500,rf_starter_descriptors,1.9,2.0107999999999993
15693,random_iid,500,rf_starter_descriptors,1.3,1.4016000000000002
15695,random_iid,500,rf_starter_descriptors,1.92,1.3932000000000002
15709,random_iid,500,rf_starter_descriptors,1.48,1.2924000000000007
15737,random_iid,500,rf_starter_descriptors,0.98,1.1056000000000004
15744,random_iid,500,rf_starter_descriptors,2.32,1.376
15771,random_iid,500,rf_starter_descriptors,1.86,1.1612
15786,random_iid,500,rf_starter_descriptors,2.08,1.4371999999999998
15791,random_iid,500,rf_starter_descriptors,1.4,1.2508
15792,random_iid,500,rf_starter_descriptors,2.96,2.7771999999999997
15802,random_iid,500,rf_starter_descriptors,2.48,2.4275999999999995
15804,random_iid,500,rf_starter_descriptors,2.1,1.4012000000000002
15818,random_iid,500,rf_starter_descriptors,0.6,1.3372000000000002
15821,random_iid,500,rf_starter_descriptors,1.44,1.0831999999999997
15849,random_iid,500,rf_starter_descriptors,1.7,1.5912
15865,random_iid,500,rf_starter_descriptors,1.1,0.8348
15872,random_iid,500,rf_starter_descriptors,1.68,1.0739999999999998
15875,random_iid,500,rf_starter_descriptors,1.52,2.582
15877,random_iid,500,rf_starter_descriptors,1.34,1.5760000000000003
15878,random_iid,500,rf_starter_descriptors,1.96,1.2699999999999998
15879,random_iid,500,rf_starter_descriptors,1.44,1.1232
15903,random_iid,500,rf_starter_descriptors,0.8,0.9183999999999999
15905,random_iid,500,rf_starter_descriptors,2.98,2.7960000000000003
15911,random_iid,500,rf_starter_descriptors,2.38,1.755199999999999
15912,random_iid,500,rf_starter_descriptors,0.78,1.8824000000000003
15916,random_iid,500,rf_starter_descriptors,1.36,1.4320000000000002
15926,random_iid,500,rf_starter_descriptors,1.0,1.4307999999999998
15928,random_iid,500,rf_starter_descriptors,-0.06,1.2027999999999996
15937,random_iid,500,rf_starter_descriptors,0.92,2.26
15961,random_iid,500,rf_starter_descriptors,1.08,2.182399999999999
15973,random_iid,500,rf_starter_descriptors,1.24,1.1879999999999997
15994,random_iid,500,rf_starter_descriptors,1.68,2.078400000000001
15998,random_iid,500,rf_starter_descriptors,0.6,1.5135999999999996
16003,random_iid,500,rf_starter_descriptors,0.88,1.2015999999999998
16004,random_iid,500,rf_starter_descriptors,2.2,1.3716000000000008
16007,random_iid,500,rf_starter_descriptors,1.1,1.1184000000000005
16008,random_iid,500,rf_starter_descriptors,1.98,1.5779999999999996
16016,random_iid,500,rf_starter_descriptors,0.38,1.1088
16026,random_iid,500,rf_starter_descriptors,1.88,1.9360000000000006
16047,random_iid,500,rf_starter_descriptors,1.74,1.3747999999999996
16055,random_iid,500,rf_starter_descriptors,0.62,0.7652000000000002
16057,random_iid,500,rf_starter_descriptors,1.3,1.3492000000000002
16060,random_iid,500,rf_starter_descriptors,1.8,1.6308
16061,random_iid,500,rf_starter_descriptors,0.76,1.8672
16067,random_iid,500,rf_starter_descriptors,1.7,1.2676
16075,random_iid,500,rf_starter_descriptors,1.32,0.9111999999999999
16078,random_iid,500,rf_starter_descriptors,1.6,1.942000000000001
16095,random_iid,500,rf_starter_descriptors,0.6,0.8612000000000002
16101,random_iid,500,rf_starter_descriptors,1.34,1.1212
16110,random_iid,500,rf_starter_descriptors,1.16,1.7175999999999996
16128,random_iid,500,rf_starter_descriptors,1.16,1.9316000000000009
16139,random_iid,500,rf_starter_descriptors,1.24,0.8248000000000003
16153,random_iid,500,rf_starter_descriptors,1.18,1.2784
16167,random_iid,500,rf_starter_descriptors,1.2,1.1695999999999998
16171,random_iid,500,rf_starter_descriptors,0.9,1.6776
16172,random_iid,500,rf_starter_descriptors,1.46,1.9708000000000003
16176,random_iid,500,rf_starter_descriptors,0.74,0.7472000000000001
16180,random_iid,500,rf_starter_descriptors,2.3,1.3771999999999998
16194,random_iid,500,rf_starter_descriptors,2.54,1.6219999999999992
16208,random_iid,500,rf_starter_descriptors,1.08,1.556
16222,random_iid,500,rf_starter_descriptors,1.88,0.7971999999999997
16228,random_iid,500,rf_starter_descriptors,0.34,1.0327999999999997
16229,random_iid,500,rf_starter_descriptors,3.7,2.6307999999999994
16234,random_iid,500,rf_starter_descriptors,0.64,0.8715999999999995
16240,random_iid,500,rf_starter_descriptors,1.78,1.2979999999999998
16242,random_iid,500,rf_starter_descriptors,1.34,1.3292
16245,random_iid,500,rf_starter_descriptors,1.62,1.8235999999999997
16251,random_iid,500,rf_starter_descriptors,0.82,1.1647999999999998
16253,random_iid,500,rf_starter_descriptors,2.14,2.1879999999999993
16262,random_iid,500,rf_starter_descriptors,1.44,1.8891999999999995
16268,random_iid,500,rf_starter_descriptors,0.32,1.0272
16269,random_iid,500,rf_starter_descriptors,0.54,1.1680000000000001
16277,random_iid,500,rf_starter_descriptors,1.98,1.7632000000000003
16279,random_iid,500,rf_starter_descriptors,1.2,1.7132000000000003
16289,random_iid,500,rf_starter_descriptors,2.08,2.4128
16296,random_iid,500,rf_starter_descriptors,3.36,1.3328000000000007
16301,random_iid,500,rf_starter_descriptors,1.08,1.5947999999999996
16325,random_iid,500,rf_starter_descriptors,2.54,2.2460000000000004
16331,random_iid,500,rf_starter_descriptors,1.92,1.1435999999999995
16337,random_iid,500,rf_starter_descriptors,2.32,2.702399999999999
16340,random_iid,500,rf_starter_descriptors,1.8,1.1811999999999998
16343,random_iid,500,rf_starter_descriptors,0.9,1.0516
16344,random_iid,500,rf_starter_descriptors,1.1,1.4696000000000005
16361,random_iid,500,rf_starter_descriptors,2.7,1.7844000000000002
16382,random_iid,500,rf_starter_descriptors,0.58,0.9687999999999998
16399,random_iid,500,rf_starter_descriptors,2.2,1.9631999999999987
16418,random_iid,500,rf_starter_descriptors,2.78,2.8551999999999986
16426,random_iid,500,rf_starter_descriptors,2.04,1.3620000000000008
16427,random_iid,500,rf_starter_descriptors,0.96,1.0208
16439,random_iid,500,rf_starter_descriptors,1.76,1.2608
16441,random_iid,500,rf_starter_descriptors,0.94,1.1295999999999997
16459,random_iid,500,rf_starter_descriptors,1.36,1.1131999999999997
16467,random_iid,500,rf_starter_descriptors,1.82,1.7975999999999994
16468,random_iid,500,rf_starter_descriptors,0.98,1.7828000000000006
16510,random_iid,500,rf_starter_descriptors,3.7,1.8091999999999993
16541,random_iid,500,rf_starter_descriptors,1.94,1.2648
16545,random_iid,500,rf_starter_descriptors,0.7,1.0332000000000001
16559,random_iid,500,rf_starter_descriptors,1.4,1.128
16566,random_iid,500,rf_starter_descriptors,1.94,1.0888000000000007
16573,random_iid,500,rf_starter_descriptors,0.98,1.5279999999999994
16574,random_iid,500,rf_starter_descriptors,1.48,1.8156000000000003
16581,random_iid,500,rf_starter_descriptors,1.6,1.5191999999999999
16584,random_iid,500,rf_starter_descriptors,0.72,1.1835999999999998
16588,random_iid,500,rf_starter_descriptors,0.8,0.5352000000000003
16591,random_iid,500,rf_starter_descriptors,1.38,1.8512000000000006
16598,random_iid,500,rf_starter_descriptors,2.18,1.1131999999999997
16605,random_iid,500,rf_starter_descriptors,1.22,1.0227999999999995
16611,random_iid,500,rf_starter_descriptors,4.2,1.9975999999999983
16614,random_iid,500,rf_starter_descriptors,1.62,1.0044
16628,random_iid,500,rf_starter_descriptors,1.34,1.6188000000000002
16637,random_iid,500,rf_starter_descriptors,1.48,1.1120000000000005
16638,random_iid,500,rf_starter_descriptors,0.82,1.0443999999999998
16640,random_iid,500,rf_starter_descriptors,3.98,1.5359999999999994
16641,random_iid,500,rf_starter_descriptors,2.14,0.8547999999999998
16643,random_iid,500,rf_starter_descriptors,1.14,1.538000000000001
16656,random_iid,500,rf_starter_descriptors,1.18,1.1735999999999995
16660,random_iid,500,rf_starter_descriptors,1.74,2.0888000000000004
16668,random_iid,500,rf_starter_descriptors,0.8,1.3459999999999999
16671,random_iid,500,rf_starter_descriptors,2.68,2.4383999999999997
16679,random_iid,500,rf_starter_descriptors,0.82,1.3267999999999998
16680,random_iid,500,rf_starter_descriptors,2.36,1.8867999999999996
16684,random_iid,500,rf_starter_descriptors,1.32,1.6576
16727,random_iid,500,rf_starter_descriptors,0.68,0.9735999999999997
16733,random_iid,500,rf_starter_descriptors,1.78,1.7764000000000002
16738,random_iid,500,rf_starter_descriptors,0.92,0.902
16742,random_iid,500,rf_starter_descriptors,2.62,1.5095999999999998
16743,random_iid,500,rf_starter_descriptors,0.84,1.2479999999999998
16746,random_iid,500,rf_starter_descriptors,2.02,1.682
16758,random_iid,500,rf_starter_descriptors,1.34,1.0603999999999996
16761,random_iid,500,rf_starter_descriptors,2.02,1.7276000000000002
16785,random_iid,500,rf_starter_descriptors,0.82,1.1224000000000003
16792,random_iid,500,rf_starter_descriptors,1.18,1.889199999999999
16796,random_iid,500,rf_starter_descriptors,2.04,0.8011999999999999
16799,random_iid,500,rf_starter_descriptors,0.6,1.2967999999999995
16808,random_iid,500,rf_starter_descriptors,1.58,1.2840000000000007
16816,random_iid,500,rf_starter_descriptors,1.4,1.1199999999999997
16820,random_iid,500,rf_starter_descriptors,0.4,1.8452000000000002
16823,random_iid,500,rf_starter_descriptors,1.94,1.5027999999999997
16854,random_iid,500,rf_starter_descriptors,3.6,2.0395999999999996
16861,random_iid,500,rf_starter_descriptors,2.18,0.9375999999999999
16869,random_iid,500,rf_starter_descriptors,0.84,1.8172000000000006
16870,random_iid,500,rf_starter_descriptors,2.44,1.353200000000001
16883,random_iid,500,rf_starter_descriptors,1.0,1.4747999999999999
16916,random_iid,500,rf_starter_descriptors,0.92,0.9540000000000001
16919,random_iid,500,rf_starter_descriptors,1.0,1.0688000000000004
16927,random_iid,500,rf_starter_descriptors,0.7,1.1376
16929,random_iid,500,rf_starter_descriptors,1.3,1.5475999999999999
16949,random_iid,500,rf_starter_descriptors,1.58,1.1199999999999999
16968,random_iid,500,rf_starter_descriptors,1.24,1.8236000000000008
16970,random_iid,500,rf_starter_descriptors,1.56,1.4136000000000004
16971,random_iid,500,rf_starter_descriptors,1.66,1.3788000000000002
16972,random_iid,500,rf_starter_descriptors,1.36,1.078
16989,random_iid,500,rf_starter_descriptors,3.24,2.504399999999999
17011,random_iid,500,rf_starter_descriptors,2.0,1.2588000000000004
17028,random_iid,500,rf_starter_descriptors,1.0,1.3643999999999994
17034,random_iid,500,rf_starter_descriptors,0.86,1.831599999999999
17042,random_iid,500,rf_starter_descriptors,2.54,2.1468000000000007
17060,random_iid,500,rf_starter_descriptors,1.52,1.1811999999999998
17062,random_iid,500,rf_starter_descriptors,1.88,1.276
17104,random_iid,500,rf_starter_descriptors,1.46,1.1264
17113,random_iid,500,rf_starter_descriptors,2.3,1.5131999999999999
17121,random_iid,500,rf_starter_descriptors,0.78,1.0099999999999998
17122,random_iid,500,rf_starter_descriptors,1.74,1.4964000000000002
17132,random_iid,500,rf_starter_descriptors,-0.04,0.9612000000000007
17149,random_iid,500,rf_starter_descriptors,2.28,1.3716000000000006
17165,random_iid,500,rf_starter_descriptors,1.8,2.72
17169,random_iid,500,rf_starter_descriptors,1.2,1.7472000000000005
17170,random_iid,500,rf_starter_descriptors,1.38,2.0384
17171,random_iid,500,rf_starter_descriptors,1.9,2.3039999999999994
17186,random_iid,500,rf_starter_descriptors,2.74,1.3563999999999998
17191,random_iid,500,rf_starter_descriptors,0.92,1.4511999999999998
17194,random_iid,500,rf_starter_descriptors,1.22,1.5456000000000003
17195,random_iid,500,rf_starter_descriptors,2.9,1.4464000000000001
17201,random_iid,500,rf_starter_descriptors,1.82,1.5644000000000002
17210,random_iid,500,rf_starter_descriptors,2.22,1.7332000000000005
17219,random_iid,500,rf_starter_descriptors,0.26,1.1280000000000003
17244,random_iid,500,rf_starter_descriptors,1.4,1.4284000000000001
17268,random_iid,500,rf_starter_descriptors,1.16,1.0816
17292,random_iid,500,rf_starter_descriptors,1.0,1.3311999999999993
17344,random_iid,500,rf_starter_descriptors,0.96,1.2024000000000006
17349,random_iid,500,rf_starter_descriptors,1.28,1.3951999999999998
17362,random_iid,500,rf_starter_descriptors,0.6,1.1796000000000002
17363,random_iid,500,rf_starter_descriptors,1.74,1.1152000000000002
17379,random_iid,500,rf_starter_descriptors,1.42,1.3211999999999997
17380,random_iid,500,rf_starter_descriptors,1.78,1.246
17385,random_iid,500,rf_starter_descriptors,1.48,1.4700000000000006
17390,random_iid,500,rf_starter_descriptors,0.52,1.6196000000000004
17414,random_iid,500,rf_starter_descriptors,1.04,1.742
17419,random_iid,500,rf_starter_descriptors,1.8,1.6720000000000002
17431,random_iid,500,rf_starter_descriptors,1.02,1.0743999999999994
17451,random_iid,500,rf_starter_descriptors,1.44,1.6483999999999992
17452,random_iid,500,rf_starter_descriptors,0.68,1.3611999999999997
17457,random_iid,500,rf_starter_descriptors,2.08,1.4883999999999993
17463,random_iid,500,rf_starter_descriptors,1.74,0.9792000000000001
17467,random_iid,500,rf_starter_descriptors,1.06,1.7388000000000008
17481,random_iid,500,rf_starter_descriptors,0.96,1.2752
17484,random_iid,500,rf_starter_descriptors,1.04,1.1028000000000002
17488,random_iid,500,rf_starter_descriptors,1.6,1.4995999999999998
17490,random_iid,500,rf_starter_descriptors,1.2,2.0343999999999998
17493,random_iid,500,rf_starter_descriptors,1.46,1.1303999999999994
17497,random_iid,500,rf_starter_descriptors,2.46,1.1844
17511,random_iid,500,rf_starter_descriptors,1.2,2.1612000000000005
17535,random_iid,500,rf_starter_descriptors,1.98,1.4840000000000004
17536,random_iid,500,rf_starter_descriptors,1.6,1.8968000000000003
17542,random_iid,500,rf_starter_descriptors,2.02,1.3428000000000002
17544,random_iid,500,rf_starter_descriptors,1.08,1.9951999999999999
17554,random_iid,500,rf_starter_descriptors,1.8,1.2468000000000001
17560,random_iid,500,rf_starter_descriptors,2.34,1.1948
17592,random_iid,500,rf_starter_descriptors,1.44,0.7203999999999999
17596,random_iid,500,rf_starter_descriptors,1.48,1.3760000000000003
17597,random_iid,500,rf_starter_descriptors,1.0,1.0488000000000006
17598,random_iid,500,rf_starter_descriptors,1.24,1.2220000000000006
17603,random_iid,500,rf_starter_descriptors,0.94,1.0356
17608,random_iid,500,rf_starter_descriptors,1.34,0.7867999999999996
17619,random_iid,500,rf_starter_descriptors,1.62,0.8843999999999999
17621,random_iid,500,rf_starter_descriptors,0.88,1.2736
17623,random_iid,500,rf_starter_descriptors,1.08,1.2308000000000003
17628,random_iid,500,rf_starter_descriptors,0.36,1.0120000000000002
17637,random_iid,500,rf_starter_descriptors,1.74,0.9840000000000003
17642,random_iid,500,rf_starter_descriptors,0.98,0.8636000000000003
17647,random_iid,500,rf_starter_descriptors,0.18,2.0544000000000002
17658,random_iid,500,rf_starter_descriptors,0.5,0.8676000000000001
17678,random_iid,500,rf_starter_descriptors,0.8,1.0068000000000001
17703,random_iid,500,rf_starter_descriptors,1.96,1.1175999999999997
17707,random_iid,500,rf_starter_descriptors,0.88,1.5664000000000002
17729,random_iid,500,rf_starter_descriptors,1.5,1.6695999999999998
17731,random_iid,500,rf_starter_descriptors,0.7,1.62
17738,random_iid,500,rf_starter_descriptors,1.22,1.5484
17761,random_iid,500,rf_starter_descriptors,1.3,1.2564000000000002
17788,random_iid,500,rf_starter_descriptors,2.54,1.6092000000000002
17789,random_iid,500,rf_starter_descriptors,1.12,1.813600000000001
17825,random_iid,500,rf_starter_descriptors,1.32,1.7904000000000002
17827,random_iid,500,rf_starter_descriptors,1.44,1.112
17847,random_iid,500,rf_starter_descriptors,0.68,1.5996000000000001
17851,random_iid,500,rf_starter_descriptors,0.98,1.5335999999999996
17864,random_iid,500,rf_starter_descriptors,0.84,1.0768000000000002
17871,random_iid,500,rf_starter_descriptors,1.3,1.1464
17885,random_iid,500,rf_starter_descriptors,0.44,1.1580000000000001
17892,random_iid,500,rf_starter_descriptors,1.36,2.0532000000000012
17898,random_iid,500,rf_starter_descriptors,1.18,1.11
17925,random_iid,500,rf_starter_descriptors,2.02,1.4416000000000004
17926,random_iid,500,rf_starter_descriptors,2.16,1.3536
17927,random_iid,500,rf_starter_descriptors,1.02,1.5543999999999998
17932,random_iid,500,rf_starter_descriptors,1.32,1.7012
17939,random_iid,500,rf_starter_descriptors,1.8,1.9079999999999993
17950,random_iid,500,rf_starter_descriptors,3.92,2.281599999999999
17970,random_iid,500,rf_starter_descriptors,1.66,1.4544
17974,random_iid,500,rf_starter_descriptors,1.18,1.7383999999999988
17989,random_iid,500,rf_starter_descriptors,1.32,1.6043999999999994
18004,random_iid,500,rf_starter_descriptors,1.1,1.2983999999999996
18022,random_iid,500,rf_starter_descriptors,1.36,1.9923999999999995
18024,random_iid,500,rf_starter_descriptors,2.88,1.5031999999999999
18043,random_iid,500,rf_starter_descriptors,1.56,1.3519999999999999
18080,random_iid,500,rf_starter_descriptors,1.3,1.1784
18113,random_iid,500,rf_starter_descriptors,1.58,1.4428000000000003
18114,random_iid,500,rf_starter_descriptors,0.58,1.9528000000000003
18123,random_iid,500,rf_starter_descriptors,0.96,1.4748
18127,random_iid,500,rf_starter_descriptors,0.72,1.1984000000000004
18128,random_iid,500,rf_starter_descriptors,1.48,1.828
18130,random_iid,500,rf_starter_descriptors,1.2,1.137199999999999
18145,random_iid,500,rf_starter_descriptors,1.62,1.9339999999999997
18149,random_iid,500,rf_starter_descriptors,0.72,1.8680000000000008
18171,random_iid,500,rf_starter_descriptors,2.16,1.7488
18191,random_iid,500,rf_starter_descriptors,0.76,1.1467999999999998
18208,random_iid,500,rf_starter_descriptors,1.66,1.3852000000000004
18217,random_iid,500,rf_starter_descriptors,1.4,1.3500000000000003
18226,random_iid,500,rf_starter_descriptors,0.76,2.5472
18229,random_iid,500,rf_starter_descriptors,1.1,0.9256000000000003
18230,random_iid,500,rf_starter_descriptors,0.58,1.7304000000000004
18234,random_iid,500,rf_starter_descriptors,0.68,1.19
18251,random_iid,500,rf_starter_descriptors,0.42,1.2096000000000005
18253,random_iid,500,rf_starter_descriptors,1.7,1.3128
18255,random_iid,500,rf_starter_descriptors,1.58,1.4412
18275,random_iid,500,rf_starter_descriptors,0.32,1.3340000000000003
18280,random_iid,500,rf_starter_descriptors,0.68,1.1876000000000002
18282,random_iid,500,rf_starter_descriptors,0.78,1.1648000000000003
18289,random_iid,500,rf_starter_descriptors,1.62,2.0487999999999995
18291,random_iid,500,rf_starter_descriptors,1.14,1.9416000000000004
18295,random_iid,500,rf_starter_descriptors,1.64,1.379599999999999
18328,random_iid,500,rf_starter_descriptors,1.56,2.4811999999999994
18337,random_iid,500,rf_starter_descriptors,0.38,1.9832000000000005
18344,random_iid,500,rf_starter_descriptors,1.04,1.2232000000000003
18345,random_iid,500,rf_starter_descriptors,1.16,1.1327999999999998
18350,random_iid,500,rf_starter_descriptors,2.06,2.0552
18356,random_iid,500,rf_starter_descriptors,1.92,1.8115999999999994
18362,random_iid,500,rf_starter_descriptors,0.72,1.1328000000000003
18364,random_iid,500,rf_starter_descriptors,1.68,1.9580000000000002
18370,random_iid,500,rf_starter_descriptors,1.24,1.1407999999999996
18376,random_iid,500,rf_starter_descriptors,1.1,0.9064000000000003
18378,random_iid,500,rf_starter_descriptors,1.98,3.026
18386,random_iid,500,rf_starter_descriptors,0.28,1.2179999999999995
18397,random_iid,500,rf_starter_descriptors,3.12,2.173599999999999
18423,random_iid,500,rf_starter_descriptors,0.8,1.0744000000000002
18432,random_iid,500,rf_starter_descriptors,0.98,1.3952
18433,random_iid,500,rf_starter_descriptors,1.22,1.7256
18437,random_iid,500,rf_starter_descriptors,0.66,1.554800000000001
18439,random_iid,500,rf_starter_descriptors,2.42,1.8388
18457,random_iid,500,rf_starter_descriptors,2.48,2.482
18478,random_iid,500,rf_starter_descriptors,0.32,1.1656
18492,random_iid,500,rf_starter_descriptors,1.18,1.4088000000000003
18504,random_iid,500,rf_starter_descriptors,1.52,1.3388
18513,random_iid,500,rf_starter_descriptors,1.04,0.7555999999999998
18518,random_iid,500,rf_starter_descriptors,0.38,1.7772
18520,random_iid,500,rf_starter_descriptors,0.66,0.878
18523,random_iid,500,rf_starter_descriptors,0.92,0.5156000000000001
18533,random_iid,500,rf_starter_descriptors,1.12,1.5439999999999998
18546,random_iid,500,rf_starter_descriptors,1.7,1.8148000000000002
18554,random_iid,500,rf_starter_descriptors,2.28,2.1936000000000004
18566,random_iid,500,rf_starter_descriptors,2.24,1.7252000000000007
18579,random_iid,500,rf_starter_descriptors,1.18,1.5804
18595,random_iid,500,rf_starter_descriptors,0.64,1.1348000000000003
18596,random_iid,500,rf_starter_descriptors,1.4,1.1751999999999998
18605,random_iid,500,rf_starter_descriptors,1.18,1.2564
18608,random_iid,500,rf_starter_descriptors,0.66,0.8647999999999999
18610,random_iid,500,rf_starter_descriptors,1.46,1.4171999999999998
18629,random_iid,500,rf_starter_descriptors,0.9,1.0139999999999996
18655,random_iid,500,rf_starter_descriptors,1.88,1.1868000000000003
18658,random_iid,500,rf_starter_descriptors,2.08,1.4192000000000005
18665,random_iid,500,rf_starter_descriptors,1.48,1.0891999999999995
18673,random_iid,500,rf_starter_descriptors,2.62,1.75
18676,random_iid,500,rf_starter_descriptors,1.12,2.0939999999999985
18679,random_iid,500,rf_starter_descriptors,2.14,1.2403999999999997
18680,random_iid,500,rf_starter_descriptors,1.02,1.0975999999999997
18693,random_iid,500,rf_starter_descriptors,1.4,1.1735999999999995
18694,random_iid,500,rf_starter_descriptors,1.0,1.7635999999999994
18717,random_iid,500,rf_starter_descriptors,0.18,1.8172000000000008
18726,random_iid,500,rf_starter_descriptors,1.12,1.5739999999999994
18743,random_iid,500,rf_starter_descriptors,2.14,1.4931999999999999
18752,random_iid,500,rf_starter_descriptors,0.48,1.4676000000000005
18755,random_iid,500,rf_starter_descriptors,0.98,1.3628000000000007
18758,random_iid,500,rf_starter_descriptors,1.46,1.579199999999999
18763,random_iid,500,rf_starter_descriptors,1.46,1.5244000000000006
18766,random_iid,500,rf_starter_descriptors,0.98,1.4375999999999995
18775,random_iid,500,rf_starter_descriptors,3.36,1.5228
18776,random_iid,500,rf_starter_descriptors,2.0,1.2896
18781,random_iid,500,rf_starter_descriptors,2.4,1.2368
18786,random_iid,500,rf_starter_descriptors,1.66,1.8519999999999996
18794,random_iid,500,rf_starter_descriptors,1.98,1.0884000000000003
18800,random_iid,500,rf_starter_descriptors,1.94,1.8356000000000003
18810,random_iid,500,rf_starter_descriptors,1.38,1.655999999999999
18818,random_iid,500,rf_starter_descriptors,1.1,0.8515999999999999
18819,random_iid,500,rf_starter_descriptors,1.46,1.8531999999999988
18850,random_iid,500,rf_starter_descriptors,1.84,1.396
18858,random_iid,500,rf_starter_descriptors,0.8,0.9364000000000003
18885,random_iid,500,rf_starter_descriptors,0.7,2.071200000000001
18902,random_iid,500,rf_starter_descriptors,2.78,1.6152000000000002
18904,random_iid,500,rf_starter_descriptors,2.36,1.2952000000000001
18924,random_iid,500,rf_starter_descriptors,2.12,2.1759999999999997
18926,random_iid,500,rf_starter_descriptors,2.48,1.6043999999999996
