sample_id,split_strategy,budget_label,model,y_true,y_pred
3,random_iid,1000,rf_starter_descriptors,1.24,1.8927999999999994
6,random_iid,1000,rf_starter_descriptors,1.56,1.79
19,random_iid,1000,rf_starter_descriptors,0.46,1.2483999999999993
35,random_iid,1000,rf_starter_descriptors,1.3,1.612
42,random_iid,1000,rf_starter_descriptors,1.4,1.3444
47,random_iid,1000,rf_starter_descriptors,0.7,1.4484000000000001
57,random_iid,1000,rf_starter_descriptors,0.84,1.4568
59,random_iid,1000,rf_starter_descriptors,0.64,1.0844
72,random_iid,1000,rf_starter_descriptors,0.82,1.3607999999999996
88,random_iid,1000,rf_starter_descriptors,0.62,1.3911999999999998
101,random_iid,1000,rf_starter_descriptors,1.48,1.5839999999999992
103,random_iid,1000,rf_starter_descriptors,0.42,1.1575999999999997
119,random_iid,1000,rf_starter_descriptors,1.7,1.5304
123,random_iid,1000,rf_starter_descriptors,1.0,1.0804
127,random_iid,1000,rf_starter_descriptors,0.48,1.5852000000000002
134,random_iid,1000,rf_starter_descriptors,0.56,1.1947999999999996
137,random_iid,1000,rf_starter_descriptors,1.6,2.4211999999999994
169,random_iid,1000,rf_starter_descriptors,-0.04,1.4756000000000002
200,random_iid,1000,rf_starter_descriptors,2.18,1.7308
217,random_iid,1000,rf_starter_descriptors,1.42,1.4308
247,random_iid,1000,rf_starter_descriptors,0.84,0.6868000000000006
251,random_iid,1000,rf_starter_descriptors,0.14,1.0512000000000001
273,random_iid,1000,rf_starter_descriptors,0.92,1.1503999999999999
286,random_iid,1000,rf_starter_descriptors,1.14,0.9520000000000002
290,random_iid,1000,rf_starter_descriptors,1.22,1.4040000000000001
291,random_iid,1000,rf_starter_descriptors,2.66,2.025599999999999
313,random_iid,1000,rf_starter_descriptors,0.82,1.3156000000000003
322,random_iid,1000,rf_starter_descriptors,1.62,1.2064
323,random_iid,1000,rf_starter_descriptors,0.42,1.0951999999999997
326,random_iid,1000,rf_starter_descriptors,0.32,1.0268000000000002
327,random_iid,1000,rf_starter_descriptors,1.18,1.5328000000000004
344,random_iid,1000,rf_starter_descriptors,1.46,1.7451999999999992
351,random_iid,1000,rf_starter_descriptors,1.62,1.4220000000000004
361,random_iid,1000,rf_starter_descriptors,0.8,1.3776
379,random_iid,1000,rf_starter_descriptors,2.4,1.4800000000000006
387,random_iid,1000,rf_starter_descriptors,2.02,1.1071999999999997
401,random_iid,1000,rf_starter_descriptors,0.88,1.5003999999999993
409,random_iid,1000,rf_starter_descriptors,1.42,1.2672000000000003
410,random_iid,1000,rf_starter_descriptors,1.0,1.6816000000000002
423,random_iid,1000,rf_starter_descriptors,0.98,1.2184000000000006
424,random_iid,1000,rf_starter_descriptors,1.9,1.5016000000000003
438,random_iid,1000,rf_starter_descriptors,1.3,1.3615999999999997
450,random_iid,1000,rf_starter_descriptors,1.2,0.9348000000000001
460,random_iid,1000,rf_starter_descriptors,1.0,1.6159999999999997
467,random_iid,1000,rf_starter_descriptors,0.08,0.9496000000000002
476,random_iid,1000,rf_starter_descriptors,0.72,1.3760000000000003
485,random_iid,1000,rf_starter_descriptors,0.84,0.8315999999999998
487,random_iid,1000,rf_starter_descriptors,0.6,2.1359999999999992
542,random_iid,1000,rf_starter_descriptors,2.46,1.6927999999999994
549,random_iid,1000,rf_starter_descriptors,0.88,0.6907999999999999
553,random_iid,1000,rf_starter_descriptors,2.56,1.4948000000000006
558,random_iid,1000,rf_starter_descriptors,1.26,1.3716000000000002
563,random_iid,1000,rf_starter_descriptors,1.62,1.2651999999999999
576,random_iid,1000,rf_starter_descriptors,2.2,1.7167999999999994
608,random_iid,1000,rf_starter_descriptors,1.4,1.6811999999999998
621,random_iid,1000,rf_starter_descriptors,1.5,0.8272000000000003
635,random_iid,1000,rf_starter_descriptors,0.96,1.4268
651,random_iid,1000,rf_starter_descriptors,2.28,1.4168
657,random_iid,1000,rf_starter_descriptors,1.26,0.8852000000000002
705,random_iid,1000,rf_starter_descriptors,1.0,1.4604000000000006
707,random_iid,1000,rf_starter_descriptors,0.64,0.8732000000000002
708,random_iid,1000,rf_starter_descriptors,0.88,1.2708000000000004
715,random_iid,1000,rf_starter_descriptors,1.98,1.8772
729,random_iid,1000,rf_starter_descriptors,0.5,0.9455999999999996
733,random_iid,1000,rf_starter_descriptors,2.86,2.235999999999999
736,random_iid,1000,rf_starter_descriptors,1.8,1.2663999999999997
744,random_iid,1000,rf_starter_descriptors,1.28,1.7691999999999997
751,random_iid,1000,rf_starter_descriptors,1.38,2.2279999999999998
795,random_iid,1000,rf_starter_descriptors,0.56,0.8504000000000004
817,random_iid,1000,rf_starter_descriptors,0.56,0.6992
820,random_iid,1000,rf_starter_descriptors,1.5,0.9144000000000004
828,random_iid,1000,rf_starter_descriptors,2.26,1.6831999999999991
852,random_iid,1000,rf_starter_descriptors,2.46,1.6327999999999998
856,random_iid,1000,rf_starter_descriptors,1.4,1.1864000000000001
878,random_iid,1000,rf_starter_descriptors,2.66,1.4447999999999999
927,random_iid,1000,rf_starter_descriptors,0.32,1.2772000000000003
928,random_iid,1000,rf_starter_descriptors,0.66,1.3256000000000001
936,random_iid,1000,rf_starter_descriptors,0.84,0.7576
960,random_iid,1000,rf_starter_descriptors,1.12,1.4939999999999998
963,random_iid,1000,rf_starter_descriptors,1.62,1.2223999999999997
967,random_iid,1000,rf_starter_descriptors,1.58,1.756
970,random_iid,1000,rf_starter_descriptors,1.28,1.3183999999999998
971,random_iid,1000,rf_starter_descriptors,2.2,1.5271999999999997
977,random_iid,1000,rf_starter_descriptors,1.24,1.3579999999999997
980,random_iid,1000,rf_starter_descriptors,1.42,1.4076
1020,random_iid,1000,rf_starter_descriptors,0.72,1.3844000000000003
1023,random_iid,1000,rf_starter_descriptors,1.46,1.8828000000000005
1026,random_iid,1000,rf_starter_descriptors,2.56,1.8136000000000008
1027,random_iid,1000,rf_starter_descriptors,1.38,1.4096000000000002
1034,random_iid,1000,rf_starter_descriptors,0.72,1.1835999999999998
1035,random_iid,1000,rf_starter_descriptors,1.28,1.6299999999999997
1066,random_iid,1000,rf_starter_descriptors,1.24,1.2600000000000005
1071,random_iid,1000,rf_starter_descriptors,1.6,1.6508
1084,random_iid,1000,rf_starter_descriptors,2.42,1.9960000000000004
1086,random_iid,1000,rf_starter_descriptors,0.6,1.42
1087,random_iid,1000,rf_starter_descriptors,0.9,1.5727999999999998
1092,random_iid,1000,rf_starter_descriptors,0.9,1.1052000000000002
1114,random_iid,1000,rf_starter_descriptors,1.02,1.0943999999999998
1144,random_iid,1000,rf_starter_descriptors,2.02,1.4884
1147,random_iid,1000,rf_starter_descriptors,2.66,2.3400000000000007
1157,random_iid,1000,rf_starter_descriptors,3.72,1.5288000000000002
1158,random_iid,1000,rf_starter_descriptors,2.24,1.4284000000000001
1162,random_iid,1000,rf_starter_descriptors,0.98,1.27
1163,random_iid,1000,rf_starter_descriptors,2.88,1.8455999999999997
1182,random_iid,1000,rf_starter_descriptors,0.46,1.3171999999999997
1199,random_iid,1000,rf_starter_descriptors,2.24,2.0223999999999993
1213,random_iid,1000,rf_starter_descriptors,1.48,1.5000000000000002
1261,random_iid,1000,rf_starter_descriptors,1.4,1.0623999999999998
1272,random_iid,1000,rf_starter_descriptors,1.16,1.3336000000000001
1290,random_iid,1000,rf_starter_descriptors,1.46,1.6780000000000002
1297,random_iid,1000,rf_starter_descriptors,1.48,1.8876000000000002
1303,random_iid,1000,rf_starter_descriptors,2.28,1.5147999999999997
1321,random_iid,1000,rf_starter_descriptors,1.18,1.3731999999999998
1323,random_iid,1000,rf_starter_descriptors,2.54,1.6031999999999997
1328,random_iid,1000,rf_starter_descriptors,0.12,1.3891999999999998
1346,random_iid,1000,rf_starter_descriptors,2.52,2.1464000000000003
1347,random_iid,1000,rf_starter_descriptors,1.38,1.5856000000000003
1350,random_iid,1000,rf_starter_descriptors,1.38,1.8439999999999999
1383,random_iid,1000,rf_starter_descriptors,0.66,1.2151999999999998
1396,random_iid,1000,rf_starter_descriptors,1.56,1.0963999999999998
1397,random_iid,1000,rf_starter_descriptors,1.18,1.8500000000000005
1419,random_iid,1000,rf_starter_descriptors,1.4,0.9804000000000004
1427,random_iid,1000,rf_starter_descriptors,3.78,1.6503999999999994
1429,random_iid,1000,rf_starter_descriptors,1.94,1.2207999999999997
1430,random_iid,1000,rf_starter_descriptors,0.62,1.2487999999999992
1444,random_iid,1000,rf_starter_descriptors,2.44,1.2439999999999998
1450,random_iid,1000,rf_starter_descriptors,0.86,1.8396000000000001
1453,random_iid,1000,rf_starter_descriptors,0.78,1.3595999999999997
1456,random_iid,1000,rf_starter_descriptors,1.64,1.5112000000000003
1493,random_iid,1000,rf_starter_descriptors,1.04,1.158
1510,random_iid,1000,rf_starter_descriptors,1.84,1.6800000000000006
1512,random_iid,1000,rf_starter_descriptors,0.94,1.2116
1527,random_iid,1000,rf_starter_descriptors,0.82,1.1032000000000002
1554,random_iid,1000,rf_starter_descriptors,1.0,1.3064000000000002
1557,random_iid,1000,rf_starter_descriptors,1.0,1.4791999999999998
1580,random_iid,1000,rf_starter_descriptors,1.88,1.332
1599,random_iid,1000,rf_starter_descriptors,1.02,1.3984000000000005
1611,random_iid,1000,rf_starter_descriptors,1.16,2.2707999999999995
1624,random_iid,1000,rf_starter_descriptors,0.94,1.5876000000000001
1632,random_iid,1000,rf_starter_descriptors,1.02,0.9392000000000005
1640,random_iid,1000,rf_starter_descriptors,0.82,1.4776000000000007
1697,random_iid,1000,rf_starter_descriptors,0.62,1.0056000000000003
1704,random_iid,1000,rf_starter_descriptors,2.56,2.042
1705,random_iid,1000,rf_starter_descriptors,0.94,1.2675999999999998
1710,random_iid,1000,rf_starter_descriptors,1.74,2.1247999999999996
1712,random_iid,1000,rf_starter_descriptors,2.62,2.2788000000000004
1722,random_iid,1000,rf_starter_descriptors,1.42,1.4260000000000008
1729,random_iid,1000,rf_starter_descriptors,1.04,0.8752000000000002
1730,random_iid,1000,rf_starter_descriptors,1.52,1.69
1747,random_iid,1000,rf_starter_descriptors,0.54,1.3764
1768,random_iid,1000,rf_starter_descriptors,1.36,1.6388
1804,random_iid,1000,rf_starter_descriptors,0.52,1.2964000000000002
1807,random_iid,1000,rf_starter_descriptors,2.22,0.9835999999999998
1838,random_iid,1000,rf_starter_descriptors,1.28,1.2528000000000001
1862,random_iid,1000,rf_starter_descriptors,0.68,1.9547999999999999
1869,random_iid,1000,rf_starter_descriptors,0.9,1.8107999999999997
1901,random_iid,1000,rf_starter_descriptors,0.7,1.4191999999999996
1905,random_iid,1000,rf_starter_descriptors,1.34,1.3648000000000002
1944,random_iid,1000,rf_starter_descriptors,0.62,1.2084000000000001
1952,random_iid,1000,rf_starter_descriptors,0.22,0.8388000000000002
1957,random_iid,1000,rf_starter_descriptors,2.22,1.1163999999999996
1981,random_iid,1000,rf_starter_descriptors,1.96,1.7068
1983,random_iid,1000,rf_starter_descriptors,1.16,1.741600000000001
2008,random_iid,1000,rf_starter_descriptors,1.62,1.2951999999999995
2020,random_iid,1000,rf_starter_descriptors,2.04,1.4724000000000004
2026,random_iid,1000,rf_starter_descriptors,0.82,1.1147999999999993
2043,random_iid,1000,rf_starter_descriptors,0.66,0.9547999999999999
2066,random_iid,1000,rf_starter_descriptors,0.72,1.0532000000000001
2078,random_iid,1000,rf_starter_descriptors,1.12,1.2595999999999998
2111,random_iid,1000,rf_starter_descriptors,1.56,1.378
2112,random_iid,1000,rf_starter_descriptors,2.36,1.5236
2117,random_iid,1000,rf_starter_descriptors,1.6,1.5304000000000004
2119,random_iid,1000,rf_starter_descriptors,1.0,1.1012000000000002
2127,random_iid,1000,rf_starter_descriptors,1.84,1.6388
2129,random_iid,1000,rf_starter_descriptors,1.24,1.3088
2136,random_iid,1000,rf_starter_descriptors,1.32,1.1395999999999997
2145,random_iid,1000,rf_starter_descriptors,1.6,1.385999999999999
2152,random_iid,1000,rf_starter_descriptors,0.82,1.5503999999999996
2167,random_iid,1000,rf_starter_descriptors,2.98,2.3975999999999997
2174,random_iid,1000,rf_starter_descriptors,2.36,1.0364
2177,random_iid,1000,rf_starter_descriptors,1.36,1.2312000000000003
2189,random_iid,1000,rf_starter_descriptors,1.44,1.2892
2214,random_iid,1000,rf_starter_descriptors,2.9,2.7268
2221,random_iid,1000,rf_starter_descriptors,0.22,1.6500000000000008
2232,random_iid,1000,rf_starter_descriptors,2.0,1.5051999999999994
2238,random_iid,1000,rf_starter_descriptors,0.84,1.2712
2247,random_iid,1000,rf_starter_descriptors,0.56,1.6756
2250,random_iid,1000,rf_starter_descriptors,1.46,1.3539999999999999
2255,random_iid,1000,rf_starter_descriptors,0.7,1.3032000000000001
2266,random_iid,1000,rf_starter_descriptors,1.88,1.6331999999999995
2267,random_iid,1000,rf_starter_descriptors,1.16,1.3227999999999998
2270,random_iid,1000,rf_starter_descriptors,1.46,1.3492000000000002
2271,random_iid,1000,rf_starter_descriptors,1.46,1.1620000000000001
2279,random_iid,1000,rf_starter_descriptors,1.26,0.9311999999999998
2281,random_iid,1000,rf_starter_descriptors,1.98,1.2936
2298,random_iid,1000,rf_starter_descriptors,1.52,1.9191999999999998
2300,random_iid,1000,rf_starter_descriptors,1.16,1.2544000000000002
2301,random_iid,1000,rf_starter_descriptors,4.0,1.7211999999999994
2308,random_iid,1000,rf_starter_descriptors,1.82,1.2100000000000002
2312,random_iid,1000,rf_starter_descriptors,1.74,1.0532000000000006
2315,random_iid,1000,rf_starter_descriptors,0.82,1.0240000000000002
2319,random_iid,1000,rf_starter_descriptors,0.98,1.6752
2325,random_iid,1000,rf_starter_descriptors,1.7,1.2836000000000005
2334,random_iid,1000,rf_starter_descriptors,0.38,1.6219999999999997
2360,random_iid,1000,rf_starter_descriptors,1.82,1.3496000000000004
2388,random_iid,1000,rf_starter_descriptors,2.92,1.3468
2392,random_iid,1000,rf_starter_descriptors,0.74,1.7760000000000002
2403,random_iid,1000,rf_starter_descriptors,1.64,1.1771999999999998
2405,random_iid,1000,rf_starter_descriptors,2.14,1.2867999999999997
2408,random_iid,1000,rf_starter_descriptors,1.26,1.3392000000000004
2414,random_iid,1000,rf_starter_descriptors,0.76,0.7055999999999994
2439,random_iid,1000,rf_starter_descriptors,0.84,1.5519999999999996
2445,random_iid,1000,rf_starter_descriptors,1.0,1.5252000000000003
2448,random_iid,1000,rf_starter_descriptors,0.78,1.2632000000000005
2458,random_iid,1000,rf_starter_descriptors,0.26,0.9104000000000002
2480,random_iid,1000,rf_starter_descriptors,2.36,2.0223999999999993
2483,random_iid,1000,rf_starter_descriptors,0.58,1.0151999999999997
2485,random_iid,1000,rf_starter_descriptors,2.82,2.4772
2495,random_iid,1000,rf_starter_descriptors,1.34,0.8948000000000002
2498,random_iid,1000,rf_starter_descriptors,0.6,0.9491999999999997
2501,random_iid,1000,rf_starter_descriptors,2.4,1.5280000000000005
2503,random_iid,1000,rf_starter_descriptors,1.2,1.2012000000000003
2516,random_iid,1000,rf_starter_descriptors,1.24,1.3396000000000006
2519,random_iid,1000,rf_starter_descriptors,1.62,1.6376
2534,random_iid,1000,rf_starter_descriptors,0.82,1.483999999999999
2540,random_iid,1000,rf_starter_descriptors,0.86,1.28
2554,random_iid,1000,rf_starter_descriptors,3.26,1.756
2583,random_iid,1000,rf_starter_descriptors,1.34,1.6871999999999998
2585,random_iid,1000,rf_starter_descriptors,1.52,1.7208000000000003
2589,random_iid,1000,rf_starter_descriptors,0.96,1.4732000000000003
2602,random_iid,1000,rf_starter_descriptors,1.3,1.2739999999999996
2605,random_iid,1000,rf_starter_descriptors,1.88,1.4411999999999998
2609,random_iid,1000,rf_starter_descriptors,1.22,1.3148000000000002
2614,random_iid,1000,rf_starter_descriptors,1.42,1.7831999999999997
2616,random_iid,1000,rf_starter_descriptors,2.0,1.4456000000000007
2626,random_iid,1000,rf_starter_descriptors,1.46,1.2436
2635,random_iid,1000,rf_starter_descriptors,2.18,2.022800000000001
2647,random_iid,1000,rf_starter_descriptors,1.0,1.7127999999999997
2662,random_iid,1000,rf_starter_descriptors,1.46,1.0920000000000003
2676,random_iid,1000,rf_starter_descriptors,0.76,1.3852000000000002
2677,random_iid,1000,rf_starter_descriptors,1.28,1.4368
2678,random_iid,1000,rf_starter_descriptors,2.12,1.3720000000000006
2680,random_iid,1000,rf_starter_descriptors,2.66,1.7708000000000002
2684,random_iid,1000,rf_starter_descriptors,1.9,2.218400000000001
2697,random_iid,1000,rf_starter_descriptors,2.0,0.9623999999999998
2698,random_iid,1000,rf_starter_descriptors,0.92,1.162
2704,random_iid,1000,rf_starter_descriptors,1.24,1.5872
2712,random_iid,1000,rf_starter_descriptors,1.3,2.2855999999999996
2730,random_iid,1000,rf_starter_descriptors,1.46,2.066800000000001
2740,random_iid,1000,rf_starter_descriptors,1.16,1.2612
2771,random_iid,1000,rf_starter_descriptors,0.94,2.0763999999999996
2796,random_iid,1000,rf_starter_descriptors,2.76,2.1375999999999995
2797,random_iid,1000,rf_starter_descriptors,1.14,1.4524000000000001
2805,random_iid,1000,rf_starter_descriptors,1.4,1.85
2826,random_iid,1000,rf_starter_descriptors,1.3,1.5528000000000004
2848,random_iid,1000,rf_starter_descriptors,1.8,2.622400000000001
2856,random_iid,1000,rf_starter_descriptors,1.4,1.3555999999999995
2862,random_iid,1000,rf_starter_descriptors,0.56,1.5796000000000001
2878,random_iid,1000,rf_starter_descriptors,2.96,2.2108000000000003
2879,random_iid,1000,rf_starter_descriptors,1.78,0.8000000000000002
2929,random_iid,1000,rf_starter_descriptors,1.08,1.2552000000000008
2937,random_iid,1000,rf_starter_descriptors,2.2,1.9416000000000002
2948,random_iid,1000,rf_starter_descriptors,1.24,1.3140000000000003
2954,random_iid,1000,rf_starter_descriptors,1.48,1.0883999999999998
2958,random_iid,1000,rf_starter_descriptors,1.26,1.3844000000000003
2959,random_iid,1000,rf_starter_descriptors,1.54,1.4388000000000007
2968,random_iid,1000,rf_starter_descriptors,2.42,2.7044
2974,random_iid,1000,rf_starter_descriptors,0.72,1.647599999999999
2981,random_iid,1000,rf_starter_descriptors,0.84,1.4439999999999997
2998,random_iid,1000,rf_starter_descriptors,2.14,2.2572000000000014
3011,random_iid,1000,rf_starter_descriptors,1.64,2.2668
3015,random_iid,1000,rf_starter_descriptors,2.24,1.9304000000000008
3023,random_iid,1000,rf_starter_descriptors,0.98,1.3476
3043,random_iid,1000,rf_starter_descriptors,1.22,2.0864000000000003
3048,random_iid,1000,rf_starter_descriptors,0.48,0.8024000000000001
3059,random_iid,1000,rf_starter_descriptors,3.44,1.7180000000000002
3073,random_iid,1000,rf_starter_descriptors,2.14,1.796
3077,random_iid,1000,rf_starter_descriptors,1.56,1.2815999999999996
3105,random_iid,1000,rf_starter_descriptors,1.84,1.9444000000000008
3106,random_iid,1000,rf_starter_descriptors,0.42,0.9124000000000001
3128,random_iid,1000,rf_starter_descriptors,1.34,1.3495999999999997
3165,random_iid,1000,rf_starter_descriptors,1.34,1.6116
3169,random_iid,1000,rf_starter_descriptors,4.58,2.353999999999999
3194,random_iid,1000,rf_starter_descriptors,2.82,1.7284000000000004
3200,random_iid,1000,rf_starter_descriptors,1.22,1.1596000000000004
3207,random_iid,1000,rf_starter_descriptors,1.38,0.8048000000000002
3230,random_iid,1000,rf_starter_descriptors,2.12,1.7420000000000004
3233,random_iid,1000,rf_starter_descriptors,3.1,1.7044000000000004
3234,random_iid,1000,rf_starter_descriptors,0.78,0.7232000000000002
3245,random_iid,1000,rf_starter_descriptors,1.46,1.3863999999999996
3248,random_iid,1000,rf_starter_descriptors,1.06,1.4359999999999997
3263,random_iid,1000,rf_starter_descriptors,0.48,1.4820000000000004
3268,random_iid,1000,rf_starter_descriptors,1.34,1.1052000000000004
3274,random_iid,1000,rf_starter_descriptors,0.34,1.2515999999999998
3282,random_iid,1000,rf_starter_descriptors,0.46,1.3792
3287,random_iid,1000,rf_starter_descriptors,1.58,1.2428000000000008
3295,random_iid,1000,rf_starter_descriptors,1.78,1.0268000000000006
3298,random_iid,1000,rf_starter_descriptors,0.42,1.2668
3310,random_iid,1000,rf_starter_descriptors,0.94,1.4408000000000003
3323,random_iid,1000,rf_starter_descriptors,1.14,1.2595999999999998
3341,random_iid,1000,rf_starter_descriptors,0.0,1.2967999999999995
3350,random_iid,1000,rf_starter_descriptors,1.6,1.1876
3352,random_iid,1000,rf_starter_descriptors,1.54,1.5632
3353,random_iid,1000,rf_starter_descriptors,0.34,1.69
3379,random_iid,1000,rf_starter_descriptors,2.1,1.5368000000000004
3421,random_iid,1000,rf_starter_descriptors,0.3,1.6627999999999998
3425,random_iid,1000,rf_starter_descriptors,2.16,2.2643999999999993
3429,random_iid,1000,rf_starter_descriptors,1.7,1.2812000000000003
3461,random_iid,1000,rf_starter_descriptors,2.12,0.8835999999999998
3468,random_iid,1000,rf_starter_descriptors,1.28,1.1356000000000004
3472,random_iid,1000,rf_starter_descriptors,2.58,1.3076
3477,random_iid,1000,rf_starter_descriptors,0.1,1.1067999999999998
3485,random_iid,1000,rf_starter_descriptors,1.96,1.8520000000000005
3486,random_iid,1000,rf_starter_descriptors,1.58,0.9415999999999997
3526,random_iid,1000,rf_starter_descriptors,2.2,1.8079999999999996
3528,random_iid,1000,rf_starter_descriptors,3.0,2.974
3532,random_iid,1000,rf_starter_descriptors,1.06,2.256400000000001
3545,random_iid,1000,rf_starter_descriptors,0.2,0.8564000000000002
3547,random_iid,1000,rf_starter_descriptors,1.6,1.446
3562,random_iid,1000,rf_starter_descriptors,1.38,1.2795999999999998
3570,random_iid,1000,rf_starter_descriptors,2.66,2.0172000000000003
3572,random_iid,1000,rf_starter_descriptors,1.74,1.6631999999999996
3585,random_iid,1000,rf_starter_descriptors,2.34,1.5776000000000001
3588,random_iid,1000,rf_starter_descriptors,2.94,1.7431999999999994
3608,random_iid,1000,rf_starter_descriptors,0.76,1.3408000000000002
3616,random_iid,1000,rf_starter_descriptors,2.02,1.4540000000000006
3617,random_iid,1000,rf_starter_descriptors,2.34,1.276
3623,random_iid,1000,rf_starter_descriptors,1.98,1.1259999999999994
3635,random_iid,1000,rf_starter_descriptors,0.64,0.9935999999999998
3651,random_iid,1000,rf_starter_descriptors,2.9,2.3344000000000005
3656,random_iid,1000,rf_starter_descriptors,0.98,1.1860000000000002
3684,random_iid,1000,rf_starter_descriptors,0.36,1.5507999999999997
3703,random_iid,1000,rf_starter_descriptors,1.32,1.5611999999999997
3704,random_iid,1000,rf_starter_descriptors,1.32,1.7876000000000005
3707,random_iid,1000,rf_starter_descriptors,2.64,2.2347999999999986
3721,random_iid,1000,rf_starter_descriptors,1.94,1.4671999999999996
3725,random_iid,1000,rf_starter_descriptors,2.88,2.2548
3733,random_iid,1000,rf_starter_descriptors,1.3,1.0699999999999996
3739,random_iid,1000,rf_starter_descriptors,3.46,2.5152
3746,random_iid,1000,rf_starter_descriptors,1.4,1.1948
3753,random_iid,1000,rf_starter_descriptors,1.28,1.0336
3755,random_iid,1000,rf_starter_descriptors,1.44,1.4731999999999996
3776,random_iid,1000,rf_starter_descriptors,1.58,0.6839999999999997
3781,random_iid,1000,rf_starter_descriptors,1.28,1.0595999999999999
3788,random_iid,1000,rf_starter_descriptors,2.04,1.5828
3798,random_iid,1000,rf_starter_descriptors,0.56,1.5080000000000005
3821,random_iid,1000,rf_starter_descriptors,0.96,1.3656000000000004
3844,random_iid,1000,rf_starter_descriptors,2.94,1.7719999999999996
3848,random_iid,1000,rf_starter_descriptors,-0.08,0.37959999999999966
3851,random_iid,1000,rf_starter_descriptors,0.94,1.1375999999999997
3857,random_iid,1000,rf_starter_descriptors,0.9,1.4567999999999999
3860,random_iid,1000,rf_starter_descriptors,1.36,1.7308000000000003
3865,random_iid,1000,rf_starter_descriptors,1.94,1.5828
3886,random_iid,1000,rf_starter_descriptors,0.7,0.8556000000000005
3894,random_iid,1000,rf_starter_descriptors,0.4,0.8875999999999997
3910,random_iid,1000,rf_starter_descriptors,0.86,1.1560000000000004
3919,random_iid,1000,rf_starter_descriptors,0.08,1.5780000000000003
3934,random_iid,1000,rf_starter_descriptors,2.8,1.7628000000000008
3938,random_iid,1000,rf_starter_descriptors,2.26,1.0984
3948,random_iid,1000,rf_starter_descriptors,1.78,1.5123999999999995
3974,random_iid,1000,rf_starter_descriptors,2.74,2.753200000000001
3975,random_iid,1000,rf_starter_descriptors,1.24,1.5124000000000004
3984,random_iid,1000,rf_starter_descriptors,1.2,1.3912000000000004
4010,random_iid,1000,rf_starter_descriptors,0.56,1.3492000000000002
4032,random_iid,1000,rf_starter_descriptors,2.3,1.2591999999999999
4046,random_iid,1000,rf_starter_descriptors,1.1,0.8703999999999997
4049,random_iid,1000,rf_starter_descriptors,2.26,1.6572
4058,random_iid,1000,rf_starter_descriptors,1.24,1.4183999999999994
4061,random_iid,1000,rf_starter_descriptors,1.46,1.3407999999999998
4069,random_iid,1000,rf_starter_descriptors,1.68,1.4828000000000001
4073,random_iid,1000,rf_starter_descriptors,1.98,0.9851999999999996
4093,random_iid,1000,rf_starter_descriptors,2.34,1.274
4097,random_iid,1000,rf_starter_descriptors,1.48,1.4715999999999996
4101,random_iid,1000,rf_starter_descriptors,1.32,1.5028
4105,random_iid,1000,rf_starter_descriptors,3.9,2.5860000000000003
4110,random_iid,1000,rf_starter_descriptors,1.88,1.1696
4115,random_iid,1000,rf_starter_descriptors,0.76,0.9247999999999998
4126,random_iid,1000,rf_starter_descriptors,2.48,1.6420000000000001
4128,random_iid,1000,rf_starter_descriptors,1.46,1.5463999999999996
4149,random_iid,1000,rf_starter_descriptors,1.82,1.4896
4153,random_iid,1000,rf_starter_descriptors,1.12,1.4080000000000001
4156,random_iid,1000,rf_starter_descriptors,2.56,1.4352
4166,random_iid,1000,rf_starter_descriptors,1.78,1.0304
4178,random_iid,1000,rf_starter_descriptors,1.86,2.3600000000000008
4193,random_iid,1000,rf_starter_descriptors,0.44,1.0732000000000002
4205,random_iid,1000,rf_starter_descriptors,1.5,0.9472000000000002
4245,random_iid,1000,rf_starter_descriptors,2.14,1.2379999999999998
4269,random_iid,1000,rf_starter_descriptors,1.58,1.8015999999999999
4286,random_iid,1000,rf_starter_descriptors,2.04,1.4367999999999994
4291,random_iid,1000,rf_starter_descriptors,0.62,0.8447999999999999
4304,random_iid,1000,rf_starter_descriptors,1.92,1.2331999999999994
4318,random_iid,1000,rf_starter_descriptors,1.92,1.0388000000000004
4325,random_iid,1000,rf_starter_descriptors,1.62,1.1415999999999997
4328,random_iid,1000,rf_starter_descriptors,2.08,2.424
4333,random_iid,1000,rf_starter_descriptors,1.86,1.1915999999999998
4338,random_iid,1000,rf_starter_descriptors,2.14,1.1460000000000001
4339,random_iid,1000,rf_starter_descriptors,1.68,1.6391999999999998
4344,random_iid,1000,rf_starter_descriptors,2.98,1.4136000000000002
4351,random_iid,1000,rf_starter_descriptors,1.26,1.4852
4375,random_iid,1000,rf_starter_descriptors,1.22,1.2608000000000004
4385,random_iid,1000,rf_starter_descriptors,1.14,2.0359999999999996
4393,random_iid,1000,rf_starter_descriptors,1.0,1.4720000000000002
4400,random_iid,1000,rf_starter_descriptors,1.14,1.299600000000001
4401,random_iid,1000,rf_starter_descriptors,1.0,1.6440000000000003
4407,random_iid,1000,rf_starter_descriptors,1.22,1.7992
4411,random_iid,1000,rf_starter_descriptors,0.88,1.25
4438,random_iid,1000,rf_starter_descriptors,3.22,1.4460000000000002
4445,random_iid,1000,rf_starter_descriptors,0.48,1.1720000000000006
4462,random_iid,1000,rf_starter_descriptors,0.72,1.2067999999999999
4475,random_iid,1000,rf_starter_descriptors,2.42,1.6107999999999996
4488,random_iid,1000,rf_starter_descriptors,2.5,1.1347999999999994
4501,random_iid,1000,rf_starter_descriptors,0.78,1.6316
4510,random_iid,1000,rf_starter_descriptors,0.96,1.0416
4525,random_iid,1000,rf_starter_descriptors,1.74,1.4816
4547,random_iid,1000,rf_starter_descriptors,0.44,1.0672000000000004
4548,random_iid,1000,rf_starter_descriptors,1.92,1.9068000000000007
4572,random_iid,1000,rf_starter_descriptors,1.68,1.6124000000000003
4574,random_iid,1000,rf_starter_descriptors,0.38,1.5348
4577,random_iid,1000,rf_starter_descriptors,1.9,1.1016
4590,random_iid,1000,rf_starter_descriptors,1.16,1.2867999999999997
4596,random_iid,1000,rf_starter_descriptors,2.6,2.478
4600,random_iid,1000,rf_starter_descriptors,1.84,1.7564
4602,random_iid,1000,rf_starter_descriptors,2.42,2.0028
4614,random_iid,1000,rf_starter_descriptors,1.94,0.8679999999999995
4618,random_iid,1000,rf_starter_descriptors,1.1,1.4731999999999998
4629,random_iid,1000,rf_starter_descriptors,0.68,1.1599999999999997
4634,random_iid,1000,rf_starter_descriptors,1.24,1.2316
4638,random_iid,1000,rf_starter_descriptors,0.8,1.0191999999999999
4667,random_iid,1000,rf_starter_descriptors,0.22,0.8140000000000004
4693,random_iid,1000,rf_starter_descriptors,1.08,1.5148000000000008
4706,random_iid,1000,rf_starter_descriptors,1.48,1.4620000000000002
4720,random_iid,1000,rf_starter_descriptors,3.54,1.516
4730,random_iid,1000,rf_starter_descriptors,1.54,1.1307999999999996
4731,random_iid,1000,rf_starter_descriptors,2.42,2.326400000000001
4738,random_iid,1000,rf_starter_descriptors,2.06,1.5448000000000004
4739,random_iid,1000,rf_starter_descriptors,0.58,0.6187999999999997
4743,random_iid,1000,rf_starter_descriptors,0.02,1.0055999999999992
4762,random_iid,1000,rf_starter_descriptors,1.34,1.3656
4771,random_iid,1000,rf_starter_descriptors,1.1,1.4508
4788,random_iid,1000,rf_starter_descriptors,1.64,1.1791999999999991
4822,random_iid,1000,rf_starter_descriptors,0.26,1.1871999999999998
4824,random_iid,1000,rf_starter_descriptors,1.4,1.2468000000000001
4828,random_iid,1000,rf_starter_descriptors,1.78,0.9260000000000003
4836,random_iid,1000,rf_starter_descriptors,2.4,1.7103999999999997
4843,random_iid,1000,rf_starter_descriptors,1.54,1.1952
4856,random_iid,1000,rf_starter_descriptors,1.38,1.9300000000000006
4860,random_iid,1000,rf_starter_descriptors,0.1,0.6207999999999997
4881,random_iid,1000,rf_starter_descriptors,0.44,1.5667999999999997
4884,random_iid,1000,rf_starter_descriptors,0.42,0.9683999999999999
4899,random_iid,1000,rf_starter_descriptors,1.08,1.2812000000000006
4909,random_iid,1000,rf_starter_descriptors,2.12,1.2459999999999996
4918,random_iid,1000,rf_starter_descriptors,3.64,2.0344
4929,random_iid,1000,rf_starter_descriptors,0.96,1.2588000000000004
4935,random_iid,1000,rf_starter_descriptors,0.96,1.1872000000000003
4936,random_iid,1000,rf_starter_descriptors,-0.42,0.9512
4954,random_iid,1000,rf_starter_descriptors,0.96,0.8555999999999997
4973,random_iid,1000,rf_starter_descriptors,0.84,1.2576000000000003
4977,random_iid,1000,rf_starter_descriptors,2.2,1.5848000000000007
4981,random_iid,1000,rf_starter_descriptors,1.6,1.5291999999999997
4982,random_iid,1000,rf_starter_descriptors,0.58,1.4160000000000001
4983,random_iid,1000,rf_starter_descriptors,2.7,1.588
4989,random_iid,1000,rf_starter_descriptors,2.0,2.8064000000000004
4999,random_iid,1000,rf_starter_descriptors,0.98,1.7452000000000008
5000,random_iid,1000,rf_starter_descriptors,1.22,1.7704
5019,random_iid,1000,rf_starter_descriptors,1.76,1.4824000000000002
5020,random_iid,1000,rf_starter_descriptors,1.1,0.9560000000000001
5022,random_iid,1000,rf_starter_descriptors,0.42,1.2404000000000004
5026,random_iid,1000,rf_starter_descriptors,1.26,1.0151999999999997
5028,random_iid,1000,rf_starter_descriptors,0.52,1.2148
5035,random_iid,1000,rf_starter_descriptors,1.18,1.0555999999999994
5038,random_iid,1000,rf_starter_descriptors,1.8,1.4575999999999993
5069,random_iid,1000,rf_starter_descriptors,1.98,1.3736000000000004
5094,random_iid,1000,rf_starter_descriptors,1.02,1.3363999999999998
5106,random_iid,1000,rf_starter_descriptors,1.98,2.636400000000001
5107,random_iid,1000,rf_starter_descriptors,1.2,1.3423999999999991
5112,random_iid,1000,rf_starter_descriptors,1.8,1.4884000000000004
5116,random_iid,1000,rf_starter_descriptors,0.16,1.0287999999999997
5118,random_iid,1000,rf_starter_descriptors,0.8,1.0068
5129,random_iid,1000,rf_starter_descriptors,0.62,0.9995999999999999
5133,random_iid,1000,rf_starter_descriptors,3.42,1.8763999999999996
5148,random_iid,1000,rf_starter_descriptors,1.08,1.7007999999999999
5170,random_iid,1000,rf_starter_descriptors,2.76,1.4752
5182,random_iid,1000,rf_starter_descriptors,2.68,2.6220000000000003
5186,random_iid,1000,rf_starter_descriptors,1.82,1.3779999999999994
5194,random_iid,1000,rf_starter_descriptors,3.48,2.0471999999999997
5195,random_iid,1000,rf_starter_descriptors,1.76,1.8719999999999997
5203,random_iid,1000,rf_starter_descriptors,1.44,0.716
5217,random_iid,1000,rf_starter_descriptors,1.38,2.4311999999999987
5219,random_iid,1000,rf_starter_descriptors,2.18,1.4148000000000003
5224,random_iid,1000,rf_starter_descriptors,0.86,1.8972000000000002
5230,random_iid,1000,rf_starter_descriptors,1.06,1.3120000000000005
5267,random_iid,1000,rf_starter_descriptors,0.84,0.8995999999999996
5280,random_iid,1000,rf_starter_descriptors,1.04,1.87
5282,random_iid,1000,rf_starter_descriptors,2.06,1.3252000000000002
5337,random_iid,1000,rf_starter_descriptors,0.82,0.9708
5343,random_iid,1000,rf_starter_descriptors,1.04,1.5171999999999999
5348,random_iid,1000,rf_starter_descriptors,1.68,2.1432
5358,random_iid,1000,rf_starter_descriptors,1.52,1.7772000000000003
5363,random_iid,1000,rf_starter_descriptors,0.88,0.9691999999999996
5380,random_iid,1000,rf_starter_descriptors,1.72,1.4108
5386,random_iid,1000,rf_starter_descriptors,1.86,2.0844000000000005
5391,random_iid,1000,rf_starter_descriptors,2.34,1.632
5416,random_iid,1000,rf_starter_descriptors,1.82,1.5335999999999999
5421,random_iid,1000,rf_starter_descriptors,2.44,1.5520000000000003
5426,random_iid,1000,rf_starter_descriptors,0.86,0.9791999999999993
5441,random_iid,1000,rf_starter_descriptors,1.2,1.3412000000000008
5446,random_iid,1000,rf_starter_descriptors,1.32,1.6767999999999994
5458,random_iid,1000,rf_starter_descriptors,2.72,1.7264000000000002
5460,random_iid,1000,rf_starter_descriptors,1.58,1.36
5465,random_iid,1000,rf_starter_descriptors,1.08,1.6059999999999999
5466,random_iid,1000,rf_starter_descriptors,1.2,1.1988000000000003
5474,random_iid,1000,rf_starter_descriptors,1.28,0.7283999999999999
5483,random_iid,1000,rf_starter_descriptors,1.24,1.4040000000000001
5496,random_iid,1000,rf_starter_descriptors,0.5,1.1207999999999996
5514,random_iid,1000,rf_starter_descriptors,1.48,1.0763999999999998
5527,random_iid,1000,rf_starter_descriptors,2.26,1.4679999999999997
5537,random_iid,1000,rf_starter_descriptors,1.48,1.2148000000000003
5547,random_iid,1000,rf_starter_descriptors,0.78,0.7903999999999999
5548,random_iid,1000,rf_starter_descriptors,2.1,1.5048000000000004
5549,random_iid,1000,rf_starter_descriptors,1.16,1.2071999999999998
5564,random_iid,1000,rf_starter_descriptors,1.28,1.5756000000000003
5568,random_iid,1000,rf_starter_descriptors,0.58,1.003600000000001
5572,random_iid,1000,rf_starter_descriptors,0.98,1.1019999999999999
5589,random_iid,1000,rf_starter_descriptors,1.14,1.7987999999999997
5597,random_iid,1000,rf_starter_descriptors,1.26,1.6451999999999998
5620,random_iid,1000,rf_starter_descriptors,0.7,1.0392000000000001
5654,random_iid,1000,rf_starter_descriptors,2.7,1.9039999999999997
5659,random_iid,1000,rf_starter_descriptors,2.56,1.4051999999999998
5671,random_iid,1000,rf_starter_descriptors,1.9,1.4631999999999998
5683,random_iid,1000,rf_starter_descriptors,1.34,1.9888000000000003
5701,random_iid,1000,rf_starter_descriptors,1.04,1.0819999999999996
5707,random_iid,1000,rf_starter_descriptors,1.24,1.4460000000000006
5709,random_iid,1000,rf_starter_descriptors,1.48,1.6643999999999997
5732,random_iid,1000,rf_starter_descriptors,1.4,1.6211999999999998
5748,random_iid,1000,rf_starter_descriptors,1.12,0.8696
5761,random_iid,1000,rf_starter_descriptors,1.48,1.0099999999999998
5762,random_iid,1000,rf_starter_descriptors,0.8,1.0972000000000006
5764,random_iid,1000,rf_starter_descriptors,0.96,2.2568000000000006
5770,random_iid,1000,rf_starter_descriptors,1.54,1.2228
5786,random_iid,1000,rf_starter_descriptors,2.34,1.1556000000000002
5787,random_iid,1000,rf_starter_descriptors,1.48,1.5932
5800,random_iid,1000,rf_starter_descriptors,1.98,1.3916
5803,random_iid,1000,rf_starter_descriptors,2.86,2.2271999999999994
5814,random_iid,1000,rf_starter_descriptors,0.34,1.2372
5815,random_iid,1000,rf_starter_descriptors,1.66,1.1432000000000007
5833,random_iid,1000,rf_starter_descriptors,1.46,1.2376000000000003
5841,random_iid,1000,rf_starter_descriptors,2.36,1.4144000000000003
5847,random_iid,1000,rf_starter_descriptors,1.66,0.9928000000000001
5849,random_iid,1000,rf_starter_descriptors,1.64,1.3684000000000005
5858,random_iid,1000,rf_starter_descriptors,0.98,1.2572000000000003
5862,random_iid,1000,rf_starter_descriptors,1.62,1.2807999999999995
5863,random_iid,1000,rf_starter_descriptors,1.42,1.2796
5885,random_iid,1000,rf_starter_descriptors,0.96,1.024
5888,random_iid,1000,rf_starter_descriptors,2.08,1.5411999999999997
5894,random_iid,1000,rf_starter_descriptors,2.4,2.6368000000000014
5915,random_iid,1000,rf_starter_descriptors,0.64,0.9943999999999998
5921,random_iid,1000,rf_starter_descriptors,0.74,1.4935999999999996
5927,random_iid,1000,rf_starter_descriptors,0.32,1.3668000000000005
5928,random_iid,1000,rf_starter_descriptors,2.2,2.0248000000000004
5937,random_iid,1000,rf_starter_descriptors,2.02,1.7100000000000002
5942,random_iid,1000,rf_starter_descriptors,2.32,3.0748
5954,random_iid,1000,rf_starter_descriptors,1.6,1.3360000000000003
5963,random_iid,1000,rf_starter_descriptors,2.22,1.2991999999999997
5971,random_iid,1000,rf_starter_descriptors,2.62,1.7452000000000003
5990,random_iid,1000,rf_starter_descriptors,2.52,2.2812
6027,random_iid,1000,rf_starter_descriptors,0.28,1.3744000000000005
6029,random_iid,1000,rf_starter_descriptors,1.02,1.0124000000000002
6051,random_iid,1000,rf_starter_descriptors,0.92,0.5548000000000001
6053,random_iid,1000,rf_starter_descriptors,1.04,1.598
6062,random_iid,1000,rf_starter_descriptors,1.96,1.8528
6063,random_iid,1000,rf_starter_descriptors,1.32,1.3032000000000001
6067,random_iid,1000,rf_starter_descriptors,1.32,1.7204000000000002
6070,random_iid,1000,rf_starter_descriptors,1.06,2.3475999999999995
6074,random_iid,1000,rf_starter_descriptors,1.48,1.2471999999999999
6084,random_iid,1000,rf_starter_descriptors,3.2,0.9087999999999998
6110,random_iid,1000,rf_starter_descriptors,1.16,1.3419999999999994
6118,random_iid,1000,rf_starter_descriptors,1.18,1.298
6128,random_iid,1000,rf_starter_descriptors,1.2,1.0276000000000003
6164,random_iid,1000,rf_starter_descriptors,1.12,1.2968000000000002
6179,random_iid,1000,rf_starter_descriptors,0.42,1.3524000000000003
6193,random_iid,1000,rf_starter_descriptors,0.66,0.9340000000000004
6220,random_iid,1000,rf_starter_descriptors,1.14,0.9676000000000002
6246,random_iid,1000,rf_starter_descriptors,1.1,0.9664000000000003
6252,random_iid,1000,rf_starter_descriptors,0.92,1.3500000000000003
6253,random_iid,1000,rf_starter_descriptors,1.46,1.6139999999999999
6258,random_iid,1000,rf_starter_descriptors,2.3,0.9900000000000001
6267,random_iid,1000,rf_starter_descriptors,0.74,1.7675999999999998
6271,random_iid,1000,rf_starter_descriptors,3.3,1.7567999999999997
6275,random_iid,1000,rf_starter_descriptors,1.98,2.0128
6299,random_iid,1000,rf_starter_descriptors,1.68,1.8124000000000007
6315,random_iid,1000,rf_starter_descriptors,1.04,1.3976000000000002
6329,random_iid,1000,rf_starter_descriptors,1.86,1.2468000000000001
6345,random_iid,1000,rf_starter_descriptors,0.6,0.8748000000000005
6348,random_iid,1000,rf_starter_descriptors,1.6,1.8103999999999996
6355,random_iid,1000,rf_starter_descriptors,1.82,0.8152000000000001
6367,random_iid,1000,rf_starter_descriptors,4.36,0.7984000000000003
6389,random_iid,1000,rf_starter_descriptors,1.66,2.1395999999999997
6392,random_iid,1000,rf_starter_descriptors,1.68,1.6012000000000008
6402,random_iid,1000,rf_starter_descriptors,1.7,1.3556
6405,random_iid,1000,rf_starter_descriptors,2.76,0.8692000000000002
6417,random_iid,1000,rf_starter_descriptors,2.04,1.7903999999999995
6423,random_iid,1000,rf_starter_descriptors,1.52,1.1188000000000005
6425,random_iid,1000,rf_starter_descriptors,0.72,1.3452000000000002
6440,random_iid,1000,rf_starter_descriptors,1.5,1.2835999999999999
6442,random_iid,1000,rf_starter_descriptors,1.6,1.4103999999999994
6444,random_iid,1000,rf_starter_descriptors,0.48,1.1383999999999994
6455,random_iid,1000,rf_starter_descriptors,1.0,1.1124000000000003
6462,random_iid,1000,rf_starter_descriptors,1.1,0.9104000000000002
6472,random_iid,1000,rf_starter_descriptors,0.62,1.2383999999999997
6492,random_iid,1000,rf_starter_descriptors,0.86,1.3783999999999998
6504,random_iid,1000,rf_starter_descriptors,2.64,1.5399999999999991
6508,random_iid,1000,rf_starter_descriptors,0.78,1.2276000000000007
6512,random_iid,1000,rf_starter_descriptors,1.72,1.2495999999999996
6515,random_iid,1000,rf_starter_descriptors,0.9,1.21
6517,random_iid,1000,rf_starter_descriptors,0.26,1.1984000000000001
6527,random_iid,1000,rf_starter_descriptors,2.16,2.356
6532,random_iid,1000,rf_starter_descriptors,1.62,1.2804
6544,random_iid,1000,rf_starter_descriptors,2.26,1.3895999999999988
6550,random_iid,1000,rf_starter_descriptors,1.14,1.4692
6577,random_iid,1000,rf_starter_descriptors,0.98,1.2200000000000002
6580,random_iid,1000,rf_starter_descriptors,0.94,1.7112000000000003
6584,random_iid,1000,rf_starter_descriptors,2.84,1.7268
6590,random_iid,1000,rf_starter_descriptors,0.22,0.8007999999999998
6600,random_iid,1000,rf_starter_descriptors,1.62,1.3432
6601,random_iid,1000,rf_starter_descriptors,0.86,1.6876000000000002
6602,random_iid,1000,rf_starter_descriptors,1.38,1.2700000000000005
6608,random_iid,1000,rf_starter_descriptors,1.74,2.0063999999999997
6632,random_iid,1000,rf_starter_descriptors,1.16,1.5011999999999999
6641,random_iid,1000,rf_starter_descriptors,2.24,1.7492000000000008
6647,random_iid,1000,rf_starter_descriptors,1.48,1.189199999999999
6660,random_iid,1000,rf_starter_descriptors,0.54,1.0824000000000005
6685,random_iid,1000,rf_starter_descriptors,0.96,2.4520000000000004
6705,random_iid,1000,rf_starter_descriptors,1.88,1.4723999999999995
6717,random_iid,1000,rf_starter_descriptors,0.88,0.9520000000000001
6723,random_iid,1000,rf_starter_descriptors,1.74,2.055999999999999
6733,random_iid,1000,rf_starter_descriptors,1.46,1.3388
6734,random_iid,1000,rf_starter_descriptors,2.22,2.016000000000001
6735,random_iid,1000,rf_starter_descriptors,1.5,2.260799999999999
6740,random_iid,1000,rf_starter_descriptors,0.96,1.5176000000000003
6741,random_iid,1000,rf_starter_descriptors,1.78,1.7399999999999998
6758,random_iid,1000,rf_starter_descriptors,1.48,1.2503999999999993
6759,random_iid,1000,rf_starter_descriptors,0.76,1.5539999999999998
6762,random_iid,1000,rf_starter_descriptors,1.58,1.3864
6778,random_iid,1000,rf_starter_descriptors,2.3,2.9076
6788,random_iid,1000,rf_starter_descriptors,2.28,1.4100000000000004
6804,random_iid,1000,rf_starter_descriptors,1.06,1.0276
6808,random_iid,1000,rf_starter_descriptors,1.02,1.0040000000000004
6812,random_iid,1000,rf_starter_descriptors,1.04,1.0788
6813,random_iid,1000,rf_starter_descriptors,1.86,1.1284000000000005
6814,random_iid,1000,rf_starter_descriptors,0.5,1.3676000000000001
6826,random_iid,1000,rf_starter_descriptors,0.38,1.3312
6832,random_iid,1000,rf_starter_descriptors,0.9,1.3971999999999998
6834,random_iid,1000,rf_starter_descriptors,3.1,2.291999999999999
6863,random_iid,1000,rf_starter_descriptors,2.92,2.2151999999999994
6879,random_iid,1000,rf_starter_descriptors,1.54,1.8307999999999995
6880,random_iid,1000,rf_starter_descriptors,1.04,1.5783999999999998
6907,random_iid,1000,rf_starter_descriptors,1.6,1.2515999999999996
6913,random_iid,1000,rf_starter_descriptors,1.5,1.4511999999999998
6918,random_iid,1000,rf_starter_descriptors,0.7,1.5876
6925,random_iid,1000,rf_starter_descriptors,2.38,1.7928000000000004
6926,random_iid,1000,rf_starter_descriptors,1.44,1.8487999999999993
6934,random_iid,1000,rf_starter_descriptors,1.1,1.2368
6955,random_iid,1000,rf_starter_descriptors,0.92,0.9192000000000001
6956,random_iid,1000,rf_starter_descriptors,3.1,1.5375999999999999
6958,random_iid,1000,rf_starter_descriptors,1.74,2.2607999999999997
6975,random_iid,1000,rf_starter_descriptors,1.38,1.1464
7020,random_iid,1000,rf_starter_descriptors,0.34,1.0319999999999998
7021,random_iid,1000,rf_starter_descriptors,2.2,1.4847999999999997
7046,random_iid,1000,rf_starter_descriptors,1.32,1.658
7047,random_iid,1000,rf_starter_descriptors,1.12,1.2668
7053,random_iid,1000,rf_starter_descriptors,2.12,1.1328000000000003
7066,random_iid,1000,rf_starter_descriptors,1.5,1.2828
7074,random_iid,1000,rf_starter_descriptors,0.76,1.1052000000000004
7078,random_iid,1000,rf_starter_descriptors,2.92,2.2016
7089,random_iid,1000,rf_starter_descriptors,1.9,0.7764000000000003
7132,random_iid,1000,rf_starter_descriptors,0.78,1.0184
7138,random_iid,1000,rf_starter_descriptors,1.74,1.4256000000000002
7139,random_iid,1000,rf_starter_descriptors,1.7,1.3308000000000002
7167,random_iid,1000,rf_starter_descriptors,3.14,2.8059999999999987
7168,random_iid,1000,rf_starter_descriptors,1.52,0.9703999999999999
7172,random_iid,1000,rf_starter_descriptors,1.84,1.5607999999999997
7180,random_iid,1000,rf_starter_descriptors,1.48,1.4639999999999997
7191,random_iid,1000,rf_starter_descriptors,2.26,1.7652000000000003
7198,random_iid,1000,rf_starter_descriptors,1.9,1.6028000000000002
7221,random_iid,1000,rf_starter_descriptors,0.0,1.4351999999999996
7229,random_iid,1000,rf_starter_descriptors,0.7,0.9343999999999998
7250,random_iid,1000,rf_starter_descriptors,4.14,2.4844
7270,random_iid,1000,rf_starter_descriptors,1.68,2.2415999999999996
7273,random_iid,1000,rf_starter_descriptors,3.26,2.358800000000001
7276,random_iid,1000,rf_starter_descriptors,0.4,0.8436000000000002
7285,random_iid,1000,rf_starter_descriptors,0.84,1.6324
7289,random_iid,1000,rf_starter_descriptors,2.6,1.5572
7298,random_iid,1000,rf_starter_descriptors,1.12,1.3711999999999995
7300,random_iid,1000,rf_starter_descriptors,1.46,1.1135999999999997
7302,random_iid,1000,rf_starter_descriptors,1.98,2.0531999999999995
7306,random_iid,1000,rf_starter_descriptors,1.42,1.1448000000000003
7315,random_iid,1000,rf_starter_descriptors,2.92,1.778399999999999
7319,random_iid,1000,rf_starter_descriptors,0.76,1.2004000000000004
7333,random_iid,1000,rf_starter_descriptors,0.72,1.2860000000000003
7335,random_iid,1000,rf_starter_descriptors,1.4,1.1947999999999999
7337,random_iid,1000,rf_starter_descriptors,0.72,1.1596000000000002
7341,random_iid,1000,rf_starter_descriptors,3.84,2.7628000000000004
7346,random_iid,1000,rf_starter_descriptors,2.84,1.7816
7348,random_iid,1000,rf_starter_descriptors,0.72,1.0164000000000004
7353,random_iid,1000,rf_starter_descriptors,1.6,1.4751999999999996
7369,random_iid,1000,rf_starter_descriptors,1.1,1.2772
7375,random_iid,1000,rf_starter_descriptors,1.96,1.4672
7380,random_iid,1000,rf_starter_descriptors,1.52,1.1628000000000005
7405,random_iid,1000,rf_starter_descriptors,1.6,1.8544000000000003
7414,random_iid,1000,rf_starter_descriptors,1.9,1.5571999999999997
7417,random_iid,1000,rf_starter_descriptors,0.74,1.2460000000000004
7428,random_iid,1000,rf_starter_descriptors,2.54,1.1868000000000003
7477,random_iid,1000,rf_starter_descriptors,1.98,1.986
7499,random_iid,1000,rf_starter_descriptors,1.66,1.4471999999999994
7506,random_iid,1000,rf_starter_descriptors,0.52,2.1012000000000004
7540,random_iid,1000,rf_starter_descriptors,1.58,1.6303999999999996
7541,random_iid,1000,rf_starter_descriptors,1.58,1.3292
7550,random_iid,1000,rf_starter_descriptors,1.48,0.7351999999999996
7554,random_iid,1000,rf_starter_descriptors,2.66,2.0759999999999996
7555,random_iid,1000,rf_starter_descriptors,1.34,1.2335999999999996
7562,random_iid,1000,rf_starter_descriptors,2.96,2.7288
7567,random_iid,1000,rf_starter_descriptors,1.24,1.2572
7589,random_iid,1000,rf_starter_descriptors,1.28,1.4391999999999998
7590,random_iid,1000,rf_starter_descriptors,0.88,0.8468000000000003
7592,random_iid,1000,rf_starter_descriptors,1.78,1.6263999999999998
7596,random_iid,1000,rf_starter_descriptors,1.62,1.9464000000000001
7599,random_iid,1000,rf_starter_descriptors,1.7,1.4936
7623,random_iid,1000,rf_starter_descriptors,2.8,1.7432000000000005
7626,random_iid,1000,rf_starter_descriptors,1.7,1.5411999999999995
7639,random_iid,1000,rf_starter_descriptors,0.64,1.1860000000000004
7656,random_iid,1000,rf_starter_descriptors,0.86,1.8472
7672,random_iid,1000,rf_starter_descriptors,2.08,1.7027999999999994
7726,random_iid,1000,rf_starter_descriptors,2.66,1.8443999999999994
7729,random_iid,1000,rf_starter_descriptors,1.48,1.8343999999999996
7735,random_iid,1000,rf_starter_descriptors,2.54,1.6852000000000007
7747,random_iid,1000,rf_starter_descriptors,1.2,1.0275999999999998
7753,random_iid,1000,rf_starter_descriptors,2.08,2.2531999999999996
7765,random_iid,1000,rf_starter_descriptors,2.08,2.1328
7779,random_iid,1000,rf_starter_descriptors,1.7,1.3719999999999999
7781,random_iid,1000,rf_starter_descriptors,1.9,1.2371999999999996
7782,random_iid,1000,rf_starter_descriptors,0.56,1.2644000000000002
7791,random_iid,1000,rf_starter_descriptors,1.58,1.1976
7794,random_iid,1000,rf_starter_descriptors,1.76,1.4883999999999997
7802,random_iid,1000,rf_starter_descriptors,1.12,1.1664
7803,random_iid,1000,rf_starter_descriptors,1.1,1.1456000000000004
7814,random_iid,1000,rf_starter_descriptors,1.52,1.4020000000000001
7820,random_iid,1000,rf_starter_descriptors,1.06,1.0188000000000001
7822,random_iid,1000,rf_starter_descriptors,1.14,1.8623999999999992
7827,random_iid,1000,rf_starter_descriptors,1.52,1.6732000000000007
7831,random_iid,1000,rf_starter_descriptors,3.3,2.1584
7836,random_iid,1000,rf_starter_descriptors,1.18,1.6712
7840,random_iid,1000,rf_starter_descriptors,0.9,1.5712000000000004
7882,random_iid,1000,rf_starter_descriptors,0.28,0.5712
7884,random_iid,1000,rf_starter_descriptors,0.84,1.2184000000000001
7885,random_iid,1000,rf_starter_descriptors,1.42,1.2836000000000005
7886,random_iid,1000,rf_starter_descriptors,1.5,1.7563999999999993
7889,random_iid,1000,rf_starter_descriptors,1.08,1.4467999999999999
7894,random_iid,1000,rf_starter_descriptors,2.84,2.5716
7897,random_iid,1000,rf_starter_descriptors,1.84,1.6780000000000004
7898,random_iid,1000,rf_starter_descriptors,1.04,2.2448000000000006
7922,random_iid,1000,rf_starter_descriptors,0.56,1.2588000000000004
7930,random_iid,1000,rf_starter_descriptors,0.5,0.6444000000000003
7934,random_iid,1000,rf_starter_descriptors,0.82,1.5912000000000006
7944,random_iid,1000,rf_starter_descriptors,0.84,1.4268
7945,random_iid,1000,rf_starter_descriptors,2.86,1.4092000000000005
7946,random_iid,1000,rf_starter_descriptors,2.12,1.3487999999999998
7948,random_iid,1000,rf_starter_descriptors,2.4,2.1704000000000003
7976,random_iid,1000,rf_starter_descriptors,1.06,1.6432
7998,random_iid,1000,rf_starter_descriptors,2.12,1.3472
8013,random_iid,1000,rf_starter_descriptors,2.7,1.6500000000000006
8018,random_iid,1000,rf_starter_descriptors,0.58,1.6340000000000003
8020,random_iid,1000,rf_starter_descriptors,2.82,1.8707999999999998
8028,random_iid,1000,rf_starter_descriptors,1.32,1.2119999999999995
8031,random_iid,1000,rf_starter_descriptors,1.6,0.8263999999999999
8056,random_iid,1000,rf_starter_descriptors,1.22,2.3296000000000006
8057,random_iid,1000,rf_starter_descriptors,2.9,1.4151999999999998
8076,random_iid,1000,rf_starter_descriptors,2.26,2.1412
8087,random_iid,1000,rf_starter_descriptors,1.04,1.2696
8103,random_iid,1000,rf_starter_descriptors,1.1,1.5595999999999999
8108,random_iid,1000,rf_starter_descriptors,1.56,1.5095999999999998
8124,random_iid,1000,rf_starter_descriptors,1.28,1.0624
8126,random_iid,1000,rf_starter_descriptors,1.88,1.0272
8137,random_iid,1000,rf_starter_descriptors,2.92,1.6504000000000005
8165,random_iid,1000,rf_starter_descriptors,2.16,1.1292000000000002
8188,random_iid,1000,rf_starter_descriptors,0.76,0.9416
8192,random_iid,1000,rf_starter_descriptors,1.46,1.6180000000000003
8197,random_iid,1000,rf_starter_descriptors,1.48,0.9856000000000005
8206,random_iid,1000,rf_starter_descriptors,1.6,1.1988000000000003
8225,random_iid,1000,rf_starter_descriptors,3.7,1.2408000000000003
8227,random_iid,1000,rf_starter_descriptors,1.88,1.4687999999999999
8231,random_iid,1000,rf_starter_descriptors,2.1,1.3956
8233,random_iid,1000,rf_starter_descriptors,2.2,1.5244000000000002
8239,random_iid,1000,rf_starter_descriptors,0.82,1.5796000000000003
8250,random_iid,1000,rf_starter_descriptors,2.52,1.8428
8253,random_iid,1000,rf_starter_descriptors,3.7,2.2680000000000002
8254,random_iid,1000,rf_starter_descriptors,0.96,0.8960000000000002
8268,random_iid,1000,rf_starter_descriptors,1.02,1.2971999999999997
8285,random_iid,1000,rf_starter_descriptors,1.38,1.3416000000000006
8287,random_iid,1000,rf_starter_descriptors,0.86,1.2355999999999998
8292,random_iid,1000,rf_starter_descriptors,0.42,1.0144000000000006
8295,random_iid,1000,rf_starter_descriptors,0.74,1.5184
8309,random_iid,1000,rf_starter_descriptors,4.5,1.2703999999999998
8317,random_iid,1000,rf_starter_descriptors,2.6,1.7759999999999996
8344,random_iid,1000,rf_starter_descriptors,1.58,1.4339999999999997
8351,random_iid,1000,rf_starter_descriptors,1.08,1.1152
8364,random_iid,1000,rf_starter_descriptors,1.86,1.7172000000000005
8369,random_iid,1000,rf_starter_descriptors,1.36,1.2472000000000005
8374,random_iid,1000,rf_starter_descriptors,1.56,1.5983999999999998
8375,random_iid,1000,rf_starter_descriptors,0.12,1.4488000000000005
8395,random_iid,1000,rf_starter_descriptors,2.46,1.1376
8396,random_iid,1000,rf_starter_descriptors,1.22,0.9348000000000003
8404,random_iid,1000,rf_starter_descriptors,0.8,1.1691999999999994
8416,random_iid,1000,rf_starter_descriptors,2.7,1.8132
8441,random_iid,1000,rf_starter_descriptors,1.84,1.4156000000000006
8443,random_iid,1000,rf_starter_descriptors,0.9,1.0796
8453,random_iid,1000,rf_starter_descriptors,0.84,1.0223999999999998
8466,random_iid,1000,rf_starter_descriptors,0.98,1.3263999999999994
8481,random_iid,1000,rf_starter_descriptors,1.58,1.3959999999999997
8482,random_iid,1000,rf_starter_descriptors,2.16,1.3304000000000002
8484,random_iid,1000,rf_starter_descriptors,0.74,1.7795999999999998
8485,random_iid,1000,rf_starter_descriptors,1.58,1.3412000000000004
8494,random_iid,1000,rf_starter_descriptors,2.0,2.474
8507,random_iid,1000,rf_starter_descriptors,1.88,1.6231999999999998
8510,random_iid,1000,rf_starter_descriptors,0.96,1.2368000000000006
8523,random_iid,1000,rf_starter_descriptors,0.72,1.2324
8527,random_iid,1000,rf_starter_descriptors,1.82,1.4232
8530,random_iid,1000,rf_starter_descriptors,1.08,1.2400000000000002
8541,random_iid,1000,rf_starter_descriptors,1.24,1.0636000000000003
8545,random_iid,1000,rf_starter_descriptors,2.38,1.5264000000000002
8546,random_iid,1000,rf_starter_descriptors,0.7,1.7708
8562,random_iid,1000,rf_starter_descriptors,1.64,1.4212
8583,random_iid,1000,rf_starter_descriptors,2.66,1.838
8590,random_iid,1000,rf_starter_descriptors,0.78,0.9972000000000001
8599,random_iid,1000,rf_starter_descriptors,0.94,1.1820000000000002
8603,random_iid,1000,rf_starter_descriptors,1.18,1.2956
8608,random_iid,1000,rf_starter_descriptors,1.16,1.4744000000000002
8618,random_iid,1000,rf_starter_descriptors,1.98,1.8883999999999999
8620,random_iid,1000,rf_starter_descriptors,1.84,1.4888000000000003
8626,random_iid,1000,rf_starter_descriptors,1.02,1.1987999999999999
8649,random_iid,1000,rf_starter_descriptors,1.76,2.516400000000001
8658,random_iid,1000,rf_starter_descriptors,3.0,1.5051999999999994
8668,random_iid,1000,rf_starter_descriptors,1.18,1.3475999999999997
8678,random_iid,1000,rf_starter_descriptors,1.92,1.6739999999999997
8692,random_iid,1000,rf_starter_descriptors,1.5,0.6539999999999999
8696,random_iid,1000,rf_starter_descriptors,2.16,1.9335999999999998
8704,random_iid,1000,rf_starter_descriptors,2.34,1.1843999999999995
8710,random_iid,1000,rf_starter_descriptors,1.3,1.2179999999999997
8723,random_iid,1000,rf_starter_descriptors,0.9,1.3516000000000004
8725,random_iid,1000,rf_starter_descriptors,1.56,1.4292000000000002
8729,random_iid,1000,rf_starter_descriptors,1.82,1.7604000000000004
8735,random_iid,1000,rf_starter_descriptors,0.96,1.6743999999999997
8748,random_iid,1000,rf_starter_descriptors,0.74,0.7467999999999999
8805,random_iid,1000,rf_starter_descriptors,0.5,0.9568000000000002
8815,random_iid,1000,rf_starter_descriptors,0.7,0.6704000000000001
8818,random_iid,1000,rf_starter_descriptors,0.5,1.1316000000000002
8821,random_iid,1000,rf_starter_descriptors,0.46,0.8896
8825,random_iid,1000,rf_starter_descriptors,1.48,2.3651999999999993
8833,random_iid,1000,rf_starter_descriptors,0.36,1.2783999999999998
8842,random_iid,1000,rf_starter_descriptors,1.24,1.5151999999999999
8845,random_iid,1000,rf_starter_descriptors,1.1,1.0504
8852,random_iid,1000,rf_starter_descriptors,1.24,1.3048
8854,random_iid,1000,rf_starter_descriptors,0.96,1.3887999999999996
8871,random_iid,1000,rf_starter_descriptors,2.02,1.3703999999999994
8896,random_iid,1000,rf_starter_descriptors,1.68,1.5180000000000005
8904,random_iid,1000,rf_starter_descriptors,2.14,1.5360000000000005
8922,random_iid,1000,rf_starter_descriptors,1.76,1.4236000000000004
8930,random_iid,1000,rf_starter_descriptors,1.82,2.1792000000000002
8948,random_iid,1000,rf_starter_descriptors,1.26,1.4207999999999998
8952,random_iid,1000,rf_starter_descriptors,1.4,1.2824000000000004
8980,random_iid,1000,rf_starter_descriptors,1.64,1.4580000000000002
8983,random_iid,1000,rf_starter_descriptors,3.18,2.697200000000001
8993,random_iid,1000,rf_starter_descriptors,1.5,1.3924
9006,random_iid,1000,rf_starter_descriptors,1.12,1.0391999999999997
9054,random_iid,1000,rf_starter_descriptors,1.34,1.0696
9056,random_iid,1000,rf_starter_descriptors,2.34,1.5827999999999995
9058,random_iid,1000,rf_starter_descriptors,0.5,0.9432000000000003
9071,random_iid,1000,rf_starter_descriptors,1.1,1.2280000000000002
9086,random_iid,1000,rf_starter_descriptors,0.5,1.1864
9109,random_iid,1000,rf_starter_descriptors,1.72,1.1460000000000006
9140,random_iid,1000,rf_starter_descriptors,2.0,1.1796
9149,random_iid,1000,rf_starter_descriptors,1.4,1.1848
9150,random_iid,1000,rf_starter_descriptors,1.62,1.689999999999999
9153,random_iid,1000,rf_starter_descriptors,0.6,1.4511999999999998
9156,random_iid,1000,rf_starter_descriptors,0.48,1.2248
9187,random_iid,1000,rf_starter_descriptors,2.08,1.3623999999999998
9192,random_iid,1000,rf_starter_descriptors,0.6,1.1032
9193,random_iid,1000,rf_starter_descriptors,0.68,1.4468000000000003
9210,random_iid,1000,rf_starter_descriptors,1.44,1.1864000000000003
9228,random_iid,1000,rf_starter_descriptors,1.66,1.8047999999999995
9234,random_iid,1000,rf_starter_descriptors,2.26,1.1556
9249,random_iid,1000,rf_starter_descriptors,1.76,1.8659999999999999
9250,random_iid,1000,rf_starter_descriptors,2.98,2.3904
9251,random_iid,1000,rf_starter_descriptors,2.18,1.0168
9262,random_iid,1000,rf_starter_descriptors,0.44,1.3519999999999996
9282,random_iid,1000,rf_starter_descriptors,1.34,1.3947999999999998
9286,random_iid,1000,rf_starter_descriptors,0.6,1.0928
9303,random_iid,1000,rf_starter_descriptors,1.68,1.2559999999999998
9313,random_iid,1000,rf_starter_descriptors,0.18,1.4112
9328,random_iid,1000,rf_starter_descriptors,1.4,1.6119999999999988
9331,random_iid,1000,rf_starter_descriptors,0.48,0.8840000000000003
9334,random_iid,1000,rf_starter_descriptors,1.9,1.3543999999999996
9340,random_iid,1000,rf_starter_descriptors,2.3,1.7560000000000004
9345,random_iid,1000,rf_starter_descriptors,0.98,2.4116000000000004
9358,random_iid,1000,rf_starter_descriptors,0.6,1.1304
9386,random_iid,1000,rf_starter_descriptors,1.46,1.2191999999999998
9391,random_iid,1000,rf_starter_descriptors,1.5,1.8887999999999996
9394,random_iid,1000,rf_starter_descriptors,1.0,1.4896000000000003
9397,random_iid,1000,rf_starter_descriptors,4.24,1.9379999999999995
9403,random_iid,1000,rf_starter_descriptors,2.84,2.9019999999999992
9418,random_iid,1000,rf_starter_descriptors,1.4,1.2064000000000006
9441,random_iid,1000,rf_starter_descriptors,1.02,1.3983999999999996
9463,random_iid,1000,rf_starter_descriptors,0.64,1.9252
9483,random_iid,1000,rf_starter_descriptors,2.18,1.9583999999999986
9500,random_iid,1000,rf_starter_descriptors,1.26,1.5736
9502,random_iid,1000,rf_starter_descriptors,0.4,1.5700000000000003
9509,random_iid,1000,rf_starter_descriptors,1.4,1.7919999999999998
9511,random_iid,1000,rf_starter_descriptors,1.52,1.3348000000000002
9512,random_iid,1000,rf_starter_descriptors,0.84,1.8280000000000003
9515,random_iid,1000,rf_starter_descriptors,1.2,1.1819999999999995
9525,random_iid,1000,rf_starter_descriptors,1.92,1.9036000000000002
9537,random_iid,1000,rf_starter_descriptors,0.64,0.9732000000000001
9545,random_iid,1000,rf_starter_descriptors,1.34,1.4432000000000003
9561,random_iid,1000,rf_starter_descriptors,1.7,1.5540000000000003
9585,random_iid,1000,rf_starter_descriptors,0.9,1.2431999999999999
9594,random_iid,1000,rf_starter_descriptors,1.2,1.0716000000000003
9598,random_iid,1000,rf_starter_descriptors,1.74,1.2548000000000004
9610,random_iid,1000,rf_starter_descriptors,0.46,1.3648000000000002
9618,random_iid,1000,rf_starter_descriptors,0.36,0.9736
9619,random_iid,1000,rf_starter_descriptors,0.78,1.0047999999999997
9620,random_iid,1000,rf_starter_descriptors,1.16,1.5712000000000004
9632,random_iid,1000,rf_starter_descriptors,1.2,1.2172000000000005
9659,random_iid,1000,rf_starter_descriptors,1.76,1.5056
9660,random_iid,1000,rf_starter_descriptors,1.06,1.1060000000000003
9676,random_iid,1000,rf_starter_descriptors,0.44,1.7544000000000006
9701,random_iid,1000,rf_starter_descriptors,2.26,1.0164000000000002
9710,random_iid,1000,rf_starter_descriptors,1.42,1.5995999999999995
9723,random_iid,1000,rf_starter_descriptors,3.32,1.1300000000000001
9740,random_iid,1000,rf_starter_descriptors,1.44,1.187200000000001
9742,random_iid,1000,rf_starter_descriptors,1.38,1.53
9771,random_iid,1000,rf_starter_descriptors,0.7,1.2675999999999998
9801,random_iid,1000,rf_starter_descriptors,3.28,2.4795999999999987
9804,random_iid,1000,rf_starter_descriptors,0.98,1.4251999999999998
9826,random_iid,1000,rf_starter_descriptors,1.8,2.149200000000001
9827,random_iid,1000,rf_starter_descriptors,1.06,1.0324
9834,random_iid,1000,rf_starter_descriptors,2.42,1.0432000000000001
9840,random_iid,1000,rf_starter_descriptors,0.66,1.2155999999999998
9842,random_iid,1000,rf_starter_descriptors,1.1,1.1284000000000007
9849,random_iid,1000,rf_starter_descriptors,1.8,1.3996000000000002
9853,random_iid,1000,rf_starter_descriptors,1.28,1.3088000000000002
9857,random_iid,1000,rf_starter_descriptors,2.8,1.3691999999999995
9861,random_iid,1000,rf_starter_descriptors,1.6,1.626000000000001
9871,random_iid,1000,rf_starter_descriptors,1.26,0.8828000000000001
9904,random_iid,1000,rf_starter_descriptors,2.12,1.0563999999999998
9920,random_iid,1000,rf_starter_descriptors,1.32,1.7039999999999993
9923,random_iid,1000,rf_starter_descriptors,0.92,1.8063999999999996
9924,random_iid,1000,rf_starter_descriptors,1.4,1.5148
9936,random_iid,1000,rf_starter_descriptors,2.74,2.1868000000000007
9962,random_iid,1000,rf_starter_descriptors,1.76,1.3256000000000001
9967,random_iid,1000,rf_starter_descriptors,1.0,1.1400000000000001
9970,random_iid,1000,rf_starter_descriptors,1.46,1.0603999999999998
9977,random_iid,1000,rf_starter_descriptors,0.8,0.9884
9987,random_iid,1000,rf_starter_descriptors,1.28,1.0128
9995,random_iid,1000,rf_starter_descriptors,0.86,1.3264000000000005
9998,random_iid,1000,rf_starter_descriptors,1.28,1.3296000000000003
10002,random_iid,1000,rf_starter_descriptors,3.5,2.3348
10007,random_iid,1000,rf_starter_descriptors,1.8,1.4503999999999997
10008,random_iid,1000,rf_starter_descriptors,1.56,1.3704000000000003
10011,random_iid,1000,rf_starter_descriptors,0.44,0.9684
10029,random_iid,1000,rf_starter_descriptors,2.04,1.69
10032,random_iid,1000,rf_starter_descriptors,2.0,1.832
10044,random_iid,1000,rf_starter_descriptors,1.38,1.5368000000000004
10052,random_iid,1000,rf_starter_descriptors,0.86,1.048
10074,random_iid,1000,rf_starter_descriptors,2.12,1.9687999999999986
10080,random_iid,1000,rf_starter_descriptors,1.46,1.3068
10083,random_iid,1000,rf_starter_descriptors,3.1,1.7315999999999994
10091,random_iid,1000,rf_starter_descriptors,0.74,1.8636000000000004
10113,random_iid,1000,rf_starter_descriptors,2.38,1.0828
10120,random_iid,1000,rf_starter_descriptors,1.46,1.41
10140,random_iid,1000,rf_starter_descriptors,1.42,1.1652000000000002
10144,random_iid,1000,rf_starter_descriptors,1.14,1.4708
10146,random_iid,1000,rf_starter_descriptors,1.16,0.9732000000000002
10159,random_iid,1000,rf_starter_descriptors,1.82,1.1923999999999997
10175,random_iid,1000,rf_starter_descriptors,3.54,1.9176000000000002
10199,random_iid,1000,rf_starter_descriptors,0.52,1.8840000000000012
10219,random_iid,1000,rf_starter_descriptors,1.32,1.2043999999999995
10231,random_iid,1000,rf_starter_descriptors,3.44,1.8424
10239,random_iid,1000,rf_starter_descriptors,1.5,1.3212000000000004
10242,random_iid,1000,rf_starter_descriptors,3.2,1.8107999999999997
10299,random_iid,1000,rf_starter_descriptors,1.12,1.4116
10306,random_iid,1000,rf_starter_descriptors,0.98,1.2060000000000004
10312,random_iid,1000,rf_starter_descriptors,3.54,1.7995999999999999
10323,random_iid,1000,rf_starter_descriptors,1.4,1.2324000000000002
10325,random_iid,1000,rf_starter_descriptors,1.56,1.4980000000000002
10331,random_iid,1000,rf_starter_descriptors,1.3,0.7807999999999999
10334,random_iid,1000,rf_starter_descriptors,1.5,1.6924
10356,random_iid,1000,rf_starter_descriptors,2.7,2.5884000000000005
10370,random_iid,1000,rf_starter_descriptors,2.3,1.7631999999999999
10373,random_iid,1000,rf_starter_descriptors,1.38,1.1163999999999998
10385,random_iid,1000,rf_starter_descriptors,1.28,1.3464
10430,random_iid,1000,rf_starter_descriptors,1.2,1.3696000000000002
10431,random_iid,1000,rf_starter_descriptors,1.72,1.1392000000000002
10435,random_iid,1000,rf_starter_descriptors,1.6,1.3692000000000006
10437,random_iid,1000,rf_starter_descriptors,1.4,2.5636000000000005
10440,random_iid,1000,rf_starter_descriptors,3.14,2.5103999999999997
10443,random_iid,1000,rf_starter_descriptors,1.84,1.6599999999999997
10448,random_iid,1000,rf_starter_descriptors,2.14,1.2611999999999997
10466,random_iid,1000,rf_starter_descriptors,3.28,2.488400000000001
10481,random_iid,1000,rf_starter_descriptors,0.42,0.618
10493,random_iid,1000,rf_starter_descriptors,2.16,2.3376000000000006
10496,random_iid,1000,rf_starter_descriptors,4.56,1.6324000000000003
10501,random_iid,1000,rf_starter_descriptors,0.34,0.8552000000000003
10505,random_iid,1000,rf_starter_descriptors,2.26,0.9571999999999998
10513,random_iid,1000,rf_starter_descriptors,2.2,1.5336000000000007
10532,random_iid,1000,rf_starter_descriptors,1.92,1.0800000000000003
10540,random_iid,1000,rf_starter_descriptors,2.1,1.1428
10548,random_iid,1000,rf_starter_descriptors,1.88,1.4616
10567,random_iid,1000,rf_starter_descriptors,1.22,1.7631999999999994
10590,random_iid,1000,rf_starter_descriptors,1.06,1.0459999999999998
10605,random_iid,1000,rf_starter_descriptors,2.26,1.6351999999999998
10607,random_iid,1000,rf_starter_descriptors,1.08,0.9176000000000001
10615,random_iid,1000,rf_starter_descriptors,1.14,2.0840000000000005
10630,random_iid,1000,rf_starter_descriptors,2.96,1.9568000000000005
10638,random_iid,1000,rf_starter_descriptors,1.42,1.3668000000000005
10718,random_iid,1000,rf_starter_descriptors,1.52,1.5348
10722,random_iid,1000,rf_starter_descriptors,0.98,1.4647999999999997
10726,random_iid,1000,rf_starter_descriptors,1.32,1.2144000000000004
10731,random_iid,1000,rf_starter_descriptors,2.24,1.9491999999999998
10734,random_iid,1000,rf_starter_descriptors,1.02,1.2719999999999996
10735,random_iid,1000,rf_starter_descriptors,1.02,1.7531999999999999
10739,random_iid,1000,rf_starter_descriptors,1.48,1.2752
10761,random_iid,1000,rf_starter_descriptors,2.82,1.8223999999999996
10774,random_iid,1000,rf_starter_descriptors,-0.1,0.28799999999999976
10782,random_iid,1000,rf_starter_descriptors,0.72,1.2043999999999997
10786,random_iid,1000,rf_starter_descriptors,0.78,1.3644000000000003
10796,random_iid,1000,rf_starter_descriptors,1.8,1.1240000000000003
10801,random_iid,1000,rf_starter_descriptors,1.68,1.3907999999999998
10807,random_iid,1000,rf_starter_descriptors,0.6,0.6963999999999997
10824,random_iid,1000,rf_starter_descriptors,0.78,1.5107999999999993
10830,random_iid,1000,rf_starter_descriptors,1.52,1.8023999999999998
10836,random_iid,1000,rf_starter_descriptors,4.06,1.5136
10865,random_iid,1000,rf_starter_descriptors,0.74,1.6691999999999998
10871,random_iid,1000,rf_starter_descriptors,0.4,1.0852000000000004
10876,random_iid,1000,rf_starter_descriptors,2.02,1.3528000000000002
10884,random_iid,1000,rf_starter_descriptors,1.64,2.0972000000000004
10887,random_iid,1000,rf_starter_descriptors,1.44,0.9384000000000006
10892,random_iid,1000,rf_starter_descriptors,1.02,1.4203999999999999
10898,random_iid,1000,rf_starter_descriptors,0.74,1.5519999999999996
10901,random_iid,1000,rf_starter_descriptors,0.04,0.7835999999999999
10931,random_iid,1000,rf_starter_descriptors,1.14,1.4236000000000002
10933,random_iid,1000,rf_starter_descriptors,1.76,1.5136
10935,random_iid,1000,rf_starter_descriptors,1.4,2.0139999999999993
10944,random_iid,1000,rf_starter_descriptors,1.32,1.5091999999999999
10977,random_iid,1000,rf_starter_descriptors,1.2,0.7220000000000002
10995,random_iid,1000,rf_starter_descriptors,0.28,0.67
11018,random_iid,1000,rf_starter_descriptors,1.08,1.2076
11019,random_iid,1000,rf_starter_descriptors,1.04,1.3407999999999995
11037,random_iid,1000,rf_starter_descriptors,1.54,1.3532000000000004
11039,random_iid,1000,rf_starter_descriptors,0.82,1.2599999999999998
11044,random_iid,1000,rf_starter_descriptors,1.02,1.6103999999999998
11050,random_iid,1000,rf_starter_descriptors,2.18,1.8283999999999994
11066,random_iid,1000,rf_starter_descriptors,1.72,1.098
11072,random_iid,1000,rf_starter_descriptors,1.06,1.2396
11074,random_iid,1000,rf_starter_descriptors,1.24,2.153599999999999
11078,random_iid,1000,rf_starter_descriptors,1.48,1.0856
11090,random_iid,1000,rf_starter_descriptors,1.78,0.9756
11091,random_iid,1000,rf_starter_descriptors,0.88,1.0652
11097,random_iid,1000,rf_starter_descriptors,3.94,1.7288000000000003
11098,random_iid,1000,rf_starter_descriptors,4.62,1.6068
11127,random_iid,1000,rf_starter_descriptors,1.02,1.2711999999999999
11148,random_iid,1000,rf_starter_descriptors,1.36,1.1116
11155,random_iid,1000,rf_starter_descriptors,0.88,1.5788
11160,random_iid,1000,rf_starter_descriptors,2.5,2.2288
11162,random_iid,1000,rf_starter_descriptors,1.12,1.2780000000000005
11178,random_iid,1000,rf_starter_descriptors,0.86,1.248
11187,random_iid,1000,rf_starter_descriptors,1.44,1.4707999999999999
11195,random_iid,1000,rf_starter_descriptors,2.64,1.008
11206,random_iid,1000,rf_starter_descriptors,1.8,1.4324000000000001
11225,random_iid,1000,rf_starter_descriptors,2.14,1.5959999999999994
11250,random_iid,1000,rf_starter_descriptors,2.46,2.283600000000001
11267,random_iid,1000,rf_starter_descriptors,0.78,1.3351999999999997
11270,random_iid,1000,rf_starter_descriptors,0.86,1.6340000000000001
11275,random_iid,1000,rf_starter_descriptors,0.8,0.9784
11282,random_iid,1000,rf_starter_descriptors,1.3,1.1076000000000001
11287,random_iid,1000,rf_starter_descriptors,1.8,1.3820000000000008
11292,random_iid,1000,rf_starter_descriptors,0.8,1.3044
11293,random_iid,1000,rf_starter_descriptors,1.24,1.3444
11311,random_iid,1000,rf_starter_descriptors,1.88,1.3204
11313,random_iid,1000,rf_starter_descriptors,1.14,1.2263999999999995
11315,random_iid,1000,rf_starter_descriptors,3.48,2.3731999999999993
11316,random_iid,1000,rf_starter_descriptors,1.2,1.2591999999999999
11335,random_iid,1000,rf_starter_descriptors,0.92,0.7744000000000001
11369,random_iid,1000,rf_starter_descriptors,0.56,1.5972000000000002
11379,random_iid,1000,rf_starter_descriptors,1.4,1.0803999999999996
11387,random_iid,1000,rf_starter_descriptors,0.66,1.1328000000000003
11391,random_iid,1000,rf_starter_descriptors,2.42,1.7080000000000006
11398,random_iid,1000,rf_starter_descriptors,0.98,0.8000000000000002
11399,random_iid,1000,rf_starter_descriptors,1.72,1.0192000000000003
11423,random_iid,1000,rf_starter_descriptors,1.86,1.5380000000000007
11427,random_iid,1000,rf_starter_descriptors,2.4,2.388399999999999
11429,random_iid,1000,rf_starter_descriptors,2.86,2.8128
11432,random_iid,1000,rf_starter_descriptors,0.88,1.5284
11453,random_iid,1000,rf_starter_descriptors,2.36,2.3944000000000014
11457,random_iid,1000,rf_starter_descriptors,1.82,0.9440000000000001
11465,random_iid,1000,rf_starter_descriptors,1.16,1.8755999999999995
11504,random_iid,1000,rf_starter_descriptors,1.74,1.5588
11511,random_iid,1000,rf_starter_descriptors,1.0,1.0375999999999999
11518,random_iid,1000,rf_starter_descriptors,1.34,1.1672000000000002
11529,random_iid,1000,rf_starter_descriptors,2.7,2.036800000000001
11545,random_iid,1000,rf_starter_descriptors,2.38,2.655600000000001
11567,random_iid,1000,rf_starter_descriptors,1.18,1.7516000000000007
11615,random_iid,1000,rf_starter_descriptors,1.72,1.5247999999999993
11631,random_iid,1000,rf_starter_descriptors,0.84,1.0492000000000006
11633,random_iid,1000,rf_starter_descriptors,1.82,1.7604000000000009
11658,random_iid,1000,rf_starter_descriptors,0.82,0.7500000000000004
11668,random_iid,1000,rf_starter_descriptors,3.92,1.905999999999999
11675,random_iid,1000,rf_starter_descriptors,0.38,1.5912
11682,random_iid,1000,rf_starter_descriptors,1.28,1.19
11696,random_iid,1000,rf_starter_descriptors,2.64,1.9708000000000012
11698,random_iid,1000,rf_starter_descriptors,1.56,1.5516000000000003
11702,random_iid,1000,rf_starter_descriptors,1.28,1.3507999999999998
11712,random_iid,1000,rf_starter_descriptors,1.46,1.756000000000001
11717,random_iid,1000,rf_starter_descriptors,4.46,2.3499999999999988
11753,random_iid,1000,rf_starter_descriptors,1.04,0.9859999999999997
11770,random_iid,1000,rf_starter_descriptors,0.74,1.126
11776,random_iid,1000,rf_starter_descriptors,1.1,1.5408
11778,random_iid,1000,rf_starter_descriptors,2.14,1.6556000000000004
11797,random_iid,1000,rf_starter_descriptors,0.76,1.6871999999999998
11799,random_iid,1000,rf_starter_descriptors,1.12,1.3664
11804,random_iid,1000,rf_starter_descriptors,1.12,1.288
11807,random_iid,1000,rf_starter_descriptors,0.84,1.5024000000000004
11811,random_iid,1000,rf_starter_descriptors,0.72,1.2148000000000003
11816,random_iid,1000,rf_starter_descriptors,2.24,1.9908000000000003
11817,random_iid,1000,rf_starter_descriptors,1.8,1.5328
11825,random_iid,1000,rf_starter_descriptors,1.26,1.0659999999999994
11830,random_iid,1000,rf_starter_descriptors,2.5,2.354799999999999
11838,random_iid,1000,rf_starter_descriptors,2.26,1.2007999999999994
11866,random_iid,1000,rf_starter_descriptors,0.7,1.7184000000000013
11868,random_iid,1000,rf_starter_descriptors,1.56,1.4592
11872,random_iid,1000,rf_starter_descriptors,3.2,2.291599999999999
11877,random_iid,1000,rf_starter_descriptors,3.02,1.8207999999999995
11885,random_iid,1000,rf_starter_descriptors,0.94,1.4176
11890,random_iid,1000,rf_starter_descriptors,1.32,0.8304000000000005
11896,random_iid,1000,rf_starter_descriptors,2.22,1.2919999999999998
11914,random_iid,1000,rf_starter_descriptors,1.14,0.9468000000000002
11915,random_iid,1000,rf_starter_descriptors,2.5,1.9631999999999994
11921,random_iid,1000,rf_starter_descriptors,1.22,0.9436
11928,random_iid,1000,rf_starter_descriptors,2.3,1.1464
11930,random_iid,1000,rf_starter_descriptors,1.72,1.5748000000000002
11935,random_iid,1000,rf_starter_descriptors,1.0,1.2500000000000009
11937,random_iid,1000,rf_starter_descriptors,2.28,1.9776000000000011
11940,random_iid,1000,rf_starter_descriptors,2.22,1.1636
11977,random_iid,1000,rf_starter_descriptors,0.74,1.1408000000000005
11981,random_iid,1000,rf_starter_descriptors,1.32,0.8612000000000003
11983,random_iid,1000,rf_starter_descriptors,0.94,1.3032
12000,random_iid,1000,rf_starter_descriptors,1.78,1.5324000000000004
12004,random_iid,1000,rf_starter_descriptors,0.92,1.0588000000000002
12011,random_iid,1000,rf_starter_descriptors,1.4,0.8196000000000003
12019,random_iid,1000,rf_starter_descriptors,0.88,1.3675999999999997
12022,random_iid,1000,rf_starter_descriptors,0.28,1.4468
12034,random_iid,1000,rf_starter_descriptors,0.66,1.2052
12038,random_iid,1000,rf_starter_descriptors,0.18,1.2212000000000003
12073,random_iid,1000,rf_starter_descriptors,0.94,0.9340000000000002
12079,random_iid,1000,rf_starter_descriptors,1.36,1.3672000000000002
12084,random_iid,1000,rf_starter_descriptors,1.12,1.0964
12104,random_iid,1000,rf_starter_descriptors,0.04,1.2704
12120,random_iid,1000,rf_starter_descriptors,0.84,1.506
12138,random_iid,1000,rf_starter_descriptors,2.3,2.753199999999999
12139,random_iid,1000,rf_starter_descriptors,0.68,1.0984
12143,random_iid,1000,rf_starter_descriptors,2.04,1.8388
12159,random_iid,1000,rf_starter_descriptors,1.2,1.1727999999999998
12162,random_iid,1000,rf_starter_descriptors,1.88,1.5164000000000004
12176,random_iid,1000,rf_starter_descriptors,2.1,1.6036000000000008
12179,random_iid,1000,rf_starter_descriptors,0.54,0.8075999999999994
12181,random_iid,1000,rf_starter_descriptors,2.82,1.9927999999999997
12194,random_iid,1000,rf_starter_descriptors,1.88,2.105599999999999
12195,random_iid,1000,rf_starter_descriptors,0.44,0.8959999999999999
12243,random_iid,1000,rf_starter_descriptors,1.12,1.3007999999999995
12252,random_iid,1000,rf_starter_descriptors,1.48,1.0415999999999999
12264,random_iid,1000,rf_starter_descriptors,1.86,1.5083999999999995
12270,random_iid,1000,rf_starter_descriptors,0.34,1.3927999999999991
12273,random_iid,1000,rf_starter_descriptors,0.52,1.8059999999999996
12276,random_iid,1000,rf_starter_descriptors,1.18,1.4192000000000002
12277,random_iid,1000,rf_starter_descriptors,1.34,1.4304
12285,random_iid,1000,rf_starter_descriptors,0.92,1.3276
12301,random_iid,1000,rf_starter_descriptors,1.98,1.3476000000000006
12303,random_iid,1000,rf_starter_descriptors,1.36,0.9792000000000001
12307,random_iid,1000,rf_starter_descriptors,2.34,1.4384000000000001
12313,random_iid,1000,rf_starter_descriptors,0.56,1.2848
12314,random_iid,1000,rf_starter_descriptors,0.5,1.7752
12319,random_iid,1000,rf_starter_descriptors,1.0,0.9992000000000003
12320,random_iid,1000,rf_starter_descriptors,0.78,0.8255999999999999
12349,random_iid,1000,rf_starter_descriptors,1.72,0.7699999999999999
12365,random_iid,1000,rf_starter_descriptors,1.68,1.4200000000000006
12366,random_iid,1000,rf_starter_descriptors,1.48,1.3612
12374,random_iid,1000,rf_starter_descriptors,1.9,1.4467999999999994
12379,random_iid,1000,rf_starter_descriptors,1.48,1.4428000000000003
12406,random_iid,1000,rf_starter_descriptors,1.66,1.6259999999999997
12412,random_iid,1000,rf_starter_descriptors,1.72,1.3723999999999998
12416,random_iid,1000,rf_starter_descriptors,0.96,1.1924000000000001
12437,random_iid,1000,rf_starter_descriptors,0.94,1.201999999999999
12439,random_iid,1000,rf_starter_descriptors,1.04,1.4472000000000003
12456,random_iid,1000,rf_starter_descriptors,1.1,0.8743999999999995
12461,random_iid,1000,rf_starter_descriptors,0.9,1.5999999999999996
12475,random_iid,1000,rf_starter_descriptors,0.88,1.264
12484,random_iid,1000,rf_starter_descriptors,0.86,0.9268
12487,random_iid,1000,rf_starter_descriptors,1.38,1.3283999999999998
12490,random_iid,1000,rf_starter_descriptors,1.26,1.2300000000000002
12492,random_iid,1000,rf_starter_descriptors,1.94,1.0036
12510,random_iid,1000,rf_starter_descriptors,1.3,1.0536000000000003
12511,random_iid,1000,rf_starter_descriptors,1.42,0.7767999999999998
12523,random_iid,1000,rf_starter_descriptors,1.66,1.6816
12534,random_iid,1000,rf_starter_descriptors,1.88,1.6655999999999997
12536,random_iid,1000,rf_starter_descriptors,2.18,1.4815999999999996
12537,random_iid,1000,rf_starter_descriptors,2.84,2.1240000000000006
12546,random_iid,1000,rf_starter_descriptors,2.38,2.384
12555,random_iid,1000,rf_starter_descriptors,1.76,1.4016
12560,random_iid,1000,rf_starter_descriptors,1.34,1.7908000000000004
12562,random_iid,1000,rf_starter_descriptors,1.8,1.0515999999999996
12570,random_iid,1000,rf_starter_descriptors,0.86,1.1132000000000002
12574,random_iid,1000,rf_starter_descriptors,0.92,1.5484
12577,random_iid,1000,rf_starter_descriptors,1.26,0.9272
12584,random_iid,1000,rf_starter_descriptors,1.46,1.2839999999999998
12593,random_iid,1000,rf_starter_descriptors,2.1,1.5276000000000003
12596,random_iid,1000,rf_starter_descriptors,1.12,1.5803999999999996
12614,random_iid,1000,rf_starter_descriptors,1.28,1.3783999999999998
12616,random_iid,1000,rf_starter_descriptors,1.46,1.0392000000000001
12618,random_iid,1000,rf_starter_descriptors,1.58,0.9020000000000001
12634,random_iid,1000,rf_starter_descriptors,2.56,1.4455999999999998
12635,random_iid,1000,rf_starter_descriptors,1.54,1.5484
12636,random_iid,1000,rf_starter_descriptors,3.58,1.6576000000000004
12655,random_iid,1000,rf_starter_descriptors,1.52,2.4463999999999997
12656,random_iid,1000,rf_starter_descriptors,1.0,0.9576000000000002
12687,random_iid,1000,rf_starter_descriptors,0.86,1.9132000000000002
12727,random_iid,1000,rf_starter_descriptors,1.08,1.8471999999999995
12730,random_iid,1000,rf_starter_descriptors,0.98,1.3707999999999996
12767,random_iid,1000,rf_starter_descriptors,2.98,1.6843999999999992
12785,random_iid,1000,rf_starter_descriptors,1.12,1.2127999999999999
12787,random_iid,1000,rf_starter_descriptors,0.78,1.6328000000000003
12792,random_iid,1000,rf_starter_descriptors,1.78,1.5668
12797,random_iid,1000,rf_starter_descriptors,1.08,1.2912000000000001
12802,random_iid,1000,rf_starter_descriptors,3.52,2.1228000000000002
12804,random_iid,1000,rf_starter_descriptors,1.62,1.3339999999999999
12811,random_iid,1000,rf_starter_descriptors,1.36,0.7932000000000001
12814,random_iid,1000,rf_starter_descriptors,1.22,1.3912
12822,random_iid,1000,rf_starter_descriptors,3.4,2.9612000000000007
12881,random_iid,1000,rf_starter_descriptors,1.66,1.2763999999999998
12885,random_iid,1000,rf_starter_descriptors,0.8,0.8571999999999999
12896,random_iid,1000,rf_starter_descriptors,0.7,1.5711999999999997
12897,random_iid,1000,rf_starter_descriptors,1.88,1.3719999999999999
12899,random_iid,1000,rf_starter_descriptors,1.4,1.0852
12900,random_iid,1000,rf_starter_descriptors,1.6,0.6240000000000003
12920,random_iid,1000,rf_starter_descriptors,0.6,1.3020000000000005
12928,random_iid,1000,rf_starter_descriptors,1.02,1.7388
12932,random_iid,1000,rf_starter_descriptors,1.36,1.5496
12947,random_iid,1000,rf_starter_descriptors,1.44,1.4287999999999994
12970,random_iid,1000,rf_starter_descriptors,1.68,1.8132000000000008
13003,random_iid,1000,rf_starter_descriptors,2.28,1.1712000000000002
13004,random_iid,1000,rf_starter_descriptors,1.24,0.8920000000000003
13010,random_iid,1000,rf_starter_descriptors,1.34,1.2132000000000003
13015,random_iid,1000,rf_starter_descriptors,1.38,1.6283999999999998
13022,random_iid,1000,rf_starter_descriptors,0.9,0.8255999999999999
13029,random_iid,1000,rf_starter_descriptors,1.22,0.6920000000000001
13044,random_iid,1000,rf_starter_descriptors,1.74,1.1847999999999999
13068,random_iid,1000,rf_starter_descriptors,2.98,1.6543999999999996
13082,random_iid,1000,rf_starter_descriptors,0.94,1.6867999999999999
13096,random_iid,1000,rf_starter_descriptors,1.68,1.8052000000000001
13098,random_iid,1000,rf_starter_descriptors,2.04,1.4335999999999998
13100,random_iid,1000,rf_starter_descriptors,2.0,1.8639999999999999
13173,random_iid,1000,rf_starter_descriptors,1.22,1.2319999999999998
13174,random_iid,1000,rf_starter_descriptors,1.16,2.4671999999999996
13195,random_iid,1000,rf_starter_descriptors,1.16,1.0712
13201,random_iid,1000,rf_starter_descriptors,1.18,0.9848000000000002
13204,random_iid,1000,rf_starter_descriptors,3.2,2.2228000000000008
13205,random_iid,1000,rf_starter_descriptors,1.46,1.4556
13212,random_iid,1000,rf_starter_descriptors,1.76,1.4527999999999996
13241,random_iid,1000,rf_starter_descriptors,1.54,1.2992000000000004
13253,random_iid,1000,rf_starter_descriptors,1.1,1.0468000000000004
13275,random_iid,1000,rf_starter_descriptors,0.96,1.3651999999999995
13310,random_iid,1000,rf_starter_descriptors,0.9,0.6152000000000002
13313,random_iid,1000,rf_starter_descriptors,0.94,1.3231999999999997
13316,random_iid,1000,rf_starter_descriptors,0.58,1.2819999999999996
13325,random_iid,1000,rf_starter_descriptors,0.7,0.9864
13328,random_iid,1000,rf_starter_descriptors,1.0,1.2276
13332,random_iid,1000,rf_starter_descriptors,1.5,1.1884
13335,random_iid,1000,rf_starter_descriptors,0.88,1.2192
13337,random_iid,1000,rf_starter_descriptors,0.1,0.8463999999999998
13338,random_iid,1000,rf_starter_descriptors,2.92,2.2180000000000004
13346,random_iid,1000,rf_starter_descriptors,1.8,1.2659999999999996
13361,random_iid,1000,rf_starter_descriptors,2.74,1.9467999999999994
13362,random_iid,1000,rf_starter_descriptors,1.7,2.2916000000000007
13369,random_iid,1000,rf_starter_descriptors,0.56,1.5483999999999998
13376,random_iid,1000,rf_starter_descriptors,1.22,2.3936000000000006
13396,random_iid,1000,rf_starter_descriptors,0.06,1.5588000000000002
13397,random_iid,1000,rf_starter_descriptors,2.46,1.6256000000000004
13398,random_iid,1000,rf_starter_descriptors,1.42,1.2224000000000002
13406,random_iid,1000,rf_starter_descriptors,1.66,1.4960000000000009
13416,random_iid,1000,rf_starter_descriptors,2.64,1.3375999999999997
13418,random_iid,1000,rf_starter_descriptors,0.56,0.9784
13431,random_iid,1000,rf_starter_descriptors,1.74,1.3151999999999995
13436,random_iid,1000,rf_starter_descriptors,1.36,0.9423999999999999
13447,random_iid,1000,rf_starter_descriptors,0.42,0.8731999999999995
13454,random_iid,1000,rf_starter_descriptors,1.72,1.5600000000000005
13473,random_iid,1000,rf_starter_descriptors,1.48,1.2443999999999995
13483,random_iid,1000,rf_starter_descriptors,0.4,1.0136000000000003
13491,random_iid,1000,rf_starter_descriptors,1.82,1.5723999999999998
13508,random_iid,1000,rf_starter_descriptors,3.56,2.4819999999999993
13522,random_iid,1000,rf_starter_descriptors,3.42,1.9095999999999997
13524,random_iid,1000,rf_starter_descriptors,0.5,1.4043999999999999
13529,random_iid,1000,rf_starter_descriptors,3.58,1.6528000000000003
13556,random_iid,1000,rf_starter_descriptors,1.64,2.0128
13566,random_iid,1000,rf_starter_descriptors,1.74,1.3640000000000003
13582,random_iid,1000,rf_starter_descriptors,1.58,1.5448
13590,random_iid,1000,rf_starter_descriptors,2.96,1.9204
13604,random_iid,1000,rf_starter_descriptors,2.36,1.8127999999999997
13613,random_iid,1000,rf_starter_descriptors,1.56,1.5552000000000004
13619,random_iid,1000,rf_starter_descriptors,2.12,2.1080000000000005
13626,random_iid,1000,rf_starter_descriptors,1.46,1.5528
13637,random_iid,1000,rf_starter_descriptors,2.24,1.4024
13639,random_iid,1000,rf_starter_descriptors,2.56,1.9887999999999997
13641,random_iid,1000,rf_starter_descriptors,1.24,2.2288
13646,random_iid,1000,rf_starter_descriptors,1.22,1.4188
13648,random_iid,1000,rf_starter_descriptors,1.32,2.6748000000000003
13649,random_iid,1000,rf_starter_descriptors,0.94,0.6772
13651,random_iid,1000,rf_starter_descriptors,0.3,1.5384000000000007
13658,random_iid,1000,rf_starter_descriptors,0.98,1.6536000000000006
13666,random_iid,1000,rf_starter_descriptors,0.88,1.207200000000001
13668,random_iid,1000,rf_starter_descriptors,1.1,1.0632
13672,random_iid,1000,rf_starter_descriptors,1.5,1.2731999999999992
13683,random_iid,1000,rf_starter_descriptors,0.18,1.2687999999999997
13684,random_iid,1000,rf_starter_descriptors,1.36,2.3620000000000005
13685,random_iid,1000,rf_starter_descriptors,0.1,0.7375999999999998
13696,random_iid,1000,rf_starter_descriptors,2.12,1.4283999999999997
13706,random_iid,1000,rf_starter_descriptors,1.12,1.2564000000000002
13710,random_iid,1000,rf_starter_descriptors,1.34,2.822
13736,random_iid,1000,rf_starter_descriptors,1.12,1.3683999999999994
13755,random_iid,1000,rf_starter_descriptors,0.8,1.2988000000000006
13799,random_iid,1000,rf_starter_descriptors,1.28,1.2072
13814,random_iid,1000,rf_starter_descriptors,0.36,1.1780000000000002
13824,random_iid,1000,rf_starter_descriptors,2.8,0.9980000000000002
13829,random_iid,1000,rf_starter_descriptors,1.52,1.2124000000000006
13835,random_iid,1000,rf_starter_descriptors,0.5,1.5395999999999994
13837,random_iid,1000,rf_starter_descriptors,1.68,1.0468000000000002
13848,random_iid,1000,rf_starter_descriptors,1.78,1.3232
13852,random_iid,1000,rf_starter_descriptors,2.28,1.6451999999999996
13853,random_iid,1000,rf_starter_descriptors,1.72,2.3664
13861,random_iid,1000,rf_starter_descriptors,1.42,1.04
13876,random_iid,1000,rf_starter_descriptors,1.86,2.7499999999999996
13880,random_iid,1000,rf_starter_descriptors,1.0,1.1676
13892,random_iid,1000,rf_starter_descriptors,1.16,1.3723999999999998
13903,random_iid,1000,rf_starter_descriptors,1.56,1.6432
13920,random_iid,1000,rf_starter_descriptors,1.56,0.7487999999999999
13934,random_iid,1000,rf_starter_descriptors,1.4,1.4979999999999993
13940,random_iid,1000,rf_starter_descriptors,1.94,1.322
13953,random_iid,1000,rf_starter_descriptors,1.72,1.1508000000000005
13954,random_iid,1000,rf_starter_descriptors,1.46,1.0300000000000002
13958,random_iid,1000,rf_starter_descriptors,0.96,0.8260000000000001
13967,random_iid,1000,rf_starter_descriptors,0.84,1.0023999999999997
13987,random_iid,1000,rf_starter_descriptors,1.02,0.9524000000000001
14004,random_iid,1000,rf_starter_descriptors,2.0,1.7608000000000004
14006,random_iid,1000,rf_starter_descriptors,1.44,0.8919999999999999
14013,random_iid,1000,rf_starter_descriptors,0.5,1.4099999999999995
14018,random_iid,1000,rf_starter_descriptors,1.14,1.0352000000000001
14032,random_iid,1000,rf_starter_descriptors,1.0,1.3232
14038,random_iid,1000,rf_starter_descriptors,1.1,0.9563999999999999
14044,random_iid,1000,rf_starter_descriptors,2.08,1.6516000000000008
14045,random_iid,1000,rf_starter_descriptors,1.22,1.3139999999999998
14064,random_iid,1000,rf_starter_descriptors,0.84,0.8059999999999999
14067,random_iid,1000,rf_starter_descriptors,1.44,0.9487999999999999
14076,random_iid,1000,rf_starter_descriptors,1.2,1.2271999999999996
14090,random_iid,1000,rf_starter_descriptors,0.98,1.9207999999999996
14128,random_iid,1000,rf_starter_descriptors,2.0,1.3935999999999995
14132,random_iid,1000,rf_starter_descriptors,0.7,1.5815999999999995
14142,random_iid,1000,rf_starter_descriptors,2.04,1.8011999999999997
14147,random_iid,1000,rf_starter_descriptors,1.46,1.8384000000000003
14159,random_iid,1000,rf_starter_descriptors,1.72,1.4583999999999988
14173,random_iid,1000,rf_starter_descriptors,3.7,1.744
14190,random_iid,1000,rf_starter_descriptors,2.62,2.2456000000000014
14198,random_iid,1000,rf_starter_descriptors,1.86,1.6995999999999996
14209,random_iid,1000,rf_starter_descriptors,1.44,1.0435999999999999
14213,random_iid,1000,rf_starter_descriptors,1.08,1.2272000000000003
14248,random_iid,1000,rf_starter_descriptors,1.02,1.1008
14266,random_iid,1000,rf_starter_descriptors,1.26,0.9984000000000003
14272,random_iid,1000,rf_starter_descriptors,1.88,1.3528
14273,random_iid,1000,rf_starter_descriptors,1.94,1.6167999999999998
14279,random_iid,1000,rf_starter_descriptors,0.96,1.294
14316,random_iid,1000,rf_starter_descriptors,0.76,1.6108000000000002
14322,random_iid,1000,rf_starter_descriptors,3.06,2.3708
14327,random_iid,1000,rf_starter_descriptors,1.28,0.8116
14333,random_iid,1000,rf_starter_descriptors,1.82,1.5408000000000002
14335,random_iid,1000,rf_starter_descriptors,0.52,0.7879999999999997
14336,random_iid,1000,rf_starter_descriptors,1.66,1.7164000000000001
14344,random_iid,1000,rf_starter_descriptors,1.76,1.5916000000000003
14353,random_iid,1000,rf_starter_descriptors,1.04,1.192800000000001
14368,random_iid,1000,rf_starter_descriptors,1.94,1.5244000000000002
14374,random_iid,1000,rf_starter_descriptors,1.66,1.3327999999999998
14375,random_iid,1000,rf_starter_descriptors,0.94,1.9507999999999992
14381,random_iid,1000,rf_starter_descriptors,1.58,1.5299999999999998
14383,random_iid,1000,rf_starter_descriptors,1.42,0.7483999999999997
14384,random_iid,1000,rf_starter_descriptors,2.18,1.464
14395,random_iid,1000,rf_starter_descriptors,0.9,1.6352000000000002
14399,random_iid,1000,rf_starter_descriptors,1.46,1.2075999999999996
14400,random_iid,1000,rf_starter_descriptors,2.54,1.7628
14417,random_iid,1000,rf_starter_descriptors,1.32,1.1735999999999998
14429,random_iid,1000,rf_starter_descriptors,1.02,1.3156
14441,random_iid,1000,rf_starter_descriptors,1.56,1.4407999999999992
14448,random_iid,1000,rf_starter_descriptors,0.68,0.9136000000000002
14450,random_iid,1000,rf_starter_descriptors,1.38,1.3916000000000002
14455,random_iid,1000,rf_starter_descriptors,1.94,1.526
14461,random_iid,1000,rf_starter_descriptors,0.74,1.4236000000000002
14465,random_iid,1000,rf_starter_descriptors,1.12,2.1448000000000005
14492,random_iid,1000,rf_starter_descriptors,1.04,1.1232
14493,random_iid,1000,rf_starter_descriptors,2.14,1.4008
14503,random_iid,1000,rf_starter_descriptors,2.4,1.8023999999999996
14511,random_iid,1000,rf_starter_descriptors,0.4,1.3900000000000003
14520,random_iid,1000,rf_starter_descriptors,0.28,0.5840000000000001
14525,random_iid,1000,rf_starter_descriptors,1.02,0.7544
14526,random_iid,1000,rf_starter_descriptors,3.26,2.5468000000000006
14539,random_iid,1000,rf_starter_descriptors,1.7,1.1452000000000002
14554,random_iid,1000,rf_starter_descriptors,1.0,0.9683999999999997
14569,random_iid,1000,rf_starter_descriptors,2.72,1.5984000000000003
14586,random_iid,1000,rf_starter_descriptors,2.36,2.1916
14602,random_iid,1000,rf_starter_descriptors,1.78,1.4568
14606,random_iid,1000,rf_starter_descriptors,2.06,1.7379999999999995
14613,random_iid,1000,rf_starter_descriptors,2.18,1.6112000000000004
14617,random_iid,1000,rf_starter_descriptors,0.86,1.2760000000000002
14633,random_iid,1000,rf_starter_descriptors,1.46,1.5616000000000003
14651,random_iid,1000,rf_starter_descriptors,1.18,1.3636000000000008
14658,random_iid,1000,rf_starter_descriptors,2.82,1.6564
14676,random_iid,1000,rf_starter_descriptors,1.66,0.9612000000000002
14682,random_iid,1000,rf_starter_descriptors,0.68,1.2764000000000002
14685,random_iid,1000,rf_starter_descriptors,1.3,2.031600000000001
14689,random_iid,1000,rf_starter_descriptors,2.14,2.2164000000000006
14691,random_iid,1000,rf_starter_descriptors,0.5,1.8655999999999995
14699,random_iid,1000,rf_starter_descriptors,2.04,1.6135999999999993
14702,random_iid,1000,rf_starter_descriptors,1.36,1.2216
14714,random_iid,1000,rf_starter_descriptors,1.2,1.2076
14718,random_iid,1000,rf_starter_descriptors,2.18,1.5936
14726,random_iid,1000,rf_starter_descriptors,0.52,1.2559999999999998
14731,random_iid,1000,rf_starter_descriptors,2.0,0.9915999999999997
14735,random_iid,1000,rf_starter_descriptors,0.92,1.0491999999999997
14736,random_iid,1000,rf_starter_descriptors,2.46,1.6731999999999991
14739,random_iid,1000,rf_starter_descriptors,1.14,1.1451999999999996
14741,random_iid,1000,rf_starter_descriptors,2.5,1.6755999999999995
14752,random_iid,1000,rf_starter_descriptors,1.14,1.4712
14759,random_iid,1000,rf_starter_descriptors,0.76,0.9775999999999999
14761,random_iid,1000,rf_starter_descriptors,0.84,1.2928
14763,random_iid,1000,rf_starter_descriptors,1.04,1.1800000000000002
14771,random_iid,1000,rf_starter_descriptors,1.5,1.1244
14782,random_iid,1000,rf_starter_descriptors,1.14,1.9128000000000003
14783,random_iid,1000,rf_starter_descriptors,1.76,1.4092000000000005
14787,random_iid,1000,rf_starter_descriptors,1.48,1.7104
14807,random_iid,1000,rf_starter_descriptors,2.32,1.3792
14809,random_iid,1000,rf_starter_descriptors,0.28,1.6803999999999994
14814,random_iid,1000,rf_starter_descriptors,1.08,1.2688
14822,random_iid,1000,rf_starter_descriptors,1.3,1.4892
14825,random_iid,1000,rf_starter_descriptors,1.24,1.4911999999999999
14838,random_iid,1000,rf_starter_descriptors,1.16,0.9772
14840,random_iid,1000,rf_starter_descriptors,0.94,1.2172
14847,random_iid,1000,rf_starter_descriptors,0.7,0.7459999999999998
14850,random_iid,1000,rf_starter_descriptors,0.54,0.4915999999999998
14853,random_iid,1000,rf_starter_descriptors,1.22,1.3576000000000001
14854,random_iid,1000,rf_starter_descriptors,2.8,1.5399999999999998
14861,random_iid,1000,rf_starter_descriptors,2.28,1.4823999999999995
14866,random_iid,1000,rf_starter_descriptors,2.12,1.6067999999999998
14902,random_iid,1000,rf_starter_descriptors,1.68,2.0751999999999997
14903,random_iid,1000,rf_starter_descriptors,1.5,1.4339999999999997
14905,random_iid,1000,rf_starter_descriptors,1.38,1.5164000000000002
14913,random_iid,1000,rf_starter_descriptors,3.74,2.2687999999999993
14917,random_iid,1000,rf_starter_descriptors,0.7,1.4276000000000004
14923,random_iid,1000,rf_starter_descriptors,1.64,1.2835999999999992
14938,random_iid,1000,rf_starter_descriptors,1.88,1.1736000000000002
14946,random_iid,1000,rf_starter_descriptors,1.12,1.9435999999999998
14953,random_iid,1000,rf_starter_descriptors,0.84,1.2796000000000003
14955,random_iid,1000,rf_starter_descriptors,0.84,1.2711999999999997
14983,random_iid,1000,rf_starter_descriptors,0.88,1.1688000000000003
14994,random_iid,1000,rf_starter_descriptors,1.22,0.9087999999999998
14995,random_iid,1000,rf_starter_descriptors,2.88,2.0684
15010,random_iid,1000,rf_starter_descriptors,1.14,1.1787999999999996
15015,random_iid,1000,rf_starter_descriptors,1.28,1.2883999999999998
15016,random_iid,1000,rf_starter_descriptors,2.06,1.5903999999999998
15045,random_iid,1000,rf_starter_descriptors,0.44,0.8739999999999999
15054,random_iid,1000,rf_starter_descriptors,1.04,1.27
15067,random_iid,1000,rf_starter_descriptors,0.54,1.3843999999999996
15103,random_iid,1000,rf_starter_descriptors,1.18,1.0536000000000003
15108,random_iid,1000,rf_starter_descriptors,1.06,1.4115999999999993
15116,random_iid,1000,rf_starter_descriptors,1.42,0.6051999999999998
15120,random_iid,1000,rf_starter_descriptors,1.1,1.1176000000000001
15121,random_iid,1000,rf_starter_descriptors,2.72,1.4584000000000004
15123,random_iid,1000,rf_starter_descriptors,1.98,1.7328000000000001
15126,random_iid,1000,rf_starter_descriptors,1.18,1.3215999999999997
15139,random_iid,1000,rf_starter_descriptors,1.44,0.8624
15150,random_iid,1000,rf_starter_descriptors,1.2,1.0116
15161,random_iid,1000,rf_starter_descriptors,3.34,2.3456
15186,random_iid,1000,rf_starter_descriptors,0.6,1.0924000000000005
15196,random_iid,1000,rf_starter_descriptors,2.18,1.7455999999999992
15204,random_iid,1000,rf_starter_descriptors,1.3,1.3903999999999999
15211,random_iid,1000,rf_starter_descriptors,1.12,1.2196
15214,random_iid,1000,rf_starter_descriptors,0.72,1.0047999999999997
15218,random_iid,1000,rf_starter_descriptors,3.58,2.314
15219,random_iid,1000,rf_starter_descriptors,1.64,1.2664000000000002
15231,random_iid,1000,rf_starter_descriptors,0.66,1.6227999999999998
15262,random_iid,1000,rf_starter_descriptors,3.04,1.2828
15288,random_iid,1000,rf_starter_descriptors,1.28,1.3191999999999995
15290,random_iid,1000,rf_starter_descriptors,0.92,1.3332
15293,random_iid,1000,rf_starter_descriptors,0.68,1.3260000000000003
15296,random_iid,1000,rf_starter_descriptors,2.92,2.7184000000000004
15298,random_iid,1000,rf_starter_descriptors,0.94,1.3840000000000003
15300,random_iid,1000,rf_starter_descriptors,1.6,2.5412
15310,random_iid,1000,rf_starter_descriptors,1.46,1.4696
15361,random_iid,1000,rf_starter_descriptors,0.1,1.4904
15362,random_iid,1000,rf_starter_descriptors,1.1,0.91
15377,random_iid,1000,rf_starter_descriptors,2.04,1.6300000000000003
15389,random_iid,1000,rf_starter_descriptors,2.76,2.3699999999999997
15405,random_iid,1000,rf_starter_descriptors,1.48,1.1660000000000001
15423,random_iid,1000,rf_starter_descriptors,1.96,1.4628
15448,random_iid,1000,rf_starter_descriptors,1.6,1.6887999999999999
15450,random_iid,1000,rf_starter_descriptors,1.82,1.85
15455,random_iid,1000,rf_starter_descriptors,2.88,1.2156000000000002
15461,random_iid,1000,rf_starter_descriptors,1.38,1.3591999999999995
15474,random_iid,1000,rf_starter_descriptors,1.98,2.0916000000000006
15479,random_iid,1000,rf_starter_descriptors,1.18,1.740799999999999
15489,random_iid,1000,rf_starter_descriptors,1.4,1.1119999999999997
15491,random_iid,1000,rf_starter_descriptors,1.04,1.3504000000000003
15510,random_iid,1000,rf_starter_descriptors,1.08,1.6332000000000004
15528,random_iid,1000,rf_starter_descriptors,1.94,1.3895999999999997
15538,random_iid,1000,rf_starter_descriptors,1.22,1.4204000000000008
15542,random_iid,1000,rf_starter_descriptors,0.76,0.7323999999999999
15556,random_iid,1000,rf_starter_descriptors,2.14,2.1291999999999995
15567,random_iid,1000,rf_starter_descriptors,0.26,0.9236000000000003
15568,random_iid,1000,rf_starter_descriptors,1.24,1.1960000000000004
15570,random_iid,1000,rf_starter_descriptors,0.68,1.3096
15590,random_iid,1000,rf_starter_descriptors,0.84,1.3792000000000002
15617,random_iid,1000,rf_starter_descriptors,1.1,1.5511999999999997
15619,random_iid,1000,rf_starter_descriptors,3.22,1.3663999999999998
15626,random_iid,1000,rf_starter_descriptors,1.62,1.5988000000000002
15628,random_iid,1000,rf_starter_descriptors,0.76,1.5151999999999999
15633,random_iid,1000,rf_starter_descriptors,1.28,1.3203999999999996
15648,random_iid,1000,rf_starter_descriptors,1.26,1.9799999999999995
15660,random_iid,1000,rf_starter_descriptors,1.06,1.4731999999999998
15667,random_iid,1000,rf_starter_descriptors,3.32,1.9632000000000003
15672,random_iid,1000,rf_starter_descriptors,2.66,2.3632
15676,random_iid,1000,rf_starter_descriptors,2.26,2.5152000000000005
15687,random_iid,1000,rf_starter_descriptors,1.68,1.6264000000000007
15689,random_iid,1000,rf_starter_descriptors,2.22,1.980000000000001
15692,random_iid,1000,rf_starter_descriptors,1.9,1.9667999999999994
15693,random_iid,1000,rf_starter_descriptors,1.3,1.35
15695,random_iid,1000,rf_starter_descriptors,1.92,1.0764000000000002
15709,random_iid,1000,rf_starter_descriptors,1.48,0.8288
15737,random_iid,1000,rf_starter_descriptors,0.98,0.7899999999999997
15744,random_iid,1000,rf_starter_descriptors,2.32,1.3384
15771,random_iid,1000,rf_starter_descriptors,1.86,1.0956000000000004
15786,random_iid,1000,rf_starter_descriptors,2.08,1.2635999999999996
15791,random_iid,1000,rf_starter_descriptors,1.4,1.0188000000000001
15792,random_iid,1000,rf_starter_descriptors,2.96,1.9819999999999993
15802,random_iid,1000,rf_starter_descriptors,2.48,2.188
15804,random_iid,1000,rf_starter_descriptors,2.1,1.3288000000000004
15818,random_iid,1000,rf_starter_descriptors,0.6,1.0276
15821,random_iid,1000,rf_starter_descriptors,1.44,1.1571999999999998
15849,random_iid,1000,rf_starter_descriptors,1.7,1.7596000000000003
15865,random_iid,1000,rf_starter_descriptors,1.1,1.0428
15872,random_iid,1000,rf_starter_descriptors,1.68,1.1244000000000003
15875,random_iid,1000,rf_starter_descriptors,1.52,2.4728
15877,random_iid,1000,rf_starter_descriptors,1.34,1.6004000000000005
15878,random_iid,1000,rf_starter_descriptors,1.96,1.246
15879,random_iid,1000,rf_starter_descriptors,1.44,1.2260000000000004
15903,random_iid,1000,rf_starter_descriptors,0.8,0.9968
15905,random_iid,1000,rf_starter_descriptors,2.98,2.0764
15911,random_iid,1000,rf_starter_descriptors,2.38,2.059999999999999
15912,random_iid,1000,rf_starter_descriptors,0.78,1.5595999999999994
15916,random_iid,1000,rf_starter_descriptors,1.36,1.3524000000000003
15926,random_iid,1000,rf_starter_descriptors,1.0,1.4020000000000004
15928,random_iid,1000,rf_starter_descriptors,-0.06,0.7335999999999998
15937,random_iid,1000,rf_starter_descriptors,0.92,1.8835999999999995
15961,random_iid,1000,rf_starter_descriptors,1.08,1.7651999999999992
15973,random_iid,1000,rf_starter_descriptors,1.24,1.1548000000000003
15994,random_iid,1000,rf_starter_descriptors,1.68,1.7064
15998,random_iid,1000,rf_starter_descriptors,0.6,1.5024000000000006
16003,random_iid,1000,rf_starter_descriptors,0.88,0.9639999999999996
16004,random_iid,1000,rf_starter_descriptors,2.2,1.5704
16007,random_iid,1000,rf_starter_descriptors,1.1,1.1692000000000005
16008,random_iid,1000,rf_starter_descriptors,1.98,1.5788
16016,random_iid,1000,rf_starter_descriptors,0.38,1.1779999999999997
16026,random_iid,1000,rf_starter_descriptors,1.88,2.5508
16047,random_iid,1000,rf_starter_descriptors,1.74,1.5339999999999998
16055,random_iid,1000,rf_starter_descriptors,0.62,1.2028000000000003
16057,random_iid,1000,rf_starter_descriptors,1.3,1.4820000000000004
16060,random_iid,1000,rf_starter_descriptors,1.8,1.6067999999999996
16061,random_iid,1000,rf_starter_descriptors,0.76,1.1152000000000002
16067,random_iid,1000,rf_starter_descriptors,1.7,1.1567999999999998
16075,random_iid,1000,rf_starter_descriptors,1.32,0.9487999999999999
16078,random_iid,1000,rf_starter_descriptors,1.6,1.5392
16095,random_iid,1000,rf_starter_descriptors,0.6,0.8784000000000003
16101,random_iid,1000,rf_starter_descriptors,1.34,1.2896
16110,random_iid,1000,rf_starter_descriptors,1.16,1.8911999999999998
16128,random_iid,1000,rf_starter_descriptors,1.16,1.3212000000000002
16139,random_iid,1000,rf_starter_descriptors,1.24,0.6247999999999999
16153,random_iid,1000,rf_starter_descriptors,1.18,1.4940000000000007
16167,random_iid,1000,rf_starter_descriptors,1.2,1.2463999999999995
16171,random_iid,1000,rf_starter_descriptors,0.9,1.8048
16172,random_iid,1000,rf_starter_descriptors,1.46,1.7379999999999998
16176,random_iid,1000,rf_starter_descriptors,0.74,0.8704000000000002
16180,random_iid,1000,rf_starter_descriptors,2.3,1.3932
16194,random_iid,1000,rf_starter_descriptors,2.54,1.6852
16208,random_iid,1000,rf_starter_descriptors,1.08,1.5551999999999995
16222,random_iid,1000,rf_starter_descriptors,1.88,0.7724
16228,random_iid,1000,rf_starter_descriptors,0.34,1.2384000000000002
16229,random_iid,1000,rf_starter_descriptors,3.7,3.0524
16234,random_iid,1000,rf_starter_descriptors,0.64,0.7195999999999997
16240,random_iid,1000,rf_starter_descriptors,1.78,1.4128000000000005
16242,random_iid,1000,rf_starter_descriptors,1.34,1.4828000000000003
16245,random_iid,1000,rf_starter_descriptors,1.62,1.4779999999999998
16251,random_iid,1000,rf_starter_descriptors,0.82,1.1343999999999996
16253,random_iid,1000,rf_starter_descriptors,2.14,1.4752000000000007
16262,random_iid,1000,rf_starter_descriptors,1.44,1.6684000000000003
16268,random_iid,1000,rf_starter_descriptors,0.32,1.0368000000000002
16269,random_iid,1000,rf_starter_descriptors,0.54,1.1184
16277,random_iid,1000,rf_starter_descriptors,1.98,1.6128000000000007
16279,random_iid,1000,rf_starter_descriptors,1.2,1.3755999999999995
16289,random_iid,1000,rf_starter_descriptors,2.08,2.2411999999999996
16296,random_iid,1000,rf_starter_descriptors,3.36,1.4100000000000006
16301,random_iid,1000,rf_starter_descriptors,1.08,1.3743999999999992
16325,random_iid,1000,rf_starter_descriptors,2.54,1.9351999999999996
16331,random_iid,1000,rf_starter_descriptors,1.92,1.0391999999999995
16337,random_iid,1000,rf_starter_descriptors,2.32,2.1863999999999995
16340,random_iid,1000,rf_starter_descriptors,1.8,1.4048000000000003
16343,random_iid,1000,rf_starter_descriptors,0.9,1.012
16344,random_iid,1000,rf_starter_descriptors,1.1,1.4600000000000002
16361,random_iid,1000,rf_starter_descriptors,2.7,1.7280000000000004
16382,random_iid,1000,rf_starter_descriptors,0.58,0.8308
16399,random_iid,1000,rf_starter_descriptors,2.2,2.222799999999999
16418,random_iid,1000,rf_starter_descriptors,2.78,2.772400000000001
16426,random_iid,1000,rf_starter_descriptors,2.04,1.5388000000000002
16427,random_iid,1000,rf_starter_descriptors,0.96,0.8199999999999998
16439,random_iid,1000,rf_starter_descriptors,1.76,1.3536
16441,random_iid,1000,rf_starter_descriptors,0.94,1.2768000000000002
16459,random_iid,1000,rf_starter_descriptors,1.36,1.1860000000000002
16467,random_iid,1000,rf_starter_descriptors,1.82,2.2799999999999994
16468,random_iid,1000,rf_starter_descriptors,0.98,1.5699999999999996
16510,random_iid,1000,rf_starter_descriptors,3.7,1.539599999999999
16541,random_iid,1000,rf_starter_descriptors,1.94,1.224
16545,random_iid,1000,rf_starter_descriptors,0.7,0.9444
16559,random_iid,1000,rf_starter_descriptors,1.4,1.4644000000000004
16566,random_iid,1000,rf_starter_descriptors,1.94,1.2804000000000004
16573,random_iid,1000,rf_starter_descriptors,0.98,1.5288000000000002
16574,random_iid,1000,rf_starter_descriptors,1.48,2.378400000000001
16581,random_iid,1000,rf_starter_descriptors,1.6,1.4860000000000009
16584,random_iid,1000,rf_starter_descriptors,0.72,1.2616
16588,random_iid,1000,rf_starter_descriptors,0.8,0.6792
16591,random_iid,1000,rf_starter_descriptors,1.38,1.4332
16598,random_iid,1000,rf_starter_descriptors,2.18,1.2947999999999995
16605,random_iid,1000,rf_starter_descriptors,1.22,0.9827999999999991
16611,random_iid,1000,rf_starter_descriptors,4.2,2.2587999999999986
16614,random_iid,1000,rf_starter_descriptors,1.62,1.2996
16628,random_iid,1000,rf_starter_descriptors,1.34,1.6643999999999999
16637,random_iid,1000,rf_starter_descriptors,1.48,1.1524000000000003
16638,random_iid,1000,rf_starter_descriptors,0.82,0.9216
16640,random_iid,1000,rf_starter_descriptors,3.98,1.7672000000000005
16641,random_iid,1000,rf_starter_descriptors,2.14,0.7631999999999999
16643,random_iid,1000,rf_starter_descriptors,1.14,1.0136000000000003
16656,random_iid,1000,rf_starter_descriptors,1.18,1.2763999999999993
16660,random_iid,1000,rf_starter_descriptors,1.74,2.0068
16668,random_iid,1000,rf_starter_descriptors,0.8,1.1384
16671,random_iid,1000,rf_starter_descriptors,2.68,2.2563999999999993
16679,random_iid,1000,rf_starter_descriptors,0.82,1.2904
16680,random_iid,1000,rf_starter_descriptors,2.36,2.115199999999999
16684,random_iid,1000,rf_starter_descriptors,1.32,1.8732
16727,random_iid,1000,rf_starter_descriptors,0.68,1.0208000000000004
16733,random_iid,1000,rf_starter_descriptors,1.78,1.75
16738,random_iid,1000,rf_starter_descriptors,0.92,0.9928000000000001
16742,random_iid,1000,rf_starter_descriptors,2.62,1.4608
16743,random_iid,1000,rf_starter_descriptors,0.84,1.2480000000000004
16746,random_iid,1000,rf_starter_descriptors,2.02,1.4624000000000001
16758,random_iid,1000,rf_starter_descriptors,1.34,0.9272000000000006
16761,random_iid,1000,rf_starter_descriptors,2.02,2.1136
16785,random_iid,1000,rf_starter_descriptors,0.82,1.208800000000001
16792,random_iid,1000,rf_starter_descriptors,1.18,1.7767999999999993
16796,random_iid,1000,rf_starter_descriptors,2.04,0.7724000000000001
16799,random_iid,1000,rf_starter_descriptors,0.6,1.3172
16808,random_iid,1000,rf_starter_descriptors,1.58,1.6184
16816,random_iid,1000,rf_starter_descriptors,1.4,1.2592
16820,random_iid,1000,rf_starter_descriptors,0.4,1.5475999999999999
16823,random_iid,1000,rf_starter_descriptors,1.94,1.4147999999999998
16854,random_iid,1000,rf_starter_descriptors,3.6,2.601599999999999
16861,random_iid,1000,rf_starter_descriptors,2.18,1.4867999999999997
16869,random_iid,1000,rf_starter_descriptors,0.84,1.5911999999999997
16870,random_iid,1000,rf_starter_descriptors,2.44,1.5160000000000005
16883,random_iid,1000,rf_starter_descriptors,1.0,1.0075999999999998
16916,random_iid,1000,rf_starter_descriptors,0.92,0.8812000000000002
16919,random_iid,1000,rf_starter_descriptors,1.0,0.7507999999999998
16927,random_iid,1000,rf_starter_descriptors,0.7,1.1311999999999995
16929,random_iid,1000,rf_starter_descriptors,1.3,1.3307999999999998
16949,random_iid,1000,rf_starter_descriptors,1.58,1.1275999999999997
16968,random_iid,1000,rf_starter_descriptors,1.24,1.6032000000000008
16970,random_iid,1000,rf_starter_descriptors,1.56,1.2908000000000002
16971,random_iid,1000,rf_starter_descriptors,1.66,1.5199999999999994
16972,random_iid,1000,rf_starter_descriptors,1.36,1.1516000000000002
16989,random_iid,1000,rf_starter_descriptors,3.24,1.9683999999999995
17011,random_iid,1000,rf_starter_descriptors,2.0,1.2824000000000007
17028,random_iid,1000,rf_starter_descriptors,1.0,1.3839999999999997
17034,random_iid,1000,rf_starter_descriptors,0.86,1.2476000000000003
17042,random_iid,1000,rf_starter_descriptors,2.54,1.3728
17060,random_iid,1000,rf_starter_descriptors,1.52,1.2707999999999995
17062,random_iid,1000,rf_starter_descriptors,1.88,1.5340000000000003
17104,random_iid,1000,rf_starter_descriptors,1.46,1.0619999999999998
17113,random_iid,1000,rf_starter_descriptors,2.3,1.9452000000000005
17121,random_iid,1000,rf_starter_descriptors,0.78,1.2668000000000001
17122,random_iid,1000,rf_starter_descriptors,1.74,2.2571999999999988
17132,random_iid,1000,rf_starter_descriptors,-0.04,1.4927999999999995
17149,random_iid,1000,rf_starter_descriptors,2.28,1.4308000000000005
17165,random_iid,1000,rf_starter_descriptors,1.8,1.9351999999999996
17169,random_iid,1000,rf_starter_descriptors,1.2,1.8135999999999999
17170,random_iid,1000,rf_starter_descriptors,1.38,1.7280000000000002
17171,random_iid,1000,rf_starter_descriptors,1.9,2.549200000000001
17186,random_iid,1000,rf_starter_descriptors,2.74,2.1756
17191,random_iid,1000,rf_starter_descriptors,0.92,1.3152000000000001
17194,random_iid,1000,rf_starter_descriptors,1.22,1.5851999999999997
17195,random_iid,1000,rf_starter_descriptors,2.9,1.5168000000000001
17201,random_iid,1000,rf_starter_descriptors,1.82,1.9555999999999998
17210,random_iid,1000,rf_starter_descriptors,2.22,1.626
17219,random_iid,1000,rf_starter_descriptors,0.26,0.9815999999999999
17244,random_iid,1000,rf_starter_descriptors,1.4,1.4035999999999993
17268,random_iid,1000,rf_starter_descriptors,1.16,1.09
17292,random_iid,1000,rf_starter_descriptors,1.0,1.3479999999999992
17344,random_iid,1000,rf_starter_descriptors,0.96,1.1896000000000004
17349,random_iid,1000,rf_starter_descriptors,1.28,1.2648000000000004
17362,random_iid,1000,rf_starter_descriptors,0.6,1.2884
17363,random_iid,1000,rf_starter_descriptors,1.74,1.1119999999999999
17379,random_iid,1000,rf_starter_descriptors,1.42,1.4364000000000003
17380,random_iid,1000,rf_starter_descriptors,1.78,1.5679999999999998
17385,random_iid,1000,rf_starter_descriptors,1.48,1.4128
17390,random_iid,1000,rf_starter_descriptors,0.52,1.4216000000000006
17414,random_iid,1000,rf_starter_descriptors,1.04,1.5023999999999995
17419,random_iid,1000,rf_starter_descriptors,1.8,1.294
17431,random_iid,1000,rf_starter_descriptors,1.02,1.1940000000000002
17451,random_iid,1000,rf_starter_descriptors,1.44,1.452
17452,random_iid,1000,rf_starter_descriptors,0.68,1.4871999999999996
17457,random_iid,1000,rf_starter_descriptors,2.08,1.5675999999999999
17463,random_iid,1000,rf_starter_descriptors,1.74,1.2364
17467,random_iid,1000,rf_starter_descriptors,1.06,1.797200000000001
17481,random_iid,1000,rf_starter_descriptors,0.96,1.136
17484,random_iid,1000,rf_starter_descriptors,1.04,0.9704000000000004
17488,random_iid,1000,rf_starter_descriptors,1.6,1.5260000000000002
17490,random_iid,1000,rf_starter_descriptors,1.2,3.1128000000000005
17493,random_iid,1000,rf_starter_descriptors,1.46,1.1196000000000004
17497,random_iid,1000,rf_starter_descriptors,2.46,1.1984
17511,random_iid,1000,rf_starter_descriptors,1.2,2.0228
17535,random_iid,1000,rf_starter_descriptors,1.98,1.5572
17536,random_iid,1000,rf_starter_descriptors,1.6,1.9183999999999997
17542,random_iid,1000,rf_starter_descriptors,2.02,1.4664000000000004
17544,random_iid,1000,rf_starter_descriptors,1.08,1.6740000000000004
17554,random_iid,1000,rf_starter_descriptors,1.8,0.8623999999999998
17560,random_iid,1000,rf_starter_descriptors,2.34,1.4023999999999999
17592,random_iid,1000,rf_starter_descriptors,1.44,0.7647999999999999
17596,random_iid,1000,rf_starter_descriptors,1.48,1.2564000000000006
17597,random_iid,1000,rf_starter_descriptors,1.0,1.1208000000000002
17598,random_iid,1000,rf_starter_descriptors,1.24,1.2080000000000006
17603,random_iid,1000,rf_starter_descriptors,0.94,1.4163999999999997
17608,random_iid,1000,rf_starter_descriptors,1.34,1.1455999999999993
17619,random_iid,1000,rf_starter_descriptors,1.62,0.9696000000000001
17621,random_iid,1000,rf_starter_descriptors,0.88,1.1456000000000004
17623,random_iid,1000,rf_starter_descriptors,1.08,1.2956
17628,random_iid,1000,rf_starter_descriptors,0.36,0.6856
17637,random_iid,1000,rf_starter_descriptors,1.74,1.1260000000000003
17642,random_iid,1000,rf_starter_descriptors,0.98,0.5304000000000001
17647,random_iid,1000,rf_starter_descriptors,0.18,1.4720000000000002
17658,random_iid,1000,rf_starter_descriptors,0.5,0.9315999999999999
17678,random_iid,1000,rf_starter_descriptors,0.8,0.9436000000000003
17703,random_iid,1000,rf_starter_descriptors,1.96,1.1132000000000004
17707,random_iid,1000,rf_starter_descriptors,0.88,1.6392000000000002
17729,random_iid,1000,rf_starter_descriptors,1.5,1.549599999999999
17731,random_iid,1000,rf_starter_descriptors,0.7,1.3388
17738,random_iid,1000,rf_starter_descriptors,1.22,1.2879999999999998
17761,random_iid,1000,rf_starter_descriptors,1.3,1.0744000000000005
17788,random_iid,1000,rf_starter_descriptors,2.54,1.4143999999999994
17789,random_iid,1000,rf_starter_descriptors,1.12,1.4084000000000003
17825,random_iid,1000,rf_starter_descriptors,1.32,1.612
17827,random_iid,1000,rf_starter_descriptors,1.44,1.1436
17847,random_iid,1000,rf_starter_descriptors,0.68,1.4368
17851,random_iid,1000,rf_starter_descriptors,0.98,1.1972000000000003
17864,random_iid,1000,rf_starter_descriptors,0.84,1.3456000000000004
17871,random_iid,1000,rf_starter_descriptors,1.3,1.3372000000000002
17885,random_iid,1000,rf_starter_descriptors,0.44,1.1596000000000002
17892,random_iid,1000,rf_starter_descriptors,1.36,1.4607999999999997
17898,random_iid,1000,rf_starter_descriptors,1.18,1.3519999999999999
17925,random_iid,1000,rf_starter_descriptors,2.02,1.6700000000000004
17926,random_iid,1000,rf_starter_descriptors,2.16,1.4756000000000002
17927,random_iid,1000,rf_starter_descriptors,1.02,1.4908
17932,random_iid,1000,rf_starter_descriptors,1.32,1.5768000000000004
17939,random_iid,1000,rf_starter_descriptors,1.8,1.8115999999999994
17950,random_iid,1000,rf_starter_descriptors,3.92,2.224799999999999
17970,random_iid,1000,rf_starter_descriptors,1.66,1.5532
17974,random_iid,1000,rf_starter_descriptors,1.18,1.4880000000000004
17989,random_iid,1000,rf_starter_descriptors,1.32,1.2380000000000002
18004,random_iid,1000,rf_starter_descriptors,1.1,1.3967999999999996
18022,random_iid,1000,rf_starter_descriptors,1.36,1.8992000000000002
18024,random_iid,1000,rf_starter_descriptors,2.88,1.5992000000000002
18043,random_iid,1000,rf_starter_descriptors,1.56,1.3128
18080,random_iid,1000,rf_starter_descriptors,1.3,1.1351999999999998
18113,random_iid,1000,rf_starter_descriptors,1.58,1.7576000000000003
18114,random_iid,1000,rf_starter_descriptors,0.58,1.4684000000000006
18123,random_iid,1000,rf_starter_descriptors,0.96,1.5368000000000004
18127,random_iid,1000,rf_starter_descriptors,0.72,0.6311999999999997
18128,random_iid,1000,rf_starter_descriptors,1.48,1.7612
18130,random_iid,1000,rf_starter_descriptors,1.2,1.1675999999999997
18145,random_iid,1000,rf_starter_descriptors,1.62,1.7351999999999996
18149,random_iid,1000,rf_starter_descriptors,0.72,1.2380000000000002
18171,random_iid,1000,rf_starter_descriptors,2.16,2.1235999999999997
18191,random_iid,1000,rf_starter_descriptors,0.76,1.3252000000000002
18208,random_iid,1000,rf_starter_descriptors,1.66,1.3728000000000002
18217,random_iid,1000,rf_starter_descriptors,1.4,1.2428000000000003
18226,random_iid,1000,rf_starter_descriptors,0.76,2.3663999999999996
18229,random_iid,1000,rf_starter_descriptors,1.1,0.8948000000000002
18230,random_iid,1000,rf_starter_descriptors,0.58,1.2244
18234,random_iid,1000,rf_starter_descriptors,0.68,1.2380000000000002
18251,random_iid,1000,rf_starter_descriptors,0.42,1.1208000000000002
18253,random_iid,1000,rf_starter_descriptors,1.7,1.2144
18255,random_iid,1000,rf_starter_descriptors,1.58,1.4339999999999997
18275,random_iid,1000,rf_starter_descriptors,0.32,1.4059999999999995
18280,random_iid,1000,rf_starter_descriptors,0.68,1.0368000000000004
18282,random_iid,1000,rf_starter_descriptors,0.78,1.1936000000000002
18289,random_iid,1000,rf_starter_descriptors,1.62,2.371199999999998
18291,random_iid,1000,rf_starter_descriptors,1.14,1.4704
18295,random_iid,1000,rf_starter_descriptors,1.64,1.1663999999999999
18328,random_iid,1000,rf_starter_descriptors,1.56,1.6979999999999997
18337,random_iid,1000,rf_starter_descriptors,0.38,1.5480000000000005
18344,random_iid,1000,rf_starter_descriptors,1.04,1.1391999999999998
18345,random_iid,1000,rf_starter_descriptors,1.16,0.9888000000000002
18350,random_iid,1000,rf_starter_descriptors,2.06,3.0872
18356,random_iid,1000,rf_starter_descriptors,1.92,2.1883999999999997
18362,random_iid,1000,rf_starter_descriptors,0.72,1.1144
18364,random_iid,1000,rf_starter_descriptors,1.68,2.4688000000000003
18370,random_iid,1000,rf_starter_descriptors,1.24,1.1004000000000003
18376,random_iid,1000,rf_starter_descriptors,1.1,0.8488
18378,random_iid,1000,rf_starter_descriptors,1.98,2.443599999999999
18386,random_iid,1000,rf_starter_descriptors,0.28,1.278
18397,random_iid,1000,rf_starter_descriptors,3.12,1.796
18423,random_iid,1000,rf_starter_descriptors,0.8,0.9371999999999996
18432,random_iid,1000,rf_starter_descriptors,0.98,1.4208
18433,random_iid,1000,rf_starter_descriptors,1.22,2.084
18437,random_iid,1000,rf_starter_descriptors,0.66,1.3304000000000002
18439,random_iid,1000,rf_starter_descriptors,2.42,2.2784000000000004
18457,random_iid,1000,rf_starter_descriptors,2.48,2.7884
18478,random_iid,1000,rf_starter_descriptors,0.32,1.1391999999999998
18492,random_iid,1000,rf_starter_descriptors,1.18,1.3964000000000005
18504,random_iid,1000,rf_starter_descriptors,1.52,1.2824000000000007
18513,random_iid,1000,rf_starter_descriptors,1.04,0.8107999999999999
18518,random_iid,1000,rf_starter_descriptors,0.38,1.2807999999999995
18520,random_iid,1000,rf_starter_descriptors,0.66,0.8700000000000003
18523,random_iid,1000,rf_starter_descriptors,0.92,0.6919999999999997
18533,random_iid,1000,rf_starter_descriptors,1.12,1.4539999999999993
18546,random_iid,1000,rf_starter_descriptors,1.7,1.3543999999999996
18554,random_iid,1000,rf_starter_descriptors,2.28,1.8783999999999998
18566,random_iid,1000,rf_starter_descriptors,2.24,1.8931999999999995
18579,random_iid,1000,rf_starter_descriptors,1.18,1.3419999999999999
18595,random_iid,1000,rf_starter_descriptors,0.64,1.1440000000000006
18596,random_iid,1000,rf_starter_descriptors,1.4,1.104
18605,random_iid,1000,rf_starter_descriptors,1.18,1.0699999999999998
18608,random_iid,1000,rf_starter_descriptors,0.66,1.2199999999999995
18610,random_iid,1000,rf_starter_descriptors,1.46,1.7088000000000003
18629,random_iid,1000,rf_starter_descriptors,0.9,1.3923999999999999
18655,random_iid,1000,rf_starter_descriptors,1.88,1.1148000000000002
18658,random_iid,1000,rf_starter_descriptors,2.08,1.7344000000000006
18665,random_iid,1000,rf_starter_descriptors,1.48,0.8407999999999999
18673,random_iid,1000,rf_starter_descriptors,2.62,2.3156000000000003
18676,random_iid,1000,rf_starter_descriptors,1.12,2.0207999999999986
18679,random_iid,1000,rf_starter_descriptors,2.14,1.5028
18680,random_iid,1000,rf_starter_descriptors,1.02,1.0919999999999996
18693,random_iid,1000,rf_starter_descriptors,1.4,1.0819999999999994
18694,random_iid,1000,rf_starter_descriptors,1.0,1.7896
18717,random_iid,1000,rf_starter_descriptors,0.18,1.5723999999999998
18726,random_iid,1000,rf_starter_descriptors,1.12,1.3031999999999997
18743,random_iid,1000,rf_starter_descriptors,2.14,1.7147999999999997
18752,random_iid,1000,rf_starter_descriptors,0.48,1.348
18755,random_iid,1000,rf_starter_descriptors,0.98,1.5144
18758,random_iid,1000,rf_starter_descriptors,1.46,1.6876000000000002
18763,random_iid,1000,rf_starter_descriptors,1.46,1.4123999999999994
18766,random_iid,1000,rf_starter_descriptors,0.98,1.2296
18775,random_iid,1000,rf_starter_descriptors,3.36,1.8232
18776,random_iid,1000,rf_starter_descriptors,2.0,1.3500000000000003
18781,random_iid,1000,rf_starter_descriptors,2.4,1.7428000000000006
18786,random_iid,1000,rf_starter_descriptors,1.66,1.7832
18794,random_iid,1000,rf_starter_descriptors,1.98,1.2140000000000004
18800,random_iid,1000,rf_starter_descriptors,1.94,1.6880000000000002
18810,random_iid,1000,rf_starter_descriptors,1.38,1.8395999999999992
18818,random_iid,1000,rf_starter_descriptors,1.1,1.1472000000000002
18819,random_iid,1000,rf_starter_descriptors,1.46,1.7128000000000005
18850,random_iid,1000,rf_starter_descriptors,1.84,1.7180000000000009
18858,random_iid,1000,rf_starter_descriptors,0.8,1.1671999999999998
18885,random_iid,1000,rf_starter_descriptors,0.7,1.8600000000000003
18902,random_iid,1000,rf_starter_descriptors,2.78,1.6632
18904,random_iid,1000,rf_starter_descriptors,2.36,1.3179999999999998
18924,random_iid,1000,rf_starter_descriptors,2.12,1.7388000000000003
18926,random_iid,1000,rf_starter_descriptors,2.48,1.8799999999999994
