sample_id,split,split_strategy
0,train,element_set
2,train,element_set
3,train,element_set
5,train,element_set
6,train,element_set
7,train,element_set
8,train,element_set
9,train,element_set
10,train,element_set
11,train,element_set
12,train,element_set
13,train,element_set
14,train,element_set
15,train,element_set
16,train,element_set
17,train,element_set
18,train,element_set
19,train,element_set
20,train,element_set
21,train,element_set
22,train,element_set
23,train,element_set
24,train,element_set
25,train,element_set
29,train,element_set
30,train,element_set
31,train,element_set
32,train,element_set
33,train,element_set
35,train,element_set
38,train,element_set
39,train,element_set
42,train,element_set
45,train,element_set
46,train,element_set
47,train,element_set
48,train,element_set
49,train,element_set
50,train,element_set
51,train,element_set
52,train,element_set
53,train,element_set
54,train,element_set
56,train,element_set
57,train,element_set
58,train,element_set
59,train,element_set
60,train,element_set
61,train,element_set
63,train,element_set
64,train,element_set
65,train,element_set
66,train,element_set
67,train,element_set
68,train,element_set
70,train,element_set
71,train,element_set
72,train,element_set
74,train,element_set
75,train,element_set
76,train,element_set
77,train,element_set
78,train,element_set
79,train,element_set
80,train,element_set
81,train,element_set
82,train,element_set
83,train,element_set
84,train,element_set
85,train,element_set
86,train,element_set
87,train,element_set
88,train,element_set
90,train,element_set
91,train,element_set
93,train,element_set
94,train,element_set
95,train,element_set
96,train,element_set
97,train,element_set
98,train,element_set
99,train,element_set
100,train,element_set
101,train,element_set
102,train,element_set
103,train,element_set
104,train,element_set
105,train,element_set
106,train,element_set
107,train,element_set
108,train,element_set
109,train,element_set
110,train,element_set
111,train,element_set
112,train,element_set
113,train,element_set
115,train,element_set
116,train,element_set
117,train,element_set
118,train,element_set
119,train,element_set
120,train,element_set
121,train,element_set
122,train,element_set
123,train,element_set
124,train,element_set
125,train,element_set
126,train,element_set
128,train,element_set
129,train,element_set
130,train,element_set
132,train,element_set
134,train,element_set
135,train,element_set
136,train,element_set
137,train,element_set
138,train,element_set
139,train,element_set
140,train,element_set
141,train,element_set
142,train,element_set
143,train,element_set
144,train,element_set
145,train,element_set
146,train,element_set
147,train,element_set
149,train,element_set
150,train,element_set
151,train,element_set
152,train,element_set
153,train,element_set
154,train,element_set
155,train,element_set
156,train,element_set
157,train,element_set
158,train,element_set
159,train,element_set
160,train,element_set
162,train,element_set
164,train,element_set
165,train,element_set
166,train,element_set
167,train,element_set
168,train,element_set
169,train,element_set
170,train,element_set
172,train,element_set
173,train,element_set
174,train,element_set
175,train,element_set
177,train,element_set
178,train,element_set
179,train,element_set
180,train,element_set
181,train,element_set
182,train,element_set
183,train,element_set
184,train,element_set
185,train,element_set
186,train,element_set
187,train,element_set
189,train,element_set
190,train,element_set
191,train,element_set
193,train,element_set
194,train,element_set
195,train,element_set
196,train,element_set
197,train,element_set
198,train,element_set
199,train,element_set
200,train,element_set
201,train,element_set
202,train,element_set
203,train,element_set
204,train,element_set
205,train,element_set
206,train,element_set
207,train,element_set
209,train,element_set
211,train,element_set
212,train,element_set
214,train,element_set
215,train,element_set
217,train,element_set
218,train,element_set
219,train,element_set
220,train,element_set
221,train,element_set
222,train,element_set
223,train,element_set
224,train,element_set
225,train,element_set
227,train,element_set
228,train,element_set
229,train,element_set
231,train,element_set
232,train,element_set
234,train,element_set
235,train,element_set
236,train,element_set
238,train,element_set
239,train,element_set
241,train,element_set
243,train,element_set
244,train,element_set
245,train,element_set
246,train,element_set
247,train,element_set
248,train,element_set
249,train,element_set
250,train,element_set
251,train,element_set
252,train,element_set
253,train,element_set
255,train,element_set
256,train,element_set
257,train,element_set
259,train,element_set
260,train,element_set
261,train,element_set
262,train,element_set
264,train,element_set
265,train,element_set
266,train,element_set
267,train,element_set
268,train,element_set
269,train,element_set
270,train,element_set
271,train,element_set
273,train,element_set
274,train,element_set
276,train,element_set
277,train,element_set
279,train,element_set
280,train,element_set
282,train,element_set
284,train,element_set
286,train,element_set
288,train,element_set
289,train,element_set
290,train,element_set
291,train,element_set
292,train,element_set
294,train,element_set
295,train,element_set
296,train,element_set
297,train,element_set
298,train,element_set
299,train,element_set
300,train,element_set
304,train,element_set
305,train,element_set
306,train,element_set
307,train,element_set
308,train,element_set
310,train,element_set
311,train,element_set
312,train,element_set
313,train,element_set
314,train,element_set
316,train,element_set
318,train,element_set
319,train,element_set
320,train,element_set
322,train,element_set
323,train,element_set
325,train,element_set
326,train,element_set
327,train,element_set
328,train,element_set
329,train,element_set
330,train,element_set
331,train,element_set
332,train,element_set
333,train,element_set
335,train,element_set
337,train,element_set
339,train,element_set
340,train,element_set
342,train,element_set
343,train,element_set
344,train,element_set
346,train,element_set
347,train,element_set
348,train,element_set
349,train,element_set
350,train,element_set
351,train,element_set
352,train,element_set
354,train,element_set
355,train,element_set
356,train,element_set
357,train,element_set
359,train,element_set
361,train,element_set
362,train,element_set
363,train,element_set
364,train,element_set
366,train,element_set
368,train,element_set
369,train,element_set
370,train,element_set
372,train,element_set
373,train,element_set
374,train,element_set
375,train,element_set
376,train,element_set
377,train,element_set
378,train,element_set
379,train,element_set
380,train,element_set
382,train,element_set
383,train,element_set
384,train,element_set
386,train,element_set
387,train,element_set
388,train,element_set
389,train,element_set
390,train,element_set
391,train,element_set
392,train,element_set
393,train,element_set
394,train,element_set
395,train,element_set
396,train,element_set
397,train,element_set
398,train,element_set
399,train,element_set
400,train,element_set
401,train,element_set
402,train,element_set
403,train,element_set
404,train,element_set
405,train,element_set
406,train,element_set
407,train,element_set
408,train,element_set
409,train,element_set
410,train,element_set
412,train,element_set
413,train,element_set
414,train,element_set
415,train,element_set
416,train,element_set
417,train,element_set
418,train,element_set
419,train,element_set
420,train,element_set
422,train,element_set
423,train,element_set
425,train,element_set
428,train,element_set
429,train,element_set
430,train,element_set
431,train,element_set
432,train,element_set
433,train,element_set
434,train,element_set
435,train,element_set
436,train,element_set
438,train,element_set
439,train,element_set
440,train,element_set
442,train,element_set
443,train,element_set
444,train,element_set
445,train,element_set
446,train,element_set
448,train,element_set
450,train,element_set
451,train,element_set
452,train,element_set
453,train,element_set
454,train,element_set
455,train,element_set
456,train,element_set
457,train,element_set
459,train,element_set
460,train,element_set
461,train,element_set
463,train,element_set
465,train,element_set
467,train,element_set
470,train,element_set
471,train,element_set
472,train,element_set
473,train,element_set
474,train,element_set
475,train,element_set
476,train,element_set
477,train,element_set
478,train,element_set
479,train,element_set
480,train,element_set
481,train,element_set
482,train,element_set
483,train,element_set
484,train,element_set
487,train,element_set
488,train,element_set
489,train,element_set
490,train,element_set
491,train,element_set
492,train,element_set
493,train,element_set
494,train,element_set
495,train,element_set
496,train,element_set
497,train,element_set
498,train,element_set
499,train,element_set
500,train,element_set
501,train,element_set
502,train,element_set
504,train,element_set
505,train,element_set
506,train,element_set
507,train,element_set
508,train,element_set
509,train,element_set
510,train,element_set
511,train,element_set
515,train,element_set
516,train,element_set
517,train,element_set
518,train,element_set
519,train,element_set
520,train,element_set
521,train,element_set
523,train,element_set
524,train,element_set
525,train,element_set
526,train,element_set
530,train,element_set
531,train,element_set
532,train,element_set
533,train,element_set
534,train,element_set
535,train,element_set
536,train,element_set
538,train,element_set
540,train,element_set
542,train,element_set
543,train,element_set
544,train,element_set
545,train,element_set
547,train,element_set
548,train,element_set
549,train,element_set
550,train,element_set
552,train,element_set
553,train,element_set
554,train,element_set
555,train,element_set
556,train,element_set
557,train,element_set
558,train,element_set
559,train,element_set
561,train,element_set
562,train,element_set
563,train,element_set
564,train,element_set
565,train,element_set
566,train,element_set
567,train,element_set
568,train,element_set
569,train,element_set
570,train,element_set
571,train,element_set
572,train,element_set
573,train,element_set
574,train,element_set
575,train,element_set
576,train,element_set
577,train,element_set
579,train,element_set
580,train,element_set
581,train,element_set
582,train,element_set
584,train,element_set
585,train,element_set
586,train,element_set
587,train,element_set
588,train,element_set
589,train,element_set
591,train,element_set
594,train,element_set
596,train,element_set
600,train,element_set
602,train,element_set
603,train,element_set
604,train,element_set
605,train,element_set
606,train,element_set
607,train,element_set
608,train,element_set
611,train,element_set
613,train,element_set
614,train,element_set
615,train,element_set
616,train,element_set
617,train,element_set
619,train,element_set
620,train,element_set
622,train,element_set
623,train,element_set
624,train,element_set
625,train,element_set
626,train,element_set
628,train,element_set
629,train,element_set
632,train,element_set
633,train,element_set
634,train,element_set
636,train,element_set
637,train,element_set
638,train,element_set
640,train,element_set
642,train,element_set
643,train,element_set
644,train,element_set
645,train,element_set
648,train,element_set
649,train,element_set
651,train,element_set
652,train,element_set
653,train,element_set
654,train,element_set
655,train,element_set
656,train,element_set
658,train,element_set
660,train,element_set
662,train,element_set
663,train,element_set
664,train,element_set
665,train,element_set
666,train,element_set
668,train,element_set
669,train,element_set
670,train,element_set
671,train,element_set
672,train,element_set
673,train,element_set
674,train,element_set
675,train,element_set
676,train,element_set
677,train,element_set
678,train,element_set
679,train,element_set
680,train,element_set
681,train,element_set
684,train,element_set
685,train,element_set
686,train,element_set
687,train,element_set
688,train,element_set
690,train,element_set
691,train,element_set
692,train,element_set
696,train,element_set
697,train,element_set
698,train,element_set
699,train,element_set
700,train,element_set
701,train,element_set
703,train,element_set
704,train,element_set
705,train,element_set
706,train,element_set
707,train,element_set
708,train,element_set
709,train,element_set
711,train,element_set
712,train,element_set
713,train,element_set
714,train,element_set
715,train,element_set
716,train,element_set
717,train,element_set
718,train,element_set
720,train,element_set
722,train,element_set
723,train,element_set
724,train,element_set
725,train,element_set
726,train,element_set
727,train,element_set
728,train,element_set
729,train,element_set
730,train,element_set
732,train,element_set
733,train,element_set
736,train,element_set
737,train,element_set
738,train,element_set
739,train,element_set
740,train,element_set
741,train,element_set
742,train,element_set
744,train,element_set
745,train,element_set
746,train,element_set
748,train,element_set
749,train,element_set
750,train,element_set
751,train,element_set
752,train,element_set
753,train,element_set
754,train,element_set
755,train,element_set
758,train,element_set
760,train,element_set
761,train,element_set
762,train,element_set
763,train,element_set
764,train,element_set
765,train,element_set
766,train,element_set
767,train,element_set
769,train,element_set
772,train,element_set
773,train,element_set
774,train,element_set
775,train,element_set
777,train,element_set
778,train,element_set
779,train,element_set
780,train,element_set
782,train,element_set
783,train,element_set
784,train,element_set
785,train,element_set
786,train,element_set
787,train,element_set
788,train,element_set
789,train,element_set
790,train,element_set
792,train,element_set
793,train,element_set
794,train,element_set
795,train,element_set
797,train,element_set
799,train,element_set
800,train,element_set
801,train,element_set
803,train,element_set
804,train,element_set
805,train,element_set
806,train,element_set
807,train,element_set
808,train,element_set
809,train,element_set
810,train,element_set
812,train,element_set
814,train,element_set
815,train,element_set
816,train,element_set
817,train,element_set
818,train,element_set
819,train,element_set
820,train,element_set
822,train,element_set
823,train,element_set
824,train,element_set
825,train,element_set
826,train,element_set
827,train,element_set
828,train,element_set
829,train,element_set
830,train,element_set
832,train,element_set
833,train,element_set
834,train,element_set
838,train,element_set
839,train,element_set
840,train,element_set
841,train,element_set
842,train,element_set
843,train,element_set
844,train,element_set
845,train,element_set
846,train,element_set
848,train,element_set
849,train,element_set
850,train,element_set
851,train,element_set
852,train,element_set
854,train,element_set
855,train,element_set
857,train,element_set
858,train,element_set
859,train,element_set
861,train,element_set
862,train,element_set
863,train,element_set
864,train,element_set
865,train,element_set
866,train,element_set
867,train,element_set
868,train,element_set
870,train,element_set
871,train,element_set
872,train,element_set
873,train,element_set
874,train,element_set
875,train,element_set
876,train,element_set
877,train,element_set
878,train,element_set
879,train,element_set
880,train,element_set
882,train,element_set
883,train,element_set
884,train,element_set
885,train,element_set
886,train,element_set
887,train,element_set
888,train,element_set
889,train,element_set
890,train,element_set
892,train,element_set
893,train,element_set
894,train,element_set
895,train,element_set
896,train,element_set
897,train,element_set
898,train,element_set
899,train,element_set
900,train,element_set
901,train,element_set
902,train,element_set
903,train,element_set
904,train,element_set
905,train,element_set
906,train,element_set
908,train,element_set
909,train,element_set
910,train,element_set
911,train,element_set
912,train,element_set
913,train,element_set
914,train,element_set
916,train,element_set
917,train,element_set
918,train,element_set
919,train,element_set
920,train,element_set
921,train,element_set
922,train,element_set
923,train,element_set
924,train,element_set
926,train,element_set
927,train,element_set
928,train,element_set
930,train,element_set
931,train,element_set
932,train,element_set
933,train,element_set
934,train,element_set
935,train,element_set
936,train,element_set
937,train,element_set
938,train,element_set
939,train,element_set
940,train,element_set
941,train,element_set
943,train,element_set
944,train,element_set
946,train,element_set
947,train,element_set
948,train,element_set
949,train,element_set
954,train,element_set
955,train,element_set
957,train,element_set
958,train,element_set
961,train,element_set
962,train,element_set
963,train,element_set
965,train,element_set
966,train,element_set
967,train,element_set
968,train,element_set
969,train,element_set
971,train,element_set
972,train,element_set
974,train,element_set
975,train,element_set
976,train,element_set
977,train,element_set
978,train,element_set
979,train,element_set
981,train,element_set
982,train,element_set
983,train,element_set
984,train,element_set
985,train,element_set
986,train,element_set
987,train,element_set
988,train,element_set
991,train,element_set
992,train,element_set
993,train,element_set
996,train,element_set
997,train,element_set
998,train,element_set
999,train,element_set
1000,train,element_set
1001,train,element_set
1002,train,element_set
1003,train,element_set
1004,train,element_set
1005,train,element_set
1006,train,element_set
1008,train,element_set
1010,train,element_set
1012,train,element_set
1013,train,element_set
1015,train,element_set
1016,train,element_set
1018,train,element_set
1019,train,element_set
1020,train,element_set
1021,train,element_set
1023,train,element_set
1025,train,element_set
1026,train,element_set
1027,train,element_set
1028,train,element_set
1029,train,element_set
1030,train,element_set
1031,train,element_set
1032,train,element_set
1033,train,element_set
1035,train,element_set
1036,train,element_set
1037,train,element_set
1038,train,element_set
1039,train,element_set
1040,train,element_set
1041,train,element_set
1042,train,element_set
1043,train,element_set
1044,train,element_set
1045,train,element_set
1048,train,element_set
1049,train,element_set
1050,train,element_set
1051,train,element_set
1052,train,element_set
1053,train,element_set
1054,train,element_set
1055,train,element_set
1056,train,element_set
1057,train,element_set
1058,train,element_set
1059,train,element_set
1060,train,element_set
1061,train,element_set
1062,train,element_set
1063,train,element_set
1064,train,element_set
1065,train,element_set
1066,train,element_set
1067,train,element_set
1068,train,element_set
1069,train,element_set
1070,train,element_set
1073,train,element_set
1074,train,element_set
1075,train,element_set
1076,train,element_set
1077,train,element_set
1078,train,element_set
1081,train,element_set
1083,train,element_set
1084,train,element_set
1085,train,element_set
1086,train,element_set
1087,train,element_set
1088,train,element_set
1090,train,element_set
1091,train,element_set
1092,train,element_set
1093,train,element_set
1094,train,element_set
1095,train,element_set
1096,train,element_set
1098,train,element_set
1100,train,element_set
1101,train,element_set
1102,train,element_set
1103,train,element_set
1107,train,element_set
1108,train,element_set
1110,train,element_set
1111,train,element_set
1112,train,element_set
1113,train,element_set
1114,train,element_set
1115,train,element_set
1116,train,element_set
1117,train,element_set
1119,train,element_set
1120,train,element_set
1122,train,element_set
1123,train,element_set
1125,train,element_set
1126,train,element_set
1127,train,element_set
1129,train,element_set
1130,train,element_set
1131,train,element_set
1132,train,element_set
1133,train,element_set
1134,train,element_set
1135,train,element_set
1136,train,element_set
1137,train,element_set
1138,train,element_set
1139,train,element_set
1140,train,element_set
1141,train,element_set
1142,train,element_set
1144,train,element_set
1145,train,element_set
1146,train,element_set
1147,train,element_set
1148,train,element_set
1151,train,element_set
1152,train,element_set
1153,train,element_set
1154,train,element_set
1155,train,element_set
1156,train,element_set
1157,train,element_set
1158,train,element_set
1159,train,element_set
1160,train,element_set
1161,train,element_set
1162,train,element_set
1163,train,element_set
1164,train,element_set
1165,train,element_set
1167,train,element_set
1168,train,element_set
1169,train,element_set
1171,train,element_set
1173,train,element_set
1174,train,element_set
1175,train,element_set
1176,train,element_set
1177,train,element_set
1179,train,element_set
1180,train,element_set
1181,train,element_set
1182,train,element_set
1183,train,element_set
1184,train,element_set
1186,train,element_set
1187,train,element_set
1189,train,element_set
1191,train,element_set
1193,train,element_set
1194,train,element_set
1195,train,element_set
1196,train,element_set
1197,train,element_set
1198,train,element_set
1199,train,element_set
1200,train,element_set
1201,train,element_set
1202,train,element_set
1204,train,element_set
1205,train,element_set
1206,train,element_set
1207,train,element_set
1208,train,element_set
1210,train,element_set
1213,train,element_set
1214,train,element_set
1215,train,element_set
1216,train,element_set
1218,train,element_set
1219,train,element_set
1221,train,element_set
1223,train,element_set
1224,train,element_set
1225,train,element_set
1226,train,element_set
1227,train,element_set
1228,train,element_set
1229,train,element_set
1231,train,element_set
1232,train,element_set
1233,train,element_set
1234,train,element_set
1235,train,element_set
1236,train,element_set
1237,train,element_set
1238,train,element_set
1239,train,element_set
1241,train,element_set
1242,train,element_set
1245,train,element_set
1246,train,element_set
1247,train,element_set
1249,train,element_set
1250,train,element_set
1252,train,element_set
1256,train,element_set
1258,train,element_set
1260,train,element_set
1261,train,element_set
1263,train,element_set
1264,train,element_set
1265,train,element_set
1266,train,element_set
1267,train,element_set
1268,train,element_set
1269,train,element_set
1270,train,element_set
1271,train,element_set
1272,train,element_set
1273,train,element_set
1274,train,element_set
1275,train,element_set
1276,train,element_set
1277,train,element_set
1278,train,element_set
1279,train,element_set
1280,train,element_set
1281,train,element_set
1284,train,element_set
1285,train,element_set
1286,train,element_set
1287,train,element_set
1288,train,element_set
1289,train,element_set
1290,train,element_set
1291,train,element_set
1292,train,element_set
1293,train,element_set
1294,train,element_set
1295,train,element_set
1297,train,element_set
1298,train,element_set
1300,train,element_set
1301,train,element_set
1303,train,element_set
1304,train,element_set
1305,train,element_set
1306,train,element_set
1307,train,element_set
1308,train,element_set
1309,train,element_set
1311,train,element_set
1312,train,element_set
1313,train,element_set
1314,train,element_set
1315,train,element_set
1316,train,element_set
1317,train,element_set
1318,train,element_set
1319,train,element_set
1320,train,element_set
1321,train,element_set
1322,train,element_set
1323,train,element_set
1324,train,element_set
1326,train,element_set
1327,train,element_set
1329,train,element_set
1330,train,element_set
1331,train,element_set
1332,train,element_set
1333,train,element_set
1334,train,element_set
1335,train,element_set
1336,train,element_set
1339,train,element_set
1340,train,element_set
1341,train,element_set
1342,train,element_set
1343,train,element_set
1344,train,element_set
1345,train,element_set
1346,train,element_set
1347,train,element_set
1348,train,element_set
1350,train,element_set
1351,train,element_set
1352,train,element_set
1353,train,element_set
1354,train,element_set
1356,train,element_set
1357,train,element_set
1358,train,element_set
1359,train,element_set
1360,train,element_set
1361,train,element_set
1362,train,element_set
1364,train,element_set
1365,train,element_set
1366,train,element_set
1368,train,element_set
1370,train,element_set
1371,train,element_set
1372,train,element_set
1373,train,element_set
1376,train,element_set
1377,train,element_set
1378,train,element_set
1379,train,element_set
1380,train,element_set
1381,train,element_set
1382,train,element_set
1384,train,element_set
1385,train,element_set
1386,train,element_set
1387,train,element_set
1389,train,element_set
1390,train,element_set
1392,train,element_set
1393,train,element_set
1394,train,element_set
1395,train,element_set
1396,train,element_set
1397,train,element_set
1399,train,element_set
1400,train,element_set
1401,train,element_set
1402,train,element_set
1403,train,element_set
1404,train,element_set
1405,train,element_set
1406,train,element_set
1407,train,element_set
1408,train,element_set
1409,train,element_set
1410,train,element_set
1411,train,element_set
1412,train,element_set
1413,train,element_set
1414,train,element_set
1415,train,element_set
1416,train,element_set
1417,train,element_set
1418,train,element_set
1420,train,element_set
1421,train,element_set
1423,train,element_set
1425,train,element_set
1426,train,element_set
1427,train,element_set
1428,train,element_set
1430,train,element_set
1431,train,element_set
1432,train,element_set
1434,train,element_set
1436,train,element_set
1437,train,element_set
1438,train,element_set
1439,train,element_set
1440,train,element_set
1441,train,element_set
1442,train,element_set
1443,train,element_set
1444,train,element_set
1446,train,element_set
1447,train,element_set
1448,train,element_set
1450,train,element_set
1451,train,element_set
1452,train,element_set
1453,train,element_set
1454,train,element_set
1455,train,element_set
1456,train,element_set
1457,train,element_set
1458,train,element_set
1459,train,element_set
1460,train,element_set
1461,train,element_set
1462,train,element_set
1463,train,element_set
1464,train,element_set
1465,train,element_set
1466,train,element_set
1468,train,element_set
1469,train,element_set
1471,train,element_set
1472,train,element_set
1473,train,element_set
1474,train,element_set
1476,train,element_set
1477,train,element_set
1479,train,element_set
1480,train,element_set
1481,train,element_set
1482,train,element_set
1483,train,element_set
1484,train,element_set
1486,train,element_set
1488,train,element_set
1489,train,element_set
1490,train,element_set
1491,train,element_set
1492,train,element_set
1493,train,element_set
1494,train,element_set
1495,train,element_set
1498,train,element_set
1499,train,element_set
1500,train,element_set
1502,train,element_set
1504,train,element_set
1505,train,element_set
1506,train,element_set
1507,train,element_set
1508,train,element_set
1509,train,element_set
1510,train,element_set
1511,train,element_set
1512,train,element_set
1513,train,element_set
1514,train,element_set
1515,train,element_set
1516,train,element_set
1517,train,element_set
1518,train,element_set
1519,train,element_set
1520,train,element_set
1521,train,element_set
1522,train,element_set
1523,train,element_set
1525,train,element_set
1526,train,element_set
1527,train,element_set
1528,train,element_set
1529,train,element_set
1531,train,element_set
1532,train,element_set
1533,train,element_set
1534,train,element_set
1535,train,element_set
1536,train,element_set
1537,train,element_set
1538,train,element_set
1539,train,element_set
1541,train,element_set
1543,train,element_set
1545,train,element_set
1546,train,element_set
1548,train,element_set
1549,train,element_set
1550,train,element_set
1551,train,element_set
1552,train,element_set
1554,train,element_set
1555,train,element_set
1556,train,element_set
1557,train,element_set
1559,train,element_set
1560,train,element_set
1561,train,element_set
1562,train,element_set
1563,train,element_set
1564,train,element_set
1566,train,element_set
1567,train,element_set
1568,train,element_set
1569,train,element_set
1570,train,element_set
1572,train,element_set
1573,train,element_set
1575,train,element_set
1576,train,element_set
1578,train,element_set
1580,train,element_set
1581,train,element_set
1582,train,element_set
1583,train,element_set
1584,train,element_set
1586,train,element_set
1587,train,element_set
1589,train,element_set
1590,train,element_set
1591,train,element_set
1592,train,element_set
1594,train,element_set
1596,train,element_set
1597,train,element_set
1598,train,element_set
1599,train,element_set
1600,train,element_set
1601,train,element_set
1603,train,element_set
1604,train,element_set
1606,train,element_set
1607,train,element_set
1608,train,element_set
1609,train,element_set
1610,train,element_set
1611,train,element_set
1612,train,element_set
1613,train,element_set
1614,train,element_set
1615,train,element_set
1617,train,element_set
1618,train,element_set
1619,train,element_set
1621,train,element_set
1622,train,element_set
1623,train,element_set
1624,train,element_set
1626,train,element_set
1627,train,element_set
1628,train,element_set
1629,train,element_set
1630,train,element_set
1631,train,element_set
1633,train,element_set
1636,train,element_set
1637,train,element_set
1639,train,element_set
1640,train,element_set
1641,train,element_set
1642,train,element_set
1644,train,element_set
1645,train,element_set
1646,train,element_set
1647,train,element_set
1648,train,element_set
1649,train,element_set
1650,train,element_set
1651,train,element_set
1652,train,element_set
1653,train,element_set
1655,train,element_set
1656,train,element_set
1657,train,element_set
1658,train,element_set
1659,train,element_set
1660,train,element_set
1661,train,element_set
1662,train,element_set
1664,train,element_set
1665,train,element_set
1666,train,element_set
1667,train,element_set
1668,train,element_set
1669,train,element_set
1672,train,element_set
1673,train,element_set
1674,train,element_set
1675,train,element_set
1676,train,element_set
1677,train,element_set
1678,train,element_set
1680,train,element_set
1681,train,element_set
1682,train,element_set
1683,train,element_set
1684,train,element_set
1686,train,element_set
1687,train,element_set
1689,train,element_set
1690,train,element_set
1691,train,element_set
1693,train,element_set
1694,train,element_set
1696,train,element_set
1697,train,element_set
1698,train,element_set
1699,train,element_set
1700,train,element_set
1701,train,element_set
1702,train,element_set
1703,train,element_set
1704,train,element_set
1706,train,element_set
1707,train,element_set
1708,train,element_set
1709,train,element_set
1710,train,element_set
1711,train,element_set
1712,train,element_set
1714,train,element_set
1715,train,element_set
1716,train,element_set
1717,train,element_set
1718,train,element_set
1719,train,element_set
1720,train,element_set
1723,train,element_set
1724,train,element_set
1725,train,element_set
1726,train,element_set
1727,train,element_set
1729,train,element_set
1730,train,element_set
1734,train,element_set
1735,train,element_set
1736,train,element_set
1737,train,element_set
1738,train,element_set
1739,train,element_set
1740,train,element_set
1741,train,element_set
1742,train,element_set
1743,train,element_set
1744,train,element_set
1745,train,element_set
1746,train,element_set
1747,train,element_set
1749,train,element_set
1750,train,element_set
1752,train,element_set
1753,train,element_set
1754,train,element_set
1755,train,element_set
1756,train,element_set
1757,train,element_set
1758,train,element_set
1760,train,element_set
1762,train,element_set
1764,train,element_set
1765,train,element_set
1766,train,element_set
1767,train,element_set
1768,train,element_set
1769,train,element_set
1770,train,element_set
1771,train,element_set
1772,train,element_set
1773,train,element_set
1774,train,element_set
1775,train,element_set
1776,train,element_set
1777,train,element_set
1778,train,element_set
1780,train,element_set
1781,train,element_set
1782,train,element_set
1785,train,element_set
1787,train,element_set
1788,train,element_set
1789,train,element_set
1790,train,element_set
1791,train,element_set
1792,train,element_set
1793,train,element_set
1794,train,element_set
1795,train,element_set
1796,train,element_set
1797,train,element_set
1798,train,element_set
1799,train,element_set
1800,train,element_set
1801,train,element_set
1802,train,element_set
1803,train,element_set
1804,train,element_set
1805,train,element_set
1806,train,element_set
1807,train,element_set
1808,train,element_set
1809,train,element_set
1810,train,element_set
1811,train,element_set
1813,train,element_set
1814,train,element_set
1815,train,element_set
1818,train,element_set
1819,train,element_set
1820,train,element_set
1821,train,element_set
1822,train,element_set
1823,train,element_set
1824,train,element_set
1825,train,element_set
1829,train,element_set
1830,train,element_set
1831,train,element_set
1832,train,element_set
1833,train,element_set
1834,train,element_set
1835,train,element_set
1837,train,element_set
1838,train,element_set
1840,train,element_set
1841,train,element_set
1842,train,element_set
1843,train,element_set
1844,train,element_set
1845,train,element_set
1846,train,element_set
1850,train,element_set
1851,train,element_set
1853,train,element_set
1854,train,element_set
1855,train,element_set
1859,train,element_set
1860,train,element_set
1861,train,element_set
1863,train,element_set
1864,train,element_set
1865,train,element_set
1866,train,element_set
1867,train,element_set
1868,train,element_set
1871,train,element_set
1872,train,element_set
1873,train,element_set
1874,train,element_set
1875,train,element_set
1876,train,element_set
1877,train,element_set
1879,train,element_set
1881,train,element_set
1882,train,element_set
1883,train,element_set
1884,train,element_set
1885,train,element_set
1886,train,element_set
1887,train,element_set
1888,train,element_set
1889,train,element_set
1891,train,element_set
1892,train,element_set
1893,train,element_set
1894,train,element_set
1895,train,element_set
1896,train,element_set
1897,train,element_set
1898,train,element_set
1899,train,element_set
1900,train,element_set
1901,train,element_set
1902,train,element_set
1905,train,element_set
1906,train,element_set
1908,train,element_set
1910,train,element_set
1911,train,element_set
1913,train,element_set
1914,train,element_set
1916,train,element_set
1917,train,element_set
1918,train,element_set
1921,train,element_set
1924,train,element_set
1925,train,element_set
1926,train,element_set
1927,train,element_set
1929,train,element_set
1930,train,element_set
1932,train,element_set
1933,train,element_set
1934,train,element_set
1936,train,element_set
1937,train,element_set
1938,train,element_set
1940,train,element_set
1941,train,element_set
1942,train,element_set
1945,train,element_set
1947,train,element_set
1948,train,element_set
1949,train,element_set
1950,train,element_set
1951,train,element_set
1952,train,element_set
1954,train,element_set
1955,train,element_set
1956,train,element_set
1957,train,element_set
1958,train,element_set
1959,train,element_set
1960,train,element_set
1961,train,element_set
1964,train,element_set
1966,train,element_set
1967,train,element_set
1968,train,element_set
1969,train,element_set
1970,train,element_set
1971,train,element_set
1972,train,element_set
1973,train,element_set
1974,train,element_set
1975,train,element_set
1976,train,element_set
1977,train,element_set
1979,train,element_set
1980,train,element_set
1981,train,element_set
1982,train,element_set
1983,train,element_set
1984,train,element_set
1986,train,element_set
1987,train,element_set
1988,train,element_set
1989,train,element_set
1990,train,element_set
1991,train,element_set
1992,train,element_set
1993,train,element_set
1996,train,element_set
1997,train,element_set
1998,train,element_set
1999,train,element_set
2000,train,element_set
2001,train,element_set
2002,train,element_set
2003,train,element_set
2004,train,element_set
2005,train,element_set
2006,train,element_set
2007,train,element_set
2008,train,element_set
2009,train,element_set
2010,train,element_set
2011,train,element_set
2012,train,element_set
2013,train,element_set
2014,train,element_set
2015,train,element_set
2016,train,element_set
2017,train,element_set
2018,train,element_set
2019,train,element_set
2020,train,element_set
2021,train,element_set
2022,train,element_set
2023,train,element_set
2024,train,element_set
2025,train,element_set
2026,train,element_set
2027,train,element_set
2028,train,element_set
2029,train,element_set
2030,train,element_set
2031,train,element_set
2032,train,element_set
2034,train,element_set
2036,train,element_set
2037,train,element_set
2038,train,element_set
2039,train,element_set
2041,train,element_set
2042,train,element_set
2043,train,element_set
2044,train,element_set
2045,train,element_set
2046,train,element_set
2047,train,element_set
2048,train,element_set
2049,train,element_set
2050,train,element_set
2051,train,element_set
2052,train,element_set
2053,train,element_set
2054,train,element_set
2055,train,element_set
2057,train,element_set
2058,train,element_set
2059,train,element_set
2060,train,element_set
2061,train,element_set
2062,train,element_set
2063,train,element_set
2064,train,element_set
2065,train,element_set
2066,train,element_set
2068,train,element_set
2069,train,element_set
2070,train,element_set
2071,train,element_set
2072,train,element_set
2074,train,element_set
2075,train,element_set
2076,train,element_set
2079,train,element_set
2080,train,element_set
2081,train,element_set
2083,train,element_set
2084,train,element_set
2085,train,element_set
2086,train,element_set
2087,train,element_set
2089,train,element_set
2090,train,element_set
2091,train,element_set
2092,train,element_set
2093,train,element_set
2094,train,element_set
2095,train,element_set
2096,train,element_set
2097,train,element_set
2098,train,element_set
2100,train,element_set
2101,train,element_set
2102,train,element_set
2103,train,element_set
2104,train,element_set
2105,train,element_set
2106,train,element_set
2107,train,element_set
2109,train,element_set
2110,train,element_set
2112,train,element_set
2113,train,element_set
2115,train,element_set
2116,train,element_set
2117,train,element_set
2118,train,element_set
2119,train,element_set
2121,train,element_set
2122,train,element_set
2123,train,element_set
2124,train,element_set
2125,train,element_set
2126,train,element_set
2129,train,element_set
2130,train,element_set
2131,train,element_set
2132,train,element_set
2133,train,element_set
2135,train,element_set
2136,train,element_set
2137,train,element_set
2138,train,element_set
2141,train,element_set
2142,train,element_set
2143,train,element_set
2144,train,element_set
2145,train,element_set
2146,train,element_set
2147,train,element_set
2148,train,element_set
2149,train,element_set
2151,train,element_set
2153,train,element_set
2154,train,element_set
2155,train,element_set
2156,train,element_set
2157,train,element_set
2158,train,element_set
2159,train,element_set
2161,train,element_set
2162,train,element_set
2163,train,element_set
2164,train,element_set
2165,train,element_set
2166,train,element_set
2167,train,element_set
2168,train,element_set
2169,train,element_set
2170,train,element_set
2171,train,element_set
2172,train,element_set
2173,train,element_set
2174,train,element_set
2176,train,element_set
2177,train,element_set
2179,train,element_set
2181,train,element_set
2182,train,element_set
2183,train,element_set
2184,train,element_set
2185,train,element_set
2186,train,element_set
2188,train,element_set
2189,train,element_set
2190,train,element_set
2191,train,element_set
2192,train,element_set
2194,train,element_set
2195,train,element_set
2196,train,element_set
2197,train,element_set
2198,train,element_set
2199,train,element_set
2200,train,element_set
2203,train,element_set
2204,train,element_set
2205,train,element_set
2206,train,element_set
2207,train,element_set
2208,train,element_set
2210,train,element_set
2211,train,element_set
2212,train,element_set
2213,train,element_set
2215,train,element_set
2217,train,element_set
2218,train,element_set
2219,train,element_set
2220,train,element_set
2221,train,element_set
2222,train,element_set
2223,train,element_set
2224,train,element_set
2225,train,element_set
2229,train,element_set
2230,train,element_set
2231,train,element_set
2232,train,element_set
2234,train,element_set
2235,train,element_set
2238,train,element_set
2239,train,element_set
2240,train,element_set
2241,train,element_set
2242,train,element_set
2244,train,element_set
2245,train,element_set
2246,train,element_set
2248,train,element_set
2249,train,element_set
2250,train,element_set
2251,train,element_set
2252,train,element_set
2253,train,element_set
2254,train,element_set
2255,train,element_set
2256,train,element_set
2257,train,element_set
2258,train,element_set
2259,train,element_set
2260,train,element_set
2261,train,element_set
2262,train,element_set
2264,train,element_set
2265,train,element_set
2267,train,element_set
2268,train,element_set
2269,train,element_set
2272,train,element_set
2275,train,element_set
2276,train,element_set
2277,train,element_set
2278,train,element_set
2280,train,element_set
2281,train,element_set
2282,train,element_set
2284,train,element_set
2285,train,element_set
2287,train,element_set
2288,train,element_set
2289,train,element_set
2290,train,element_set
2292,train,element_set
2295,train,element_set
2296,train,element_set
2297,train,element_set
2298,train,element_set
2299,train,element_set
2303,train,element_set
2305,train,element_set
2306,train,element_set
2307,train,element_set
2308,train,element_set
2309,train,element_set
2311,train,element_set
2312,train,element_set
2314,train,element_set
2315,train,element_set
2316,train,element_set
2317,train,element_set
2318,train,element_set
2319,train,element_set
2321,train,element_set
2322,train,element_set
2323,train,element_set
2325,train,element_set
2326,train,element_set
2327,train,element_set
2328,train,element_set
2330,train,element_set
2331,train,element_set
2333,train,element_set
2334,train,element_set
2335,train,element_set
2336,train,element_set
2338,train,element_set
2339,train,element_set
2340,train,element_set
2341,train,element_set
2342,train,element_set
2343,train,element_set
2344,train,element_set
2345,train,element_set
2346,train,element_set
2347,train,element_set
2348,train,element_set
2349,train,element_set
2350,train,element_set
2353,train,element_set
2355,train,element_set
2356,train,element_set
2357,train,element_set
2358,train,element_set
2359,train,element_set
2360,train,element_set
2361,train,element_set
2362,train,element_set
2364,train,element_set
2365,train,element_set
2366,train,element_set
2367,train,element_set
2368,train,element_set
2369,train,element_set
2370,train,element_set
2371,train,element_set
2372,train,element_set
2373,train,element_set
2374,train,element_set
2375,train,element_set
2376,train,element_set
2377,train,element_set
2379,train,element_set
2380,train,element_set
2381,train,element_set
2382,train,element_set
2383,train,element_set
2384,train,element_set
2385,train,element_set
2386,train,element_set
2387,train,element_set
2388,train,element_set
2389,train,element_set
2392,train,element_set
2393,train,element_set
2395,train,element_set
2396,train,element_set
2397,train,element_set
2399,train,element_set
2402,train,element_set
2404,train,element_set
2405,train,element_set
2406,train,element_set
2407,train,element_set
2408,train,element_set
2409,train,element_set
2410,train,element_set
2411,train,element_set
2412,train,element_set
2414,train,element_set
2415,train,element_set
2416,train,element_set
2418,train,element_set
2419,train,element_set
2420,train,element_set
2421,train,element_set
2422,train,element_set
2423,train,element_set
2424,train,element_set
2425,train,element_set
2426,train,element_set
2427,train,element_set
2428,train,element_set
2429,train,element_set
2430,train,element_set
2431,train,element_set
2433,train,element_set
2434,train,element_set
2435,train,element_set
2436,train,element_set
2437,train,element_set
2438,train,element_set
2440,train,element_set
2441,train,element_set
2443,train,element_set
2444,train,element_set
2445,train,element_set
2446,train,element_set
2447,train,element_set
2448,train,element_set
2451,train,element_set
2452,train,element_set
2453,train,element_set
2454,train,element_set
2455,train,element_set
2456,train,element_set
2457,train,element_set
2458,train,element_set
2459,train,element_set
2460,train,element_set
2461,train,element_set
2463,train,element_set
2464,train,element_set
2467,train,element_set
2469,train,element_set
2470,train,element_set
2471,train,element_set
2472,train,element_set
2473,train,element_set
2474,train,element_set
2475,train,element_set
2476,train,element_set
2479,train,element_set
2480,train,element_set
2482,train,element_set
2483,train,element_set
2484,train,element_set
2485,train,element_set
2486,train,element_set
2489,train,element_set
2490,train,element_set
2492,train,element_set
2495,train,element_set
2496,train,element_set
2497,train,element_set
2498,train,element_set
2499,train,element_set
2500,train,element_set
2501,train,element_set
2502,train,element_set
2504,train,element_set
2506,train,element_set
2507,train,element_set
2508,train,element_set
2510,train,element_set
2511,train,element_set
2512,train,element_set
2513,train,element_set
2514,train,element_set
2515,train,element_set
2516,train,element_set
2517,train,element_set
2518,train,element_set
2523,train,element_set
2524,train,element_set
2525,train,element_set
2526,train,element_set
2527,train,element_set
2528,train,element_set
2529,train,element_set
2530,train,element_set
2531,train,element_set
2532,train,element_set
2533,train,element_set
2534,train,element_set
2535,train,element_set
2536,train,element_set
2537,train,element_set
2538,train,element_set
2539,train,element_set
2542,train,element_set
2543,train,element_set
2544,train,element_set
2545,train,element_set
2546,train,element_set
2548,train,element_set
2549,train,element_set
2550,train,element_set
2551,train,element_set
2552,train,element_set
2553,train,element_set
2554,train,element_set
2556,train,element_set
2557,train,element_set
2558,train,element_set
2559,train,element_set
2560,train,element_set
2561,train,element_set
2562,train,element_set
2563,train,element_set
2564,train,element_set
2565,train,element_set
2566,train,element_set
2567,train,element_set
2569,train,element_set
2570,train,element_set
2571,train,element_set
2573,train,element_set
2574,train,element_set
2575,train,element_set
2576,train,element_set
2577,train,element_set
2578,train,element_set
2579,train,element_set
2581,train,element_set
2584,train,element_set
2585,train,element_set
2586,train,element_set
2587,train,element_set
2588,train,element_set
2589,train,element_set
2593,train,element_set
2594,train,element_set
2595,train,element_set
2596,train,element_set
2597,train,element_set
2598,train,element_set
2599,train,element_set
2600,train,element_set
2601,train,element_set
2602,train,element_set
2603,train,element_set
2604,train,element_set
2605,train,element_set
2606,train,element_set
2608,train,element_set
2610,train,element_set
2612,train,element_set
2613,train,element_set
2614,train,element_set
2615,train,element_set
2616,train,element_set
2617,train,element_set
2620,train,element_set
2622,train,element_set
2623,train,element_set
2624,train,element_set
2626,train,element_set
2627,train,element_set
2628,train,element_set
2630,train,element_set
2631,train,element_set
2633,train,element_set
2636,train,element_set
2637,train,element_set
2638,train,element_set
2639,train,element_set
2641,train,element_set
2642,train,element_set
2643,train,element_set
2644,train,element_set
2645,train,element_set
2647,train,element_set
2648,train,element_set
2649,train,element_set
2650,train,element_set
2651,train,element_set
2652,train,element_set
2653,train,element_set
2654,train,element_set
2655,train,element_set
2656,train,element_set
2658,train,element_set
2660,train,element_set
2662,train,element_set
2663,train,element_set
2664,train,element_set
2665,train,element_set
2667,train,element_set
2669,train,element_set
2670,train,element_set
2671,train,element_set
2672,train,element_set
2673,train,element_set
2674,train,element_set
2676,train,element_set
2677,train,element_set
2678,train,element_set
2680,train,element_set
2682,train,element_set
2683,train,element_set
2684,train,element_set
2685,train,element_set
2686,train,element_set
2687,train,element_set
2688,train,element_set
2689,train,element_set
2690,train,element_set
2691,train,element_set
2692,train,element_set
2693,train,element_set
2694,train,element_set
2695,train,element_set
2696,train,element_set
2697,train,element_set
2698,train,element_set
2699,train,element_set
2700,train,element_set
2701,train,element_set
2702,train,element_set
2703,train,element_set
2708,train,element_set
2709,train,element_set
2710,train,element_set
2711,train,element_set
2712,train,element_set
2713,train,element_set
2714,train,element_set
2715,train,element_set
2717,train,element_set
2718,train,element_set
2719,train,element_set
2720,train,element_set
2721,train,element_set
2722,train,element_set
2723,train,element_set
2724,train,element_set
2726,train,element_set
2727,train,element_set
2729,train,element_set
2730,train,element_set
2731,train,element_set
2732,train,element_set
2733,train,element_set
2734,train,element_set
2735,train,element_set
2737,train,element_set
2739,train,element_set
2741,train,element_set
2742,train,element_set
2743,train,element_set
2744,train,element_set
2745,train,element_set
2747,train,element_set
2748,train,element_set
2749,train,element_set
2751,train,element_set
2752,train,element_set
2753,train,element_set
2754,train,element_set
2755,train,element_set
2756,train,element_set
2757,train,element_set
2758,train,element_set
2759,train,element_set
2760,train,element_set
2761,train,element_set
2762,train,element_set
2763,train,element_set
2764,train,element_set
2765,train,element_set
2766,train,element_set
2767,train,element_set
2768,train,element_set
2769,train,element_set
2770,train,element_set
2771,train,element_set
2773,train,element_set
2774,train,element_set
2775,train,element_set
2776,train,element_set
2777,train,element_set
2778,train,element_set
2780,train,element_set
2781,train,element_set
2782,train,element_set
2783,train,element_set
2785,train,element_set
2786,train,element_set
2787,train,element_set
2789,train,element_set
2790,train,element_set
2791,train,element_set
2792,train,element_set
2793,train,element_set
2794,train,element_set
2795,train,element_set
2796,train,element_set
2797,train,element_set
2799,train,element_set
2800,train,element_set
2802,train,element_set
2803,train,element_set
2804,train,element_set
2805,train,element_set
2806,train,element_set
2807,train,element_set
2808,train,element_set
2809,train,element_set
2810,train,element_set
2813,train,element_set
2814,train,element_set
2815,train,element_set
2816,train,element_set
2817,train,element_set
2818,train,element_set
2819,train,element_set
2820,train,element_set
2821,train,element_set
2822,train,element_set
2823,train,element_set
2825,train,element_set
2827,train,element_set
2828,train,element_set
2829,train,element_set
2830,train,element_set
2831,train,element_set
2834,train,element_set
2836,train,element_set
2837,train,element_set
2838,train,element_set
2839,train,element_set
2840,train,element_set
2841,train,element_set
2842,train,element_set
2843,train,element_set
2844,train,element_set
2845,train,element_set
2846,train,element_set
2848,train,element_set
2849,train,element_set
2850,train,element_set
2851,train,element_set
2852,train,element_set
2853,train,element_set
2854,train,element_set
2855,train,element_set
2856,train,element_set
2857,train,element_set
2858,train,element_set
2859,train,element_set
2860,train,element_set
2861,train,element_set
2862,train,element_set
2863,train,element_set
2864,train,element_set
2865,train,element_set
2867,train,element_set
2868,train,element_set
2869,train,element_set
2870,train,element_set
2871,train,element_set
2873,train,element_set
2875,train,element_set
2876,train,element_set
2877,train,element_set
2878,train,element_set
2879,train,element_set
2880,train,element_set
2881,train,element_set
2882,train,element_set
2884,train,element_set
2885,train,element_set
2887,train,element_set
2888,train,element_set
2890,train,element_set
2891,train,element_set
2892,train,element_set
2893,train,element_set
2894,train,element_set
2895,train,element_set
2897,train,element_set
2898,train,element_set
2899,train,element_set
2900,train,element_set
2901,train,element_set
2903,train,element_set
2904,train,element_set
2905,train,element_set
2906,train,element_set
2908,train,element_set
2909,train,element_set
2910,train,element_set
2911,train,element_set
2912,train,element_set
2913,train,element_set
2914,train,element_set
2915,train,element_set
2916,train,element_set
2917,train,element_set
2918,train,element_set
2919,train,element_set
2920,train,element_set
2921,train,element_set
2923,train,element_set
2924,train,element_set
2926,train,element_set
2927,train,element_set
2928,train,element_set
2929,train,element_set
2930,train,element_set
2931,train,element_set
2932,train,element_set
2933,train,element_set
2934,train,element_set
2935,train,element_set
2936,train,element_set
2937,train,element_set
2938,train,element_set
2941,train,element_set
2942,train,element_set
2943,train,element_set
2944,train,element_set
2945,train,element_set
2946,train,element_set
2948,train,element_set
2949,train,element_set
2950,train,element_set
2953,train,element_set
2956,train,element_set
2958,train,element_set
2959,train,element_set
2960,train,element_set
2961,train,element_set
2962,train,element_set
2963,train,element_set
2965,train,element_set
2966,train,element_set
2968,train,element_set
2970,train,element_set
2972,train,element_set
2973,train,element_set
2975,train,element_set
2976,train,element_set
2977,train,element_set
2980,train,element_set
2981,train,element_set
2982,train,element_set
2983,train,element_set
2985,train,element_set
2986,train,element_set
2987,train,element_set
2988,train,element_set
2989,train,element_set
2991,train,element_set
2992,train,element_set
2993,train,element_set
2994,train,element_set
2995,train,element_set
2996,train,element_set
2997,train,element_set
2998,train,element_set
2999,train,element_set
3000,train,element_set
3001,train,element_set
3002,train,element_set
3003,train,element_set
3004,train,element_set
3005,train,element_set
3006,train,element_set
3007,train,element_set
3008,train,element_set
3009,train,element_set
3010,train,element_set
3011,train,element_set
3013,train,element_set
3014,train,element_set
3015,train,element_set
3016,train,element_set
3017,train,element_set
3018,train,element_set
3021,train,element_set
3022,train,element_set
3023,train,element_set
3025,train,element_set
3026,train,element_set
3028,train,element_set
3029,train,element_set
3030,train,element_set
3033,train,element_set
3034,train,element_set
3036,train,element_set
3037,train,element_set
3038,train,element_set
3039,train,element_set
3041,train,element_set
3042,train,element_set
3043,train,element_set
3044,train,element_set
3045,train,element_set
3046,train,element_set
3047,train,element_set
3048,train,element_set
3050,train,element_set
3051,train,element_set
3052,train,element_set
3053,train,element_set
3054,train,element_set
3055,train,element_set
3057,train,element_set
3058,train,element_set
3059,train,element_set
3060,train,element_set
3062,train,element_set
3063,train,element_set
3064,train,element_set
3065,train,element_set
3068,train,element_set
3069,train,element_set
3070,train,element_set
3072,train,element_set
3073,train,element_set
3074,train,element_set
3075,train,element_set
3077,train,element_set
3078,train,element_set
3079,train,element_set
3080,train,element_set
3081,train,element_set
3083,train,element_set
3084,train,element_set
3085,train,element_set
3086,train,element_set
3087,train,element_set
3088,train,element_set
3091,train,element_set
3092,train,element_set
3093,train,element_set
3094,train,element_set
3096,train,element_set
3097,train,element_set
3098,train,element_set
3100,train,element_set
3101,train,element_set
3103,train,element_set
3106,train,element_set
3108,train,element_set
3109,train,element_set
3110,train,element_set
3111,train,element_set
3115,train,element_set
3116,train,element_set
3117,train,element_set
3118,train,element_set
3119,train,element_set
3120,train,element_set
3121,train,element_set
3122,train,element_set
3123,train,element_set
3124,train,element_set
3125,train,element_set
3126,train,element_set
3127,train,element_set
3128,train,element_set
3129,train,element_set
3131,train,element_set
3132,train,element_set
3133,train,element_set
3134,train,element_set
3135,train,element_set
3137,train,element_set
3138,train,element_set
3140,train,element_set
3142,train,element_set
3143,train,element_set
3144,train,element_set
3146,train,element_set
3147,train,element_set
3148,train,element_set
3149,train,element_set
3150,train,element_set
3152,train,element_set
3153,train,element_set
3154,train,element_set
3155,train,element_set
3156,train,element_set
3157,train,element_set
3158,train,element_set
3159,train,element_set
3160,train,element_set
3162,train,element_set
3163,train,element_set
3164,train,element_set
3165,train,element_set
3168,train,element_set
3169,train,element_set
3170,train,element_set
3172,train,element_set
3173,train,element_set
3174,train,element_set
3175,train,element_set
3176,train,element_set
3177,train,element_set
3179,train,element_set
3180,train,element_set
3181,train,element_set
3182,train,element_set
3183,train,element_set
3184,train,element_set
3185,train,element_set
3186,train,element_set
3187,train,element_set
3188,train,element_set
3189,train,element_set
3190,train,element_set
3191,train,element_set
3193,train,element_set
3194,train,element_set
3195,train,element_set
3197,train,element_set
3198,train,element_set
3199,train,element_set
3200,train,element_set
3204,train,element_set
3205,train,element_set
3206,train,element_set
3207,train,element_set
3208,train,element_set
3210,train,element_set
3211,train,element_set
3212,train,element_set
3213,train,element_set
3216,train,element_set
3217,train,element_set
3218,train,element_set
3219,train,element_set
3221,train,element_set
3222,train,element_set
3223,train,element_set
3224,train,element_set
3226,train,element_set
3227,train,element_set
3228,train,element_set
3229,train,element_set
3230,train,element_set
3232,train,element_set
3233,train,element_set
3234,train,element_set
3235,train,element_set
3236,train,element_set
3239,train,element_set
3240,train,element_set
3241,train,element_set
3243,train,element_set
3244,train,element_set
3245,train,element_set
3246,train,element_set
3247,train,element_set
3250,train,element_set
3251,train,element_set
3252,train,element_set
3254,train,element_set
3255,train,element_set
3256,train,element_set
3257,train,element_set
3258,train,element_set
3259,train,element_set
3260,train,element_set
3261,train,element_set
3262,train,element_set
3263,train,element_set
3264,train,element_set
3265,train,element_set
3266,train,element_set
3267,train,element_set
3269,train,element_set
3270,train,element_set
3271,train,element_set
3272,train,element_set
3273,train,element_set
3275,train,element_set
3276,train,element_set
3277,train,element_set
3278,train,element_set
3280,train,element_set
3282,train,element_set
3283,train,element_set
3284,train,element_set
3285,train,element_set
3286,train,element_set
3287,train,element_set
3288,train,element_set
3290,train,element_set
3291,train,element_set
3292,train,element_set
3293,train,element_set
3294,train,element_set
3295,train,element_set
3296,train,element_set
3297,train,element_set
3298,train,element_set
3299,train,element_set
3300,train,element_set
3301,train,element_set
3302,train,element_set
3303,train,element_set
3305,train,element_set
3307,train,element_set
3308,train,element_set
3310,train,element_set
3311,train,element_set
3313,train,element_set
3314,train,element_set
3315,train,element_set
3316,train,element_set
3317,train,element_set
3318,train,element_set
3319,train,element_set
3321,train,element_set
3323,train,element_set
3325,train,element_set
3326,train,element_set
3328,train,element_set
3329,train,element_set
3330,train,element_set
3331,train,element_set
3333,train,element_set
3334,train,element_set
3337,train,element_set
3338,train,element_set
3340,train,element_set
3341,train,element_set
3342,train,element_set
3344,train,element_set
3345,train,element_set
3346,train,element_set
3347,train,element_set
3348,train,element_set
3349,train,element_set
3351,train,element_set
3354,train,element_set
3355,train,element_set
3356,train,element_set
3358,train,element_set
3359,train,element_set
3360,train,element_set
3361,train,element_set
3362,train,element_set
3364,train,element_set
3368,train,element_set
3369,train,element_set
3370,train,element_set
3372,train,element_set
3373,train,element_set
3374,train,element_set
3375,train,element_set
3376,train,element_set
3377,train,element_set
3378,train,element_set
3379,train,element_set
3380,train,element_set
3381,train,element_set
3382,train,element_set
3383,train,element_set
3384,train,element_set
3385,train,element_set
3386,train,element_set
3387,train,element_set
3389,train,element_set
3390,train,element_set
3391,train,element_set
3392,train,element_set
3393,train,element_set
3394,train,element_set
3395,train,element_set
3397,train,element_set
3398,train,element_set
3399,train,element_set
3400,train,element_set
3401,train,element_set
3402,train,element_set
3403,train,element_set
3404,train,element_set
3405,train,element_set
3406,train,element_set
3407,train,element_set
3408,train,element_set
3409,train,element_set
3410,train,element_set
3411,train,element_set
3413,train,element_set
3415,train,element_set
3416,train,element_set
3417,train,element_set
3418,train,element_set
3419,train,element_set
3420,train,element_set
3421,train,element_set
3422,train,element_set
3423,train,element_set
3425,train,element_set
3427,train,element_set
3428,train,element_set
3429,train,element_set
3431,train,element_set
3433,train,element_set
3434,train,element_set
3436,train,element_set
3437,train,element_set
3438,train,element_set
3439,train,element_set
3441,train,element_set
3443,train,element_set
3444,train,element_set
3445,train,element_set
3446,train,element_set
3447,train,element_set
3449,train,element_set
3450,train,element_set
3451,train,element_set
3452,train,element_set
3453,train,element_set
3454,train,element_set
3455,train,element_set
3456,train,element_set
3457,train,element_set
3459,train,element_set
3461,train,element_set
3462,train,element_set
3463,train,element_set
3464,train,element_set
3465,train,element_set
3466,train,element_set
3468,train,element_set
3470,train,element_set
3471,train,element_set
3473,train,element_set
3474,train,element_set
3475,train,element_set
3477,train,element_set
3478,train,element_set
3479,train,element_set
3480,train,element_set
3481,train,element_set
3482,train,element_set
3483,train,element_set
3484,train,element_set
3485,train,element_set
3486,train,element_set
3487,train,element_set
3488,train,element_set
3489,train,element_set
3492,train,element_set
3493,train,element_set
3494,train,element_set
3496,train,element_set
3499,train,element_set
3500,train,element_set
3502,train,element_set
3504,train,element_set
3505,train,element_set
3506,train,element_set
3509,train,element_set
3510,train,element_set
3513,train,element_set
3514,train,element_set
3515,train,element_set
3516,train,element_set
3517,train,element_set
3519,train,element_set
3521,train,element_set
3522,train,element_set
3523,train,element_set
3524,train,element_set
3525,train,element_set
3526,train,element_set
3527,train,element_set
3528,train,element_set
3529,train,element_set
3531,train,element_set
3533,train,element_set
3534,train,element_set
3535,train,element_set
3536,train,element_set
3537,train,element_set
3538,train,element_set
3540,train,element_set
3542,train,element_set
3543,train,element_set
3544,train,element_set
3546,train,element_set
3547,train,element_set
3548,train,element_set
3549,train,element_set
3550,train,element_set
3551,train,element_set
3552,train,element_set
3553,train,element_set
3554,train,element_set
3555,train,element_set
3556,train,element_set
3557,train,element_set
3558,train,element_set
3559,train,element_set
3560,train,element_set
3561,train,element_set
3562,train,element_set
3565,train,element_set
3566,train,element_set
3568,train,element_set
3569,train,element_set
3570,train,element_set
3571,train,element_set
3572,train,element_set
3573,train,element_set
3575,train,element_set
3576,train,element_set
3577,train,element_set
3579,train,element_set
3580,train,element_set
3582,train,element_set
3583,train,element_set
3584,train,element_set
3586,train,element_set
3588,train,element_set
3589,train,element_set
3590,train,element_set
3592,train,element_set
3593,train,element_set
3594,train,element_set
3595,train,element_set
3596,train,element_set
3598,train,element_set
3600,train,element_set
3601,train,element_set
3602,train,element_set
3603,train,element_set
3604,train,element_set
3605,train,element_set
3606,train,element_set
3607,train,element_set
3608,train,element_set
3609,train,element_set
3610,train,element_set
3611,train,element_set
3612,train,element_set
3613,train,element_set
3614,train,element_set
3615,train,element_set
3616,train,element_set
3617,train,element_set
3619,train,element_set
3621,train,element_set
3622,train,element_set
3623,train,element_set
3625,train,element_set
3626,train,element_set
3627,train,element_set
3628,train,element_set
3630,train,element_set
3631,train,element_set
3632,train,element_set
3634,train,element_set
3635,train,element_set
3636,train,element_set
3637,train,element_set
3639,train,element_set
3641,train,element_set
3643,train,element_set
3644,train,element_set
3645,train,element_set
3646,train,element_set
3647,train,element_set
3648,train,element_set
3649,train,element_set
3650,train,element_set
3651,train,element_set
3652,train,element_set
3653,train,element_set
3654,train,element_set
3655,train,element_set
3656,train,element_set
3657,train,element_set
3658,train,element_set
3659,train,element_set
3660,train,element_set
3661,train,element_set
3664,train,element_set
3666,train,element_set
3667,train,element_set
3668,train,element_set
3669,train,element_set
3670,train,element_set
3672,train,element_set
3673,train,element_set
3674,train,element_set
3675,train,element_set
3676,train,element_set
3677,train,element_set
3678,train,element_set
3679,train,element_set
3680,train,element_set
3681,train,element_set
3682,train,element_set
3683,train,element_set
3686,train,element_set
3687,train,element_set
3688,train,element_set
3689,train,element_set
3691,train,element_set
3692,train,element_set
3694,train,element_set
3695,train,element_set
3696,train,element_set
3697,train,element_set
3698,train,element_set
3699,train,element_set
3700,train,element_set
3701,train,element_set
3702,train,element_set
3703,train,element_set
3704,train,element_set
3705,train,element_set
3706,train,element_set
3707,train,element_set
3708,train,element_set
3709,train,element_set
3710,train,element_set
3713,train,element_set
3714,train,element_set
3716,train,element_set
3717,train,element_set
3718,train,element_set
3720,train,element_set
3721,train,element_set
3722,train,element_set
3723,train,element_set
3726,train,element_set
3728,train,element_set
3730,train,element_set
3731,train,element_set
3732,train,element_set
3733,train,element_set
3734,train,element_set
3735,train,element_set
3736,train,element_set
3737,train,element_set
3738,train,element_set
3739,train,element_set
3740,train,element_set
3741,train,element_set
3742,train,element_set
3743,train,element_set
3744,train,element_set
3745,train,element_set
3746,train,element_set
3747,train,element_set
3748,train,element_set
3749,train,element_set
3750,train,element_set
3751,train,element_set
3753,train,element_set
3754,train,element_set
3755,train,element_set
3756,train,element_set
3757,train,element_set
3759,train,element_set
3760,train,element_set
3761,train,element_set
3762,train,element_set
3764,train,element_set
3765,train,element_set
3766,train,element_set
3768,train,element_set
3769,train,element_set
3770,train,element_set
3771,train,element_set
3772,train,element_set
3773,train,element_set
3774,train,element_set
3775,train,element_set
3776,train,element_set
3778,train,element_set
3780,train,element_set
3781,train,element_set
3782,train,element_set
3783,train,element_set
3784,train,element_set
3786,train,element_set
3787,train,element_set
3788,train,element_set
3790,train,element_set
3791,train,element_set
3792,train,element_set
3793,train,element_set
3794,train,element_set
3795,train,element_set
3796,train,element_set
3799,train,element_set
3801,train,element_set
3802,train,element_set
3803,train,element_set
3804,train,element_set
3805,train,element_set
3806,train,element_set
3807,train,element_set
3809,train,element_set
3810,train,element_set
3811,train,element_set
3813,train,element_set
3814,train,element_set
3815,train,element_set
3816,train,element_set
3817,train,element_set
3818,train,element_set
3820,train,element_set
3821,train,element_set
3823,train,element_set
3825,train,element_set
3827,train,element_set
3828,train,element_set
3829,train,element_set
3830,train,element_set
3831,train,element_set
3833,train,element_set
3834,train,element_set
3835,train,element_set
3836,train,element_set
3837,train,element_set
3839,train,element_set
3840,train,element_set
3842,train,element_set
3844,train,element_set
3845,train,element_set
3846,train,element_set
3848,train,element_set
3849,train,element_set
3850,train,element_set
3851,train,element_set
3852,train,element_set
3854,train,element_set
3855,train,element_set
3856,train,element_set
3859,train,element_set
3861,train,element_set
3862,train,element_set
3864,train,element_set
3866,train,element_set
3867,train,element_set
3868,train,element_set
3869,train,element_set
3870,train,element_set
3871,train,element_set
3872,train,element_set
3873,train,element_set
3874,train,element_set
3875,train,element_set
3876,train,element_set
3877,train,element_set
3878,train,element_set
3879,train,element_set
3880,train,element_set
3881,train,element_set
3882,train,element_set
3885,train,element_set
3886,train,element_set
3887,train,element_set
3888,train,element_set
3889,train,element_set
3890,train,element_set
3891,train,element_set
3892,train,element_set
3893,train,element_set
3894,train,element_set
3895,train,element_set
3896,train,element_set
3897,train,element_set
3898,train,element_set
3899,train,element_set
3900,train,element_set
3903,train,element_set
3904,train,element_set
3905,train,element_set
3907,train,element_set
3908,train,element_set
3909,train,element_set
3910,train,element_set
3911,train,element_set
3912,train,element_set
3913,train,element_set
3914,train,element_set
3915,train,element_set
3917,train,element_set
3918,train,element_set
3919,train,element_set
3921,train,element_set
3922,train,element_set
3923,train,element_set
3924,train,element_set
3925,train,element_set
3927,train,element_set
3928,train,element_set
3929,train,element_set
3930,train,element_set
3931,train,element_set
3933,train,element_set
3934,train,element_set
3935,train,element_set
3937,train,element_set
3938,train,element_set
3939,train,element_set
3941,train,element_set
3942,train,element_set
3943,train,element_set
3944,train,element_set
3945,train,element_set
3947,train,element_set
3948,train,element_set
3949,train,element_set
3950,train,element_set
3951,train,element_set
3952,train,element_set
3953,train,element_set
3954,train,element_set
3955,train,element_set
3956,train,element_set
3957,train,element_set
3958,train,element_set
3959,train,element_set
3961,train,element_set
3962,train,element_set
3963,train,element_set
3965,train,element_set
3966,train,element_set
3967,train,element_set
3969,train,element_set
3970,train,element_set
3971,train,element_set
3973,train,element_set
3974,train,element_set
3975,train,element_set
3976,train,element_set
3977,train,element_set
3978,train,element_set
3979,train,element_set
3980,train,element_set
3982,train,element_set
3984,train,element_set
3985,train,element_set
3988,train,element_set
3989,train,element_set
3990,train,element_set
3991,train,element_set
3993,train,element_set
3994,train,element_set
3995,train,element_set
3996,train,element_set
3997,train,element_set
3999,train,element_set
4000,train,element_set
4001,train,element_set
4002,train,element_set
4003,train,element_set
4004,train,element_set
4005,train,element_set
4006,train,element_set
4007,train,element_set
4008,train,element_set
4009,train,element_set
4010,train,element_set
4011,train,element_set
4012,train,element_set
4013,train,element_set
4014,train,element_set
4015,train,element_set
4016,train,element_set
4017,train,element_set
4018,train,element_set
4020,train,element_set
4021,train,element_set
4022,train,element_set
4023,train,element_set
4024,train,element_set
4025,train,element_set
4027,train,element_set
4031,train,element_set
4032,train,element_set
4033,train,element_set
4034,train,element_set
4036,train,element_set
4037,train,element_set
4038,train,element_set
4039,train,element_set
4040,train,element_set
4041,train,element_set
4042,train,element_set
4043,train,element_set
4044,train,element_set
4045,train,element_set
4046,train,element_set
4048,train,element_set
4050,train,element_set
4051,train,element_set
4052,train,element_set
4053,train,element_set
4054,train,element_set
4055,train,element_set
4056,train,element_set
4057,train,element_set
4059,train,element_set
4061,train,element_set
4062,train,element_set
4063,train,element_set
4064,train,element_set
4065,train,element_set
4066,train,element_set
4067,train,element_set
4069,train,element_set
4070,train,element_set
4071,train,element_set
4072,train,element_set
4073,train,element_set
4074,train,element_set
4075,train,element_set
4076,train,element_set
4077,train,element_set
4079,train,element_set
4080,train,element_set
4081,train,element_set
4082,train,element_set
4083,train,element_set
4084,train,element_set
4085,train,element_set
4087,train,element_set
4088,train,element_set
4089,train,element_set
4090,train,element_set
4092,train,element_set
4093,train,element_set
4094,train,element_set
4095,train,element_set
4096,train,element_set
4097,train,element_set
4098,train,element_set
4101,train,element_set
4102,train,element_set
4103,train,element_set
4104,train,element_set
4105,train,element_set
4106,train,element_set
4107,train,element_set
4108,train,element_set
4109,train,element_set
4110,train,element_set
4111,train,element_set
4112,train,element_set
4113,train,element_set
4115,train,element_set
4116,train,element_set
4117,train,element_set
4118,train,element_set
4119,train,element_set
4120,train,element_set
4122,train,element_set
4123,train,element_set
4124,train,element_set
4125,train,element_set
4127,train,element_set
4128,train,element_set
4129,train,element_set
4130,train,element_set
4131,train,element_set
4132,train,element_set
4134,train,element_set
4136,train,element_set
4138,train,element_set
4139,train,element_set
4140,train,element_set
4141,train,element_set
4142,train,element_set
4143,train,element_set
4144,train,element_set
4146,train,element_set
4149,train,element_set
4150,train,element_set
4152,train,element_set
4153,train,element_set
4154,train,element_set
4155,train,element_set
4156,train,element_set
4157,train,element_set
4159,train,element_set
4161,train,element_set
4162,train,element_set
4163,train,element_set
4164,train,element_set
4165,train,element_set
4166,train,element_set
4167,train,element_set
4168,train,element_set
4169,train,element_set
4170,train,element_set
4171,train,element_set
4172,train,element_set
4173,train,element_set
4176,train,element_set
4178,train,element_set
4179,train,element_set
4180,train,element_set
4181,train,element_set
4182,train,element_set
4185,train,element_set
4186,train,element_set
4187,train,element_set
4189,train,element_set
4191,train,element_set
4193,train,element_set
4194,train,element_set
4195,train,element_set
4196,train,element_set
4197,train,element_set
4198,train,element_set
4199,train,element_set
4200,train,element_set
4201,train,element_set
4203,train,element_set
4204,train,element_set
4205,train,element_set
4206,train,element_set
4208,train,element_set
4209,train,element_set
4210,train,element_set
4211,train,element_set
4212,train,element_set
4213,train,element_set
4214,train,element_set
4215,train,element_set
4217,train,element_set
4218,train,element_set
4220,train,element_set
4221,train,element_set
4222,train,element_set
4223,train,element_set
4224,train,element_set
4225,train,element_set
4227,train,element_set
4229,train,element_set
4230,train,element_set
4231,train,element_set
4232,train,element_set
4233,train,element_set
4234,train,element_set
4236,train,element_set
4237,train,element_set
4240,train,element_set
4241,train,element_set
4243,train,element_set
4244,train,element_set
4245,train,element_set
4246,train,element_set
4247,train,element_set
4248,train,element_set
4249,train,element_set
4250,train,element_set
4251,train,element_set
4252,train,element_set
4253,train,element_set
4254,train,element_set
4255,train,element_set
4256,train,element_set
4257,train,element_set
4260,train,element_set
4262,train,element_set
4263,train,element_set
4264,train,element_set
4265,train,element_set
4266,train,element_set
4267,train,element_set
4268,train,element_set
4269,train,element_set
4270,train,element_set
4271,train,element_set
4272,train,element_set
4273,train,element_set
4275,train,element_set
4277,train,element_set
4278,train,element_set
4280,train,element_set
4281,train,element_set
4283,train,element_set
4284,train,element_set
4285,train,element_set
4287,train,element_set
4289,train,element_set
4290,train,element_set
4291,train,element_set
4292,train,element_set
4293,train,element_set
4294,train,element_set
4295,train,element_set
4296,train,element_set
4297,train,element_set
4298,train,element_set
4299,train,element_set
4300,train,element_set
4301,train,element_set
4302,train,element_set
4303,train,element_set
4304,train,element_set
4305,train,element_set
4306,train,element_set
4308,train,element_set
4309,train,element_set
4310,train,element_set
4315,train,element_set
4316,train,element_set
4317,train,element_set
4318,train,element_set
4319,train,element_set
4321,train,element_set
4322,train,element_set
4323,train,element_set
4324,train,element_set
4325,train,element_set
4326,train,element_set
4327,train,element_set
4328,train,element_set
4329,train,element_set
4330,train,element_set
4331,train,element_set
4332,train,element_set
4334,train,element_set
4337,train,element_set
4338,train,element_set
4340,train,element_set
4341,train,element_set
4342,train,element_set
4343,train,element_set
4344,train,element_set
4345,train,element_set
4346,train,element_set
4347,train,element_set
4349,train,element_set
4350,train,element_set
4351,train,element_set
4352,train,element_set
4353,train,element_set
4354,train,element_set
4355,train,element_set
4356,train,element_set
4357,train,element_set
4358,train,element_set
4359,train,element_set
4360,train,element_set
4361,train,element_set
4362,train,element_set
4363,train,element_set
4364,train,element_set
4365,train,element_set
4367,train,element_set
4369,train,element_set
4370,train,element_set
4371,train,element_set
4373,train,element_set
4374,train,element_set
4375,train,element_set
4376,train,element_set
4377,train,element_set
4378,train,element_set
4379,train,element_set
4381,train,element_set
4382,train,element_set
4383,train,element_set
4384,train,element_set
4386,train,element_set
4387,train,element_set
4388,train,element_set
4389,train,element_set
4390,train,element_set
4391,train,element_set
4392,train,element_set
4393,train,element_set
4394,train,element_set
4395,train,element_set
4396,train,element_set
4397,train,element_set
4398,train,element_set
4399,train,element_set
4400,train,element_set
4401,train,element_set
4402,train,element_set
4403,train,element_set
4404,train,element_set
4405,train,element_set
4406,train,element_set
4407,train,element_set
4409,train,element_set
4410,train,element_set
4412,train,element_set
4413,train,element_set
4414,train,element_set
4415,train,element_set
4416,train,element_set
4417,train,element_set
4418,train,element_set
4419,train,element_set
4420,train,element_set
4421,train,element_set
4422,train,element_set
4423,train,element_set
4424,train,element_set
4426,train,element_set
4427,train,element_set
4428,train,element_set
4429,train,element_set
4430,train,element_set
4431,train,element_set
4433,train,element_set
4437,train,element_set
4438,train,element_set
4439,train,element_set
4441,train,element_set
4442,train,element_set
4443,train,element_set
4444,train,element_set
4446,train,element_set
4447,train,element_set
4449,train,element_set
4450,train,element_set
4452,train,element_set
4453,train,element_set
4454,train,element_set
4455,train,element_set
4456,train,element_set
4457,train,element_set
4458,train,element_set
4461,train,element_set
4462,train,element_set
4464,train,element_set
4465,train,element_set
4466,train,element_set
4467,train,element_set
4468,train,element_set
4469,train,element_set
4472,train,element_set
4474,train,element_set
4475,train,element_set
4477,train,element_set
4478,train,element_set
4479,train,element_set
4480,train,element_set
4482,train,element_set
4483,train,element_set
4485,train,element_set
4486,train,element_set
4487,train,element_set
4488,train,element_set
4490,train,element_set
4491,train,element_set
4492,train,element_set
4493,train,element_set
4494,train,element_set
4495,train,element_set
4496,train,element_set
4497,train,element_set
4498,train,element_set
4499,train,element_set
4500,train,element_set
4501,train,element_set
4502,train,element_set
4503,train,element_set
4505,train,element_set
4506,train,element_set
4507,train,element_set
4508,train,element_set
4511,train,element_set
4512,train,element_set
4513,train,element_set
4514,train,element_set
4515,train,element_set
4516,train,element_set
4517,train,element_set
4518,train,element_set
4519,train,element_set
4521,train,element_set
4522,train,element_set
4523,train,element_set
4524,train,element_set
4525,train,element_set
4526,train,element_set
4528,train,element_set
4530,train,element_set
4531,train,element_set
4532,train,element_set
4533,train,element_set
4534,train,element_set
4535,train,element_set
4536,train,element_set
4538,train,element_set
4539,train,element_set
4540,train,element_set
4541,train,element_set
4542,train,element_set
4543,train,element_set
4544,train,element_set
4545,train,element_set
4546,train,element_set
4547,train,element_set
4548,train,element_set
4549,train,element_set
4551,train,element_set
4552,train,element_set
4553,train,element_set
4554,train,element_set
4555,train,element_set
4556,train,element_set
4557,train,element_set
4559,train,element_set
4562,train,element_set
4563,train,element_set
4564,train,element_set
4565,train,element_set
4566,train,element_set
4567,train,element_set
4568,train,element_set
4569,train,element_set
4571,train,element_set
4572,train,element_set
4573,train,element_set
4578,train,element_set
4580,train,element_set
4581,train,element_set
4582,train,element_set
4583,train,element_set
4584,train,element_set
4586,train,element_set
4587,train,element_set
4590,train,element_set
4592,train,element_set
4593,train,element_set
4594,train,element_set
4595,train,element_set
4596,train,element_set
4597,train,element_set
4598,train,element_set
4599,train,element_set
4600,train,element_set
4601,train,element_set
4603,train,element_set
4605,train,element_set
4606,train,element_set
4607,train,element_set
4608,train,element_set
4609,train,element_set
4611,train,element_set
4612,train,element_set
4613,train,element_set
4614,train,element_set
4615,train,element_set
4616,train,element_set
4617,train,element_set
4619,train,element_set
4620,train,element_set
4621,train,element_set
4622,train,element_set
4623,train,element_set
4624,train,element_set
4625,train,element_set
4626,train,element_set
4627,train,element_set
4628,train,element_set
4629,train,element_set
4630,train,element_set
4632,train,element_set
4633,train,element_set
4634,train,element_set
4635,train,element_set
4636,train,element_set
4637,train,element_set
4638,train,element_set
4639,train,element_set
4640,train,element_set
4641,train,element_set
4642,train,element_set
4643,train,element_set
4644,train,element_set
4645,train,element_set
4646,train,element_set
4647,train,element_set
4649,train,element_set
4650,train,element_set
4651,train,element_set
4653,train,element_set
4654,train,element_set
4655,train,element_set
4656,train,element_set
4658,train,element_set
4661,train,element_set
4662,train,element_set
4663,train,element_set
4664,train,element_set
4665,train,element_set
4666,train,element_set
4668,train,element_set
4669,train,element_set
4670,train,element_set
4673,train,element_set
4674,train,element_set
4675,train,element_set
4676,train,element_set
4677,train,element_set
4678,train,element_set
4679,train,element_set
4681,train,element_set
4683,train,element_set
4684,train,element_set
4685,train,element_set
4687,train,element_set
4689,train,element_set
4691,train,element_set
4692,train,element_set
4695,train,element_set
4696,train,element_set
4697,train,element_set
4698,train,element_set
4699,train,element_set
4700,train,element_set
4701,train,element_set
4702,train,element_set
4703,train,element_set
4704,train,element_set
4705,train,element_set
4706,train,element_set
4707,train,element_set
4708,train,element_set
4709,train,element_set
4710,train,element_set
4711,train,element_set
4712,train,element_set
4714,train,element_set
4715,train,element_set
4717,train,element_set
4718,train,element_set
4719,train,element_set
4720,train,element_set
4721,train,element_set
4722,train,element_set
4723,train,element_set
4724,train,element_set
4726,train,element_set
4727,train,element_set
4728,train,element_set
4729,train,element_set
4730,train,element_set
4731,train,element_set
4732,train,element_set
4733,train,element_set
4734,train,element_set
4735,train,element_set
4736,train,element_set
4737,train,element_set
4738,train,element_set
4739,train,element_set
4740,train,element_set
4741,train,element_set
4744,train,element_set
4745,train,element_set
4746,train,element_set
4747,train,element_set
4748,train,element_set
4749,train,element_set
4750,train,element_set
4751,train,element_set
4752,train,element_set
4754,train,element_set
4755,train,element_set
4756,train,element_set
4757,train,element_set
4758,train,element_set
4759,train,element_set
4760,train,element_set
4761,train,element_set
4762,train,element_set
4763,train,element_set
4764,train,element_set
4765,train,element_set
4766,train,element_set
4767,train,element_set
4769,train,element_set
4770,train,element_set
4771,train,element_set
4772,train,element_set
4774,train,element_set
4777,train,element_set
4778,train,element_set
4779,train,element_set
4781,train,element_set
4782,train,element_set
4783,train,element_set
4784,train,element_set
4785,train,element_set
4786,train,element_set
4787,train,element_set
4788,train,element_set
4789,train,element_set
4790,train,element_set
4791,train,element_set
4792,train,element_set
4793,train,element_set
4794,train,element_set
4795,train,element_set
4796,train,element_set
4797,train,element_set
4798,train,element_set
4799,train,element_set
4801,train,element_set
4802,train,element_set
4803,train,element_set
4804,train,element_set
4807,train,element_set
4808,train,element_set
4809,train,element_set
4810,train,element_set
4811,train,element_set
4813,train,element_set
4814,train,element_set
4815,train,element_set
4816,train,element_set
4817,train,element_set
4818,train,element_set
4819,train,element_set
4820,train,element_set
4821,train,element_set
4822,train,element_set
4824,train,element_set
4825,train,element_set
4826,train,element_set
4827,train,element_set
4828,train,element_set
4829,train,element_set
4831,train,element_set
4832,train,element_set
4833,train,element_set
4835,train,element_set
4836,train,element_set
4838,train,element_set
4839,train,element_set
4840,train,element_set
4843,train,element_set
4846,train,element_set
4848,train,element_set
4849,train,element_set
4850,train,element_set
4851,train,element_set
4852,train,element_set
4854,train,element_set
4855,train,element_set
4857,train,element_set
4858,train,element_set
4860,train,element_set
4861,train,element_set
4862,train,element_set
4863,train,element_set
4864,train,element_set
4865,train,element_set
4866,train,element_set
4867,train,element_set
4868,train,element_set
4869,train,element_set
4870,train,element_set
4871,train,element_set
4872,train,element_set
4873,train,element_set
4874,train,element_set
4875,train,element_set
4876,train,element_set
4877,train,element_set
4878,train,element_set
4879,train,element_set
4880,train,element_set
4881,train,element_set
4882,train,element_set
4883,train,element_set
4884,train,element_set
4886,train,element_set
4888,train,element_set
4889,train,element_set
4890,train,element_set
4892,train,element_set
4893,train,element_set
4894,train,element_set
4896,train,element_set
4898,train,element_set
4899,train,element_set
4900,train,element_set
4901,train,element_set
4902,train,element_set
4903,train,element_set
4904,train,element_set
4905,train,element_set
4907,train,element_set
4908,train,element_set
4909,train,element_set
4910,train,element_set
4912,train,element_set
4913,train,element_set
4914,train,element_set
4915,train,element_set
4916,train,element_set
4919,train,element_set
4920,train,element_set
4921,train,element_set
4922,train,element_set
4923,train,element_set
4924,train,element_set
4925,train,element_set
4926,train,element_set
4927,train,element_set
4928,train,element_set
4930,train,element_set
4931,train,element_set
4932,train,element_set
4933,train,element_set
4934,train,element_set
4936,train,element_set
4937,train,element_set
4940,train,element_set
4941,train,element_set
4942,train,element_set
4943,train,element_set
4944,train,element_set
4946,train,element_set
4947,train,element_set
4950,train,element_set
4951,train,element_set
4952,train,element_set
4953,train,element_set
4954,train,element_set
4955,train,element_set
4956,train,element_set
4957,train,element_set
4960,train,element_set
4961,train,element_set
4962,train,element_set
4963,train,element_set
4965,train,element_set
4966,train,element_set
4967,train,element_set
4968,train,element_set
4969,train,element_set
4972,train,element_set
4973,train,element_set
4974,train,element_set
4975,train,element_set
4977,train,element_set
4978,train,element_set
4979,train,element_set
4980,train,element_set
4981,train,element_set
4982,train,element_set
4983,train,element_set
4984,train,element_set
4986,train,element_set
4987,train,element_set
4989,train,element_set
4990,train,element_set
4991,train,element_set
4992,train,element_set
4993,train,element_set
4994,train,element_set
4996,train,element_set
4998,train,element_set
4999,train,element_set
5000,train,element_set
5001,train,element_set
5002,train,element_set
5003,train,element_set
5004,train,element_set
5005,train,element_set
5006,train,element_set
5007,train,element_set
5008,train,element_set
5010,train,element_set
5011,train,element_set
5013,train,element_set
5014,train,element_set
5016,train,element_set
5017,train,element_set
5018,train,element_set
5019,train,element_set
5020,train,element_set
5021,train,element_set
5023,train,element_set
5026,train,element_set
5027,train,element_set
5029,train,element_set
5030,train,element_set
5031,train,element_set
5032,train,element_set
5035,train,element_set
5036,train,element_set
5037,train,element_set
5038,train,element_set
5039,train,element_set
5041,train,element_set
5042,train,element_set
5044,train,element_set
5045,train,element_set
5046,train,element_set
5048,train,element_set
5049,train,element_set
5051,train,element_set
5052,train,element_set
5053,train,element_set
5054,train,element_set
5055,train,element_set
5056,train,element_set
5057,train,element_set
5059,train,element_set
5060,train,element_set
5061,train,element_set
5062,train,element_set
5064,train,element_set
5065,train,element_set
5066,train,element_set
5067,train,element_set
5068,train,element_set
5069,train,element_set
5070,train,element_set
5071,train,element_set
5072,train,element_set
5073,train,element_set
5074,train,element_set
5075,train,element_set
5076,train,element_set
5078,train,element_set
5080,train,element_set
5081,train,element_set
5082,train,element_set
5083,train,element_set
5084,train,element_set
5085,train,element_set
5086,train,element_set
5088,train,element_set
5089,train,element_set
5090,train,element_set
5091,train,element_set
5092,train,element_set
5093,train,element_set
5094,train,element_set
5097,train,element_set
5100,train,element_set
5102,train,element_set
5103,train,element_set
5104,train,element_set
5105,train,element_set
5106,train,element_set
5109,train,element_set
5110,train,element_set
5111,train,element_set
5112,train,element_set
5115,train,element_set
5117,train,element_set
5118,train,element_set
5119,train,element_set
5121,train,element_set
5122,train,element_set
5123,train,element_set
5124,train,element_set
5125,train,element_set
5126,train,element_set
5129,train,element_set
5130,train,element_set
5132,train,element_set
5133,train,element_set
5134,train,element_set
5135,train,element_set
5136,train,element_set
5137,train,element_set
5138,train,element_set
5139,train,element_set
5141,train,element_set
5142,train,element_set
5143,train,element_set
5144,train,element_set
5146,train,element_set
5147,train,element_set
5148,train,element_set
5149,train,element_set
5150,train,element_set
5151,train,element_set
5152,train,element_set
5153,train,element_set
5154,train,element_set
5155,train,element_set
5156,train,element_set
5157,train,element_set
5158,train,element_set
5159,train,element_set
5160,train,element_set
5161,train,element_set
5162,train,element_set
5163,train,element_set
5164,train,element_set
5166,train,element_set
5167,train,element_set
5168,train,element_set
5169,train,element_set
5170,train,element_set
5171,train,element_set
5173,train,element_set
5174,train,element_set
5175,train,element_set
5176,train,element_set
5177,train,element_set
5178,train,element_set
5179,train,element_set
5180,train,element_set
5183,train,element_set
5184,train,element_set
5186,train,element_set
5187,train,element_set
5188,train,element_set
5189,train,element_set
5190,train,element_set
5191,train,element_set
5193,train,element_set
5194,train,element_set
5195,train,element_set
5196,train,element_set
5197,train,element_set
5198,train,element_set
5199,train,element_set
5200,train,element_set
5201,train,element_set
5202,train,element_set
5203,train,element_set
5204,train,element_set
5205,train,element_set
5206,train,element_set
5207,train,element_set
5208,train,element_set
5210,train,element_set
5211,train,element_set
5212,train,element_set
5213,train,element_set
5214,train,element_set
5215,train,element_set
5217,train,element_set
5218,train,element_set
5219,train,element_set
5220,train,element_set
5222,train,element_set
5224,train,element_set
5225,train,element_set
5226,train,element_set
5228,train,element_set
5229,train,element_set
5230,train,element_set
5231,train,element_set
5232,train,element_set
5234,train,element_set
5235,train,element_set
5236,train,element_set
5237,train,element_set
5238,train,element_set
5239,train,element_set
5241,train,element_set
5242,train,element_set
5244,train,element_set
5245,train,element_set
5246,train,element_set
5247,train,element_set
5248,train,element_set
5249,train,element_set
5250,train,element_set
5251,train,element_set
5253,train,element_set
5254,train,element_set
5255,train,element_set
5256,train,element_set
5257,train,element_set
5258,train,element_set
5259,train,element_set
5261,train,element_set
5265,train,element_set
5266,train,element_set
5267,train,element_set
5268,train,element_set
5269,train,element_set
5271,train,element_set
5272,train,element_set
5273,train,element_set
5275,train,element_set
5276,train,element_set
5277,train,element_set
5278,train,element_set
5279,train,element_set
5280,train,element_set
5283,train,element_set
5284,train,element_set
5286,train,element_set
5288,train,element_set
5290,train,element_set
5291,train,element_set
5293,train,element_set
5295,train,element_set
5296,train,element_set
5298,train,element_set
5299,train,element_set
5300,train,element_set
5301,train,element_set
5302,train,element_set
5303,train,element_set
5304,train,element_set
5305,train,element_set
5307,train,element_set
5308,train,element_set
5309,train,element_set
5311,train,element_set
5313,train,element_set
5314,train,element_set
5315,train,element_set
5316,train,element_set
5317,train,element_set
5318,train,element_set
5319,train,element_set
5320,train,element_set
5321,train,element_set
5322,train,element_set
5323,train,element_set
5324,train,element_set
5325,train,element_set
5326,train,element_set
5327,train,element_set
5328,train,element_set
5329,train,element_set
5330,train,element_set
5331,train,element_set
5332,train,element_set
5333,train,element_set
5335,train,element_set
5337,train,element_set
5339,train,element_set
5340,train,element_set
5341,train,element_set
5342,train,element_set
5346,train,element_set
5347,train,element_set
5349,train,element_set
5350,train,element_set
5351,train,element_set
5352,train,element_set
5353,train,element_set
5354,train,element_set
5355,train,element_set
5356,train,element_set
5358,train,element_set
5359,train,element_set
5360,train,element_set
5361,train,element_set
5362,train,element_set
5363,train,element_set
5365,train,element_set
5366,train,element_set
5368,train,element_set
5369,train,element_set
5370,train,element_set
5371,train,element_set
5374,train,element_set
5375,train,element_set
5376,train,element_set
5378,train,element_set
5379,train,element_set
5380,train,element_set
5381,train,element_set
5383,train,element_set
5384,train,element_set
5385,train,element_set
5386,train,element_set
5387,train,element_set
5388,train,element_set
5389,train,element_set
5390,train,element_set
5391,train,element_set
5392,train,element_set
5393,train,element_set
5394,train,element_set
5395,train,element_set
5396,train,element_set
5397,train,element_set
5398,train,element_set
5399,train,element_set
5400,train,element_set
5401,train,element_set
5402,train,element_set
5403,train,element_set
5404,train,element_set
5405,train,element_set
5407,train,element_set
5408,train,element_set
5411,train,element_set
5412,train,element_set
5413,train,element_set
5415,train,element_set
5416,train,element_set
5417,train,element_set
5418,train,element_set
5419,train,element_set
5421,train,element_set
5422,train,element_set
5423,train,element_set
5424,train,element_set
5425,train,element_set
5426,train,element_set
5427,train,element_set
5428,train,element_set
5429,train,element_set
5430,train,element_set
5432,train,element_set
5433,train,element_set
5434,train,element_set
5435,train,element_set
5437,train,element_set
5438,train,element_set
5439,train,element_set
5440,train,element_set
5441,train,element_set
5442,train,element_set
5443,train,element_set
5445,train,element_set
5446,train,element_set
5447,train,element_set
5448,train,element_set
5450,train,element_set
5451,train,element_set
5453,train,element_set
5455,train,element_set
5456,train,element_set
5457,train,element_set
5458,train,element_set
5459,train,element_set
5460,train,element_set
5461,train,element_set
5462,train,element_set
5463,train,element_set
5465,train,element_set
5466,train,element_set
5467,train,element_set
5468,train,element_set
5470,train,element_set
5472,train,element_set
5473,train,element_set
5474,train,element_set
5475,train,element_set
5476,train,element_set
5477,train,element_set
5482,train,element_set
5483,train,element_set
5484,train,element_set
5486,train,element_set
5487,train,element_set
5488,train,element_set
5489,train,element_set
5490,train,element_set
5491,train,element_set
5492,train,element_set
5493,train,element_set
5494,train,element_set
5496,train,element_set
5497,train,element_set
5498,train,element_set
5499,train,element_set
5500,train,element_set
5501,train,element_set
5502,train,element_set
5503,train,element_set
5504,train,element_set
5505,train,element_set
5507,train,element_set
5508,train,element_set
5509,train,element_set
5511,train,element_set
5513,train,element_set
5514,train,element_set
5515,train,element_set
5516,train,element_set
5517,train,element_set
5518,train,element_set
5519,train,element_set
5521,train,element_set
5522,train,element_set
5523,train,element_set
5524,train,element_set
5525,train,element_set
5526,train,element_set
5528,train,element_set
5529,train,element_set
5530,train,element_set
5531,train,element_set
5532,train,element_set
5533,train,element_set
5534,train,element_set
5535,train,element_set
5536,train,element_set
5537,train,element_set
5538,train,element_set
5539,train,element_set
5542,train,element_set
5543,train,element_set
5544,train,element_set
5545,train,element_set
5547,train,element_set
5549,train,element_set
5550,train,element_set
5551,train,element_set
5553,train,element_set
5555,train,element_set
5556,train,element_set
5557,train,element_set
5558,train,element_set
5560,train,element_set
5561,train,element_set
5563,train,element_set
5564,train,element_set
5567,train,element_set
5568,train,element_set
5569,train,element_set
5571,train,element_set
5572,train,element_set
5573,train,element_set
5575,train,element_set
5576,train,element_set
5577,train,element_set
5581,train,element_set
5582,train,element_set
5583,train,element_set
5584,train,element_set
5585,train,element_set
5586,train,element_set
5587,train,element_set
5588,train,element_set
5590,train,element_set
5593,train,element_set
5594,train,element_set
5595,train,element_set
5597,train,element_set
5598,train,element_set
5599,train,element_set
5601,train,element_set
5602,train,element_set
5603,train,element_set
5604,train,element_set
5605,train,element_set
5606,train,element_set
5607,train,element_set
5608,train,element_set
5609,train,element_set
5611,train,element_set
5612,train,element_set
5613,train,element_set
5614,train,element_set
5615,train,element_set
5616,train,element_set
5617,train,element_set
5618,train,element_set
5620,train,element_set
5621,train,element_set
5622,train,element_set
5623,train,element_set
5624,train,element_set
5625,train,element_set
5626,train,element_set
5627,train,element_set
5628,train,element_set
5630,train,element_set
5631,train,element_set
5632,train,element_set
5633,train,element_set
5634,train,element_set
5635,train,element_set
5636,train,element_set
5637,train,element_set
5638,train,element_set
5639,train,element_set
5640,train,element_set
5641,train,element_set
5642,train,element_set
5643,train,element_set
5644,train,element_set
5646,train,element_set
5647,train,element_set
5649,train,element_set
5651,train,element_set
5652,train,element_set
5653,train,element_set
5656,train,element_set
5657,train,element_set
5658,train,element_set
5659,train,element_set
5660,train,element_set
5661,train,element_set
5662,train,element_set
5663,train,element_set
5664,train,element_set
5665,train,element_set
5666,train,element_set
5668,train,element_set
5669,train,element_set
5670,train,element_set
5671,train,element_set
5672,train,element_set
5673,train,element_set
5675,train,element_set
5676,train,element_set
5678,train,element_set
5680,train,element_set
5681,train,element_set
5682,train,element_set
5684,train,element_set
5686,train,element_set
5689,train,element_set
5690,train,element_set
5691,train,element_set
5694,train,element_set
5695,train,element_set
5696,train,element_set
5698,train,element_set
5699,train,element_set
5700,train,element_set
5701,train,element_set
5702,train,element_set
5705,train,element_set
5706,train,element_set
5707,train,element_set
5708,train,element_set
5709,train,element_set
5710,train,element_set
5711,train,element_set
5712,train,element_set
5713,train,element_set
5715,train,element_set
5716,train,element_set
5718,train,element_set
5719,train,element_set
5720,train,element_set
5721,train,element_set
5723,train,element_set
5725,train,element_set
5726,train,element_set
5727,train,element_set
5729,train,element_set
5731,train,element_set
5732,train,element_set
5734,train,element_set
5735,train,element_set
5737,train,element_set
5738,train,element_set
5739,train,element_set
5740,train,element_set
5741,train,element_set
5743,train,element_set
5744,train,element_set
5745,train,element_set
5748,train,element_set
5749,train,element_set
5751,train,element_set
5752,train,element_set
5753,train,element_set
5754,train,element_set
5755,train,element_set
5756,train,element_set
5757,train,element_set
5758,train,element_set
5760,train,element_set
5761,train,element_set
5762,train,element_set
5763,train,element_set
5764,train,element_set
5766,train,element_set
5767,train,element_set
5769,train,element_set
5770,train,element_set
5772,train,element_set
5773,train,element_set
5775,train,element_set
5776,train,element_set
5777,train,element_set
5779,train,element_set
5782,train,element_set
5786,train,element_set
5787,train,element_set
5788,train,element_set
5789,train,element_set
5790,train,element_set
5791,train,element_set
5792,train,element_set
5793,train,element_set
5794,train,element_set
5795,train,element_set
5796,train,element_set
5800,train,element_set
5801,train,element_set
5802,train,element_set
5803,train,element_set
5804,train,element_set
5805,train,element_set
5806,train,element_set
5807,train,element_set
5808,train,element_set
5810,train,element_set
5811,train,element_set
5812,train,element_set
5813,train,element_set
5814,train,element_set
5815,train,element_set
5816,train,element_set
5817,train,element_set
5818,train,element_set
5819,train,element_set
5820,train,element_set
5821,train,element_set
5822,train,element_set
5824,train,element_set
5826,train,element_set
5827,train,element_set
5828,train,element_set
5829,train,element_set
5830,train,element_set
5831,train,element_set
5832,train,element_set
5834,train,element_set
5836,train,element_set
5838,train,element_set
5839,train,element_set
5840,train,element_set
5841,train,element_set
5842,train,element_set
5843,train,element_set
5845,train,element_set
5846,train,element_set
5848,train,element_set
5849,train,element_set
5850,train,element_set
5852,train,element_set
5853,train,element_set
5854,train,element_set
5855,train,element_set
5856,train,element_set
5857,train,element_set
5858,train,element_set
5859,train,element_set
5860,train,element_set
5861,train,element_set
5862,train,element_set
5863,train,element_set
5864,train,element_set
5866,train,element_set
5867,train,element_set
5868,train,element_set
5869,train,element_set
5870,train,element_set
5872,train,element_set
5873,train,element_set
5874,train,element_set
5875,train,element_set
5876,train,element_set
5877,train,element_set
5878,train,element_set
5880,train,element_set
5881,train,element_set
5883,train,element_set
5884,train,element_set
5885,train,element_set
5886,train,element_set
5887,train,element_set
5889,train,element_set
5890,train,element_set
5891,train,element_set
5892,train,element_set
5893,train,element_set
5894,train,element_set
5896,train,element_set
5897,train,element_set
5900,train,element_set
5901,train,element_set
5902,train,element_set
5904,train,element_set
5905,train,element_set
5906,train,element_set
5907,train,element_set
5908,train,element_set
5909,train,element_set
5910,train,element_set
5911,train,element_set
5912,train,element_set
5913,train,element_set
5914,train,element_set
5915,train,element_set
5916,train,element_set
5917,train,element_set
5918,train,element_set
5919,train,element_set
5920,train,element_set
5921,train,element_set
5922,train,element_set
5923,train,element_set
5924,train,element_set
5925,train,element_set
5926,train,element_set
5927,train,element_set
5928,train,element_set
5929,train,element_set
5930,train,element_set
5932,train,element_set
5933,train,element_set
5934,train,element_set
5935,train,element_set
5936,train,element_set
5937,train,element_set
5939,train,element_set
5940,train,element_set
5941,train,element_set
5943,train,element_set
5944,train,element_set
5945,train,element_set
5946,train,element_set
5947,train,element_set
5948,train,element_set
5949,train,element_set
5951,train,element_set
5952,train,element_set
5953,train,element_set
5954,train,element_set
5955,train,element_set
5956,train,element_set
5958,train,element_set
5959,train,element_set
5960,train,element_set
5961,train,element_set
5962,train,element_set
5963,train,element_set
5964,train,element_set
5965,train,element_set
5966,train,element_set
5967,train,element_set
5968,train,element_set
5969,train,element_set
5971,train,element_set
5972,train,element_set
5973,train,element_set
5974,train,element_set
5976,train,element_set
5977,train,element_set
5979,train,element_set
5980,train,element_set
5982,train,element_set
5984,train,element_set
5985,train,element_set
5986,train,element_set
5988,train,element_set
5989,train,element_set
5990,train,element_set
5991,train,element_set
5992,train,element_set
5994,train,element_set
5995,train,element_set
5996,train,element_set
5997,train,element_set
5999,train,element_set
6000,train,element_set
6001,train,element_set
6002,train,element_set
6003,train,element_set
6004,train,element_set
6005,train,element_set
6006,train,element_set
6008,train,element_set
6009,train,element_set
6012,train,element_set
6013,train,element_set
6014,train,element_set
6015,train,element_set
6016,train,element_set
6017,train,element_set
6018,train,element_set
6019,train,element_set
6020,train,element_set
6021,train,element_set
6022,train,element_set
6023,train,element_set
6025,train,element_set
6026,train,element_set
6027,train,element_set
6028,train,element_set
6029,train,element_set
6030,train,element_set
6031,train,element_set
6032,train,element_set
6033,train,element_set
6035,train,element_set
6036,train,element_set
6039,train,element_set
6040,train,element_set
6041,train,element_set
6043,train,element_set
6044,train,element_set
6045,train,element_set
6046,train,element_set
6047,train,element_set
6050,train,element_set
6051,train,element_set
6052,train,element_set
6053,train,element_set
6054,train,element_set
6055,train,element_set
6056,train,element_set
6058,train,element_set
6059,train,element_set
6060,train,element_set
6062,train,element_set
6063,train,element_set
6064,train,element_set
6065,train,element_set
6067,train,element_set
6068,train,element_set
6069,train,element_set
6070,train,element_set
6072,train,element_set
6073,train,element_set
6074,train,element_set
6075,train,element_set
6076,train,element_set
6077,train,element_set
6078,train,element_set
6079,train,element_set
6080,train,element_set
6081,train,element_set
6083,train,element_set
6084,train,element_set
6085,train,element_set
6086,train,element_set
6088,train,element_set
6089,train,element_set
6090,train,element_set
6091,train,element_set
6092,train,element_set
6093,train,element_set
6094,train,element_set
6095,train,element_set
6096,train,element_set
6097,train,element_set
6098,train,element_set
6099,train,element_set
6101,train,element_set
6102,train,element_set
6103,train,element_set
6104,train,element_set
6105,train,element_set
6106,train,element_set
6107,train,element_set
6108,train,element_set
6109,train,element_set
6110,train,element_set
6111,train,element_set
6112,train,element_set
6113,train,element_set
6114,train,element_set
6115,train,element_set
6117,train,element_set
6118,train,element_set
6119,train,element_set
6120,train,element_set
6122,train,element_set
6123,train,element_set
6124,train,element_set
6125,train,element_set
6126,train,element_set
6127,train,element_set
6128,train,element_set
6129,train,element_set
6130,train,element_set
6131,train,element_set
6132,train,element_set
6134,train,element_set
6136,train,element_set
6137,train,element_set
6139,train,element_set
6140,train,element_set
6141,train,element_set
6142,train,element_set
6143,train,element_set
6144,train,element_set
6145,train,element_set
6146,train,element_set
6147,train,element_set
6149,train,element_set
6151,train,element_set
6152,train,element_set
6154,train,element_set
6155,train,element_set
6156,train,element_set
6158,train,element_set
6159,train,element_set
6160,train,element_set
6161,train,element_set
6163,train,element_set
6164,train,element_set
6165,train,element_set
6168,train,element_set
6169,train,element_set
6170,train,element_set
6171,train,element_set
6172,train,element_set
6173,train,element_set
6174,train,element_set
6175,train,element_set
6176,train,element_set
6177,train,element_set
6178,train,element_set
6180,train,element_set
6182,train,element_set
6183,train,element_set
6185,train,element_set
6186,train,element_set
6187,train,element_set
6188,train,element_set
6189,train,element_set
6190,train,element_set
6192,train,element_set
6193,train,element_set
6194,train,element_set
6195,train,element_set
6196,train,element_set
6197,train,element_set
6200,train,element_set
6201,train,element_set
6202,train,element_set
6203,train,element_set
6204,train,element_set
6206,train,element_set
6207,train,element_set
6208,train,element_set
6209,train,element_set
6210,train,element_set
6212,train,element_set
6213,train,element_set
6214,train,element_set
6215,train,element_set
6216,train,element_set
6217,train,element_set
6219,train,element_set
6220,train,element_set
6222,train,element_set
6223,train,element_set
6224,train,element_set
6225,train,element_set
6226,train,element_set
6227,train,element_set
6229,train,element_set
6230,train,element_set
6231,train,element_set
6232,train,element_set
6233,train,element_set
6234,train,element_set
6235,train,element_set
6236,train,element_set
6237,train,element_set
6238,train,element_set
6241,train,element_set
6242,train,element_set
6243,train,element_set
6244,train,element_set
6245,train,element_set
6246,train,element_set
6247,train,element_set
6248,train,element_set
6249,train,element_set
6250,train,element_set
6253,train,element_set
6254,train,element_set
6255,train,element_set
6256,train,element_set
6257,train,element_set
6258,train,element_set
6259,train,element_set
6260,train,element_set
6261,train,element_set
6263,train,element_set
6265,train,element_set
6266,train,element_set
6267,train,element_set
6269,train,element_set
6270,train,element_set
6272,train,element_set
6273,train,element_set
6274,train,element_set
6275,train,element_set
6277,train,element_set
6278,train,element_set
6279,train,element_set
6280,train,element_set
6281,train,element_set
6282,train,element_set
6283,train,element_set
6284,train,element_set
6285,train,element_set
6286,train,element_set
6287,train,element_set
6289,train,element_set
6290,train,element_set
6291,train,element_set
6292,train,element_set
6294,train,element_set
6295,train,element_set
6296,train,element_set
6297,train,element_set
6298,train,element_set
6299,train,element_set
6301,train,element_set
6302,train,element_set
6303,train,element_set
6304,train,element_set
6305,train,element_set
6306,train,element_set
6307,train,element_set
6308,train,element_set
6309,train,element_set
6310,train,element_set
6314,train,element_set
6315,train,element_set
6316,train,element_set
6317,train,element_set
6318,train,element_set
6319,train,element_set
6320,train,element_set
6322,train,element_set
6323,train,element_set
6325,train,element_set
6326,train,element_set
6328,train,element_set
6329,train,element_set
6331,train,element_set
6332,train,element_set
6333,train,element_set
6335,train,element_set
6336,train,element_set
6337,train,element_set
6339,train,element_set
6340,train,element_set
6341,train,element_set
6342,train,element_set
6343,train,element_set
6345,train,element_set
6346,train,element_set
6347,train,element_set
6348,train,element_set
6349,train,element_set
6350,train,element_set
6352,train,element_set
6353,train,element_set
6354,train,element_set
6355,train,element_set
6356,train,element_set
6357,train,element_set
6358,train,element_set
6359,train,element_set
6360,train,element_set
6361,train,element_set
6362,train,element_set
6363,train,element_set
6365,train,element_set
6366,train,element_set
6367,train,element_set
6369,train,element_set
6370,train,element_set
6372,train,element_set
6373,train,element_set
6375,train,element_set
6376,train,element_set
6377,train,element_set
6378,train,element_set
6379,train,element_set
6380,train,element_set
6382,train,element_set
6383,train,element_set
6384,train,element_set
6385,train,element_set
6387,train,element_set
6388,train,element_set
6390,train,element_set
6391,train,element_set
6393,train,element_set
6394,train,element_set
6395,train,element_set
6397,train,element_set
6398,train,element_set
6400,train,element_set
6401,train,element_set
6403,train,element_set
6404,train,element_set
6406,train,element_set
6407,train,element_set
6409,train,element_set
6410,train,element_set
6411,train,element_set
6412,train,element_set
6413,train,element_set
6414,train,element_set
6415,train,element_set
6416,train,element_set
6417,train,element_set
6418,train,element_set
6419,train,element_set
6420,train,element_set
6421,train,element_set
6423,train,element_set
6424,train,element_set
6425,train,element_set
6426,train,element_set
6427,train,element_set
6428,train,element_set
6430,train,element_set
6431,train,element_set
6432,train,element_set
6433,train,element_set
6434,train,element_set
6436,train,element_set
6437,train,element_set
6438,train,element_set
6439,train,element_set
6440,train,element_set
6441,train,element_set
6442,train,element_set
6443,train,element_set
6444,train,element_set
6446,train,element_set
6448,train,element_set
6449,train,element_set
6450,train,element_set
6451,train,element_set
6452,train,element_set
6453,train,element_set
6454,train,element_set
6455,train,element_set
6456,train,element_set
6458,train,element_set
6459,train,element_set
6461,train,element_set
6462,train,element_set
6463,train,element_set
6464,train,element_set
6465,train,element_set
6467,train,element_set
6468,train,element_set
6469,train,element_set
6470,train,element_set
6472,train,element_set
6473,train,element_set
6474,train,element_set
6475,train,element_set
6476,train,element_set
6477,train,element_set
6478,train,element_set
6479,train,element_set
6480,train,element_set
6481,train,element_set
6483,train,element_set
6485,train,element_set
6486,train,element_set
6487,train,element_set
6488,train,element_set
6489,train,element_set
6490,train,element_set
6491,train,element_set
6492,train,element_set
6493,train,element_set
6494,train,element_set
6495,train,element_set
6496,train,element_set
6498,train,element_set
6499,train,element_set
6500,train,element_set
6501,train,element_set
6502,train,element_set
6503,train,element_set
6504,train,element_set
6505,train,element_set
6506,train,element_set
6507,train,element_set
6508,train,element_set
6509,train,element_set
6510,train,element_set
6511,train,element_set
6512,train,element_set
6513,train,element_set
6514,train,element_set
6516,train,element_set
6518,train,element_set
6519,train,element_set
6520,train,element_set
6522,train,element_set
6523,train,element_set
6524,train,element_set
6525,train,element_set
6526,train,element_set
6527,train,element_set
6528,train,element_set
6530,train,element_set
6531,train,element_set
6532,train,element_set
6533,train,element_set
6536,train,element_set
6537,train,element_set
6538,train,element_set
6540,train,element_set
6541,train,element_set
6543,train,element_set
6544,train,element_set
6545,train,element_set
6547,train,element_set
6548,train,element_set
6550,train,element_set
6551,train,element_set
6552,train,element_set
6553,train,element_set
6554,train,element_set
6555,train,element_set
6556,train,element_set
6559,train,element_set
6560,train,element_set
6561,train,element_set
6562,train,element_set
6566,train,element_set
6567,train,element_set
6568,train,element_set
6569,train,element_set
6570,train,element_set
6571,train,element_set
6572,train,element_set
6573,train,element_set
6574,train,element_set
6576,train,element_set
6577,train,element_set
6578,train,element_set
6579,train,element_set
6580,train,element_set
6581,train,element_set
6582,train,element_set
6584,train,element_set
6585,train,element_set
6586,train,element_set
6587,train,element_set
6589,train,element_set
6590,train,element_set
6591,train,element_set
6592,train,element_set
6593,train,element_set
6594,train,element_set
6595,train,element_set
6596,train,element_set
6597,train,element_set
6598,train,element_set
6599,train,element_set
6602,train,element_set
6603,train,element_set
6604,train,element_set
6605,train,element_set
6606,train,element_set
6607,train,element_set
6609,train,element_set
6610,train,element_set
6611,train,element_set
6613,train,element_set
6614,train,element_set
6615,train,element_set
6616,train,element_set
6617,train,element_set
6619,train,element_set
6620,train,element_set
6621,train,element_set
6622,train,element_set
6623,train,element_set
6624,train,element_set
6625,train,element_set
6626,train,element_set
6627,train,element_set
6628,train,element_set
6629,train,element_set
6630,train,element_set
6631,train,element_set
6633,train,element_set
6634,train,element_set
6635,train,element_set
6639,train,element_set
6641,train,element_set
6642,train,element_set
6645,train,element_set
6646,train,element_set
6647,train,element_set
6648,train,element_set
6650,train,element_set
6651,train,element_set
6652,train,element_set
6653,train,element_set
6654,train,element_set
6657,train,element_set
6658,train,element_set
6660,train,element_set
6662,train,element_set
6663,train,element_set
6664,train,element_set
6665,train,element_set
6666,train,element_set
6667,train,element_set
6669,train,element_set
6670,train,element_set
6671,train,element_set
6672,train,element_set
6675,train,element_set
6676,train,element_set
6677,train,element_set
6678,train,element_set
6679,train,element_set
6680,train,element_set
6681,train,element_set
6682,train,element_set
6683,train,element_set
6685,train,element_set
6686,train,element_set
6688,train,element_set
6690,train,element_set
6691,train,element_set
6692,train,element_set
6693,train,element_set
6694,train,element_set
6697,train,element_set
6698,train,element_set
6699,train,element_set
6700,train,element_set
6701,train,element_set
6703,train,element_set
6705,train,element_set
6706,train,element_set
6708,train,element_set
6709,train,element_set
6710,train,element_set
6711,train,element_set
6712,train,element_set
6713,train,element_set
6714,train,element_set
6715,train,element_set
6717,train,element_set
6718,train,element_set
6719,train,element_set
6720,train,element_set
6722,train,element_set
6723,train,element_set
6724,train,element_set
6725,train,element_set
6726,train,element_set
6730,train,element_set
6731,train,element_set
6732,train,element_set
6734,train,element_set
6736,train,element_set
6737,train,element_set
6740,train,element_set
6741,train,element_set
6742,train,element_set
6743,train,element_set
6744,train,element_set
6746,train,element_set
6747,train,element_set
6748,train,element_set
6750,train,element_set
6751,train,element_set
6752,train,element_set
6753,train,element_set
6754,train,element_set
6755,train,element_set
6757,train,element_set
6758,train,element_set
6760,train,element_set
6761,train,element_set
6762,train,element_set
6763,train,element_set
6764,train,element_set
6766,train,element_set
6767,train,element_set
6768,train,element_set
6770,train,element_set
6771,train,element_set
6772,train,element_set
6773,train,element_set
6774,train,element_set
6775,train,element_set
6776,train,element_set
6777,train,element_set
6778,train,element_set
6779,train,element_set
6780,train,element_set
6781,train,element_set
6782,train,element_set
6783,train,element_set
6784,train,element_set
6785,train,element_set
6786,train,element_set
6787,train,element_set
6788,train,element_set
6789,train,element_set
6790,train,element_set
6791,train,element_set
6792,train,element_set
6793,train,element_set
6794,train,element_set
6795,train,element_set
6796,train,element_set
6797,train,element_set
6798,train,element_set
6799,train,element_set
6800,train,element_set
6801,train,element_set
6802,train,element_set
6803,train,element_set
6805,train,element_set
6806,train,element_set
6807,train,element_set
6808,train,element_set
6809,train,element_set
6810,train,element_set
6811,train,element_set
6812,train,element_set
6813,train,element_set
6814,train,element_set
6815,train,element_set
6816,train,element_set
6817,train,element_set
6818,train,element_set
6819,train,element_set
6820,train,element_set
6821,train,element_set
6822,train,element_set
6823,train,element_set
6824,train,element_set
6825,train,element_set
6826,train,element_set
6827,train,element_set
6828,train,element_set
6829,train,element_set
6830,train,element_set
6832,train,element_set
6833,train,element_set
6834,train,element_set
6835,train,element_set
6836,train,element_set
6837,train,element_set
6838,train,element_set
6839,train,element_set
6841,train,element_set
6843,train,element_set
6844,train,element_set
6845,train,element_set
6846,train,element_set
6847,train,element_set
6848,train,element_set
6849,train,element_set
6850,train,element_set
6851,train,element_set
6852,train,element_set
6853,train,element_set
6854,train,element_set
6855,train,element_set
6859,train,element_set
6860,train,element_set
6861,train,element_set
6862,train,element_set
6863,train,element_set
6864,train,element_set
6866,train,element_set
6868,train,element_set
6869,train,element_set
6870,train,element_set
6871,train,element_set
6872,train,element_set
6873,train,element_set
6874,train,element_set
6876,train,element_set
6877,train,element_set
6878,train,element_set
6880,train,element_set
6881,train,element_set
6882,train,element_set
6883,train,element_set
6884,train,element_set
6885,train,element_set
6886,train,element_set
6888,train,element_set
6890,train,element_set
6891,train,element_set
6892,train,element_set
6893,train,element_set
6895,train,element_set
6896,train,element_set
6898,train,element_set
6899,train,element_set
6900,train,element_set
6901,train,element_set
6902,train,element_set
6903,train,element_set
6904,train,element_set
6905,train,element_set
6906,train,element_set
6907,train,element_set
6908,train,element_set
6909,train,element_set
6910,train,element_set
6911,train,element_set
6912,train,element_set
6913,train,element_set
6914,train,element_set
6915,train,element_set
6916,train,element_set
6917,train,element_set
6918,train,element_set
6920,train,element_set
6921,train,element_set
6922,train,element_set
6923,train,element_set
6924,train,element_set
6926,train,element_set
6927,train,element_set
6928,train,element_set
6930,train,element_set
6931,train,element_set
6932,train,element_set
6933,train,element_set
6934,train,element_set
6936,train,element_set
6937,train,element_set
6938,train,element_set
6939,train,element_set
6941,train,element_set
6945,train,element_set
6946,train,element_set
6947,train,element_set
6949,train,element_set
6950,train,element_set
6951,train,element_set
6953,train,element_set
6954,train,element_set
6955,train,element_set
6956,train,element_set
6958,train,element_set
6959,train,element_set
6961,train,element_set
6962,train,element_set
6963,train,element_set
6964,train,element_set
6965,train,element_set
6967,train,element_set
6968,train,element_set
6969,train,element_set
6970,train,element_set
6972,train,element_set
6973,train,element_set
6974,train,element_set
6975,train,element_set
6977,train,element_set
6978,train,element_set
6980,train,element_set
6981,train,element_set
6982,train,element_set
6983,train,element_set
6984,train,element_set
6985,train,element_set
6986,train,element_set
6987,train,element_set
6988,train,element_set
6989,train,element_set
6990,train,element_set
6992,train,element_set
6994,train,element_set
6996,train,element_set
6997,train,element_set
6998,train,element_set
6999,train,element_set
7000,train,element_set
7001,train,element_set
7002,train,element_set
7003,train,element_set
7004,train,element_set
7006,train,element_set
7007,train,element_set
7009,train,element_set
7010,train,element_set
7011,train,element_set
7012,train,element_set
7013,train,element_set
7014,train,element_set
7015,train,element_set
7016,train,element_set
7018,train,element_set
7019,train,element_set
7020,train,element_set
7023,train,element_set
7024,train,element_set
7028,train,element_set
7029,train,element_set
7030,train,element_set
7031,train,element_set
7032,train,element_set
7033,train,element_set
7034,train,element_set
7035,train,element_set
7036,train,element_set
7037,train,element_set
7038,train,element_set
7039,train,element_set
7040,train,element_set
7042,train,element_set
7043,train,element_set
7044,train,element_set
7046,train,element_set
7047,train,element_set
7049,train,element_set
7050,train,element_set
7051,train,element_set
7052,train,element_set
7053,train,element_set
7054,train,element_set
7055,train,element_set
7056,train,element_set
7057,train,element_set
7058,train,element_set
7059,train,element_set
7060,train,element_set
7061,train,element_set
7062,train,element_set
7063,train,element_set
7064,train,element_set
7065,train,element_set
7067,train,element_set
7068,train,element_set
7069,train,element_set
7070,train,element_set
7071,train,element_set
7074,train,element_set
7075,train,element_set
7076,train,element_set
7077,train,element_set
7078,train,element_set
7079,train,element_set
7080,train,element_set
7081,train,element_set
7083,train,element_set
7084,train,element_set
7086,train,element_set
7087,train,element_set
7088,train,element_set
7090,train,element_set
7091,train,element_set
7092,train,element_set
7093,train,element_set
7095,train,element_set
7096,train,element_set
7097,train,element_set
7098,train,element_set
7099,train,element_set
7100,train,element_set
7101,train,element_set
7103,train,element_set
7104,train,element_set
7105,train,element_set
7106,train,element_set
7108,train,element_set
7109,train,element_set
7110,train,element_set
7111,train,element_set
7112,train,element_set
7113,train,element_set
7115,train,element_set
7116,train,element_set
7117,train,element_set
7118,train,element_set
7119,train,element_set
7120,train,element_set
7121,train,element_set
7122,train,element_set
7123,train,element_set
7126,train,element_set
7127,train,element_set
7129,train,element_set
7130,train,element_set
7131,train,element_set
7134,train,element_set
7135,train,element_set
7136,train,element_set
7137,train,element_set
7139,train,element_set
7140,train,element_set
7142,train,element_set
7143,train,element_set
7144,train,element_set
7145,train,element_set
7146,train,element_set
7149,train,element_set
7150,train,element_set
7151,train,element_set
7152,train,element_set
7153,train,element_set
7154,train,element_set
7155,train,element_set
7156,train,element_set
7157,train,element_set
7159,train,element_set
7160,train,element_set
7161,train,element_set
7163,train,element_set
7164,train,element_set
7165,train,element_set
7166,train,element_set
7167,train,element_set
7168,train,element_set
7169,train,element_set
7170,train,element_set
7175,train,element_set
7176,train,element_set
7177,train,element_set
7179,train,element_set
7182,train,element_set
7184,train,element_set
7185,train,element_set
7186,train,element_set
7187,train,element_set
7189,train,element_set
7191,train,element_set
7192,train,element_set
7193,train,element_set
7194,train,element_set
7195,train,element_set
7196,train,element_set
7197,train,element_set
7198,train,element_set
7199,train,element_set
7200,train,element_set
7201,train,element_set
7203,train,element_set
7204,train,element_set
7205,train,element_set
7206,train,element_set
7207,train,element_set
7208,train,element_set
7210,train,element_set
7211,train,element_set
7212,train,element_set
7214,train,element_set
7215,train,element_set
7216,train,element_set
7217,train,element_set
7218,train,element_set
7219,train,element_set
7221,train,element_set
7224,train,element_set
7225,train,element_set
7226,train,element_set
7227,train,element_set
7228,train,element_set
7229,train,element_set
7230,train,element_set
7231,train,element_set
7232,train,element_set
7234,train,element_set
7236,train,element_set
7237,train,element_set
7238,train,element_set
7239,train,element_set
7240,train,element_set
7241,train,element_set
7242,train,element_set
7244,train,element_set
7245,train,element_set
7246,train,element_set
7249,train,element_set
7250,train,element_set
7251,train,element_set
7252,train,element_set
7253,train,element_set
7254,train,element_set
7255,train,element_set
7256,train,element_set
7257,train,element_set
7258,train,element_set
7260,train,element_set
7262,train,element_set
7263,train,element_set
7264,train,element_set
7265,train,element_set
7266,train,element_set
7267,train,element_set
7268,train,element_set
7269,train,element_set
7270,train,element_set
7271,train,element_set
7272,train,element_set
7273,train,element_set
7275,train,element_set
7276,train,element_set
7278,train,element_set
7279,train,element_set
7281,train,element_set
7282,train,element_set
7283,train,element_set
7284,train,element_set
7286,train,element_set
7287,train,element_set
7291,train,element_set
7295,train,element_set
7296,train,element_set
7297,train,element_set
7298,train,element_set
7299,train,element_set
7302,train,element_set
7303,train,element_set
7304,train,element_set
7305,train,element_set
7306,train,element_set
7307,train,element_set
7308,train,element_set
7309,train,element_set
7311,train,element_set
7313,train,element_set
7314,train,element_set
7315,train,element_set
7317,train,element_set
7318,train,element_set
7319,train,element_set
7320,train,element_set
7321,train,element_set
7323,train,element_set
7324,train,element_set
7325,train,element_set
7326,train,element_set
7327,train,element_set
7329,train,element_set
7330,train,element_set
7331,train,element_set
7332,train,element_set
7333,train,element_set
7334,train,element_set
7335,train,element_set
7337,train,element_set
7338,train,element_set
7339,train,element_set
7341,train,element_set
7343,train,element_set
7344,train,element_set
7345,train,element_set
7346,train,element_set
7347,train,element_set
7348,train,element_set
7349,train,element_set
7350,train,element_set
7351,train,element_set
7352,train,element_set
7353,train,element_set
7354,train,element_set
7356,train,element_set
7357,train,element_set
7358,train,element_set
7359,train,element_set
7360,train,element_set
7361,train,element_set
7362,train,element_set
7363,train,element_set
7364,train,element_set
7365,train,element_set
7366,train,element_set
7367,train,element_set
7368,train,element_set
7369,train,element_set
7371,train,element_set
7372,train,element_set
7373,train,element_set
7374,train,element_set
7375,train,element_set
7376,train,element_set
7378,train,element_set
7379,train,element_set
7380,train,element_set
7381,train,element_set
7383,train,element_set
7384,train,element_set
7385,train,element_set
7386,train,element_set
7388,train,element_set
7389,train,element_set
7390,train,element_set
7391,train,element_set
7392,train,element_set
7393,train,element_set
7396,train,element_set
7398,train,element_set
7399,train,element_set
7400,train,element_set
7401,train,element_set
7402,train,element_set
7403,train,element_set
7404,train,element_set
7405,train,element_set
7406,train,element_set
7407,train,element_set
7409,train,element_set
7410,train,element_set
7412,train,element_set
7413,train,element_set
7414,train,element_set
7415,train,element_set
7416,train,element_set
7419,train,element_set
7421,train,element_set
7422,train,element_set
7423,train,element_set
7425,train,element_set
7426,train,element_set
7429,train,element_set
7430,train,element_set
7431,train,element_set
7432,train,element_set
7433,train,element_set
7434,train,element_set
7438,train,element_set
7440,train,element_set
7441,train,element_set
7444,train,element_set
7445,train,element_set
7446,train,element_set
7447,train,element_set
7448,train,element_set
7449,train,element_set
7451,train,element_set
7453,train,element_set
7454,train,element_set
7455,train,element_set
7456,train,element_set
7457,train,element_set
7458,train,element_set
7459,train,element_set
7461,train,element_set
7462,train,element_set
7464,train,element_set
7465,train,element_set
7466,train,element_set
7467,train,element_set
7469,train,element_set
7470,train,element_set
7472,train,element_set
7473,train,element_set
7474,train,element_set
7476,train,element_set
7477,train,element_set
7478,train,element_set
7479,train,element_set
7480,train,element_set
7481,train,element_set
7482,train,element_set
7483,train,element_set
7484,train,element_set
7485,train,element_set
7487,train,element_set
7488,train,element_set
7490,train,element_set
7491,train,element_set
7492,train,element_set
7493,train,element_set
7494,train,element_set
7496,train,element_set
7497,train,element_set
7498,train,element_set
7499,train,element_set
7501,train,element_set
7503,train,element_set
7504,train,element_set
7505,train,element_set
7506,train,element_set
7507,train,element_set
7508,train,element_set
7509,train,element_set
7510,train,element_set
7512,train,element_set
7513,train,element_set
7514,train,element_set
7516,train,element_set
7518,train,element_set
7519,train,element_set
7520,train,element_set
7521,train,element_set
7522,train,element_set
7524,train,element_set
7525,train,element_set
7526,train,element_set
7527,train,element_set
7529,train,element_set
7530,train,element_set
7531,train,element_set
7532,train,element_set
7533,train,element_set
7534,train,element_set
7535,train,element_set
7536,train,element_set
7537,train,element_set
7538,train,element_set
7539,train,element_set
7541,train,element_set
7542,train,element_set
7543,train,element_set
7544,train,element_set
7545,train,element_set
7547,train,element_set
7548,train,element_set
7549,train,element_set
7550,train,element_set
7551,train,element_set
7552,train,element_set
7554,train,element_set
7555,train,element_set
7556,train,element_set
7557,train,element_set
7558,train,element_set
7559,train,element_set
7560,train,element_set
7561,train,element_set
7563,train,element_set
7564,train,element_set
7565,train,element_set
7566,train,element_set
7567,train,element_set
7568,train,element_set
7569,train,element_set
7570,train,element_set
7571,train,element_set
7573,train,element_set
7574,train,element_set
7576,train,element_set
7577,train,element_set
7578,train,element_set
7579,train,element_set
7580,train,element_set
7581,train,element_set
7582,train,element_set
7584,train,element_set
7585,train,element_set
7587,train,element_set
7588,train,element_set
7589,train,element_set
7590,train,element_set
7591,train,element_set
7592,train,element_set
7593,train,element_set
7594,train,element_set
7595,train,element_set
7596,train,element_set
7597,train,element_set
7598,train,element_set
7600,train,element_set
7601,train,element_set
7603,train,element_set
7604,train,element_set
7605,train,element_set
7606,train,element_set
7607,train,element_set
7608,train,element_set
7609,train,element_set
7610,train,element_set
7613,train,element_set
7616,train,element_set
7618,train,element_set
7619,train,element_set
7620,train,element_set
7621,train,element_set
7622,train,element_set
7623,train,element_set
7624,train,element_set
7626,train,element_set
7627,train,element_set
7628,train,element_set
7629,train,element_set
7630,train,element_set
7632,train,element_set
7633,train,element_set
7634,train,element_set
7636,train,element_set
7637,train,element_set
7639,train,element_set
7640,train,element_set
7641,train,element_set
7642,train,element_set
7643,train,element_set
7645,train,element_set
7646,train,element_set
7647,train,element_set
7648,train,element_set
7650,train,element_set
7652,train,element_set
7653,train,element_set
7654,train,element_set
7655,train,element_set
7656,train,element_set
7659,train,element_set
7660,train,element_set
7661,train,element_set
7662,train,element_set
7663,train,element_set
7664,train,element_set
7665,train,element_set
7666,train,element_set
7667,train,element_set
7668,train,element_set
7669,train,element_set
7670,train,element_set
7671,train,element_set
7672,train,element_set
7674,train,element_set
7675,train,element_set
7676,train,element_set
7677,train,element_set
7678,train,element_set
7679,train,element_set
7680,train,element_set
7683,train,element_set
7684,train,element_set
7686,train,element_set
7687,train,element_set
7688,train,element_set
7689,train,element_set
7690,train,element_set
7691,train,element_set
7692,train,element_set
7693,train,element_set
7694,train,element_set
7695,train,element_set
7697,train,element_set
7698,train,element_set
7699,train,element_set
7700,train,element_set
7701,train,element_set
7702,train,element_set
7703,train,element_set
7704,train,element_set
7705,train,element_set
7706,train,element_set
7707,train,element_set
7711,train,element_set
7712,train,element_set
7713,train,element_set
7714,train,element_set
7715,train,element_set
7716,train,element_set
7717,train,element_set
7718,train,element_set
7719,train,element_set
7720,train,element_set
7721,train,element_set
7722,train,element_set
7724,train,element_set
7725,train,element_set
7726,train,element_set
7727,train,element_set
7730,train,element_set
7732,train,element_set
7733,train,element_set
7735,train,element_set
7736,train,element_set
7737,train,element_set
7738,train,element_set
7739,train,element_set
7740,train,element_set
7741,train,element_set
7743,train,element_set
7744,train,element_set
7745,train,element_set
7746,train,element_set
7747,train,element_set
7748,train,element_set
7751,train,element_set
7752,train,element_set
7754,train,element_set
7755,train,element_set
7756,train,element_set
7757,train,element_set
7758,train,element_set
7761,train,element_set
7762,train,element_set
7764,train,element_set
7765,train,element_set
7766,train,element_set
7767,train,element_set
7769,train,element_set
7770,train,element_set
7771,train,element_set
7772,train,element_set
7774,train,element_set
7775,train,element_set
7776,train,element_set
7777,train,element_set
7778,train,element_set
7779,train,element_set
7780,train,element_set
7781,train,element_set
7783,train,element_set
7784,train,element_set
7785,train,element_set
7786,train,element_set
7788,train,element_set
7789,train,element_set
7790,train,element_set
7792,train,element_set
7793,train,element_set
7794,train,element_set
7796,train,element_set
7797,train,element_set
7798,train,element_set
7799,train,element_set
7800,train,element_set
7801,train,element_set
7802,train,element_set
7803,train,element_set
7804,train,element_set
7805,train,element_set
7806,train,element_set
7808,train,element_set
7810,train,element_set
7811,train,element_set
7813,train,element_set
7814,train,element_set
7816,train,element_set
7817,train,element_set
7818,train,element_set
7819,train,element_set
7820,train,element_set
7821,train,element_set
7822,train,element_set
7824,train,element_set
7825,train,element_set
7826,train,element_set
7827,train,element_set
7828,train,element_set
7829,train,element_set
7830,train,element_set
7831,train,element_set
7832,train,element_set
7833,train,element_set
7836,train,element_set
7838,train,element_set
7840,train,element_set
7841,train,element_set
7842,train,element_set
7843,train,element_set
7844,train,element_set
7845,train,element_set
7846,train,element_set
7847,train,element_set
7848,train,element_set
7849,train,element_set
7850,train,element_set
7851,train,element_set
7852,train,element_set
7854,train,element_set
7856,train,element_set
7857,train,element_set
7858,train,element_set
7860,train,element_set
7861,train,element_set
7862,train,element_set
7864,train,element_set
7865,train,element_set
7866,train,element_set
7867,train,element_set
7868,train,element_set
7869,train,element_set
7870,train,element_set
7871,train,element_set
7879,train,element_set
7880,train,element_set
7882,train,element_set
7883,train,element_set
7884,train,element_set
7885,train,element_set
7888,train,element_set
7889,train,element_set
7890,train,element_set
7892,train,element_set
7893,train,element_set
7894,train,element_set
7895,train,element_set
7896,train,element_set
7897,train,element_set
7898,train,element_set
7899,train,element_set
7900,train,element_set
7901,train,element_set
7902,train,element_set
7903,train,element_set
7904,train,element_set
7906,train,element_set
7907,train,element_set
7908,train,element_set
7909,train,element_set
7910,train,element_set
7911,train,element_set
7912,train,element_set
7913,train,element_set
7915,train,element_set
7916,train,element_set
7917,train,element_set
7918,train,element_set
7919,train,element_set
7920,train,element_set
7922,train,element_set
7923,train,element_set
7924,train,element_set
7925,train,element_set
7926,train,element_set
7927,train,element_set
7929,train,element_set
7930,train,element_set
7931,train,element_set
7932,train,element_set
7933,train,element_set
7934,train,element_set
7935,train,element_set
7936,train,element_set
7937,train,element_set
7938,train,element_set
7939,train,element_set
7940,train,element_set
7941,train,element_set
7943,train,element_set
7944,train,element_set
7945,train,element_set
7946,train,element_set
7947,train,element_set
7948,train,element_set
7949,train,element_set
7951,train,element_set
7953,train,element_set
7955,train,element_set
7956,train,element_set
7957,train,element_set
7958,train,element_set
7959,train,element_set
7960,train,element_set
7961,train,element_set
7962,train,element_set
7963,train,element_set
7965,train,element_set
7966,train,element_set
7967,train,element_set
7971,train,element_set
7973,train,element_set
7974,train,element_set
7976,train,element_set
7978,train,element_set
7979,train,element_set
7980,train,element_set
7981,train,element_set
7983,train,element_set
7984,train,element_set
7985,train,element_set
7986,train,element_set
7987,train,element_set
7990,train,element_set
7991,train,element_set
7992,train,element_set
7993,train,element_set
7994,train,element_set
7995,train,element_set
7997,train,element_set
7998,train,element_set
7999,train,element_set
8001,train,element_set
8002,train,element_set
8003,train,element_set
8004,train,element_set
8005,train,element_set
8006,train,element_set
8007,train,element_set
8008,train,element_set
8010,train,element_set
8011,train,element_set
8012,train,element_set
8013,train,element_set
8014,train,element_set
8015,train,element_set
8016,train,element_set
8017,train,element_set
8018,train,element_set
8019,train,element_set
8020,train,element_set
8022,train,element_set
8023,train,element_set
8025,train,element_set
8028,train,element_set
8029,train,element_set
8030,train,element_set
8032,train,element_set
8033,train,element_set
8036,train,element_set
8037,train,element_set
8038,train,element_set
8040,train,element_set
8043,train,element_set
8045,train,element_set
8047,train,element_set
8048,train,element_set
8049,train,element_set
8050,train,element_set
8051,train,element_set
8052,train,element_set
8053,train,element_set
8054,train,element_set
8055,train,element_set
8057,train,element_set
8058,train,element_set
8059,train,element_set
8060,train,element_set
8061,train,element_set
8062,train,element_set
8063,train,element_set
8064,train,element_set
8065,train,element_set
8066,train,element_set
8067,train,element_set
8068,train,element_set
8070,train,element_set
8071,train,element_set
8072,train,element_set
8073,train,element_set
8074,train,element_set
8075,train,element_set
8077,train,element_set
8078,train,element_set
8079,train,element_set
8080,train,element_set
8081,train,element_set
8082,train,element_set
8083,train,element_set
8084,train,element_set
8086,train,element_set
8087,train,element_set
8088,train,element_set
8089,train,element_set
8090,train,element_set
8091,train,element_set
8092,train,element_set
8093,train,element_set
8094,train,element_set
8095,train,element_set
8096,train,element_set
8097,train,element_set
8099,train,element_set
8101,train,element_set
8102,train,element_set
8103,train,element_set
8104,train,element_set
8105,train,element_set
8106,train,element_set
8108,train,element_set
8109,train,element_set
8111,train,element_set
8113,train,element_set
8114,train,element_set
8115,train,element_set
8116,train,element_set
8117,train,element_set
8118,train,element_set
8120,train,element_set
8121,train,element_set
8122,train,element_set
8123,train,element_set
8125,train,element_set
8126,train,element_set
8128,train,element_set
8129,train,element_set
8130,train,element_set
8131,train,element_set
8132,train,element_set
8133,train,element_set
8134,train,element_set
8135,train,element_set
8137,train,element_set
8138,train,element_set
8140,train,element_set
8141,train,element_set
8142,train,element_set
8143,train,element_set
8146,train,element_set
8147,train,element_set
8148,train,element_set
8149,train,element_set
8150,train,element_set
8151,train,element_set
8152,train,element_set
8153,train,element_set
8154,train,element_set
8155,train,element_set
8157,train,element_set
8158,train,element_set
8160,train,element_set
8161,train,element_set
8162,train,element_set
8163,train,element_set
8165,train,element_set
8166,train,element_set
8167,train,element_set
8169,train,element_set
8170,train,element_set
8171,train,element_set
8173,train,element_set
8174,train,element_set
8178,train,element_set
8179,train,element_set
8180,train,element_set
8181,train,element_set
8182,train,element_set
8183,train,element_set
8184,train,element_set
8185,train,element_set
8186,train,element_set
8187,train,element_set
8188,train,element_set
8193,train,element_set
8194,train,element_set
8195,train,element_set
8196,train,element_set
8197,train,element_set
8198,train,element_set
8200,train,element_set
8201,train,element_set
8202,train,element_set
8204,train,element_set
8205,train,element_set
8206,train,element_set
8207,train,element_set
8209,train,element_set
8210,train,element_set
8212,train,element_set
8213,train,element_set
8214,train,element_set
8215,train,element_set
8216,train,element_set
8218,train,element_set
8221,train,element_set
8224,train,element_set
8226,train,element_set
8227,train,element_set
8229,train,element_set
8231,train,element_set
8234,train,element_set
8236,train,element_set
8237,train,element_set
8238,train,element_set
8239,train,element_set
8240,train,element_set
8241,train,element_set
8242,train,element_set
8244,train,element_set
8245,train,element_set
8246,train,element_set
8247,train,element_set
8249,train,element_set
8250,train,element_set
8251,train,element_set
8252,train,element_set
8253,train,element_set
8254,train,element_set
8255,train,element_set
8256,train,element_set
8258,train,element_set
8259,train,element_set
8260,train,element_set
8262,train,element_set
8263,train,element_set
8264,train,element_set
8265,train,element_set
8266,train,element_set
8267,train,element_set
8268,train,element_set
8269,train,element_set
8270,train,element_set
8271,train,element_set
8272,train,element_set
8273,train,element_set
8275,train,element_set
8276,train,element_set
8278,train,element_set
8279,train,element_set
8280,train,element_set
8286,train,element_set
8287,train,element_set
8288,train,element_set
8290,train,element_set
8291,train,element_set
8292,train,element_set
8294,train,element_set
8295,train,element_set
8296,train,element_set
8298,train,element_set
8299,train,element_set
8300,train,element_set
8301,train,element_set
8302,train,element_set
8304,train,element_set
8305,train,element_set
8306,train,element_set
8308,train,element_set
8309,train,element_set
8310,train,element_set
8311,train,element_set
8314,train,element_set
8315,train,element_set
8316,train,element_set
8317,train,element_set
8318,train,element_set
8319,train,element_set
8320,train,element_set
8321,train,element_set
8322,train,element_set
8324,train,element_set
8325,train,element_set
8326,train,element_set
8329,train,element_set
8331,train,element_set
8332,train,element_set
8333,train,element_set
8334,train,element_set
8335,train,element_set
8336,train,element_set
8337,train,element_set
8338,train,element_set
8339,train,element_set
8341,train,element_set
8342,train,element_set
8343,train,element_set
8344,train,element_set
8345,train,element_set
8346,train,element_set
8347,train,element_set
8348,train,element_set
8349,train,element_set
8350,train,element_set
8351,train,element_set
8352,train,element_set
8353,train,element_set
8354,train,element_set
8355,train,element_set
8356,train,element_set
8359,train,element_set
8360,train,element_set
8361,train,element_set
8362,train,element_set
8364,train,element_set
8366,train,element_set
8367,train,element_set
8370,train,element_set
8371,train,element_set
8372,train,element_set
8373,train,element_set
8375,train,element_set
8376,train,element_set
8377,train,element_set
8378,train,element_set
8381,train,element_set
8382,train,element_set
8384,train,element_set
8385,train,element_set
8386,train,element_set
8387,train,element_set
8388,train,element_set
8389,train,element_set
8390,train,element_set
8391,train,element_set
8392,train,element_set
8393,train,element_set
8395,train,element_set
8396,train,element_set
8397,train,element_set
8399,train,element_set
8400,train,element_set
8401,train,element_set
8402,train,element_set
8403,train,element_set
8405,train,element_set
8406,train,element_set
8407,train,element_set
8408,train,element_set
8409,train,element_set
8410,train,element_set
8412,train,element_set
8413,train,element_set
8415,train,element_set
8417,train,element_set
8418,train,element_set
8420,train,element_set
8421,train,element_set
8422,train,element_set
8423,train,element_set
8424,train,element_set
8425,train,element_set
8426,train,element_set
8427,train,element_set
8428,train,element_set
8429,train,element_set
8430,train,element_set
8431,train,element_set
8432,train,element_set
8433,train,element_set
8436,train,element_set
8437,train,element_set
8438,train,element_set
8439,train,element_set
8440,train,element_set
8442,train,element_set
8443,train,element_set
8444,train,element_set
8446,train,element_set
8447,train,element_set
8449,train,element_set
8451,train,element_set
8452,train,element_set
8453,train,element_set
8454,train,element_set
8455,train,element_set
8456,train,element_set
8457,train,element_set
8458,train,element_set
8462,train,element_set
8463,train,element_set
8464,train,element_set
8465,train,element_set
8466,train,element_set
8467,train,element_set
8469,train,element_set
8470,train,element_set
8471,train,element_set
8472,train,element_set
8474,train,element_set
8475,train,element_set
8476,train,element_set
8477,train,element_set
8478,train,element_set
8479,train,element_set
8480,train,element_set
8482,train,element_set
8483,train,element_set
8484,train,element_set
8485,train,element_set
8486,train,element_set
8487,train,element_set
8488,train,element_set
8489,train,element_set
8490,train,element_set
8491,train,element_set
8492,train,element_set
8494,train,element_set
8495,train,element_set
8496,train,element_set
8498,train,element_set
8499,train,element_set
8500,train,element_set
8501,train,element_set
8503,train,element_set
8504,train,element_set
8505,train,element_set
8506,train,element_set
8507,train,element_set
8508,train,element_set
8509,train,element_set
8511,train,element_set
8512,train,element_set
8513,train,element_set
8514,train,element_set
8515,train,element_set
8516,train,element_set
8517,train,element_set
8518,train,element_set
8521,train,element_set
8522,train,element_set
8523,train,element_set
8524,train,element_set
8526,train,element_set
8530,train,element_set
8531,train,element_set
8533,train,element_set
8534,train,element_set
8535,train,element_set
8536,train,element_set
8537,train,element_set
8539,train,element_set
8540,train,element_set
8541,train,element_set
8542,train,element_set
8544,train,element_set
8545,train,element_set
8546,train,element_set
8547,train,element_set
8550,train,element_set
8551,train,element_set
8552,train,element_set
8553,train,element_set
8557,train,element_set
8558,train,element_set
8559,train,element_set
8560,train,element_set
8561,train,element_set
8564,train,element_set
8568,train,element_set
8569,train,element_set
8570,train,element_set
8572,train,element_set
8573,train,element_set
8574,train,element_set
8575,train,element_set
8576,train,element_set
8577,train,element_set
8578,train,element_set
8579,train,element_set
8580,train,element_set
8581,train,element_set
8582,train,element_set
8583,train,element_set
8584,train,element_set
8585,train,element_set
8586,train,element_set
8587,train,element_set
8588,train,element_set
8589,train,element_set
8591,train,element_set
8594,train,element_set
8595,train,element_set
8596,train,element_set
8597,train,element_set
8598,train,element_set
8599,train,element_set
8600,train,element_set
8601,train,element_set
8602,train,element_set
8603,train,element_set
8605,train,element_set
8607,train,element_set
8608,train,element_set
8610,train,element_set
8611,train,element_set
8612,train,element_set
8613,train,element_set
8614,train,element_set
8615,train,element_set
8616,train,element_set
8618,train,element_set
8619,train,element_set
8620,train,element_set
8621,train,element_set
8623,train,element_set
8624,train,element_set
8625,train,element_set
8626,train,element_set
8627,train,element_set
8628,train,element_set
8629,train,element_set
8630,train,element_set
8631,train,element_set
8632,train,element_set
8633,train,element_set
8634,train,element_set
8636,train,element_set
8637,train,element_set
8638,train,element_set
8639,train,element_set
8640,train,element_set
8642,train,element_set
8643,train,element_set
8644,train,element_set
8645,train,element_set
8646,train,element_set
8647,train,element_set
8648,train,element_set
8650,train,element_set
8651,train,element_set
8652,train,element_set
8653,train,element_set
8654,train,element_set
8655,train,element_set
8656,train,element_set
8658,train,element_set
8659,train,element_set
8660,train,element_set
8661,train,element_set
8662,train,element_set
8663,train,element_set
8665,train,element_set
8667,train,element_set
8668,train,element_set
8669,train,element_set
8670,train,element_set
8672,train,element_set
8673,train,element_set
8674,train,element_set
8675,train,element_set
8676,train,element_set
8677,train,element_set
8678,train,element_set
8679,train,element_set
8680,train,element_set
8681,train,element_set
8682,train,element_set
8683,train,element_set
8686,train,element_set
8687,train,element_set
8688,train,element_set
8689,train,element_set
8690,train,element_set
8691,train,element_set
8693,train,element_set
8694,train,element_set
8695,train,element_set
8696,train,element_set
8697,train,element_set
8699,train,element_set
8700,train,element_set
8702,train,element_set
8704,train,element_set
8705,train,element_set
8706,train,element_set
8707,train,element_set
8708,train,element_set
8709,train,element_set
8710,train,element_set
8711,train,element_set
8712,train,element_set
8713,train,element_set
8714,train,element_set
8716,train,element_set
8717,train,element_set
8718,train,element_set
8719,train,element_set
8721,train,element_set
8722,train,element_set
8723,train,element_set
8724,train,element_set
8725,train,element_set
8726,train,element_set
8727,train,element_set
8728,train,element_set
8731,train,element_set
8732,train,element_set
8733,train,element_set
8734,train,element_set
8736,train,element_set
8737,train,element_set
8738,train,element_set
8739,train,element_set
8740,train,element_set
8741,train,element_set
8743,train,element_set
8745,train,element_set
8746,train,element_set
8747,train,element_set
8748,train,element_set
8749,train,element_set
8751,train,element_set
8752,train,element_set
8753,train,element_set
8754,train,element_set
8756,train,element_set
8758,train,element_set
8760,train,element_set
8761,train,element_set
8762,train,element_set
8763,train,element_set
8764,train,element_set
8765,train,element_set
8767,train,element_set
8768,train,element_set
8769,train,element_set
8770,train,element_set
8771,train,element_set
8772,train,element_set
8773,train,element_set
8775,train,element_set
8776,train,element_set
8777,train,element_set
8779,train,element_set
8780,train,element_set
8781,train,element_set
8782,train,element_set
8784,train,element_set
8786,train,element_set
8788,train,element_set
8790,train,element_set
8791,train,element_set
8792,train,element_set
8793,train,element_set
8794,train,element_set
8795,train,element_set
8796,train,element_set
8797,train,element_set
8798,train,element_set
8799,train,element_set
8800,train,element_set
8801,train,element_set
8802,train,element_set
8803,train,element_set
8804,train,element_set
8805,train,element_set
8806,train,element_set
8807,train,element_set
8814,train,element_set
8815,train,element_set
8816,train,element_set
8817,train,element_set
8818,train,element_set
8819,train,element_set
8820,train,element_set
8821,train,element_set
8822,train,element_set
8823,train,element_set
8824,train,element_set
8825,train,element_set
8826,train,element_set
8827,train,element_set
8829,train,element_set
8832,train,element_set
8833,train,element_set
8834,train,element_set
8835,train,element_set
8836,train,element_set
8837,train,element_set
8838,train,element_set
8839,train,element_set
8840,train,element_set
8841,train,element_set
8842,train,element_set
8843,train,element_set
8844,train,element_set
8845,train,element_set
8847,train,element_set
8848,train,element_set
8849,train,element_set
8850,train,element_set
8852,train,element_set
8853,train,element_set
8854,train,element_set
8857,train,element_set
8858,train,element_set
8859,train,element_set
8860,train,element_set
8861,train,element_set
8862,train,element_set
8863,train,element_set
8864,train,element_set
8866,train,element_set
8868,train,element_set
8869,train,element_set
8870,train,element_set
8871,train,element_set
8872,train,element_set
8873,train,element_set
8874,train,element_set
8875,train,element_set
8876,train,element_set
8877,train,element_set
8878,train,element_set
8880,train,element_set
8881,train,element_set
8882,train,element_set
8884,train,element_set
8886,train,element_set
8887,train,element_set
8888,train,element_set
8889,train,element_set
8890,train,element_set
8891,train,element_set
8892,train,element_set
8893,train,element_set
8895,train,element_set
8896,train,element_set
8897,train,element_set
8898,train,element_set
8899,train,element_set
8900,train,element_set
8902,train,element_set
8903,train,element_set
8904,train,element_set
8905,train,element_set
8906,train,element_set
8907,train,element_set
8908,train,element_set
8910,train,element_set
8911,train,element_set
8912,train,element_set
8913,train,element_set
8914,train,element_set
8915,train,element_set
8916,train,element_set
8917,train,element_set
8918,train,element_set
8919,train,element_set
8920,train,element_set
8921,train,element_set
8922,train,element_set
8923,train,element_set
8926,train,element_set
8927,train,element_set
8928,train,element_set
8929,train,element_set
8930,train,element_set
8931,train,element_set
8934,train,element_set
8936,train,element_set
8937,train,element_set
8938,train,element_set
8939,train,element_set
8942,train,element_set
8943,train,element_set
8944,train,element_set
8945,train,element_set
8946,train,element_set
8950,train,element_set
8951,train,element_set
8953,train,element_set
8954,train,element_set
8956,train,element_set
8959,train,element_set
8960,train,element_set
8961,train,element_set
8962,train,element_set
8963,train,element_set
8964,train,element_set
8965,train,element_set
8966,train,element_set
8968,train,element_set
8969,train,element_set
8970,train,element_set
8971,train,element_set
8972,train,element_set
8973,train,element_set
8974,train,element_set
8975,train,element_set
8976,train,element_set
8977,train,element_set
8979,train,element_set
8980,train,element_set
8981,train,element_set
8982,train,element_set
8983,train,element_set
8984,train,element_set
8985,train,element_set
8986,train,element_set
8987,train,element_set
8988,train,element_set
8989,train,element_set
8990,train,element_set
8991,train,element_set
8992,train,element_set
8993,train,element_set
8994,train,element_set
8995,train,element_set
8996,train,element_set
9000,train,element_set
9001,train,element_set
9002,train,element_set
9003,train,element_set
9007,train,element_set
9009,train,element_set
9012,train,element_set
9017,train,element_set
9018,train,element_set
9019,train,element_set
9021,train,element_set
9022,train,element_set
9024,train,element_set
9025,train,element_set
9026,train,element_set
9027,train,element_set
9028,train,element_set
9029,train,element_set
9030,train,element_set
9031,train,element_set
9032,train,element_set
9035,train,element_set
9036,train,element_set
9037,train,element_set
9038,train,element_set
9040,train,element_set
9042,train,element_set
9043,train,element_set
9044,train,element_set
9046,train,element_set
9047,train,element_set
9048,train,element_set
9049,train,element_set
9050,train,element_set
9052,train,element_set
9053,train,element_set
9055,train,element_set
9057,train,element_set
9058,train,element_set
9059,train,element_set
9060,train,element_set
9061,train,element_set
9062,train,element_set
9064,train,element_set
9065,train,element_set
9066,train,element_set
9067,train,element_set
9068,train,element_set
9070,train,element_set
9072,train,element_set
9073,train,element_set
9074,train,element_set
9075,train,element_set
9076,train,element_set
9077,train,element_set
9078,train,element_set
9079,train,element_set
9080,train,element_set
9083,train,element_set
9084,train,element_set
9086,train,element_set
9087,train,element_set
9088,train,element_set
9089,train,element_set
9090,train,element_set
9091,train,element_set
9092,train,element_set
9093,train,element_set
9094,train,element_set
9096,train,element_set
9098,train,element_set
9099,train,element_set
9100,train,element_set
9101,train,element_set
9103,train,element_set
9104,train,element_set
9105,train,element_set
9106,train,element_set
9107,train,element_set
9109,train,element_set
9110,train,element_set
9111,train,element_set
9112,train,element_set
9113,train,element_set
9114,train,element_set
9115,train,element_set
9116,train,element_set
9117,train,element_set
9118,train,element_set
9121,train,element_set
9122,train,element_set
9123,train,element_set
9124,train,element_set
9125,train,element_set
9127,train,element_set
9128,train,element_set
9129,train,element_set
9132,train,element_set
9135,train,element_set
9136,train,element_set
9137,train,element_set
9138,train,element_set
9139,train,element_set
9140,train,element_set
9141,train,element_set
9142,train,element_set
9143,train,element_set
9145,train,element_set
9146,train,element_set
9148,train,element_set
9150,train,element_set
9151,train,element_set
9152,train,element_set
9153,train,element_set
9154,train,element_set
9155,train,element_set
9159,train,element_set
9160,train,element_set
9163,train,element_set
9164,train,element_set
9166,train,element_set
9167,train,element_set
9168,train,element_set
9169,train,element_set
9170,train,element_set
9171,train,element_set
9172,train,element_set
9173,train,element_set
9174,train,element_set
9176,train,element_set
9177,train,element_set
9179,train,element_set
9181,train,element_set
9183,train,element_set
9184,train,element_set
9186,train,element_set
9187,train,element_set
9189,train,element_set
9190,train,element_set
9191,train,element_set
9195,train,element_set
9196,train,element_set
9197,train,element_set
9198,train,element_set
9199,train,element_set
9201,train,element_set
9202,train,element_set
9203,train,element_set
9204,train,element_set
9205,train,element_set
9206,train,element_set
9207,train,element_set
9209,train,element_set
9210,train,element_set
9211,train,element_set
9213,train,element_set
9215,train,element_set
9217,train,element_set
9220,train,element_set
9221,train,element_set
9222,train,element_set
9223,train,element_set
9224,train,element_set
9225,train,element_set
9226,train,element_set
9227,train,element_set
9228,train,element_set
9229,train,element_set
9230,train,element_set
9231,train,element_set
9232,train,element_set
9233,train,element_set
9234,train,element_set
9235,train,element_set
9237,train,element_set
9238,train,element_set
9239,train,element_set
9240,train,element_set
9241,train,element_set
9243,train,element_set
9245,train,element_set
9246,train,element_set
9247,train,element_set
9249,train,element_set
9250,train,element_set
9251,train,element_set
9252,train,element_set
9253,train,element_set
9255,train,element_set
9256,train,element_set
9257,train,element_set
9258,train,element_set
9259,train,element_set
9260,train,element_set
9261,train,element_set
9262,train,element_set
9263,train,element_set
9264,train,element_set
9265,train,element_set
9268,train,element_set
9269,train,element_set
9270,train,element_set
9272,train,element_set
9273,train,element_set
9275,train,element_set
9276,train,element_set
9277,train,element_set
9278,train,element_set
9279,train,element_set
9280,train,element_set
9281,train,element_set
9282,train,element_set
9283,train,element_set
9284,train,element_set
9286,train,element_set
9289,train,element_set
9290,train,element_set
9291,train,element_set
9292,train,element_set
9293,train,element_set
9294,train,element_set
9295,train,element_set
9297,train,element_set
9298,train,element_set
9299,train,element_set
9300,train,element_set
9303,train,element_set
9305,train,element_set
9307,train,element_set
9308,train,element_set
9309,train,element_set
9310,train,element_set
9311,train,element_set
9312,train,element_set
9313,train,element_set
9314,train,element_set
9315,train,element_set
9316,train,element_set
9317,train,element_set
9319,train,element_set
9320,train,element_set
9321,train,element_set
9323,train,element_set
9324,train,element_set
9325,train,element_set
9326,train,element_set
9327,train,element_set
9328,train,element_set
9329,train,element_set
9330,train,element_set
9331,train,element_set
9332,train,element_set
9333,train,element_set
9334,train,element_set
9335,train,element_set
9336,train,element_set
9337,train,element_set
9338,train,element_set
9339,train,element_set
9341,train,element_set
9342,train,element_set
9345,train,element_set
9346,train,element_set
9347,train,element_set
9348,train,element_set
9349,train,element_set
9350,train,element_set
9351,train,element_set
9352,train,element_set
9354,train,element_set
9355,train,element_set
9356,train,element_set
9357,train,element_set
9358,train,element_set
9359,train,element_set
9360,train,element_set
9362,train,element_set
9363,train,element_set
9364,train,element_set
9366,train,element_set
9369,train,element_set
9371,train,element_set
9373,train,element_set
9374,train,element_set
9375,train,element_set
9376,train,element_set
9377,train,element_set
9378,train,element_set
9379,train,element_set
9380,train,element_set
9381,train,element_set
9382,train,element_set
9384,train,element_set
9385,train,element_set
9386,train,element_set
9388,train,element_set
9389,train,element_set
9391,train,element_set
9392,train,element_set
9393,train,element_set
9394,train,element_set
9395,train,element_set
9396,train,element_set
9397,train,element_set
9398,train,element_set
9399,train,element_set
9400,train,element_set
9402,train,element_set
9403,train,element_set
9404,train,element_set
9405,train,element_set
9406,train,element_set
9407,train,element_set
9408,train,element_set
9409,train,element_set
9410,train,element_set
9412,train,element_set
9413,train,element_set
9414,train,element_set
9416,train,element_set
9417,train,element_set
9418,train,element_set
9419,train,element_set
9420,train,element_set
9422,train,element_set
9423,train,element_set
9424,train,element_set
9425,train,element_set
9427,train,element_set
9428,train,element_set
9431,train,element_set
9432,train,element_set
9436,train,element_set
9437,train,element_set
9438,train,element_set
9440,train,element_set
9442,train,element_set
9445,train,element_set
9446,train,element_set
9448,train,element_set
9449,train,element_set
9450,train,element_set
9451,train,element_set
9453,train,element_set
9454,train,element_set
9455,train,element_set
9456,train,element_set
9458,train,element_set
9459,train,element_set
9460,train,element_set
9461,train,element_set
9462,train,element_set
9463,train,element_set
9464,train,element_set
9466,train,element_set
9468,train,element_set
9469,train,element_set
9470,train,element_set
9471,train,element_set
9473,train,element_set
9474,train,element_set
9475,train,element_set
9477,train,element_set
9478,train,element_set
9479,train,element_set
9480,train,element_set
9481,train,element_set
9482,train,element_set
9484,train,element_set
9485,train,element_set
9486,train,element_set
9487,train,element_set
9488,train,element_set
9489,train,element_set
9490,train,element_set
9491,train,element_set
9493,train,element_set
9494,train,element_set
9495,train,element_set
9496,train,element_set
9497,train,element_set
9499,train,element_set
9500,train,element_set
9501,train,element_set
9502,train,element_set
9503,train,element_set
9504,train,element_set
9505,train,element_set
9508,train,element_set
9509,train,element_set
9510,train,element_set
9511,train,element_set
9513,train,element_set
9514,train,element_set
9516,train,element_set
9517,train,element_set
9519,train,element_set
9520,train,element_set
9521,train,element_set
9523,train,element_set
9524,train,element_set
9525,train,element_set
9526,train,element_set
9527,train,element_set
9528,train,element_set
9529,train,element_set
9530,train,element_set
9531,train,element_set
9532,train,element_set
9534,train,element_set
9536,train,element_set
9539,train,element_set
9540,train,element_set
9541,train,element_set
9542,train,element_set
9543,train,element_set
9544,train,element_set
9545,train,element_set
9546,train,element_set
9547,train,element_set
9548,train,element_set
9549,train,element_set
9550,train,element_set
9551,train,element_set
9554,train,element_set
9555,train,element_set
9557,train,element_set
9558,train,element_set
9559,train,element_set
9560,train,element_set
9561,train,element_set
9562,train,element_set
9564,train,element_set
9565,train,element_set
9566,train,element_set
9568,train,element_set
9569,train,element_set
9570,train,element_set
9571,train,element_set
9572,train,element_set
9573,train,element_set
9574,train,element_set
9575,train,element_set
9576,train,element_set
9577,train,element_set
9578,train,element_set
9580,train,element_set
9581,train,element_set
9582,train,element_set
9583,train,element_set
9584,train,element_set
9585,train,element_set
9587,train,element_set
9590,train,element_set
9591,train,element_set
9592,train,element_set
9593,train,element_set
9594,train,element_set
9595,train,element_set
9596,train,element_set
9597,train,element_set
9599,train,element_set
9600,train,element_set
9601,train,element_set
9603,train,element_set
9605,train,element_set
9606,train,element_set
9607,train,element_set
9608,train,element_set
9610,train,element_set
9611,train,element_set
9613,train,element_set
9614,train,element_set
9616,train,element_set
9617,train,element_set
9618,train,element_set
9619,train,element_set
9620,train,element_set
9621,train,element_set
9622,train,element_set
9623,train,element_set
9624,train,element_set
9625,train,element_set
9626,train,element_set
9627,train,element_set
9628,train,element_set
9629,train,element_set
9630,train,element_set
9631,train,element_set
9632,train,element_set
9633,train,element_set
9635,train,element_set
9636,train,element_set
9637,train,element_set
9638,train,element_set
9639,train,element_set
9640,train,element_set
9641,train,element_set
9642,train,element_set
9644,train,element_set
9646,train,element_set
9647,train,element_set
9648,train,element_set
9649,train,element_set
9650,train,element_set
9651,train,element_set
9652,train,element_set
9653,train,element_set
9654,train,element_set
9655,train,element_set
9656,train,element_set
9657,train,element_set
9658,train,element_set
9659,train,element_set
9661,train,element_set
9662,train,element_set
9663,train,element_set
9664,train,element_set
9665,train,element_set
9666,train,element_set
9668,train,element_set
9669,train,element_set
9671,train,element_set
9672,train,element_set
9673,train,element_set
9675,train,element_set
9677,train,element_set
9678,train,element_set
9679,train,element_set
9680,train,element_set
9681,train,element_set
9682,train,element_set
9684,train,element_set
9685,train,element_set
9686,train,element_set
9688,train,element_set
9689,train,element_set
9690,train,element_set
9691,train,element_set
9692,train,element_set
9693,train,element_set
9694,train,element_set
9695,train,element_set
9696,train,element_set
9697,train,element_set
9698,train,element_set
9700,train,element_set
9701,train,element_set
9702,train,element_set
9703,train,element_set
9704,train,element_set
9705,train,element_set
9706,train,element_set
9707,train,element_set
9708,train,element_set
9709,train,element_set
9710,train,element_set
9711,train,element_set
9712,train,element_set
9714,train,element_set
9716,train,element_set
9717,train,element_set
9718,train,element_set
9720,train,element_set
9721,train,element_set
9722,train,element_set
9723,train,element_set
9725,train,element_set
9726,train,element_set
9727,train,element_set
9728,train,element_set
9730,train,element_set
9731,train,element_set
9733,train,element_set
9737,train,element_set
9738,train,element_set
9739,train,element_set
9740,train,element_set
9741,train,element_set
9742,train,element_set
9743,train,element_set
9744,train,element_set
9745,train,element_set
9746,train,element_set
9747,train,element_set
9748,train,element_set
9749,train,element_set
9750,train,element_set
9751,train,element_set
9752,train,element_set
9753,train,element_set
9755,train,element_set
9757,train,element_set
9758,train,element_set
9759,train,element_set
9761,train,element_set
9762,train,element_set
9764,train,element_set
9767,train,element_set
9768,train,element_set
9769,train,element_set
9770,train,element_set
9771,train,element_set
9772,train,element_set
9773,train,element_set
9774,train,element_set
9776,train,element_set
9777,train,element_set
9778,train,element_set
9779,train,element_set
9780,train,element_set
9781,train,element_set
9782,train,element_set
9785,train,element_set
9786,train,element_set
9787,train,element_set
9789,train,element_set
9790,train,element_set
9791,train,element_set
9793,train,element_set
9795,train,element_set
9796,train,element_set
9797,train,element_set
9798,train,element_set
9799,train,element_set
9800,train,element_set
9801,train,element_set
9802,train,element_set
9804,train,element_set
9805,train,element_set
9806,train,element_set
9807,train,element_set
9809,train,element_set
9812,train,element_set
9813,train,element_set
9814,train,element_set
9816,train,element_set
9817,train,element_set
9819,train,element_set
9821,train,element_set
9822,train,element_set
9823,train,element_set
9824,train,element_set
9827,train,element_set
9828,train,element_set
9829,train,element_set
9832,train,element_set
9833,train,element_set
9834,train,element_set
9835,train,element_set
9836,train,element_set
9837,train,element_set
9838,train,element_set
9839,train,element_set
9840,train,element_set
9841,train,element_set
9842,train,element_set
9843,train,element_set
9844,train,element_set
9845,train,element_set
9847,train,element_set
9848,train,element_set
9849,train,element_set
9850,train,element_set
9851,train,element_set
9854,train,element_set
9855,train,element_set
9856,train,element_set
9857,train,element_set
9858,train,element_set
9859,train,element_set
9860,train,element_set
9862,train,element_set
9865,train,element_set
9866,train,element_set
9867,train,element_set
9868,train,element_set
9870,train,element_set
9871,train,element_set
9872,train,element_set
9873,train,element_set
9874,train,element_set
9875,train,element_set
9876,train,element_set
9877,train,element_set
9878,train,element_set
9879,train,element_set
9882,train,element_set
9883,train,element_set
9884,train,element_set
9885,train,element_set
9886,train,element_set
9888,train,element_set
9889,train,element_set
9890,train,element_set
9891,train,element_set
9893,train,element_set
9894,train,element_set
9895,train,element_set
9896,train,element_set
9897,train,element_set
9898,train,element_set
9899,train,element_set
9901,train,element_set
9903,train,element_set
9904,train,element_set
9905,train,element_set
9906,train,element_set
9908,train,element_set
9910,train,element_set
9911,train,element_set
9912,train,element_set
9913,train,element_set
9914,train,element_set
9915,train,element_set
9916,train,element_set
9919,train,element_set
9921,train,element_set
9922,train,element_set
9925,train,element_set
9926,train,element_set
9927,train,element_set
9928,train,element_set
9929,train,element_set
9930,train,element_set
9931,train,element_set
9932,train,element_set
9933,train,element_set
9935,train,element_set
9936,train,element_set
9937,train,element_set
9938,train,element_set
9939,train,element_set
9940,train,element_set
9941,train,element_set
9942,train,element_set
9943,train,element_set
9944,train,element_set
9946,train,element_set
9947,train,element_set
9948,train,element_set
9950,train,element_set
9951,train,element_set
9952,train,element_set
9953,train,element_set
9954,train,element_set
9955,train,element_set
9956,train,element_set
9957,train,element_set
9958,train,element_set
9960,train,element_set
9961,train,element_set
9962,train,element_set
9963,train,element_set
9964,train,element_set
9965,train,element_set
9966,train,element_set
9967,train,element_set
9968,train,element_set
9969,train,element_set
9973,train,element_set
9974,train,element_set
9975,train,element_set
9976,train,element_set
9977,train,element_set
9978,train,element_set
9979,train,element_set
9981,train,element_set
9982,train,element_set
9983,train,element_set
9984,train,element_set
9988,train,element_set
9989,train,element_set
9990,train,element_set
9991,train,element_set
9993,train,element_set
9994,train,element_set
9995,train,element_set
9996,train,element_set
9997,train,element_set
9999,train,element_set
10000,train,element_set
10001,train,element_set
10002,train,element_set
10003,train,element_set
10004,train,element_set
10005,train,element_set
10006,train,element_set
10007,train,element_set
10008,train,element_set
10009,train,element_set
10010,train,element_set
10011,train,element_set
10014,train,element_set
10015,train,element_set
10016,train,element_set
10017,train,element_set
10018,train,element_set
10019,train,element_set
10020,train,element_set
10022,train,element_set
10024,train,element_set
10025,train,element_set
10026,train,element_set
10027,train,element_set
10028,train,element_set
10029,train,element_set
10030,train,element_set
10032,train,element_set
10033,train,element_set
10034,train,element_set
10035,train,element_set
10036,train,element_set
10037,train,element_set
10038,train,element_set
10043,train,element_set
10044,train,element_set
10045,train,element_set
10046,train,element_set
10048,train,element_set
10049,train,element_set
10050,train,element_set
10051,train,element_set
10052,train,element_set
10053,train,element_set
10054,train,element_set
10055,train,element_set
10056,train,element_set
10058,train,element_set
10059,train,element_set
10062,train,element_set
10064,train,element_set
10065,train,element_set
10066,train,element_set
10067,train,element_set
10068,train,element_set
10069,train,element_set
10070,train,element_set
10071,train,element_set
10072,train,element_set
10074,train,element_set
10076,train,element_set
10077,train,element_set
10078,train,element_set
10080,train,element_set
10081,train,element_set
10082,train,element_set
10083,train,element_set
10084,train,element_set
10085,train,element_set
10086,train,element_set
10089,train,element_set
10090,train,element_set
10091,train,element_set
10092,train,element_set
10093,train,element_set
10095,train,element_set
10096,train,element_set
10097,train,element_set
10098,train,element_set
10099,train,element_set
10101,train,element_set
10102,train,element_set
10103,train,element_set
10105,train,element_set
10106,train,element_set
10107,train,element_set
10108,train,element_set
10111,train,element_set
10112,train,element_set
10113,train,element_set
10114,train,element_set
10115,train,element_set
10116,train,element_set
10118,train,element_set
10119,train,element_set
10120,train,element_set
10121,train,element_set
10122,train,element_set
10123,train,element_set
10124,train,element_set
10125,train,element_set
10126,train,element_set
10128,train,element_set
10129,train,element_set
10130,train,element_set
10131,train,element_set
10132,train,element_set
10133,train,element_set
10134,train,element_set
10135,train,element_set
10137,train,element_set
10138,train,element_set
10139,train,element_set
10141,train,element_set
10142,train,element_set
10143,train,element_set
10144,train,element_set
10145,train,element_set
10146,train,element_set
10147,train,element_set
10148,train,element_set
10149,train,element_set
10151,train,element_set
10153,train,element_set
10154,train,element_set
10155,train,element_set
10156,train,element_set
10157,train,element_set
10162,train,element_set
10163,train,element_set
10165,train,element_set
10166,train,element_set
10168,train,element_set
10169,train,element_set
10171,train,element_set
10172,train,element_set
10173,train,element_set
10175,train,element_set
10177,train,element_set
10178,train,element_set
10179,train,element_set
10182,train,element_set
10183,train,element_set
10184,train,element_set
10187,train,element_set
10188,train,element_set
10189,train,element_set
10190,train,element_set
10191,train,element_set
10192,train,element_set
10193,train,element_set
10194,train,element_set
10196,train,element_set
10197,train,element_set
10198,train,element_set
10199,train,element_set
10200,train,element_set
10201,train,element_set
10202,train,element_set
10203,train,element_set
10204,train,element_set
10205,train,element_set
10206,train,element_set
10209,train,element_set
10210,train,element_set
10211,train,element_set
10213,train,element_set
10214,train,element_set
10215,train,element_set
10216,train,element_set
10217,train,element_set
10218,train,element_set
10219,train,element_set
10220,train,element_set
10222,train,element_set
10223,train,element_set
10224,train,element_set
10225,train,element_set
10226,train,element_set
10228,train,element_set
10229,train,element_set
10231,train,element_set
10232,train,element_set
10233,train,element_set
10234,train,element_set
10235,train,element_set
10236,train,element_set
10238,train,element_set
10239,train,element_set
10240,train,element_set
10242,train,element_set
10243,train,element_set
10244,train,element_set
10245,train,element_set
10246,train,element_set
10247,train,element_set
10248,train,element_set
10249,train,element_set
10251,train,element_set
10252,train,element_set
10253,train,element_set
10254,train,element_set
10255,train,element_set
10256,train,element_set
10257,train,element_set
10258,train,element_set
10259,train,element_set
10260,train,element_set
10262,train,element_set
10264,train,element_set
10265,train,element_set
10266,train,element_set
10267,train,element_set
10270,train,element_set
10271,train,element_set
10272,train,element_set
10273,train,element_set
10274,train,element_set
10275,train,element_set
10276,train,element_set
10277,train,element_set
10278,train,element_set
10279,train,element_set
10280,train,element_set
10281,train,element_set
10283,train,element_set
10284,train,element_set
10285,train,element_set
10286,train,element_set
10287,train,element_set
10288,train,element_set
10289,train,element_set
10290,train,element_set
10291,train,element_set
10292,train,element_set
10293,train,element_set
10295,train,element_set
10296,train,element_set
10297,train,element_set
10298,train,element_set
10299,train,element_set
10300,train,element_set
10301,train,element_set
10302,train,element_set
10304,train,element_set
10305,train,element_set
10306,train,element_set
10307,train,element_set
10308,train,element_set
10309,train,element_set
10310,train,element_set
10311,train,element_set
10313,train,element_set
10315,train,element_set
10317,train,element_set
10318,train,element_set
10319,train,element_set
10320,train,element_set
10321,train,element_set
10323,train,element_set
10325,train,element_set
10326,train,element_set
10327,train,element_set
10328,train,element_set
10329,train,element_set
10330,train,element_set
10331,train,element_set
10332,train,element_set
10334,train,element_set
10336,train,element_set
10337,train,element_set
10338,train,element_set
10339,train,element_set
10340,train,element_set
10341,train,element_set
10342,train,element_set
10343,train,element_set
10344,train,element_set
10346,train,element_set
10347,train,element_set
10348,train,element_set
10349,train,element_set
10350,train,element_set
10352,train,element_set
10354,train,element_set
10355,train,element_set
10356,train,element_set
10357,train,element_set
10358,train,element_set
10360,train,element_set
10362,train,element_set
10363,train,element_set
10364,train,element_set
10365,train,element_set
10366,train,element_set
10368,train,element_set
10369,train,element_set
10370,train,element_set
10371,train,element_set
10373,train,element_set
10375,train,element_set
10376,train,element_set
10379,train,element_set
10381,train,element_set
10382,train,element_set
10383,train,element_set
10384,train,element_set
10385,train,element_set
10386,train,element_set
10388,train,element_set
10389,train,element_set
10390,train,element_set
10393,train,element_set
10395,train,element_set
10396,train,element_set
10398,train,element_set
10399,train,element_set
10400,train,element_set
10401,train,element_set
10402,train,element_set
10403,train,element_set
10404,train,element_set
10405,train,element_set
10407,train,element_set
10408,train,element_set
10409,train,element_set
10410,train,element_set
10411,train,element_set
10413,train,element_set
10414,train,element_set
10415,train,element_set
10416,train,element_set
10417,train,element_set
10418,train,element_set
10419,train,element_set
10420,train,element_set
10421,train,element_set
10424,train,element_set
10425,train,element_set
10426,train,element_set
10427,train,element_set
10428,train,element_set
10429,train,element_set
10430,train,element_set
10431,train,element_set
10432,train,element_set
10433,train,element_set
10434,train,element_set
10435,train,element_set
10436,train,element_set
10437,train,element_set
10438,train,element_set
10440,train,element_set
10441,train,element_set
10442,train,element_set
10444,train,element_set
10445,train,element_set
10447,train,element_set
10448,train,element_set
10449,train,element_set
10451,train,element_set
10453,train,element_set
10455,train,element_set
10457,train,element_set
10458,train,element_set
10459,train,element_set
10461,train,element_set
10462,train,element_set
10463,train,element_set
10464,train,element_set
10465,train,element_set
10466,train,element_set
10467,train,element_set
10468,train,element_set
10470,train,element_set
10471,train,element_set
10473,train,element_set
10475,train,element_set
10476,train,element_set
10477,train,element_set
10478,train,element_set
10479,train,element_set
10481,train,element_set
10483,train,element_set
10484,train,element_set
10485,train,element_set
10487,train,element_set
10488,train,element_set
10489,train,element_set
10490,train,element_set
10491,train,element_set
10492,train,element_set
10493,train,element_set
10494,train,element_set
10495,train,element_set
10497,train,element_set
10498,train,element_set
10499,train,element_set
10500,train,element_set
10501,train,element_set
10502,train,element_set
10504,train,element_set
10505,train,element_set
10506,train,element_set
10507,train,element_set
10508,train,element_set
10509,train,element_set
10511,train,element_set
10513,train,element_set
10514,train,element_set
10515,train,element_set
10516,train,element_set
10517,train,element_set
10518,train,element_set
10519,train,element_set
10520,train,element_set
10521,train,element_set
10522,train,element_set
10524,train,element_set
10525,train,element_set
10526,train,element_set
10527,train,element_set
10528,train,element_set
10531,train,element_set
10532,train,element_set
10534,train,element_set
10535,train,element_set
10536,train,element_set
10537,train,element_set
10538,train,element_set
10539,train,element_set
10541,train,element_set
10542,train,element_set
10543,train,element_set
10544,train,element_set
10545,train,element_set
10547,train,element_set
10548,train,element_set
10549,train,element_set
10550,train,element_set
10551,train,element_set
10553,train,element_set
10555,train,element_set
10556,train,element_set
10558,train,element_set
10560,train,element_set
10561,train,element_set
10563,train,element_set
10564,train,element_set
10565,train,element_set
10567,train,element_set
10568,train,element_set
10569,train,element_set
10570,train,element_set
10571,train,element_set
10573,train,element_set
10574,train,element_set
10575,train,element_set
10576,train,element_set
10577,train,element_set
10578,train,element_set
10579,train,element_set
10580,train,element_set
10583,train,element_set
10584,train,element_set
10585,train,element_set
10586,train,element_set
10587,train,element_set
10588,train,element_set
10589,train,element_set
10590,train,element_set
10591,train,element_set
10592,train,element_set
10593,train,element_set
10594,train,element_set
10595,train,element_set
10596,train,element_set
10598,train,element_set
10599,train,element_set
10600,train,element_set
10601,train,element_set
10602,train,element_set
10603,train,element_set
10604,train,element_set
10605,train,element_set
10606,train,element_set
10607,train,element_set
10608,train,element_set
10609,train,element_set
10610,train,element_set
10611,train,element_set
10612,train,element_set
10615,train,element_set
10616,train,element_set
10617,train,element_set
10618,train,element_set
10619,train,element_set
10621,train,element_set
10623,train,element_set
10624,train,element_set
10626,train,element_set
10627,train,element_set
10629,train,element_set
10630,train,element_set
10631,train,element_set
10632,train,element_set
10633,train,element_set
10634,train,element_set
10635,train,element_set
10636,train,element_set
10637,train,element_set
10638,train,element_set
10639,train,element_set
10641,train,element_set
10644,train,element_set
10645,train,element_set
10646,train,element_set
10647,train,element_set
10648,train,element_set
10649,train,element_set
10650,train,element_set
10651,train,element_set
10652,train,element_set
10653,train,element_set
10654,train,element_set
10655,train,element_set
10656,train,element_set
10659,train,element_set
10660,train,element_set
10661,train,element_set
10662,train,element_set
10664,train,element_set
10665,train,element_set
10666,train,element_set
10667,train,element_set
10668,train,element_set
10669,train,element_set
10670,train,element_set
10671,train,element_set
10672,train,element_set
10673,train,element_set
10674,train,element_set
10675,train,element_set
10676,train,element_set
10677,train,element_set
10681,train,element_set
10683,train,element_set
10685,train,element_set
10687,train,element_set
10688,train,element_set
10690,train,element_set
10691,train,element_set
10692,train,element_set
10693,train,element_set
10694,train,element_set
10695,train,element_set
10696,train,element_set
10697,train,element_set
10698,train,element_set
10699,train,element_set
10700,train,element_set
10701,train,element_set
10702,train,element_set
10703,train,element_set
10704,train,element_set
10705,train,element_set
10706,train,element_set
10708,train,element_set
10709,train,element_set
10710,train,element_set
10711,train,element_set
10712,train,element_set
10713,train,element_set
10714,train,element_set
10716,train,element_set
10718,train,element_set
10719,train,element_set
10720,train,element_set
10723,train,element_set
10724,train,element_set
10725,train,element_set
10726,train,element_set
10728,train,element_set
10729,train,element_set
10730,train,element_set
10731,train,element_set
10732,train,element_set
10733,train,element_set
10734,train,element_set
10735,train,element_set
10737,train,element_set
10739,train,element_set
10740,train,element_set
10742,train,element_set
10743,train,element_set
10744,train,element_set
10745,train,element_set
10746,train,element_set
10747,train,element_set
10749,train,element_set
10750,train,element_set
10751,train,element_set
10752,train,element_set
10753,train,element_set
10754,train,element_set
10755,train,element_set
10756,train,element_set
10757,train,element_set
10758,train,element_set
10759,train,element_set
10760,train,element_set
10761,train,element_set
10762,train,element_set
10765,train,element_set
10767,train,element_set
10768,train,element_set
10769,train,element_set
10771,train,element_set
10773,train,element_set
10774,train,element_set
10775,train,element_set
10776,train,element_set
10778,train,element_set
10779,train,element_set
10780,train,element_set
10782,train,element_set
10784,train,element_set
10786,train,element_set
10787,train,element_set
10788,train,element_set
10789,train,element_set
10790,train,element_set
10791,train,element_set
10792,train,element_set
10794,train,element_set
10795,train,element_set
10796,train,element_set
10798,train,element_set
10799,train,element_set
10800,train,element_set
10801,train,element_set
10802,train,element_set
10803,train,element_set
10804,train,element_set
10806,train,element_set
10807,train,element_set
10808,train,element_set
10809,train,element_set
10810,train,element_set
10811,train,element_set
10814,train,element_set
10815,train,element_set
10816,train,element_set
10817,train,element_set
10818,train,element_set
10819,train,element_set
10820,train,element_set
10821,train,element_set
10823,train,element_set
10824,train,element_set
10825,train,element_set
10826,train,element_set
10827,train,element_set
10828,train,element_set
10829,train,element_set
10830,train,element_set
10831,train,element_set
10832,train,element_set
10834,train,element_set
10835,train,element_set
10837,train,element_set
10838,train,element_set
10839,train,element_set
10841,train,element_set
10842,train,element_set
10843,train,element_set
10844,train,element_set
10846,train,element_set
10847,train,element_set
10848,train,element_set
10849,train,element_set
10850,train,element_set
10851,train,element_set
10852,train,element_set
10853,train,element_set
10854,train,element_set
10855,train,element_set
10856,train,element_set
10857,train,element_set
10858,train,element_set
10860,train,element_set
10861,train,element_set
10862,train,element_set
10863,train,element_set
10864,train,element_set
10867,train,element_set
10868,train,element_set
10870,train,element_set
10873,train,element_set
10875,train,element_set
10876,train,element_set
10877,train,element_set
10878,train,element_set
10880,train,element_set
10881,train,element_set
10883,train,element_set
10884,train,element_set
10885,train,element_set
10886,train,element_set
10887,train,element_set
10889,train,element_set
10890,train,element_set
10891,train,element_set
10892,train,element_set
10893,train,element_set
10894,train,element_set
10895,train,element_set
10896,train,element_set
10898,train,element_set
10899,train,element_set
10900,train,element_set
10901,train,element_set
10902,train,element_set
10903,train,element_set
10904,train,element_set
10905,train,element_set
10906,train,element_set
10908,train,element_set
10910,train,element_set
10911,train,element_set
10912,train,element_set
10913,train,element_set
10914,train,element_set
10918,train,element_set
10919,train,element_set
10920,train,element_set
10921,train,element_set
10922,train,element_set
10923,train,element_set
10924,train,element_set
10925,train,element_set
10926,train,element_set
10927,train,element_set
10928,train,element_set
10929,train,element_set
10930,train,element_set
10931,train,element_set
10932,train,element_set
10934,train,element_set
10935,train,element_set
10937,train,element_set
10938,train,element_set
10939,train,element_set
10940,train,element_set
10941,train,element_set
10942,train,element_set
10944,train,element_set
10945,train,element_set
10946,train,element_set
10947,train,element_set
10948,train,element_set
10949,train,element_set
10950,train,element_set
10952,train,element_set
10953,train,element_set
10954,train,element_set
10955,train,element_set
10958,train,element_set
10959,train,element_set
10962,train,element_set
10963,train,element_set
10964,train,element_set
10965,train,element_set
10967,train,element_set
10968,train,element_set
10969,train,element_set
10970,train,element_set
10971,train,element_set
10972,train,element_set
10973,train,element_set
10974,train,element_set
10976,train,element_set
10977,train,element_set
10978,train,element_set
10979,train,element_set
10980,train,element_set
10982,train,element_set
10983,train,element_set
10984,train,element_set
10985,train,element_set
10987,train,element_set
10988,train,element_set
10991,train,element_set
10992,train,element_set
10993,train,element_set
10994,train,element_set
10995,train,element_set
10996,train,element_set
10997,train,element_set
10998,train,element_set
10999,train,element_set
11000,train,element_set
11001,train,element_set
11002,train,element_set
11003,train,element_set
11004,train,element_set
11005,train,element_set
11007,train,element_set
11010,train,element_set
11012,train,element_set
11013,train,element_set
11014,train,element_set
11015,train,element_set
11016,train,element_set
11017,train,element_set
11018,train,element_set
11019,train,element_set
11020,train,element_set
11021,train,element_set
11022,train,element_set
11024,train,element_set
11025,train,element_set
11027,train,element_set
11028,train,element_set
11031,train,element_set
11032,train,element_set
11033,train,element_set
11034,train,element_set
11035,train,element_set
11036,train,element_set
11037,train,element_set
11039,train,element_set
11041,train,element_set
11043,train,element_set
11044,train,element_set
11045,train,element_set
11047,train,element_set
11048,train,element_set
11049,train,element_set
11050,train,element_set
11052,train,element_set
11053,train,element_set
11054,train,element_set
11056,train,element_set
11057,train,element_set
11058,train,element_set
11059,train,element_set
11060,train,element_set
11061,train,element_set
11062,train,element_set
11063,train,element_set
11064,train,element_set
11065,train,element_set
11069,train,element_set
11070,train,element_set
11071,train,element_set
11075,train,element_set
11076,train,element_set
11078,train,element_set
11079,train,element_set
11085,train,element_set
11086,train,element_set
11087,train,element_set
11088,train,element_set
11089,train,element_set
11090,train,element_set
11092,train,element_set
11093,train,element_set
11094,train,element_set
11096,train,element_set
11097,train,element_set
11098,train,element_set
11099,train,element_set
11100,train,element_set
11102,train,element_set
11103,train,element_set
11104,train,element_set
11105,train,element_set
11107,train,element_set
11108,train,element_set
11110,train,element_set
11111,train,element_set
11112,train,element_set
11113,train,element_set
11115,train,element_set
11116,train,element_set
11117,train,element_set
11118,train,element_set
11119,train,element_set
11120,train,element_set
11121,train,element_set
11123,train,element_set
11125,train,element_set
11126,train,element_set
11130,train,element_set
11131,train,element_set
11132,train,element_set
11133,train,element_set
11134,train,element_set
11135,train,element_set
11136,train,element_set
11138,train,element_set
11139,train,element_set
11141,train,element_set
11142,train,element_set
11143,train,element_set
11144,train,element_set
11146,train,element_set
11147,train,element_set
11148,train,element_set
11149,train,element_set
11150,train,element_set
11151,train,element_set
11152,train,element_set
11153,train,element_set
11154,train,element_set
11155,train,element_set
11156,train,element_set
11157,train,element_set
11158,train,element_set
11159,train,element_set
11160,train,element_set
11161,train,element_set
11162,train,element_set
11164,train,element_set
11165,train,element_set
11166,train,element_set
11167,train,element_set
11169,train,element_set
11171,train,element_set
11172,train,element_set
11173,train,element_set
11174,train,element_set
11175,train,element_set
11176,train,element_set
11177,train,element_set
11178,train,element_set
11179,train,element_set
11180,train,element_set
11181,train,element_set
11185,train,element_set
11186,train,element_set
11187,train,element_set
11188,train,element_set
11189,train,element_set
11190,train,element_set
11191,train,element_set
11192,train,element_set
11193,train,element_set
11194,train,element_set
11195,train,element_set
11196,train,element_set
11198,train,element_set
11199,train,element_set
11200,train,element_set
11201,train,element_set
11202,train,element_set
11203,train,element_set
11204,train,element_set
11205,train,element_set
11206,train,element_set
11207,train,element_set
11208,train,element_set
11209,train,element_set
11211,train,element_set
11213,train,element_set
11214,train,element_set
11215,train,element_set
11217,train,element_set
11218,train,element_set
11219,train,element_set
11220,train,element_set
11221,train,element_set
11222,train,element_set
11223,train,element_set
11224,train,element_set
11226,train,element_set
11227,train,element_set
11228,train,element_set
11229,train,element_set
11230,train,element_set
11231,train,element_set
11232,train,element_set
11233,train,element_set
11234,train,element_set
11235,train,element_set
11236,train,element_set
11237,train,element_set
11238,train,element_set
11240,train,element_set
11241,train,element_set
11242,train,element_set
11243,train,element_set
11244,train,element_set
11245,train,element_set
11246,train,element_set
11247,train,element_set
11248,train,element_set
11250,train,element_set
11251,train,element_set
11252,train,element_set
11253,train,element_set
11254,train,element_set
11255,train,element_set
11256,train,element_set
11257,train,element_set
11258,train,element_set
11259,train,element_set
11260,train,element_set
11262,train,element_set
11263,train,element_set
11266,train,element_set
11267,train,element_set
11269,train,element_set
11271,train,element_set
11272,train,element_set
11273,train,element_set
11274,train,element_set
11275,train,element_set
11276,train,element_set
11278,train,element_set
11280,train,element_set
11281,train,element_set
11282,train,element_set
11283,train,element_set
11284,train,element_set
11285,train,element_set
11286,train,element_set
11287,train,element_set
11288,train,element_set
11289,train,element_set
11290,train,element_set
11291,train,element_set
11292,train,element_set
11293,train,element_set
11295,train,element_set
11296,train,element_set
11297,train,element_set
11298,train,element_set
11299,train,element_set
11300,train,element_set
11301,train,element_set
11302,train,element_set
11303,train,element_set
11304,train,element_set
11306,train,element_set
11307,train,element_set
11309,train,element_set
11310,train,element_set
11311,train,element_set
11312,train,element_set
11313,train,element_set
11314,train,element_set
11315,train,element_set
11316,train,element_set
11317,train,element_set
11318,train,element_set
11319,train,element_set
11320,train,element_set
11321,train,element_set
11322,train,element_set
11323,train,element_set
11324,train,element_set
11325,train,element_set
11327,train,element_set
11328,train,element_set
11329,train,element_set
11330,train,element_set
11332,train,element_set
11333,train,element_set
11334,train,element_set
11335,train,element_set
11336,train,element_set
11337,train,element_set
11338,train,element_set
11339,train,element_set
11342,train,element_set
11344,train,element_set
11345,train,element_set
11348,train,element_set
11349,train,element_set
11350,train,element_set
11351,train,element_set
11353,train,element_set
11354,train,element_set
11355,train,element_set
11356,train,element_set
11357,train,element_set
11358,train,element_set
11360,train,element_set
11362,train,element_set
11363,train,element_set
11364,train,element_set
11367,train,element_set
11368,train,element_set
11369,train,element_set
11370,train,element_set
11371,train,element_set
11372,train,element_set
11373,train,element_set
11374,train,element_set
11375,train,element_set
11376,train,element_set
11378,train,element_set
11380,train,element_set
11381,train,element_set
11383,train,element_set
11385,train,element_set
11386,train,element_set
11387,train,element_set
11388,train,element_set
11389,train,element_set
11391,train,element_set
11392,train,element_set
11393,train,element_set
11394,train,element_set
11395,train,element_set
11396,train,element_set
11397,train,element_set
11398,train,element_set
11399,train,element_set
11400,train,element_set
11401,train,element_set
11403,train,element_set
11404,train,element_set
11405,train,element_set
11406,train,element_set
11407,train,element_set
11409,train,element_set
11410,train,element_set
11411,train,element_set
11412,train,element_set
11413,train,element_set
11414,train,element_set
11415,train,element_set
11416,train,element_set
11417,train,element_set
11418,train,element_set
11420,train,element_set
11421,train,element_set
11422,train,element_set
11423,train,element_set
11424,train,element_set
11425,train,element_set
11426,train,element_set
11427,train,element_set
11428,train,element_set
11429,train,element_set
11430,train,element_set
11431,train,element_set
11432,train,element_set
11433,train,element_set
11434,train,element_set
11435,train,element_set
11437,train,element_set
11439,train,element_set
11441,train,element_set
11442,train,element_set
11444,train,element_set
11445,train,element_set
11446,train,element_set
11447,train,element_set
11449,train,element_set
11451,train,element_set
11452,train,element_set
11453,train,element_set
11454,train,element_set
11455,train,element_set
11456,train,element_set
11457,train,element_set
11458,train,element_set
11459,train,element_set
11460,train,element_set
11461,train,element_set
11462,train,element_set
11463,train,element_set
11464,train,element_set
11465,train,element_set
11466,train,element_set
11467,train,element_set
11468,train,element_set
11469,train,element_set
11471,train,element_set
11472,train,element_set
11473,train,element_set
11474,train,element_set
11476,train,element_set
11478,train,element_set
11480,train,element_set
11481,train,element_set
11482,train,element_set
11483,train,element_set
11485,train,element_set
11487,train,element_set
11488,train,element_set
11489,train,element_set
11490,train,element_set
11491,train,element_set
11492,train,element_set
11494,train,element_set
11495,train,element_set
11496,train,element_set
11497,train,element_set
11498,train,element_set
11499,train,element_set
11500,train,element_set
11501,train,element_set
11502,train,element_set
11504,train,element_set
11505,train,element_set
11506,train,element_set
11507,train,element_set
11508,train,element_set
11509,train,element_set
11511,train,element_set
11513,train,element_set
11514,train,element_set
11515,train,element_set
11516,train,element_set
11517,train,element_set
11518,train,element_set
11519,train,element_set
11520,train,element_set
11521,train,element_set
11522,train,element_set
11524,train,element_set
11525,train,element_set
11526,train,element_set
11528,train,element_set
11529,train,element_set
11530,train,element_set
11532,train,element_set
11533,train,element_set
11534,train,element_set
11536,train,element_set
11537,train,element_set
11538,train,element_set
11539,train,element_set
11540,train,element_set
11541,train,element_set
11542,train,element_set
11544,train,element_set
11545,train,element_set
11546,train,element_set
11548,train,element_set
11549,train,element_set
11550,train,element_set
11551,train,element_set
11553,train,element_set
11554,train,element_set
11555,train,element_set
11557,train,element_set
11558,train,element_set
11559,train,element_set
11560,train,element_set
11561,train,element_set
11563,train,element_set
11565,train,element_set
11566,train,element_set
11567,train,element_set
11569,train,element_set
11570,train,element_set
11571,train,element_set
11572,train,element_set
11573,train,element_set
11574,train,element_set
11575,train,element_set
11576,train,element_set
11577,train,element_set
11578,train,element_set
11579,train,element_set
11580,train,element_set
11581,train,element_set
11582,train,element_set
11583,train,element_set
11584,train,element_set
11585,train,element_set
11586,train,element_set
11587,train,element_set
11588,train,element_set
11590,train,element_set
11591,train,element_set
11592,train,element_set
11593,train,element_set
11594,train,element_set
11595,train,element_set
11596,train,element_set
11597,train,element_set
11598,train,element_set
11599,train,element_set
11600,train,element_set
11601,train,element_set
11603,train,element_set
11604,train,element_set
11605,train,element_set
11606,train,element_set
11607,train,element_set
11608,train,element_set
11609,train,element_set
11610,train,element_set
11611,train,element_set
11612,train,element_set
11614,train,element_set
11618,train,element_set
11619,train,element_set
11620,train,element_set
11622,train,element_set
11623,train,element_set
11624,train,element_set
11625,train,element_set
11626,train,element_set
11627,train,element_set
11628,train,element_set
11629,train,element_set
11630,train,element_set
11631,train,element_set
11632,train,element_set
11633,train,element_set
11635,train,element_set
11636,train,element_set
11637,train,element_set
11638,train,element_set
11639,train,element_set
11640,train,element_set
11641,train,element_set
11642,train,element_set
11645,train,element_set
11646,train,element_set
11648,train,element_set
11649,train,element_set
11650,train,element_set
11651,train,element_set
11652,train,element_set
11653,train,element_set
11654,train,element_set
11655,train,element_set
11658,train,element_set
11660,train,element_set
11662,train,element_set
11663,train,element_set
11664,train,element_set
11666,train,element_set
11667,train,element_set
11668,train,element_set
11669,train,element_set
11671,train,element_set
11672,train,element_set
11673,train,element_set
11674,train,element_set
11675,train,element_set
11676,train,element_set
11678,train,element_set
11679,train,element_set
11681,train,element_set
11684,train,element_set
11685,train,element_set
11687,train,element_set
11689,train,element_set
11691,train,element_set
11692,train,element_set
11693,train,element_set
11694,train,element_set
11695,train,element_set
11696,train,element_set
11697,train,element_set
11698,train,element_set
11699,train,element_set
11701,train,element_set
11702,train,element_set
11704,train,element_set
11708,train,element_set
11709,train,element_set
11710,train,element_set
11711,train,element_set
11712,train,element_set
11714,train,element_set
11715,train,element_set
11717,train,element_set
11718,train,element_set
11719,train,element_set
11721,train,element_set
11722,train,element_set
11723,train,element_set
11724,train,element_set
11726,train,element_set
11727,train,element_set
11730,train,element_set
11731,train,element_set
11732,train,element_set
11733,train,element_set
11734,train,element_set
11735,train,element_set
11736,train,element_set
11737,train,element_set
11738,train,element_set
11739,train,element_set
11740,train,element_set
11742,train,element_set
11743,train,element_set
11744,train,element_set
11747,train,element_set
11748,train,element_set
11749,train,element_set
11750,train,element_set
11751,train,element_set
11752,train,element_set
11753,train,element_set
11754,train,element_set
11755,train,element_set
11756,train,element_set
11757,train,element_set
11758,train,element_set
11759,train,element_set
11760,train,element_set
11761,train,element_set
11762,train,element_set
11763,train,element_set
11764,train,element_set
11765,train,element_set
11766,train,element_set
11767,train,element_set
11768,train,element_set
11769,train,element_set
11770,train,element_set
11771,train,element_set
11772,train,element_set
11773,train,element_set
11774,train,element_set
11775,train,element_set
11776,train,element_set
11777,train,element_set
11778,train,element_set
11779,train,element_set
11780,train,element_set
11783,train,element_set
11784,train,element_set
11785,train,element_set
11786,train,element_set
11787,train,element_set
11788,train,element_set
11789,train,element_set
11790,train,element_set
11791,train,element_set
11792,train,element_set
11793,train,element_set
11794,train,element_set
11795,train,element_set
11796,train,element_set
11798,train,element_set
11799,train,element_set
11800,train,element_set
11801,train,element_set
11805,train,element_set
11806,train,element_set
11807,train,element_set
11808,train,element_set
11809,train,element_set
11810,train,element_set
11811,train,element_set
11813,train,element_set
11814,train,element_set
11815,train,element_set
11816,train,element_set
11818,train,element_set
11819,train,element_set
11820,train,element_set
11821,train,element_set
11822,train,element_set
11825,train,element_set
11826,train,element_set
11827,train,element_set
11828,train,element_set
11829,train,element_set
11830,train,element_set
11831,train,element_set
11833,train,element_set
11834,train,element_set
11835,train,element_set
11836,train,element_set
11837,train,element_set
11838,train,element_set
11839,train,element_set
11840,train,element_set
11841,train,element_set
11844,train,element_set
11845,train,element_set
11846,train,element_set
11848,train,element_set
11850,train,element_set
11851,train,element_set
11852,train,element_set
11853,train,element_set
11854,train,element_set
11856,train,element_set
11857,train,element_set
11859,train,element_set
11860,train,element_set
11861,train,element_set
11862,train,element_set
11864,train,element_set
11865,train,element_set
11866,train,element_set
11867,train,element_set
11869,train,element_set
11870,train,element_set
11872,train,element_set
11873,train,element_set
11877,train,element_set
11878,train,element_set
11880,train,element_set
11882,train,element_set
11883,train,element_set
11884,train,element_set
11885,train,element_set
11887,train,element_set
11888,train,element_set
11889,train,element_set
11890,train,element_set
11891,train,element_set
11892,train,element_set
11893,train,element_set
11894,train,element_set
11896,train,element_set
11897,train,element_set
11899,train,element_set
11900,train,element_set
11901,train,element_set
11902,train,element_set
11903,train,element_set
11904,train,element_set
11905,train,element_set
11906,train,element_set
11908,train,element_set
11909,train,element_set
11910,train,element_set
11911,train,element_set
11912,train,element_set
11913,train,element_set
11914,train,element_set
11916,train,element_set
11917,train,element_set
11918,train,element_set
11920,train,element_set
11921,train,element_set
11922,train,element_set
11923,train,element_set
11924,train,element_set
11928,train,element_set
11929,train,element_set
11930,train,element_set
11931,train,element_set
11932,train,element_set
11933,train,element_set
11934,train,element_set
11935,train,element_set
11936,train,element_set
11938,train,element_set
11940,train,element_set
11941,train,element_set
11942,train,element_set
11943,train,element_set
11944,train,element_set
11946,train,element_set
11947,train,element_set
11948,train,element_set
11949,train,element_set
11950,train,element_set
11951,train,element_set
11952,train,element_set
11954,train,element_set
11956,train,element_set
11957,train,element_set
11959,train,element_set
11962,train,element_set
11965,train,element_set
11966,train,element_set
11967,train,element_set
11968,train,element_set
11969,train,element_set
11970,train,element_set
11971,train,element_set
11972,train,element_set
11973,train,element_set
11974,train,element_set
11975,train,element_set
11976,train,element_set
11977,train,element_set
11979,train,element_set
11980,train,element_set
11981,train,element_set
11983,train,element_set
11984,train,element_set
11987,train,element_set
11989,train,element_set
11990,train,element_set
11991,train,element_set
11992,train,element_set
11993,train,element_set
11994,train,element_set
11995,train,element_set
11996,train,element_set
11998,train,element_set
11999,train,element_set
12000,train,element_set
12001,train,element_set
12003,train,element_set
12004,train,element_set
12005,train,element_set
12007,train,element_set
12008,train,element_set
12009,train,element_set
12010,train,element_set
12012,train,element_set
12013,train,element_set
12014,train,element_set
12017,train,element_set
12018,train,element_set
12019,train,element_set
12020,train,element_set
12022,train,element_set
12024,train,element_set
12026,train,element_set
12027,train,element_set
12028,train,element_set
12029,train,element_set
12030,train,element_set
12032,train,element_set
12033,train,element_set
12034,train,element_set
12036,train,element_set
12037,train,element_set
12038,train,element_set
12040,train,element_set
12041,train,element_set
12044,train,element_set
12045,train,element_set
12046,train,element_set
12047,train,element_set
12048,train,element_set
12049,train,element_set
12050,train,element_set
12051,train,element_set
12053,train,element_set
12055,train,element_set
12056,train,element_set
12057,train,element_set
12058,train,element_set
12059,train,element_set
12061,train,element_set
12063,train,element_set
12064,train,element_set
12066,train,element_set
12067,train,element_set
12068,train,element_set
12069,train,element_set
12070,train,element_set
12071,train,element_set
12074,train,element_set
12075,train,element_set
12076,train,element_set
12077,train,element_set
12078,train,element_set
12079,train,element_set
12081,train,element_set
12082,train,element_set
12083,train,element_set
12084,train,element_set
12085,train,element_set
12086,train,element_set
12087,train,element_set
12089,train,element_set
12090,train,element_set
12091,train,element_set
12092,train,element_set
12094,train,element_set
12095,train,element_set
12096,train,element_set
12098,train,element_set
12099,train,element_set
12100,train,element_set
12101,train,element_set
12102,train,element_set
12103,train,element_set
12104,train,element_set
12105,train,element_set
12106,train,element_set
12107,train,element_set
12108,train,element_set
12109,train,element_set
12110,train,element_set
12111,train,element_set
12112,train,element_set
12113,train,element_set
12115,train,element_set
12116,train,element_set
12117,train,element_set
12118,train,element_set
12120,train,element_set
12121,train,element_set
12123,train,element_set
12124,train,element_set
12127,train,element_set
12128,train,element_set
12129,train,element_set
12130,train,element_set
12131,train,element_set
12132,train,element_set
12133,train,element_set
12134,train,element_set
12135,train,element_set
12136,train,element_set
12137,train,element_set
12141,train,element_set
12142,train,element_set
12143,train,element_set
12144,train,element_set
12145,train,element_set
12147,train,element_set
12148,train,element_set
12149,train,element_set
12151,train,element_set
12152,train,element_set
12153,train,element_set
12155,train,element_set
12156,train,element_set
12157,train,element_set
12158,train,element_set
12159,train,element_set
12160,train,element_set
12161,train,element_set
12162,train,element_set
12164,train,element_set
12166,train,element_set
12167,train,element_set
12168,train,element_set
12169,train,element_set
12170,train,element_set
12171,train,element_set
12172,train,element_set
12174,train,element_set
12175,train,element_set
12176,train,element_set
12177,train,element_set
12178,train,element_set
12179,train,element_set
12181,train,element_set
12182,train,element_set
12184,train,element_set
12185,train,element_set
12186,train,element_set
12188,train,element_set
12189,train,element_set
12190,train,element_set
12191,train,element_set
12192,train,element_set
12193,train,element_set
12195,train,element_set
12196,train,element_set
12201,train,element_set
12202,train,element_set
12203,train,element_set
12205,train,element_set
12206,train,element_set
12207,train,element_set
12208,train,element_set
12209,train,element_set
12210,train,element_set
12211,train,element_set
12212,train,element_set
12213,train,element_set
12215,train,element_set
12217,train,element_set
12218,train,element_set
12219,train,element_set
12220,train,element_set
12223,train,element_set
12224,train,element_set
12226,train,element_set
12227,train,element_set
12229,train,element_set
12230,train,element_set
12231,train,element_set
12233,train,element_set
12234,train,element_set
12236,train,element_set
12237,train,element_set
12238,train,element_set
12239,train,element_set
12240,train,element_set
12241,train,element_set
12242,train,element_set
12243,train,element_set
12246,train,element_set
12247,train,element_set
12248,train,element_set
12249,train,element_set
12250,train,element_set
12251,train,element_set
12252,train,element_set
12253,train,element_set
12254,train,element_set
12255,train,element_set
12257,train,element_set
12258,train,element_set
12259,train,element_set
12260,train,element_set
12261,train,element_set
12262,train,element_set
12263,train,element_set
12264,train,element_set
12266,train,element_set
12267,train,element_set
12270,train,element_set
12271,train,element_set
12272,train,element_set
12273,train,element_set
12274,train,element_set
12277,train,element_set
12278,train,element_set
12280,train,element_set
12282,train,element_set
12283,train,element_set
12286,train,element_set
12287,train,element_set
12289,train,element_set
12290,train,element_set
12291,train,element_set
12293,train,element_set
12294,train,element_set
12296,train,element_set
12297,train,element_set
12298,train,element_set
12299,train,element_set
12300,train,element_set
12301,train,element_set
12302,train,element_set
12303,train,element_set
12305,train,element_set
12306,train,element_set
12308,train,element_set
12309,train,element_set
12310,train,element_set
12311,train,element_set
12312,train,element_set
12313,train,element_set
12314,train,element_set
12315,train,element_set
12316,train,element_set
12319,train,element_set
12320,train,element_set
12322,train,element_set
12323,train,element_set
12324,train,element_set
12325,train,element_set
12326,train,element_set
12327,train,element_set
12328,train,element_set
12329,train,element_set
12330,train,element_set
12332,train,element_set
12334,train,element_set
12335,train,element_set
12336,train,element_set
12337,train,element_set
12338,train,element_set
12341,train,element_set
12343,train,element_set
12345,train,element_set
12346,train,element_set
12347,train,element_set
12348,train,element_set
12349,train,element_set
12350,train,element_set
12351,train,element_set
12352,train,element_set
12354,train,element_set
12355,train,element_set
12356,train,element_set
12357,train,element_set
12358,train,element_set
12359,train,element_set
12361,train,element_set
12362,train,element_set
12363,train,element_set
12364,train,element_set
12367,train,element_set
12369,train,element_set
12370,train,element_set
12372,train,element_set
12373,train,element_set
12374,train,element_set
12375,train,element_set
12376,train,element_set
12377,train,element_set
12379,train,element_set
12381,train,element_set
12382,train,element_set
12383,train,element_set
12384,train,element_set
12385,train,element_set
12386,train,element_set
12387,train,element_set
12388,train,element_set
12389,train,element_set
12390,train,element_set
12391,train,element_set
12392,train,element_set
12394,train,element_set
12395,train,element_set
12396,train,element_set
12397,train,element_set
12398,train,element_set
12399,train,element_set
12400,train,element_set
12403,train,element_set
12404,train,element_set
12405,train,element_set
12406,train,element_set
12407,train,element_set
12408,train,element_set
12410,train,element_set
12412,train,element_set
12413,train,element_set
12414,train,element_set
12415,train,element_set
12416,train,element_set
12417,train,element_set
12418,train,element_set
12419,train,element_set
12420,train,element_set
12421,train,element_set
12422,train,element_set
12423,train,element_set
12424,train,element_set
12425,train,element_set
12426,train,element_set
12428,train,element_set
12429,train,element_set
12430,train,element_set
12432,train,element_set
12433,train,element_set
12434,train,element_set
12435,train,element_set
12436,train,element_set
12437,train,element_set
12438,train,element_set
12440,train,element_set
12441,train,element_set
12442,train,element_set
12443,train,element_set
12444,train,element_set
12445,train,element_set
12446,train,element_set
12447,train,element_set
12448,train,element_set
12449,train,element_set
12450,train,element_set
12451,train,element_set
12452,train,element_set
12453,train,element_set
12454,train,element_set
12456,train,element_set
12459,train,element_set
12462,train,element_set
12465,train,element_set
12466,train,element_set
12468,train,element_set
12470,train,element_set
12471,train,element_set
12472,train,element_set
12473,train,element_set
12474,train,element_set
12475,train,element_set
12476,train,element_set
12477,train,element_set
12478,train,element_set
12479,train,element_set
12480,train,element_set
12481,train,element_set
12482,train,element_set
12484,train,element_set
12485,train,element_set
12486,train,element_set
12487,train,element_set
12489,train,element_set
12491,train,element_set
12492,train,element_set
12493,train,element_set
12494,train,element_set
12495,train,element_set
12499,train,element_set
12501,train,element_set
12502,train,element_set
12503,train,element_set
12504,train,element_set
12505,train,element_set
12506,train,element_set
12507,train,element_set
12508,train,element_set
12509,train,element_set
12511,train,element_set
12512,train,element_set
12513,train,element_set
12514,train,element_set
12515,train,element_set
12516,train,element_set
12517,train,element_set
12518,train,element_set
12519,train,element_set
12520,train,element_set
12521,train,element_set
12523,train,element_set
12524,train,element_set
12525,train,element_set
12526,train,element_set
12527,train,element_set
12528,train,element_set
12529,train,element_set
12530,train,element_set
12532,train,element_set
12533,train,element_set
12534,train,element_set
12535,train,element_set
12536,train,element_set
12537,train,element_set
12539,train,element_set
12540,train,element_set
12541,train,element_set
12542,train,element_set
12543,train,element_set
12545,train,element_set
12546,train,element_set
12547,train,element_set
12548,train,element_set
12549,train,element_set
12550,train,element_set
12551,train,element_set
12552,train,element_set
12554,train,element_set
12556,train,element_set
12557,train,element_set
12559,train,element_set
12560,train,element_set
12562,train,element_set
12563,train,element_set
12564,train,element_set
12566,train,element_set
12567,train,element_set
12569,train,element_set
12570,train,element_set
12571,train,element_set
12573,train,element_set
12574,train,element_set
12575,train,element_set
12576,train,element_set
12577,train,element_set
12578,train,element_set
12579,train,element_set
12580,train,element_set
12582,train,element_set
12583,train,element_set
12584,train,element_set
12585,train,element_set
12586,train,element_set
12587,train,element_set
12588,train,element_set
12589,train,element_set
12591,train,element_set
12593,train,element_set
12594,train,element_set
12595,train,element_set
12597,train,element_set
12598,train,element_set
12599,train,element_set
12600,train,element_set
12601,train,element_set
12602,train,element_set
12603,train,element_set
12604,train,element_set
12605,train,element_set
12608,train,element_set
12609,train,element_set
12610,train,element_set
12611,train,element_set
12612,train,element_set
12614,train,element_set
12615,train,element_set
12616,train,element_set
12617,train,element_set
12618,train,element_set
12619,train,element_set
12620,train,element_set
12621,train,element_set
12622,train,element_set
12623,train,element_set
12624,train,element_set
12625,train,element_set
12626,train,element_set
12627,train,element_set
12629,train,element_set
12630,train,element_set
12631,train,element_set
12632,train,element_set
12633,train,element_set
12634,train,element_set
12637,train,element_set
12638,train,element_set
12639,train,element_set
12640,train,element_set
12641,train,element_set
12642,train,element_set
12644,train,element_set
12645,train,element_set
12646,train,element_set
12649,train,element_set
12650,train,element_set
12651,train,element_set
12653,train,element_set
12654,train,element_set
12655,train,element_set
12658,train,element_set
12659,train,element_set
12660,train,element_set
12661,train,element_set
12662,train,element_set
12663,train,element_set
12664,train,element_set
12665,train,element_set
12666,train,element_set
12667,train,element_set
12668,train,element_set
12669,train,element_set
12671,train,element_set
12673,train,element_set
12675,train,element_set
12677,train,element_set
12678,train,element_set
12679,train,element_set
12680,train,element_set
12682,train,element_set
12683,train,element_set
12684,train,element_set
12685,train,element_set
12688,train,element_set
12690,train,element_set
12691,train,element_set
12692,train,element_set
12693,train,element_set
12695,train,element_set
12696,train,element_set
12698,train,element_set
12700,train,element_set
12701,train,element_set
12702,train,element_set
12703,train,element_set
12704,train,element_set
12705,train,element_set
12706,train,element_set
12707,train,element_set
12708,train,element_set
12709,train,element_set
12711,train,element_set
12714,train,element_set
12715,train,element_set
12717,train,element_set
12720,train,element_set
12721,train,element_set
12722,train,element_set
12723,train,element_set
12724,train,element_set
12725,train,element_set
12726,train,element_set
12727,train,element_set
12728,train,element_set
12729,train,element_set
12730,train,element_set
12731,train,element_set
12732,train,element_set
12733,train,element_set
12734,train,element_set
12735,train,element_set
12736,train,element_set
12738,train,element_set
12739,train,element_set
12740,train,element_set
12741,train,element_set
12743,train,element_set
12746,train,element_set
12748,train,element_set
12749,train,element_set
12751,train,element_set
12753,train,element_set
12754,train,element_set
12755,train,element_set
12756,train,element_set
12757,train,element_set
12758,train,element_set
12759,train,element_set
12760,train,element_set
12761,train,element_set
12763,train,element_set
12764,train,element_set
12765,train,element_set
12766,train,element_set
12767,train,element_set
12768,train,element_set
12769,train,element_set
12770,train,element_set
12772,train,element_set
12773,train,element_set
12776,train,element_set
12777,train,element_set
12778,train,element_set
12779,train,element_set
12780,train,element_set
12781,train,element_set
12782,train,element_set
12783,train,element_set
12784,train,element_set
12785,train,element_set
12787,train,element_set
12788,train,element_set
12789,train,element_set
12790,train,element_set
12791,train,element_set
12792,train,element_set
12794,train,element_set
12795,train,element_set
12796,train,element_set
12798,train,element_set
12799,train,element_set
12800,train,element_set
12803,train,element_set
12804,train,element_set
12805,train,element_set
12806,train,element_set
12808,train,element_set
12809,train,element_set
12811,train,element_set
12812,train,element_set
12813,train,element_set
12815,train,element_set
12816,train,element_set
12817,train,element_set
12818,train,element_set
12819,train,element_set
12820,train,element_set
12821,train,element_set
12822,train,element_set
12823,train,element_set
12824,train,element_set
12825,train,element_set
12826,train,element_set
12827,train,element_set
12828,train,element_set
12829,train,element_set
12830,train,element_set
12831,train,element_set
12832,train,element_set
12833,train,element_set
12834,train,element_set
12835,train,element_set
12836,train,element_set
12837,train,element_set
12838,train,element_set
12840,train,element_set
12841,train,element_set
12842,train,element_set
12843,train,element_set
12845,train,element_set
12846,train,element_set
12847,train,element_set
12848,train,element_set
12849,train,element_set
12850,train,element_set
12851,train,element_set
12852,train,element_set
12853,train,element_set
12854,train,element_set
12855,train,element_set
12856,train,element_set
12858,train,element_set
12859,train,element_set
12860,train,element_set
12862,train,element_set
12863,train,element_set
12864,train,element_set
12865,train,element_set
12866,train,element_set
12867,train,element_set
12868,train,element_set
12869,train,element_set
12870,train,element_set
12871,train,element_set
12872,train,element_set
12873,train,element_set
12874,train,element_set
12875,train,element_set
12878,train,element_set
12881,train,element_set
12882,train,element_set
12884,train,element_set
12886,train,element_set
12887,train,element_set
12889,train,element_set
12890,train,element_set
12892,train,element_set
12894,train,element_set
12895,train,element_set
12896,train,element_set
12897,train,element_set
12898,train,element_set
12899,train,element_set
12900,train,element_set
12901,train,element_set
12902,train,element_set
12903,train,element_set
12904,train,element_set
12905,train,element_set
12906,train,element_set
12907,train,element_set
12908,train,element_set
12909,train,element_set
12911,train,element_set
12912,train,element_set
12913,train,element_set
12914,train,element_set
12915,train,element_set
12917,train,element_set
12922,train,element_set
12924,train,element_set
12925,train,element_set
12927,train,element_set
12928,train,element_set
12929,train,element_set
12930,train,element_set
12931,train,element_set
12932,train,element_set
12934,train,element_set
12935,train,element_set
12936,train,element_set
12937,train,element_set
12938,train,element_set
12942,train,element_set
12943,train,element_set
12944,train,element_set
12948,train,element_set
12950,train,element_set
12951,train,element_set
12952,train,element_set
12953,train,element_set
12954,train,element_set
12955,train,element_set
12956,train,element_set
12957,train,element_set
12958,train,element_set
12959,train,element_set
12961,train,element_set
12962,train,element_set
12963,train,element_set
12964,train,element_set
12965,train,element_set
12967,train,element_set
12968,train,element_set
12969,train,element_set
12970,train,element_set
12971,train,element_set
12972,train,element_set
12973,train,element_set
12974,train,element_set
12975,train,element_set
12976,train,element_set
12977,train,element_set
12978,train,element_set
12979,train,element_set
12980,train,element_set
12981,train,element_set
12983,train,element_set
12984,train,element_set
12985,train,element_set
12987,train,element_set
12988,train,element_set
12990,train,element_set
12991,train,element_set
12992,train,element_set
12993,train,element_set
12994,train,element_set
12995,train,element_set
12996,train,element_set
12997,train,element_set
12998,train,element_set
12999,train,element_set
13000,train,element_set
13001,train,element_set
13002,train,element_set
13004,train,element_set
13005,train,element_set
13006,train,element_set
13008,train,element_set
13009,train,element_set
13010,train,element_set
13011,train,element_set
13013,train,element_set
13014,train,element_set
13015,train,element_set
13017,train,element_set
13018,train,element_set
13019,train,element_set
13021,train,element_set
13022,train,element_set
13023,train,element_set
13024,train,element_set
13025,train,element_set
13026,train,element_set
13027,train,element_set
13028,train,element_set
13029,train,element_set
13030,train,element_set
13031,train,element_set
13032,train,element_set
13033,train,element_set
13035,train,element_set
13036,train,element_set
13037,train,element_set
13038,train,element_set
13039,train,element_set
13041,train,element_set
13042,train,element_set
13043,train,element_set
13044,train,element_set
13046,train,element_set
13047,train,element_set
13049,train,element_set
13050,train,element_set
13051,train,element_set
13052,train,element_set
13053,train,element_set
13054,train,element_set
13055,train,element_set
13056,train,element_set
13057,train,element_set
13058,train,element_set
13060,train,element_set
13061,train,element_set
13063,train,element_set
13064,train,element_set
13065,train,element_set
13066,train,element_set
13067,train,element_set
13068,train,element_set
13069,train,element_set
13070,train,element_set
13071,train,element_set
13072,train,element_set
13073,train,element_set
13074,train,element_set
13075,train,element_set
13077,train,element_set
13078,train,element_set
13079,train,element_set
13080,train,element_set
13083,train,element_set
13085,train,element_set
13086,train,element_set
13087,train,element_set
13088,train,element_set
13090,train,element_set
13091,train,element_set
13092,train,element_set
13093,train,element_set
13095,train,element_set
13096,train,element_set
13097,train,element_set
13098,train,element_set
13099,train,element_set
13101,train,element_set
13102,train,element_set
13103,train,element_set
13105,train,element_set
13106,train,element_set
13107,train,element_set
13108,train,element_set
13109,train,element_set
13110,train,element_set
13111,train,element_set
13112,train,element_set
13113,train,element_set
13116,train,element_set
13117,train,element_set
13118,train,element_set
13120,train,element_set
13121,train,element_set
13122,train,element_set
13123,train,element_set
13124,train,element_set
13125,train,element_set
13126,train,element_set
13127,train,element_set
13128,train,element_set
13129,train,element_set
13131,train,element_set
13133,train,element_set
13134,train,element_set
13135,train,element_set
13136,train,element_set
13137,train,element_set
13138,train,element_set
13139,train,element_set
13141,train,element_set
13142,train,element_set
13143,train,element_set
13145,train,element_set
13146,train,element_set
13147,train,element_set
13148,train,element_set
13149,train,element_set
13151,train,element_set
13152,train,element_set
13153,train,element_set
13154,train,element_set
13155,train,element_set
13156,train,element_set
13157,train,element_set
13158,train,element_set
13159,train,element_set
13160,train,element_set
13161,train,element_set
13162,train,element_set
13163,train,element_set
13164,train,element_set
13165,train,element_set
13166,train,element_set
13167,train,element_set
13168,train,element_set
13169,train,element_set
13170,train,element_set
13171,train,element_set
13172,train,element_set
13173,train,element_set
13174,train,element_set
13175,train,element_set
13176,train,element_set
13177,train,element_set
13180,train,element_set
13181,train,element_set
13182,train,element_set
13183,train,element_set
13184,train,element_set
13185,train,element_set
13186,train,element_set
13187,train,element_set
13188,train,element_set
13189,train,element_set
13190,train,element_set
13191,train,element_set
13192,train,element_set
13193,train,element_set
13194,train,element_set
13196,train,element_set
13199,train,element_set
13200,train,element_set
13201,train,element_set
13203,train,element_set
13204,train,element_set
13206,train,element_set
13207,train,element_set
13209,train,element_set
13210,train,element_set
13211,train,element_set
13212,train,element_set
13213,train,element_set
13214,train,element_set
13216,train,element_set
13217,train,element_set
13219,train,element_set
13220,train,element_set
13221,train,element_set
13222,train,element_set
13223,train,element_set
13224,train,element_set
13226,train,element_set
13227,train,element_set
13228,train,element_set
13229,train,element_set
13230,train,element_set
13232,train,element_set
13233,train,element_set
13234,train,element_set
13235,train,element_set
13236,train,element_set
13238,train,element_set
13239,train,element_set
13240,train,element_set
13241,train,element_set
13242,train,element_set
13243,train,element_set
13244,train,element_set
13245,train,element_set
13246,train,element_set
13248,train,element_set
13252,train,element_set
13253,train,element_set
13254,train,element_set
13255,train,element_set
13256,train,element_set
13257,train,element_set
13258,train,element_set
13259,train,element_set
13261,train,element_set
13262,train,element_set
13263,train,element_set
13264,train,element_set
13265,train,element_set
13266,train,element_set
13267,train,element_set
13268,train,element_set
13269,train,element_set
13270,train,element_set
13271,train,element_set
13272,train,element_set
13274,train,element_set
13275,train,element_set
13276,train,element_set
13277,train,element_set
13278,train,element_set
13279,train,element_set
13280,train,element_set
13281,train,element_set
13282,train,element_set
13283,train,element_set
13284,train,element_set
13285,train,element_set
13286,train,element_set
13287,train,element_set
13290,train,element_set
13291,train,element_set
13292,train,element_set
13293,train,element_set
13294,train,element_set
13295,train,element_set
13296,train,element_set
13297,train,element_set
13299,train,element_set
13300,train,element_set
13301,train,element_set
13302,train,element_set
13303,train,element_set
13304,train,element_set
13305,train,element_set
13306,train,element_set
13307,train,element_set
13308,train,element_set
13309,train,element_set
13310,train,element_set
13311,train,element_set
13314,train,element_set
13316,train,element_set
13320,train,element_set
13321,train,element_set
13322,train,element_set
13323,train,element_set
13324,train,element_set
13326,train,element_set
13327,train,element_set
13328,train,element_set
13330,train,element_set
13332,train,element_set
13333,train,element_set
13334,train,element_set
13335,train,element_set
13336,train,element_set
13337,train,element_set
13338,train,element_set
13339,train,element_set
13340,train,element_set
13341,train,element_set
13342,train,element_set
13343,train,element_set
13344,train,element_set
13345,train,element_set
13346,train,element_set
13348,train,element_set
13349,train,element_set
13350,train,element_set
13351,train,element_set
13352,train,element_set
13353,train,element_set
13354,train,element_set
13355,train,element_set
13356,train,element_set
13357,train,element_set
13358,train,element_set
13359,train,element_set
13360,train,element_set
13361,train,element_set
13362,train,element_set
13363,train,element_set
13364,train,element_set
13365,train,element_set
13366,train,element_set
13367,train,element_set
13369,train,element_set
13370,train,element_set
13371,train,element_set
13372,train,element_set
13373,train,element_set
13374,train,element_set
13376,train,element_set
13377,train,element_set
13380,train,element_set
13381,train,element_set
13382,train,element_set
13383,train,element_set
13384,train,element_set
13385,train,element_set
13387,train,element_set
13388,train,element_set
13389,train,element_set
13390,train,element_set
13391,train,element_set
13392,train,element_set
13393,train,element_set
13394,train,element_set
13395,train,element_set
13396,train,element_set
13397,train,element_set
13398,train,element_set
13399,train,element_set
13400,train,element_set
13401,train,element_set
13403,train,element_set
13404,train,element_set
13405,train,element_set
13406,train,element_set
13408,train,element_set
13409,train,element_set
13411,train,element_set
13413,train,element_set
13414,train,element_set
13415,train,element_set
13416,train,element_set
13417,train,element_set
13418,train,element_set
13420,train,element_set
13421,train,element_set
13422,train,element_set
13423,train,element_set
13426,train,element_set
13427,train,element_set
13428,train,element_set
13429,train,element_set
13430,train,element_set
13433,train,element_set
13435,train,element_set
13436,train,element_set
13437,train,element_set
13438,train,element_set
13439,train,element_set
13440,train,element_set
13441,train,element_set
13443,train,element_set
13444,train,element_set
13445,train,element_set
13447,train,element_set
13448,train,element_set
13449,train,element_set
13450,train,element_set
13451,train,element_set
13452,train,element_set
13453,train,element_set
13454,train,element_set
13455,train,element_set
13456,train,element_set
13457,train,element_set
13459,train,element_set
13460,train,element_set
13461,train,element_set
13462,train,element_set
13463,train,element_set
13464,train,element_set
13465,train,element_set
13466,train,element_set
13467,train,element_set
13468,train,element_set
13469,train,element_set
13470,train,element_set
13471,train,element_set
13472,train,element_set
13473,train,element_set
13474,train,element_set
13475,train,element_set
13476,train,element_set
13477,train,element_set
13478,train,element_set
13479,train,element_set
13480,train,element_set
13481,train,element_set
13483,train,element_set
13484,train,element_set
13485,train,element_set
13486,train,element_set
13487,train,element_set
13488,train,element_set
13489,train,element_set
13490,train,element_set
13491,train,element_set
13492,train,element_set
13493,train,element_set
13494,train,element_set
13496,train,element_set
13497,train,element_set
13498,train,element_set
13499,train,element_set
13500,train,element_set
13501,train,element_set
13502,train,element_set
13503,train,element_set
13504,train,element_set
13506,train,element_set
13507,train,element_set
13508,train,element_set
13509,train,element_set
13511,train,element_set
13512,train,element_set
13513,train,element_set
13514,train,element_set
13515,train,element_set
13516,train,element_set
13518,train,element_set
13519,train,element_set
13520,train,element_set
13521,train,element_set
13522,train,element_set
13524,train,element_set
13525,train,element_set
13526,train,element_set
13528,train,element_set
13529,train,element_set
13530,train,element_set
13532,train,element_set
13534,train,element_set
13535,train,element_set
13537,train,element_set
13539,train,element_set
13540,train,element_set
13541,train,element_set
13542,train,element_set
13543,train,element_set
13545,train,element_set
13546,train,element_set
13548,train,element_set
13549,train,element_set
13550,train,element_set
13552,train,element_set
13553,train,element_set
13556,train,element_set
13557,train,element_set
13558,train,element_set
13559,train,element_set
13560,train,element_set
13562,train,element_set
13563,train,element_set
13564,train,element_set
13565,train,element_set
13566,train,element_set
13567,train,element_set
13569,train,element_set
13570,train,element_set
13571,train,element_set
13572,train,element_set
13576,train,element_set
13579,train,element_set
13580,train,element_set
13582,train,element_set
13585,train,element_set
13586,train,element_set
13588,train,element_set
13589,train,element_set
13590,train,element_set
13592,train,element_set
13593,train,element_set
13594,train,element_set
13595,train,element_set
13596,train,element_set
13598,train,element_set
13601,train,element_set
13602,train,element_set
13603,train,element_set
13604,train,element_set
13605,train,element_set
13606,train,element_set
13607,train,element_set
13608,train,element_set
13609,train,element_set
13610,train,element_set
13611,train,element_set
13612,train,element_set
13613,train,element_set
13615,train,element_set
13616,train,element_set
13617,train,element_set
13619,train,element_set
13620,train,element_set
13621,train,element_set
13622,train,element_set
13623,train,element_set
13624,train,element_set
13625,train,element_set
13626,train,element_set
13627,train,element_set
13628,train,element_set
13629,train,element_set
13630,train,element_set
13631,train,element_set
13633,train,element_set
13634,train,element_set
13635,train,element_set
13636,train,element_set
13639,train,element_set
13640,train,element_set
13641,train,element_set
13642,train,element_set
13643,train,element_set
13644,train,element_set
13645,train,element_set
13646,train,element_set
13648,train,element_set
13649,train,element_set
13650,train,element_set
13651,train,element_set
13652,train,element_set
13653,train,element_set
13654,train,element_set
13655,train,element_set
13656,train,element_set
13657,train,element_set
13658,train,element_set
13660,train,element_set
13661,train,element_set
13662,train,element_set
13663,train,element_set
13665,train,element_set
13666,train,element_set
13667,train,element_set
13669,train,element_set
13670,train,element_set
13674,train,element_set
13675,train,element_set
13676,train,element_set
13677,train,element_set
13678,train,element_set
13679,train,element_set
13680,train,element_set
13681,train,element_set
13682,train,element_set
13683,train,element_set
13686,train,element_set
13687,train,element_set
13688,train,element_set
13689,train,element_set
13691,train,element_set
13693,train,element_set
13694,train,element_set
13695,train,element_set
13697,train,element_set
13699,train,element_set
13700,train,element_set
13701,train,element_set
13703,train,element_set
13704,train,element_set
13705,train,element_set
13706,train,element_set
13707,train,element_set
13708,train,element_set
13710,train,element_set
13711,train,element_set
13713,train,element_set
13714,train,element_set
13715,train,element_set
13716,train,element_set
13717,train,element_set
13718,train,element_set
13720,train,element_set
13721,train,element_set
13722,train,element_set
13723,train,element_set
13724,train,element_set
13726,train,element_set
13727,train,element_set
13729,train,element_set
13730,train,element_set
13731,train,element_set
13733,train,element_set
13734,train,element_set
13735,train,element_set
13737,train,element_set
13738,train,element_set
13739,train,element_set
13740,train,element_set
13741,train,element_set
13742,train,element_set
13743,train,element_set
13745,train,element_set
13746,train,element_set
13747,train,element_set
13748,train,element_set
13749,train,element_set
13750,train,element_set
13751,train,element_set
13754,train,element_set
13755,train,element_set
13756,train,element_set
13757,train,element_set
13758,train,element_set
13759,train,element_set
13761,train,element_set
13763,train,element_set
13768,train,element_set
13769,train,element_set
13770,train,element_set
13771,train,element_set
13772,train,element_set
13773,train,element_set
13775,train,element_set
13776,train,element_set
13777,train,element_set
13778,train,element_set
13779,train,element_set
13780,train,element_set
13782,train,element_set
13783,train,element_set
13784,train,element_set
13785,train,element_set
13788,train,element_set
13789,train,element_set
13790,train,element_set
13791,train,element_set
13793,train,element_set
13794,train,element_set
13795,train,element_set
13796,train,element_set
13797,train,element_set
13798,train,element_set
13799,train,element_set
13801,train,element_set
13802,train,element_set
13803,train,element_set
13804,train,element_set
13805,train,element_set
13806,train,element_set
13807,train,element_set
13808,train,element_set
13810,train,element_set
13811,train,element_set
13812,train,element_set
13813,train,element_set
13814,train,element_set
13815,train,element_set
13816,train,element_set
13817,train,element_set
13819,train,element_set
13820,train,element_set
13821,train,element_set
13822,train,element_set
13824,train,element_set
13825,train,element_set
13826,train,element_set
13827,train,element_set
13828,train,element_set
13829,train,element_set
13830,train,element_set
13831,train,element_set
13832,train,element_set
13833,train,element_set
13834,train,element_set
13836,train,element_set
13837,train,element_set
13838,train,element_set
13841,train,element_set
13843,train,element_set
13844,train,element_set
13845,train,element_set
13846,train,element_set
13847,train,element_set
13849,train,element_set
13850,train,element_set
13851,train,element_set
13852,train,element_set
13854,train,element_set
13855,train,element_set
13857,train,element_set
13858,train,element_set
13859,train,element_set
13860,train,element_set
13861,train,element_set
13863,train,element_set
13865,train,element_set
13866,train,element_set
13867,train,element_set
13869,train,element_set
13870,train,element_set
13871,train,element_set
13872,train,element_set
13874,train,element_set
13875,train,element_set
13876,train,element_set
13877,train,element_set
13878,train,element_set
13879,train,element_set
13880,train,element_set
13881,train,element_set
13882,train,element_set
13883,train,element_set
13884,train,element_set
13885,train,element_set
13887,train,element_set
13888,train,element_set
13889,train,element_set
13890,train,element_set
13891,train,element_set
13892,train,element_set
13893,train,element_set
13894,train,element_set
13895,train,element_set
13896,train,element_set
13897,train,element_set
13898,train,element_set
13899,train,element_set
13904,train,element_set
13905,train,element_set
13906,train,element_set
13907,train,element_set
13911,train,element_set
13912,train,element_set
13913,train,element_set
13914,train,element_set
13915,train,element_set
13916,train,element_set
13918,train,element_set
13919,train,element_set
13920,train,element_set
13921,train,element_set
13923,train,element_set
13924,train,element_set
13925,train,element_set
13926,train,element_set
13927,train,element_set
13928,train,element_set
13930,train,element_set
13931,train,element_set
13932,train,element_set
13933,train,element_set
13934,train,element_set
13935,train,element_set
13936,train,element_set
13940,train,element_set
13941,train,element_set
13942,train,element_set
13943,train,element_set
13944,train,element_set
13945,train,element_set
13946,train,element_set
13947,train,element_set
13949,train,element_set
13950,train,element_set
13952,train,element_set
13953,train,element_set
13954,train,element_set
13955,train,element_set
13956,train,element_set
13958,train,element_set
13959,train,element_set
13960,train,element_set
13961,train,element_set
13962,train,element_set
13963,train,element_set
13964,train,element_set
13965,train,element_set
13966,train,element_set
13967,train,element_set
13969,train,element_set
13971,train,element_set
13972,train,element_set
13973,train,element_set
13974,train,element_set
13975,train,element_set
13976,train,element_set
13977,train,element_set
13978,train,element_set
13979,train,element_set
13980,train,element_set
13981,train,element_set
13982,train,element_set
13983,train,element_set
13984,train,element_set
13985,train,element_set
13986,train,element_set
13987,train,element_set
13988,train,element_set
13990,train,element_set
13992,train,element_set
13993,train,element_set
13995,train,element_set
13996,train,element_set
13997,train,element_set
13998,train,element_set
13999,train,element_set
14000,train,element_set
14001,train,element_set
14002,train,element_set
14004,train,element_set
14005,train,element_set
14007,train,element_set
14009,train,element_set
14012,train,element_set
14014,train,element_set
14015,train,element_set
14016,train,element_set
14017,train,element_set
14018,train,element_set
14019,train,element_set
14020,train,element_set
14021,train,element_set
14022,train,element_set
14023,train,element_set
14024,train,element_set
14025,train,element_set
14026,train,element_set
14030,train,element_set
14031,train,element_set
14032,train,element_set
14033,train,element_set
14034,train,element_set
14035,train,element_set
14036,train,element_set
14037,train,element_set
14038,train,element_set
14040,train,element_set
14041,train,element_set
14042,train,element_set
14043,train,element_set
14044,train,element_set
14046,train,element_set
14047,train,element_set
14048,train,element_set
14049,train,element_set
14050,train,element_set
14052,train,element_set
14053,train,element_set
14054,train,element_set
14055,train,element_set
14057,train,element_set
14058,train,element_set
14059,train,element_set
14060,train,element_set
14061,train,element_set
14062,train,element_set
14063,train,element_set
14064,train,element_set
14066,train,element_set
14067,train,element_set
14068,train,element_set
14070,train,element_set
14071,train,element_set
14072,train,element_set
14073,train,element_set
14074,train,element_set
14075,train,element_set
14076,train,element_set
14077,train,element_set
14079,train,element_set
14080,train,element_set
14081,train,element_set
14082,train,element_set
14083,train,element_set
14084,train,element_set
14085,train,element_set
14086,train,element_set
14087,train,element_set
14088,train,element_set
14089,train,element_set
14090,train,element_set
14091,train,element_set
14092,train,element_set
14093,train,element_set
14094,train,element_set
14095,train,element_set
14096,train,element_set
14098,train,element_set
14099,train,element_set
14100,train,element_set
14101,train,element_set
14102,train,element_set
14103,train,element_set
14104,train,element_set
14105,train,element_set
14107,train,element_set
14108,train,element_set
14109,train,element_set
14110,train,element_set
14111,train,element_set
14112,train,element_set
14114,train,element_set
14115,train,element_set
14117,train,element_set
14118,train,element_set
14119,train,element_set
14120,train,element_set
14121,train,element_set
14122,train,element_set
14123,train,element_set
14124,train,element_set
14125,train,element_set
14126,train,element_set
14127,train,element_set
14128,train,element_set
14130,train,element_set
14131,train,element_set
14132,train,element_set
14133,train,element_set
14134,train,element_set
14136,train,element_set
14138,train,element_set
14139,train,element_set
14140,train,element_set
14141,train,element_set
14142,train,element_set
14144,train,element_set
14146,train,element_set
14149,train,element_set
14151,train,element_set
14152,train,element_set
14153,train,element_set
14155,train,element_set
14156,train,element_set
14157,train,element_set
14158,train,element_set
14159,train,element_set
14160,train,element_set
14161,train,element_set
14164,train,element_set
14165,train,element_set
14166,train,element_set
14167,train,element_set
14168,train,element_set
14169,train,element_set
14171,train,element_set
14172,train,element_set
14173,train,element_set
14174,train,element_set
14175,train,element_set
14176,train,element_set
14177,train,element_set
14178,train,element_set
14180,train,element_set
14186,train,element_set
14187,train,element_set
14188,train,element_set
14189,train,element_set
14190,train,element_set
14191,train,element_set
14192,train,element_set
14193,train,element_set
14194,train,element_set
14195,train,element_set
14196,train,element_set
14197,train,element_set
14198,train,element_set
14200,train,element_set
14204,train,element_set
14205,train,element_set
14206,train,element_set
14208,train,element_set
14209,train,element_set
14210,train,element_set
14211,train,element_set
14212,train,element_set
14214,train,element_set
14216,train,element_set
14217,train,element_set
14218,train,element_set
14220,train,element_set
14221,train,element_set
14222,train,element_set
14224,train,element_set
14225,train,element_set
14226,train,element_set
14227,train,element_set
14228,train,element_set
14229,train,element_set
14233,train,element_set
14234,train,element_set
14235,train,element_set
14236,train,element_set
14237,train,element_set
14239,train,element_set
14241,train,element_set
14242,train,element_set
14244,train,element_set
14245,train,element_set
14246,train,element_set
14247,train,element_set
14248,train,element_set
14249,train,element_set
14251,train,element_set
14253,train,element_set
14255,train,element_set
14256,train,element_set
14257,train,element_set
14258,train,element_set
14259,train,element_set
14260,train,element_set
14261,train,element_set
14262,train,element_set
14263,train,element_set
14264,train,element_set
14265,train,element_set
14266,train,element_set
14269,train,element_set
14270,train,element_set
14274,train,element_set
14275,train,element_set
14276,train,element_set
14277,train,element_set
14278,train,element_set
14279,train,element_set
14281,train,element_set
14282,train,element_set
14283,train,element_set
14285,train,element_set
14286,train,element_set
14287,train,element_set
14289,train,element_set
14290,train,element_set
14291,train,element_set
14292,train,element_set
14293,train,element_set
14294,train,element_set
14296,train,element_set
14298,train,element_set
14299,train,element_set
14300,train,element_set
14301,train,element_set
14302,train,element_set
14303,train,element_set
14304,train,element_set
14306,train,element_set
14307,train,element_set
14308,train,element_set
14309,train,element_set
14310,train,element_set
14311,train,element_set
14312,train,element_set
14313,train,element_set
14314,train,element_set
14316,train,element_set
14317,train,element_set
14318,train,element_set
14319,train,element_set
14320,train,element_set
14321,train,element_set
14322,train,element_set
14323,train,element_set
14324,train,element_set
14325,train,element_set
14326,train,element_set
14327,train,element_set
14328,train,element_set
14330,train,element_set
14331,train,element_set
14332,train,element_set
14333,train,element_set
14334,train,element_set
14335,train,element_set
14337,train,element_set
14339,train,element_set
14341,train,element_set
14342,train,element_set
14343,train,element_set
14344,train,element_set
14345,train,element_set
14346,train,element_set
14347,train,element_set
14348,train,element_set
14350,train,element_set
14352,train,element_set
14353,train,element_set
14354,train,element_set
14355,train,element_set
14356,train,element_set
14357,train,element_set
14358,train,element_set
14359,train,element_set
14360,train,element_set
14361,train,element_set
14365,train,element_set
14366,train,element_set
14367,train,element_set
14368,train,element_set
14369,train,element_set
14370,train,element_set
14371,train,element_set
14372,train,element_set
14374,train,element_set
14375,train,element_set
14376,train,element_set
14378,train,element_set
14379,train,element_set
14380,train,element_set
14381,train,element_set
14382,train,element_set
14383,train,element_set
14384,train,element_set
14385,train,element_set
14387,train,element_set
14388,train,element_set
14389,train,element_set
14390,train,element_set
14391,train,element_set
14392,train,element_set
14394,train,element_set
14395,train,element_set
14396,train,element_set
14397,train,element_set
14398,train,element_set
14399,train,element_set
14402,train,element_set
14403,train,element_set
14404,train,element_set
14405,train,element_set
14406,train,element_set
14407,train,element_set
14408,train,element_set
14410,train,element_set
14411,train,element_set
14412,train,element_set
14413,train,element_set
14414,train,element_set
14415,train,element_set
14416,train,element_set
14418,train,element_set
14419,train,element_set
14421,train,element_set
14422,train,element_set
14423,train,element_set
14424,train,element_set
14425,train,element_set
14426,train,element_set
14427,train,element_set
14428,train,element_set
14429,train,element_set
14431,train,element_set
14432,train,element_set
14433,train,element_set
14435,train,element_set
14436,train,element_set
14439,train,element_set
14440,train,element_set
14441,train,element_set
14442,train,element_set
14443,train,element_set
14445,train,element_set
14446,train,element_set
14449,train,element_set
14450,train,element_set
14451,train,element_set
14452,train,element_set
14453,train,element_set
14454,train,element_set
14455,train,element_set
14456,train,element_set
14457,train,element_set
14459,train,element_set
14460,train,element_set
14462,train,element_set
14463,train,element_set
14464,train,element_set
14466,train,element_set
14467,train,element_set
14468,train,element_set
14469,train,element_set
14471,train,element_set
14473,train,element_set
14474,train,element_set
14475,train,element_set
14476,train,element_set
14477,train,element_set
14478,train,element_set
14480,train,element_set
14481,train,element_set
14482,train,element_set
14483,train,element_set
14484,train,element_set
14485,train,element_set
14486,train,element_set
14488,train,element_set
14489,train,element_set
14491,train,element_set
14492,train,element_set
14493,train,element_set
14494,train,element_set
14495,train,element_set
14496,train,element_set
14497,train,element_set
14498,train,element_set
14499,train,element_set
14500,train,element_set
14502,train,element_set
14503,train,element_set
14504,train,element_set
14505,train,element_set
14506,train,element_set
14507,train,element_set
14508,train,element_set
14510,train,element_set
14511,train,element_set
14513,train,element_set
14514,train,element_set
14515,train,element_set
14516,train,element_set
14518,train,element_set
14519,train,element_set
14520,train,element_set
14525,train,element_set
14527,train,element_set
14528,train,element_set
14529,train,element_set
14531,train,element_set
14534,train,element_set
14536,train,element_set
14537,train,element_set
14538,train,element_set
14539,train,element_set
14540,train,element_set
14541,train,element_set
14542,train,element_set
14543,train,element_set
14544,train,element_set
14545,train,element_set
14546,train,element_set
14548,train,element_set
14549,train,element_set
14551,train,element_set
14553,train,element_set
14554,train,element_set
14555,train,element_set
14556,train,element_set
14558,train,element_set
14559,train,element_set
14561,train,element_set
14563,train,element_set
14564,train,element_set
14566,train,element_set
14567,train,element_set
14568,train,element_set
14569,train,element_set
14571,train,element_set
14572,train,element_set
14573,train,element_set
14575,train,element_set
14576,train,element_set
14577,train,element_set
14578,train,element_set
14582,train,element_set
14584,train,element_set
14585,train,element_set
14586,train,element_set
14587,train,element_set
14588,train,element_set
14589,train,element_set
14591,train,element_set
14592,train,element_set
14593,train,element_set
14596,train,element_set
14597,train,element_set
14598,train,element_set
14600,train,element_set
14601,train,element_set
14602,train,element_set
14603,train,element_set
14604,train,element_set
14605,train,element_set
14606,train,element_set
14607,train,element_set
14609,train,element_set
14610,train,element_set
14611,train,element_set
14612,train,element_set
14613,train,element_set
14614,train,element_set
14616,train,element_set
14618,train,element_set
14619,train,element_set
14620,train,element_set
14621,train,element_set
14622,train,element_set
14623,train,element_set
14625,train,element_set
14626,train,element_set
14627,train,element_set
14628,train,element_set
14629,train,element_set
14630,train,element_set
14632,train,element_set
14633,train,element_set
14634,train,element_set
14635,train,element_set
14636,train,element_set
14637,train,element_set
14638,train,element_set
14641,train,element_set
14642,train,element_set
14644,train,element_set
14645,train,element_set
14647,train,element_set
14648,train,element_set
14651,train,element_set
14652,train,element_set
14653,train,element_set
14654,train,element_set
14655,train,element_set
14656,train,element_set
14657,train,element_set
14658,train,element_set
14659,train,element_set
14661,train,element_set
14662,train,element_set
14663,train,element_set
14664,train,element_set
14665,train,element_set
14666,train,element_set
14667,train,element_set
14668,train,element_set
14669,train,element_set
14670,train,element_set
14671,train,element_set
14672,train,element_set
14673,train,element_set
14674,train,element_set
14676,train,element_set
14677,train,element_set
14679,train,element_set
14680,train,element_set
14681,train,element_set
14682,train,element_set
14683,train,element_set
14685,train,element_set
14686,train,element_set
14687,train,element_set
14688,train,element_set
14689,train,element_set
14690,train,element_set
14692,train,element_set
14693,train,element_set
14694,train,element_set
14695,train,element_set
14696,train,element_set
14697,train,element_set
14698,train,element_set
14699,train,element_set
14700,train,element_set
14701,train,element_set
14702,train,element_set
14704,train,element_set
14705,train,element_set
14706,train,element_set
14707,train,element_set
14708,train,element_set
14709,train,element_set
14710,train,element_set
14711,train,element_set
14712,train,element_set
14713,train,element_set
14714,train,element_set
14715,train,element_set
14716,train,element_set
14718,train,element_set
14719,train,element_set
14720,train,element_set
14723,train,element_set
14724,train,element_set
14725,train,element_set
14726,train,element_set
14727,train,element_set
14728,train,element_set
14729,train,element_set
14730,train,element_set
14732,train,element_set
14733,train,element_set
14734,train,element_set
14735,train,element_set
14736,train,element_set
14737,train,element_set
14738,train,element_set
14739,train,element_set
14740,train,element_set
14741,train,element_set
14742,train,element_set
14743,train,element_set
14744,train,element_set
14745,train,element_set
14748,train,element_set
14749,train,element_set
14750,train,element_set
14752,train,element_set
14753,train,element_set
14754,train,element_set
14756,train,element_set
14758,train,element_set
14759,train,element_set
14760,train,element_set
14761,train,element_set
14762,train,element_set
14764,train,element_set
14765,train,element_set
14767,train,element_set
14768,train,element_set
14769,train,element_set
14771,train,element_set
14772,train,element_set
14773,train,element_set
14774,train,element_set
14775,train,element_set
14776,train,element_set
14777,train,element_set
14778,train,element_set
14780,train,element_set
14782,train,element_set
14783,train,element_set
14784,train,element_set
14785,train,element_set
14786,train,element_set
14787,train,element_set
14788,train,element_set
14790,train,element_set
14791,train,element_set
14792,train,element_set
14793,train,element_set
14795,train,element_set
14796,train,element_set
14797,train,element_set
14798,train,element_set
14799,train,element_set
14800,train,element_set
14801,train,element_set
14802,train,element_set
14803,train,element_set
14804,train,element_set
14805,train,element_set
14806,train,element_set
14807,train,element_set
14808,train,element_set
14810,train,element_set
14812,train,element_set
14813,train,element_set
14815,train,element_set
14816,train,element_set
14817,train,element_set
14818,train,element_set
14819,train,element_set
14820,train,element_set
14821,train,element_set
14822,train,element_set
14823,train,element_set
14825,train,element_set
14826,train,element_set
14827,train,element_set
14828,train,element_set
14829,train,element_set
14830,train,element_set
14831,train,element_set
14832,train,element_set
14833,train,element_set
14834,train,element_set
14837,train,element_set
14839,train,element_set
14840,train,element_set
14841,train,element_set
14842,train,element_set
14844,train,element_set
14846,train,element_set
14847,train,element_set
14848,train,element_set
14849,train,element_set
14850,train,element_set
14851,train,element_set
14852,train,element_set
14853,train,element_set
14854,train,element_set
14856,train,element_set
14857,train,element_set
14860,train,element_set
14861,train,element_set
14862,train,element_set
14863,train,element_set
14864,train,element_set
14865,train,element_set
14866,train,element_set
14867,train,element_set
14868,train,element_set
14871,train,element_set
14872,train,element_set
14873,train,element_set
14874,train,element_set
14875,train,element_set
14876,train,element_set
14877,train,element_set
14878,train,element_set
14879,train,element_set
14880,train,element_set
14881,train,element_set
14883,train,element_set
14884,train,element_set
14887,train,element_set
14888,train,element_set
14889,train,element_set
14890,train,element_set
14891,train,element_set
14892,train,element_set
14893,train,element_set
14894,train,element_set
14895,train,element_set
14897,train,element_set
14898,train,element_set
14900,train,element_set
14904,train,element_set
14905,train,element_set
14907,train,element_set
14908,train,element_set
14909,train,element_set
14910,train,element_set
14911,train,element_set
14912,train,element_set
14913,train,element_set
14914,train,element_set
14915,train,element_set
14916,train,element_set
14918,train,element_set
14919,train,element_set
14920,train,element_set
14922,train,element_set
14923,train,element_set
14924,train,element_set
14925,train,element_set
14926,train,element_set
14929,train,element_set
14930,train,element_set
14931,train,element_set
14932,train,element_set
14934,train,element_set
14935,train,element_set
14936,train,element_set
14937,train,element_set
14939,train,element_set
14940,train,element_set
14941,train,element_set
14942,train,element_set
14943,train,element_set
14944,train,element_set
14945,train,element_set
14947,train,element_set
14948,train,element_set
14949,train,element_set
14950,train,element_set
14951,train,element_set
14952,train,element_set
14954,train,element_set
14956,train,element_set
14957,train,element_set
14958,train,element_set
14961,train,element_set
14962,train,element_set
14963,train,element_set
14964,train,element_set
14965,train,element_set
14966,train,element_set
14967,train,element_set
14968,train,element_set
14969,train,element_set
14970,train,element_set
14971,train,element_set
14972,train,element_set
14973,train,element_set
14974,train,element_set
14975,train,element_set
14976,train,element_set
14978,train,element_set
14979,train,element_set
14980,train,element_set
14981,train,element_set
14984,train,element_set
14985,train,element_set
14986,train,element_set
14987,train,element_set
14989,train,element_set
14990,train,element_set
14992,train,element_set
14993,train,element_set
14994,train,element_set
14995,train,element_set
14996,train,element_set
14998,train,element_set
14999,train,element_set
15000,train,element_set
15001,train,element_set
15002,train,element_set
15003,train,element_set
15004,train,element_set
15005,train,element_set
15008,train,element_set
15009,train,element_set
15010,train,element_set
15011,train,element_set
15012,train,element_set
15013,train,element_set
15014,train,element_set
15015,train,element_set
15016,train,element_set
15017,train,element_set
15018,train,element_set
15019,train,element_set
15021,train,element_set
15023,train,element_set
15024,train,element_set
15025,train,element_set
15027,train,element_set
15028,train,element_set
15029,train,element_set
15030,train,element_set
15031,train,element_set
15032,train,element_set
15033,train,element_set
15035,train,element_set
15036,train,element_set
15037,train,element_set
15038,train,element_set
15039,train,element_set
15040,train,element_set
15041,train,element_set
15042,train,element_set
15043,train,element_set
15044,train,element_set
15045,train,element_set
15046,train,element_set
15048,train,element_set
15049,train,element_set
15050,train,element_set
15051,train,element_set
15054,train,element_set
15055,train,element_set
15056,train,element_set
15057,train,element_set
15058,train,element_set
15059,train,element_set
15061,train,element_set
15064,train,element_set
15066,train,element_set
15068,train,element_set
15069,train,element_set
15070,train,element_set
15071,train,element_set
15073,train,element_set
15074,train,element_set
15075,train,element_set
15076,train,element_set
15077,train,element_set
15078,train,element_set
15079,train,element_set
15080,train,element_set
15081,train,element_set
15082,train,element_set
15083,train,element_set
15084,train,element_set
15085,train,element_set
15086,train,element_set
15087,train,element_set
15088,train,element_set
15089,train,element_set
15090,train,element_set
15091,train,element_set
15092,train,element_set
15093,train,element_set
15094,train,element_set
15095,train,element_set
15096,train,element_set
15098,train,element_set
15099,train,element_set
15100,train,element_set
15103,train,element_set
15104,train,element_set
15105,train,element_set
15106,train,element_set
15107,train,element_set
15108,train,element_set
15109,train,element_set
15111,train,element_set
15113,train,element_set
15114,train,element_set
15115,train,element_set
15116,train,element_set
15118,train,element_set
15119,train,element_set
15120,train,element_set
15121,train,element_set
15122,train,element_set
15123,train,element_set
15124,train,element_set
15125,train,element_set
15126,train,element_set
15127,train,element_set
15129,train,element_set
15130,train,element_set
15131,train,element_set
15132,train,element_set
15134,train,element_set
15135,train,element_set
15136,train,element_set
15137,train,element_set
15138,train,element_set
15139,train,element_set
15140,train,element_set
15141,train,element_set
15142,train,element_set
15144,train,element_set
15145,train,element_set
15146,train,element_set
15147,train,element_set
15148,train,element_set
15149,train,element_set
15150,train,element_set
15151,train,element_set
15152,train,element_set
15153,train,element_set
15154,train,element_set
15155,train,element_set
15156,train,element_set
15157,train,element_set
15158,train,element_set
15161,train,element_set
15162,train,element_set
15163,train,element_set
15164,train,element_set
15166,train,element_set
15168,train,element_set
15169,train,element_set
15170,train,element_set
15172,train,element_set
15173,train,element_set
15174,train,element_set
15175,train,element_set
15178,train,element_set
15179,train,element_set
15180,train,element_set
15181,train,element_set
15182,train,element_set
15183,train,element_set
15184,train,element_set
15185,train,element_set
15186,train,element_set
15187,train,element_set
15188,train,element_set
15190,train,element_set
15191,train,element_set
15193,train,element_set
15194,train,element_set
15197,train,element_set
15198,train,element_set
15199,train,element_set
15200,train,element_set
15201,train,element_set
15204,train,element_set
15205,train,element_set
15206,train,element_set
15207,train,element_set
15209,train,element_set
15211,train,element_set
15213,train,element_set
15215,train,element_set
15216,train,element_set
15217,train,element_set
15218,train,element_set
15219,train,element_set
15221,train,element_set
15222,train,element_set
15223,train,element_set
15224,train,element_set
15225,train,element_set
15226,train,element_set
15227,train,element_set
15228,train,element_set
15229,train,element_set
15230,train,element_set
15232,train,element_set
15233,train,element_set
15235,train,element_set
15236,train,element_set
15237,train,element_set
15238,train,element_set
15239,train,element_set
15240,train,element_set
15241,train,element_set
15242,train,element_set
15243,train,element_set
15244,train,element_set
15245,train,element_set
15247,train,element_set
15248,train,element_set
15250,train,element_set
15251,train,element_set
15252,train,element_set
15254,train,element_set
15255,train,element_set
15257,train,element_set
15258,train,element_set
15259,train,element_set
15260,train,element_set
15262,train,element_set
15263,train,element_set
15264,train,element_set
15266,train,element_set
15267,train,element_set
15268,train,element_set
15269,train,element_set
15270,train,element_set
15271,train,element_set
15272,train,element_set
15273,train,element_set
15274,train,element_set
15275,train,element_set
15276,train,element_set
15277,train,element_set
15278,train,element_set
15279,train,element_set
15280,train,element_set
15281,train,element_set
15282,train,element_set
15284,train,element_set
15285,train,element_set
15286,train,element_set
15287,train,element_set
15288,train,element_set
15289,train,element_set
15290,train,element_set
15291,train,element_set
15292,train,element_set
15294,train,element_set
15295,train,element_set
15296,train,element_set
15297,train,element_set
15298,train,element_set
15299,train,element_set
15300,train,element_set
15301,train,element_set
15302,train,element_set
15303,train,element_set
15304,train,element_set
15306,train,element_set
15308,train,element_set
15310,train,element_set
15311,train,element_set
15312,train,element_set
15313,train,element_set
15314,train,element_set
15320,train,element_set
15321,train,element_set
15322,train,element_set
15323,train,element_set
15324,train,element_set
15325,train,element_set
15326,train,element_set
15327,train,element_set
15329,train,element_set
15330,train,element_set
15331,train,element_set
15332,train,element_set
15333,train,element_set
15334,train,element_set
15335,train,element_set
15336,train,element_set
15337,train,element_set
15338,train,element_set
15339,train,element_set
15340,train,element_set
15342,train,element_set
15344,train,element_set
15345,train,element_set
15347,train,element_set
15348,train,element_set
15349,train,element_set
15350,train,element_set
15351,train,element_set
15352,train,element_set
15353,train,element_set
15354,train,element_set
15355,train,element_set
15356,train,element_set
15357,train,element_set
15358,train,element_set
15359,train,element_set
15360,train,element_set
15361,train,element_set
15362,train,element_set
15363,train,element_set
15364,train,element_set
15365,train,element_set
15366,train,element_set
15367,train,element_set
15368,train,element_set
15369,train,element_set
15370,train,element_set
15371,train,element_set
15374,train,element_set
15375,train,element_set
15376,train,element_set
15377,train,element_set
15379,train,element_set
15380,train,element_set
15381,train,element_set
15382,train,element_set
15383,train,element_set
15384,train,element_set
15385,train,element_set
15387,train,element_set
15389,train,element_set
15391,train,element_set
15393,train,element_set
15394,train,element_set
15395,train,element_set
15396,train,element_set
15397,train,element_set
15399,train,element_set
15400,train,element_set
15402,train,element_set
15403,train,element_set
15404,train,element_set
15405,train,element_set
15406,train,element_set
15407,train,element_set
15408,train,element_set
15410,train,element_set
15411,train,element_set
15412,train,element_set
15413,train,element_set
15414,train,element_set
15416,train,element_set
15417,train,element_set
15419,train,element_set
15420,train,element_set
15421,train,element_set
15422,train,element_set
15423,train,element_set
15424,train,element_set
15425,train,element_set
15426,train,element_set
15427,train,element_set
15428,train,element_set
15429,train,element_set
15430,train,element_set
15431,train,element_set
15432,train,element_set
15433,train,element_set
15434,train,element_set
15435,train,element_set
15436,train,element_set
15437,train,element_set
15439,train,element_set
15440,train,element_set
15441,train,element_set
15442,train,element_set
15445,train,element_set
15446,train,element_set
15447,train,element_set
15448,train,element_set
15449,train,element_set
15450,train,element_set
15451,train,element_set
15452,train,element_set
15453,train,element_set
15454,train,element_set
15455,train,element_set
15456,train,element_set
15457,train,element_set
15459,train,element_set
15462,train,element_set
15463,train,element_set
15464,train,element_set
15465,train,element_set
15466,train,element_set
15468,train,element_set
15470,train,element_set
15472,train,element_set
15474,train,element_set
15476,train,element_set
15477,train,element_set
15478,train,element_set
15479,train,element_set
15481,train,element_set
15483,train,element_set
15484,train,element_set
15485,train,element_set
15486,train,element_set
15488,train,element_set
15490,train,element_set
15491,train,element_set
15492,train,element_set
15494,train,element_set
15495,train,element_set
15497,train,element_set
15499,train,element_set
15501,train,element_set
15503,train,element_set
15504,train,element_set
15505,train,element_set
15506,train,element_set
15509,train,element_set
15510,train,element_set
15511,train,element_set
15512,train,element_set
15513,train,element_set
15514,train,element_set
15515,train,element_set
15516,train,element_set
15518,train,element_set
15520,train,element_set
15522,train,element_set
15523,train,element_set
15524,train,element_set
15525,train,element_set
15526,train,element_set
15527,train,element_set
15528,train,element_set
15529,train,element_set
15530,train,element_set
15532,train,element_set
15533,train,element_set
15534,train,element_set
15535,train,element_set
15536,train,element_set
15537,train,element_set
15538,train,element_set
15539,train,element_set
15541,train,element_set
15542,train,element_set
15543,train,element_set
15544,train,element_set
15545,train,element_set
15546,train,element_set
15549,train,element_set
15550,train,element_set
15551,train,element_set
15552,train,element_set
15554,train,element_set
15557,train,element_set
15558,train,element_set
15560,train,element_set
15561,train,element_set
15562,train,element_set
15563,train,element_set
15564,train,element_set
15565,train,element_set
15566,train,element_set
15567,train,element_set
15568,train,element_set
15569,train,element_set
15570,train,element_set
15571,train,element_set
15572,train,element_set
15573,train,element_set
15574,train,element_set
15575,train,element_set
15576,train,element_set
15577,train,element_set
15578,train,element_set
15579,train,element_set
15580,train,element_set
15582,train,element_set
15583,train,element_set
15584,train,element_set
15585,train,element_set
15586,train,element_set
15587,train,element_set
15588,train,element_set
15589,train,element_set
15590,train,element_set
15591,train,element_set
15593,train,element_set
15596,train,element_set
15597,train,element_set
15598,train,element_set
15599,train,element_set
15601,train,element_set
15602,train,element_set
15603,train,element_set
15604,train,element_set
15608,train,element_set
15610,train,element_set
15611,train,element_set
15614,train,element_set
15615,train,element_set
15618,train,element_set
15619,train,element_set
15620,train,element_set
15623,train,element_set
15624,train,element_set
15625,train,element_set
15627,train,element_set
15628,train,element_set
15629,train,element_set
15630,train,element_set
15631,train,element_set
15632,train,element_set
15634,train,element_set
15635,train,element_set
15637,train,element_set
15639,train,element_set
15642,train,element_set
15643,train,element_set
15644,train,element_set
15646,train,element_set
15647,train,element_set
15648,train,element_set
15649,train,element_set
15652,train,element_set
15653,train,element_set
15654,train,element_set
15655,train,element_set
15656,train,element_set
15657,train,element_set
15660,train,element_set
15661,train,element_set
15662,train,element_set
15664,train,element_set
15665,train,element_set
15666,train,element_set
15667,train,element_set
15668,train,element_set
15669,train,element_set
15670,train,element_set
15672,train,element_set
15673,train,element_set
15674,train,element_set
15675,train,element_set
15676,train,element_set
15677,train,element_set
15678,train,element_set
15679,train,element_set
15680,train,element_set
15681,train,element_set
15682,train,element_set
15683,train,element_set
15685,train,element_set
15686,train,element_set
15687,train,element_set
15688,train,element_set
15689,train,element_set
15691,train,element_set
15693,train,element_set
15695,train,element_set
15697,train,element_set
15698,train,element_set
15702,train,element_set
15703,train,element_set
15704,train,element_set
15705,train,element_set
15707,train,element_set
15709,train,element_set
15710,train,element_set
15711,train,element_set
15712,train,element_set
15713,train,element_set
15715,train,element_set
15716,train,element_set
15717,train,element_set
15719,train,element_set
15720,train,element_set
15721,train,element_set
15722,train,element_set
15723,train,element_set
15725,train,element_set
15726,train,element_set
15727,train,element_set
15728,train,element_set
15729,train,element_set
15730,train,element_set
15731,train,element_set
15733,train,element_set
15734,train,element_set
15736,train,element_set
15737,train,element_set
15738,train,element_set
15739,train,element_set
15740,train,element_set
15741,train,element_set
15742,train,element_set
15743,train,element_set
15744,train,element_set
15745,train,element_set
15746,train,element_set
15747,train,element_set
15750,train,element_set
15753,train,element_set
15754,train,element_set
15755,train,element_set
15757,train,element_set
15759,train,element_set
15760,train,element_set
15761,train,element_set
15762,train,element_set
15767,train,element_set
15768,train,element_set
15769,train,element_set
15770,train,element_set
15771,train,element_set
15772,train,element_set
15773,train,element_set
15774,train,element_set
15775,train,element_set
15776,train,element_set
15778,train,element_set
15779,train,element_set
15780,train,element_set
15781,train,element_set
15784,train,element_set
15785,train,element_set
15786,train,element_set
15787,train,element_set
15788,train,element_set
15791,train,element_set
15792,train,element_set
15793,train,element_set
15794,train,element_set
15795,train,element_set
15796,train,element_set
15797,train,element_set
15798,train,element_set
15799,train,element_set
15800,train,element_set
15801,train,element_set
15802,train,element_set
15803,train,element_set
15804,train,element_set
15806,train,element_set
15807,train,element_set
15808,train,element_set
15809,train,element_set
15810,train,element_set
15812,train,element_set
15813,train,element_set
15814,train,element_set
15815,train,element_set
15817,train,element_set
15819,train,element_set
15820,train,element_set
15821,train,element_set
15822,train,element_set
15823,train,element_set
15824,train,element_set
15825,train,element_set
15826,train,element_set
15827,train,element_set
15828,train,element_set
15830,train,element_set
15831,train,element_set
15832,train,element_set
15835,train,element_set
15838,train,element_set
15839,train,element_set
15841,train,element_set
15842,train,element_set
15844,train,element_set
15845,train,element_set
15846,train,element_set
15847,train,element_set
15850,train,element_set
15851,train,element_set
15852,train,element_set
15853,train,element_set
15854,train,element_set
15855,train,element_set
15856,train,element_set
15858,train,element_set
15859,train,element_set
15860,train,element_set
15861,train,element_set
15862,train,element_set
15864,train,element_set
15866,train,element_set
15867,train,element_set
15868,train,element_set
15869,train,element_set
15871,train,element_set
15872,train,element_set
15873,train,element_set
15874,train,element_set
15878,train,element_set
15879,train,element_set
15880,train,element_set
15882,train,element_set
15884,train,element_set
15885,train,element_set
15886,train,element_set
15887,train,element_set
15888,train,element_set
15889,train,element_set
15891,train,element_set
15892,train,element_set
15893,train,element_set
15894,train,element_set
15895,train,element_set
15896,train,element_set
15897,train,element_set
15898,train,element_set
15899,train,element_set
15900,train,element_set
15904,train,element_set
15905,train,element_set
15906,train,element_set
15907,train,element_set
15908,train,element_set
15909,train,element_set
15910,train,element_set
15911,train,element_set
15912,train,element_set
15913,train,element_set
15914,train,element_set
15915,train,element_set
15916,train,element_set
15917,train,element_set
15920,train,element_set
15921,train,element_set
15922,train,element_set
15923,train,element_set
15924,train,element_set
15926,train,element_set
15927,train,element_set
15929,train,element_set
15930,train,element_set
15931,train,element_set
15932,train,element_set
15933,train,element_set
15935,train,element_set
15936,train,element_set
15937,train,element_set
15939,train,element_set
15940,train,element_set
15941,train,element_set
15942,train,element_set
15943,train,element_set
15944,train,element_set
15945,train,element_set
15946,train,element_set
15947,train,element_set
15948,train,element_set
15949,train,element_set
15951,train,element_set
15952,train,element_set
15954,train,element_set
15955,train,element_set
15957,train,element_set
15958,train,element_set
15959,train,element_set
15960,train,element_set
15961,train,element_set
15963,train,element_set
15964,train,element_set
15965,train,element_set
15967,train,element_set
15968,train,element_set
15969,train,element_set
15971,train,element_set
15973,train,element_set
15974,train,element_set
15975,train,element_set
15976,train,element_set
15978,train,element_set
15979,train,element_set
15980,train,element_set
15982,train,element_set
15986,train,element_set
15987,train,element_set
15989,train,element_set
15990,train,element_set
15991,train,element_set
15992,train,element_set
15993,train,element_set
15994,train,element_set
15997,train,element_set
15998,train,element_set
15999,train,element_set
16001,train,element_set
16002,train,element_set
16003,train,element_set
16004,train,element_set
16005,train,element_set
16006,train,element_set
16007,train,element_set
16008,train,element_set
16009,train,element_set
16010,train,element_set
16011,train,element_set
16012,train,element_set
16013,train,element_set
16014,train,element_set
16015,train,element_set
16017,train,element_set
16018,train,element_set
16019,train,element_set
16020,train,element_set
16021,train,element_set
16022,train,element_set
16023,train,element_set
16024,train,element_set
16025,train,element_set
16026,train,element_set
16027,train,element_set
16028,train,element_set
16029,train,element_set
16030,train,element_set
16032,train,element_set
16033,train,element_set
16034,train,element_set
16036,train,element_set
16038,train,element_set
16040,train,element_set
16041,train,element_set
16042,train,element_set
16043,train,element_set
16044,train,element_set
16046,train,element_set
16047,train,element_set
16051,train,element_set
16052,train,element_set
16054,train,element_set
16055,train,element_set
16056,train,element_set
16057,train,element_set
16058,train,element_set
16059,train,element_set
16060,train,element_set
16061,train,element_set
16062,train,element_set
16063,train,element_set
16066,train,element_set
16067,train,element_set
16069,train,element_set
16070,train,element_set
16071,train,element_set
16072,train,element_set
16073,train,element_set
16074,train,element_set
16075,train,element_set
16076,train,element_set
16077,train,element_set
16078,train,element_set
16079,train,element_set
16081,train,element_set
16082,train,element_set
16083,train,element_set
16084,train,element_set
16086,train,element_set
16087,train,element_set
16088,train,element_set
16089,train,element_set
16091,train,element_set
16092,train,element_set
16093,train,element_set
16094,train,element_set
16095,train,element_set
16096,train,element_set
16097,train,element_set
16099,train,element_set
16100,train,element_set
16101,train,element_set
16103,train,element_set
16105,train,element_set
16106,train,element_set
16107,train,element_set
16109,train,element_set
16110,train,element_set
16113,train,element_set
16114,train,element_set
16115,train,element_set
16116,train,element_set
16117,train,element_set
16120,train,element_set
16121,train,element_set
16122,train,element_set
16123,train,element_set
16124,train,element_set
16125,train,element_set
16127,train,element_set
16128,train,element_set
16129,train,element_set
16131,train,element_set
16134,train,element_set
16136,train,element_set
16137,train,element_set
16138,train,element_set
16140,train,element_set
16141,train,element_set
16142,train,element_set
16144,train,element_set
16145,train,element_set
16147,train,element_set
16148,train,element_set
16149,train,element_set
16151,train,element_set
16152,train,element_set
16153,train,element_set
16154,train,element_set
16155,train,element_set
16158,train,element_set
16159,train,element_set
16160,train,element_set
16161,train,element_set
16162,train,element_set
16163,train,element_set
16165,train,element_set
16166,train,element_set
16167,train,element_set
16168,train,element_set
16169,train,element_set
16170,train,element_set
16171,train,element_set
16172,train,element_set
16173,train,element_set
16174,train,element_set
16175,train,element_set
16176,train,element_set
16178,train,element_set
16179,train,element_set
16180,train,element_set
16181,train,element_set
16182,train,element_set
16184,train,element_set
16185,train,element_set
16186,train,element_set
16187,train,element_set
16188,train,element_set
16190,train,element_set
16191,train,element_set
16193,train,element_set
16194,train,element_set
16195,train,element_set
16196,train,element_set
16197,train,element_set
16198,train,element_set
16199,train,element_set
16200,train,element_set
16201,train,element_set
16203,train,element_set
16204,train,element_set
16205,train,element_set
16208,train,element_set
16209,train,element_set
16211,train,element_set
16212,train,element_set
16213,train,element_set
16214,train,element_set
16215,train,element_set
16217,train,element_set
16218,train,element_set
16220,train,element_set
16221,train,element_set
16222,train,element_set
16223,train,element_set
16224,train,element_set
16225,train,element_set
16226,train,element_set
16227,train,element_set
16228,train,element_set
16230,train,element_set
16231,train,element_set
16232,train,element_set
16233,train,element_set
16234,train,element_set
16235,train,element_set
16237,train,element_set
16238,train,element_set
16239,train,element_set
16240,train,element_set
16242,train,element_set
16243,train,element_set
16246,train,element_set
16248,train,element_set
16249,train,element_set
16250,train,element_set
16251,train,element_set
16252,train,element_set
16255,train,element_set
16256,train,element_set
16257,train,element_set
16258,train,element_set
16259,train,element_set
16260,train,element_set
16261,train,element_set
16262,train,element_set
16263,train,element_set
16264,train,element_set
16265,train,element_set
16266,train,element_set
16267,train,element_set
16268,train,element_set
16269,train,element_set
16270,train,element_set
16272,train,element_set
16274,train,element_set
16275,train,element_set
16276,train,element_set
16278,train,element_set
16280,train,element_set
16281,train,element_set
16282,train,element_set
16283,train,element_set
16284,train,element_set
16285,train,element_set
16288,train,element_set
16294,train,element_set
16295,train,element_set
16296,train,element_set
16297,train,element_set
16298,train,element_set
16299,train,element_set
16300,train,element_set
16306,train,element_set
16307,train,element_set
16308,train,element_set
16309,train,element_set
16311,train,element_set
16312,train,element_set
16314,train,element_set
16315,train,element_set
16317,train,element_set
16319,train,element_set
16320,train,element_set
16321,train,element_set
16322,train,element_set
16323,train,element_set
16324,train,element_set
16325,train,element_set
16326,train,element_set
16327,train,element_set
16328,train,element_set
16329,train,element_set
16330,train,element_set
16331,train,element_set
16332,train,element_set
16333,train,element_set
16334,train,element_set
16335,train,element_set
16336,train,element_set
16337,train,element_set
16338,train,element_set
16339,train,element_set
16340,train,element_set
16341,train,element_set
16342,train,element_set
16344,train,element_set
16347,train,element_set
16348,train,element_set
16349,train,element_set
16350,train,element_set
16351,train,element_set
16352,train,element_set
16353,train,element_set
16354,train,element_set
16355,train,element_set
16356,train,element_set
16357,train,element_set
16358,train,element_set
16359,train,element_set
16360,train,element_set
16362,train,element_set
16363,train,element_set
16365,train,element_set
16366,train,element_set
16367,train,element_set
16368,train,element_set
16370,train,element_set
16371,train,element_set
16372,train,element_set
16373,train,element_set
16374,train,element_set
16375,train,element_set
16377,train,element_set
16378,train,element_set
16379,train,element_set
16380,train,element_set
16381,train,element_set
16382,train,element_set
16383,train,element_set
16384,train,element_set
16385,train,element_set
16386,train,element_set
16387,train,element_set
16388,train,element_set
16389,train,element_set
16392,train,element_set
16393,train,element_set
16394,train,element_set
16395,train,element_set
16396,train,element_set
16397,train,element_set
16398,train,element_set
16399,train,element_set
16401,train,element_set
16402,train,element_set
16403,train,element_set
16404,train,element_set
16405,train,element_set
16406,train,element_set
16407,train,element_set
16408,train,element_set
16409,train,element_set
16410,train,element_set
16412,train,element_set
16413,train,element_set
16416,train,element_set
16417,train,element_set
16418,train,element_set
16419,train,element_set
16420,train,element_set
16421,train,element_set
16422,train,element_set
16423,train,element_set
16424,train,element_set
16425,train,element_set
16426,train,element_set
16429,train,element_set
16430,train,element_set
16431,train,element_set
16432,train,element_set
16434,train,element_set
16435,train,element_set
16436,train,element_set
16437,train,element_set
16438,train,element_set
16439,train,element_set
16440,train,element_set
16441,train,element_set
16442,train,element_set
16443,train,element_set
16444,train,element_set
16445,train,element_set
16446,train,element_set
16447,train,element_set
16448,train,element_set
16450,train,element_set
16452,train,element_set
16453,train,element_set
16456,train,element_set
16457,train,element_set
16458,train,element_set
16459,train,element_set
16460,train,element_set
16461,train,element_set
16462,train,element_set
16463,train,element_set
16464,train,element_set
16465,train,element_set
16466,train,element_set
16468,train,element_set
16470,train,element_set
16471,train,element_set
16474,train,element_set
16475,train,element_set
16476,train,element_set
16477,train,element_set
16478,train,element_set
16479,train,element_set
16480,train,element_set
16481,train,element_set
16482,train,element_set
16484,train,element_set
16485,train,element_set
16488,train,element_set
16489,train,element_set
16490,train,element_set
16491,train,element_set
16492,train,element_set
16493,train,element_set
16496,train,element_set
16497,train,element_set
16498,train,element_set
16499,train,element_set
16501,train,element_set
16502,train,element_set
16503,train,element_set
16504,train,element_set
16505,train,element_set
16506,train,element_set
16507,train,element_set
16508,train,element_set
16511,train,element_set
16515,train,element_set
16516,train,element_set
16517,train,element_set
16518,train,element_set
16519,train,element_set
16521,train,element_set
16522,train,element_set
16523,train,element_set
16524,train,element_set
16525,train,element_set
16526,train,element_set
16527,train,element_set
16529,train,element_set
16531,train,element_set
16532,train,element_set
16533,train,element_set
16534,train,element_set
16535,train,element_set
16536,train,element_set
16537,train,element_set
16538,train,element_set
16539,train,element_set
16540,train,element_set
16541,train,element_set
16542,train,element_set
16543,train,element_set
16544,train,element_set
16545,train,element_set
16546,train,element_set
16547,train,element_set
16548,train,element_set
16549,train,element_set
16550,train,element_set
16551,train,element_set
16552,train,element_set
16553,train,element_set
16554,train,element_set
16555,train,element_set
16557,train,element_set
16558,train,element_set
16559,train,element_set
16560,train,element_set
16562,train,element_set
16563,train,element_set
16565,train,element_set
16567,train,element_set
16568,train,element_set
16569,train,element_set
16570,train,element_set
16571,train,element_set
16573,train,element_set
16574,train,element_set
16575,train,element_set
16576,train,element_set
16577,train,element_set
16578,train,element_set
16580,train,element_set
16581,train,element_set
16582,train,element_set
16583,train,element_set
16584,train,element_set
16585,train,element_set
16586,train,element_set
16587,train,element_set
16588,train,element_set
16589,train,element_set
16591,train,element_set
16592,train,element_set
16594,train,element_set
16595,train,element_set
16596,train,element_set
16597,train,element_set
16598,train,element_set
16599,train,element_set
16601,train,element_set
16603,train,element_set
16604,train,element_set
16605,train,element_set
16606,train,element_set
16607,train,element_set
16608,train,element_set
16609,train,element_set
16610,train,element_set
16611,train,element_set
16612,train,element_set
16613,train,element_set
16615,train,element_set
16616,train,element_set
16617,train,element_set
16618,train,element_set
16619,train,element_set
16621,train,element_set
16622,train,element_set
16623,train,element_set
16624,train,element_set
16625,train,element_set
16626,train,element_set
16627,train,element_set
16628,train,element_set
16629,train,element_set
16630,train,element_set
16632,train,element_set
16633,train,element_set
16635,train,element_set
16636,train,element_set
16638,train,element_set
16639,train,element_set
16640,train,element_set
16641,train,element_set
16642,train,element_set
16643,train,element_set
16644,train,element_set
16646,train,element_set
16647,train,element_set
16648,train,element_set
16649,train,element_set
16650,train,element_set
16651,train,element_set
16653,train,element_set
16654,train,element_set
16655,train,element_set
16656,train,element_set
16658,train,element_set
16659,train,element_set
16660,train,element_set
16661,train,element_set
16662,train,element_set
16663,train,element_set
16664,train,element_set
16665,train,element_set
16666,train,element_set
16667,train,element_set
16668,train,element_set
16669,train,element_set
16670,train,element_set
16673,train,element_set
16674,train,element_set
16675,train,element_set
16676,train,element_set
16677,train,element_set
16678,train,element_set
16679,train,element_set
16680,train,element_set
16681,train,element_set
16682,train,element_set
16683,train,element_set
16684,train,element_set
16685,train,element_set
16686,train,element_set
16687,train,element_set
16689,train,element_set
16690,train,element_set
16691,train,element_set
16692,train,element_set
16693,train,element_set
16694,train,element_set
16695,train,element_set
16696,train,element_set
16697,train,element_set
16698,train,element_set
16699,train,element_set
16700,train,element_set
16701,train,element_set
16703,train,element_set
16704,train,element_set
16705,train,element_set
16706,train,element_set
16707,train,element_set
16708,train,element_set
16709,train,element_set
16710,train,element_set
16712,train,element_set
16713,train,element_set
16715,train,element_set
16716,train,element_set
16717,train,element_set
16718,train,element_set
16719,train,element_set
16720,train,element_set
16721,train,element_set
16722,train,element_set
16723,train,element_set
16724,train,element_set
16725,train,element_set
16726,train,element_set
16728,train,element_set
16729,train,element_set
16730,train,element_set
16731,train,element_set
16733,train,element_set
16734,train,element_set
16735,train,element_set
16736,train,element_set
16737,train,element_set
16738,train,element_set
16739,train,element_set
16740,train,element_set
16742,train,element_set
16743,train,element_set
16744,train,element_set
16745,train,element_set
16746,train,element_set
16747,train,element_set
16750,train,element_set
16752,train,element_set
16753,train,element_set
16754,train,element_set
16755,train,element_set
16756,train,element_set
16757,train,element_set
16759,train,element_set
16760,train,element_set
16761,train,element_set
16762,train,element_set
16763,train,element_set
16764,train,element_set
16766,train,element_set
16767,train,element_set
16768,train,element_set
16769,train,element_set
16770,train,element_set
16771,train,element_set
16772,train,element_set
16773,train,element_set
16774,train,element_set
16775,train,element_set
16776,train,element_set
16777,train,element_set
16778,train,element_set
16779,train,element_set
16780,train,element_set
16782,train,element_set
16783,train,element_set
16784,train,element_set
16785,train,element_set
16786,train,element_set
16787,train,element_set
16789,train,element_set
16790,train,element_set
16791,train,element_set
16792,train,element_set
16793,train,element_set
16794,train,element_set
16795,train,element_set
16796,train,element_set
16797,train,element_set
16799,train,element_set
16800,train,element_set
16801,train,element_set
16802,train,element_set
16803,train,element_set
16804,train,element_set
16805,train,element_set
16806,train,element_set
16807,train,element_set
16810,train,element_set
16811,train,element_set
16812,train,element_set
16813,train,element_set
16814,train,element_set
16815,train,element_set
16816,train,element_set
16817,train,element_set
16818,train,element_set
16821,train,element_set
16822,train,element_set
16823,train,element_set
16824,train,element_set
16825,train,element_set
16826,train,element_set
16828,train,element_set
16829,train,element_set
16830,train,element_set
16831,train,element_set
16832,train,element_set
16833,train,element_set
16836,train,element_set
16837,train,element_set
16838,train,element_set
16839,train,element_set
16840,train,element_set
16841,train,element_set
16842,train,element_set
16843,train,element_set
16844,train,element_set
16845,train,element_set
16847,train,element_set
16848,train,element_set
16849,train,element_set
16850,train,element_set
16851,train,element_set
16852,train,element_set
16854,train,element_set
16855,train,element_set
16856,train,element_set
16857,train,element_set
16858,train,element_set
16859,train,element_set
16860,train,element_set
16862,train,element_set
16864,train,element_set
16865,train,element_set
16867,train,element_set
16870,train,element_set
16871,train,element_set
16872,train,element_set
16873,train,element_set
16875,train,element_set
16876,train,element_set
16877,train,element_set
16878,train,element_set
16880,train,element_set
16881,train,element_set
16882,train,element_set
16885,train,element_set
16886,train,element_set
16887,train,element_set
16888,train,element_set
16891,train,element_set
16893,train,element_set
16894,train,element_set
16895,train,element_set
16896,train,element_set
16898,train,element_set
16900,train,element_set
16901,train,element_set
16903,train,element_set
16904,train,element_set
16906,train,element_set
16907,train,element_set
16908,train,element_set
16909,train,element_set
16910,train,element_set
16913,train,element_set
16914,train,element_set
16915,train,element_set
16916,train,element_set
16917,train,element_set
16919,train,element_set
16920,train,element_set
16921,train,element_set
16923,train,element_set
16925,train,element_set
16926,train,element_set
16927,train,element_set
16928,train,element_set
16929,train,element_set
16930,train,element_set
16931,train,element_set
16933,train,element_set
16934,train,element_set
16935,train,element_set
16936,train,element_set
16937,train,element_set
16939,train,element_set
16940,train,element_set
16941,train,element_set
16943,train,element_set
16944,train,element_set
16945,train,element_set
16947,train,element_set
16948,train,element_set
16950,train,element_set
16951,train,element_set
16952,train,element_set
16954,train,element_set
16955,train,element_set
16956,train,element_set
16957,train,element_set
16959,train,element_set
16960,train,element_set
16962,train,element_set
16964,train,element_set
16965,train,element_set
16966,train,element_set
16967,train,element_set
16969,train,element_set
16970,train,element_set
16971,train,element_set
16972,train,element_set
16973,train,element_set
16974,train,element_set
16975,train,element_set
16976,train,element_set
16977,train,element_set
16978,train,element_set
16979,train,element_set
16980,train,element_set
16981,train,element_set
16982,train,element_set
16983,train,element_set
16984,train,element_set
16985,train,element_set
16987,train,element_set
16988,train,element_set
16990,train,element_set
16991,train,element_set
16992,train,element_set
16993,train,element_set
16994,train,element_set
16995,train,element_set
16997,train,element_set
16998,train,element_set
16999,train,element_set
17001,train,element_set
17002,train,element_set
17003,train,element_set
17004,train,element_set
17005,train,element_set
17006,train,element_set
17009,train,element_set
17011,train,element_set
17014,train,element_set
17015,train,element_set
17017,train,element_set
17018,train,element_set
17019,train,element_set
17022,train,element_set
17023,train,element_set
17024,train,element_set
17025,train,element_set
17026,train,element_set
17027,train,element_set
17028,train,element_set
17029,train,element_set
17032,train,element_set
17033,train,element_set
17034,train,element_set
17035,train,element_set
17036,train,element_set
17037,train,element_set
17038,train,element_set
17039,train,element_set
17040,train,element_set
17041,train,element_set
17042,train,element_set
17043,train,element_set
17045,train,element_set
17046,train,element_set
17047,train,element_set
17048,train,element_set
17049,train,element_set
17050,train,element_set
17052,train,element_set
17053,train,element_set
17054,train,element_set
17056,train,element_set
17057,train,element_set
17058,train,element_set
17059,train,element_set
17060,train,element_set
17061,train,element_set
17062,train,element_set
17063,train,element_set
17064,train,element_set
17065,train,element_set
17066,train,element_set
17067,train,element_set
17069,train,element_set
17070,train,element_set
17071,train,element_set
17072,train,element_set
17073,train,element_set
17075,train,element_set
17076,train,element_set
17079,train,element_set
17080,train,element_set
17081,train,element_set
17082,train,element_set
17083,train,element_set
17085,train,element_set
17086,train,element_set
17087,train,element_set
17088,train,element_set
17090,train,element_set
17091,train,element_set
17092,train,element_set
17095,train,element_set
17097,train,element_set
17098,train,element_set
17099,train,element_set
17100,train,element_set
17101,train,element_set
17102,train,element_set
17103,train,element_set
17104,train,element_set
17105,train,element_set
17109,train,element_set
17110,train,element_set
17111,train,element_set
17112,train,element_set
17113,train,element_set
17114,train,element_set
17116,train,element_set
17117,train,element_set
17119,train,element_set
17120,train,element_set
17121,train,element_set
17125,train,element_set
17126,train,element_set
17127,train,element_set
17128,train,element_set
17129,train,element_set
17130,train,element_set
17134,train,element_set
17135,train,element_set
17136,train,element_set
17137,train,element_set
17138,train,element_set
17139,train,element_set
17140,train,element_set
17141,train,element_set
17142,train,element_set
17143,train,element_set
17144,train,element_set
17145,train,element_set
17148,train,element_set
17149,train,element_set
17150,train,element_set
17151,train,element_set
17152,train,element_set
17154,train,element_set
17155,train,element_set
17156,train,element_set
17157,train,element_set
17158,train,element_set
17159,train,element_set
17160,train,element_set
17161,train,element_set
17162,train,element_set
17163,train,element_set
17164,train,element_set
17165,train,element_set
17166,train,element_set
17167,train,element_set
17168,train,element_set
17169,train,element_set
17170,train,element_set
17171,train,element_set
17172,train,element_set
17173,train,element_set
17174,train,element_set
17177,train,element_set
17178,train,element_set
17179,train,element_set
17182,train,element_set
17183,train,element_set
17184,train,element_set
17185,train,element_set
17186,train,element_set
17187,train,element_set
17188,train,element_set
17189,train,element_set
17190,train,element_set
17191,train,element_set
17192,train,element_set
17193,train,element_set
17194,train,element_set
17195,train,element_set
17196,train,element_set
17197,train,element_set
17198,train,element_set
17199,train,element_set
17200,train,element_set
17201,train,element_set
17202,train,element_set
17203,train,element_set
17204,train,element_set
17205,train,element_set
17206,train,element_set
17207,train,element_set
17208,train,element_set
17209,train,element_set
17210,train,element_set
17211,train,element_set
17212,train,element_set
17213,train,element_set
17214,train,element_set
17215,train,element_set
17217,train,element_set
17218,train,element_set
17219,train,element_set
17220,train,element_set
17221,train,element_set
17222,train,element_set
17223,train,element_set
17224,train,element_set
17225,train,element_set
17228,train,element_set
17229,train,element_set
17230,train,element_set
17231,train,element_set
17232,train,element_set
17233,train,element_set
17234,train,element_set
17235,train,element_set
17236,train,element_set
17237,train,element_set
17240,train,element_set
17241,train,element_set
17242,train,element_set
17243,train,element_set
17246,train,element_set
17247,train,element_set
17248,train,element_set
17250,train,element_set
17251,train,element_set
17252,train,element_set
17253,train,element_set
17254,train,element_set
17255,train,element_set
17258,train,element_set
17259,train,element_set
17260,train,element_set
17261,train,element_set
17262,train,element_set
17263,train,element_set
17264,train,element_set
17266,train,element_set
17267,train,element_set
17270,train,element_set
17271,train,element_set
17272,train,element_set
17273,train,element_set
17274,train,element_set
17275,train,element_set
17277,train,element_set
17278,train,element_set
17280,train,element_set
17283,train,element_set
17284,train,element_set
17286,train,element_set
17287,train,element_set
17289,train,element_set
17291,train,element_set
17293,train,element_set
17294,train,element_set
17295,train,element_set
17296,train,element_set
17298,train,element_set
17299,train,element_set
17302,train,element_set
17303,train,element_set
17304,train,element_set
17305,train,element_set
17306,train,element_set
17307,train,element_set
17309,train,element_set
17311,train,element_set
17312,train,element_set
17313,train,element_set
17315,train,element_set
17316,train,element_set
17317,train,element_set
17318,train,element_set
17319,train,element_set
17320,train,element_set
17322,train,element_set
17323,train,element_set
17324,train,element_set
17325,train,element_set
17326,train,element_set
17327,train,element_set
17329,train,element_set
17332,train,element_set
17333,train,element_set
17334,train,element_set
17335,train,element_set
17337,train,element_set
17338,train,element_set
17339,train,element_set
17340,train,element_set
17341,train,element_set
17342,train,element_set
17343,train,element_set
17345,train,element_set
17346,train,element_set
17347,train,element_set
17348,train,element_set
17349,train,element_set
17350,train,element_set
17351,train,element_set
17352,train,element_set
17353,train,element_set
17354,train,element_set
17355,train,element_set
17356,train,element_set
17357,train,element_set
17358,train,element_set
17359,train,element_set
17360,train,element_set
17361,train,element_set
17362,train,element_set
17364,train,element_set
17365,train,element_set
17367,train,element_set
17368,train,element_set
17369,train,element_set
17370,train,element_set
17371,train,element_set
17372,train,element_set
17373,train,element_set
17374,train,element_set
17375,train,element_set
17376,train,element_set
17377,train,element_set
17378,train,element_set
17379,train,element_set
17380,train,element_set
17382,train,element_set
17383,train,element_set
17384,train,element_set
17385,train,element_set
17386,train,element_set
17387,train,element_set
17388,train,element_set
17389,train,element_set
17390,train,element_set
17391,train,element_set
17392,train,element_set
17393,train,element_set
17394,train,element_set
17396,train,element_set
17397,train,element_set
17398,train,element_set
17399,train,element_set
17400,train,element_set
17401,train,element_set
17402,train,element_set
17403,train,element_set
17405,train,element_set
17406,train,element_set
17407,train,element_set
17408,train,element_set
17409,train,element_set
17410,train,element_set
17411,train,element_set
17412,train,element_set
17413,train,element_set
17414,train,element_set
17415,train,element_set
17416,train,element_set
17417,train,element_set
17418,train,element_set
17419,train,element_set
17420,train,element_set
17421,train,element_set
17422,train,element_set
17423,train,element_set
17425,train,element_set
17426,train,element_set
17427,train,element_set
17428,train,element_set
17431,train,element_set
17432,train,element_set
17435,train,element_set
17436,train,element_set
17437,train,element_set
17438,train,element_set
17439,train,element_set
17440,train,element_set
17441,train,element_set
17442,train,element_set
17443,train,element_set
17444,train,element_set
17445,train,element_set
17446,train,element_set
17447,train,element_set
17448,train,element_set
17449,train,element_set
17450,train,element_set
17451,train,element_set
17452,train,element_set
17453,train,element_set
17454,train,element_set
17455,train,element_set
17457,train,element_set
17458,train,element_set
17460,train,element_set
17461,train,element_set
17462,train,element_set
17463,train,element_set
17464,train,element_set
17465,train,element_set
17466,train,element_set
17467,train,element_set
17468,train,element_set
17469,train,element_set
17470,train,element_set
17471,train,element_set
17472,train,element_set
17473,train,element_set
17474,train,element_set
17475,train,element_set
17476,train,element_set
17479,train,element_set
17480,train,element_set
17481,train,element_set
17483,train,element_set
17484,train,element_set
17485,train,element_set
17486,train,element_set
17487,train,element_set
17489,train,element_set
17491,train,element_set
17492,train,element_set
17493,train,element_set
17494,train,element_set
17495,train,element_set
17497,train,element_set
17498,train,element_set
17499,train,element_set
17500,train,element_set
17501,train,element_set
17502,train,element_set
17504,train,element_set
17507,train,element_set
17508,train,element_set
17510,train,element_set
17511,train,element_set
17512,train,element_set
17514,train,element_set
17515,train,element_set
17516,train,element_set
17517,train,element_set
17519,train,element_set
17520,train,element_set
17521,train,element_set
17522,train,element_set
17524,train,element_set
17525,train,element_set
17526,train,element_set
17527,train,element_set
17528,train,element_set
17530,train,element_set
17531,train,element_set
17532,train,element_set
17533,train,element_set
17534,train,element_set
17535,train,element_set
17536,train,element_set
17537,train,element_set
17538,train,element_set
17540,train,element_set
17542,train,element_set
17544,train,element_set
17545,train,element_set
17546,train,element_set
17549,train,element_set
17551,train,element_set
17552,train,element_set
17554,train,element_set
17555,train,element_set
17556,train,element_set
17557,train,element_set
17558,train,element_set
17559,train,element_set
17560,train,element_set
17561,train,element_set
17562,train,element_set
17563,train,element_set
17564,train,element_set
17565,train,element_set
17566,train,element_set
17567,train,element_set
17568,train,element_set
17569,train,element_set
17570,train,element_set
17571,train,element_set
17572,train,element_set
17573,train,element_set
17574,train,element_set
17576,train,element_set
17577,train,element_set
17578,train,element_set
17579,train,element_set
17580,train,element_set
17581,train,element_set
17583,train,element_set
17584,train,element_set
17585,train,element_set
17586,train,element_set
17587,train,element_set
17588,train,element_set
17589,train,element_set
17590,train,element_set
17591,train,element_set
17592,train,element_set
17593,train,element_set
17594,train,element_set
17595,train,element_set
17596,train,element_set
17597,train,element_set
17599,train,element_set
17600,train,element_set
17601,train,element_set
17603,train,element_set
17604,train,element_set
17605,train,element_set
17607,train,element_set
17610,train,element_set
17611,train,element_set
17612,train,element_set
17613,train,element_set
17614,train,element_set
17615,train,element_set
17616,train,element_set
17617,train,element_set
17618,train,element_set
17620,train,element_set
17621,train,element_set
17622,train,element_set
17623,train,element_set
17624,train,element_set
17626,train,element_set
17627,train,element_set
17628,train,element_set
17629,train,element_set
17630,train,element_set
17631,train,element_set
17632,train,element_set
17634,train,element_set
17635,train,element_set
17636,train,element_set
17639,train,element_set
17640,train,element_set
17641,train,element_set
17642,train,element_set
17643,train,element_set
17644,train,element_set
17645,train,element_set
17646,train,element_set
17648,train,element_set
17649,train,element_set
17650,train,element_set
17651,train,element_set
17652,train,element_set
17653,train,element_set
17654,train,element_set
17655,train,element_set
17656,train,element_set
17657,train,element_set
17658,train,element_set
17660,train,element_set
17661,train,element_set
17662,train,element_set
17663,train,element_set
17665,train,element_set
17666,train,element_set
17667,train,element_set
17668,train,element_set
17669,train,element_set
17670,train,element_set
17671,train,element_set
17672,train,element_set
17675,train,element_set
17676,train,element_set
17677,train,element_set
17680,train,element_set
17681,train,element_set
17682,train,element_set
17683,train,element_set
17684,train,element_set
17685,train,element_set
17686,train,element_set
17687,train,element_set
17688,train,element_set
17689,train,element_set
17692,train,element_set
17694,train,element_set
17695,train,element_set
17696,train,element_set
17697,train,element_set
17698,train,element_set
17700,train,element_set
17703,train,element_set
17704,train,element_set
17705,train,element_set
17706,train,element_set
17707,train,element_set
17708,train,element_set
17710,train,element_set
17711,train,element_set
17712,train,element_set
17713,train,element_set
17717,train,element_set
17718,train,element_set
17719,train,element_set
17720,train,element_set
17721,train,element_set
17722,train,element_set
17723,train,element_set
17726,train,element_set
17728,train,element_set
17729,train,element_set
17732,train,element_set
17733,train,element_set
17734,train,element_set
17736,train,element_set
17737,train,element_set
17738,train,element_set
17739,train,element_set
17740,train,element_set
17741,train,element_set
17742,train,element_set
17744,train,element_set
17745,train,element_set
17746,train,element_set
17747,train,element_set
17748,train,element_set
17749,train,element_set
17750,train,element_set
17751,train,element_set
17752,train,element_set
17753,train,element_set
17755,train,element_set
17756,train,element_set
17757,train,element_set
17758,train,element_set
17759,train,element_set
17760,train,element_set
17761,train,element_set
17763,train,element_set
17764,train,element_set
17766,train,element_set
17767,train,element_set
17768,train,element_set
17770,train,element_set
17772,train,element_set
17774,train,element_set
17775,train,element_set
17776,train,element_set
17777,train,element_set
17778,train,element_set
17779,train,element_set
17780,train,element_set
17781,train,element_set
17783,train,element_set
17786,train,element_set
17787,train,element_set
17788,train,element_set
17789,train,element_set
17791,train,element_set
17792,train,element_set
17793,train,element_set
17794,train,element_set
17795,train,element_set
17799,train,element_set
17800,train,element_set
17801,train,element_set
17802,train,element_set
17803,train,element_set
17804,train,element_set
17805,train,element_set
17806,train,element_set
17807,train,element_set
17810,train,element_set
17811,train,element_set
17813,train,element_set
17814,train,element_set
17815,train,element_set
17816,train,element_set
17817,train,element_set
17819,train,element_set
17820,train,element_set
17821,train,element_set
17823,train,element_set
17824,train,element_set
17825,train,element_set
17827,train,element_set
17828,train,element_set
17829,train,element_set
17830,train,element_set
17831,train,element_set
17832,train,element_set
17835,train,element_set
17836,train,element_set
17838,train,element_set
17839,train,element_set
17840,train,element_set
17843,train,element_set
17845,train,element_set
17848,train,element_set
17849,train,element_set
17850,train,element_set
17851,train,element_set
17852,train,element_set
17853,train,element_set
17854,train,element_set
17856,train,element_set
17857,train,element_set
17858,train,element_set
17859,train,element_set
17860,train,element_set
17862,train,element_set
17864,train,element_set
17865,train,element_set
17867,train,element_set
17868,train,element_set
17869,train,element_set
17870,train,element_set
17872,train,element_set
17873,train,element_set
17875,train,element_set
17877,train,element_set
17878,train,element_set
17879,train,element_set
17880,train,element_set
17881,train,element_set
17883,train,element_set
17884,train,element_set
17885,train,element_set
17886,train,element_set
17887,train,element_set
17888,train,element_set
17889,train,element_set
17890,train,element_set
17892,train,element_set
17894,train,element_set
17895,train,element_set
17896,train,element_set
17897,train,element_set
17899,train,element_set
17901,train,element_set
17903,train,element_set
17904,train,element_set
17906,train,element_set
17907,train,element_set
17908,train,element_set
17909,train,element_set
17910,train,element_set
17911,train,element_set
17913,train,element_set
17914,train,element_set
17915,train,element_set
17916,train,element_set
17917,train,element_set
17918,train,element_set
17922,train,element_set
17924,train,element_set
17925,train,element_set
17926,train,element_set
17927,train,element_set
17928,train,element_set
17929,train,element_set
17930,train,element_set
17931,train,element_set
17933,train,element_set
17934,train,element_set
17936,train,element_set
17937,train,element_set
17938,train,element_set
17939,train,element_set
17941,train,element_set
17943,train,element_set
17944,train,element_set
17945,train,element_set
17946,train,element_set
17947,train,element_set
17948,train,element_set
17949,train,element_set
17950,train,element_set
17951,train,element_set
17952,train,element_set
17953,train,element_set
17954,train,element_set
17955,train,element_set
17956,train,element_set
17957,train,element_set
17958,train,element_set
17959,train,element_set
17960,train,element_set
17962,train,element_set
17963,train,element_set
17964,train,element_set
17965,train,element_set
17966,train,element_set
17967,train,element_set
17968,train,element_set
17971,train,element_set
17973,train,element_set
17974,train,element_set
17976,train,element_set
17977,train,element_set
17978,train,element_set
17979,train,element_set
17980,train,element_set
17981,train,element_set
17982,train,element_set
17983,train,element_set
17984,train,element_set
17985,train,element_set
17986,train,element_set
17987,train,element_set
17988,train,element_set
17989,train,element_set
17990,train,element_set
17991,train,element_set
17992,train,element_set
17993,train,element_set
17995,train,element_set
17997,train,element_set
17998,train,element_set
17999,train,element_set
18001,train,element_set
18002,train,element_set
18003,train,element_set
18004,train,element_set
18005,train,element_set
18007,train,element_set
18008,train,element_set
18009,train,element_set
18010,train,element_set
18011,train,element_set
18012,train,element_set
18013,train,element_set
18014,train,element_set
18015,train,element_set
18016,train,element_set
18017,train,element_set
18018,train,element_set
18019,train,element_set
18020,train,element_set
18022,train,element_set
18024,train,element_set
18025,train,element_set
18026,train,element_set
18028,train,element_set
18029,train,element_set
18030,train,element_set
18031,train,element_set
18033,train,element_set
18034,train,element_set
18035,train,element_set
18037,train,element_set
18038,train,element_set
18039,train,element_set
18040,train,element_set
18041,train,element_set
18042,train,element_set
18043,train,element_set
18044,train,element_set
18045,train,element_set
18046,train,element_set
18047,train,element_set
18048,train,element_set
18049,train,element_set
18051,train,element_set
18052,train,element_set
18054,train,element_set
18056,train,element_set
18059,train,element_set
18060,train,element_set
18062,train,element_set
18063,train,element_set
18066,train,element_set
18067,train,element_set
18068,train,element_set
18069,train,element_set
18071,train,element_set
18073,train,element_set
18074,train,element_set
18075,train,element_set
18077,train,element_set
18078,train,element_set
18079,train,element_set
18080,train,element_set
18081,train,element_set
18082,train,element_set
18083,train,element_set
18084,train,element_set
18085,train,element_set
18086,train,element_set
18087,train,element_set
18088,train,element_set
18089,train,element_set
18090,train,element_set
18091,train,element_set
18092,train,element_set
18094,train,element_set
18095,train,element_set
18096,train,element_set
18097,train,element_set
18098,train,element_set
18099,train,element_set
18100,train,element_set
18102,train,element_set
18104,train,element_set
18105,train,element_set
18106,train,element_set
18107,train,element_set
18110,train,element_set
18111,train,element_set
18112,train,element_set
18113,train,element_set
18114,train,element_set
18115,train,element_set
18116,train,element_set
18117,train,element_set
18118,train,element_set
18120,train,element_set
18121,train,element_set
18122,train,element_set
18123,train,element_set
18124,train,element_set
18126,train,element_set
18128,train,element_set
18129,train,element_set
18130,train,element_set
18132,train,element_set
18134,train,element_set
18135,train,element_set
18136,train,element_set
18137,train,element_set
18138,train,element_set
18139,train,element_set
18140,train,element_set
18141,train,element_set
18142,train,element_set
18143,train,element_set
18144,train,element_set
18146,train,element_set
18147,train,element_set
18148,train,element_set
18150,train,element_set
18151,train,element_set
18155,train,element_set
18156,train,element_set
18157,train,element_set
18158,train,element_set
18159,train,element_set
18160,train,element_set
18161,train,element_set
18162,train,element_set
18163,train,element_set
18164,train,element_set
18166,train,element_set
18167,train,element_set
18169,train,element_set
18170,train,element_set
18172,train,element_set
18174,train,element_set
18175,train,element_set
18176,train,element_set
18177,train,element_set
18178,train,element_set
18180,train,element_set
18181,train,element_set
18183,train,element_set
18185,train,element_set
18186,train,element_set
18187,train,element_set
18188,train,element_set
18189,train,element_set
18190,train,element_set
18191,train,element_set
18193,train,element_set
18194,train,element_set
18196,train,element_set
18197,train,element_set
18198,train,element_set
18199,train,element_set
18200,train,element_set
18202,train,element_set
18203,train,element_set
18204,train,element_set
18205,train,element_set
18207,train,element_set
18208,train,element_set
18209,train,element_set
18213,train,element_set
18216,train,element_set
18217,train,element_set
18218,train,element_set
18219,train,element_set
18221,train,element_set
18223,train,element_set
18224,train,element_set
18225,train,element_set
18226,train,element_set
18228,train,element_set
18229,train,element_set
18230,train,element_set
18231,train,element_set
18232,train,element_set
18233,train,element_set
18238,train,element_set
18239,train,element_set
18240,train,element_set
18242,train,element_set
18243,train,element_set
18244,train,element_set
18245,train,element_set
18246,train,element_set
18247,train,element_set
18248,train,element_set
18249,train,element_set
18252,train,element_set
18253,train,element_set
18254,train,element_set
18255,train,element_set
18256,train,element_set
18257,train,element_set
18259,train,element_set
18260,train,element_set
18261,train,element_set
18263,train,element_set
18265,train,element_set
18267,train,element_set
18268,train,element_set
18271,train,element_set
18272,train,element_set
18274,train,element_set
18275,train,element_set
18276,train,element_set
18277,train,element_set
18278,train,element_set
18279,train,element_set
18280,train,element_set
18281,train,element_set
18282,train,element_set
18283,train,element_set
18285,train,element_set
18286,train,element_set
18287,train,element_set
18288,train,element_set
18291,train,element_set
18294,train,element_set
18295,train,element_set
18297,train,element_set
18298,train,element_set
18300,train,element_set
18302,train,element_set
18303,train,element_set
18305,train,element_set
18307,train,element_set
18309,train,element_set
18310,train,element_set
18311,train,element_set
18313,train,element_set
18314,train,element_set
18315,train,element_set
18316,train,element_set
18317,train,element_set
18318,train,element_set
18319,train,element_set
18320,train,element_set
18321,train,element_set
18322,train,element_set
18323,train,element_set
18324,train,element_set
18326,train,element_set
18328,train,element_set
18329,train,element_set
18330,train,element_set
18331,train,element_set
18332,train,element_set
18333,train,element_set
18334,train,element_set
18335,train,element_set
18337,train,element_set
18338,train,element_set
18339,train,element_set
18340,train,element_set
18341,train,element_set
18342,train,element_set
18343,train,element_set
18344,train,element_set
18346,train,element_set
18347,train,element_set
18348,train,element_set
18349,train,element_set
18352,train,element_set
18354,train,element_set
18357,train,element_set
18359,train,element_set
18360,train,element_set
18361,train,element_set
18362,train,element_set
18363,train,element_set
18364,train,element_set
18365,train,element_set
18366,train,element_set
18367,train,element_set
18368,train,element_set
18369,train,element_set
18372,train,element_set
18373,train,element_set
18374,train,element_set
18376,train,element_set
18377,train,element_set
18379,train,element_set
18380,train,element_set
18381,train,element_set
18382,train,element_set
18383,train,element_set
18384,train,element_set
18386,train,element_set
18387,train,element_set
18388,train,element_set
18389,train,element_set
18391,train,element_set
18393,train,element_set
18394,train,element_set
18395,train,element_set
18397,train,element_set
18398,train,element_set
18400,train,element_set
18401,train,element_set
18402,train,element_set
18403,train,element_set
18404,train,element_set
18406,train,element_set
18407,train,element_set
18408,train,element_set
18409,train,element_set
18411,train,element_set
18412,train,element_set
18413,train,element_set
18414,train,element_set
18415,train,element_set
18416,train,element_set
18417,train,element_set
18419,train,element_set
18420,train,element_set
18421,train,element_set
18422,train,element_set
18423,train,element_set
18424,train,element_set
18425,train,element_set
18426,train,element_set
18430,train,element_set
18431,train,element_set
18432,train,element_set
18434,train,element_set
18435,train,element_set
18436,train,element_set
18438,train,element_set
18441,train,element_set
18442,train,element_set
18443,train,element_set
18444,train,element_set
18445,train,element_set
18446,train,element_set
18447,train,element_set
18448,train,element_set
18449,train,element_set
18450,train,element_set
18451,train,element_set
18452,train,element_set
18453,train,element_set
18454,train,element_set
18455,train,element_set
18456,train,element_set
18458,train,element_set
18459,train,element_set
18462,train,element_set
18463,train,element_set
18464,train,element_set
18465,train,element_set
18466,train,element_set
18467,train,element_set
18468,train,element_set
18469,train,element_set
18470,train,element_set
18471,train,element_set
18472,train,element_set
18473,train,element_set
18474,train,element_set
18475,train,element_set
18476,train,element_set
18477,train,element_set
18478,train,element_set
18479,train,element_set
18480,train,element_set
18482,train,element_set
18483,train,element_set
18486,train,element_set
18489,train,element_set
18490,train,element_set
18491,train,element_set
18492,train,element_set
18494,train,element_set
18495,train,element_set
18496,train,element_set
18497,train,element_set
18498,train,element_set
18499,train,element_set
18500,train,element_set
18501,train,element_set
18502,train,element_set
18504,train,element_set
18506,train,element_set
18507,train,element_set
18508,train,element_set
18511,train,element_set
18512,train,element_set
18513,train,element_set
18514,train,element_set
18515,train,element_set
18516,train,element_set
18517,train,element_set
18518,train,element_set
18519,train,element_set
18520,train,element_set
18521,train,element_set
18522,train,element_set
18523,train,element_set
18524,train,element_set
18525,train,element_set
18526,train,element_set
18527,train,element_set
18529,train,element_set
18530,train,element_set
18531,train,element_set
18532,train,element_set
18533,train,element_set
18534,train,element_set
18535,train,element_set
18536,train,element_set
18537,train,element_set
18538,train,element_set
18540,train,element_set
18542,train,element_set
18543,train,element_set
18544,train,element_set
18545,train,element_set
18546,train,element_set
18547,train,element_set
18549,train,element_set
18550,train,element_set
18551,train,element_set
18552,train,element_set
18555,train,element_set
18557,train,element_set
18558,train,element_set
18559,train,element_set
18560,train,element_set
18561,train,element_set
18562,train,element_set
18565,train,element_set
18566,train,element_set
18567,train,element_set
18570,train,element_set
18571,train,element_set
18572,train,element_set
18573,train,element_set
18574,train,element_set
18575,train,element_set
18576,train,element_set
18577,train,element_set
18578,train,element_set
18579,train,element_set
18580,train,element_set
18581,train,element_set
18583,train,element_set
18584,train,element_set
18585,train,element_set
18587,train,element_set
18588,train,element_set
18590,train,element_set
18591,train,element_set
18592,train,element_set
18593,train,element_set
18594,train,element_set
18595,train,element_set
18596,train,element_set
18598,train,element_set
18599,train,element_set
18600,train,element_set
18601,train,element_set
18602,train,element_set
18603,train,element_set
18604,train,element_set
18605,train,element_set
18606,train,element_set
18607,train,element_set
18608,train,element_set
18609,train,element_set
18610,train,element_set
18611,train,element_set
18612,train,element_set
18613,train,element_set
18614,train,element_set
18618,train,element_set
18620,train,element_set
18621,train,element_set
18622,train,element_set
18623,train,element_set
18624,train,element_set
18625,train,element_set
18626,train,element_set
18627,train,element_set
18628,train,element_set
18629,train,element_set
18630,train,element_set
18631,train,element_set
18632,train,element_set
18633,train,element_set
18634,train,element_set
18635,train,element_set
18636,train,element_set
18637,train,element_set
18638,train,element_set
18639,train,element_set
18640,train,element_set
18641,train,element_set
18643,train,element_set
18644,train,element_set
18645,train,element_set
18646,train,element_set
18647,train,element_set
18649,train,element_set
18650,train,element_set
18651,train,element_set
18652,train,element_set
18655,train,element_set
18656,train,element_set
18657,train,element_set
18658,train,element_set
18659,train,element_set
18660,train,element_set
18661,train,element_set
18662,train,element_set
18663,train,element_set
18664,train,element_set
18665,train,element_set
18666,train,element_set
18667,train,element_set
18669,train,element_set
18670,train,element_set
18671,train,element_set
18673,train,element_set
18674,train,element_set
18675,train,element_set
18676,train,element_set
18677,train,element_set
18678,train,element_set
18679,train,element_set
18680,train,element_set
18681,train,element_set
18682,train,element_set
18684,train,element_set
18685,train,element_set
18687,train,element_set
18688,train,element_set
18689,train,element_set
18692,train,element_set
18693,train,element_set
18694,train,element_set
18695,train,element_set
18700,train,element_set
18702,train,element_set
18703,train,element_set
18705,train,element_set
18706,train,element_set
18707,train,element_set
18708,train,element_set
18709,train,element_set
18710,train,element_set
18711,train,element_set
18712,train,element_set
18713,train,element_set
18714,train,element_set
18715,train,element_set
18716,train,element_set
18717,train,element_set
18718,train,element_set
18719,train,element_set
18720,train,element_set
18721,train,element_set
18722,train,element_set
18723,train,element_set
18724,train,element_set
18725,train,element_set
18726,train,element_set
18727,train,element_set
18729,train,element_set
18732,train,element_set
18733,train,element_set
18734,train,element_set
18735,train,element_set
18736,train,element_set
18738,train,element_set
18740,train,element_set
18741,train,element_set
18742,train,element_set
18744,train,element_set
18745,train,element_set
18747,train,element_set
18749,train,element_set
18750,train,element_set
18751,train,element_set
18752,train,element_set
18753,train,element_set
18754,train,element_set
18755,train,element_set
18758,train,element_set
18759,train,element_set
18762,train,element_set
18763,train,element_set
18764,train,element_set
18765,train,element_set
18766,train,element_set
18768,train,element_set
18771,train,element_set
18772,train,element_set
18773,train,element_set
18774,train,element_set
18775,train,element_set
18776,train,element_set
18777,train,element_set
18778,train,element_set
18779,train,element_set
18780,train,element_set
18782,train,element_set
18783,train,element_set
18784,train,element_set
18785,train,element_set
18786,train,element_set
18787,train,element_set
18788,train,element_set
18789,train,element_set
18790,train,element_set
18791,train,element_set
18792,train,element_set
18794,train,element_set
18796,train,element_set
18797,train,element_set
18798,train,element_set
18799,train,element_set
18800,train,element_set
18801,train,element_set
18802,train,element_set
18803,train,element_set
18804,train,element_set
18806,train,element_set
18808,train,element_set
18809,train,element_set
18810,train,element_set
18811,train,element_set
18812,train,element_set
18814,train,element_set
18816,train,element_set
18818,train,element_set
18819,train,element_set
18820,train,element_set
18821,train,element_set
18822,train,element_set
18823,train,element_set
18824,train,element_set
18825,train,element_set
18826,train,element_set
18827,train,element_set
18829,train,element_set
18830,train,element_set
18832,train,element_set
18833,train,element_set
18834,train,element_set
18836,train,element_set
18837,train,element_set
18839,train,element_set
18841,train,element_set
18842,train,element_set
18843,train,element_set
18845,train,element_set
18846,train,element_set
18847,train,element_set
18848,train,element_set
18849,train,element_set
18850,train,element_set
18852,train,element_set
18853,train,element_set
18854,train,element_set
18855,train,element_set
18856,train,element_set
18857,train,element_set
18858,train,element_set
18859,train,element_set
18860,train,element_set
18861,train,element_set
18862,train,element_set
18863,train,element_set
18864,train,element_set
18865,train,element_set
18866,train,element_set
18867,train,element_set
18868,train,element_set
18870,train,element_set
18871,train,element_set
18872,train,element_set
18873,train,element_set
18874,train,element_set
18875,train,element_set
18876,train,element_set
18878,train,element_set
18879,train,element_set
18880,train,element_set
18882,train,element_set
18883,train,element_set
18884,train,element_set
18886,train,element_set
18887,train,element_set
18888,train,element_set
18889,train,element_set
18890,train,element_set
18891,train,element_set
18893,train,element_set
18894,train,element_set
18895,train,element_set
18896,train,element_set
18897,train,element_set
18899,train,element_set
18900,train,element_set
18901,train,element_set
18902,train,element_set
18903,train,element_set
18904,train,element_set
18905,train,element_set
18906,train,element_set
18908,train,element_set
18909,train,element_set
18910,train,element_set
18911,train,element_set
18912,train,element_set
18914,train,element_set
18916,train,element_set
18917,train,element_set
18918,train,element_set
18919,train,element_set
18921,train,element_set
18922,train,element_set
18923,train,element_set
18924,train,element_set
18925,train,element_set
18926,train,element_set
18927,train,element_set
