sample_id,split
0,train
1,val
2,train
3,val
4,train
5,test
6,train
7,train
8,train
9,val
10,train
11,train
12,train
13,train
14,train
15,train
16,train
17,train
18,train
19,test
20,train
21,train
22,train
23,train
24,val
25,val
26,train
27,train
28,train
29,train
30,train
31,train
32,train
33,train
34,train
35,train
36,train
37,train
38,train
39,train
40,train
41,val
42,train
43,train
44,train
45,train
46,train
47,train
48,test
49,train
50,train
51,val
52,train
53,train
54,train
55,test
56,test
57,val
58,train
59,test
60,val
61,train
62,train
63,train
64,train
65,train
66,train
67,train
68,train
69,train
70,test
71,train
72,train
73,train
74,train
75,train
76,train
77,train
78,train
79,train
80,train
81,train
82,train
83,test
84,train
85,train
86,train
87,train
88,train
89,train
90,train
91,test
92,val
93,train
94,train
95,train
96,train
97,train
98,val
99,train
100,train
101,train
102,train
103,train
104,train
105,train
106,train
107,train
108,train
109,train
110,train
111,val
112,train
113,train
114,test
115,train
116,train
117,val
118,train
119,train
120,train
121,train
122,train
123,train
124,train
125,train
126,train
127,test
128,train
129,train
130,train
131,train
132,val
133,test
134,train
135,train
136,train
137,val
138,val
139,train
140,train
141,train
142,train
143,train
144,train
145,train
146,train
147,train
148,train
149,train
150,test
151,train
152,train
153,train
154,train
155,train
156,train
157,val
158,train
159,train
160,train
161,train
162,train
163,train
164,train
165,train
166,train
167,val
168,train
169,train
170,val
171,train
172,train
173,train
174,train
175,train
176,train
177,train
178,train
179,train
180,train
181,train
182,val
183,train
184,train
185,train
186,val
187,train
188,train
189,train
190,train
191,train
192,val
193,val
194,train
195,train
196,train
197,train
198,train
199,train
200,train
201,train
202,train
203,train
204,test
205,train
206,train
207,train
208,train
209,train
210,train
211,val
212,train
213,train
214,train
215,train
216,train
217,train
218,train
219,val
220,test
221,train
222,test
223,train
224,train
225,test
226,train
227,train
228,val
229,train
230,train
231,train
232,train
233,test
234,train
235,train
236,train
237,train
238,train
239,train
240,train
241,train
242,test
243,train
244,train
245,train
246,train
247,train
248,train
249,train
250,train
251,val
252,test
253,train
254,train
255,train
256,test
257,train
258,train
259,train
260,val
261,test
262,train
263,train
264,train
265,train
266,train
267,val
268,train
269,train
270,train
271,train
272,train
273,train
274,train
275,test
276,train
277,train
278,train
279,test
280,train
281,train
282,train
283,test
284,train
285,train
286,train
287,train
288,train
289,test
290,train
291,train
292,train
293,train
294,val
295,test
296,train
297,val
298,train
299,train
300,train
301,val
302,train
303,train
304,train
305,train
306,train
307,train
308,train
309,train
310,train
311,test
312,train
313,train
314,test
315,train
316,test
317,train
318,train
319,test
320,val
321,test
322,train
323,train
324,train
325,train
326,val
327,test
328,train
329,train
330,train
331,train
332,train
333,train
334,val
335,train
336,test
337,train
338,train
339,train
340,train
341,test
342,train
343,train
344,train
345,train
346,train
347,train
348,train
349,train
350,train
351,train
352,val
353,train
354,train
355,train
356,train
357,train
358,train
359,train
360,train
361,test
362,train
363,train
364,train
365,train
366,test
367,train
368,val
369,train
370,train
371,train
372,train
373,val
374,train
375,train
376,train
377,train
378,test
379,train
380,train
381,train
382,test
383,train
384,train
385,val
386,val
387,test
388,train
389,train
390,train
391,train
392,train
393,train
394,train
395,train
396,train
397,train
398,train
399,test
400,train
401,train
402,val
403,train
404,train
405,train
406,train
407,train
408,train
409,train
410,train
411,train
412,train
413,train
414,train
415,train
416,train
417,train
418,train
419,train
420,train
421,train
422,test
423,val
424,test
425,train
426,val
427,train
428,train
429,train
430,train
431,train
432,train
433,val
434,train
435,train
436,val
437,val
438,train
439,train
440,train
441,train
442,train
443,train
444,train
445,test
446,val
447,train
448,train
449,train
450,val
451,train
452,test
453,train
454,train
455,train
456,train
457,train
458,train
459,train
460,train
461,train
462,train
463,train
464,train
465,train
466,val
467,train
468,train
469,train
470,train
471,val
472,train
473,train
474,train
475,train
476,train
477,train
478,test
479,train
480,train
481,val
482,train
483,train
484,train
485,train
486,train
487,val
488,val
489,train
490,test
491,train
492,train
493,val
494,test
495,train
496,train
497,train
498,train
499,train
500,train
501,train
502,val
503,train
504,train
505,train
506,train
507,train
508,train
509,train
510,train
511,train
512,train
513,train
514,train
515,train
516,train
517,train
518,test
519,train
520,train
521,train
522,train
523,train
524,test
525,train
526,train
527,val
528,train
529,train
530,train
531,val
532,train
533,train
534,train
535,test
536,train
537,train
538,train
539,train
540,train
541,train
542,train
543,val
544,train
545,train
546,train
547,train
548,train
549,train
550,train
551,train
552,train
553,val
554,train
555,train
556,train
557,train
558,train
559,test
560,train
561,train
562,train
563,train
564,val
565,val
566,train
567,train
568,val
569,train
570,train
571,train
572,train
573,test
574,train
575,train
576,train
577,train
578,train
579,train
580,train
581,val
582,train
583,val
584,val
585,train
586,train
587,train
588,train
589,test
590,val
591,train
592,train
593,train
594,train
595,train
596,train
597,train
598,train
599,train
600,test
601,train
602,test
603,train
604,val
605,test
606,train
607,train
608,train
609,train
610,train
611,train
612,train
613,train
614,train
615,train
616,val
617,test
618,train
619,train
620,val
621,train
622,train
623,train
624,train
625,train
626,train
627,test
628,val
629,test
630,test
631,train
632,val
633,train
634,train
635,train
636,test
637,train
638,test
639,val
640,val
641,train
642,train
643,train
644,train
645,train
646,train
647,train
648,train
649,test
650,train
651,train
652,val
653,train
654,train
655,train
656,train
657,train
658,train
659,train
660,train
661,train
662,val
663,train
664,test
665,train
666,val
667,test
668,train
669,train
670,test
671,train
672,train
673,train
674,train
675,train
676,train
677,train
678,train
679,train
680,train
681,train
682,train
683,train
684,train
685,val
686,train
687,train
688,train
689,test
690,train
691,val
692,test
693,test
694,train
695,test
696,train
697,train
698,val
699,test
700,val
701,train
702,train
703,train
704,test
705,train
706,train
707,train
708,train
709,test
710,train
711,train
712,train
713,train
714,train
715,train
716,train
717,train
718,train
719,test
720,train
721,test
722,train
723,train
724,train
725,train
726,train
727,train
728,train
729,train
730,train
731,train
732,train
733,train
734,train
735,train
736,train
737,train
738,train
739,train
740,train
741,train
742,train
743,train
744,train
745,val
746,train
747,train
748,train
749,train
750,train
751,train
752,train
753,test
754,test
755,train
756,train
757,train
758,train
759,train
760,train
761,train
762,val
763,val
764,train
765,train
766,train
767,train
768,train
769,train
770,val
771,train
772,train
773,train
774,train
775,val
776,train
777,train
778,train
779,train
780,val
781,train
782,train
783,train
784,val
785,train
786,train
787,train
788,train
789,train
790,train
791,val
792,train
793,test
794,train
795,train
796,test
797,train
798,train
799,train
800,train
801,train
802,train
803,train
804,train
805,train
806,train
807,train
808,train
809,train
810,train
811,train
812,test
813,train
814,val
815,train
816,train
817,train
818,test
819,train
820,train
821,train
822,train
823,train
824,train
825,val
826,train
827,train
828,train
829,train
830,train
831,val
832,test
833,train
834,train
835,train
836,train
837,val
838,train
839,val
840,train
841,train
842,train
843,train
844,train
845,val
846,train
847,train
848,train
849,train
850,train
851,train
852,val
853,val
854,train
855,train
856,train
857,val
858,train
859,train
860,train
861,train
862,train
863,train
864,train
865,train
866,train
867,train
868,train
869,train
870,train
871,train
872,train
873,val
874,train
875,train
876,train
877,train
878,train
879,train
880,train
881,train
882,test
883,train
884,train
885,train
886,train
887,train
888,train
889,train
890,test
891,train
892,test
893,train
894,val
895,train
896,train
897,val
898,train
899,test
900,train
901,train
902,train
903,train
904,test
905,train
906,train
907,train
908,train
909,val
910,val
911,train
912,train
913,train
914,train
915,train
916,train
917,train
918,val
919,train
920,val
921,train
922,train
923,train
924,val
925,val
926,train
927,train
928,val
929,val
930,train
931,train
932,train
933,train
934,train
935,train
936,train
937,train
938,train
939,train
940,val
941,train
942,train
943,train
944,train
945,test
946,train
947,val
948,train
949,train
950,train
951,train
952,train
953,train
954,train
955,val
956,train
957,train
958,test
959,test
960,train
961,train
962,train
963,train
964,train
965,train
966,train
967,train
968,train
969,train
970,test
971,train
972,train
973,train
974,train
975,train
976,train
977,train
978,train
979,train
980,train
981,val
982,train
983,train
984,train
985,test
986,train
987,train
988,train
989,train
990,train
991,train
992,test
993,train
994,train
995,train
996,test
997,test
998,train
999,train
1000,train
1001,train
1002,train
1003,train
1004,test
1005,train
1006,train
1007,train
1008,train
1009,train
1010,train
1011,train
1012,train
1013,train
1014,val
1015,train
1016,train
1017,val
1018,train
1019,val
1020,test
1021,train
1022,train
1023,train
1024,train
1025,train
1026,train
1027,test
1028,train
1029,train
1030,train
1031,train
1032,test
1033,train
1034,train
1035,train
1036,train
1037,test
1038,train
1039,val
1040,train
1041,train
1042,train
1043,train
1044,train
1045,train
1046,train
1047,test
1048,train
1049,train
1050,train
1051,train
1052,train
1053,train
1054,train
1055,train
1056,val
1057,val
1058,test
1059,test
1060,train
1061,train
1062,train
1063,train
1064,train
1065,train
1066,train
1067,val
1068,train
1069,train
1070,test
1071,train
1072,train
1073,train
1074,train
1075,train
1076,train
1077,train
1078,test
1079,val
1080,train
1081,train
1082,train
1083,train
1084,train
1085,train
1086,train
1087,train
1088,train
1089,train
1090,train
1091,train
1092,train
1093,train
1094,val
1095,train
1096,train
1097,train
1098,train
1099,train
1100,train
1101,train
1102,train
1103,train
1104,train
1105,train
1106,test
1107,train
1108,train
1109,train
1110,train
1111,train
1112,test
1113,train
1114,val
1115,train
1116,train
1117,train
1118,train
1119,train
1120,val
1121,train
1122,train
1123,train
1124,train
1125,test
1126,train
1127,train
1128,train
1129,test
1130,train
1131,train
1132,train
1133,train
1134,train
1135,test
1136,train
1137,val
1138,train
1139,train
1140,train
1141,val
1142,train
1143,train
1144,train
1145,train
1146,train
1147,train
1148,train
1149,train
1150,train
1151,train
1152,train
1153,train
1154,train
1155,train
1156,train
1157,train
1158,train
1159,test
1160,train
1161,train
1162,train
1163,train
1164,train
1165,train
1166,train
1167,train
1168,train
1169,train
1170,train
1171,train
1172,train
1173,train
1174,train
1175,train
1176,train
1177,train
1178,train
1179,train
1180,test
1181,test
1182,train
1183,train
1184,train
1185,train
1186,train
1187,train
1188,train
1189,train
1190,val
1191,train
1192,train
1193,train
1194,train
1195,train
1196,train
1197,train
1198,train
1199,train
1200,train
1201,train
1202,train
1203,train
1204,test
1205,train
1206,train
1207,val
1208,train
1209,train
1210,train
1211,val
1212,train
1213,val
1214,train
1215,train
1216,train
1217,train
1218,val
1219,val
1220,test
1221,test
1222,train
1223,train
1224,val
1225,train
1226,val
1227,train
1228,train
1229,train
1230,train
1231,train
1232,val
1233,train
1234,train
1235,val
1236,val
1237,train
1238,train
1239,train
1240,test
1241,train
1242,train
1243,train
1244,train
1245,val
1246,train
1247,test
1248,test
1249,train
1250,train
1251,train
1252,train
1253,val
1254,train
1255,train
1256,train
1257,val
1258,train
1259,train
1260,train
1261,val
1262,train
1263,train
1264,train
1265,train
1266,train
1267,train
1268,train
1269,train
1270,train
1271,train
1272,train
1273,train
1274,test
1275,train
1276,train
1277,train
1278,train
1279,train
1280,train
1281,val
1282,train
1283,train
1284,train
1285,val
1286,train
1287,train
1288,train
1289,train
1290,train
1291,train
1292,train
1293,train
1294,train
1295,train
1296,train
1297,train
1298,train
1299,train
1300,train
1301,train
1302,train
1303,train
1304,train
1305,train
1306,train
1307,train
1308,val
1309,train
1310,train
1311,train
1312,train
1313,train
1314,train
1315,train
1316,val
1317,val
1318,val
1319,train
1320,train
1321,train
1322,train
1323,val
1324,train
1325,train
1326,train
1327,train
1328,train
1329,train
1330,test
1331,test
1332,train
1333,train
1334,train
1335,train
1336,train
1337,train
1338,train
1339,train
1340,train
1341,train
1342,test
1343,test
1344,train
1345,train
1346,train
1347,train
1348,train
1349,train
1350,train
1351,val
1352,train
1353,train
1354,train
1355,train
1356,train
1357,test
1358,train
1359,val
1360,train
1361,train
1362,train
1363,train
1364,train
1365,train
1366,train
1367,train
1368,train
1369,train
1370,train
1371,test
1372,train
1373,train
1374,train
1375,train
1376,train
1377,test
1378,train
1379,train
1380,train
1381,train
1382,train
1383,train
1384,train
1385,train
1386,train
1387,train
1388,train
1389,train
1390,train
1391,train
1392,train
1393,test
1394,train
1395,val
1396,train
1397,val
1398,train
1399,train
1400,train
1401,train
1402,val
1403,train
1404,test
1405,test
1406,train
1407,train
1408,test
1409,val
1410,val
1411,train
1412,train
1413,train
1414,test
1415,test
1416,train
1417,train
1418,train
1419,train
1420,train
1421,test
1422,train
1423,train
1424,train
1425,train
1426,val
1427,val
1428,train
1429,train
1430,test
1431,train
1432,val
1433,train
1434,train
1435,train
1436,train
1437,train
1438,train
1439,train
1440,train
1441,val
1442,train
1443,train
1444,train
1445,train
1446,train
1447,train
1448,train
1449,val
1450,train
1451,train
1452,train
1453,test
1454,train
1455,train
1456,train
1457,train
1458,val
1459,train
1460,val
1461,train
1462,train
1463,train
1464,test
1465,test
1466,train
1467,train
1468,train
1469,train
1470,train
1471,train
1472,train
1473,train
1474,train
1475,train
1476,val
1477,train
1478,train
1479,train
1480,train
1481,train
1482,val
1483,train
1484,train
1485,train
1486,train
1487,val
1488,train
1489,train
1490,train
1491,val
1492,test
1493,train
1494,train
1495,train
1496,train
1497,val
1498,train
1499,train
1500,train
1501,train
1502,train
1503,train
1504,train
1505,train
1506,val
1507,test
1508,train
1509,train
1510,test
1511,train
1512,train
1513,test
1514,train
1515,train
1516,test
1517,train
1518,train
1519,test
1520,test
1521,train
1522,test
1523,val
1524,train
1525,train
1526,train
1527,train
1528,train
1529,train
1530,train
1531,train
1532,val
1533,test
1534,val
1535,val
1536,train
1537,train
1538,train
1539,train
1540,train
1541,test
1542,train
1543,train
1544,train
1545,train
1546,train
1547,train
1548,train
1549,train
1550,train
1551,train
1552,test
1553,train
1554,train
1555,train
1556,train
1557,train
1558,train
1559,train
1560,test
1561,train
1562,train
1563,train
1564,train
1565,train
1566,train
1567,train
1568,train
1569,train
1570,train
1571,train
1572,train
1573,val
1574,train
1575,train
1576,train
1577,train
1578,test
1579,train
1580,train
1581,test
1582,train
1583,train
1584,train
1585,train
1586,train
1587,train
1588,train
1589,test
1590,train
1591,train
1592,train
1593,train
1594,train
1595,train
1596,train
1597,test
1598,test
1599,train
1600,train
1601,test
1602,train
1603,train
1604,train
1605,train
1606,val
1607,test
1608,train
1609,test
1610,train
1611,train
1612,train
1613,train
1614,train
1615,train
1616,train
1617,train
1618,train
1619,train
1620,train
1621,train
1622,train
1623,train
1624,train
1625,train
1626,train
1627,train
1628,test
1629,train
1630,train
1631,train
1632,train
1633,train
1634,train
1635,train
1636,train
1637,train
1638,val
1639,train
1640,train
1641,train
1642,train
1643,val
1644,train
1645,train
1646,train
1647,train
1648,test
1649,train
1650,train
1651,train
1652,test
1653,train
1654,train
1655,val
1656,train
1657,train
1658,train
1659,train
1660,train
1661,train
1662,train
1663,test
1664,train
1665,train
1666,train
1667,train
1668,train
1669,train
1670,val
1671,train
1672,train
1673,train
1674,train
1675,train
1676,train
1677,train
1678,val
1679,val
1680,train
1681,train
1682,train
1683,test
1684,train
1685,val
1686,train
1687,val
1688,train
1689,train
1690,val
1691,train
1692,test
1693,train
1694,train
1695,train
1696,val
1697,train
1698,train
1699,train
1700,train
1701,train
1702,train
1703,train
1704,val
1705,train
1706,train
1707,test
1708,train
1709,train
1710,val
1711,test
1712,train
1713,train
1714,train
1715,train
1716,train
1717,train
1718,train
1719,train
1720,train
1721,train
1722,train
1723,test
1724,train
1725,test
1726,train
1727,test
1728,train
1729,train
1730,train
1731,train
1732,val
1733,train
1734,test
1735,train
1736,val
1737,train
1738,train
1739,train
1740,train
1741,train
1742,train
1743,val
1744,val
1745,train
1746,train
1747,train
1748,train
1749,train
1750,train
1751,train
1752,train
1753,train
1754,train
1755,train
1756,train
1757,train
1758,train
1759,train
1760,train
1761,train
1762,train
1763,train
1764,train
1765,train
1766,train
1767,train
1768,train
1769,train
1770,test
1771,train
1772,train
1773,train
1774,train
1775,train
1776,train
1777,train
1778,train
1779,val
1780,train
1781,train
1782,train
1783,test
1784,train
1785,train
1786,train
1787,train
1788,train
1789,train
1790,train
1791,train
1792,test
1793,train
1794,train
1795,train
1796,train
1797,val
1798,train
1799,train
1800,train
1801,train
1802,train
1803,train
1804,train
1805,train
1806,train
1807,train
1808,train
1809,train
1810,train
1811,train
1812,train
1813,train
1814,train
1815,train
1816,train
1817,train
1818,train
1819,val
1820,train
1821,test
1822,test
1823,val
1824,train
1825,train
1826,train
1827,train
1828,train
1829,val
1830,train
1831,train
1832,val
1833,test
1834,train
1835,train
1836,train
1837,train
1838,train
1839,train
1840,train
1841,train
1842,train
1843,val
1844,train
1845,train
1846,train
1847,train
1848,test
1849,train
1850,train
1851,train
1852,train
1853,train
1854,train
1855,train
1856,test
1857,train
1858,train
1859,train
1860,train
1861,val
1862,train
1863,train
1864,train
1865,train
1866,train
1867,train
1868,test
1869,train
1870,train
1871,train
1872,train
1873,train
1874,train
1875,test
1876,train
1877,val
1878,train
1879,train
1880,train
1881,test
1882,train
1883,val
1884,train
1885,train
1886,train
1887,train
1888,train
1889,train
1890,train
1891,test
1892,train
1893,train
1894,train
1895,train
1896,train
1897,train
1898,test
1899,train
1900,test
1901,train
1902,val
1903,train
1904,train
1905,train
1906,test
1907,train
1908,train
1909,test
1910,train
1911,train
1912,train
1913,train
1914,train
1915,train
1916,train
1917,train
1918,train
1919,test
1920,train
1921,train
1922,train
1923,test
1924,train
1925,train
1926,train
1927,train
1928,test
1929,train
1930,train
1931,train
1932,train
1933,train
1934,val
1935,train
1936,train
1937,train
1938,train
1939,train
1940,test
1941,train
1942,val
1943,train
1944,train
1945,train
1946,train
1947,train
1948,test
1949,test
1950,train
1951,train
1952,val
1953,val
1954,train
1955,train
1956,train
1957,test
1958,train
1959,train
1960,train
1961,train
1962,train
1963,test
1964,val
1965,train
1966,train
1967,train
1968,train
1969,val
1970,train
1971,train
1972,train
1973,train
1974,train
1975,train
1976,train
1977,train
1978,train
1979,train
1980,train
1981,test
1982,train
1983,train
1984,train
1985,train
1986,train
1987,train
1988,train
1989,train
1990,train
1991,train
1992,val
1993,train
1994,train
1995,train
1996,train
1997,train
1998,train
1999,train
2000,val
2001,train
2002,train
2003,val
2004,train
2005,val
2006,train
2007,train
2008,val
2009,train
2010,train
2011,train
2012,train
2013,train
2014,train
2015,train
2016,test
2017,train
2018,train
2019,train
2020,train
2021,train
2022,train
2023,train
2024,val
2025,test
2026,train
2027,train
2028,train
2029,train
2030,train
2031,train
2032,train
2033,val
2034,train
2035,train
2036,train
2037,train
2038,train
2039,test
2040,test
2041,train
2042,train
2043,train
2044,train
2045,train
2046,train
2047,val
2048,train
2049,train
2050,train
2051,train
2052,test
2053,test
2054,train
2055,train
2056,train
2057,train
2058,train
2059,train
2060,train
2061,train
2062,train
2063,train
2064,train
2065,train
2066,train
2067,train
2068,train
2069,train
2070,train
2071,val
2072,test
2073,train
2074,train
2075,train
2076,val
2077,train
2078,train
2079,train
2080,train
2081,val
2082,train
2083,train
2084,train
2085,train
2086,train
2087,train
2088,train
2089,test
2090,train
2091,test
2092,test
2093,val
2094,val
2095,val
2096,train
2097,train
2098,train
2099,train
2100,train
2101,train
2102,train
2103,train
2104,train
2105,train
2106,train
2107,train
2108,train
2109,val
2110,train
2111,train
2112,train
2113,train
2114,train
2115,train
2116,train
2117,train
2118,train
2119,train
2120,val
2121,test
2122,train
2123,val
2124,train
2125,train
2126,train
2127,train
2128,train
2129,train
2130,train
2131,train
2132,test
2133,train
2134,train
2135,train
2136,val
2137,train
2138,train
2139,test
2140,train
2141,train
2142,train
2143,train
2144,train
2145,train
2146,test
2147,train
2148,train
2149,train
2150,train
2151,train
2152,train
2153,train
2154,train
2155,train
2156,train
2157,train
2158,train
2159,test
2160,val
2161,train
2162,train
2163,train
2164,train
2165,train
2166,train
2167,train
2168,train
2169,train
2170,train
2171,train
2172,train
2173,train
2174,val
2175,train
2176,train
2177,train
2178,train
2179,train
2180,train
2181,train
2182,train
2183,train
2184,test
2185,train
2186,train
2187,train
2188,train
2189,test
2190,train
2191,val
2192,train
2193,train
2194,train
2195,train
2196,train
2197,train
2198,test
2199,train
2200,val
2201,val
2202,train
2203,train
2204,train
2205,test
2206,train
2207,train
2208,train
2209,train
2210,train
2211,train
2212,train
2213,train
2214,train
2215,val
2216,train
2217,train
2218,train
2219,train
2220,train
2221,train
2222,train
2223,train
2224,train
2225,train
2226,train
2227,train
2228,train
2229,train
2230,train
2231,test
2232,train
2233,train
2234,train
2235,train
2236,train
2237,train
2238,train
2239,train
2240,train
2241,train
2242,train
2243,train
2244,train
2245,train
2246,train
2247,train
2248,val
2249,train
2250,train
2251,train
2252,train
2253,test
2254,train
2255,train
2256,train
2257,train
2258,test
2259,test
2260,train
2261,train
2262,train
2263,train
2264,val
2265,train
2266,test
2267,train
2268,train
2269,train
2270,train
2271,val
2272,train
2273,train
2274,train
2275,train
2276,test
2277,train
2278,train
2279,train
2280,train
2281,test
2282,test
2283,train
2284,test
2285,train
2286,train
2287,test
2288,train
2289,train
2290,train
2291,train
2292,train
2293,train
2294,train
2295,train
2296,test
2297,test
2298,train
2299,train
2300,train
2301,train
2302,test
2303,train
2304,train
2305,train
2306,train
2307,train
2308,train
2309,train
2310,val
2311,val
2312,train
2313,val
2314,train
2315,test
2316,train
2317,train
2318,val
2319,train
2320,train
2321,train
2322,train
2323,train
2324,train
2325,train
2326,test
2327,train
2328,train
2329,train
2330,train
2331,train
2332,train
2333,val
2334,test
2335,train
2336,train
2337,train
2338,train
2339,val
2340,test
2341,train
2342,test
2343,train
2344,train
2345,train
2346,train
2347,train
2348,train
2349,train
2350,train
2351,test
2352,train
2353,train
2354,train
2355,train
2356,train
2357,train
2358,val
2359,train
2360,val
2361,train
2362,train
2363,train
2364,train
2365,train
2366,val
2367,train
2368,val
2369,val
2370,train
2371,train
2372,train
2373,train
2374,train
2375,train
2376,train
2377,train
2378,train
2379,train
2380,train
2381,train
2382,train
2383,test
2384,train
2385,train
2386,val
2387,train
2388,train
2389,train
2390,train
2391,test
2392,train
2393,train
2394,train
2395,train
2396,train
2397,val
2398,train
2399,train
2400,train
2401,train
2402,val
2403,train
2404,train
2405,train
2406,train
2407,train
2408,train
2409,train
2410,train
2411,train
2412,train
2413,train
2414,train
2415,train
2416,train
2417,train
2418,train
2419,train
2420,train
2421,train
2422,train
2423,train
2424,train
2425,train
2426,train
2427,val
2428,train
2429,train
2430,train
2431,train
2432,train
2433,val
2434,train
2435,train
2436,train
2437,train
2438,train
2439,train
2440,test
2441,val
2442,train
2443,train
2444,train
2445,train
2446,train
2447,train
2448,train
2449,train
2450,train
2451,test
2452,val
2453,train
2454,train
2455,train
2456,train
2457,train
2458,train
2459,train
2460,train
2461,train
2462,test
2463,val
2464,train
2465,train
2466,test
2467,train
2468,train
2469,train
2470,train
2471,test
2472,train
2473,train
2474,test
2475,train
2476,test
2477,train
2478,train
2479,val
2480,train
2481,test
2482,train
2483,train
2484,val
2485,train
2486,train
2487,train
2488,train
2489,val
2490,val
2491,train
2492,train
2493,val
2494,train
2495,train
2496,val
2497,val
2498,train
2499,train
2500,train
2501,train
2502,train
2503,test
2504,train
2505,train
2506,train
2507,val
2508,train
2509,train
2510,train
2511,train
2512,train
2513,train
2514,train
2515,train
2516,test
2517,train
2518,train
2519,train
2520,train
2521,val
2522,train
2523,train
2524,train
2525,train
2526,train
2527,train
2528,train
2529,train
2530,train
2531,train
2532,train
2533,val
2534,train
2535,train
2536,val
2537,train
2538,train
2539,val
2540,train
2541,train
2542,train
2543,val
2544,test
2545,train
2546,train
2547,train
2548,train
2549,train
2550,val
2551,val
2552,train
2553,train
2554,train
2555,train
2556,test
2557,test
2558,train
2559,train
2560,train
2561,train
2562,train
2563,val
2564,train
2565,val
2566,train
2567,train
2568,train
2569,train
2570,val
2571,train
2572,train
2573,val
2574,train
2575,train
2576,train
2577,train
2578,train
2579,train
2580,train
2581,train
2582,train
2583,train
2584,train
2585,train
2586,train
2587,train
2588,val
2589,train
2590,val
2591,train
2592,train
2593,train
2594,train
2595,test
2596,train
2597,val
2598,train
2599,val
2600,test
2601,train
2602,train
2603,val
2604,train
2605,train
2606,val
2607,train
2608,train
2609,val
2610,train
2611,train
2612,train
2613,val
2614,train
2615,val
2616,train
2617,test
2618,test
2619,train
2620,train
2621,train
2622,train
2623,val
2624,val
2625,train
2626,train
2627,train
2628,val
2629,train
2630,train
2631,val
2632,train
2633,val
2634,train
2635,train
2636,test
2637,train
2638,train
2639,val
2640,train
2641,train
2642,train
2643,test
2644,train
2645,train
2646,train
2647,train
2648,train
2649,train
2650,train
2651,train
2652,train
2653,val
2654,train
2655,train
2656,train
2657,train
2658,train
2659,train
2660,train
2661,train
2662,train
2663,train
2664,train
2665,train
2666,test
2667,val
2668,train
2669,train
2670,train
2671,train
2672,train
2673,train
2674,val
2675,train
2676,val
2677,train
2678,train
2679,val
2680,val
2681,val
2682,train
2683,test
2684,train
2685,train
2686,train
2687,test
2688,train
2689,train
2690,train
2691,train
2692,train
2693,train
2694,train
2695,train
2696,train
2697,train
2698,train
2699,train
2700,train
2701,train
2702,train
2703,train
2704,test
2705,train
2706,train
2707,test
2708,train
2709,train
2710,test
2711,train
2712,train
2713,test
2714,train
2715,val
2716,train
2717,train
2718,train
2719,train
2720,train
2721,test
2722,train
2723,test
2724,train
2725,train
2726,val
2727,train
2728,train
2729,test
2730,val
2731,train
2732,train
2733,train
2734,test
2735,train
2736,train
2737,train
2738,train
2739,val
2740,test
2741,test
2742,train
2743,train
2744,train
2745,train
2746,train
2747,train
2748,test
2749,train
2750,train
2751,train
2752,train
2753,train
2754,train
2755,val
2756,train
2757,train
2758,val
2759,train
2760,train
2761,train
2762,train
2763,train
2764,train
2765,train
2766,train
2767,train
2768,train
2769,train
2770,train
2771,train
2772,train
2773,test
2774,train
2775,test
2776,train
2777,train
2778,train
2779,train
2780,train
2781,train
2782,train
2783,train
2784,train
2785,train
2786,train
2787,train
2788,train
2789,train
2790,train
2791,train
2792,test
2793,val
2794,train
2795,train
2796,train
2797,test
2798,train
2799,train
2800,train
2801,train
2802,train
2803,train
2804,val
2805,train
2806,train
2807,train
2808,train
2809,train
2810,train
2811,val
2812,train
2813,train
2814,test
2815,train
2816,train
2817,train
2818,train
2819,train
2820,train
2821,train
2822,train
2823,train
2824,train
2825,train
2826,train
2827,train
2828,train
2829,test
2830,train
2831,test
2832,train
2833,train
2834,train
2835,test
2836,train
2837,train
2838,train
2839,test
2840,train
2841,test
2842,train
2843,train
2844,train
2845,test
2846,val
2847,train
2848,train
2849,val
2850,train
2851,train
2852,train
2853,train
2854,train
2855,train
2856,train
2857,val
2858,val
2859,train
2860,val
2861,test
2862,train
2863,train
2864,val
2865,train
2866,val
2867,train
2868,train
2869,train
2870,train
2871,train
2872,train
2873,train
2874,train
2875,val
2876,train
2877,val
2878,train
2879,val
2880,train
2881,train
2882,train
2883,train
2884,test
2885,val
2886,val
2887,test
2888,train
2889,train
2890,train
2891,train
2892,train
2893,train
2894,train
2895,train
2896,train
2897,test
2898,train
2899,val
2900,train
2901,train
2902,train
2903,train
2904,train
2905,train
2906,train
2907,train
2908,train
2909,test
2910,train
2911,train
2912,val
2913,train
2914,train
2915,train
2916,train
2917,train
2918,train
2919,train
2920,train
2921,train
2922,val
2923,train
2924,train
2925,train
2926,train
2927,test
2928,train
2929,train
2930,train
2931,train
2932,train
2933,test
2934,train
2935,train
2936,train
2937,train
2938,train
2939,train
2940,train
2941,train
2942,test
2943,test
2944,train
2945,train
2946,train
2947,test
2948,train
2949,train
2950,train
2951,train
2952,test
2953,test
2954,train
2955,train
2956,train
2957,train
2958,train
2959,test
2960,train
2961,train
2962,train
2963,train
2964,test
2965,val
2966,train
2967,train
2968,test
2969,val
2970,val
2971,train
2972,train
2973,train
2974,train
2975,train
2976,train
2977,train
2978,train
2979,train
2980,train
2981,train
2982,train
2983,train
2984,train
2985,train
2986,train
2987,train
2988,train
2989,test
2990,train
2991,train
2992,train
2993,train
2994,train
2995,train
2996,test
2997,train
2998,train
2999,train
3000,train
3001,val
3002,train
3003,val
3004,test
3005,train
3006,train
3007,train
3008,train
3009,train
3010,train
3011,train
3012,train
3013,train
3014,train
3015,train
3016,val
3017,train
3018,train
3019,train
3020,train
3021,test
3022,test
3023,train
3024,train
3025,train
3026,train
3027,train
3028,train
3029,train
3030,train
3031,train
3032,train
3033,train
3034,train
3035,val
3036,train
3037,train
3038,train
3039,train
3040,train
3041,test
3042,train
3043,train
3044,train
3045,test
3046,train
3047,train
3048,train
3049,train
3050,train
3051,train
3052,train
3053,train
3054,test
3055,train
3056,train
3057,train
3058,train
3059,train
3060,train
3061,train
3062,train
3063,train
3064,train
3065,train
3066,train
3067,train
3068,train
3069,train
3070,train
3071,train
3072,train
3073,train
3074,train
3075,train
3076,train
3077,train
3078,train
3079,train
3080,train
3081,train
3082,test
3083,train
3084,train
3085,train
3086,train
3087,train
3088,train
3089,train
3090,val
3091,val
3092,train
3093,test
3094,train
3095,val
3096,train
3097,train
3098,train
3099,train
3100,train
3101,train
3102,train
3103,train
3104,val
3105,train
3106,train
3107,train
3108,train
3109,train
3110,train
3111,train
3112,train
3113,train
3114,train
3115,train
3116,val
3117,train
3118,train
3119,train
3120,train
3121,train
3122,val
3123,train
3124,train
3125,train
3126,train
3127,train
3128,test
3129,train
3130,train
3131,train
3132,train
3133,train
3134,train
3135,val
3136,train
3137,train
3138,train
3139,train
3140,train
3141,train
3142,train
3143,train
3144,train
3145,train
3146,train
3147,train
3148,train
3149,test
3150,train
3151,val
3152,train
3153,val
3154,train
3155,train
3156,train
3157,train
3158,test
3159,train
3160,val
3161,train
3162,train
3163,train
3164,test
3165,train
3166,train
3167,train
3168,train
3169,train
3170,val
3171,train
3172,train
3173,train
3174,train
3175,val
3176,train
3177,train
3178,train
3179,val
3180,train
3181,test
3182,train
3183,val
3184,test
3185,train
3186,train
3187,train
3188,train
3189,train
3190,train
3191,train
3192,train
3193,train
3194,val
3195,test
3196,train
3197,train
3198,train
3199,train
3200,train
3201,train
3202,train
3203,train
3204,train
3205,train
3206,train
3207,train
3208,train
3209,train
3210,train
3211,train
3212,train
3213,val
3214,train
3215,train
3216,train
3217,train
3218,train
3219,train
3220,test
3221,train
3222,test
3223,test
3224,train
3225,train
3226,train
3227,train
3228,train
3229,train
3230,val
3231,train
3232,train
3233,train
3234,train
3235,val
3236,val
3237,train
3238,test
3239,train
3240,train
3241,train
3242,train
3243,train
3244,test
3245,train
3246,train
3247,val
3248,train
3249,train
3250,train
3251,train
3252,test
3253,train
3254,train
3255,train
3256,train
3257,train
3258,test
3259,train
3260,train
3261,train
3262,train
3263,train
3264,train
3265,train
3266,train
3267,train
3268,train
3269,train
3270,val
3271,train
3272,test
3273,train
3274,train
3275,test
3276,train
3277,train
3278,test
3279,train
3280,train
3281,test
3282,train
3283,train
3284,train
3285,train
3286,train
3287,train
3288,train
3289,train
3290,val
3291,train
3292,train
3293,train
3294,train
3295,val
3296,val
3297,train
3298,test
3299,train
3300,train
3301,train
3302,train
3303,train
3304,train
3305,train
3306,val
3307,train
3308,train
3309,train
3310,train
3311,train
3312,train
3313,train
3314,train
3315,train
3316,train
3317,train
3318,train
3319,train
3320,train
3321,val
3322,train
3323,train
3324,test
3325,train
3326,train
3327,train
3328,train
3329,train
3330,train
3331,test
3332,train
3333,val
3334,train
3335,train
3336,train
3337,train
3338,train
3339,train
3340,train
3341,train
3342,train
3343,train
3344,train
3345,train
3346,train
3347,train
3348,val
3349,val
3350,test
3351,val
3352,train
3353,test
3354,train
3355,train
3356,train
3357,train
3358,train
3359,train
3360,train
3361,train
3362,train
3363,train
3364,train
3365,val
3366,train
3367,train
3368,train
3369,train
3370,train
3371,train
3372,train
3373,test
3374,train
3375,train
3376,train
3377,train
3378,test
3379,train
3380,train
3381,test
3382,train
3383,train
3384,train
3385,test
3386,train
3387,train
3388,train
3389,test
3390,val
3391,test
3392,train
3393,train
3394,train
3395,train
3396,train
3397,val
3398,train
3399,train
3400,train
3401,val
3402,train
3403,train
3404,test
3405,train
3406,train
3407,train
3408,train
3409,train
3410,train
3411,train
3412,val
3413,test
3414,train
3415,val
3416,train
3417,test
3418,test
3419,train
3420,train
3421,train
3422,train
3423,train
3424,train
3425,train
3426,train
3427,val
3428,train
3429,test
3430,train
3431,train
3432,train
3433,train
3434,train
3435,train
3436,val
3437,train
3438,train
3439,train
3440,train
3441,train
3442,test
3443,train
3444,train
3445,train
3446,train
3447,train
3448,train
3449,val
3450,train
3451,test
3452,train
3453,train
3454,test
3455,train
3456,train
3457,train
3458,train
3459,val
3460,train
3461,test
3462,train
3463,train
3464,train
3465,val
3466,train
3467,train
3468,train
3469,train
3470,train
3471,train
3472,train
3473,train
3474,train
3475,train
3476,train
3477,train
3478,val
3479,val
3480,train
3481,train
3482,train
3483,train
3484,train
3485,train
3486,train
3487,train
3488,train
3489,val
3490,test
3491,test
3492,test
3493,test
3494,train
3495,train
3496,train
3497,train
3498,train
3499,val
3500,train
3501,train
3502,test
3503,train
3504,test
3505,train
3506,train
3507,train
3508,train
3509,train
3510,train
3511,train
3512,train
3513,train
3514,train
3515,train
3516,train
3517,train
3518,train
3519,train
3520,train
3521,train
3522,test
3523,train
3524,train
3525,train
3526,train
3527,train
3528,val
3529,train
3530,test
3531,train
3532,train
3533,train
3534,train
3535,train
3536,train
3537,train
3538,train
3539,train
3540,train
3541,test
3542,train
3543,train
3544,val
3545,train
3546,train
3547,train
3548,train
3549,train
3550,train
3551,train
3552,train
3553,train
3554,train
3555,train
3556,val
3557,train
3558,test
3559,train
3560,train
3561,train
3562,test
3563,train
3564,train
3565,train
3566,train
3567,train
3568,train
3569,test
3570,val
3571,train
3572,train
3573,val
3574,train
3575,train
3576,train
3577,train
3578,train
3579,train
3580,test
3581,test
3582,train
3583,train
3584,val
3585,train
3586,train
3587,val
3588,val
3589,train
3590,train
3591,train
3592,test
3593,train
3594,train
3595,val
3596,train
3597,train
3598,train
3599,train
3600,train
3601,train
3602,train
3603,train
3604,train
3605,train
3606,train
3607,train
3608,train
3609,train
3610,train
3611,train
3612,train
3613,train
3614,test
3615,train
3616,train
3617,train
3618,train
3619,train
3620,train
3621,train
3622,train
3623,train
3624,train
3625,train
3626,train
3627,train
3628,train
3629,train
3630,val
3631,train
3632,train
3633,train
3634,train
3635,train
3636,train
3637,val
3638,train
3639,train
3640,train
3641,train
3642,test
3643,train
3644,train
3645,train
3646,train
3647,train
3648,train
3649,train
3650,train
3651,train
3652,train
3653,train
3654,train
3655,train
3656,train
3657,train
3658,val
3659,train
3660,train
3661,train
3662,train
3663,train
3664,val
3665,train
3666,train
3667,train
3668,train
3669,train
3670,train
3671,train
3672,train
3673,train
3674,train
3675,train
3676,train
3677,train
3678,val
3679,test
3680,train
3681,test
3682,train
3683,train
3684,train
3685,train
3686,val
3687,train
3688,train
3689,train
3690,test
3691,train
3692,train
3693,train
3694,train
3695,train
3696,train
3697,train
3698,val
3699,val
3700,val
3701,test
3702,train
3703,train
3704,train
3705,train
3706,train
3707,train
3708,train
3709,train
3710,train
3711,train
3712,test
3713,train
3714,test
3715,train
3716,train
3717,train
3718,train
3719,train
3720,train
3721,train
3722,train
3723,train
3724,train
3725,train
3726,train
3727,train
3728,train
3729,train
3730,train
3731,train
3732,val
3733,train
3734,train
3735,train
3736,train
3737,train
3738,test
3739,train
3740,train
3741,train
3742,train
3743,train
3744,train
3745,train
3746,train
3747,test
3748,train
3749,test
3750,test
3751,train
3752,train
3753,train
3754,val
3755,train
3756,train
3757,train
3758,train
3759,test
3760,train
3761,train
3762,train
3763,train
3764,train
3765,train
3766,train
3767,train
3768,train
3769,train
3770,train
3771,test
3772,train
3773,train
3774,train
3775,train
3776,val
3777,train
3778,test
3779,train
3780,train
3781,test
3782,train
3783,train
3784,test
3785,train
3786,val
3787,train
3788,train
3789,train
3790,train
3791,train
3792,train
3793,train
3794,val
3795,test
3796,train
3797,train
3798,train
3799,test
3800,train
3801,train
3802,train
3803,train
3804,train
3805,train
3806,train
3807,val
3808,val
3809,train
3810,val
3811,train
3812,train
3813,train
3814,train
3815,train
3816,train
3817,train
3818,val
3819,train
3820,test
3821,train
3822,train
3823,train
3824,train
3825,train
3826,val
3827,train
3828,train
3829,train
3830,test
3831,train
3832,train
3833,train
3834,train
3835,val
3836,train
3837,train
3838,train
3839,train
3840,train
3841,train
3842,train
3843,test
3844,train
3845,test
3846,train
3847,train
3848,train
3849,train
3850,train
3851,train
3852,val
3853,train
3854,train
3855,val
3856,train
3857,train
3858,train
3859,train
3860,train
3861,train
3862,test
3863,train
3864,train
3865,train
3866,train
3867,train
3868,train
3869,train
3870,train
3871,train
3872,train
3873,train
3874,train
3875,train
3876,train
3877,train
3878,train
3879,train
3880,train
3881,train
3882,val
3883,train
3884,train
3885,test
3886,train
3887,train
3888,train
3889,train
3890,train
3891,train
3892,train
3893,train
3894,test
3895,test
3896,train
3897,train
3898,train
3899,train
3900,train
3901,train
3902,train
3903,test
3904,train
3905,train
3906,train
3907,train
3908,train
3909,train
3910,train
3911,train
3912,test
3913,test
3914,train
3915,train
3916,val
3917,train
3918,train
3919,train
3920,train
3921,train
3922,train
3923,train
3924,train
3925,train
3926,train
3927,train
3928,train
3929,train
3930,train
3931,train
3932,val
3933,val
3934,train
3935,train
3936,train
3937,train
3938,train
3939,train
3940,train
3941,train
3942,train
3943,train
3944,train
3945,train
3946,train
3947,train
3948,train
3949,test
3950,train
3951,val
3952,train
3953,val
3954,train
3955,val
3956,train
3957,train
3958,train
3959,train
3960,train
3961,test
3962,train
3963,train
3964,train
3965,train
3966,train
3967,train
3968,train
3969,train
3970,train
3971,train
3972,train
3973,train
3974,train
3975,train
3976,train
3977,val
3978,train
3979,train
3980,train
3981,train
3982,train
3983,train
3984,train
3985,train
3986,train
3987,train
3988,train
3989,train
3990,train
3991,train
3992,train
3993,train
3994,train
3995,train
3996,train
3997,train
3998,train
3999,train
4000,train
4001,train
4002,train
4003,train
4004,train
4005,train
4006,train
4007,train
4008,val
4009,val
4010,train
4011,train
4012,train
4013,train
4014,test
4015,train
4016,test
4017,train
4018,train
4019,train
4020,test
4021,train
4022,train
4023,train
4024,train
4025,train
4026,train
4027,train
4028,train
4029,train
4030,val
4031,val
4032,test
4033,val
4034,train
4035,train
4036,train
4037,train
4038,train
4039,train
4040,train
4041,train
4042,train
4043,train
4044,train
4045,train
4046,train
4047,train
4048,train
4049,train
4050,train
4051,train
4052,train
4053,train
4054,train
4055,val
4056,train
4057,train
4058,val
4059,test
4060,train
4061,train
4062,train
4063,train
4064,val
4065,train
4066,val
4067,train
4068,train
4069,train
4070,train
4071,train
4072,train
4073,train
4074,train
4075,train
4076,train
4077,train
4078,test
4079,train
4080,train
4081,train
4082,train
4083,train
4084,test
4085,train
4086,train
4087,train
4088,train
4089,train
4090,train
4091,val
4092,train
4093,train
4094,val
4095,train
4096,train
4097,train
4098,train
4099,train
4100,train
4101,train
4102,train
4103,train
4104,train
4105,train
4106,train
4107,train
4108,train
4109,train
4110,train
4111,train
4112,train
4113,test
4114,train
4115,val
4116,train
4117,val
4118,train
4119,val
4120,train
4121,train
4122,test
4123,train
4124,train
4125,test
4126,train
4127,train
4128,test
4129,train
4130,train
4131,train
4132,train
4133,train
4134,test
4135,train
4136,train
4137,train
4138,test
4139,train
4140,train
4141,train
4142,train
4143,val
4144,test
4145,train
4146,train
4147,train
4148,train
4149,train
4150,train
4151,test
4152,val
4153,train
4154,train
4155,train
4156,train
4157,train
4158,train
4159,test
4160,train
4161,train
4162,train
4163,test
4164,train
4165,train
4166,train
4167,train
4168,train
4169,train
4170,train
4171,train
4172,train
4173,train
4174,train
4175,test
4176,train
4177,train
4178,train
4179,train
4180,train
4181,train
4182,train
4183,train
4184,train
4185,train
4186,train
4187,val
4188,val
4189,train
4190,train
4191,val
4192,test
4193,train
4194,test
4195,val
4196,train
4197,train
4198,val
4199,train
4200,val
4201,train
4202,train
4203,train
4204,train
4205,val
4206,train
4207,train
4208,train
4209,train
4210,train
4211,train
4212,train
4213,train
4214,train
4215,train
4216,train
4217,train
4218,train
4219,train
4220,train
4221,train
4222,val
4223,train
4224,val
4225,train
4226,train
4227,train
4228,val
4229,train
4230,train
4231,test
4232,test
4233,test
4234,train
4235,test
4236,test
4237,train
4238,val
4239,train
4240,train
4241,train
4242,train
4243,train
4244,test
4245,val
4246,test
4247,val
4248,test
4249,train
4250,train
4251,train
4252,train
4253,train
4254,val
4255,train
4256,train
4257,test
4258,test
4259,train
4260,train
4261,val
4262,train
4263,train
4264,train
4265,train
4266,train
4267,val
4268,train
4269,train
4270,train
4271,train
4272,train
4273,train
4274,train
4275,train
4276,val
4277,train
4278,train
4279,train
4280,train
4281,train
4282,train
4283,train
4284,train
4285,train
4286,train
4287,train
4288,train
4289,train
4290,train
4291,train
4292,train
4293,train
4294,train
4295,train
4296,train
4297,val
4298,train
4299,train
4300,train
4301,train
4302,train
4303,train
4304,train
4305,train
4306,train
4307,test
4308,train
4309,val
4310,train
4311,train
4312,test
4313,val
4314,train
4315,train
4316,train
4317,test
4318,train
4319,train
4320,train
4321,train
4322,train
4323,train
4324,train
4325,train
4326,train
4327,train
4328,train
4329,train
4330,train
4331,train
4332,train
4333,train
4334,train
4335,train
4336,train
4337,train
4338,train
4339,train
4340,val
4341,train
4342,val
4343,test
4344,train
4345,train
4346,train
4347,train
4348,train
4349,train
4350,val
4351,train
4352,train
4353,train
4354,val
4355,test
4356,val
4357,train
4358,test
4359,train
4360,train
4361,train
4362,train
4363,train
4364,train
4365,test
4366,test
4367,test
4368,test
4369,train
4370,train
4371,train
4372,train
4373,train
4374,train
4375,train
4376,train
4377,train
4378,train
4379,train
4380,train
4381,train
4382,train
4383,train
4384,train
4385,test
4386,test
4387,train
4388,train
4389,test
4390,train
4391,train
4392,train
4393,train
4394,train
4395,train
4396,train
4397,train
4398,test
4399,train
4400,train
4401,test
4402,val
4403,train
4404,train
4405,train
4406,val
4407,train
4408,train
4409,train
4410,train
4411,train
4412,train
4413,train
4414,train
4415,train
4416,train
4417,val
4418,test
4419,train
4420,train
4421,train
4422,test
4423,train
4424,train
4425,train
4426,train
4427,train
4428,train
4429,train
4430,train
4431,train
4432,train
4433,train
4434,train
4435,train
4436,train
4437,train
4438,train
4439,train
4440,train
4441,train
4442,train
4443,train
4444,train
4445,train
4446,train
4447,val
4448,train
4449,train
4450,train
4451,train
4452,train
4453,train
4454,train
4455,train
4456,train
4457,val
4458,train
4459,train
4460,train
4461,train
4462,train
4463,train
4464,train
4465,train
4466,train
4467,train
4468,train
4469,train
4470,train
4471,train
4472,train
4473,train
4474,val
4475,train
4476,train
4477,train
4478,train
4479,train
4480,train
4481,val
4482,train
4483,train
4484,train
4485,train
4486,train
4487,test
4488,train
4489,train
4490,test
4491,val
4492,train
4493,train
4494,train
4495,train
4496,train
4497,train
4498,train
4499,train
4500,test
4501,train
4502,test
4503,val
4504,train
4505,train
4506,train
4507,train
4508,train
4509,train
4510,train
4511,train
4512,test
4513,train
4514,train
4515,train
4516,train
4517,train
4518,train
4519,train
4520,train
4521,train
4522,test
4523,train
4524,train
4525,train
4526,train
4527,train
4528,train
4529,train
4530,train
4531,train
4532,val
4533,val
4534,test
4535,train
4536,train
4537,val
4538,train
4539,test
4540,train
4541,train
4542,train
4543,train
4544,train
4545,test
4546,train
4547,train
4548,train
4549,train
4550,train
4551,train
4552,train
4553,train
4554,train
4555,val
4556,test
4557,train
4558,test
4559,train
4560,train
4561,train
4562,train
4563,train
4564,train
4565,train
4566,train
4567,train
4568,train
4569,val
4570,train
4571,train
4572,train
4573,train
4574,train
4575,train
4576,test
4577,val
4578,train
4579,train
4580,train
4581,train
4582,train
4583,test
4584,train
4585,train
4586,train
4587,train
4588,train
4589,train
4590,train
4591,val
4592,train
4593,val
4594,test
4595,train
4596,val
4597,train
4598,train
4599,test
4600,train
4601,train
4602,train
4603,train
4604,train
4605,val
4606,train
4607,train
4608,val
4609,train
4610,train
4611,train
4612,train
4613,val
4614,train
4615,train
4616,train
4617,train
4618,train
4619,train
4620,train
4621,train
4622,train
4623,train
4624,val
4625,train
4626,val
4627,train
4628,train
4629,train
4630,train
4631,train
4632,train
4633,train
4634,train
4635,train
4636,train
4637,train
4638,train
4639,train
4640,train
4641,test
4642,train
4643,train
4644,val
4645,train
4646,train
4647,train
4648,train
4649,val
4650,train
4651,train
4652,train
4653,train
4654,train
4655,val
4656,train
4657,train
4658,train
4659,train
4660,train
4661,train
4662,train
4663,train
4664,val
4665,train
4666,val
4667,train
4668,train
4669,train
4670,val
4671,train
4672,train
4673,train
4674,test
4675,val
4676,train
4677,train
4678,train
4679,train
4680,train
4681,train
4682,train
4683,train
4684,train
4685,train
4686,train
4687,test
4688,train
4689,train
4690,train
4691,train
4692,train
4693,train
4694,val
4695,train
4696,train
4697,train
4698,train
4699,train
4700,train
4701,train
4702,test
4703,train
4704,train
4705,train
4706,train
4707,train
4708,train
4709,train
4710,train
4711,train
4712,train
4713,train
4714,train
4715,train
4716,train
4717,test
4718,train
4719,train
4720,train
4721,train
4722,train
4723,val
4724,train
4725,test
4726,train
4727,train
4728,train
4729,train
4730,train
4731,val
4732,train
4733,train
4734,val
4735,val
4736,train
4737,train
4738,train
4739,train
4740,train
4741,train
4742,train
4743,train
4744,train
4745,train
4746,train
4747,train
4748,train
4749,test
4750,val
4751,train
4752,train
4753,test
4754,train
4755,train
4756,train
4757,test
4758,train
4759,train
4760,test
4761,train
4762,train
4763,train
4764,train
4765,train
4766,train
4767,test
4768,train
4769,train
4770,train
4771,train
4772,train
4773,train
4774,train
4775,train
4776,train
4777,train
4778,train
4779,train
4780,train
4781,test
4782,train
4783,train
4784,train
4785,train
4786,test
4787,train
4788,test
4789,train
4790,train
4791,train
4792,train
4793,train
4794,test
4795,train
4796,train
4797,train
4798,train
4799,train
4800,train
4801,train
4802,train
4803,train
4804,train
4805,train
4806,train
4807,train
4808,train
4809,val
4810,train
4811,train
4812,train
4813,train
4814,train
4815,train
4816,train
4817,train
4818,train
4819,train
4820,train
4821,train
4822,train
4823,train
4824,train
4825,train
4826,train
4827,train
4828,train
4829,train
4830,train
4831,train
4832,train
4833,train
4834,train
4835,val
4836,train
4837,train
4838,train
4839,test
4840,train
4841,train
4842,train
4843,train
4844,train
4845,train
4846,train
4847,train
4848,train
4849,train
4850,train
4851,val
4852,train
4853,test
4854,train
4855,train
4856,train
4857,train
4858,val
4859,train
4860,train
4861,train
4862,train
4863,train
4864,train
4865,train
4866,val
4867,train
4868,train
4869,train
4870,train
4871,train
4872,train
4873,train
4874,train
4875,train
4876,train
4877,train
4878,train
4879,train
4880,train
4881,test
4882,train
4883,train
4884,train
4885,train
4886,test
4887,train
4888,train
4889,train
4890,train
4891,train
4892,train
4893,train
4894,train
4895,train
4896,train
4897,train
4898,train
4899,train
4900,train
4901,val
4902,train
4903,test
4904,test
4905,test
4906,train
4907,train
4908,train
4909,val
4910,test
4911,train
4912,train
4913,test
4914,train
4915,train
4916,val
4917,train
4918,train
4919,val
4920,val
4921,train
4922,test
4923,train
4924,val
4925,train
4926,train
4927,test
4928,train
4929,train
4930,train
4931,train
4932,train
4933,train
4934,train
4935,train
4936,train
4937,test
4938,train
4939,train
4940,train
4941,train
4942,train
4943,train
4944,train
4945,train
4946,train
4947,val
4948,train
4949,train
4950,val
4951,test
4952,train
4953,train
4954,train
4955,val
4956,train
4957,test
4958,train
4959,train
4960,train
4961,train
4962,train
4963,train
4964,train
4965,test
4966,train
4967,val
4968,train
4969,train
4970,train
4971,train
4972,train
4973,train
4974,train
4975,train
4976,train
4977,train
4978,test
4979,train
4980,train
4981,train
4982,train
4983,train
4984,train
4985,test
4986,val
4987,train
4988,train
4989,train
4990,val
4991,train
4992,train
4993,train
4994,train
4995,train
4996,train
4997,train
4998,train
4999,train
5000,train
5001,train
5002,train
5003,val
5004,train
5005,train
5006,test
5007,train
5008,train
5009,train
5010,train
5011,train
5012,val
5013,train
5014,train
5015,train
5016,train
5017,train
5018,train
5019,train
5020,train
5021,train
5022,train
5023,train
5024,test
5025,train
5026,train
5027,train
5028,train
5029,train
5030,train
5031,train
5032,test
5033,val
5034,train
5035,test
5036,val
5037,train
5038,train
5039,test
5040,train
5041,test
5042,train
5043,train
5044,test
5045,train
5046,train
5047,test
5048,train
5049,train
5050,train
5051,test
5052,train
5053,train
5054,train
5055,train
5056,train
5057,val
5058,train
5059,test
5060,train
5061,test
5062,train
5063,train
5064,train
5065,train
5066,train
5067,train
5068,train
5069,train
5070,train
5071,train
5072,train
5073,train
5074,train
5075,val
5076,test
5077,train
5078,test
5079,train
5080,train
5081,train
5082,test
5083,train
5084,test
5085,train
5086,test
5087,val
5088,train
5089,train
5090,train
5091,train
5092,train
5093,train
5094,train
5095,train
5096,train
5097,train
5098,train
5099,train
5100,train
5101,train
5102,train
5103,test
5104,train
5105,train
5106,train
5107,train
5108,train
5109,val
5110,test
5111,train
5112,val
5113,val
5114,train
5115,train
5116,test
5117,val
5118,train
5119,train
5120,train
5121,val
5122,test
5123,train
5124,train
5125,train
5126,train
5127,train
5128,val
5129,train
5130,train
5131,train
5132,train
5133,test
5134,train
5135,train
5136,train
5137,test
5138,train
5139,train
5140,train
5141,train
5142,train
5143,train
5144,test
5145,train
5146,train
5147,val
5148,train
5149,train
5150,train
5151,train
5152,test
5153,train
5154,train
5155,train
5156,train
5157,test
5158,train
5159,train
5160,train
5161,train
5162,train
5163,train
5164,train
5165,train
5166,test
5167,train
5168,test
5169,train
5170,train
5171,train
5172,train
5173,val
5174,train
5175,test
5176,train
5177,train
5178,train
5179,train
5180,train
5181,train
5182,train
5183,train
5184,train
5185,train
5186,train
5187,train
5188,val
5189,train
5190,train
5191,train
5192,test
5193,train
5194,train
5195,test
5196,train
5197,train
5198,train
5199,train
5200,train
5201,test
5202,train
5203,val
5204,train
5205,train
5206,val
5207,train
5208,train
5209,train
5210,train
5211,test
5212,train
5213,train
5214,train
5215,train
5216,train
5217,train
5218,train
5219,train
5220,val
5221,val
5222,train
5223,train
5224,train
5225,train
5226,train
5227,val
5228,train
5229,train
5230,test
5231,val
5232,test
5233,test
5234,val
5235,train
5236,train
5237,train
5238,train
5239,test
5240,train
5241,train
5242,train
5243,test
5244,test
5245,train
5246,train
5247,train
5248,train
5249,train
5250,train
5251,train
5252,train
5253,train
5254,train
5255,train
5256,train
5257,test
5258,train
5259,train
5260,train
5261,train
5262,val
5263,train
5264,train
5265,train
5266,train
5267,train
5268,train
5269,train
5270,train
5271,train
5272,train
5273,test
5274,train
5275,train
5276,train
5277,train
5278,train
5279,train
5280,train
5281,test
5282,train
5283,train
5284,train
5285,train
5286,test
5287,train
5288,train
5289,test
5290,train
5291,train
5292,train
5293,train
5294,test
5295,train
5296,train
5297,train
5298,test
5299,train
5300,train
5301,val
5302,train
5303,train
5304,train
5305,train
5306,train
5307,train
5308,test
5309,train
5310,val
5311,train
5312,train
5313,train
5314,train
5315,train
5316,val
5317,train
5318,train
5319,train
5320,train
5321,test
5322,train
5323,train
5324,train
5325,train
5326,test
5327,train
5328,train
5329,train
5330,train
5331,train
5332,train
5333,train
5334,val
5335,train
5336,train
5337,train
5338,val
5339,train
5340,train
5341,test
5342,train
5343,train
5344,train
5345,train
5346,train
5347,train
5348,train
5349,val
5350,test
5351,train
5352,train
5353,train
5354,train
5355,train
5356,train
5357,val
5358,train
5359,train
5360,train
5361,train
5362,train
5363,train
5364,test
5365,train
5366,train
5367,train
5368,train
5369,val
5370,train
5371,train
5372,train
5373,train
5374,train
5375,train
5376,train
5377,train
5378,train
5379,train
5380,train
5381,train
5382,train
5383,train
5384,test
5385,train
5386,train
5387,train
5388,train
5389,train
5390,train
5391,train
5392,train
5393,train
5394,train
5395,train
5396,train
5397,train
5398,val
5399,train
5400,train
5401,train
5402,train
5403,train
5404,train
5405,train
5406,train
5407,val
5408,train
5409,train
5410,train
5411,train
5412,test
5413,val
5414,train
5415,train
5416,train
5417,val
5418,train
5419,train
5420,train
5421,train
5422,train
5423,train
5424,train
5425,train
5426,train
5427,train
5428,train
5429,train
5430,test
5431,train
5432,val
5433,train
5434,val
5435,train
5436,train
5437,train
5438,val
5439,train
5440,train
5441,train
5442,train
5443,train
5444,train
5445,val
5446,test
5447,train
5448,test
5449,train
5450,train
5451,train
5452,train
5453,train
5454,test
5455,train
5456,test
5457,val
5458,train
5459,train
5460,train
5461,train
5462,train
5463,train
5464,train
5465,train
5466,train
5467,train
5468,train
5469,train
5470,val
5471,train
5472,train
5473,val
5474,train
5475,train
5476,train
5477,train
5478,train
5479,train
5480,train
5481,train
5482,train
5483,train
5484,train
5485,val
5486,train
5487,train
5488,train
5489,train
5490,train
5491,train
5492,train
5493,train
5494,train
5495,train
5496,test
5497,train
5498,train
5499,train
5500,train
5501,train
5502,train
5503,train
5504,train
5505,train
5506,train
5507,test
5508,train
5509,train
5510,train
5511,train
5512,train
5513,train
5514,train
5515,train
5516,train
5517,test
5518,test
5519,val
5520,train
5521,train
5522,train
5523,train
5524,train
5525,train
5526,train
5527,train
5528,train
5529,train
5530,train
5531,train
5532,train
5533,train
5534,train
5535,train
5536,train
5537,train
5538,train
5539,train
5540,train
5541,train
5542,val
5543,train
5544,train
5545,test
5546,train
5547,val
5548,test
5549,val
5550,train
5551,train
5552,val
5553,train
5554,train
5555,train
5556,train
5557,test
5558,train
5559,train
5560,train
5561,val
5562,val
5563,train
5564,train
5565,train
5566,train
5567,train
5568,train
5569,train
5570,train
5571,val
5572,train
5573,train
5574,train
5575,train
5576,train
5577,train
5578,train
5579,train
5580,train
5581,train
5582,val
5583,train
5584,train
5585,train
5586,train
5587,test
5588,train
5589,train
5590,train
5591,train
5592,train
5593,train
5594,val
5595,val
5596,train
5597,train
5598,test
5599,val
5600,test
5601,train
5602,train
5603,train
5604,train
5605,train
5606,test
5607,train
5608,test
5609,train
5610,train
5611,train
5612,train
5613,train
5614,train
5615,test
5616,train
5617,train
5618,train
5619,val
5620,train
5621,train
5622,train
5623,train
5624,train
5625,train
5626,train
5627,train
5628,train
5629,val
5630,train
5631,train
5632,test
5633,train
5634,train
5635,train
5636,val
5637,train
5638,test
5639,train
5640,train
5641,val
5642,train
5643,train
5644,train
5645,train
5646,train
5647,train
5648,val
5649,train
5650,train
5651,train
5652,test
5653,test
5654,train
5655,train
5656,train
5657,train
5658,train
5659,train
5660,train
5661,train
5662,train
5663,train
5664,train
5665,train
5666,train
5667,train
5668,train
5669,train
5670,train
5671,train
5672,train
5673,train
5674,val
5675,train
5676,train
5677,test
5678,val
5679,train
5680,train
5681,train
5682,train
5683,train
5684,train
5685,train
5686,train
5687,train
5688,train
5689,val
5690,train
5691,test
5692,train
5693,test
5694,val
5695,test
5696,train
5697,train
5698,train
5699,train
5700,train
5701,train
5702,train
5703,train
5704,train
5705,train
5706,train
5707,train
5708,train
5709,train
5710,train
5711,train
5712,train
5713,train
5714,train
5715,train
5716,train
5717,test
5718,train
5719,train
5720,test
5721,val
5722,train
5723,train
5724,test
5725,train
5726,train
5727,train
5728,test
5729,train
5730,train
5731,train
5732,train
5733,train
5734,train
5735,train
5736,train
5737,train
5738,test
5739,train
5740,train
5741,train
5742,val
5743,train
5744,train
5745,train
5746,val
5747,train
5748,train
5749,train
5750,train
5751,train
5752,train
5753,train
5754,train
5755,train
5756,train
5757,test
5758,train
5759,train
5760,test
5761,train
5762,train
5763,train
5764,val
5765,train
5766,train
5767,train
5768,train
5769,val
5770,train
5771,train
5772,train
5773,test
5774,train
5775,train
5776,train
5777,train
5778,train
5779,train
5780,train
5781,train
5782,train
5783,train
5784,val
5785,val
5786,train
5787,train
5788,test
5789,train
5790,train
5791,train
5792,test
5793,train
5794,train
5795,train
5796,train
5797,train
5798,train
5799,train
5800,train
5801,train
5802,val
5803,train
5804,train
5805,val
5806,val
5807,train
5808,train
5809,train
5810,train
5811,train
5812,train
5813,test
5814,val
5815,train
5816,train
5817,train
5818,train
5819,train
5820,train
5821,train
5822,train
5823,train
5824,train
5825,train
5826,train
5827,train
5828,train
5829,train
5830,train
5831,train
5832,train
5833,train
5834,train
5835,train
5836,val
5837,train
5838,val
5839,train
5840,train
5841,train
5842,train
5843,train
5844,train
5845,train
5846,train
5847,val
5848,train
5849,train
5850,train
5851,train
5852,train
5853,train
5854,train
5855,train
5856,train
5857,train
5858,train
5859,train
5860,train
5861,train
5862,train
5863,train
5864,train
5865,val
5866,train
5867,test
5868,test
5869,train
5870,train
5871,val
5872,val
5873,train
5874,train
5875,train
5876,train
5877,train
5878,train
5879,train
5880,train
5881,test
5882,train
5883,train
5884,train
5885,train
5886,train
5887,test
5888,train
5889,train
5890,train
5891,train
5892,val
5893,train
5894,train
5895,test
5896,train
5897,val
5898,train
5899,train
5900,train
5901,train
5902,train
5903,train
5904,test
5905,train
5906,train
5907,train
5908,train
5909,train
5910,test
5911,train
5912,train
5913,test
5914,train
5915,test
5916,train
5917,val
5918,train
5919,train
5920,train
5921,train
5922,train
5923,train
5924,train
5925,train
5926,train
5927,train
5928,train
5929,train
5930,train
5931,train
5932,val
5933,train
5934,train
5935,train
5936,val
5937,train
5938,val
5939,train
5940,train
5941,train
5942,train
5943,train
5944,test
5945,train
5946,val
5947,test
5948,train
5949,train
5950,train
5951,train
5952,train
5953,train
5954,train
5955,val
5956,train
5957,test
5958,train
5959,train
5960,train
5961,train
5962,train
5963,val
5964,train
5965,train
5966,train
5967,train
5968,train
5969,train
5970,train
5971,val
5972,val
5973,test
5974,train
5975,train
5976,train
5977,test
5978,train
5979,train
5980,train
5981,train
5982,train
5983,train
5984,train
5985,train
5986,train
5987,train
5988,test
5989,train
5990,val
5991,test
5992,train
5993,val
5994,train
5995,test
5996,train
5997,train
5998,train
5999,train
6000,train
6001,train
6002,test
6003,train
6004,train
6005,train
6006,test
6007,train
6008,val
6009,train
6010,train
6011,train
6012,train
6013,train
6014,test
6015,train
6016,train
6017,train
6018,train
6019,train
6020,train
6021,train
6022,train
6023,test
6024,train
6025,val
6026,train
6027,train
6028,train
6029,val
6030,train
6031,train
6032,train
6033,train
6034,train
6035,train
6036,train
6037,train
6038,train
6039,train
6040,train
6041,val
6042,train
6043,train
6044,train
6045,val
6046,train
6047,train
6048,val
6049,train
6050,val
6051,train
6052,train
6053,train
6054,train
6055,train
6056,train
6057,train
6058,train
6059,train
6060,train
6061,train
6062,test
6063,test
6064,train
6065,train
6066,train
6067,train
6068,train
6069,train
6070,train
6071,train
6072,train
6073,train
6074,train
6075,train
6076,train
6077,train
6078,val
6079,train
6080,val
6081,train
6082,val
6083,train
6084,train
6085,train
6086,train
6087,train
6088,test
6089,train
6090,test
6091,train
6092,train
6093,train
6094,val
6095,test
6096,val
6097,test
6098,train
6099,train
6100,train
6101,train
6102,train
6103,train
6104,train
6105,test
6106,train
6107,train
6108,train
6109,train
6110,train
6111,train
6112,test
6113,train
6114,train
6115,test
6116,train
6117,train
6118,train
6119,val
6120,test
6121,train
6122,val
6123,val
6124,train
6125,train
6126,train
6127,train
6128,train
6129,train
6130,train
6131,test
6132,test
6133,train
6134,train
6135,test
6136,train
6137,train
6138,train
6139,train
6140,train
6141,train
6142,test
6143,train
6144,train
6145,train
6146,val
6147,train
6148,val
6149,train
6150,train
6151,train
6152,train
6153,train
6154,train
6155,train
6156,train
6157,train
6158,val
6159,train
6160,train
6161,train
6162,train
6163,train
6164,test
6165,train
6166,train
6167,train
6168,val
6169,train
6170,train
6171,test
6172,val
6173,train
6174,train
6175,test
6176,train
6177,val
6178,train
6179,train
6180,train
6181,train
6182,train
6183,test
6184,train
6185,train
6186,train
6187,train
6188,train
6189,train
6190,train
6191,train
6192,train
6193,train
6194,train
6195,train
6196,train
6197,test
6198,train
6199,train
6200,train
6201,train
6202,val
6203,test
6204,train
6205,test
6206,train
6207,train
6208,val
6209,train
6210,val
6211,train
6212,train
6213,train
6214,train
6215,train
6216,train
6217,train
6218,train
6219,train
6220,train
6221,test
6222,train
6223,train
6224,train
6225,val
6226,train
6227,train
6228,train
6229,train
6230,train
6231,train
6232,train
6233,train
6234,train
6235,test
6236,train
6237,val
6238,test
6239,train
6240,train
6241,train
6242,train
6243,train
6244,train
6245,train
6246,train
6247,train
6248,train
6249,train
6250,train
6251,train
6252,train
6253,train
6254,train
6255,test
6256,train
6257,train
6258,train
6259,train
6260,train
6261,train
6262,train
6263,train
6264,train
6265,train
6266,train
6267,val
6268,train
6269,train
6270,train
6271,train
6272,train
6273,train
6274,train
6275,train
6276,train
6277,train
6278,val
6279,train
6280,train
6281,train
6282,train
6283,train
6284,train
6285,train
6286,train
6287,train
6288,train
6289,test
6290,train
6291,train
6292,train
6293,train
6294,train
6295,train
6296,train
6297,train
6298,train
6299,train
6300,train
6301,train
6302,train
6303,train
6304,train
6305,train
6306,train
6307,val
6308,train
6309,train
6310,val
6311,train
6312,train
6313,train
6314,train
6315,train
6316,train
6317,train
6318,val
6319,train
6320,train
6321,train
6322,test
6323,train
6324,train
6325,train
6326,train
6327,train
6328,train
6329,train
6330,train
6331,test
6332,train
6333,train
6334,train
6335,val
6336,train
6337,train
6338,train
6339,train
6340,train
6341,train
6342,train
6343,train
6344,train
6345,test
6346,val
6347,train
6348,train
6349,train
6350,test
6351,val
6352,train
6353,train
6354,train
6355,val
6356,train
6357,train
6358,train
6359,train
6360,train
6361,train
6362,train
6363,train
6364,train
6365,train
6366,train
6367,train
6368,train
6369,test
6370,train
6371,train
6372,train
6373,train
6374,train
6375,train
6376,train
6377,train
6378,train
6379,train
6380,train
6381,train
6382,train
6383,train
6384,train
6385,test
6386,train
6387,train
6388,test
6389,val
6390,train
6391,train
6392,train
6393,train
6394,train
6395,train
6396,train
6397,train
6398,train
6399,test
6400,val
6401,val
6402,train
6403,train
6404,train
6405,train
6406,train
6407,train
6408,train
6409,val
6410,train
6411,train
6412,train
6413,val
6414,train
6415,train
6416,train
6417,train
6418,train
6419,train
6420,train
6421,val
6422,train
6423,train
6424,train
6425,train
6426,train
6427,train
6428,train
6429,train
6430,train
6431,train
6432,train
6433,train
6434,train
6435,train
6436,train
6437,train
6438,train
6439,test
6440,test
6441,train
6442,train
6443,train
6444,train
6445,test
6446,train
6447,train
6448,train
6449,val
6450,train
6451,train
6452,val
6453,train
6454,val
6455,test
6456,train
6457,train
6458,val
6459,train
6460,train
6461,train
6462,train
6463,train
6464,train
6465,test
6466,train
6467,val
6468,train
6469,train
6470,train
6471,train
6472,test
6473,train
6474,val
6475,train
6476,test
6477,train
6478,train
6479,train
6480,train
6481,train
6482,train
6483,test
6484,train
6485,train
6486,val
6487,test
6488,train
6489,train
6490,train
6491,train
6492,test
6493,val
6494,test
6495,train
6496,train
6497,val
6498,train
6499,test
6500,test
6501,test
6502,train
6503,train
6504,train
6505,train
6506,train
6507,train
6508,train
6509,train
6510,train
6511,train
6512,train
6513,train
6514,train
6515,train
6516,train
6517,train
6518,train
6519,train
6520,train
6521,train
6522,train
6523,train
6524,test
6525,train
6526,train
6527,train
6528,train
6529,train
6530,test
6531,train
6532,train
6533,train
6534,val
6535,train
6536,train
6537,train
6538,train
6539,train
6540,train
6541,train
6542,train
6543,train
6544,test
6545,test
6546,val
6547,train
6548,val
6549,train
6550,train
6551,train
6552,train
6553,test
6554,train
6555,train
6556,train
6557,train
6558,train
6559,train
6560,train
6561,train
6562,train
6563,train
6564,train
6565,train
6566,train
6567,train
6568,train
6569,train
6570,train
6571,train
6572,train
6573,train
6574,val
6575,train
6576,train
6577,train
6578,train
6579,val
6580,train
6581,train
6582,val
6583,train
6584,test
6585,train
6586,train
6587,val
6588,train
6589,train
6590,train
6591,val
6592,train
6593,train
6594,train
6595,train
6596,train
6597,train
6598,train
6599,train
6600,train
6601,test
6602,train
6603,train
6604,train
6605,train
6606,train
6607,train
6608,train
6609,test
6610,train
6611,train
6612,train
6613,test
6614,train
6615,train
6616,train
6617,train
6618,train
6619,train
6620,train
6621,train
6622,train
6623,train
6624,train
6625,train
6626,train
6627,train
6628,train
6629,val
6630,train
6631,train
6632,train
6633,train
6634,train
6635,train
6636,train
6637,train
6638,train
6639,train
6640,val
6641,train
6642,train
6643,train
6644,test
6645,test
6646,train
6647,test
6648,train
6649,train
6650,train
6651,train
6652,val
6653,train
6654,test
6655,test
6656,train
6657,val
6658,train
6659,train
6660,test
6661,train
6662,train
6663,train
6664,train
6665,train
6666,train
6667,train
6668,val
6669,val
6670,train
6671,train
6672,train
6673,train
6674,train
6675,train
6676,train
6677,train
6678,train
6679,train
6680,val
6681,val
6682,train
6683,train
6684,train
6685,train
6686,train
6687,train
6688,val
6689,train
6690,test
6691,train
6692,test
6693,train
6694,train
6695,test
6696,val
6697,val
6698,val
6699,train
6700,train
6701,train
6702,train
6703,train
6704,val
6705,train
6706,val
6707,train
6708,train
6709,train
6710,test
6711,val
6712,train
6713,test
6714,train
6715,train
6716,train
6717,train
6718,train
6719,train
6720,train
6721,train
6722,val
6723,train
6724,train
6725,test
6726,test
6727,train
6728,train
6729,train
6730,train
6731,train
6732,train
6733,val
6734,train
6735,train
6736,val
6737,train
6738,train
6739,val
6740,test
6741,val
6742,train
6743,train
6744,train
6745,train
6746,train
6747,train
6748,train
6749,train
6750,train
6751,train
6752,train
6753,train
6754,train
6755,test
6756,train
6757,train
6758,test
6759,train
6760,train
6761,train
6762,train
6763,train
6764,train
6765,train
6766,train
6767,train
6768,train
6769,train
6770,train
6771,val
6772,train
6773,train
6774,train
6775,train
6776,train
6777,train
6778,train
6779,train
6780,train
6781,train
6782,val
6783,test
6784,train
6785,train
6786,train
6787,train
6788,train
6789,train
6790,train
6791,train
6792,train
6793,train
6794,train
6795,train
6796,test
6797,train
6798,train
6799,train
6800,train
6801,train
6802,train
6803,train
6804,val
6805,train
6806,train
6807,val
6808,train
6809,train
6810,train
6811,train
6812,test
6813,train
6814,train
6815,train
6816,train
6817,test
6818,train
6819,train
6820,train
6821,train
6822,test
6823,train
6824,val
6825,train
6826,train
6827,train
6828,train
6829,train
6830,train
6831,train
6832,train
6833,train
6834,train
6835,train
6836,test
6837,train
6838,train
6839,test
6840,train
6841,train
6842,val
6843,train
6844,train
6845,test
6846,train
6847,val
6848,test
6849,train
6850,train
6851,train
6852,train
6853,train
6854,test
6855,train
6856,train
6857,train
6858,train
6859,train
6860,train
6861,train
6862,train
6863,train
6864,train
6865,train
6866,train
6867,train
6868,train
6869,train
6870,test
6871,train
6872,train
6873,val
6874,train
6875,test
6876,train
6877,train
6878,val
6879,train
6880,train
6881,test
6882,train
6883,val
6884,train
6885,train
6886,train
6887,test
6888,train
6889,train
6890,train
6891,train
6892,train
6893,test
6894,train
6895,train
6896,train
6897,train
6898,train
6899,train
6900,train
6901,train
6902,val
6903,train
6904,val
6905,train
6906,val
6907,train
6908,train
6909,train
6910,train
6911,train
6912,train
6913,val
6914,test
6915,train
6916,train
6917,test
6918,train
6919,train
6920,train
6921,train
6922,val
6923,train
6924,train
6925,val
6926,train
6927,train
6928,train
6929,train
6930,val
6931,train
6932,train
6933,val
6934,test
6935,train
6936,train
6937,train
6938,train
6939,train
6940,train
6941,val
6942,train
6943,train
6944,train
6945,train
6946,train
6947,train
6948,train
6949,train
6950,train
6951,train
6952,train
6953,train
6954,train
6955,train
6956,train
6957,train
6958,train
6959,train
6960,train
6961,test
6962,val
6963,train
6964,val
6965,train
6966,train
6967,train
6968,train
6969,train
6970,test
6971,train
6972,train
6973,train
6974,val
6975,val
6976,train
6977,train
6978,train
6979,train
6980,train
6981,train
6982,train
6983,train
6984,train
6985,train
6986,train
6987,test
6988,train
6989,train
6990,train
6991,train
6992,train
6993,train
6994,val
6995,val
6996,train
6997,train
6998,train
6999,train
7000,train
7001,train
7002,train
7003,train
7004,train
7005,train
7006,train
7007,train
7008,train
7009,train
7010,train
7011,train
7012,test
7013,train
7014,train
7015,test
7016,train
7017,train
7018,train
7019,train
7020,train
7021,train
7022,val
7023,train
7024,train
7025,train
7026,train
7027,train
7028,train
7029,train
7030,train
7031,train
7032,train
7033,train
7034,train
7035,train
7036,train
7037,val
7038,test
7039,train
7040,train
7041,val
7042,train
7043,test
7044,train
7045,train
7046,train
7047,train
7048,train
7049,train
7050,test
7051,val
7052,val
7053,train
7054,train
7055,train
7056,val
7057,train
7058,val
7059,test
7060,train
7061,train
7062,train
7063,train
7064,train
7065,train
7066,train
7067,train
7068,train
7069,train
7070,train
7071,train
7072,train
7073,train
7074,train
7075,train
7076,train
7077,train
7078,train
7079,train
7080,val
7081,train
7082,test
7083,train
7084,train
7085,train
7086,train
7087,train
7088,train
7089,train
7090,train
7091,train
7092,train
7093,train
7094,val
7095,train
7096,val
7097,train
7098,train
7099,train
7100,train
7101,train
7102,train
7103,train
7104,train
7105,train
7106,train
7107,train
7108,train
7109,train
7110,train
7111,train
7112,train
7113,train
7114,train
7115,train
7116,train
7117,val
7118,train
7119,train
7120,train
7121,train
7122,train
7123,train
7124,train
7125,train
7126,train
7127,train
7128,train
7129,train
7130,train
7131,train
7132,train
7133,train
7134,train
7135,train
7136,train
7137,train
7138,test
7139,train
7140,train
7141,train
7142,train
7143,train
7144,train
7145,train
7146,train
7147,train
7148,train
7149,train
7150,train
7151,train
7152,train
7153,train
7154,train
7155,test
7156,train
7157,train
7158,train
7159,train
7160,train
7161,test
7162,val
7163,train
7164,train
7165,train
7166,val
7167,train
7168,train
7169,train
7170,train
7171,test
7172,train
7173,train
7174,val
7175,train
7176,train
7177,val
7178,train
7179,train
7180,test
7181,test
7182,test
7183,test
7184,train
7185,train
7186,train
7187,train
7188,train
7189,train
7190,train
7191,train
7192,val
7193,train
7194,test
7195,train
7196,train
7197,val
7198,val
7199,train
7200,train
7201,train
7202,train
7203,test
7204,test
7205,train
7206,train
7207,train
7208,train
7209,train
7210,train
7211,train
7212,train
7213,test
7214,train
7215,train
7216,train
7217,test
7218,test
7219,train
7220,train
7221,train
7222,val
7223,test
7224,train
7225,train
7226,val
7227,train
7228,train
7229,test
7230,train
7231,train
7232,train
7233,train
7234,train
7235,train
7236,train
7237,val
7238,train
7239,train
7240,test
7241,train
7242,train
7243,train
7244,train
7245,train
7246,train
7247,val
7248,train
7249,train
7250,train
7251,train
7252,train
7253,train
7254,val
7255,train
7256,val
7257,train
7258,train
7259,train
7260,train
7261,test
7262,val
7263,train
7264,test
7265,train
7266,train
7267,train
7268,train
7269,val
7270,train
7271,train
7272,train
7273,train
7274,train
7275,test
7276,train
7277,train
7278,val
7279,test
7280,test
7281,train
7282,val
7283,train
7284,train
7285,train
7286,train
7287,train
7288,val
7289,val
7290,train
7291,train
7292,train
7293,val
7294,train
7295,train
7296,train
7297,val
7298,train
7299,test
7300,train
7301,train
7302,test
7303,train
7304,train
7305,val
7306,train
7307,train
7308,train
7309,train
7310,train
7311,train
7312,train
7313,train
7314,train
7315,train
7316,train
7317,test
7318,train
7319,train
7320,train
7321,train
7322,train
7323,train
7324,test
7325,train
7326,train
7327,train
7328,train
7329,train
7330,train
7331,val
7332,train
7333,train
7334,train
7335,train
7336,val
7337,val
7338,train
7339,test
7340,val
7341,train
7342,train
7343,train
7344,train
7345,train
7346,train
7347,train
7348,train
7349,train
7350,test
7351,train
7352,train
7353,train
7354,train
7355,train
7356,train
7357,train
7358,train
7359,train
7360,train
7361,val
7362,train
7363,train
7364,test
7365,train
7366,train
7367,train
7368,train
7369,val
7370,val
7371,train
7372,train
7373,test
7374,train
7375,val
7376,train
7377,train
7378,train
7379,train
7380,train
7381,train
7382,train
7383,val
7384,test
7385,train
7386,test
7387,val
7388,train
7389,train
7390,train
7391,train
7392,train
7393,train
7394,train
7395,train
7396,train
7397,train
7398,train
7399,train
7400,train
7401,train
7402,train
7403,test
7404,train
7405,train
7406,train
7407,train
7408,train
7409,train
7410,val
7411,train
7412,val
7413,train
7414,test
7415,train
7416,train
7417,train
7418,train
7419,train
7420,test
7421,train
7422,train
7423,val
7424,test
7425,train
7426,train
7427,train
7428,train
7429,train
7430,train
7431,val
7432,val
7433,test
7434,test
7435,train
7436,train
7437,train
7438,train
7439,test
7440,train
7441,train
7442,test
7443,train
7444,train
7445,train
7446,train
7447,train
7448,test
7449,train
7450,val
7451,train
7452,train
7453,train
7454,train
7455,train
7456,test
7457,train
7458,train
7459,test
7460,train
7461,train
7462,train
7463,train
7464,train
7465,train
7466,train
7467,train
7468,train
7469,train
7470,train
7471,train
7472,train
7473,train
7474,test
7475,train
7476,train
7477,val
7478,train
7479,test
7480,val
7481,train
7482,train
7483,train
7484,train
7485,train
7486,test
7487,train
7488,train
7489,train
7490,train
7491,train
7492,train
7493,train
7494,val
7495,train
7496,train
7497,train
7498,train
7499,train
7500,train
7501,train
7502,train
7503,train
7504,val
7505,val
7506,train
7507,train
7508,val
7509,test
7510,test
7511,train
7512,train
7513,train
7514,train
7515,train
7516,train
7517,train
7518,train
7519,val
7520,test
7521,train
7522,train
7523,test
7524,train
7525,train
7526,train
7527,train
7528,val
7529,test
7530,val
7531,train
7532,train
7533,train
7534,test
7535,train
7536,train
7537,train
7538,train
7539,train
7540,train
7541,train
7542,test
7543,train
7544,val
7545,test
7546,train
7547,test
7548,train
7549,val
7550,train
7551,train
7552,train
7553,train
7554,train
7555,train
7556,train
7557,train
7558,train
7559,train
7560,train
7561,train
7562,train
7563,train
7564,train
7565,train
7566,train
7567,train
7568,train
7569,train
7570,test
7571,test
7572,train
7573,train
7574,train
7575,test
7576,train
7577,train
7578,train
7579,train
7580,train
7581,train
7582,train
7583,train
7584,train
7585,val
7586,test
7587,train
7588,train
7589,test
7590,train
7591,test
7592,train
7593,train
7594,train
7595,train
7596,train
7597,train
7598,train
7599,train
7600,train
7601,train
7602,train
7603,train
7604,train
7605,test
7606,train
7607,train
7608,train
7609,train
7610,train
7611,train
7612,train
7613,train
7614,train
7615,train
7616,val
7617,train
7618,train
7619,test
7620,train
7621,train
7622,train
7623,val
7624,train
7625,train
7626,train
7627,train
7628,train
7629,train
7630,train
7631,train
7632,test
7633,train
7634,train
7635,train
7636,train
7637,train
7638,train
7639,test
7640,train
7641,train
7642,train
7643,train
7644,train
7645,train
7646,train
7647,train
7648,train
7649,train
7650,train
7651,train
7652,train
7653,test
7654,train
7655,train
7656,train
7657,train
7658,train
7659,test
7660,val
7661,train
7662,train
7663,train
7664,train
7665,train
7666,test
7667,train
7668,train
7669,train
7670,train
7671,train
7672,train
7673,test
7674,train
7675,train
7676,train
7677,train
7678,train
7679,val
7680,test
7681,train
7682,train
7683,train
7684,train
7685,train
7686,test
7687,test
7688,train
7689,train
7690,train
7691,train
7692,train
7693,train
7694,test
7695,train
7696,test
7697,train
7698,train
7699,train
7700,train
7701,train
7702,train
7703,train
7704,train
7705,val
7706,train
7707,train
7708,test
7709,train
7710,train
7711,train
7712,train
7713,train
7714,train
7715,val
7716,train
7717,train
7718,train
7719,val
7720,train
7721,train
7722,train
7723,test
7724,train
7725,train
7726,train
7727,train
7728,val
7729,val
7730,train
7731,train
7732,test
7733,train
7734,train
7735,train
7736,train
7737,train
7738,train
7739,test
7740,train
7741,train
7742,test
7743,train
7744,train
7745,val
7746,train
7747,train
7748,test
7749,val
7750,train
7751,val
7752,train
7753,test
7754,train
7755,train
7756,train
7757,val
7758,train
7759,train
7760,train
7761,train
7762,train
7763,train
7764,train
7765,train
7766,train
7767,train
7768,val
7769,val
7770,train
7771,train
7772,train
7773,train
7774,train
7775,train
7776,train
7777,val
7778,train
7779,train
7780,train
7781,train
7782,train
7783,train
7784,train
7785,train
7786,train
7787,train
7788,train
7789,train
7790,val
7791,test
7792,train
7793,train
7794,train
7795,train
7796,train
7797,val
7798,train
7799,train
7800,train
7801,val
7802,train
7803,train
7804,train
7805,train
7806,train
7807,val
7808,train
7809,train
7810,train
7811,train
7812,val
7813,test
7814,train
7815,train
7816,train
7817,train
7818,train
7819,train
7820,train
7821,train
7822,train
7823,train
7824,train
7825,train
7826,train
7827,val
7828,train
7829,train
7830,train
7831,train
7832,train
7833,train
7834,train
7835,train
7836,test
7837,train
7838,train
7839,train
7840,train
7841,train
7842,train
7843,train
7844,train
7845,train
7846,train
7847,train
7848,val
7849,train
7850,test
7851,train
7852,train
7853,train
7854,train
7855,train
7856,test
7857,train
7858,train
7859,train
7860,train
7861,train
7862,train
7863,train
7864,train
7865,train
7866,train
7867,train
7868,train
7869,val
7870,train
7871,train
7872,val
7873,train
7874,train
7875,train
7876,val
7877,val
7878,train
7879,train
7880,train
7881,train
7882,train
7883,test
7884,train
7885,train
7886,train
7887,test
7888,train
7889,train
7890,train
7891,train
7892,test
7893,train
7894,test
7895,train
7896,train
7897,train
7898,train
7899,test
7900,train
7901,train
7902,train
7903,train
7904,train
7905,train
7906,train
7907,train
7908,val
7909,train
7910,train
7911,train
7912,train
7913,val
7914,test
7915,train
7916,train
7917,train
7918,train
7919,train
7920,train
7921,val
7922,train
7923,train
7924,train
7925,train
7926,train
7927,train
7928,test
7929,train
7930,test
7931,train
7932,train
7933,train
7934,train
7935,train
7936,val
7937,train
7938,train
7939,train
7940,train
7941,train
7942,train
7943,train
7944,train
7945,train
7946,train
7947,train
7948,train
7949,train
7950,train
7951,train
7952,test
7953,val
7954,train
7955,train
7956,train
7957,train
7958,train
7959,train
7960,train
7961,train
7962,test
7963,test
7964,train
7965,train
7966,train
7967,train
7968,train
7969,test
7970,train
7971,train
7972,test
7973,train
7974,train
7975,train
7976,train
7977,train
7978,train
7979,train
7980,train
7981,train
7982,train
7983,train
7984,train
7985,train
7986,train
7987,test
7988,train
7989,train
7990,train
7991,train
7992,train
7993,train
7994,train
7995,train
7996,train
7997,train
7998,train
7999,train
8000,train
8001,train
8002,train
8003,train
8004,test
8005,train
8006,train
8007,val
8008,train
8009,train
8010,train
8011,train
8012,train
8013,train
8014,train
8015,train
8016,train
8017,train
8018,train
8019,train
8020,train
8021,train
8022,train
8023,train
8024,train
8025,train
8026,train
8027,train
8028,train
8029,train
8030,train
8031,val
8032,train
8033,train
8034,val
8035,test
8036,train
8037,train
8038,train
8039,train
8040,test
8041,val
8042,test
8043,train
8044,val
8045,train
8046,train
8047,test
8048,train
8049,train
8050,train
8051,train
8052,train
8053,train
8054,train
8055,test
8056,train
8057,train
8058,train
8059,test
8060,train
8061,train
8062,train
8063,train
8064,val
8065,train
8066,train
8067,train
8068,train
8069,train
8070,train
8071,train
8072,train
8073,train
8074,train
8075,train
8076,train
8077,train
8078,val
8079,train
8080,train
8081,train
8082,train
8083,train
8084,train
8085,train
8086,train
8087,val
8088,train
8089,train
8090,train
8091,train
8092,test
8093,train
8094,val
8095,train
8096,train
8097,train
8098,train
8099,train
8100,val
8101,train
8102,train
8103,val
8104,test
8105,test
8106,test
8107,train
8108,train
8109,train
8110,val
8111,train
8112,train
8113,train
8114,train
8115,train
8116,train
8117,val
8118,train
8119,train
8120,train
8121,train
8122,train
8123,train
8124,train
8125,test
8126,train
8127,test
8128,train
8129,train
8130,test
8131,train
8132,train
8133,train
8134,train
8135,train
8136,train
8137,train
8138,train
8139,train
8140,train
8141,train
8142,val
8143,train
8144,train
8145,train
8146,train
8147,train
8148,train
8149,train
8150,train
8151,test
8152,val
8153,train
8154,train
8155,train
8156,train
8157,train
8158,train
8159,test
8160,train
8161,train
8162,val
8163,train
8164,train
8165,train
8166,test
8167,train
8168,train
8169,train
8170,test
8171,val
8172,train
8173,train
8174,train
8175,test
8176,val
8177,train
8178,train
8179,train
8180,train
8181,train
8182,train
8183,train
8184,train
8185,train
8186,train
8187,train
8188,train
8189,train
8190,test
8191,train
8192,train
8193,train
8194,test
8195,train
8196,val
8197,train
8198,train
8199,train
8200,val
8201,train
8202,train
8203,test
8204,train
8205,test
8206,train
8207,train
8208,train
8209,train
8210,train
8211,train
8212,train
8213,train
8214,train
8215,train
8216,train
8217,train
8218,train
8219,train
8220,train
8221,train
8222,train
8223,train
8224,train
8225,train
8226,train
8227,val
8228,train
8229,train
8230,train
8231,train
8232,train
8233,train
8234,train
8235,train
8236,train
8237,train
8238,train
8239,train
8240,train
8241,train
8242,train
8243,train
8244,train
8245,train
8246,train
8247,train
8248,train
8249,val
8250,train
8251,train
8252,train
8253,train
8254,train
8255,train
8256,train
8257,train
8258,train
8259,train
8260,train
8261,val
8262,train
8263,train
8264,test
8265,train
8266,train
8267,train
8268,train
8269,train
8270,val
8271,train
8272,test
8273,train
8274,test
8275,train
8276,test
8277,test
8278,train
8279,train
8280,train
8281,train
8282,train
8283,val
8284,train
8285,train
8286,train
8287,val
8288,val
8289,train
8290,train
8291,train
8292,train
8293,train
8294,val
8295,train
8296,val
8297,train
8298,test
8299,train
8300,train
8301,train
8302,train
8303,test
8304,train
8305,train
8306,train
8307,train
8308,train
8309,train
8310,val
8311,train
8312,test
8313,train
8314,train
8315,test
8316,val
8317,val
8318,train
8319,train
8320,train
8321,train
8322,train
8323,train
8324,train
8325,train
8326,val
8327,train
8328,train
8329,val
8330,test
8331,train
8332,train
8333,val
8334,train
8335,train
8336,train
8337,val
8338,train
8339,val
8340,train
8341,train
8342,train
8343,train
8344,train
8345,test
8346,train
8347,train
8348,train
8349,train
8350,train
8351,val
8352,train
8353,train
8354,train
8355,train
8356,val
8357,train
8358,train
8359,train
8360,train
8361,train
8362,train
8363,train
8364,val
8365,train
8366,train
8367,train
8368,train
8369,train
8370,train
8371,train
8372,train
8373,train
8374,train
8375,train
8376,train
8377,train
8378,val
8379,train
8380,train
8381,train
8382,train
8383,train
8384,train
8385,train
8386,train
8387,train
8388,train
8389,test
8390,test
8391,train
8392,train
8393,train
8394,train
8395,train
8396,train
8397,train
8398,train
8399,test
8400,train
8401,train
8402,train
8403,train
8404,test
8405,val
8406,train
8407,train
8408,train
8409,train
8410,train
8411,train
8412,train
8413,test
8414,train
8415,train
8416,train
8417,train
8418,train
8419,train
8420,train
8421,train
8422,train
8423,test
8424,val
8425,val
8426,train
8427,val
8428,train
8429,test
8430,test
8431,train
8432,train
8433,train
8434,train
8435,test
8436,train
8437,train
8438,train
8439,test
8440,train
8441,train
8442,val
8443,train
8444,train
8445,train
8446,train
8447,train
8448,train
8449,train
8450,train
8451,test
8452,val
8453,train
8454,train
8455,train
8456,val
8457,train
8458,train
8459,test
8460,train
8461,train
8462,train
8463,train
8464,test
8465,val
8466,val
8467,train
8468,train
8469,train
8470,train
8471,train
8472,train
8473,train
8474,train
8475,train
8476,train
8477,train
8478,train
8479,train
8480,train
8481,train
8482,train
8483,test
8484,train
8485,train
8486,train
8487,test
8488,train
8489,test
8490,train
8491,train
8492,train
8493,train
8494,train
8495,val
8496,train
8497,train
8498,train
8499,test
8500,train
8501,train
8502,train
8503,train
8504,train
8505,train
8506,val
8507,train
8508,train
8509,train
8510,train
8511,train
8512,train
8513,val
8514,train
8515,train
8516,train
8517,train
8518,train
8519,train
8520,train
8521,train
8522,val
8523,train
8524,train
8525,train
8526,train
8527,train
8528,train
8529,test
8530,train
8531,train
8532,train
8533,train
8534,train
8535,train
8536,train
8537,train
8538,test
8539,train
8540,train
8541,train
8542,val
8543,train
8544,train
8545,train
8546,train
8547,train
8548,train
8549,val
8550,train
8551,train
8552,train
8553,train
8554,train
8555,train
8556,train
8557,train
8558,train
8559,val
8560,train
8561,train
8562,train
8563,val
8564,val
8565,train
8566,train
8567,train
8568,train
8569,val
8570,train
8571,val
8572,train
8573,train
8574,test
8575,test
8576,train
8577,val
8578,test
8579,train
8580,train
8581,train
8582,train
8583,train
8584,train
8585,train
8586,train
8587,train
8588,train
8589,train
8590,train
8591,train
8592,train
8593,train
8594,val
8595,train
8596,train
8597,train
8598,train
8599,train
8600,train
8601,train
8602,test
8603,train
8604,train
8605,test
8606,train
8607,train
8608,train
8609,train
8610,val
8611,train
8612,train
8613,train
8614,train
8615,train
8616,train
8617,train
8618,train
8619,train
8620,train
8621,train
8622,train
8623,train
8624,train
8625,train
8626,train
8627,val
8628,train
8629,train
8630,test
8631,train
8632,train
8633,train
8634,train
8635,train
8636,train
8637,train
8638,train
8639,train
8640,test
8641,train
8642,train
8643,train
8644,train
8645,train
8646,train
8647,train
8648,train
8649,train
8650,train
8651,train
8652,train
8653,train
8654,train
8655,train
8656,test
8657,train
8658,train
8659,test
8660,val
8661,train
8662,train
8663,train
8664,train
8665,train
8666,train
8667,train
8668,train
8669,train
8670,train
8671,train
8672,train
8673,train
8674,train
8675,train
8676,train
8677,train
8678,train
8679,train
8680,train
8681,train
8682,train
8683,train
8684,test
8685,train
8686,test
8687,train
8688,train
8689,train
8690,train
8691,test
8692,train
8693,train
8694,train
8695,train
8696,train
8697,train
8698,train
8699,train
8700,train
8701,train
8702,train
8703,train
8704,train
8705,train
8706,train
8707,val
8708,train
8709,train
8710,train
8711,train
8712,test
8713,train
8714,train
8715,train
8716,train
8717,train
8718,train
8719,val
8720,train
8721,train
8722,train
8723,train
8724,train
8725,train
8726,test
8727,val
8728,train
8729,train
8730,train
8731,train
8732,train
8733,val
8734,train
8735,train
8736,train
8737,train
8738,train
8739,val
8740,train
8741,test
8742,train
8743,train
8744,train
8745,train
8746,train
8747,train
8748,train
8749,train
8750,train
8751,train
8752,train
8753,train
8754,test
8755,train
8756,train
8757,test
8758,test
8759,train
8760,val
8761,train
8762,train
8763,train
8764,train
8765,train
8766,test
8767,train
8768,val
8769,train
8770,train
8771,train
8772,train
8773,train
8774,train
8775,train
8776,train
8777,train
8778,train
8779,train
8780,train
8781,train
8782,train
8783,train
8784,val
8785,train
8786,train
8787,train
8788,train
8789,train
8790,train
8791,train
8792,train
8793,test
8794,train
8795,train
8796,train
8797,val
8798,test
8799,val
8800,train
8801,train
8802,train
8803,train
8804,test
8805,val
8806,train
8807,train
8808,test
8809,train
8810,train
8811,train
8812,train
8813,train
8814,train
8815,train
8816,val
8817,train
8818,train
8819,train
8820,train
8821,train
8822,train
8823,train
8824,train
8825,train
8826,train
8827,train
8828,train
8829,train
8830,train
8831,train
8832,train
8833,val
8834,train
8835,train
8836,train
8837,train
8838,train
8839,train
8840,train
8841,val
8842,train
8843,train
8844,train
8845,train
8846,train
8847,train
8848,val
8849,train
8850,train
8851,train
8852,test
8853,train
8854,val
8855,train
8856,train
8857,train
8858,val
8859,test
8860,train
8861,train
8862,train
8863,train
8864,train
8865,train
8866,train
8867,val
8868,train
8869,test
8870,train
8871,test
8872,train
8873,train
8874,train
8875,train
8876,train
8877,train
8878,train
8879,test
8880,train
8881,train
8882,train
8883,train
8884,train
8885,val
8886,test
8887,train
8888,train
8889,train
8890,train
8891,test
8892,train
8893,train
8894,train
8895,train
8896,train
8897,train
8898,train
8899,train
8900,train
8901,val
8902,test
8903,train
8904,train
8905,test
8906,train
8907,train
8908,train
8909,train
8910,test
8911,test
8912,train
8913,train
8914,train
8915,train
8916,train
8917,test
8918,train
8919,train
8920,train
8921,train
8922,train
8923,val
8924,train
8925,train
8926,train
8927,train
8928,train
8929,val
8930,train
8931,train
8932,train
8933,train
8934,train
8935,train
8936,train
8937,train
8938,train
8939,train
8940,train
8941,train
8942,train
8943,test
8944,train
8945,train
8946,train
8947,test
8948,train
8949,train
8950,train
8951,val
8952,test
8953,train
8954,train
8955,val
8956,test
8957,val
8958,train
8959,train
8960,train
8961,train
8962,train
8963,train
8964,train
8965,train
8966,train
8967,train
8968,train
8969,train
8970,train
8971,train
8972,train
8973,train
8974,train
8975,train
8976,train
8977,train
8978,test
8979,train
8980,train
8981,val
8982,val
8983,val
8984,train
8985,val
8986,train
8987,val
8988,train
8989,train
8990,train
8991,train
8992,train
8993,train
8994,train
8995,test
8996,test
8997,train
8998,val
8999,train
9000,train
9001,val
9002,train
9003,train
9004,train
9005,test
9006,train
9007,train
9008,test
9009,train
9010,train
9011,train
9012,train
9013,train
9014,train
9015,train
9016,train
9017,train
9018,train
9019,val
9020,train
9021,train
9022,test
9023,train
9024,train
9025,train
9026,train
9027,train
9028,train
9029,train
9030,train
9031,train
9032,train
9033,test
9034,val
9035,val
9036,train
9037,train
9038,train
9039,train
9040,train
9041,train
9042,train
9043,test
9044,train
9045,train
9046,train
9047,train
9048,train
9049,test
9050,train
9051,train
9052,train
9053,test
9054,train
9055,train
9056,train
9057,train
9058,train
9059,train
9060,train
9061,train
9062,test
9063,train
9064,train
9065,val
9066,train
9067,val
9068,train
9069,train
9070,train
9071,train
9072,train
9073,train
9074,train
9075,train
9076,train
9077,train
9078,val
9079,train
9080,train
9081,val
9082,train
9083,train
9084,val
9085,train
9086,train
9087,train
9088,test
9089,train
9090,train
9091,train
9092,train
9093,train
9094,val
9095,train
9096,test
9097,train
9098,train
9099,train
9100,train
9101,train
9102,train
9103,train
9104,train
9105,train
9106,train
9107,train
9108,train
9109,train
9110,train
9111,train
9112,train
9113,train
9114,train
9115,test
9116,train
9117,val
9118,train
9119,train
9120,train
9121,train
9122,train
9123,train
9124,train
9125,train
9126,train
9127,train
9128,train
9129,val
9130,train
9131,train
9132,test
9133,train
9134,train
9135,train
9136,train
9137,test
9138,train
9139,train
9140,val
9141,train
9142,val
9143,val
9144,train
9145,train
9146,val
9147,train
9148,val
9149,train
9150,train
9151,train
9152,val
9153,val
9154,train
9155,test
9156,train
9157,val
9158,test
9159,train
9160,train
9161,train
9162,train
9163,val
9164,val
9165,train
9166,train
9167,train
9168,val
9169,train
9170,train
9171,train
9172,train
9173,train
9174,val
9175,train
9176,train
9177,train
9178,train
9179,train
9180,train
9181,test
9182,train
9183,train
9184,train
9185,train
9186,train
9187,train
9188,train
9189,test
9190,test
9191,test
9192,train
9193,train
9194,train
9195,train
9196,val
9197,train
9198,train
9199,train
9200,train
9201,train
9202,train
9203,train
9204,train
9205,train
9206,train
9207,train
9208,train
9209,val
9210,train
9211,train
9212,train
9213,val
9214,train
9215,test
9216,train
9217,train
9218,test
9219,test
9220,train
9221,train
9222,train
9223,train
9224,train
9225,train
9226,train
9227,train
9228,train
9229,test
9230,train
9231,test
9232,train
9233,train
9234,train
9235,train
9236,val
9237,train
9238,train
9239,train
9240,train
9241,train
9242,train
9243,train
9244,train
9245,train
9246,train
9247,val
9248,train
9249,test
9250,train
9251,train
9252,train
9253,train
9254,val
9255,test
9256,train
9257,train
9258,test
9259,train
9260,train
9261,train
9262,train
9263,train
9264,train
9265,train
9266,train
9267,train
9268,train
9269,train
9270,train
9271,train
9272,train
9273,train
9274,train
9275,train
9276,test
9277,train
9278,test
9279,train
9280,train
9281,train
9282,train
9283,train
9284,train
9285,train
9286,val
9287,train
9288,val
9289,train
9290,val
9291,train
9292,train
9293,train
9294,train
9295,train
9296,test
9297,val
9298,train
9299,train
9300,train
9301,train
9302,train
9303,train
9304,train
9305,train
9306,test
9307,train
9308,train
9309,train
9310,train
9311,train
9312,train
9313,train
9314,train
9315,train
9316,test
9317,val
9318,train
9319,train
9320,train
9321,train
9322,train
9323,train
9324,train
9325,test
9326,train
9327,train
9328,val
9329,val
9330,train
9331,train
9332,train
9333,test
9334,train
9335,train
9336,train
9337,train
9338,train
9339,train
9340,train
9341,train
9342,train
9343,train
9344,train
9345,train
9346,train
9347,train
9348,train
9349,train
9350,train
9351,train
9352,train
9353,train
9354,val
9355,test
9356,train
9357,train
9358,train
9359,train
9360,val
9361,train
9362,train
9363,train
9364,train
9365,train
9366,test
9367,test
9368,val
9369,train
9370,train
9371,val
9372,train
9373,train
9374,train
9375,train
9376,test
9377,train
9378,test
9379,train
9380,train
9381,train
9382,train
9383,train
9384,train
9385,train
9386,train
9387,train
9388,train
9389,train
9390,train
9391,train
9392,train
9393,train
9394,train
9395,train
9396,train
9397,train
9398,train
9399,train
9400,val
9401,train
9402,train
9403,train
9404,test
9405,train
9406,train
9407,val
9408,train
9409,train
9410,train
9411,val
9412,train
9413,train
9414,train
9415,train
9416,test
9417,test
9418,train
9419,train
9420,train
9421,train
9422,train
9423,train
9424,train
9425,train
9426,train
9427,train
9428,test
9429,train
9430,train
9431,train
9432,train
9433,train
9434,val
9435,train
9436,train
9437,test
9438,train
9439,test
9440,train
9441,test
9442,train
9443,train
9444,train
9445,val
9446,train
9447,train
9448,train
9449,train
9450,train
9451,train
9452,train
9453,test
9454,train
9455,train
9456,train
9457,train
9458,train
9459,train
9460,train
9461,test
9462,train
9463,train
9464,train
9465,val
9466,train
9467,train
9468,train
9469,train
9470,train
9471,train
9472,train
9473,val
9474,train
9475,test
9476,test
9477,train
9478,train
9479,train
9480,val
9481,train
9482,train
9483,val
9484,train
9485,train
9486,train
9487,test
9488,train
9489,train
9490,test
9491,train
9492,train
9493,train
9494,train
9495,test
9496,train
9497,train
9498,train
9499,train
9500,train
9501,val
9502,train
9503,train
9504,train
9505,train
9506,val
9507,train
9508,train
9509,train
9510,train
9511,train
9512,train
9513,train
9514,train
9515,train
9516,train
9517,train
9518,train
9519,val
9520,train
9521,train
9522,train
9523,val
9524,test
9525,train
9526,train
9527,test
9528,train
9529,train
9530,train
9531,train
9532,train
9533,test
9534,train
9535,train
9536,train
9537,train
9538,train
9539,train
9540,train
9541,train
9542,train
9543,train
9544,train
9545,train
9546,train
9547,train
9548,train
9549,train
9550,train
9551,train
9552,train
9553,train
9554,train
9555,train
9556,train
9557,test
9558,train
9559,train
9560,train
9561,train
9562,train
9563,train
9564,test
9565,train
9566,train
9567,train
9568,test
9569,train
9570,train
9571,test
9572,train
9573,train
9574,train
9575,val
9576,val
9577,train
9578,train
9579,test
9580,train
9581,train
9582,train
9583,train
9584,train
9585,train
9586,val
9587,train
9588,val
9589,train
9590,train
9591,train
9592,val
9593,test
9594,train
9595,train
9596,test
9597,train
9598,train
9599,train
9600,train
9601,train
9602,train
9603,train
9604,test
9605,test
9606,train
9607,train
9608,train
9609,train
9610,train
9611,val
9612,train
9613,test
9614,test
9615,train
9616,train
9617,train
9618,train
9619,val
9620,train
9621,test
9622,train
9623,train
9624,train
9625,train
9626,val
9627,train
9628,val
9629,train
9630,test
9631,train
9632,val
9633,train
9634,train
9635,train
9636,train
9637,train
9638,train
9639,test
9640,val
9641,train
9642,train
9643,val
9644,train
9645,train
9646,train
9647,test
9648,train
9649,train
9650,train
9651,train
9652,train
9653,train
9654,val
9655,val
9656,train
9657,train
9658,val
9659,train
9660,train
9661,train
9662,train
9663,train
9664,train
9665,train
9666,train
9667,train
9668,train
9669,train
9670,train
9671,train
9672,train
9673,test
9674,train
9675,train
9676,train
9677,train
9678,train
9679,train
9680,val
9681,train
9682,val
9683,train
9684,train
9685,test
9686,test
9687,train
9688,train
9689,train
9690,train
9691,train
9692,train
9693,train
9694,train
9695,train
9696,test
9697,train
9698,test
9699,test
9700,train
9701,train
9702,train
9703,train
9704,train
9705,train
9706,train
9707,train
9708,train
9709,train
9710,train
9711,test
9712,train
9713,train
9714,test
9715,train
9716,train
9717,train
9718,val
9719,train
9720,train
9721,train
9722,train
9723,train
9724,train
9725,test
9726,train
9727,train
9728,train
9729,train
9730,train
9731,train
9732,test
9733,train
9734,train
9735,train
9736,train
9737,test
9738,train
9739,test
9740,train
9741,train
9742,train
9743,train
9744,train
9745,train
9746,train
9747,train
9748,train
9749,train
9750,train
9751,train
9752,train
9753,train
9754,train
9755,train
9756,val
9757,train
9758,train
9759,train
9760,train
9761,train
9762,train
9763,val
9764,train
9765,train
9766,train
9767,train
9768,train
9769,train
9770,train
9771,train
9772,test
9773,train
9774,train
9775,test
9776,val
9777,train
9778,train
9779,train
9780,val
9781,val
9782,val
9783,train
9784,train
9785,train
9786,train
9787,train
9788,train
9789,train
9790,val
9791,train
9792,val
9793,val
9794,test
9795,train
9796,val
9797,train
9798,train
9799,train
9800,train
9801,train
9802,val
9803,train
9804,val
9805,train
9806,train
9807,train
9808,train
9809,train
9810,train
9811,train
9812,train
9813,train
9814,train
9815,train
9816,train
9817,train
9818,test
9819,test
9820,train
9821,train
9822,train
9823,train
9824,train
9825,val
9826,train
9827,train
9828,train
9829,val
9830,train
9831,train
9832,train
9833,train
9834,train
9835,test
9836,train
9837,val
9838,train
9839,train
9840,train
9841,train
9842,train
9843,val
9844,val
9845,test
9846,train
9847,val
9848,val
9849,train
9850,train
9851,val
9852,test
9853,train
9854,train
9855,train
9856,train
9857,train
9858,val
9859,train
9860,train
9861,train
9862,test
9863,test
9864,train
9865,val
9866,train
9867,train
9868,train
9869,train
9870,train
9871,train
9872,train
9873,train
9874,train
9875,val
9876,train
9877,train
9878,train
9879,train
9880,val
9881,train
9882,train
9883,train
9884,train
9885,train
9886,train
9887,train
9888,test
9889,train
9890,train
9891,train
9892,train
9893,test
9894,train
9895,train
9896,val
9897,train
9898,val
9899,train
9900,train
9901,train
9902,val
9903,test
9904,train
9905,train
9906,train
9907,train
9908,train
9909,train
9910,train
9911,train
9912,test
9913,train
9914,train
9915,train
9916,train
9917,train
9918,train
9919,val
9920,train
9921,train
9922,test
9923,train
9924,train
9925,train
9926,test
9927,train
9928,train
9929,train
9930,test
9931,train
9932,train
9933,train
9934,train
9935,train
9936,test
9937,train
9938,train
9939,train
9940,train
9941,train
9942,train
9943,test
9944,train
9945,train
9946,train
9947,train
9948,test
9949,train
9950,test
9951,train
9952,train
9953,train
9954,val
9955,val
9956,train
9957,train
9958,train
9959,train
9960,train
9961,train
9962,train
9963,train
9964,train
9965,test
9966,train
9967,train
9968,test
9969,train
9970,train
9971,train
9972,train
9973,train
9974,train
9975,train
9976,train
9977,test
9978,train
9979,train
9980,train
9981,train
9982,train
9983,test
9984,train
9985,train
9986,train
9987,train
9988,train
9989,train
9990,train
9991,train
9992,train
9993,train
9994,train
9995,val
9996,train
9997,train
9998,train
9999,train
10000,train
10001,train
10002,train
10003,train
10004,train
10005,train
10006,train
10007,train
10008,train
10009,train
10010,train
10011,train
10012,train
10013,val
10014,train
10015,train
10016,train
10017,train
10018,train
10019,train
10020,train
10021,train
10022,train
10023,train
10024,train
10025,val
10026,train
10027,train
10028,train
10029,train
10030,train
10031,train
10032,train
10033,train
10034,train
10035,train
10036,train
10037,test
10038,test
10039,train
10040,train
10041,train
10042,train
10043,train
10044,train
10045,train
10046,train
10047,train
10048,train
10049,train
10050,train
10051,train
10052,train
10053,test
10054,val
10055,train
10056,train
10057,train
10058,test
10059,train
10060,train
10061,train
10062,train
10063,test
10064,train
10065,train
10066,train
10067,val
10068,train
10069,train
10070,train
10071,val
10072,train
10073,train
10074,val
10075,train
10076,train
10077,train
10078,test
10079,train
10080,val
10081,test
10082,train
10083,train
10084,train
10085,train
10086,train
10087,train
10088,test
10089,train
10090,train
10091,train
10092,val
10093,train
10094,train
10095,train
10096,train
10097,train
10098,train
10099,train
10100,val
10101,train
10102,val
10103,train
10104,train
10105,train
10106,train
10107,train
10108,train
10109,train
10110,train
10111,train
10112,train
10113,test
10114,val
10115,train
10116,train
10117,train
10118,train
10119,train
10120,train
10121,train
10122,train
10123,train
10124,train
10125,test
10126,train
10127,train
10128,train
10129,train
10130,train
10131,test
10132,train
10133,train
10134,train
10135,train
10136,train
10137,train
10138,train
10139,val
10140,test
10141,train
10142,test
10143,train
10144,train
10145,val
10146,train
10147,train
10148,train
10149,train
10150,train
10151,test
10152,train
10153,train
10154,train
10155,test
10156,train
10157,train
10158,train
10159,train
10160,train
10161,train
10162,train
10163,train
10164,val
10165,train
10166,train
10167,train
10168,test
10169,train
10170,val
10171,train
10172,train
10173,train
10174,train
10175,test
10176,train
10177,train
10178,train
10179,val
10180,train
10181,train
10182,train
10183,test
10184,train
10185,train
10186,train
10187,val
10188,train
10189,train
10190,train
10191,train
10192,train
10193,train
10194,train
10195,val
10196,train
10197,train
10198,train
10199,train
10200,train
10201,train
10202,train
10203,train
10204,train
10205,train
10206,train
10207,test
10208,train
10209,test
10210,train
10211,train
10212,train
10213,train
10214,train
10215,train
10216,train
10217,train
10218,train
10219,train
10220,train
10221,train
10222,train
10223,train
10224,train
10225,val
10226,train
10227,train
10228,val
10229,train
10230,train
10231,test
10232,train
10233,test
10234,train
10235,train
10236,train
10237,train
10238,train
10239,val
10240,test
10241,train
10242,train
10243,train
10244,test
10245,train
10246,train
10247,train
10248,train
10249,train
10250,val
10251,train
10252,train
10253,train
10254,train
10255,train
10256,train
10257,train
10258,train
10259,train
10260,train
10261,test
10262,train
10263,train
10264,val
10265,train
10266,train
10267,train
10268,train
10269,train
10270,train
10271,train
10272,train
10273,val
10274,train
10275,train
10276,train
10277,train
10278,train
10279,train
10280,train
10281,train
10282,train
10283,train
10284,train
10285,train
10286,train
10287,train
10288,val
10289,train
10290,train
10291,train
10292,test
10293,train
10294,train
10295,test
10296,test
10297,train
10298,train
10299,train
10300,train
10301,train
10302,train
10303,train
10304,train
10305,train
10306,train
10307,test
10308,train
10309,train
10310,train
10311,train
10312,train
10313,train
10314,train
10315,train
10316,train
10317,train
10318,train
10319,train
10320,val
10321,train
10322,train
10323,test
10324,train
10325,train
10326,train
10327,test
10328,test
10329,test
10330,test
10331,train
10332,train
10333,train
10334,train
10335,train
10336,test
10337,train
10338,train
10339,val
10340,test
10341,train
10342,train
10343,train
10344,train
10345,train
10346,val
10347,val
10348,train
10349,train
10350,train
10351,train
10352,val
10353,train
10354,train
10355,train
10356,train
10357,val
10358,test
10359,train
10360,train
10361,val
10362,train
10363,train
10364,test
10365,test
10366,train
10367,train
10368,train
10369,val
10370,train
10371,train
10372,train
10373,train
10374,train
10375,train
10376,train
10377,train
10378,train
10379,train
10380,train
10381,train
10382,train
10383,train
10384,train
10385,train
10386,train
10387,train
10388,train
10389,train
10390,train
10391,train
10392,train
10393,val
10394,val
10395,test
10396,train
10397,train
10398,train
10399,train
10400,train
10401,train
10402,train
10403,test
10404,train
10405,test
10406,train
10407,train
10408,train
10409,train
10410,train
10411,train
10412,train
10413,val
10414,train
10415,train
10416,test
10417,train
10418,train
10419,train
10420,train
10421,train
10422,test
10423,val
10424,train
10425,train
10426,train
10427,train
10428,train
10429,train
10430,val
10431,train
10432,train
10433,train
10434,train
10435,val
10436,train
10437,train
10438,train
10439,train
10440,test
10441,val
10442,train
10443,train
10444,train
10445,train
10446,train
10447,train
10448,train
10449,train
10450,train
10451,train
10452,train
10453,val
10454,train
10455,train
10456,train
10457,train
10458,train
10459,train
10460,train
10461,train
10462,train
10463,train
10464,train
10465,train
10466,train
10467,train
10468,train
10469,train
10470,train
10471,train
10472,train
10473,train
10474,train
10475,train
10476,test
10477,train
10478,train
10479,train
10480,train
10481,train
10482,train
10483,train
10484,test
10485,train
10486,train
10487,train
10488,train
10489,train
10490,train
10491,train
10492,train
10493,train
10494,train
10495,train
10496,train
10497,train
10498,train
10499,train
10500,test
10501,val
10502,train
10503,test
10504,train
10505,train
10506,train
10507,train
10508,train
10509,train
10510,test
10511,train
10512,train
10513,train
10514,train
10515,train
10516,train
10517,train
10518,train
10519,train
10520,train
10521,train
10522,train
10523,train
10524,train
10525,train
10526,train
10527,train
10528,train
10529,train
10530,train
10531,train
10532,train
10533,train
10534,test
10535,train
10536,test
10537,train
10538,train
10539,train
10540,train
10541,train
10542,train
10543,train
10544,train
10545,train
10546,train
10547,train
10548,test
10549,train
10550,train
10551,train
10552,test
10553,train
10554,train
10555,train
10556,train
10557,test
10558,train
10559,train
10560,train
10561,train
10562,train
10563,train
10564,train
10565,val
10566,train
10567,val
10568,train
10569,train
10570,train
10571,train
10572,val
10573,test
10574,train
10575,train
10576,train
10577,train
10578,train
10579,train
10580,train
10581,train
10582,val
10583,train
10584,train
10585,train
10586,train
10587,train
10588,train
10589,train
10590,train
10591,train
10592,train
10593,train
10594,train
10595,train
10596,train
10597,test
10598,train
10599,val
10600,train
10601,train
10602,train
10603,val
10604,train
10605,train
10606,val
10607,train
10608,train
10609,train
10610,train
10611,test
10612,train
10613,train
10614,train
10615,train
10616,val
10617,train
10618,train
10619,train
10620,train
10621,train
10622,train
10623,train
10624,test
10625,train
10626,train
10627,test
10628,train
10629,train
10630,train
10631,test
10632,train
10633,test
10634,train
10635,train
10636,train
10637,train
10638,test
10639,test
10640,train
10641,train
10642,train
10643,test
10644,train
10645,train
10646,val
10647,train
10648,train
10649,train
10650,test
10651,train
10652,test
10653,train
10654,val
10655,train
10656,train
10657,test
10658,train
10659,train
10660,train
10661,train
10662,train
10663,train
10664,train
10665,train
10666,train
10667,train
10668,val
10669,train
10670,val
10671,train
10672,train
10673,train
10674,train
10675,train
10676,train
10677,train
10678,train
10679,train
10680,train
10681,train
10682,train
10683,train
10684,train
10685,train
10686,train
10687,train
10688,test
10689,train
10690,train
10691,test
10692,train
10693,val
10694,train
10695,test
10696,val
10697,train
10698,train
10699,train
10700,train
10701,train
10702,test
10703,train
10704,train
10705,train
10706,train
10707,val
10708,train
10709,train
10710,train
10711,train
10712,train
10713,val
10714,train
10715,test
10716,test
10717,train
10718,train
10719,train
10720,train
10721,train
10722,train
10723,train
10724,train
10725,train
10726,train
10727,train
10728,train
10729,test
10730,train
10731,train
10732,train
10733,train
10734,val
10735,test
10736,train
10737,train
10738,train
10739,train
10740,train
10741,train
10742,train
10743,train
10744,train
10745,test
10746,train
10747,train
10748,train
10749,train
10750,train
10751,train
10752,train
10753,train
10754,train
10755,train
10756,train
10757,train
10758,train
10759,train
10760,train
10761,train
10762,train
10763,val
10764,train
10765,val
10766,train
10767,train
10768,val
10769,val
10770,train
10771,train
10772,train
10773,train
10774,train
10775,train
10776,train
10777,train
10778,val
10779,train
10780,train
10781,train
10782,train
10783,test
10784,test
10785,train
10786,train
10787,val
10788,train
10789,train
10790,test
10791,val
10792,val
10793,train
10794,train
10795,train
10796,val
10797,test
10798,train
10799,train
10800,train
10801,test
10802,train
10803,train
10804,test
10805,train
10806,val
10807,train
10808,train
10809,train
10810,train
10811,train
10812,val
10813,train
10814,train
10815,train
10816,train
10817,train
10818,train
10819,val
10820,train
10821,train
10822,train
10823,train
10824,train
10825,train
10826,val
10827,test
10828,train
10829,train
10830,train
10831,train
10832,train
10833,train
10834,train
10835,train
10836,train
10837,train
10838,train
10839,train
10840,test
10841,train
10842,train
10843,train
10844,train
10845,train
10846,train
10847,test
10848,train
10849,train
10850,train
10851,train
10852,train
10853,train
10854,train
10855,val
10856,val
10857,test
10858,train
10859,train
10860,train
10861,train
10862,train
10863,train
10864,test
10865,train
10866,train
10867,train
10868,val
10869,train
10870,train
10871,train
10872,train
10873,train
10874,train
10875,train
10876,test
10877,train
10878,train
10879,val
10880,test
10881,train
10882,train
10883,train
10884,train
10885,train
10886,train
10887,train
10888,train
10889,train
10890,train
10891,train
10892,test
10893,train
10894,train
10895,train
10896,test
10897,train
10898,train
10899,train
10900,val
10901,train
10902,val
10903,train
10904,train
10905,train
10906,train
10907,train
10908,train
10909,train
10910,train
10911,train
10912,train
10913,train
10914,train
10915,train
10916,train
10917,train
10918,val
10919,train
10920,train
10921,train
10922,train
10923,val
10924,train
10925,train
10926,val
10927,train
10928,test
10929,train
10930,train
10931,train
10932,train
10933,test
10934,val
10935,train
10936,val
10937,train
10938,train
10939,train
10940,train
10941,train
10942,train
10943,train
10944,test
10945,train
10946,train
10947,train
10948,train
10949,train
10950,train
10951,val
10952,test
10953,train
10954,train
10955,train
10956,train
10957,train
10958,val
10959,train
10960,train
10961,train
10962,train
10963,train
10964,train
10965,train
10966,val
10967,test
10968,train
10969,train
10970,train
10971,train
10972,train
10973,train
10974,train
10975,train
10976,train
10977,train
10978,test
10979,val
10980,train
10981,val
10982,val
10983,train
10984,test
10985,train
10986,train
10987,train
10988,train
10989,train
10990,train
10991,test
10992,train
10993,train
10994,train
10995,train
10996,train
10997,train
10998,train
10999,train
11000,test
11001,train
11002,train
11003,train
11004,train
11005,train
11006,train
11007,train
11008,train
11009,train
11010,test
11011,train
11012,train
11013,train
11014,train
11015,train
11016,train
11017,val
11018,train
11019,train
11020,train
11021,test
11022,train
11023,train
11024,val
11025,train
11026,train
11027,val
11028,train
11029,train
11030,train
11031,train
11032,train
11033,train
11034,train
11035,train
11036,train
11037,train
11038,train
11039,train
11040,train
11041,train
11042,train
11043,train
11044,train
11045,train
11046,val
11047,train
11048,val
11049,train
11050,train
11051,train
11052,train
11053,train
11054,train
11055,val
11056,train
11057,train
11058,train
11059,train
11060,train
11061,train
11062,train
11063,train
11064,train
11065,train
11066,train
11067,train
11068,train
11069,train
11070,train
11071,train
11072,train
11073,test
11074,train
11075,train
11076,train
11077,train
11078,train
11079,train
11080,test
11081,train
11082,train
11083,train
11084,train
11085,train
11086,train
11087,train
11088,val
11089,train
11090,train
11091,train
11092,train
11093,train
11094,train
11095,test
11096,test
11097,train
11098,test
11099,train
11100,train
11101,test
11102,train
11103,train
11104,train
11105,test
11106,train
11107,train
11108,train
11109,val
11110,train
11111,train
11112,train
11113,train
11114,train
11115,test
11116,train
11117,train
11118,train
11119,train
11120,val
11121,train
11122,train
11123,test
11124,train
11125,train
11126,train
11127,train
11128,val
11129,val
11130,train
11131,train
11132,test
11133,train
11134,train
11135,train
11136,train
11137,val
11138,train
11139,train
11140,train
11141,val
11142,train
11143,test
11144,train
11145,val
11146,train
11147,train
11148,train
11149,test
11150,train
11151,train
11152,train
11153,train
11154,train
11155,train
11156,train
11157,train
11158,train
11159,train
11160,train
11161,train
11162,test
11163,train
11164,train
11165,train
11166,val
11167,train
11168,train
11169,train
11170,train
11171,train
11172,test
11173,test
11174,train
11175,train
11176,train
11177,train
11178,train
11179,train
11180,train
11181,train
11182,train
11183,train
11184,train
11185,train
11186,train
11187,train
11188,train
11189,val
11190,train
11191,train
11192,train
11193,train
11194,train
11195,train
11196,train
11197,train
11198,train
11199,test
11200,train
11201,train
11202,train
11203,train
11204,train
11205,test
11206,train
11207,train
11208,train
11209,test
11210,train
11211,test
11212,train
11213,train
11214,val
11215,val
11216,train
11217,train
11218,val
11219,train
11220,train
11221,train
11222,train
11223,train
11224,train
11225,train
11226,train
11227,train
11228,train
11229,train
11230,train
11231,val
11232,test
11233,train
11234,train
11235,train
11236,train
11237,train
11238,test
11239,val
11240,train
11241,train
11242,val
11243,train
11244,train
11245,train
11246,test
11247,train
11248,train
11249,train
11250,train
11251,train
11252,test
11253,train
11254,train
11255,train
11256,train
11257,train
11258,test
11259,train
11260,train
11261,train
11262,train
11263,train
11264,train
11265,train
11266,val
11267,train
11268,train
11269,train
11270,train
11271,train
11272,train
11273,train
11274,train
11275,test
11276,train
11277,train
11278,train
11279,test
11280,val
11281,train
11282,train
11283,train
11284,train
11285,train
11286,train
11287,train
11288,train
11289,train
11290,train
11291,train
11292,train
11293,train
11294,train
11295,train
11296,train
11297,train
11298,train
11299,train
11300,train
11301,test
11302,train
11303,train
11304,train
11305,val
11306,train
11307,train
11308,train
11309,train
11310,train
11311,train
11312,train
11313,train
11314,train
11315,train
11316,val
11317,train
11318,val
11319,train
11320,train
11321,train
11322,test
11323,train
11324,test
11325,train
11326,test
11327,train
11328,train
11329,train
11330,train
11331,train
11332,train
11333,train
11334,train
11335,train
11336,train
11337,train
11338,train
11339,train
11340,train
11341,train
11342,train
11343,train
11344,train
11345,train
11346,train
11347,train
11348,train
11349,test
11350,train
11351,train
11352,train
11353,train
11354,train
11355,val
11356,train
11357,train
11358,train
11359,test
11360,test
11361,train
11362,val
11363,train
11364,train
11365,train
11366,train
11367,train
11368,val
11369,train
11370,train
11371,train
11372,train
11373,val
11374,train
11375,train
11376,train
11377,val
11378,test
11379,train
11380,train
11381,train
11382,test
11383,train
11384,train
11385,train
11386,val
11387,train
11388,val
11389,train
11390,train
11391,train
11392,train
11393,test
11394,train
11395,train
11396,val
11397,train
11398,train
11399,train
11400,train
11401,val
11402,train
11403,train
11404,train
11405,train
11406,train
11407,train
11408,train
11409,test
11410,train
11411,train
11412,train
11413,train
11414,train
11415,train
11416,train
11417,train
11418,train
11419,train
11420,train
11421,train
11422,train
11423,train
11424,train
11425,train
11426,train
11427,train
11428,train
11429,val
11430,train
11431,train
11432,train
11433,train
11434,test
11435,train
11436,val
11437,train
11438,train
11439,train
11440,test
11441,train
11442,train
11443,train
11444,test
11445,train
11446,train
11447,train
11448,train
11449,train
11450,train
11451,train
11452,train
11453,train
11454,test
11455,train
11456,train
11457,train
11458,train
11459,train
11460,val
11461,train
11462,train
11463,train
11464,val
11465,train
11466,train
11467,train
11468,train
11469,train
11470,train
11471,train
11472,train
11473,train
11474,train
11475,test
11476,train
11477,train
11478,train
11479,train
11480,val
11481,val
11482,train
11483,train
11484,train
11485,test
11486,train
11487,train
11488,train
11489,train
11490,train
11491,train
11492,train
11493,train
11494,train
11495,train
11496,train
11497,train
11498,train
11499,train
11500,train
11501,train
11502,train
11503,train
11504,train
11505,train
11506,test
11507,train
11508,train
11509,train
11510,train
11511,train
11512,train
11513,train
11514,train
11515,train
11516,train
11517,train
11518,train
11519,train
11520,train
11521,train
11522,train
11523,train
11524,train
11525,train
11526,train
11527,train
11528,train
11529,train
11530,val
11531,train
11532,train
11533,val
11534,train
11535,val
11536,train
11537,train
11538,val
11539,val
11540,val
11541,train
11542,train
11543,train
11544,train
11545,train
11546,train
11547,train
11548,train
11549,train
11550,train
11551,train
11552,train
11553,train
11554,train
11555,train
11556,train
11557,test
11558,train
11559,train
11560,train
11561,test
11562,train
11563,train
11564,train
11565,train
11566,val
11567,train
11568,train
11569,train
11570,train
11571,train
11572,train
11573,train
11574,train
11575,train
11576,train
11577,val
11578,train
11579,train
11580,train
11581,train
11582,test
11583,val
11584,train
11585,train
11586,train
11587,train
11588,train
11589,train
11590,train
11591,train
11592,train
11593,train
11594,train
11595,train
11596,train
11597,train
11598,train
11599,train
11600,train
11601,train
11602,test
11603,train
11604,train
11605,train
11606,test
11607,train
11608,train
11609,train
11610,test
11611,train
11612,train
11613,train
11614,train
11615,val
11616,train
11617,train
11618,train
11619,train
11620,train
11621,train
11622,test
11623,train
11624,train
11625,train
11626,test
11627,train
11628,train
11629,train
11630,train
11631,train
11632,test
11633,train
11634,train
11635,train
11636,train
11637,train
11638,train
11639,train
11640,train
11641,train
11642,train
11643,train
11644,train
11645,train
11646,train
11647,train
11648,test
11649,train
11650,train
11651,train
11652,train
11653,train
11654,train
11655,train
11656,train
11657,val
11658,train
11659,train
11660,train
11661,train
11662,test
11663,train
11664,val
11665,train
11666,train
11667,val
11668,val
11669,train
11670,train
11671,train
11672,train
11673,val
11674,train
11675,train
11676,val
11677,train
11678,train
11679,train
11680,train
11681,test
11682,train
11683,train
11684,train
11685,val
11686,train
11687,train
11688,train
11689,val
11690,train
11691,train
11692,train
11693,train
11694,train
11695,test
11696,train
11697,train
11698,train
11699,train
11700,train
11701,train
11702,train
11703,train
11704,train
11705,train
11706,train
11707,train
11708,test
11709,train
11710,train
11711,train
11712,test
11713,train
11714,val
11715,val
11716,train
11717,train
11718,train
11719,val
11720,train
11721,train
11722,train
11723,train
11724,test
11725,train
11726,train
11727,train
11728,train
11729,train
11730,train
11731,train
11732,train
11733,val
11734,train
11735,val
11736,train
11737,train
11738,train
11739,train
11740,train
11741,test
11742,train
11743,test
11744,train
11745,val
11746,train
11747,val
11748,train
11749,train
11750,train
11751,val
11752,val
11753,val
11754,val
11755,train
11756,train
11757,train
11758,train
11759,train
11760,train
11761,train
11762,test
11763,train
11764,train
11765,train
11766,val
11767,train
11768,train
11769,train
11770,train
11771,train
11772,train
11773,train
11774,train
11775,train
11776,train
11777,train
11778,val
11779,val
11780,test
11781,val
11782,train
11783,train
11784,train
11785,train
11786,train
11787,train
11788,train
11789,train
11790,train
11791,train
11792,train
11793,train
11794,train
11795,train
11796,train
11797,train
11798,train
11799,train
11800,train
11801,train
11802,train
11803,train
11804,train
11805,train
11806,train
11807,train
11808,train
11809,train
11810,train
11811,train
11812,train
11813,train
11814,train
11815,train
11816,test
11817,train
11818,train
11819,train
11820,train
11821,train
11822,train
11823,train
11824,train
11825,train
11826,train
11827,train
11828,train
11829,train
11830,train
11831,train
11832,train
11833,train
11834,train
11835,train
11836,train
11837,val
11838,train
11839,train
11840,val
11841,train
11842,train
11843,train
11844,val
11845,train
11846,test
11847,train
11848,train
11849,train
11850,train
11851,train
11852,train
11853,train
11854,test
11855,train
11856,train
11857,train
11858,train
11859,train
11860,train
11861,train
11862,train
11863,val
11864,train
11865,train
11866,train
11867,train
11868,train
11869,train
11870,train
11871,train
11872,train
11873,train
11874,train
11875,train
11876,train
11877,train
11878,val
11879,train
11880,train
11881,train
11882,train
11883,train
11884,test
11885,train
11886,test
11887,train
11888,train
11889,train
11890,val
11891,val
11892,train
11893,train
11894,test
11895,train
11896,train
11897,test
11898,test
11899,test
11900,val
11901,train
11902,train
11903,train
11904,val
11905,train
11906,train
11907,train
11908,train
11909,val
11910,train
11911,train
11912,train
11913,train
11914,train
11915,train
11916,train
11917,test
11918,train
11919,train
11920,train
11921,val
11922,train
11923,train
11924,train
11925,train
11926,val
11927,train
11928,train
11929,train
11930,train
11931,train
11932,train
11933,train
11934,train
11935,val
11936,train
11937,train
11938,test
11939,train
11940,train
11941,train
11942,train
11943,train
11944,train
11945,train
11946,train
11947,train
11948,train
11949,train
11950,train
11951,val
11952,train
11953,train
11954,train
11955,train
11956,train
11957,train
11958,train
11959,train
11960,val
11961,train
11962,train
11963,val
11964,test
11965,train
11966,train
11967,train
11968,train
11969,train
11970,train
11971,train
11972,train
11973,train
11974,train
11975,test
11976,val
11977,train
11978,test
11979,train
11980,train
11981,val
11982,train
11983,train
11984,train
11985,train
11986,test
11987,train
11988,train
11989,val
11990,val
11991,train
11992,test
11993,train
11994,train
11995,train
11996,train
11997,val
11998,train
11999,train
12000,train
12001,train
12002,train
12003,train
12004,test
12005,train
12006,train
12007,val
12008,train
12009,val
12010,train
12011,train
12012,val
12013,test
12014,train
12015,train
12016,train
12017,train
12018,train
12019,train
12020,train
12021,train
12022,train
12023,val
12024,train
12025,train
12026,train
12027,train
12028,train
12029,train
12030,train
12031,train
12032,train
12033,train
12034,train
12035,train
12036,train
12037,train
12038,val
12039,train
12040,train
12041,train
12042,train
12043,train
12044,train
12045,train
12046,train
12047,train
12048,train
12049,train
12050,train
12051,train
12052,test
12053,val
12054,train
12055,train
12056,train
12057,train
12058,train
12059,train
12060,train
12061,train
12062,train
12063,train
12064,train
12065,train
12066,train
12067,train
12068,test
12069,train
12070,train
12071,train
12072,train
12073,val
12074,test
12075,train
12076,train
12077,train
12078,train
12079,test
12080,train
12081,test
12082,train
12083,train
12084,test
12085,test
12086,val
12087,train
12088,train
12089,train
12090,train
12091,train
12092,train
12093,val
12094,train
12095,train
12096,train
12097,train
12098,train
12099,train
12100,train
12101,train
12102,train
12103,val
12104,train
12105,train
12106,train
12107,train
12108,train
12109,train
12110,test
12111,train
12112,train
12113,train
12114,train
12115,train
12116,train
12117,train
12118,train
12119,val
12120,train
12121,train
12122,train
12123,train
12124,train
12125,train
12126,train
12127,val
12128,train
12129,train
12130,train
12131,train
12132,train
12133,train
12134,train
12135,train
12136,train
12137,train
12138,train
12139,train
12140,test
12141,train
12142,train
12143,train
12144,train
12145,train
12146,train
12147,val
12148,train
12149,train
12150,train
12151,train
12152,train
12153,train
12154,train
12155,train
12156,train
12157,train
12158,train
12159,train
12160,test
12161,train
12162,train
12163,test
12164,train
12165,val
12166,train
12167,train
12168,train
12169,train
12170,train
12171,train
12172,train
12173,train
12174,test
12175,test
12176,test
12177,test
12178,train
12179,train
12180,train
12181,val
12182,train
12183,train
12184,train
12185,train
12186,train
12187,train
12188,train
12189,val
12190,train
12191,train
12192,train
12193,train
12194,train
12195,train
12196,train
12197,train
12198,train
12199,val
12200,train
12201,train
12202,train
12203,train
12204,val
12205,train
12206,train
12207,train
12208,train
12209,train
12210,train
12211,train
12212,train
12213,train
12214,train
12215,train
12216,test
12217,train
12218,train
12219,test
12220,train
12221,train
12222,val
12223,test
12224,train
12225,train
12226,train
12227,train
12228,train
12229,train
12230,train
12231,train
12232,train
12233,train
12234,train
12235,train
12236,train
12237,train
12238,train
12239,train
12240,train
12241,train
12242,train
12243,train
12244,train
12245,train
12246,train
12247,val
12248,train
12249,train
12250,val
12251,train
12252,train
12253,train
12254,train
12255,train
12256,test
12257,train
12258,train
12259,train
12260,val
12261,train
12262,val
12263,train
12264,train
12265,val
12266,train
12267,train
12268,train
12269,test
12270,train
12271,test
12272,train
12273,train
12274,train
12275,train
12276,train
12277,train
12278,val
12279,train
12280,val
12281,train
12282,train
12283,train
12284,train
12285,train
12286,train
12287,train
12288,train
12289,train
12290,train
12291,train
12292,train
12293,train
12294,train
12295,train
12296,val
12297,train
12298,train
12299,train
12300,train
12301,val
12302,train
12303,train
12304,train
12305,val
12306,val
12307,train
12308,train
12309,train
12310,train
12311,train
12312,train
12313,test
12314,train
12315,test
12316,train
12317,train
12318,train
12319,val
12320,train
12321,train
12322,train
12323,val
12324,train
12325,train
12326,train
12327,train
12328,train
12329,train
12330,train
12331,test
12332,train
12333,train
12334,val
12335,train
12336,test
12337,train
12338,train
12339,val
12340,test
12341,train
12342,test
12343,test
12344,train
12345,train
12346,test
12347,test
12348,train
12349,train
12350,test
12351,train
12352,train
12353,train
12354,train
12355,test
12356,train
12357,train
12358,train
12359,train
12360,train
12361,train
12362,train
12363,train
12364,test
12365,train
12366,val
12367,train
12368,train
12369,val
12370,train
12371,val
12372,val
12373,val
12374,train
12375,train
12376,train
12377,train
12378,train
12379,val
12380,test
12381,train
12382,val
12383,train
12384,train
12385,train
12386,train
12387,train
12388,train
12389,train
12390,train
12391,train
12392,test
12393,test
12394,train
12395,test
12396,train
12397,train
12398,train
12399,val
12400,train
12401,train
12402,val
12403,train
12404,train
12405,train
12406,train
12407,test
12408,train
12409,train
12410,train
12411,test
12412,train
12413,val
12414,test
12415,test
12416,test
12417,train
12418,test
12419,train
12420,train
12421,train
12422,train
12423,val
12424,train
12425,train
12426,test
12427,test
12428,train
12429,train
12430,train
12431,train
12432,val
12433,train
12434,val
12435,val
12436,train
12437,train
12438,train
12439,train
12440,test
12441,train
12442,train
12443,train
12444,train
12445,train
12446,val
12447,train
12448,train
12449,train
12450,train
12451,val
12452,train
12453,train
12454,train
12455,train
12456,train
12457,train
12458,train
12459,train
12460,test
12461,train
12462,train
12463,test
12464,test
12465,train
12466,train
12467,train
12468,train
12469,train
12470,train
12471,train
12472,train
12473,train
12474,train
12475,train
12476,train
12477,train
12478,val
12479,test
12480,train
12481,train
12482,train
12483,train
12484,train
12485,train
12486,train
12487,train
12488,train
12489,train
12490,train
12491,test
12492,val
12493,test
12494,val
12495,train
12496,train
12497,val
12498,train
12499,val
12500,train
12501,val
12502,train
12503,train
12504,train
12505,train
12506,train
12507,train
12508,train
12509,train
12510,test
12511,train
12512,train
12513,train
12514,val
12515,train
12516,train
12517,train
12518,train
12519,train
12520,train
12521,test
12522,train
12523,train
12524,test
12525,train
12526,train
12527,train
12528,train
12529,train
12530,train
12531,val
12532,train
12533,train
12534,train
12535,train
12536,train
12537,train
12538,train
12539,train
12540,val
12541,train
12542,train
12543,train
12544,train
12545,train
12546,train
12547,val
12548,train
12549,train
12550,train
12551,train
12552,train
12553,train
12554,train
12555,train
12556,train
12557,train
12558,val
12559,val
12560,train
12561,train
12562,test
12563,train
12564,train
12565,test
12566,test
12567,train
12568,train
12569,test
12570,val
12571,val
12572,train
12573,train
12574,train
12575,train
12576,train
12577,test
12578,train
12579,val
12580,train
12581,train
12582,train
12583,train
12584,train
12585,train
12586,train
12587,train
12588,train
12589,val
12590,train
12591,train
12592,train
12593,train
12594,train
12595,train
12596,test
12597,train
12598,train
12599,train
12600,train
12601,train
12602,train
12603,train
12604,train
12605,train
12606,train
12607,train
12608,train
12609,val
12610,train
12611,train
12612,train
12613,train
12614,train
12615,train
12616,train
12617,val
12618,train
12619,train
12620,val
12621,train
12622,train
12623,train
12624,train
12625,val
12626,train
12627,test
12628,train
12629,train
12630,train
12631,test
12632,train
12633,train
12634,train
12635,train
12636,train
12637,train
12638,train
12639,train
12640,train
12641,train
12642,train
12643,train
12644,train
12645,train
12646,train
12647,train
12648,train
12649,train
12650,train
12651,test
12652,train
12653,train
12654,train
12655,train
12656,test
12657,train
12658,train
12659,train
12660,train
12661,train
12662,train
12663,train
12664,train
12665,train
12666,val
12667,train
12668,train
12669,val
12670,train
12671,train
12672,val
12673,train
12674,train
12675,train
12676,test
12677,test
12678,val
12679,train
12680,val
12681,val
12682,train
12683,train
12684,train
12685,train
12686,train
12687,train
12688,train
12689,train
12690,train
12691,train
12692,val
12693,train
12694,train
12695,train
12696,train
12697,val
12698,train
12699,train
12700,test
12701,train
12702,train
12703,test
12704,train
12705,train
12706,train
12707,train
12708,test
12709,train
12710,train
12711,train
12712,train
12713,test
12714,train
12715,test
12716,train
12717,train
12718,train
12719,val
12720,val
12721,train
12722,val
12723,test
12724,train
12725,train
12726,train
12727,test
12728,train
12729,train
12730,test
12731,train
12732,train
12733,train
12734,train
12735,test
12736,train
12737,train
12738,val
12739,train
12740,train
12741,train
12742,train
12743,train
12744,train
12745,train
12746,train
12747,train
12748,train
12749,train
12750,train
12751,val
12752,test
12753,train
12754,train
12755,train
12756,train
12757,train
12758,val
12759,train
12760,train
12761,train
12762,train
12763,train
12764,val
12765,train
12766,train
12767,train
12768,train
12769,train
12770,train
12771,train
12772,val
12773,train
12774,train
12775,train
12776,train
12777,val
12778,train
12779,train
12780,train
12781,train
12782,train
12783,train
12784,train
12785,train
12786,train
12787,train
12788,train
12789,train
12790,train
12791,train
12792,train
12793,train
12794,train
12795,train
12796,train
12797,train
12798,train
12799,train
12800,train
12801,train
12802,train
12803,val
12804,test
12805,train
12806,train
12807,train
12808,train
12809,train
12810,test
12811,train
12812,test
12813,train
12814,train
12815,train
12816,train
12817,train
12818,train
12819,val
12820,train
12821,train
12822,train
12823,train
12824,train
12825,train
12826,train
12827,train
12828,train
12829,train
12830,train
12831,val
12832,train
12833,train
12834,train
12835,train
12836,val
12837,train
12838,train
12839,train
12840,train
12841,train
12842,test
12843,train
12844,val
12845,train
12846,val
12847,val
12848,test
12849,train
12850,train
12851,train
12852,train
12853,train
12854,train
12855,train
12856,train
12857,train
12858,train
12859,train
12860,train
12861,train
12862,val
12863,train
12864,test
12865,train
12866,train
12867,train
12868,train
12869,train
12870,test
12871,train
12872,train
12873,train
12874,train
12875,train
12876,train
12877,train
12878,train
12879,train
12880,train
12881,val
12882,train
12883,train
12884,val
12885,train
12886,val
12887,train
12888,train
12889,train
12890,train
12891,train
12892,train
12893,test
12894,train
12895,train
12896,train
12897,train
12898,train
12899,train
12900,train
12901,train
12902,train
12903,val
12904,train
12905,train
12906,train
12907,train
12908,train
12909,test
12910,train
12911,train
12912,train
12913,train
12914,train
12915,train
12916,train
12917,train
12918,train
12919,train
12920,train
12921,train
12922,train
12923,train
12924,train
12925,train
12926,train
12927,train
12928,val
12929,train
12930,train
12931,test
12932,train
12933,train
12934,train
12935,train
12936,train
12937,train
12938,train
12939,test
12940,train
12941,test
12942,train
12943,train
12944,test
12945,train
12946,train
12947,train
12948,train
12949,train
12950,train
12951,test
12952,train
12953,train
12954,train
12955,train
12956,test
12957,train
12958,train
12959,train
12960,train
12961,train
12962,train
12963,train
12964,train
12965,test
12966,train
12967,test
12968,train
12969,val
12970,train
12971,val
12972,train
12973,train
12974,train
12975,train
12976,train
12977,test
12978,test
12979,train
12980,train
12981,train
12982,train
12983,test
12984,train
12985,train
12986,train
12987,train
12988,train
12989,train
12990,train
12991,test
12992,train
12993,train
12994,train
12995,train
12996,train
12997,train
12998,train
12999,train
13000,train
13001,train
13002,train
13003,val
13004,train
13005,train
13006,train
13007,train
13008,val
13009,test
13010,train
13011,train
13012,train
13013,train
13014,train
13015,train
13016,train
13017,train
13018,train
13019,test
13020,train
13021,train
13022,train
13023,train
13024,train
13025,train
13026,test
13027,train
13028,train
13029,train
13030,train
13031,train
13032,train
13033,train
13034,train
13035,train
13036,train
13037,train
13038,train
13039,train
13040,train
13041,train
13042,train
13043,train
13044,test
13045,train
13046,train
13047,test
13048,train
13049,train
13050,val
13051,train
13052,train
13053,train
13054,test
13055,train
13056,train
13057,val
13058,train
13059,train
13060,test
13061,test
13062,test
13063,train
13064,train
13065,train
13066,train
13067,train
13068,train
13069,test
13070,train
13071,val
13072,train
13073,val
13074,test
13075,train
13076,train
13077,train
13078,train
13079,val
13080,train
13081,train
13082,train
13083,train
13084,train
13085,train
13086,train
13087,train
13088,train
13089,val
13090,train
13091,train
13092,train
13093,test
13094,train
13095,train
13096,train
13097,train
13098,train
13099,train
13100,train
13101,train
13102,train
13103,train
13104,test
13105,val
13106,val
13107,train
13108,train
13109,train
13110,train
13111,train
13112,train
13113,train
13114,train
13115,train
13116,val
13117,train
13118,train
13119,train
13120,val
13121,train
13122,train
13123,train
13124,test
13125,train
13126,test
13127,val
13128,test
13129,val
13130,train
13131,train
13132,test
13133,train
13134,train
13135,train
13136,train
13137,train
13138,train
13139,train
13140,test
13141,train
13142,train
13143,train
13144,train
13145,train
13146,train
13147,train
13148,test
13149,train
13150,train
13151,train
13152,train
13153,train
13154,train
13155,train
13156,train
13157,val
13158,train
13159,train
13160,train
13161,train
13162,test
13163,train
13164,train
13165,train
13166,train
13167,train
13168,test
13169,train
13170,train
13171,train
13172,train
13173,train
13174,train
13175,train
13176,train
13177,train
13178,train
13179,train
13180,train
13181,train
13182,train
13183,train
13184,train
13185,val
13186,train
13187,train
13188,train
13189,train
13190,train
13191,train
13192,train
13193,val
13194,test
13195,train
13196,train
13197,train
13198,train
13199,train
13200,train
13201,train
13202,val
13203,val
13204,train
13205,train
13206,train
13207,train
13208,test
13209,train
13210,train
13211,train
13212,test
13213,train
13214,test
13215,test
13216,test
13217,train
13218,train
13219,val
13220,train
13221,train
13222,train
13223,train
13224,train
13225,train
13226,train
13227,train
13228,train
13229,train
13230,train
13231,train
13232,train
13233,train
13234,train
13235,train
13236,val
13237,test
13238,train
13239,train
13240,val
13241,train
13242,train
13243,train
13244,train
13245,train
13246,train
13247,train
13248,train
13249,train
13250,train
13251,train
13252,train
13253,train
13254,train
13255,train
13256,train
13257,train
13258,train
13259,train
13260,train
13261,train
13262,train
13263,train
13264,train
13265,train
13266,train
13267,train
13268,train
13269,train
13270,train
13271,train
13272,train
13273,train
13274,train
13275,train
13276,train
13277,train
13278,train
13279,train
13280,val
13281,test
13282,val
13283,train
13284,train
13285,val
13286,train
13287,train
13288,train
13289,train
13290,train
13291,train
13292,train
13293,train
13294,train
13295,train
13296,train
13297,train
13298,train
13299,train
13300,test
13301,train
13302,train
13303,train
13304,train
13305,train
13306,train
13307,val
13308,train
13309,train
13310,train
13311,train
13312,train
13313,test
13314,train
13315,train
13316,train
13317,train
13318,val
13319,train
13320,train
13321,train
13322,train
13323,train
13324,train
13325,train
13326,train
13327,train
13328,train
13329,train
13330,train
13331,train
13332,train
13333,train
13334,train
13335,train
13336,train
13337,train
13338,train
13339,val
13340,test
13341,train
13342,train
13343,val
13344,test
13345,val
13346,train
13347,train
13348,train
13349,train
13350,test
13351,train
13352,train
13353,train
13354,train
13355,train
13356,test
13357,train
13358,val
13359,train
13360,train
13361,train
13362,train
13363,train
13364,test
13365,train
13366,train
13367,train
13368,train
13369,train
13370,train
13371,train
13372,train
13373,train
13374,val
13375,train
13376,test
13377,train
13378,train
13379,val
13380,train
13381,train
13382,train
13383,train
13384,train
13385,train
13386,train
13387,train
13388,train
13389,train
13390,train
13391,train
13392,val
13393,train
13394,test
13395,train
13396,train
13397,train
13398,val
13399,train
13400,train
13401,train
13402,train
13403,train
13404,train
13405,train
13406,train
13407,train
13408,train
13409,test
13410,train
13411,train
13412,train
13413,train
13414,train
13415,train
13416,train
13417,train
13418,train
13419,val
13420,train
13421,train
13422,train
13423,test
13424,test
13425,val
13426,train
13427,train
13428,train
13429,train
13430,train
13431,train
13432,val
13433,val
13434,val
13435,train
13436,train
13437,train
13438,val
13439,train
13440,val
13441,train
13442,test
13443,test
13444,train
13445,val
13446,train
13447,train
13448,train
13449,train
13450,val
13451,val
13452,val
13453,train
13454,test
13455,train
13456,val
13457,train
13458,test
13459,train
13460,val
13461,train
13462,train
13463,train
13464,train
13465,val
13466,test
13467,train
13468,train
13469,train
13470,train
13471,train
13472,train
13473,train
13474,train
13475,train
13476,train
13477,train
13478,train
13479,train
13480,test
13481,train
13482,train
13483,train
13484,train
13485,train
13486,train
13487,train
13488,train
13489,val
13490,train
13491,train
13492,train
13493,val
13494,train
13495,train
13496,train
13497,train
13498,train
13499,train
13500,train
13501,val
13502,train
13503,train
13504,train
13505,train
13506,train
13507,train
13508,train
13509,train
13510,train
13511,val
13512,train
13513,train
13514,train
13515,test
13516,train
13517,val
13518,train
13519,train
13520,train
13521,train
13522,val
13523,val
13524,train
13525,train
13526,train
13527,train
13528,val
13529,train
13530,train
13531,train
13532,train
13533,train
13534,train
13535,train
13536,train
13537,train
13538,train
13539,train
13540,test
13541,train
13542,train
13543,train
13544,train
13545,train
13546,train
13547,train
13548,train
13549,train
13550,train
13551,train
13552,train
13553,train
13554,train
13555,train
13556,train
13557,train
13558,val
13559,train
13560,train
13561,train
13562,train
13563,test
13564,train
13565,train
13566,train
13567,train
13568,test
13569,train
13570,val
13571,train
13572,train
13573,train
13574,train
13575,train
13576,train
13577,train
13578,train
13579,train
13580,test
13581,train
13582,train
13583,train
13584,test
13585,train
13586,train
13587,train
13588,train
13589,val
13590,train
13591,test
13592,train
13593,train
13594,train
13595,train
13596,train
13597,train
13598,train
13599,train
13600,train
13601,val
13602,test
13603,train
13604,train
13605,train
13606,train
13607,train
13608,train
13609,train
13610,train
13611,train
13612,train
13613,train
13614,train
13615,val
13616,train
13617,train
13618,train
13619,train
13620,val
13621,train
13622,train
13623,train
13624,train
13625,train
13626,train
13627,test
13628,train
13629,val
13630,train
13631,train
13632,train
13633,val
13634,test
13635,train
13636,train
13637,train
13638,train
13639,train
13640,train
13641,train
13642,test
13643,val
13644,train
13645,val
13646,train
13647,train
13648,train
13649,train
13650,train
13651,train
13652,train
13653,train
13654,train
13655,val
13656,test
13657,train
13658,train
13659,val
13660,train
13661,train
13662,train
13663,train
13664,train
13665,train
13666,train
13667,train
13668,train
13669,train
13670,train
13671,train
13672,train
13673,train
13674,train
13675,train
13676,train
13677,train
13678,test
13679,train
13680,train
13681,train
13682,train
13683,train
13684,train
13685,val
13686,train
13687,train
13688,train
13689,train
13690,train
13691,train
13692,train
13693,train
13694,train
13695,test
13696,train
13697,train
13698,train
13699,val
13700,train
13701,train
13702,train
13703,train
13704,val
13705,train
13706,train
13707,train
13708,train
13709,test
13710,train
13711,test
13712,train
13713,train
13714,train
13715,val
13716,train
13717,test
13718,test
13719,test
13720,train
13721,val
13722,train
13723,train
13724,train
13725,train
13726,train
13727,train
13728,test
13729,train
13730,train
13731,train
13732,train
13733,train
13734,train
13735,train
13736,test
13737,train
13738,train
13739,train
13740,train
13741,train
13742,train
13743,test
13744,train
13745,test
13746,train
13747,train
13748,train
13749,test
13750,train
13751,val
13752,train
13753,train
13754,test
13755,train
13756,test
13757,train
13758,test
13759,val
13760,train
13761,train
13762,train
13763,train
13764,test
13765,train
13766,train
13767,train
13768,train
13769,train
13770,train
13771,train
13772,train
13773,val
13774,train
13775,train
13776,train
13777,train
13778,test
13779,test
13780,train
13781,train
13782,val
13783,train
13784,train
13785,train
13786,train
13787,train
13788,train
13789,train
13790,train
13791,train
13792,test
13793,train
13794,train
13795,test
13796,train
13797,val
13798,train
13799,train
13800,train
13801,train
13802,train
13803,train
13804,val
13805,train
13806,train
13807,val
13808,train
13809,train
13810,val
13811,test
13812,train
13813,val
13814,train
13815,train
13816,train
13817,train
13818,val
13819,train
13820,train
13821,train
13822,train
13823,test
13824,train
13825,train
13826,train
13827,train
13828,train
13829,train
13830,train
13831,train
13832,train
13833,train
13834,train
13835,train
13836,val
13837,train
13838,train
13839,train
13840,test
13841,train
13842,train
13843,train
13844,train
13845,train
13846,train
13847,val
13848,test
13849,train
13850,train
13851,train
13852,train
13853,train
13854,train
13855,train
13856,train
13857,train
13858,train
13859,train
13860,train
13861,train
13862,train
13863,train
13864,train
13865,train
13866,train
13867,val
13868,val
13869,train
13870,test
13871,train
13872,train
13873,train
13874,train
13875,val
13876,train
13877,train
13878,train
13879,train
13880,train
13881,train
13882,train
13883,train
13884,train
13885,train
13886,train
13887,train
13888,train
13889,test
13890,train
13891,train
13892,train
13893,train
13894,train
13895,train
13896,train
13897,train
13898,train
13899,train
13900,train
13901,train
13902,test
13903,train
13904,test
13905,train
13906,train
13907,val
13908,train
13909,train
13910,test
13911,train
13912,train
13913,train
13914,train
13915,train
13916,train
13917,train
13918,val
13919,test
13920,train
13921,train
13922,train
13923,train
13924,train
13925,train
13926,train
13927,train
13928,train
13929,train
13930,train
13931,test
13932,test
13933,train
13934,train
13935,train
13936,test
13937,train
13938,train
13939,train
13940,train
13941,train
13942,train
13943,train
13944,train
13945,train
13946,train
13947,test
13948,train
13949,val
13950,test
13951,train
13952,train
13953,train
13954,train
13955,train
13956,train
13957,train
13958,train
13959,train
13960,test
13961,train
13962,test
13963,train
13964,train
13965,train
13966,train
13967,train
13968,train
13969,val
13970,val
13971,train
13972,train
13973,train
13974,train
13975,train
13976,train
13977,train
13978,train
13979,train
13980,train
13981,train
13982,train
13983,train
13984,train
13985,train
13986,train
13987,train
13988,train
13989,train
13990,train
13991,train
13992,train
13993,train
13994,train
13995,test
13996,train
13997,train
13998,train
13999,test
14000,train
14001,train
14002,train
14003,test
14004,train
14005,test
14006,train
14007,train
14008,train
14009,train
14010,train
14011,train
14012,test
14013,train
14014,train
14015,train
14016,train
14017,test
14018,train
14019,train
14020,train
14021,train
14022,train
14023,train
14024,train
14025,train
14026,train
14027,train
14028,train
14029,train
14030,train
14031,test
14032,train
14033,train
14034,test
14035,train
14036,train
14037,test
14038,train
14039,train
14040,train
14041,test
14042,train
14043,train
14044,train
14045,train
14046,test
14047,val
14048,train
14049,train
14050,train
14051,train
14052,train
14053,train
14054,test
14055,val
14056,train
14057,train
14058,val
14059,train
14060,train
14061,test
14062,val
14063,train
14064,train
14065,train
14066,train
14067,train
14068,train
14069,val
14070,train
14071,test
14072,train
14073,train
14074,train
14075,train
14076,test
14077,val
14078,val
14079,val
14080,test
14081,train
14082,train
14083,train
14084,train
14085,val
14086,train
14087,train
14088,train
14089,train
14090,test
14091,val
14092,train
14093,test
14094,val
14095,train
14096,train
14097,train
14098,train
14099,train
14100,train
14101,train
14102,train
14103,train
14104,train
14105,train
14106,train
14107,train
14108,train
14109,train
14110,test
14111,train
14112,train
14113,train
14114,train
14115,train
14116,val
14117,train
14118,train
14119,train
14120,val
14121,train
14122,train
14123,train
14124,train
14125,train
14126,train
14127,val
14128,train
14129,train
14130,train
14131,train
14132,train
14133,train
14134,train
14135,test
14136,train
14137,train
14138,train
14139,train
14140,train
14141,train
14142,val
14143,train
14144,train
14145,train
14146,train
14147,train
14148,test
14149,train
14150,train
14151,train
14152,train
14153,train
14154,train
14155,test
14156,train
14157,train
14158,train
14159,train
14160,train
14161,val
14162,train
14163,test
14164,val
14165,train
14166,train
14167,train
14168,test
14169,train
14170,test
14171,train
14172,train
14173,train
14174,train
14175,train
14176,train
14177,train
14178,train
14179,train
14180,train
14181,train
14182,train
14183,train
14184,train
14185,train
14186,train
14187,val
14188,train
14189,train
14190,train
14191,train
14192,train
14193,train
14194,train
14195,train
14196,test
14197,train
14198,train
14199,train
14200,train
14201,train
14202,val
14203,test
14204,train
14205,test
14206,train
14207,train
14208,train
14209,train
14210,test
14211,val
14212,train
14213,val
14214,train
14215,train
14216,train
14217,train
14218,train
14219,train
14220,train
14221,train
14222,train
14223,train
14224,train
14225,train
14226,train
14227,train
14228,train
14229,test
14230,test
14231,train
14232,train
14233,train
14234,train
14235,train
14236,train
14237,train
14238,train
14239,train
14240,train
14241,val
14242,train
14243,train
14244,train
14245,train
14246,train
14247,train
14248,test
14249,train
14250,train
14251,train
14252,train
14253,train
14254,train
14255,train
14256,train
14257,train
14258,train
14259,train
14260,train
14261,train
14262,train
14263,train
14264,train
14265,train
14266,train
14267,train
14268,train
14269,train
14270,train
14271,val
14272,train
14273,train
14274,test
14275,train
14276,train
14277,test
14278,train
14279,train
14280,train
14281,test
14282,train
14283,train
14284,train
14285,train
14286,test
14287,train
14288,train
14289,train
14290,train
14291,train
14292,train
14293,val
14294,test
14295,train
14296,train
14297,train
14298,train
14299,train
14300,train
14301,train
14302,train
14303,train
14304,val
14305,train
14306,train
14307,train
14308,train
14309,train
14310,train
14311,train
14312,train
14313,test
14314,train
14315,train
14316,train
14317,val
14318,train
14319,train
14320,train
14321,train
14322,train
14323,test
14324,train
14325,train
14326,train
14327,train
14328,train
14329,train
14330,train
14331,train
14332,train
14333,train
14334,train
14335,train
14336,train
14337,train
14338,val
14339,train
14340,train
14341,train
14342,train
14343,val
14344,train
14345,train
14346,train
14347,train
14348,train
14349,train
14350,test
14351,val
14352,train
14353,val
14354,train
14355,val
14356,train
14357,train
14358,train
14359,train
14360,train
14361,train
14362,train
14363,train
14364,val
14365,val
14366,train
14367,train
14368,train
14369,train
14370,train
14371,val
14372,train
14373,train
14374,val
14375,train
14376,test
14377,train
14378,train
14379,train
14380,train
14381,train
14382,train
14383,train
14384,test
14385,train
14386,test
14387,train
14388,train
14389,test
14390,train
14391,val
14392,train
14393,val
14394,train
14395,val
14396,test
14397,val
14398,train
14399,train
14400,train
14401,val
14402,test
14403,train
14404,test
14405,val
14406,train
14407,train
14408,train
14409,train
14410,val
14411,train
14412,train
14413,train
14414,train
14415,train
14416,train
14417,train
14418,train
14419,train
14420,train
14421,train
14422,val
14423,val
14424,train
14425,train
14426,train
14427,train
14428,val
14429,train
14430,train
14431,val
14432,val
14433,train
14434,train
14435,train
14436,train
14437,train
14438,train
14439,train
14440,train
14441,train
14442,test
14443,train
14444,train
14445,train
14446,test
14447,train
14448,train
14449,train
14450,train
14451,train
14452,train
14453,train
14454,train
14455,train
14456,val
14457,val
14458,train
14459,train
14460,val
14461,train
14462,train
14463,test
14464,train
14465,train
14466,test
14467,train
14468,train
14469,train
14470,train
14471,train
14472,train
14473,train
14474,train
14475,test
14476,train
14477,test
14478,val
14479,train
14480,train
14481,train
14482,train
14483,val
14484,train
14485,train
14486,train
14487,test
14488,train
14489,train
14490,train
14491,train
14492,train
14493,train
14494,train
14495,train
14496,train
14497,test
14498,train
14499,train
14500,train
14501,train
14502,val
14503,train
14504,train
14505,train
14506,train
14507,train
14508,train
14509,train
14510,train
14511,val
14512,train
14513,train
14514,train
14515,train
14516,train
14517,train
14518,train
14519,train
14520,train
14521,train
14522,train
14523,val
14524,train
14525,train
14526,train
14527,train
14528,train
14529,train
14530,val
14531,train
14532,train
14533,train
14534,train
14535,train
14536,train
14537,train
14538,val
14539,val
14540,train
14541,train
14542,train
14543,val
14544,val
14545,train
14546,train
14547,train
14548,train
14549,val
14550,train
14551,val
14552,train
14553,train
14554,train
14555,train
14556,train
14557,train
14558,train
14559,train
14560,val
14561,train
14562,train
14563,train
14564,train
14565,train
14566,train
14567,train
14568,test
14569,train
14570,train
14571,train
14572,train
14573,train
14574,train
14575,train
14576,train
14577,train
14578,train
14579,train
14580,train
14581,train
14582,train
14583,train
14584,test
14585,train
14586,train
14587,train
14588,train
14589,train
14590,train
14591,train
14592,train
14593,train
14594,train
14595,train
14596,train
14597,train
14598,train
14599,train
14600,val
14601,train
14602,train
14603,train
14604,test
14605,train
14606,train
14607,train
14608,train
14609,train
14610,train
14611,train
14612,train
14613,test
14614,train
14615,train
14616,train
14617,train
14618,train
14619,test
14620,train
14621,train
14622,val
14623,train
14624,train
14625,train
14626,val
14627,val
14628,train
14629,train
14630,train
14631,val
14632,train
14633,train
14634,train
14635,test
14636,train
14637,train
14638,train
14639,train
14640,test
14641,test
14642,train
14643,val
14644,train
14645,train
14646,test
14647,train
14648,train
14649,train
14650,train
14651,train
14652,test
14653,train
14654,train
14655,train
14656,train
14657,train
14658,train
14659,val
14660,train
14661,train
14662,train
14663,train
14664,train
14665,train
14666,train
14667,train
14668,val
14669,train
14670,train
14671,train
14672,train
14673,train
14674,val
14675,train
14676,train
14677,val
14678,train
14679,train
14680,test
14681,train
14682,train
14683,train
14684,train
14685,train
14686,train
14687,train
14688,train
14689,test
14690,train
14691,test
14692,train
14693,train
14694,train
14695,test
14696,train
14697,val
14698,train
14699,val
14700,train
14701,train
14702,train
14703,test
14704,val
14705,test
14706,train
14707,train
14708,val
14709,test
14710,train
14711,train
14712,train
14713,train
14714,train
14715,train
14716,val
14717,train
14718,train
14719,train
14720,val
14721,train
14722,train
14723,train
14724,train
14725,train
14726,train
14727,train
14728,train
14729,train
14730,train
14731,train
14732,train
14733,train
14734,train
14735,train
14736,train
14737,train
14738,train
14739,val
14740,train
14741,train
14742,val
14743,train
14744,train
14745,test
14746,train
14747,train
14748,train
14749,train
14750,test
14751,train
14752,train
14753,train
14754,train
14755,train
14756,train
14757,train
14758,val
14759,train
14760,train
14761,test
14762,train
14763,train
14764,test
14765,train
14766,train
14767,train
14768,val
14769,val
14770,train
14771,train
14772,test
14773,train
14774,train
14775,train
14776,train
14777,train
14778,train
14779,train
14780,train
14781,train
14782,train
14783,train
14784,train
14785,train
14786,train
14787,train
14788,train
14789,train
14790,train
14791,val
14792,test
14793,train
14794,train
14795,train
14796,train
14797,train
14798,test
14799,train
14800,train
14801,train
14802,train
14803,train
14804,train
14805,val
14806,train
14807,test
14808,train
14809,train
14810,test
14811,val
14812,val
14813,train
14814,train
14815,train
14816,val
14817,train
14818,train
14819,val
14820,train
14821,train
14822,train
14823,train
14824,train
14825,train
14826,train
14827,train
14828,train
14829,train
14830,val
14831,train
14832,test
14833,train
14834,train
14835,train
14836,train
14837,train
14838,train
14839,train
14840,train
14841,train
14842,train
14843,train
14844,train
14845,test
14846,train
14847,train
14848,train
14849,train
14850,train
14851,train
14852,train
14853,train
14854,train
14855,train
14856,train
14857,train
14858,train
14859,train
14860,test
14861,train
14862,train
14863,train
14864,val
14865,train
14866,train
14867,test
14868,test
14869,train
14870,train
14871,train
14872,train
14873,train
14874,train
14875,test
14876,train
14877,train
14878,train
14879,test
14880,train
14881,train
14882,train
14883,train
14884,train
14885,train
14886,train
14887,train
14888,val
14889,val
14890,val
14891,train
14892,val
14893,val
14894,train
14895,train
14896,train
14897,train
14898,train
14899,train
14900,train
14901,train
14902,train
14903,train
14904,train
14905,test
14906,train
14907,train
14908,train
14909,train
14910,train
14911,test
14912,train
14913,train
14914,train
14915,train
14916,val
14917,val
14918,train
14919,train
14920,train
14921,train
14922,train
14923,train
14924,train
14925,train
14926,train
14927,train
14928,train
14929,train
14930,train
14931,train
14932,train
14933,train
14934,train
14935,train
14936,train
14937,test
14938,train
14939,train
14940,train
14941,val
14942,train
14943,train
14944,test
14945,test
14946,val
14947,test
14948,train
14949,train
14950,train
14951,train
14952,train
14953,test
14954,train
14955,train
14956,train
14957,test
14958,train
14959,train
14960,train
14961,test
14962,train
14963,train
14964,train
14965,train
14966,test
14967,train
14968,train
14969,train
14970,train
14971,train
14972,test
14973,train
14974,val
14975,test
14976,train
14977,train
14978,train
14979,train
14980,train
14981,test
14982,train
14983,train
14984,train
14985,val
14986,train
14987,train
14988,train
14989,train
14990,train
14991,val
14992,train
14993,train
14994,train
14995,test
14996,train
14997,val
14998,train
14999,train
15000,train
15001,test
15002,train
15003,train
15004,train
15005,train
15006,train
15007,train
15008,train
15009,train
15010,train
15011,test
15012,train
15013,val
15014,train
15015,train
15016,train
15017,val
15018,train
15019,train
15020,val
15021,train
15022,train
15023,train
15024,train
15025,train
15026,train
15027,train
15028,test
15029,val
15030,train
15031,train
15032,train
15033,train
15034,val
15035,train
15036,train
15037,test
15038,train
15039,train
15040,train
15041,train
15042,train
15043,train
15044,train
15045,train
15046,train
15047,val
15048,test
15049,train
15050,train
15051,train
15052,train
15053,train
15054,train
15055,train
15056,train
15057,train
15058,train
15059,train
15060,train
15061,train
15062,train
15063,train
15064,val
15065,train
15066,train
15067,train
15068,val
15069,train
15070,test
15071,train
15072,train
15073,val
15074,train
15075,train
15076,train
15077,train
15078,train
15079,train
15080,train
15081,val
15082,train
15083,train
15084,train
15085,train
15086,train
15087,train
15088,test
15089,train
15090,train
15091,test
15092,train
15093,train
15094,train
15095,train
15096,train
15097,train
15098,train
15099,train
15100,train
15101,test
15102,train
15103,train
15104,train
15105,train
15106,train
15107,train
15108,val
15109,val
15110,train
15111,train
15112,train
15113,train
15114,train
15115,train
15116,train
15117,train
15118,train
15119,train
15120,val
15121,train
15122,train
15123,train
15124,train
15125,train
15126,train
15127,val
15128,train
15129,train
15130,train
15131,val
15132,train
15133,train
15134,train
15135,train
15136,val
15137,train
15138,train
15139,train
15140,train
15141,train
15142,train
15143,train
15144,train
15145,train
15146,train
15147,train
15148,val
15149,train
15150,test
15151,train
15152,train
15153,train
15154,train
15155,train
15156,train
15157,train
15158,train
15159,train
15160,train
15161,train
15162,test
15163,train
15164,train
15165,train
15166,train
15167,train
15168,train
15169,train
15170,train
15171,train
15172,train
15173,train
15174,test
15175,train
15176,train
15177,train
15178,train
15179,train
15180,train
15181,train
15182,train
15183,train
15184,train
15185,train
15186,train
15187,val
15188,train
15189,train
15190,val
15191,train
15192,train
15193,train
15194,test
15195,train
15196,train
15197,train
15198,train
15199,train
15200,train
15201,train
15202,test
15203,train
15204,train
15205,train
15206,train
15207,train
15208,train
15209,train
15210,train
15211,train
15212,train
15213,test
15214,train
15215,test
15216,train
15217,train
15218,train
15219,train
15220,test
15221,test
15222,train
15223,train
15224,test
15225,train
15226,train
15227,val
15228,train
15229,train
15230,train
15231,val
15232,train
15233,train
15234,train
15235,train
15236,train
15237,val
15238,train
15239,train
15240,train
15241,val
15242,train
15243,train
15244,test
15245,test
15246,train
15247,train
15248,train
15249,val
15250,val
15251,train
15252,val
15253,val
15254,train
15255,train
15256,train
15257,train
15258,train
15259,train
15260,test
15261,train
15262,train
15263,train
15264,test
15265,val
15266,train
15267,train
15268,train
15269,train
15270,train
15271,train
15272,test
15273,train
15274,train
15275,train
15276,train
15277,train
15278,train
15279,train
15280,train
15281,train
15282,train
15283,train
15284,val
15285,train
15286,train
15287,val
15288,train
15289,train
15290,train
15291,train
15292,train
15293,train
15294,train
15295,train
15296,train
15297,train
15298,train
15299,train
15300,train
15301,test
15302,val
15303,train
15304,train
15305,train
15306,train
15307,test
15308,train
15309,train
15310,train
15311,train
15312,train
15313,train
15314,test
15315,train
15316,train
15317,train
15318,train
15319,val
15320,train
15321,train
15322,train
15323,train
15324,train
15325,train
15326,train
15327,val
15328,train
15329,train
15330,test
15331,train
15332,train
15333,val
15334,val
15335,train
15336,train
15337,train
15338,train
15339,train
15340,train
15341,train
15342,train
15343,test
15344,train
15345,train
15346,train
15347,train
15348,train
15349,train
15350,train
15351,train
15352,train
15353,test
15354,train
15355,train
15356,train
15357,val
15358,train
15359,train
15360,train
15361,val
15362,train
15363,train
15364,train
15365,train
15366,val
15367,train
15368,train
15369,train
15370,train
15371,val
15372,train
15373,train
15374,val
15375,train
15376,test
15377,train
15378,test
15379,train
15380,train
15381,train
15382,train
15383,test
15384,train
15385,train
15386,train
15387,train
15388,train
15389,train
15390,test
15391,train
15392,test
15393,train
15394,test
15395,train
15396,train
15397,train
15398,train
15399,train
15400,test
15401,train
15402,train
15403,train
15404,train
15405,val
15406,train
15407,train
15408,train
15409,train
15410,train
15411,train
15412,train
15413,train
15414,train
15415,train
15416,train
15417,train
15418,train
15419,train
15420,train
15421,train
15422,val
15423,val
15424,train
15425,train
15426,train
15427,train
15428,train
15429,train
15430,train
15431,train
15432,val
15433,train
15434,train
15435,train
15436,train
15437,train
15438,train
15439,test
15440,train
15441,train
15442,train
15443,train
15444,train
15445,train
15446,train
15447,train
15448,train
15449,train
15450,val
15451,train
15452,train
15453,train
15454,train
15455,train
15456,train
15457,train
15458,test
15459,val
15460,train
15461,test
15462,train
15463,val
15464,train
15465,train
15466,train
15467,train
15468,train
15469,train
15470,val
15471,train
15472,val
15473,train
15474,val
15475,train
15476,train
15477,train
15478,train
15479,train
15480,val
15481,train
15482,train
15483,train
15484,train
15485,test
15486,train
15487,train
15488,train
15489,train
15490,train
15491,train
15492,train
15493,train
15494,train
15495,train
15496,train
15497,train
15498,train
15499,train
15500,train
15501,val
15502,train
15503,test
15504,val
15505,train
15506,train
15507,train
15508,train
15509,train
15510,train
15511,train
15512,train
15513,train
15514,train
15515,train
15516,train
15517,train
15518,train
15519,train
15520,train
15521,train
15522,train
15523,val
15524,test
15525,test
15526,train
15527,train
15528,train
15529,train
15530,train
15531,train
15532,test
15533,train
15534,val
15535,test
15536,train
15537,train
15538,val
15539,val
15540,val
15541,train
15542,train
15543,train
15544,train
15545,test
15546,val
15547,test
15548,train
15549,train
15550,train
15551,test
15552,test
15553,train
15554,test
15555,train
15556,train
15557,test
15558,train
15559,train
15560,train
15561,train
15562,train
15563,val
15564,train
15565,train
15566,val
15567,train
15568,train
15569,test
15570,train
15571,train
15572,val
15573,train
15574,train
15575,train
15576,train
15577,train
15578,test
15579,train
15580,train
15581,train
15582,val
15583,test
15584,train
15585,train
15586,train
15587,train
15588,train
15589,train
15590,train
15591,train
15592,train
15593,test
15594,train
15595,train
15596,train
15597,val
15598,train
15599,train
15600,train
15601,train
15602,train
15603,train
15604,train
15605,train
15606,train
15607,train
15608,train
15609,train
15610,train
15611,train
15612,train
15613,val
15614,train
15615,val
15616,train
15617,train
15618,val
15619,train
15620,train
15621,train
15622,val
15623,train
15624,train
15625,train
15626,train
15627,train
15628,train
15629,test
15630,train
15631,val
15632,train
15633,train
15634,train
15635,train
15636,train
15637,train
15638,train
15639,train
15640,train
15641,train
15642,train
15643,val
15644,train
15645,train
15646,train
15647,train
15648,val
15649,train
15650,train
15651,train
15652,train
15653,val
15654,train
15655,train
15656,train
15657,test
15658,train
15659,train
15660,train
15661,train
15662,train
15663,train
15664,train
15665,train
15666,train
15667,train
15668,train
15669,val
15670,test
15671,train
15672,train
15673,train
15674,test
15675,train
15676,train
15677,train
15678,train
15679,train
15680,train
15681,train
15682,train
15683,val
15684,train
15685,train
15686,train
15687,val
15688,train
15689,train
15690,train
15691,train
15692,train
15693,test
15694,test
15695,train
15696,train
15697,train
15698,train
15699,train
15700,train
15701,val
15702,train
15703,train
15704,test
15705,train
15706,train
15707,val
15708,train
15709,train
15710,val
15711,val
15712,train
15713,train
15714,train
15715,test
15716,train
15717,test
15718,test
15719,train
15720,train
15721,train
15722,train
15723,val
15724,val
15725,val
15726,train
15727,train
15728,train
15729,train
15730,train
15731,train
15732,train
15733,train
15734,train
15735,train
15736,val
15737,val
15738,test
15739,test
15740,train
15741,val
15742,train
15743,train
15744,train
15745,train
15746,train
15747,train
15748,train
15749,train
15750,val
15751,train
15752,val
15753,train
15754,train
15755,train
15756,test
15757,train
15758,train
15759,train
15760,train
15761,train
15762,train
15763,test
15764,train
15765,train
15766,train
15767,train
15768,train
15769,test
15770,test
15771,test
15772,train
15773,train
15774,train
15775,train
15776,train
15777,test
15778,train
15779,train
15780,train
15781,train
15782,train
15783,train
15784,train
15785,test
15786,val
15787,train
15788,val
15789,train
15790,train
15791,val
15792,val
15793,train
15794,train
15795,train
15796,train
15797,test
15798,train
15799,train
15800,test
15801,train
15802,train
15803,train
15804,train
15805,val
15806,train
15807,train
15808,test
15809,test
15810,train
15811,test
15812,train
15813,train
15814,train
15815,train
15816,test
15817,test
15818,val
15819,train
15820,train
15821,train
15822,train
15823,train
15824,train
15825,train
15826,val
15827,train
15828,train
15829,test
15830,train
15831,train
15832,test
15833,train
15834,train
15835,train
15836,train
15837,train
15838,train
15839,test
15840,train
15841,train
15842,train
15843,val
15844,train
15845,train
15846,train
15847,train
15848,test
15849,train
15850,val
15851,train
15852,train
15853,val
15854,train
15855,test
15856,train
15857,train
15858,train
15859,train
15860,train
15861,train
15862,train
15863,train
15864,train
15865,train
15866,val
15867,train
15868,train
15869,train
15870,train
15871,train
15872,train
15873,train
15874,train
15875,train
15876,test
15877,val
15878,train
15879,train
15880,train
15881,train
15882,train
15883,test
15884,test
15885,train
15886,test
15887,val
15888,train
15889,val
15890,train
15891,train
15892,train
15893,train
15894,train
15895,train
15896,train
15897,train
15898,train
15899,val
15900,train
15901,train
15902,train
15903,train
15904,train
15905,train
15906,test
15907,test
15908,train
15909,train
15910,test
15911,train
15912,test
15913,train
15914,train
15915,test
15916,test
15917,train
15918,train
15919,train
15920,test
15921,train
15922,train
15923,train
15924,train
15925,val
15926,train
15927,train
15928,test
15929,train
15930,train
15931,test
15932,val
15933,train
15934,test
15935,train
15936,train
15937,test
15938,train
15939,train
15940,val
15941,train
15942,train
15943,train
15944,train
15945,train
15946,train
15947,train
15948,train
15949,train
15950,test
15951,train
15952,train
15953,train
15954,val
15955,test
15956,train
15957,train
15958,train
15959,train
15960,test
15961,train
15962,train
15963,train
15964,val
15965,train
15966,test
15967,train
15968,train
15969,train
15970,train
15971,train
15972,val
15973,test
15974,train
15975,val
15976,train
15977,train
15978,train
15979,test
15980,train
15981,val
15982,val
15983,train
15984,train
15985,train
15986,train
15987,train
15988,train
15989,train
15990,val
15991,train
15992,train
15993,train
15994,train
15995,train
15996,test
15997,train
15998,train
15999,train
16000,train
16001,val
16002,train
16003,train
16004,train
16005,train
16006,train
16007,train
16008,train
16009,train
16010,val
16011,train
16012,val
16013,train
16014,train
16015,train
16016,train
16017,train
16018,train
16019,train
16020,train
16021,train
16022,train
16023,train
16024,test
16025,test
16026,train
16027,val
16028,train
16029,train
16030,train
16031,train
16032,train
16033,train
16034,train
16035,train
16036,val
16037,train
16038,train
16039,val
16040,train
16041,val
16042,train
16043,train
16044,train
16045,train
16046,val
16047,test
16048,train
16049,train
16050,train
16051,test
16052,train
16053,test
16054,train
16055,train
16056,val
16057,train
16058,test
16059,train
16060,train
16061,train
16062,val
16063,train
16064,train
16065,train
16066,train
16067,train
16068,train
16069,train
16070,val
16071,train
16072,train
16073,train
16074,train
16075,train
16076,train
16077,train
16078,train
16079,train
16080,train
16081,train
16082,test
16083,test
16084,train
16085,train
16086,train
16087,train
16088,train
16089,val
16090,val
16091,train
16092,train
16093,train
16094,train
16095,train
16096,train
16097,train
16098,train
16099,train
16100,train
16101,train
16102,train
16103,train
16104,train
16105,train
16106,train
16107,val
16108,train
16109,train
16110,train
16111,train
16112,train
16113,train
16114,train
16115,train
16116,train
16117,train
16118,train
16119,train
16120,val
16121,train
16122,test
16123,train
16124,test
16125,test
16126,test
16127,train
16128,val
16129,train
16130,val
16131,train
16132,val
16133,train
16134,train
16135,train
16136,train
16137,train
16138,train
16139,train
16140,train
16141,val
16142,train
16143,train
16144,test
16145,train
16146,train
16147,train
16148,train
16149,train
16150,train
16151,train
16152,train
16153,train
16154,test
16155,train
16156,train
16157,train
16158,val
16159,train
16160,train
16161,train
16162,val
16163,val
16164,train
16165,train
16166,train
16167,train
16168,train
16169,train
16170,train
16171,val
16172,train
16173,train
16174,train
16175,train
16176,train
16177,train
16178,train
16179,train
16180,train
16181,val
16182,train
16183,val
16184,train
16185,train
16186,train
16187,train
16188,train
16189,train
16190,train
16191,train
16192,train
16193,train
16194,train
16195,train
16196,train
16197,train
16198,train
16199,val
16200,train
16201,train
16202,train
16203,val
16204,train
16205,train
16206,train
16207,train
16208,train
16209,train
16210,train
16211,test
16212,val
16213,train
16214,train
16215,test
16216,train
16217,test
16218,train
16219,train
16220,test
16221,train
16222,train
16223,train
16224,train
16225,train
16226,train
16227,train
16228,train
16229,train
16230,train
16231,train
16232,train
16233,train
16234,train
16235,train
16236,train
16237,test
16238,train
16239,val
16240,val
16241,test
16242,train
16243,train
16244,train
16245,train
16246,train
16247,train
16248,train
16249,test
16250,train
16251,train
16252,test
16253,train
16254,train
16255,train
16256,test
16257,train
16258,train
16259,test
16260,val
16261,val
16262,train
16263,train
16264,train
16265,train
16266,test
16267,train
16268,val
16269,val
16270,train
16271,train
16272,val
16273,train
16274,val
16275,train
16276,train
16277,train
16278,train
16279,test
16280,train
16281,train
16282,test
16283,train
16284,train
16285,train
16286,train
16287,train
16288,test
16289,train
16290,train
16291,train
16292,train
16293,train
16294,train
16295,train
16296,train
16297,train
16298,train
16299,train
16300,train
16301,train
16302,train
16303,train
16304,train
16305,train
16306,train
16307,train
16308,train
16309,train
16310,train
16311,train
16312,train
16313,train
16314,train
16315,test
16316,val
16317,train
16318,train
16319,train
16320,test
16321,train
16322,train
16323,train
16324,train
16325,val
16326,train
16327,train
16328,train
16329,train
16330,test
16331,test
16332,train
16333,train
16334,test
16335,train
16336,val
16337,train
16338,train
16339,train
16340,train
16341,val
16342,train
16343,train
16344,val
16345,train
16346,train
16347,train
16348,train
16349,train
16350,test
16351,train
16352,train
16353,train
16354,train
16355,val
16356,train
16357,train
16358,test
16359,train
16360,train
16361,train
16362,train
16363,train
16364,train
16365,train
16366,train
16367,train
16368,train
16369,train
16370,train
16371,train
16372,train
16373,test
16374,train
16375,train
16376,train
16377,train
16378,train
16379,train
16380,train
16381,test
16382,train
16383,train
16384,train
16385,train
16386,train
16387,train
16388,train
16389,val
16390,val
16391,val
16392,train
16393,train
16394,train
16395,train
16396,train
16397,train
16398,train
16399,train
16400,train
16401,train
16402,train
16403,train
16404,train
16405,train
16406,train
16407,train
16408,test
16409,train
16410,train
16411,train
16412,train
16413,train
16414,train
16415,val
16416,train
16417,train
16418,test
16419,train
16420,val
16421,train
16422,train
16423,train
16424,train
16425,train
16426,train
16427,train
16428,train
16429,train
16430,train
16431,train
16432,train
16433,train
16434,val
16435,train
16436,train
16437,val
16438,train
16439,train
16440,train
16441,train
16442,train
16443,train
16444,train
16445,train
16446,train
16447,test
16448,val
16449,val
16450,val
16451,train
16452,train
16453,train
16454,val
16455,train
16456,train
16457,test
16458,train
16459,train
16460,train
16461,train
16462,train
16463,train
16464,train
16465,train
16466,train
16467,train
16468,train
16469,train
16470,train
16471,train
16472,train
16473,train
16474,train
16475,val
16476,train
16477,train
16478,train
16479,train
16480,test
16481,val
16482,train
16483,train
16484,val
16485,test
16486,train
16487,train
16488,test
16489,train
16490,val
16491,train
16492,train
16493,train
16494,train
16495,train
16496,train
16497,train
16498,train
16499,test
16500,train
16501,train
16502,train
16503,train
16504,train
16505,val
16506,val
16507,val
16508,train
16509,val
16510,train
16511,train
16512,train
16513,train
16514,train
16515,train
16516,test
16517,train
16518,train
16519,train
16520,train
16521,train
16522,test
16523,train
16524,val
16525,train
16526,test
16527,train
16528,train
16529,train
16530,test
16531,train
16532,train
16533,test
16534,train
16535,train
16536,val
16537,train
16538,train
16539,train
16540,train
16541,test
16542,train
16543,val
16544,train
16545,val
16546,test
16547,train
16548,val
16549,train
16550,train
16551,train
16552,train
16553,train
16554,train
16555,train
16556,train
16557,train
16558,train
16559,train
16560,train
16561,train
16562,train
16563,train
16564,val
16565,train
16566,train
16567,train
16568,train
16569,train
16570,train
16571,test
16572,train
16573,train
16574,train
16575,test
16576,train
16577,val
16578,train
16579,train
16580,train
16581,train
16582,val
16583,test
16584,train
16585,test
16586,train
16587,test
16588,train
16589,train
16590,train
16591,train
16592,train
16593,train
16594,train
16595,train
16596,train
16597,train
16598,train
16599,train
16600,train
16601,train
16602,train
16603,train
16604,train
16605,train
16606,train
16607,train
16608,train
16609,train
16610,train
16611,train
16612,train
16613,val
16614,train
16615,train
16616,train
16617,train
16618,train
16619,train
16620,test
16621,train
16622,train
16623,train
16624,train
16625,train
16626,train
16627,train
16628,train
16629,train
16630,test
16631,val
16632,train
16633,train
16634,train
16635,train
16636,val
16637,train
16638,train
16639,train
16640,train
16641,train
16642,train
16643,val
16644,train
16645,test
16646,train
16647,test
16648,train
16649,train
16650,val
16651,train
16652,test
16653,train
16654,train
16655,train
16656,train
16657,test
16658,train
16659,train
16660,test
16661,train
16662,train
16663,train
16664,train
16665,train
16666,train
16667,train
16668,train
16669,train
16670,train
16671,val
16672,train
16673,train
16674,train
16675,train
16676,train
16677,test
16678,val
16679,test
16680,train
16681,test
16682,test
16683,val
16684,train
16685,train
16686,val
16687,train
16688,train
16689,val
16690,train
16691,train
16692,train
16693,train
16694,train
16695,train
16696,train
16697,val
16698,train
16699,train
16700,train
16701,train
16702,train
16703,train
16704,train
16705,train
16706,train
16707,train
16708,train
16709,train
16710,val
16711,val
16712,train
16713,val
16714,train
16715,train
16716,train
16717,train
16718,train
16719,train
16720,train
16721,train
16722,train
16723,val
16724,train
16725,train
16726,train
16727,train
16728,val
16729,train
16730,val
16731,train
16732,train
16733,train
16734,train
16735,train
16736,train
16737,train
16738,train
16739,train
16740,train
16741,train
16742,val
16743,train
16744,train
16745,train
16746,train
16747,train
16748,test
16749,train
16750,train
16751,test
16752,train
16753,train
16754,train
16755,val
16756,train
16757,train
16758,train
16759,train
16760,val
16761,train
16762,train
16763,test
16764,train
16765,train
16766,val
16767,val
16768,train
16769,train
16770,train
16771,train
16772,test
16773,train
16774,train
16775,val
16776,train
16777,train
16778,train
16779,train
16780,train
16781,train
16782,val
16783,train
16784,train
16785,val
16786,train
16787,train
16788,test
16789,test
16790,val
16791,val
16792,train
16793,train
16794,val
16795,train
16796,train
16797,train
16798,train
16799,train
16800,train
16801,train
16802,train
16803,train
16804,train
16805,val
16806,train
16807,train
16808,train
16809,train
16810,train
16811,train
16812,train
16813,train
16814,train
16815,train
16816,train
16817,train
16818,train
16819,train
16820,train
16821,train
16822,train
16823,train
16824,train
16825,train
16826,val
16827,train
16828,train
16829,val
16830,train
16831,train
16832,train
16833,val
16834,test
16835,train
16836,test
16837,train
16838,train
16839,test
16840,train
16841,train
16842,train
16843,train
16844,test
16845,val
16846,train
16847,train
16848,train
16849,train
16850,train
16851,train
16852,train
16853,test
16854,test
16855,train
16856,train
16857,train
16858,train
16859,train
16860,val
16861,train
16862,val
16863,train
16864,train
16865,train
16866,val
16867,train
16868,train
16869,train
16870,train
16871,train
16872,val
16873,train
16874,val
16875,train
16876,train
16877,train
16878,train
16879,train
16880,train
16881,train
16882,test
16883,train
16884,train
16885,train
16886,train
16887,train
16888,train
16889,train
16890,train
16891,train
16892,train
16893,test
16894,train
16895,train
16896,train
16897,train
16898,train
16899,test
16900,train
16901,val
16902,train
16903,train
16904,train
16905,test
16906,train
16907,val
16908,train
16909,train
16910,train
16911,train
16912,train
16913,test
16914,train
16915,train
16916,test
16917,train
16918,train
16919,test
16920,train
16921,train
16922,train
16923,train
16924,test
16925,train
16926,train
16927,train
16928,val
16929,train
16930,val
16931,val
16932,train
16933,train
16934,train
16935,train
16936,val
16937,train
16938,train
16939,train
16940,train
16941,train
16942,val
16943,train
16944,train
16945,train
16946,train
16947,train
16948,train
16949,val
16950,train
16951,val
16952,train
16953,train
16954,train
16955,test
16956,train
16957,val
16958,train
16959,train
16960,train
16961,train
16962,train
16963,train
16964,val
16965,train
16966,train
16967,train
16968,test
16969,train
16970,test
16971,train
16972,test
16973,train
16974,test
16975,train
16976,train
16977,train
16978,train
16979,train
16980,val
16981,train
16982,val
16983,train
16984,train
16985,train
16986,val
16987,val
16988,train
16989,train
16990,train
16991,train
16992,val
16993,train
16994,train
16995,train
16996,val
16997,test
16998,train
16999,train
17000,test
17001,train
17002,train
17003,train
17004,test
17005,train
17006,train
17007,train
17008,train
17009,val
17010,test
17011,train
17012,train
17013,train
17014,train
17015,train
17016,train
17017,train
17018,train
17019,test
17020,train
17021,train
17022,test
17023,test
17024,val
17025,train
17026,train
17027,train
17028,train
17029,train
17030,train
17031,train
17032,train
17033,val
17034,val
17035,train
17036,test
17037,train
17038,train
17039,train
17040,train
17041,train
17042,train
17043,train
17044,test
17045,train
17046,train
17047,train
17048,test
17049,train
17050,train
17051,train
17052,train
17053,test
17054,train
17055,test
17056,val
17057,val
17058,train
17059,train
17060,train
17061,train
17062,train
17063,val
17064,train
17065,train
17066,train
17067,train
17068,train
17069,train
17070,train
17071,train
17072,train
17073,train
17074,train
17075,train
17076,train
17077,train
17078,train
17079,val
17080,train
17081,test
17082,train
17083,train
17084,val
17085,train
17086,train
17087,train
17088,train
17089,train
17090,train
17091,train
17092,test
17093,val
17094,train
17095,train
17096,train
17097,train
17098,train
17099,val
17100,train
17101,train
17102,train
17103,test
17104,test
17105,test
17106,train
17107,train
17108,train
17109,test
17110,train
17111,train
17112,train
17113,val
17114,train
17115,train
17116,train
17117,test
17118,train
17119,train
17120,train
17121,train
17122,val
17123,train
17124,train
17125,train
17126,train
17127,train
17128,train
17129,train
17130,train
17131,train
17132,train
17133,test
17134,val
17135,train
17136,train
17137,train
17138,train
17139,train
17140,val
17141,train
17142,train
17143,train
17144,train
17145,train
17146,train
17147,train
17148,train
17149,train
17150,train
17151,train
17152,train
17153,val
17154,train
17155,train
17156,train
17157,test
17158,train
17159,train
17160,train
17161,train
17162,train
17163,train
17164,train
17165,train
17166,val
17167,train
17168,train
17169,train
17170,train
17171,train
17172,train
17173,train
17174,train
17175,train
17176,train
17177,train
17178,train
17179,train
17180,train
17181,train
17182,train
17183,train
17184,val
17185,train
17186,train
17187,train
17188,train
17189,train
17190,train
17191,train
17192,test
17193,test
17194,train
17195,train
17196,train
17197,train
17198,train
17199,train
17200,test
17201,train
17202,train
17203,train
17204,train
17205,train
17206,train
17207,test
17208,train
17209,test
17210,train
17211,train
17212,train
17213,train
17214,train
17215,train
17216,train
17217,train
17218,train
17219,train
17220,val
17221,test
17222,train
17223,train
17224,train
17225,val
17226,train
17227,val
17228,train
17229,train
17230,train
17231,train
17232,val
17233,train
17234,train
17235,train
17236,train
17237,train
17238,train
17239,train
17240,train
17241,test
17242,train
17243,train
17244,train
17245,train
17246,train
17247,train
17248,train
17249,train
17250,train
17251,train
17252,val
17253,train
17254,val
17255,test
17256,train
17257,train
17258,train
17259,train
17260,train
17261,train
17262,val
17263,train
17264,train
17265,train
17266,train
17267,train
17268,train
17269,train
17270,train
17271,train
17272,val
17273,val
17274,train
17275,train
17276,train
17277,train
17278,train
17279,train
17280,train
17281,train
17282,train
17283,train
17284,train
17285,train
17286,val
17287,train
17288,val
17289,train
17290,train
17291,train
17292,train
17293,train
17294,train
17295,train
17296,train
17297,train
17298,train
17299,train
17300,train
17301,train
17302,train
17303,train
17304,train
17305,train
17306,train
17307,train
17308,train
17309,train
17310,val
17311,val
17312,train
17313,train
17314,train
17315,train
17316,val
17317,train
17318,train
17319,train
17320,train
17321,train
17322,val
17323,train
17324,train
17325,val
17326,train
17327,train
17328,val
17329,train
17330,train
17331,train
17332,train
17333,train
17334,train
17335,train
17336,train
17337,train
17338,train
17339,train
17340,train
17341,train
17342,train
17343,train
17344,train
17345,train
17346,train
17347,val
17348,train
17349,train
17350,train
17351,train
17352,train
17353,train
17354,train
17355,train
17356,val
17357,train
17358,train
17359,train
17360,val
17361,train
17362,train
17363,train
17364,train
17365,test
17366,train
17367,train
17368,test
17369,train
17370,train
17371,train
17372,train
17373,val
17374,train
17375,train
17376,train
17377,train
17378,train
17379,train
17380,train
17381,train
17382,train
17383,train
17384,train
17385,train
17386,train
17387,val
17388,train
17389,test
17390,test
17391,train
17392,train
17393,train
17394,val
17395,train
17396,train
17397,train
17398,train
17399,train
17400,val
17401,train
17402,train
17403,train
17404,train
17405,train
17406,train
17407,val
17408,train
17409,test
17410,train
17411,train
17412,val
17413,train
17414,train
17415,train
17416,test
17417,train
17418,train
17419,val
17420,train
17421,train
17422,val
17423,train
17424,train
17425,train
17426,train
17427,train
17428,train
17429,train
17430,val
17431,test
17432,train
17433,train
17434,train
17435,train
17436,train
17437,val
17438,train
17439,train
17440,train
17441,train
17442,train
17443,test
17444,test
17445,train
17446,train
17447,train
17448,train
17449,train
17450,train
17451,val
17452,train
17453,train
17454,train
17455,train
17456,train
17457,train
17458,val
17459,train
17460,train
17461,train
17462,train
17463,train
17464,train
17465,train
17466,train
17467,train
17468,train
17469,train
17470,val
17471,train
17472,train
17473,train
17474,train
17475,train
17476,train
17477,test
17478,test
17479,train
17480,val
17481,train
17482,train
17483,train
17484,test
17485,train
17486,test
17487,train
17488,train
17489,train
17490,val
17491,train
17492,train
17493,train
17494,train
17495,train
17496,train
17497,train
17498,train
17499,train
17500,train
17501,train
17502,train
17503,train
17504,train
17505,train
17506,train
17507,train
17508,test
17509,train
17510,train
17511,train
17512,train
17513,train
17514,train
17515,val
17516,train
17517,test
17518,train
17519,train
17520,train
17521,train
17522,test
17523,train
17524,train
17525,train
17526,train
17527,test
17528,train
17529,val
17530,val
17531,train
17532,train
17533,train
17534,train
17535,train
17536,train
17537,val
17538,train
17539,train
17540,train
17541,train
17542,test
17543,train
17544,train
17545,train
17546,train
17547,train
17548,val
17549,train
17550,train
17551,train
17552,train
17553,train
17554,train
17555,train
17556,train
17557,train
17558,train
17559,test
17560,train
17561,val
17562,test
17563,val
17564,train
17565,train
17566,train
17567,train
17568,train
17569,train
17570,val
17571,train
17572,train
17573,train
17574,train
17575,train
17576,train
17577,train
17578,train
17579,train
17580,train
17581,train
17582,val
17583,train
17584,test
17585,train
17586,train
17587,train
17588,train
17589,train
17590,train
17591,train
17592,train
17593,val
17594,train
17595,train
17596,train
17597,train
17598,train
17599,train
17600,train
17601,train
17602,train
17603,test
17604,train
17605,train
17606,train
17607,train
17608,train
17609,train
17610,train
17611,train
17612,train
17613,train
17614,train
17615,train
17616,train
17617,train
17618,train
17619,val
17620,train
17621,train
17622,train
17623,train
17624,train
17625,test
17626,train
17627,train
17628,train
17629,train
17630,train
17631,train
17632,val
17633,test
17634,train
17635,train
17636,train
17637,train
17638,train
17639,val
17640,test
17641,train
17642,train
17643,train
17644,train
17645,train
17646,train
17647,test
17648,train
17649,train
17650,test
17651,train
17652,val
17653,train
17654,train
17655,train
17656,test
17657,train
17658,test
17659,test
17660,train
17661,train
17662,train
17663,train
17664,train
17665,train
17666,train
17667,test
17668,train
17669,train
17670,train
17671,test
17672,train
17673,val
17674,train
17675,train
17676,train
17677,val
17678,train
17679,train
17680,train
17681,train
17682,train
17683,test
17684,train
17685,train
17686,train
17687,train
17688,train
17689,train
17690,train
17691,train
17692,train
17693,train
17694,train
17695,train
17696,train
17697,train
17698,val
17699,train
17700,train
17701,test
17702,test
17703,train
17704,train
17705,train
17706,test
17707,train
17708,val
17709,train
17710,train
17711,test
17712,train
17713,train
17714,train
17715,train
17716,test
17717,train
17718,val
17719,train
17720,train
17721,train
17722,train
17723,train
17724,train
17725,val
17726,train
17727,test
17728,train
17729,val
17730,train
17731,test
17732,train
17733,train
17734,train
17735,val
17736,train
17737,train
17738,train
17739,train
17740,train
17741,train
17742,train
17743,train
17744,test
17745,train
17746,train
17747,train
17748,test
17749,train
17750,val
17751,test
17752,val
17753,train
17754,train
17755,train
17756,train
17757,test
17758,train
17759,train
17760,train
17761,train
17762,train
17763,train
17764,train
17765,val
17766,train
17767,train
17768,test
17769,train
17770,train
17771,train
17772,train
17773,test
17774,train
17775,train
17776,train
17777,train
17778,train
17779,train
17780,train
17781,train
17782,train
17783,train
17784,train
17785,train
17786,train
17787,test
17788,train
17789,train
17790,val
17791,train
17792,train
17793,val
17794,train
17795,train
17796,train
17797,test
17798,test
17799,train
17800,train
17801,train
17802,test
17803,train
17804,train
17805,train
17806,train
17807,val
17808,train
17809,train
17810,val
17811,train
17812,val
17813,train
17814,val
17815,train
17816,train
17817,train
17818,train
17819,val
17820,train
17821,train
17822,train
17823,train
17824,val
17825,train
17826,train
17827,train
17828,train
17829,train
17830,test
17831,train
17832,train
17833,test
17834,val
17835,train
17836,train
17837,train
17838,train
17839,test
17840,test
17841,train
17842,train
17843,test
17844,test
17845,train
17846,train
17847,train
17848,val
17849,train
17850,train
17851,train
17852,train
17853,train
17854,train
17855,test
17856,train
17857,train
17858,train
17859,train
17860,train
17861,val
17862,train
17863,train
17864,test
17865,train
17866,train
17867,train
17868,val
17869,val
17870,train
17871,train
17872,test
17873,test
17874,train
17875,train
17876,train
17877,train
17878,train
17879,train
17880,test
17881,test
17882,train
17883,val
17884,train
17885,train
17886,train
17887,train
17888,train
17889,train
17890,train
17891,train
17892,train
17893,train
17894,train
17895,val
17896,test
17897,test
17898,test
17899,train
17900,train
17901,train
17902,val
17903,train
17904,test
17905,val
17906,test
17907,train
17908,train
17909,test
17910,val
17911,train
17912,train
17913,train
17914,train
17915,train
17916,train
17917,train
17918,train
17919,test
17920,test
17921,train
17922,train
17923,train
17924,val
17925,test
17926,val
17927,train
17928,train
17929,train
17930,train
17931,train
17932,train
17933,train
17934,train
17935,test
17936,train
17937,test
17938,train
17939,train
17940,train
17941,train
17942,train
17943,train
17944,train
17945,train
17946,train
17947,train
17948,train
17949,train
17950,train
17951,train
17952,train
17953,train
17954,train
17955,val
17956,train
17957,train
17958,train
17959,train
17960,train
17961,train
17962,train
17963,train
17964,train
17965,train
17966,train
17967,train
17968,test
17969,train
17970,train
17971,train
17972,train
17973,train
17974,train
17975,train
17976,train
17977,train
17978,test
17979,train
17980,train
17981,train
17982,train
17983,train
17984,val
17985,train
17986,train
17987,train
17988,train
17989,train
17990,train
17991,train
17992,train
17993,train
17994,train
17995,train
17996,test
17997,train
17998,val
17999,train
18000,train
18001,train
18002,test
18003,val
18004,train
18005,train
18006,test
18007,train
18008,test
18009,test
18010,train
18011,train
18012,train
18013,train
18014,train
18015,train
18016,train
18017,train
18018,train
18019,train
18020,val
18021,train
18022,train
18023,train
18024,train
18025,test
18026,train
18027,train
18028,train
18029,train
18030,train
18031,train
18032,train
18033,train
18034,val
18035,train
18036,test
18037,train
18038,train
18039,train
18040,train
18041,train
18042,train
18043,train
18044,train
18045,train
18046,train
18047,train
18048,train
18049,train
18050,val
18051,train
18052,train
18053,train
18054,train
18055,train
18056,train
18057,train
18058,test
18059,train
18060,train
18061,train
18062,test
18063,train
18064,val
18065,train
18066,train
18067,train
18068,train
18069,train
18070,train
18071,train
18072,train
18073,val
18074,train
18075,train
18076,train
18077,train
18078,train
18079,val
18080,train
18081,train
18082,val
18083,train
18084,val
18085,train
18086,train
18087,val
18088,val
18089,train
18090,train
18091,test
18092,train
18093,train
18094,train
18095,train
18096,train
18097,train
18098,train
18099,train
18100,test
18101,train
18102,train
18103,train
18104,train
18105,train
18106,train
18107,train
18108,train
18109,train
18110,train
18111,train
18112,train
18113,train
18114,train
18115,train
18116,train
18117,train
18118,val
18119,train
18120,train
18121,train
18122,train
18123,train
18124,val
18125,train
18126,val
18127,test
18128,train
18129,train
18130,train
18131,val
18132,train
18133,train
18134,train
18135,train
18136,train
18137,train
18138,train
18139,train
18140,train
18141,train
18142,train
18143,train
18144,train
18145,train
18146,train
18147,test
18148,train
18149,train
18150,train
18151,test
18152,train
18153,train
18154,train
18155,train
18156,val
18157,train
18158,train
18159,val
18160,train
18161,train
18162,val
18163,train
18164,train
18165,test
18166,train
18167,train
18168,train
18169,train
18170,train
18171,val
18172,train
18173,train
18174,train
18175,train
18176,train
18177,train
18178,train
18179,train
18180,train
18181,train
18182,val
18183,train
18184,train
18185,train
18186,train
18187,val
18188,train
18189,train
18190,train
18191,train
18192,val
18193,train
18194,train
18195,train
18196,train
18197,train
18198,train
18199,train
18200,train
18201,train
18202,train
18203,train
18204,train
18205,train
18206,train
18207,test
18208,val
18209,train
18210,train
18211,train
18212,train
18213,test
18214,train
18215,train
18216,train
18217,train
18218,train
18219,val
18220,train
18221,test
18222,train
18223,train
18224,test
18225,train
18226,test
18227,val
18228,train
18229,test
18230,train
18231,train
18232,train
18233,train
18234,train
18235,train
18236,test
18237,train
18238,train
18239,train
18240,val
18241,train
18242,test
18243,test
18244,train
18245,train
18246,val
18247,train
18248,test
18249,train
18250,train
18251,test
18252,test
18253,train
18254,train
18255,train
18256,train
18257,train
18258,test
18259,val
18260,train
18261,train
18262,val
18263,train
18264,train
18265,train
18266,train
18267,train
18268,train
18269,test
18270,test
18271,train
18272,test
18273,train
18274,test
18275,val
18276,train
18277,test
18278,train
18279,train
18280,train
18281,train
18282,train
18283,train
18284,train
18285,train
18286,train
18287,train
18288,train
18289,test
18290,test
18291,train
18292,train
18293,train
18294,train
18295,train
18296,test
18297,train
18298,test
18299,test
18300,test
18301,train
18302,train
18303,train
18304,train
18305,train
18306,train
18307,train
18308,val
18309,train
18310,train
18311,test
18312,train
18313,train
18314,train
18315,train
18316,train
18317,train
18318,train
18319,train
18320,train
18321,test
18322,train
18323,train
18324,test
18325,test
18326,train
18327,train
18328,train
18329,train
18330,train
18331,train
18332,train
18333,train
18334,val
18335,test
18336,train
18337,train
18338,train
18339,train
18340,train
18341,train
18342,train
18343,train
18344,train
18345,train
18346,train
18347,train
18348,val
18349,train
18350,test
18351,train
18352,train
18353,train
18354,test
18355,train
18356,train
18357,train
18358,train
18359,train
18360,test
18361,val
18362,test
18363,train
18364,train
18365,train
18366,val
18367,train
18368,train
18369,train
18370,train
18371,train
18372,train
18373,train
18374,train
18375,train
18376,train
18377,val
18378,train
18379,train
18380,train
18381,train
18382,train
18383,val
18384,train
18385,train
18386,train
18387,test
18388,val
18389,test
18390,train
18391,train
18392,train
18393,test
18394,train
18395,train
18396,train
18397,val
18398,val
18399,val
18400,train
18401,train
18402,train
18403,train
18404,train
18405,train
18406,val
18407,train
18408,train
18409,train
18410,train
18411,train
18412,train
18413,train
18414,test
18415,train
18416,train
18417,train
18418,train
18419,train
18420,train
18421,val
18422,train
18423,train
18424,train
18425,train
18426,train
18427,train
18428,train
18429,train
18430,train
18431,val
18432,train
18433,train
18434,train
18435,test
18436,train
18437,train
18438,train
18439,test
18440,train
18441,train
18442,train
18443,train
18444,train
18445,train
18446,train
18447,test
18448,train
18449,train
18450,train
18451,val
18452,train
18453,train
18454,train
18455,train
18456,train
18457,train
18458,train
18459,test
18460,train
18461,train
18462,train
18463,train
18464,train
18465,train
18466,test
18467,train
18468,test
18469,train
18470,train
18471,train
18472,test
18473,train
18474,train
18475,val
18476,train
18477,val
18478,val
18479,train
18480,train
18481,train
18482,train
18483,val
18484,val
18485,train
18486,train
18487,train
18488,train
18489,train
18490,train
18491,train
18492,train
18493,train
18494,train
18495,train
18496,train
18497,test
18498,train
18499,train
18500,train
18501,train
18502,train
18503,train
18504,train
18505,train
18506,train
18507,train
18508,train
18509,test
18510,train
18511,train
18512,train
18513,val
18514,test
18515,train
18516,train
18517,train
18518,train
18519,test
18520,train
18521,train
18522,train
18523,train
18524,train
18525,train
18526,train
18527,train
18528,train
18529,train
18530,train
18531,train
18532,train
18533,val
18534,train
18535,train
18536,train
18537,train
18538,train
18539,train
18540,train
18541,train
18542,val
18543,train
18544,train
18545,train
18546,val
18547,train
18548,train
18549,train
18550,train
18551,train
18552,train
18553,train
18554,train
18555,train
18556,train
18557,test
18558,train
18559,train
18560,val
18561,train
18562,val
18563,train
18564,train
18565,val
18566,train
18567,train
18568,train
18569,train
18570,train
18571,train
18572,train
18573,train
18574,train
18575,train
18576,train
18577,val
18578,train
18579,train
18580,train
18581,train
18582,train
18583,test
18584,train
18585,train
18586,train
18587,train
18588,test
18589,train
18590,train
18591,train
18592,train
18593,train
18594,train
18595,val
18596,train
18597,train
18598,train
18599,train
18600,train
18601,train
18602,train
18603,train
18604,train
18605,train
18606,test
18607,test
18608,train
18609,val
18610,train
18611,train
18612,train
18613,train
18614,train
18615,test
18616,train
18617,val
18618,train
18619,train
18620,test
18621,train
18622,train
18623,train
18624,train
18625,train
18626,train
18627,train
18628,train
18629,train
18630,train
18631,val
18632,train
18633,train
18634,test
18635,train
18636,train
18637,val
18638,train
18639,test
18640,train
18641,test
18642,train
18643,train
18644,train
18645,train
18646,train
18647,train
18648,test
18649,train
18650,train
18651,train
18652,val
18653,train
18654,train
18655,train
18656,val
18657,train
18658,train
18659,train
18660,train
18661,train
18662,test
18663,train
18664,train
18665,train
18666,train
18667,train
18668,test
18669,test
18670,train
18671,train
18672,train
18673,test
18674,train
18675,train
18676,train
18677,train
18678,train
18679,train
18680,train
18681,val
18682,train
18683,train
18684,train
18685,train
18686,test
18687,train
18688,train
18689,train
18690,train
18691,train
18692,train
18693,train
18694,train
18695,train
18696,train
18697,val
18698,train
18699,train
18700,train
18701,train
18702,val
18703,train
18704,val
18705,val
18706,train
18707,train
18708,val
18709,test
18710,train
18711,train
18712,train
18713,train
18714,train
18715,test
18716,train
18717,train
18718,train
18719,train
18720,train
18721,train
18722,train
18723,train
18724,train
18725,train
18726,train
18727,train
18728,train
18729,train
18730,test
18731,train
18732,train
18733,val
18734,test
18735,train
18736,test
18737,test
18738,train
18739,train
18740,train
18741,train
18742,train
18743,train
18744,train
18745,train
18746,train
18747,train
18748,train
18749,train
18750,train
18751,train
18752,train
18753,test
18754,train
18755,train
18756,test
18757,test
18758,train
18759,train
18760,train
18761,train
18762,val
18763,train
18764,train
18765,train
18766,train
18767,val
18768,train
18769,train
18770,train
18771,train
18772,train
18773,train
18774,train
18775,train
18776,train
18777,train
18778,train
18779,train
18780,train
18781,train
18782,train
18783,train
18784,train
18785,train
18786,train
18787,train
18788,val
18789,train
18790,train
18791,train
18792,train
18793,train
18794,test
18795,test
18796,test
18797,train
18798,train
18799,train
18800,train
18801,train
18802,train
18803,train
18804,train
18805,test
18806,test
18807,train
18808,test
18809,train
18810,train
18811,train
18812,train
18813,val
18814,train
18815,train
18816,train
18817,train
18818,train
18819,train
18820,train
18821,train
18822,train
18823,train
18824,train
18825,test
18826,train
18827,train
18828,train
18829,train
18830,train
18831,train
18832,val
18833,val
18834,train
18835,train
18836,val
18837,train
18838,val
18839,train
18840,test
18841,train
18842,train
18843,test
18844,train
18845,train
18846,train
18847,train
18848,test
18849,train
18850,train
18851,train
18852,train
18853,train
18854,train
18855,train
18856,train
18857,val
18858,train
18859,train
18860,train
18861,train
18862,train
18863,train
18864,train
18865,train
18866,train
18867,train
18868,train
18869,train
18870,train
18871,train
18872,train
18873,train
18874,test
18875,train
18876,test
18877,train
18878,train
18879,train
18880,train
18881,train
18882,train
18883,train
18884,train
18885,train
18886,train
18887,val
18888,test
18889,train
18890,train
18891,val
18892,train
18893,train
18894,train
18895,train
18896,train
18897,train
18898,train
18899,train
18900,train
18901,test
18902,train
18903,train
18904,test
18905,train
18906,train
18907,train
18908,train
18909,train
18910,train
18911,train
18912,train
18913,train
18914,train
18915,val
18916,train
18917,train
18918,train
18919,train
18920,train
18921,train
18922,test
18923,test
18924,train
18925,test
18926,train
18927,train
