element_set,group_size,target_mean,target_std,target_min,target_max,n_unique_elements_mean
Ag-Al-N-O,4,1.8,0.32290349435499566,1.4,2.1,4.0
Ag-As-N-O,4,1.8399999999999999,0.4029888335921977,1.38,2.32,4.0
Ag-Au-N-O,4,2.1500000000000004,0.0930949336251263,2.06,2.24,4.0
Ag-B-N-O,4,2.62,0.7235099630735341,1.96,3.5,4.0
Ag-Ba-N-O,4,2.05,0.589349924351682,1.34,2.72,4.0
Ag-Be-N-O,4,2.635,0.6182502190321757,2.0,3.26,4.0
Ag-Bi-N-O,4,1.745,0.2537058664411737,1.48,2.0,4.0
Ag-Ca-N-O,4,1.8900000000000001,0.24358434541926824,1.66,2.12,4.0
Ag-Cd-N-O,4,2.085,0.22293496809607952,1.82,2.36,4.0
Ag-Co-N-O,4,1.765,0.2390955178723907,1.48,2.0,4.0
Ag-Cr-N-O,4,1.38,0.40693979898751603,0.9,1.8,4.0
Ag-Cs-N-O,4,2.445,0.4416257842714048,1.94,2.96,4.0
Ag-Cu-N-O,4,2.025,0.1279322737493034,1.88,2.16,4.0
Ag-Fe-N-O,4,1.65,0.31176914536239797,1.28,1.98,4.0
Ag-Ga-N-O,4,1.795,0.29137604568666936,1.42,2.12,4.0
Ag-Ge-N-O,4,1.5699999999999998,0.31853832841067437,1.16,1.9,4.0
Ag-Hf-N-O,4,1.63,0.5756156124822652,1.14,2.36,4.0
Ag-Hg-N-O,4,2.2750000000000004,0.1560982596529078,2.14,2.5,4.0
Ag-In-N-O,4,1.665,0.18999999999999997,1.46,1.88,4.0
Ag-Ir-N-O,4,2.085,0.7327346040688948,1.5,3.1,4.0
Ag-K-N-O,4,2.415,0.7833900688673555,1.72,3.46,4.0
Ag-La-N-O,4,1.695,0.33877229323937724,1.32,2.1,4.0
Ag-Li-N-O,4,2.445,0.38759944960401244,2.0,2.86,4.0
Ag-Mg-N-O,4,2.015,0.3151190251317746,1.68,2.34,4.0
Ag-Mn-N-O,4,1.53,0.39004273270160195,1.04,1.94,4.0
Ag-Mo-N-O,4,1.28,0.6059702963017246,0.66,1.8,4.0
Ag-N-Na-O,4,2.15,0.40016663195890434,1.78,2.58,4.0
Ag-N-Nb-O,4,1.225,0.5772059135756205,0.64,1.76,4.0
Ag-N-Ni-O,4,1.865,0.1636052158907737,1.64,2.02,4.0
Ag-N-O-Os,4,1.6099999999999999,0.46547466812563126,1.16,2.06,4.0
Ag-N-O-Pb,4,1.88,0.20461345670963754,1.68,2.14,4.0
Ag-N-O-Pd,4,2.24,0.37841775856849,1.86,2.64,4.0
Ag-N-O-Pt,4,1.91,0.062182527020592036,1.82,1.96,4.0
Ag-N-O-Rb,4,2.735,0.8476437931112337,1.74,3.78,4.0
Ag-N-O-Re,4,1.795,1.2558529637926037,0.64,2.96,4.0
Ag-N-O-Rh,4,1.8900000000000001,0.2253885533916928,1.64,2.18,4.0
Ag-N-O-Ru,4,1.7650000000000001,0.40311288741492757,1.36,2.22,4.0
Ag-N-O-Sb,4,1.48,0.2566450207322688,1.14,1.76,4.0
Ag-N-O-Sc,4,1.7349999999999999,0.23629078131263043,1.4,1.92,4.0
Ag-N-O-Si,4,1.845,0.5888689724095391,1.24,2.36,4.0
Ag-N-O-Sn,4,1.48,0.26683328128252665,1.14,1.78,4.0
Ag-N-O-Sr,4,2.165,0.5909032633745278,1.46,2.9,4.0
Ag-N-O-Ta,4,1.24,0.652584604987481,0.58,1.84,4.0
Ag-N-O-Te,4,1.75,0.3210399767422535,1.36,2.14,4.0
Ag-N-O-Ti,4,1.68,0.619462132283591,1.04,2.44,4.0
Ag-N-O-Tl,4,2.145,0.2235322497239866,1.92,2.44,4.0
Ag-N-O-V,4,1.435,0.644437739428721,0.82,2.18,4.0
Ag-N-O-W,4,1.175,0.7045329422153848,0.46,1.8,4.0
Ag-N-O-Y,4,1.815,0.13,1.7,2.0,4.0
Ag-N-O-Zn,4,2.175,0.285832118559129,1.82,2.52,4.0
Ag-N-O-Zr,4,1.415,0.3638223009474085,1.0,1.74,4.0
Al-As-N-O,4,1.36,0.17435595774162696,1.26,1.62,4.0
Al-Au-N-O,4,1.76,0.2979932885150268,1.42,2.02,4.0
Al-B-N-O,4,2.215,0.6289409087240762,1.54,2.88,4.0
Al-Ba-N-O,4,1.475,0.7079312584330957,0.62,2.16,4.0
Al-Be-N-O,4,1.825,0.1644181660685136,1.58,1.92,4.0
Al-Bi-N-O,4,1.3,0.4348179695765421,0.76,1.7,4.0
Al-Ca-N-O,4,1.4100000000000001,0.5252301083017487,0.72,1.96,4.0
Al-Cd-N-O,4,1.7449999999999999,0.7840705750547374,1.02,2.84,4.0
Al-Co-N-O,4,1.28,0.12543258481484526,1.18,1.44,4.0
Al-Cr-N-O,4,1.315,0.2187083293643233,1.02,1.5,4.0
Al-Cs-N-O,4,2.475,1.188879023842768,1.28,4.12,4.0
Al-Cu-N-O,4,1.53,0.15448840301675304,1.38,1.74,4.0
Al-Fe-N-O,4,1.1400000000000001,0.09933109617167557,1.02,1.24,4.0
Al-Ga-N-O,4,1.34,0.1973153144926498,1.12,1.56,4.0
Al-Ge-N-O,4,1.13,0.2840187787218773,0.9,1.52,4.0
Al-Hf-N-O,4,1.065,0.27970222261064226,0.8,1.46,4.0
Al-Hg-N-O,4,1.98,0.6288614049746306,1.32,2.76,4.0
Al-In-N-O,4,1.33,0.33005050118630824,0.9,1.7,4.0
Al-Ir-N-O,4,1.67,0.34890304288345386,1.32,1.98,4.0
Al-K-N-O,4,2.295,1.404029914211232,1.02,4.3,4.0
Al-La-N-O,4,1.4649999999999999,1.1480272935199174,0.34,2.58,4.0
Al-Li-N-O,4,1.8900000000000001,0.7477076077362506,1.28,2.94,4.0
Al-Mg-N-O,4,1.57,0.7586830695356265,0.94,2.64,4.0
Al-Mn-N-O,4,1.3599999999999999,0.2943920288775949,0.96,1.66,4.0
Al-Mo-N-O,4,1.13,0.2563851269737254,0.78,1.38,4.0
Al-N-Na-O,4,1.6600000000000001,0.47581509013481277,1.02,2.16,4.0
Al-N-Nb-O,4,0.735,0.057445626465380276,0.66,0.78,4.0
Al-N-Ni-O,4,1.3900000000000001,0.35795716689756807,1.04,1.86,4.0
Al-N-O-Os,4,1.82,0.1131370849898476,1.74,1.98,4.0
Al-N-O-Pb,4,1.445,0.40377386410382393,0.94,1.86,4.0
Al-N-O-Pd,4,1.565,0.14730919862656236,1.42,1.72,4.0
Al-N-O-Pt,4,1.595,0.11704699910719615,1.42,1.66,4.0
Al-N-O-Rb,4,2.775,1.4794030327579208,1.12,4.4,4.0
Al-N-O-Re,4,1.485,0.26999999999999996,1.26,1.8,4.0
Al-N-O-Rh,4,1.355,0.12793227374930324,1.18,1.46,4.0
Al-N-O-Ru,4,1.755,0.15779733838059493,1.54,1.9,4.0
Al-N-O-Sb,4,1.255,0.27440845468024483,0.94,1.6,4.0
Al-N-O-Sc,4,1.15,0.25429641497014205,0.84,1.46,4.0
Al-N-O-Si,4,1.635,0.3875994496040125,1.22,2.08,4.0
Al-N-O-Sn,4,1.1,0.23380903889000243,0.78,1.34,4.0
Al-N-O-Sr,4,2.085,1.3185218997043622,0.62,3.54,4.0
Al-N-O-Ta,4,0.795,0.21992422937608921,0.58,1.1,4.0
Al-N-O-Te,4,1.49,0.29642312100554286,1.16,1.88,4.0
Al-N-O-Ti,4,0.81,0.15448840301675293,0.66,0.98,4.0
Al-N-O-Tl,4,2.09,0.8487638069569177,1.18,2.98,4.0
Al-N-O-V,4,1.1,0.2678307923546756,0.76,1.36,4.0
Al-N-O-W,4,1.1400000000000001,0.13952299690970904,0.98,1.3,4.0
Al-N-O-Y,4,1.315,0.7378120808625098,0.58,2.18,4.0
Al-N-O-Zn,4,1.55,0.2521904042583699,1.2,1.8,4.0
Al-N-O-Zr,4,0.83,0.15874507866387547,0.66,1.04,4.0
As-Au-N-O,4,1.79,0.10893423092245466,1.64,1.88,4.0
As-B-N-O,4,1.83,0.5102940328869231,1.34,2.52,4.0
As-Ba-N-O,4,1.5350000000000001,0.8476437931112337,0.62,2.54,4.0
As-Be-N-O,4,1.665,0.22531459488161582,1.42,1.94,4.0
As-Bi-N-O,4,1.24,0.4551922670696417,0.78,1.78,4.0
As-Ca-N-O,4,1.525,0.6853466276272174,0.74,2.3,4.0
As-Cd-N-O,4,1.77,0.6726068688320095,1.04,2.48,4.0
As-Co-N-O,4,1.22,0.1751190071541826,1.04,1.46,4.0
As-Cr-N-O,4,0.875,0.2578759391645526,0.56,1.14,4.0
As-Cs-N-O,4,2.48,1.151810169544733,1.12,3.8,4.0
As-Cu-N-O,4,1.435,0.14730919862656233,1.26,1.62,4.0
As-Fe-N-O,4,1.185,0.1037625494418225,1.06,1.28,4.0
As-Ga-N-O,4,1.25,0.142828568570857,1.1,1.44,4.0
As-Ge-N-O,4,0.925,0.15524174696260024,0.72,1.08,4.0
As-Hf-N-O,4,1.175,0.16360521589077376,0.98,1.32,4.0
As-Hg-N-O,4,1.835,0.4588027898781783,1.34,2.38,4.0
As-In-N-O,4,1.37,0.3255764119219941,0.98,1.74,4.0
As-Ir-N-O,4,1.655,0.433704968844029,1.28,2.06,4.0
As-K-N-O,4,2.035,0.8560957890329796,0.92,2.92,4.0
As-La-N-O,4,1.435,0.9145308451149512,0.6,2.36,4.0
As-Li-N-O,4,1.93,0.6886702161896262,1.1,2.76,4.0
As-Mg-N-O,4,1.52,0.42174241743825897,0.98,1.92,4.0
As-Mn-N-O,4,0.935,0.17540429489230486,0.68,1.06,4.0
As-Mo-N-O,4,1.185,0.2106339637063944,0.98,1.48,4.0
As-N-Na-O,4,1.81,0.6851763763197523,0.9,2.5,4.0
As-N-Nb-O,4,0.8350000000000001,0.30740852297878796,0.54,1.12,4.0
As-N-Ni-O,4,1.31,0.15705625319186334,1.18,1.52,4.0
As-N-O-Os,4,1.55,0.4004996878900158,1.14,2.1,4.0
As-N-O-Pb,4,1.415,0.5007660797884244,0.86,1.98,4.0
As-N-O-Pd,4,1.475,0.13892443989449807,1.28,1.6,4.0
As-N-O-Pt,4,1.51,0.22538855339169292,1.28,1.82,4.0
As-N-O-Rb,4,2.525,1.28191263352851,1.0,3.92,4.0
As-N-O-Re,4,1.17,0.33366650016645866,0.76,1.48,4.0
As-N-O-Rh,4,1.38,0.17663521732655685,1.26,1.64,4.0
As-N-O-Ru,4,1.435,0.21563858652847823,1.2,1.68,4.0
As-N-O-Sb,4,0.99,0.20165977949672234,0.82,1.28,4.0
As-N-O-Sc,4,1.47,0.415210789840534,1.06,1.96,4.0
As-N-O-Si,4,1.2,0.36769552621700463,0.8,1.56,4.0
As-N-O-Sn,4,1.16,0.18184242262647812,0.92,1.36,4.0
As-N-O-Sr,4,1.885,1.1175419455215092,0.64,3.1,4.0
As-N-O-Ta,4,0.98,0.35213633723318016,0.56,1.3,4.0
As-N-O-Te,4,1.26,0.23832750575625974,1.06,1.6,4.0
As-N-O-Ti,4,1.195,0.12041594578792304,1.08,1.36,4.0
As-N-O-Tl,4,1.7000000000000002,0.48798907091586924,1.12,2.22,4.0
As-N-O-V,4,0.9650000000000001,0.24677925358506134,0.64,1.24,4.0
As-N-O-W,4,0.99,0.36823905279043945,0.54,1.32,4.0
As-N-O-Y,4,1.475,0.649589614038484,0.92,2.16,4.0
As-N-O-Zn,4,1.505,0.29045940622859273,1.22,1.82,4.0
As-N-O-Zr,4,1.075,0.29860788111948194,0.8,1.5,4.0
Au-B-N-O,4,2.45,0.462601340248815,2.02,2.86,4.0
Au-Ba-N-O,4,1.94,0.7018071909957415,1.3,2.94,4.0
Au-Be-N-O,4,2.2800000000000002,0.12961481396815705,2.12,2.42,4.0
Au-Bi-N-O,4,1.655,0.1652271164185831,1.46,1.86,4.0
Au-Ca-N-O,4,1.8250000000000002,0.24020824298928622,1.58,2.06,4.0
Au-Cd-N-O,4,1.9000000000000001,0.17358955421722047,1.74,2.06,4.0
Au-Co-N-O,4,1.81,0.23352373184182645,1.58,2.04,4.0
Au-Cr-N-O,4,1.445,0.33560889936551636,1.12,1.8,4.0
Au-Cs-N-O,4,2.515,0.55169435982858,1.74,2.92,4.0
Au-Cu-N-O,4,2.12,0.12754084313139327,2.0,2.3,4.0
Au-Fe-N-O,4,1.69,0.2605123157677323,1.46,1.98,4.0
Au-Ga-N-O,4,1.76,0.14696938456699069,1.64,1.96,4.0
Au-Ge-N-O,4,1.5350000000000001,0.27874719729532704,1.24,1.82,4.0
Au-Hf-N-O,4,1.7049999999999998,0.5683602144180513,1.16,2.46,4.0
Au-Hg-N-O,4,2.3600000000000003,0.2943920288775948,2.1,2.72,4.0
Au-In-N-O,4,1.615,0.1611417595369576,1.44,1.78,4.0
Au-Ir-N-O,4,1.945,0.1754042948923049,1.76,2.14,4.0
Au-K-N-O,4,2.7399999999999998,0.9328093767396065,1.64,3.86,4.0
Au-La-N-O,4,1.7999999999999998,0.5025269478678067,1.3,2.36,4.0
Au-Li-N-O,4,2.485,0.44373415464667576,1.92,3.0,4.0
Au-Mg-N-O,4,2.065,0.33000000000000007,1.7,2.48,4.0
Au-Mn-N-O,4,1.545,0.2792251182588462,1.26,1.88,4.0
Au-Mo-N-O,4,1.3900000000000001,0.5317894320123333,0.9,1.86,4.0
Au-N-Na-O,4,2.2800000000000002,0.3922584182228173,1.74,2.66,4.0
Au-N-Nb-O,4,1.265,0.55,0.76,1.78,4.0
Au-N-Ni-O,4,1.87,0.15705625319186325,1.7,2.04,4.0
Au-N-O-Os,4,1.895,0.4809365862564417,1.44,2.34,4.0
Au-N-O-Pb,4,1.8150000000000002,0.18064698539785642,1.58,2.02,4.0
Au-N-O-Pd,4,2.135,0.13988090172238168,2.0,2.32,4.0
Au-N-O-Pt,4,1.975,0.14821156050277137,1.84,2.14,4.0
Au-N-O-Rb,4,2.8499999999999996,0.9983319421247958,1.68,4.04,4.0
Au-N-O-Re,4,1.69,0.8687922651589388,0.94,2.8,4.0
Au-N-O-Rh,4,1.985,0.19621416870348593,1.7,2.14,4.0
Au-N-O-Ru,4,1.9100000000000001,0.2720294101747089,1.62,2.18,4.0
Au-N-O-Sb,4,1.565,0.14548768561863468,1.38,1.7,4.0
Au-N-O-Sc,4,1.87,0.161245154965971,1.74,2.1,4.0
Au-N-O-Si,4,1.9449999999999998,0.44911023145771234,1.5,2.38,4.0
Au-N-O-Sn,4,1.52,0.12543258481484523,1.38,1.68,4.0
Au-N-O-Sr,4,2.02,0.43726422218150895,1.42,2.46,4.0
Au-N-O-Ta,4,1.29,0.6130796576846004,0.74,1.86,4.0
Au-N-O-Te,4,1.645,0.11818065267490553,1.48,1.74,4.0
Au-N-O-Ti,4,1.475,0.4379878232706172,1.02,1.86,4.0
Au-N-O-Tl,4,2.2199999999999998,0.3398038649966575,1.86,2.66,4.0
Au-N-O-V,4,1.48,0.5917206548138518,0.96,2.18,4.0
Au-N-O-W,4,1.335,0.6421578206848116,0.74,1.92,4.0
Au-N-O-Y,4,1.9100000000000001,0.23466287875730718,1.7,2.22,4.0
Au-N-O-Zn,4,1.96,0.14696938456699069,1.74,2.04,4.0
Au-N-O-Zr,4,1.42,0.35023801430836526,1.06,1.74,4.0
B-Ba-N-O,4,2.4450000000000003,1.1466327514364252,1.32,3.92,4.0
B-Be-N-O,4,1.975,0.20550750189064465,1.74,2.24,4.0
B-Bi-N-O,4,1.96,0.5835523398405094,1.32,2.54,4.0
B-Ca-N-O,4,2.085,0.6514343149287323,1.3,2.66,4.0
B-Cd-N-O,4,2.5949999999999998,1.0127684829219363,1.58,3.6,4.0
B-Co-N-O,4,1.735,0.1569500982265807,1.58,1.88,4.0
B-Cr-N-O,4,1.585,0.5149433625814266,1.18,2.34,4.0
B-Cs-N-O,4,2.955,0.7523075612185927,2.02,3.84,4.0
B-Cu-N-O,4,2.3049999999999997,0.7338255923582934,1.7,3.32,4.0
B-Fe-N-O,4,1.6400000000000001,0.13564659966250542,1.48,1.78,4.0
B-Ga-N-O,4,2.24,0.7339391437078874,1.48,3.0,4.0
B-Ge-N-O,4,1.8,0.4492957452131798,1.34,2.4,4.0
B-Hf-N-O,4,1.795,0.768960337078578,1.06,2.6,4.0
B-Hg-N-O,4,2.815,0.9259769615564599,1.92,3.72,4.0
B-In-N-O,4,2.17,0.7937253933193773,1.42,3.22,4.0
B-Ir-N-O,4,1.9300000000000002,0.24522098876999368,1.7,2.18,4.0
B-K-N-O,4,2.915,1.2646343345014794,1.66,4.66,4.0
B-La-N-O,4,2.135,1.2041456168863742,1.0,3.32,4.0
B-Li-N-O,4,2.085,0.2972653135948873,1.66,2.34,4.0
B-Mg-N-O,4,2.465,1.012768482921936,1.38,3.54,4.0
B-Mn-N-O,4,1.51,0.1777638883463119,1.28,1.7,4.0
B-Mo-N-O,4,1.37,0.150996688705415,1.22,1.5,4.0
B-N-Na-O,4,2.265,0.5605651909754417,1.54,2.9,4.0
B-N-Nb-O,4,1.3,0.2545584412271571,1.06,1.6,4.0
B-N-Ni-O,4,1.815,0.266020049369717,1.52,2.04,4.0
B-N-O-Os,4,2.03,0.347371079203014,1.72,2.36,4.0
B-N-O-Pb,4,2.2800000000000002,0.7227724399837061,1.54,3.04,4.0
B-N-O-Pd,4,2.11,0.42848570571257094,1.7,2.48,4.0
B-N-O-Pt,4,2.09,0.3704051835490426,1.76,2.44,4.0
B-N-O-Rb,4,3.4,1.4278188493876478,1.82,4.96,4.0
B-N-O-Re,4,1.68,0.19183326093250877,1.5,1.9,4.0
B-N-O-Rh,4,2.1,0.6414566755959958,1.6,2.96,4.0
B-N-O-Ru,4,2.08,0.5796550698475776,1.56,2.64,4.0
B-N-O-Sb,4,1.94,0.6837153403768755,1.22,2.68,4.0
B-N-O-Sc,4,2.12,0.9330952077181978,1.24,3.06,4.0
B-N-O-Si,4,1.815,0.4482186966202995,1.52,2.48,4.0
B-N-O-Sn,4,2.0700000000000003,0.7030410135025315,1.34,2.82,4.0
B-N-O-Sr,4,2.67,1.289806186990898,1.26,4.04,4.0
B-N-O-Ta,4,1.28,0.16733200530681522,1.14,1.5,4.0
B-N-O-Te,4,2.005,0.7611175993235211,1.24,2.8,4.0
B-N-O-Ti,4,1.7750000000000001,0.6822267462752639,1.08,2.5,4.0
B-N-O-Tl,4,2.6950000000000003,0.9126335518706289,1.76,3.62,4.0
B-N-O-V,4,1.325,0.1907004632051706,1.08,1.52,4.0
B-N-O-W,4,1.34,0.05163977794943224,1.28,1.4,4.0
B-N-O-Y,4,2.1100000000000003,1.0803085978861162,1.1,3.16,4.0
B-N-O-Zn,4,2.0700000000000003,0.40282336906722116,1.6,2.54,4.0
B-N-O-Zr,4,1.5999999999999999,0.6509480265991543,0.96,2.3,4.0
Ba-Be-N-O,4,2.3850000000000002,1.0246788114656546,1.4,3.72,4.0
Ba-Bi-N-O,4,1.46,0.6099180272790762,0.7,2.02,4.0
Ba-Ca-N-O,4,1.805,0.4373785545725806,1.32,2.34,4.0
Ba-Cd-N-O,4,1.715,0.6398697784184946,1.12,2.62,4.0
Ba-Co-N-O,4,1.73,1.0503967504392488,0.78,3.18,4.0
Ba-Cr-N-O,4,1.07,0.7325753658611971,0.22,1.82,4.0
Ba-Cs-N-O,4,2.195,0.5956229232212832,1.64,2.84,4.0
Ba-Cu-N-O,4,1.8450000000000002,0.8068663664655586,1.1,2.98,4.0
Ba-Fe-N-O,4,1.5950000000000002,1.0908559330482952,0.56,3.08,4.0
Ba-Ga-N-O,4,1.675,0.9604686356149275,0.62,2.74,4.0
Ba-Ge-N-O,4,1.205,0.5991939029507338,0.46,1.8,4.0
Ba-Hf-N-O,4,1.7999999999999998,1.596162063618019,0.14,3.34,4.0
Ba-Hg-N-O,4,1.9700000000000002,0.5074117328823473,1.32,2.48,4.0
Ba-In-N-O,4,1.6099999999999999,0.8020806277010643,0.7,2.52,4.0
Ba-Ir-N-O,4,1.825,1.3249779872385303,0.76,3.7,4.0
Ba-K-N-O,4,2.335,0.6802695544169727,1.58,3.04,4.0
Ba-La-N-O,4,1.365,0.5294966162938783,0.78,2.06,4.0
Ba-Li-N-O,4,2.18,0.6790189000805992,1.38,3.04,4.0
Ba-Mg-N-O,4,1.795,0.802226069550639,1.02,2.92,4.0
Ba-Mn-N-O,4,1.175,0.6959645584846017,0.34,1.94,4.0
Ba-Mo-N-O,4,1.26,1.4550143183717013,-0.04,3.16,4.0
Ba-N-Na-O,4,2.17,0.5439362707768868,1.66,2.86,4.0
Ba-N-Nb-O,4,1.6,1.7348967308363534,-0.14,3.2,4.0
Ba-N-Ni-O,4,1.8,0.9665057337301902,0.94,3.16,4.0
Ba-N-O-Os,4,1.74,1.4529969029560938,0.56,3.74,4.0
Ba-N-O-Pb,4,1.605,0.598303156156364,0.88,2.3,4.0
Ba-N-O-Pd,4,1.805,0.8220908303425682,1.08,2.98,4.0
Ba-N-O-Pt,4,1.8499999999999999,1.0104124570359045,1.0,3.3,4.0
Ba-N-O-Rb,4,2.285,0.6551081335677849,1.54,3.02,4.0
Ba-N-O-Re,4,1.7850000000000001,1.8289796791289583,0.12,3.58,4.0
Ba-N-O-Rh,4,1.735,1.0383801487573487,0.84,3.2,4.0
Ba-N-O-Ru,4,1.67,1.1992775603114845,0.62,3.3,4.0
Ba-N-O-Sb,4,1.28,0.8257521823565874,0.36,2.2,4.0
Ba-N-O-Sc,4,1.585,0.990538574042761,0.58,2.92,4.0
Ba-N-O-Si,4,1.55,0.8271235296697423,0.6,2.32,4.0
Ba-N-O-Sn,4,1.445,0.9063295942058457,0.42,2.44,4.0
Ba-N-O-Sr,4,1.885,0.5084289527554464,1.34,2.42,4.0
Ba-N-O-Ta,4,1.4449999999999998,1.650969412193939,-0.02,3.58,4.0
Ba-N-O-Te,4,1.6949999999999998,1.0768317726862755,0.56,2.82,4.0
Ba-N-O-Ti,4,1.75,1.5176736583776282,0.18,3.26,4.0
Ba-N-O-Tl,4,1.785,0.49595026632381867,1.14,2.34,4.0
Ba-N-O-V,4,1.625,1.5410277955529117,0.08,3.0,4.0
Ba-N-O-W,4,1.305,1.676852209746981,-0.14,3.5,4.0
Ba-N-O-Y,4,1.67,0.8426149773176358,0.68,2.56,4.0
Ba-N-O-Zn,4,1.755,0.8127935367197092,0.98,2.9,4.0
Ba-N-O-Zr,4,1.09,0.7977468270071653,0.14,1.88,4.0
Be-Bi-N-O,4,1.895,0.4837010095778864,1.34,2.48,4.0
Be-Ca-N-O,4,2.49,1.0775899034419354,1.34,3.68,4.0
Be-Cd-N-O,4,2.41,0.7684616667949895,1.56,3.2,4.0
Be-Co-N-O,4,1.6,0.1986621923433512,1.36,1.84,4.0
Be-Cr-N-O,4,1.59,0.1935630818794397,1.4,1.86,4.0
Be-Cs-N-O,4,2.975,1.1152727618539482,1.92,4.54,4.0
Be-Cu-N-O,4,2.005,0.16921386861996085,1.8,2.18,4.0
Be-Fe-N-O,4,1.44,0.2178684618449092,1.18,1.7,4.0
Be-Ga-N-O,4,1.895,0.1927865832122834,1.7,2.16,4.0
Be-Ge-N-O,4,1.595,0.20157711510321133,1.36,1.8,4.0
Be-Hf-N-O,4,1.355,0.3304037933599836,1.06,1.82,4.0
Be-Hg-N-O,4,2.45,0.5147167505855365,1.9,3.1,4.0
Be-In-N-O,4,2.13,0.6285432894134393,1.42,2.82,4.0
Be-Ir-N-O,4,1.72,0.10327955589886448,1.6,1.84,4.0
Be-K-N-O,4,3.165,1.3125420628180517,1.72,4.7,4.0
Be-La-N-O,4,1.69,0.8595347578777721,0.88,2.7,4.0
Be-Li-N-O,4,2.095,0.31890437438203945,1.8,2.4,4.0
Be-Mg-N-O,4,2.275,0.700547405010301,1.48,3.12,4.0
Be-Mn-N-O,4,1.29,0.25845695966640175,1.0,1.6,4.0
Be-Mo-N-O,4,1.21,0.24576411454889016,0.96,1.5,4.0
Be-N-Na-O,4,2.135,0.40837074658533845,1.64,2.56,4.0
Be-N-Nb-O,4,0.985,0.20936411663256274,0.74,1.22,4.0
Be-N-Ni-O,4,1.7000000000000002,0.15405626677721798,1.54,1.86,4.0
Be-N-O-Os,4,1.885,0.1962141687034859,1.64,2.08,4.0
Be-N-O-Pb,4,1.9,0.30331501776206193,1.52,2.26,4.0
Be-N-O-Pd,4,1.915,0.14730919862656236,1.74,2.1,4.0
Be-N-O-Pt,4,1.885,0.09574271077563379,1.78,2.0,4.0
Be-N-O-Rb,4,2.94,1.2620618051426802,1.92,4.78,4.0
Be-N-O-Re,4,1.305,0.30435724623102595,0.86,1.52,4.0
Be-N-O-Rh,4,1.72,0.1211060141638997,1.6,1.86,4.0
Be-N-O-Ru,4,1.935,0.35491783086605644,1.54,2.3,4.0
Be-N-O-Sb,4,1.8,0.33585711247493344,1.46,2.24,4.0
Be-N-O-Sc,4,1.6949999999999998,0.46256531070397683,1.26,2.3,4.0
Be-N-O-Si,4,1.525,0.21377558326431953,1.22,1.72,4.0
Be-N-O-Sn,4,1.575,0.21501937897160184,1.36,1.76,4.0
Be-N-O-Sr,4,2.61,1.1978313737751234,1.28,3.92,4.0
Be-N-O-Ta,4,0.935,0.2137755832643195,0.68,1.2,4.0
Be-N-O-Te,4,1.6600000000000001,0.3460250472629595,1.28,2.12,4.0
Be-N-O-Ti,4,1.42,0.46989360497882926,0.94,1.98,4.0
Be-N-O-Tl,4,2.345,0.5294966162938783,1.74,2.96,4.0
Be-N-O-V,4,1.1600000000000001,0.28612351645166567,0.78,1.4,4.0
Be-N-O-W,4,1.125,0.27049337638224463,0.76,1.34,4.0
Be-N-O-Y,4,1.88,0.885437744847146,1.04,2.76,4.0
Be-N-O-Zn,4,1.895,0.2552776266472773,1.66,2.18,4.0
Be-N-O-Zr,4,1.33,0.40016663195890456,0.92,1.86,4.0
Bi-Ca-N-O,4,1.4100000000000001,0.3725587202039432,0.96,1.82,4.0
Bi-Cd-N-O,4,1.65,0.25845695966640164,1.34,1.94,4.0
Bi-Co-N-O,4,1.2850000000000001,0.2739221300540235,0.96,1.62,4.0
Bi-Cr-N-O,4,0.905,0.40607881008493907,0.42,1.38,4.0
Bi-Cs-N-O,4,2.01,0.9310209449845905,1.04,3.26,4.0
Bi-Cu-N-O,4,1.525,0.24241837114102283,1.2,1.78,4.0
Bi-Fe-N-O,4,1.1600000000000001,0.3170699186825098,0.78,1.54,4.0
Bi-Ga-N-O,4,1.0999999999999999,0.2756809750418044,0.72,1.38,4.0
Bi-Ge-N-O,4,0.99,0.37255872020394315,0.54,1.42,4.0
Bi-Hf-N-O,4,1.33,0.7487767802667672,0.74,2.32,4.0
Bi-Hg-N-O,4,1.67,0.12806248474865692,1.54,1.78,4.0
Bi-In-N-O,4,1.34,0.25033311140691444,1.12,1.7,4.0
Bi-Ir-N-O,4,1.4,0.2597434631837086,1.08,1.64,4.0
Bi-K-N-O,4,1.73,0.597885161771612,0.98,2.36,4.0
Bi-La-N-O,4,1.095,0.23000000000000007,0.82,1.36,4.0
Bi-Li-N-O,4,1.76,0.3398038649966576,1.4,2.06,4.0
Bi-Mg-N-O,4,1.365,0.39238586450924384,1.02,1.78,4.0
Bi-Mn-N-O,4,1.105,0.41000000000000003,0.58,1.46,4.0
Bi-Mo-N-O,4,1.0,0.49986664888414656,0.56,1.5,4.0
Bi-N-Na-O,4,1.92,0.6464260720814614,1.14,2.72,4.0
Bi-N-Nb-O,4,0.915,0.5524189231612786,0.4,1.46,4.0
Bi-N-Ni-O,4,1.48,0.5552176750308536,1.0,2.28,4.0
Bi-N-O-Os,4,1.375,0.4103250743820887,1.0,1.74,4.0
Bi-N-O-Pb,4,1.17,0.22241103090149703,0.94,1.38,4.0
Bi-N-O-Pd,4,1.545,0.43278170016764805,1.22,2.18,4.0
Bi-N-O-Pt,4,1.38,0.15055453054181617,1.2,1.56,4.0
Bi-N-O-Rb,4,2.245,1.0121100071961875,0.98,3.42,4.0
Bi-N-O-Re,4,1.355,0.7948794457861728,0.7,2.34,4.0
Bi-N-O-Rh,4,1.315,0.22531459488161582,1.04,1.56,4.0
Bi-N-O-Ru,4,1.325,0.3047950130825633,0.96,1.64,4.0
Bi-N-O-Sb,4,1.13,0.23352373184182665,0.88,1.42,4.0
Bi-N-O-Sc,4,1.52,0.36696957185394363,1.06,1.88,4.0
Bi-N-O-Si,4,1.3900000000000001,0.6084954121985364,0.76,1.96,4.0
Bi-N-O-Sn,4,1.0,0.3187475490101845,0.56,1.28,4.0
Bi-N-O-Sr,4,1.76,0.7654192750817469,0.84,2.68,4.0
Bi-N-O-Ta,4,1.0150000000000001,0.575123175212638,0.46,1.56,4.0
Bi-N-O-Te,4,1.37,0.20493901531919193,1.18,1.66,4.0
Bi-N-O-Ti,4,1.035,0.5653022790212919,0.4,1.56,4.0
Bi-N-O-Tl,4,1.545,0.18357559750685828,1.28,1.7,4.0
Bi-N-O-V,4,1.035,0.6108736912543105,0.5,1.72,4.0
Bi-N-O-W,4,0.995,0.5960704656330491,0.44,1.54,4.0
Bi-N-O-Y,4,1.325,0.0772442015083765,1.28,1.44,4.0
Bi-N-O-Zn,4,1.34,0.24276188608044172,1.12,1.56,4.0
Bi-N-O-Zr,4,1.025,0.4590933093246586,0.5,1.42,4.0
Ca-Cd-N-O,4,1.98,0.43019375479737826,1.48,2.52,4.0
Ca-Co-N-O,4,1.3900000000000001,0.40873789482584894,0.86,1.8,4.0
Ca-Cr-N-O,4,1.2349999999999999,0.8400595217006946,0.3,2.16,4.0
Ca-Cs-N-O,4,2.475,0.7161703707917553,1.7,3.24,4.0
Ca-Cu-N-O,4,1.645,0.2787471972953271,1.26,1.92,4.0
Ca-Fe-N-O,4,1.57,1.0067108158089226,0.64,2.98,4.0
Ca-Ga-N-O,4,1.33,0.3814009264103414,0.82,1.74,4.0
Ca-Ge-N-O,4,1.39,0.654522726878143,0.6,2.08,4.0
Ca-Hf-N-O,4,1.21,0.6442566776267566,0.42,1.96,4.0
Ca-Hg-N-O,4,1.99,0.21260291625469302,1.68,2.16,4.0
Ca-In-N-O,4,1.6,0.37665191711534757,1.04,1.84,4.0
Ca-Ir-N-O,4,1.385,0.3205724047179774,0.98,1.68,4.0
Ca-K-N-O,4,2.4349999999999996,0.5524189231612787,1.7,2.88,4.0
Ca-La-N-O,4,1.475,0.39441940452602803,1.04,1.9,4.0
Ca-Li-N-O,4,2.255,0.5402160061802438,1.54,2.82,4.0
Ca-Mg-N-O,4,1.9949999999999999,0.6859300255857007,1.16,2.84,4.0
Ca-Mn-N-O,4,1.79,1.2505465471811381,0.42,2.9,4.0
Ca-Mo-N-O,4,0.9349999999999999,0.6882586723027905,0.18,1.64,4.0
Ca-N-Na-O,4,2.375,0.5622277118748239,1.88,2.92,4.0
Ca-N-Nb-O,4,0.94,0.7251666475139812,0.1,1.74,4.0
Ca-N-Ni-O,4,1.49,0.34660255817482555,1.02,1.84,4.0
Ca-N-O-Os,4,1.285,0.5004997502496878,0.74,1.72,4.0
Ca-N-O-Pb,4,1.535,0.3742993454442581,1.16,1.94,4.0
Ca-N-O-Pd,4,1.635,0.24186773244895643,1.3,1.84,4.0
Ca-N-O-Pt,4,1.545,0.23173260452512934,1.22,1.76,4.0
Ca-N-O-Rb,4,2.6399999999999997,0.7850265388295269,1.68,3.56,4.0
Ca-N-O-Re,4,1.2999999999999998,1.1870411394162659,0.26,2.82,4.0
Ca-N-O-Rh,4,1.445,0.2904594062285926,1.04,1.72,4.0
Ca-N-O-Ru,4,1.705,1.059103394386025,0.82,3.22,4.0
Ca-N-O-Sb,4,1.355,0.6458844065826845,0.56,1.92,4.0
Ca-N-O-Sc,4,1.445,0.4564719779643287,0.9,2.0,4.0
Ca-N-O-Si,4,1.625,1.0377379245262262,0.5,2.8,4.0
Ca-N-O-Sn,4,1.3599999999999999,0.47693465660053125,0.7,1.72,4.0
Ca-N-O-Sr,4,2.07,0.6268439465555468,1.3,2.78,4.0
Ca-N-O-Ta,4,0.9550000000000001,0.7687869232325257,0.08,1.74,4.0
Ca-N-O-Te,4,1.54,0.6101365967278694,0.82,2.14,4.0
Ca-N-O-Ti,4,1.155,0.6502050958479693,0.36,1.86,4.0
Ca-N-O-Tl,4,1.9849999999999999,0.33758949430731205,1.52,2.28,4.0
Ca-N-O-V,4,1.27,1.042113237609042,0.2,2.54,4.0
Ca-N-O-W,4,0.86,0.7657675887630658,0.06,1.62,4.0
Ca-N-O-Y,4,1.62,0.36624217852854324,1.1,1.96,4.0
Ca-N-O-Zn,4,1.6,0.32700662582481926,1.22,1.92,4.0
Ca-N-O-Zr,4,1.175,0.5949509783727283,0.44,1.88,4.0
Cd-Co-N-O,4,1.875,0.7101877685983242,1.14,2.64,4.0
Cd-Cr-N-O,4,1.155,0.4637168676394393,0.62,1.72,4.0
Cd-Cs-N-O,4,2.35,0.7772601452109411,1.7,3.42,4.0
Cd-Cu-N-O,4,2.04,0.44929574521318,1.52,2.56,4.0
Cd-Fe-N-O,4,1.735,0.7565491832436717,0.94,2.58,4.0
Cd-Ga-N-O,4,1.72,0.5125101625008686,1.1,2.28,4.0
Cd-Ge-N-O,4,1.46,0.6075085733277076,0.86,2.3,4.0
Cd-Hf-N-O,4,1.48,0.6275879752406565,0.88,2.24,4.0
Cd-Hg-N-O,4,2.02,0.08164965809277268,1.94,2.1,4.0
Cd-In-N-O,4,1.705,0.32675168961562645,1.3,2.1,4.0
Cd-Ir-N-O,4,1.54,0.20976176963403018,1.28,1.72,4.0
Cd-K-N-O,4,2.475,0.7323705801482381,1.62,3.4,4.0
Cd-La-N-O,4,1.455,0.37749172176353757,1.18,1.98,4.0
Cd-Li-N-O,4,2.2,0.4741307836451879,1.6,2.58,4.0
Cd-Mg-N-O,4,1.94,0.39564293666554107,1.44,2.38,4.0
Cd-Mn-N-O,4,1.385,0.5588977246926907,0.7,1.88,4.0
Cd-Mo-N-O,4,1.0699999999999998,0.5662743740155178,0.48,1.64,4.0
Cd-N-Na-O,4,2.11,0.35646411694119584,1.6,2.4,4.0
Cd-N-Nb-O,4,1.01,0.6115553940568261,0.3,1.64,4.0
Cd-N-Ni-O,4,1.595,0.24893104801664784,1.28,1.88,4.0
Cd-N-O-Os,4,1.435,0.39068316233660927,1.04,1.8,4.0
Cd-N-O-Pb,4,1.745,0.2635020556529556,1.5,2.02,4.0
Cd-N-O-Pd,4,2.05,0.4894895300208168,1.52,2.6,4.0
Cd-N-O-Pt,4,1.65,0.1390443574307614,1.46,1.78,4.0
Cd-N-O-Rb,4,2.315,0.9688997196132667,1.48,3.66,4.0
Cd-N-O-Re,4,1.115,0.6091250555783545,0.52,1.66,4.0
Cd-N-O-Rh,4,2.0300000000000002,0.6777413469261953,1.32,2.74,4.0
Cd-N-O-Ru,4,1.675,0.5709349058050898,1.14,2.44,4.0
Cd-N-O-Sb,4,1.3499999999999999,0.42598904524255865,0.84,1.74,4.0
Cd-N-O-Sc,4,1.56,0.2943920288775949,1.16,1.86,4.0
Cd-N-O-Si,4,1.59,0.6380177635980575,0.9,2.2,4.0
Cd-N-O-Sn,4,1.41,0.41004064839151416,0.98,1.96,4.0
Cd-N-O-Sr,4,2.035,0.6291528696058958,1.28,2.82,4.0
Cd-N-O-Ta,4,1.02,0.6883797401628455,0.24,1.72,4.0
Cd-N-O-Te,4,1.5150000000000001,0.4370736017346887,1.0,2.0,4.0
Cd-N-O-Ti,4,1.485,0.7107507767612123,0.74,2.32,4.0
Cd-N-O-Tl,4,1.985,0.2844292530665578,1.72,2.32,4.0
Cd-N-O-V,4,1.25,0.7158212067269312,0.48,2.04,4.0
Cd-N-O-W,4,0.99,0.6421837743200929,0.34,1.6,4.0
Cd-N-O-Y,4,1.655,0.15351438586225935,1.46,1.82,4.0
Cd-N-O-Zn,4,1.9649999999999999,0.40542159126848026,1.48,2.46,4.0
Cd-N-O-Zr,4,1.2349999999999999,0.40837074658533834,0.74,1.66,4.0
Co-Cr-N-O,4,0.9450000000000001,0.13892443989449807,0.8,1.1,4.0
Co-Cs-N-O,4,2.12,0.6472505954677318,1.3,2.88,4.0
Co-Cu-N-O,4,1.7850000000000001,0.3692785759649031,1.44,2.22,4.0
Co-Fe-N-O,4,1.145,0.1871719352182194,1.0,1.42,4.0
Co-Ga-N-O,4,1.435,0.4224926034855522,0.98,1.94,4.0
Co-Ge-N-O,4,1.22,0.3015515434106305,0.9,1.62,4.0
Co-Hf-N-O,4,1.335,0.26197964297504733,1.04,1.66,4.0
Co-Hg-N-O,4,2.17,0.7327573495594113,1.44,2.84,4.0
Co-In-N-O,4,1.605,0.5456189146281497,1.04,2.24,4.0
Co-Ir-N-O,4,1.565,0.17078251276599327,1.46,1.82,4.0
Co-K-N-O,4,2.3200000000000003,1.494255667548228,1.04,4.48,4.0
Co-La-N-O,4,1.34,0.7733908024623344,0.6,2.2,4.0
Co-Li-N-O,4,1.845,0.7405178368322175,1.24,2.9,4.0
Co-Mg-N-O,4,1.76,0.6406246951218786,1.02,2.52,4.0
Co-Mn-N-O,4,1.105,0.08225975119502034,1.0,1.2,4.0
Co-Mo-N-O,4,0.92,0.2221110833194358,0.6,1.08,4.0
Co-N-Na-O,4,1.57,0.42031734043061636,1.02,2.02,4.0
Co-N-Nb-O,4,0.725,0.23741665204165155,0.44,0.94,4.0
Co-N-Ni-O,4,1.385,0.131021626713557,1.3,1.58,4.0
Co-N-O-Os,4,1.52,0.043204937989385774,1.46,1.56,4.0
Co-N-O-Pb,4,1.415,0.3492372641438292,1.02,1.84,4.0
Co-N-O-Pd,4,1.535,0.17310882896798377,1.34,1.7,4.0
Co-N-O-Pt,4,1.755,0.2619796429750476,1.46,2.08,4.0
Co-N-O-Rb,4,2.34,1.2953249270614176,1.14,4.18,4.0
Co-N-O-Re,4,1.275,0.385183938744422,0.94,1.8,4.0
Co-N-O-Rh,4,1.6949999999999998,0.2317326045251294,1.44,2.0,4.0
Co-N-O-Ru,4,1.52,0.18257418583505533,1.36,1.74,4.0
Co-N-O-Sb,4,1.155,0.11357816691600545,1.08,1.32,4.0
Co-N-O-Sc,4,1.53,0.5362835071116769,1.0,2.16,4.0
Co-N-O-Si,4,1.285,0.18645821694596,1.08,1.48,4.0
Co-N-O-Sn,4,1.26,0.4270831300812525,0.9,1.86,4.0
Co-N-O-Sr,4,2.03,1.1764919605901833,0.76,3.36,4.0
Co-N-O-Ta,4,0.765,0.3356088993655164,0.4,1.06,4.0
Co-N-O-Te,4,1.2750000000000001,0.251064400768674,1.04,1.6,4.0
Co-N-O-Ti,4,1.205,0.1878829422805592,1.06,1.48,4.0
Co-N-O-Tl,4,1.9700000000000002,0.6869255175538806,1.24,2.72,4.0
Co-N-O-V,4,0.855,0.3125699921617557,0.54,1.18,4.0
Co-N-O-W,4,0.87,0.34506038118953425,0.42,1.16,4.0
Co-N-O-Y,4,1.555,0.7450055928201702,0.86,2.34,4.0
Co-N-O-Zn,4,1.5899999999999999,0.5287721626560914,1.16,2.36,4.0
Co-N-O-Zr,4,1.15,0.37612054805164086,0.88,1.7,4.0
Cr-Cs-N-O,4,1.945,0.9317188417113824,0.72,2.7,4.0
Cr-Cu-N-O,4,1.24,0.22861904265976332,0.96,1.52,4.0
Cr-Fe-N-O,4,1.0,0.14877275736280923,0.84,1.2,4.0
Cr-Ga-N-O,4,0.89,0.30397368307141326,0.5,1.16,4.0
Cr-Ge-N-O,4,0.745,0.26501572280401275,0.48,1.02,4.0
Cr-Hf-N-O,4,1.04,0.26432303468798674,0.74,1.38,4.0
Cr-Hg-N-O,4,1.695,0.7435724578008521,0.92,2.48,4.0
Cr-In-N-O,4,1.0899999999999999,0.5929586832149437,0.56,1.94,4.0
Cr-Ir-N-O,4,1.495,0.22293496809607952,1.18,1.7,4.0
Cr-K-N-O,4,2.05,1.4153915830374764,0.44,3.62,4.0
Cr-La-N-O,4,0.7999999999999999,0.6639277069079133,0.12,1.5,4.0
Cr-Li-N-O,4,1.2850000000000001,0.636527035299104,0.58,2.12,4.0
Cr-Mg-N-O,4,1.005,0.41162280468085505,0.56,1.54,4.0
Cr-Mn-N-O,4,0.86,0.18257418583505536,0.6,1.02,4.0
Cr-Mo-N-O,4,0.845,0.24076267706325796,0.62,1.14,4.0
Cr-N-Na-O,4,1.185,0.5996387801557425,0.4,1.86,4.0
Cr-N-Nb-O,4,0.43500000000000005,0.2368543856465403,0.14,0.68,4.0
Cr-N-Ni-O,4,1.315,0.2048576741707927,1.06,1.56,4.0
Cr-N-O-Os,4,1.26,0.29348480937406846,0.94,1.64,4.0
Cr-N-O-Pb,4,1.01,0.4544593857907804,0.48,1.54,4.0
Cr-N-O-Pd,4,1.165,0.31256999216175574,0.84,1.48,4.0
Cr-N-O-Pt,4,1.2850000000000001,0.17616280348965085,1.04,1.46,4.0
Cr-N-O-Rb,4,1.8599999999999999,1.0526157893552612,0.54,2.9,4.0
Cr-N-O-Re,4,1.145,0.48727131388307005,0.64,1.62,4.0
Cr-N-O-Rh,4,1.23,0.11832159566199238,1.12,1.36,4.0
Cr-N-O-Ru,4,1.255,0.18645821694596,1.06,1.5,4.0
Cr-N-O-Sb,4,0.935,0.36235341863986875,0.62,1.42,4.0
Cr-N-O-Sc,4,1.165,0.5419409561935691,0.7,1.82,4.0
Cr-N-O-Si,4,1.2,0.4592747906573289,0.8,1.7,4.0
Cr-N-O-Sn,4,0.755,0.2521243079646758,0.44,1.04,4.0
Cr-N-O-Sr,4,1.645,1.3440610105199837,0.2,3.14,4.0
Cr-N-O-Ta,4,0.47,0.3332666599986663,0.08,0.82,4.0
Cr-N-O-Te,4,1.085,0.45588741300164587,0.64,1.62,4.0
Cr-N-O-Ti,4,0.585,0.15524174696260018,0.38,0.74,4.0
Cr-N-O-Tl,4,1.425,0.6003054777916544,0.72,2.0,4.0
Cr-N-O-V,4,0.58,0.33146141052416145,0.22,0.98,4.0
Cr-N-O-W,4,0.73,0.1762573875520305,0.48,0.88,4.0
Cr-N-O-Y,4,1.17,0.8037412518964048,0.4,2.04,4.0
Cr-N-O-Zn,4,1.25,0.34039193096585985,0.8,1.56,4.0
Cr-N-O-Zr,4,0.635,0.08999999999999996,0.56,0.76,4.0
Cs-Cu-N-O,4,2.585,0.9055937278934743,1.64,3.82,4.0
Cs-Fe-N-O,4,2.495,1.1867462520129004,1.08,3.88,4.0
Cs-Ga-N-O,4,2.205,0.9824289626566731,1.14,3.52,4.0
Cs-Ge-N-O,4,2.0700000000000003,0.751975176895266,1.04,2.64,4.0
Cs-Hf-N-O,4,2.495,1.5796518603793688,0.72,4.08,4.0
Cs-Hg-N-O,4,2.6,0.7442221890448221,1.72,3.54,4.0
Cs-In-N-O,4,2.05,0.9407089525104633,1.1,3.32,4.0
Cs-Ir-N-O,4,2.8000000000000003,1.4940771956852388,1.18,4.48,4.0
Cs-K-N-O,4,2.89,0.9327379053088813,1.96,3.78,4.0
Cs-La-N-O,4,2.025,0.7301826255579262,1.08,2.86,4.0
Cs-Li-N-O,4,2.625,0.7815156215116027,1.78,3.48,4.0
Cs-Mg-N-O,4,2.48,0.6976149845485449,1.58,3.28,4.0
Cs-Mn-N-O,4,2.29,1.1508257904652643,0.94,3.68,4.0
Cs-Mo-N-O,4,1.8250000000000002,1.243797947149509,0.36,3.08,4.0
Cs-N-Na-O,4,2.755,0.974799124606364,1.68,3.62,4.0
Cs-N-Nb-O,4,1.945,1.296803763103732,0.5,3.38,4.0
Cs-N-Ni-O,4,2.495,1.1137174985904938,1.48,4.08,4.0
Cs-N-O-Os,4,2.245,1.2239144850301702,0.88,3.66,4.0
Cs-N-O-Pb,4,2.13,0.748598690888516,1.18,2.98,4.0
Cs-N-O-Pd,4,2.155,0.5211205874523346,1.52,2.76,4.0
Cs-N-O-Pt,4,2.42,0.7706274499825884,1.44,3.26,4.0
Cs-N-O-Rb,4,2.905,0.9697250469420013,1.9,3.86,4.0
Cs-N-O-Re,4,2.385,1.8614958143027522,0.42,4.38,4.0
Cs-N-O-Rh,4,2.3200000000000003,0.7901054781905176,1.3,3.12,4.0
Cs-N-O-Ru,4,2.215,0.9554580053565935,1.04,3.2,4.0
Cs-N-O-Sb,4,2.1799999999999997,1.1086327916251921,0.82,3.44,4.0
Cs-N-O-Sc,4,2.455,1.1250333328395208,1.12,3.7,4.0
Cs-N-O-Si,4,2.55,0.9657466886646139,1.34,3.46,4.0
Cs-N-O-Sn,4,2.05,0.9832598842625484,0.86,3.22,4.0
Cs-N-O-Sr,4,2.3850000000000002,0.6955812916786458,1.7,3.22,4.0
Cs-N-O-Ta,4,1.55,1.0417293314484335,0.26,2.7,4.0
Cs-N-O-Te,4,2.355,1.1305898165706842,0.98,3.64,4.0
Cs-N-O-Ti,4,1.85,0.8684852714160826,0.74,2.82,4.0
Cs-N-O-Tl,4,2.3899999999999997,0.7563949585589088,1.5,3.34,4.0
Cs-N-O-V,4,1.875,1.0760885961047384,0.54,2.88,4.0
Cs-N-O-W,4,1.85,1.4758952085655224,0.2,3.48,4.0
Cs-N-O-Y,4,2.26,0.9472767986883945,1.1,3.32,4.0
Cs-N-O-Zn,4,2.49,0.6442566776267569,1.66,3.2,4.0
Cs-N-O-Zr,4,2.0549999999999997,1.3409822270758598,0.68,3.88,4.0
Cu-Fe-N-O,4,1.35,0.20688160865577201,1.1,1.58,4.0
Cu-Ga-N-O,4,1.4100000000000001,0.16532795690182991,1.22,1.6,4.0
Cu-Ge-N-O,4,1.365,0.2834901526802416,0.96,1.58,4.0
Cu-Hf-N-O,4,1.345,0.20744477176668807,1.08,1.58,4.0
Cu-Hg-N-O,4,2.23,0.40611985094714753,1.8,2.7,4.0
Cu-In-N-O,4,1.725,0.36819378955472176,1.26,2.16,4.0
Cu-Ir-N-O,4,1.75,0.12489995996796796,1.6,1.88,4.0
Cu-K-N-O,4,2.6399999999999997,0.9977307586050792,1.5,3.84,4.0
Cu-La-N-O,4,1.615,0.6890331390192105,0.94,2.34,4.0
Cu-Li-N-O,4,2.295,0.5063266402893163,1.68,2.92,4.0
Cu-Mg-N-O,4,2.005,0.3920459156782531,1.52,2.48,4.0
Cu-Mn-N-O,4,1.275,0.30435724623102584,0.86,1.54,4.0
Cu-Mo-N-O,4,1.02,0.4412104562073146,0.6,1.44,4.0
Cu-N-Na-O,4,1.8850000000000002,0.39136513215495666,1.48,2.24,4.0
Cu-N-Nb-O,4,0.905,0.40245082515341757,0.44,1.28,4.0
Cu-N-Ni-O,4,1.6949999999999998,0.39441940452602814,1.42,2.28,4.0
Cu-N-O-Os,4,1.605,0.35378901433858373,1.26,1.92,4.0
Cu-N-O-Pb,4,1.7249999999999999,0.4256367778595579,1.38,2.34,4.0
Cu-N-O-Pd,4,1.845,0.228837642591132,1.68,2.18,4.0
Cu-N-O-Pt,4,1.9849999999999999,0.35604306855585144,1.64,2.34,4.0
Cu-N-O-Rb,4,2.745,1.067130107656356,1.52,4.02,4.0
Cu-N-O-Re,4,1.5350000000000001,0.8397420238779685,0.74,2.3,4.0
Cu-N-O-Rh,4,1.645,0.18929694486000911,1.44,1.88,4.0
Cu-N-O-Ru,4,1.6400000000000001,0.14142135623730953,1.46,1.78,4.0
Cu-N-O-Sb,4,1.33,0.1446835627614047,1.16,1.46,4.0
Cu-N-O-Sc,4,1.5750000000000002,0.34423828956117014,1.32,2.06,4.0
Cu-N-O-Si,4,1.5899999999999999,0.3450603811895342,1.2,1.9,4.0
Cu-N-O-Sn,4,1.535,0.2629955639676584,1.24,1.82,4.0
Cu-N-O-Sr,4,2.135,0.8703064594344533,1.14,3.16,4.0
Cu-N-O-Ta,4,1.025,0.39034173062416305,0.64,1.4,4.0
Cu-N-O-Te,4,1.395,0.08698658900466592,1.32,1.48,4.0
Cu-N-O-Ti,4,1.3599999999999999,0.1523154621172782,1.14,1.48,4.0
Cu-N-O-Tl,4,1.99,0.26457513110645936,1.64,2.24,4.0
Cu-N-O-V,4,1.1099999999999999,0.4734272207354932,0.62,1.6,4.0
Cu-N-O-W,4,0.965,0.5718682832028136,0.46,1.48,4.0
Cu-N-O-Y,4,1.68,0.4724404724407087,1.2,2.22,4.0
Cu-N-O-Zn,4,1.9100000000000001,0.14094916341243982,1.74,2.08,4.0
Cu-N-O-Zr,4,1.1300000000000001,0.18938496948455724,0.88,1.32,4.0
Fe-Ga-N-O,4,1.0350000000000001,0.19485036994233979,0.82,1.28,4.0
Fe-Ge-N-O,4,1.02,0.016329931618554536,1.0,1.04,4.0
Fe-Hf-N-O,4,1.0,0.18402898322456346,0.78,1.18,4.0
Fe-Hg-N-O,4,1.945,0.6735725647619563,1.24,2.66,4.0
Fe-In-N-O,4,1.475,0.6036279207149605,0.8,2.16,4.0
Fe-Ir-N-O,4,1.45,0.18073922282301272,1.34,1.72,4.0
Fe-K-N-O,4,2.185,1.1958121368620855,0.82,3.66,4.0
Fe-La-N-O,4,1.65,1.3368121284109697,0.4,2.96,4.0
Fe-Li-N-O,4,1.6800000000000002,0.7563068160475616,1.0,2.74,4.0
Fe-Mg-N-O,4,1.395,0.6927000312785709,0.8,2.38,4.0
Fe-Mn-N-O,4,0.94,0.09092121131323905,0.82,1.02,4.0
Fe-Mo-N-O,4,0.88,0.24055491403558296,0.58,1.12,4.0
Fe-N-Na-O,4,1.48,0.5030573194643596,0.82,2.04,4.0
Fe-N-Nb-O,4,0.635,0.24839484696748437,0.34,0.86,4.0
Fe-N-Ni-O,4,1.41,0.1677299416721216,1.24,1.64,4.0
Fe-N-O-Os,4,1.54,0.2349468024894146,1.32,1.86,4.0
Fe-N-O-Pb,4,1.275,0.4106498914322678,0.8,1.76,4.0
Fe-N-O-Pd,4,1.525,0.10246950765959613,1.38,1.62,4.0
Fe-N-O-Pt,4,1.625,0.10754843869934451,1.5,1.76,4.0
Fe-N-O-Rb,4,2.205,1.3403855166829182,0.94,4.1,4.0
Fe-N-O-Re,4,1.18,0.3932768321000701,0.82,1.7,4.0
Fe-N-O-Rh,4,1.44,0.12110601416389968,1.32,1.6,4.0
Fe-N-O-Ru,4,1.325,0.2028957039137761,1.16,1.62,4.0
Fe-N-O-Sb,4,1.085,0.13203534880225568,0.9,1.18,4.0
Fe-N-O-Sc,4,1.4300000000000002,0.5144576432192126,0.92,2.04,4.0
Fe-N-O-Si,4,1.225,0.16522711641858318,0.98,1.34,4.0
Fe-N-O-Sn,4,1.0150000000000001,0.19416487838947596,0.8,1.24,4.0
Fe-N-O-Sr,4,2.05,1.3807727305148132,0.54,3.3,4.0
Fe-N-O-Ta,4,0.6950000000000001,0.3597684440488539,0.3,1.0,4.0
Fe-N-O-Te,4,1.3599999999999999,0.3204163957519445,1.0,1.74,4.0
Fe-N-O-Ti,4,0.9,0.12328828005937953,0.72,0.98,4.0
Fe-N-O-Tl,4,1.82,0.7306618004704136,1.04,2.64,4.0
Fe-N-O-V,4,0.735,0.28160255680657453,0.44,1.04,4.0
Fe-N-O-W,4,0.935,0.21809783737274122,0.66,1.12,4.0
Fe-N-O-Y,4,1.375,0.8155775050028455,0.66,2.44,4.0
Fe-N-O-Zn,4,1.42,0.37947331922020555,0.94,1.78,4.0
Fe-N-O-Zr,4,0.9299999999999999,0.11489125293076057,0.76,1.0,4.0
Ga-Ge-N-O,4,1.035,0.24677925358506134,0.7,1.24,4.0
Ga-Hf-N-O,4,1.08,0.13063945294843618,0.92,1.24,4.0
Ga-Hg-N-O,4,1.905,0.4588027898781784,1.36,2.4,4.0
Ga-In-N-O,4,1.355,0.2118962010041709,1.04,1.5,4.0
Ga-Ir-N-O,4,1.425,0.09291573243177563,1.34,1.54,4.0
Ga-K-N-O,4,1.9849999999999999,0.971785298647117,1.1,3.36,4.0
Ga-La-N-O,4,1.2650000000000001,0.7354590403278757,0.5,2.06,4.0
Ga-Li-N-O,4,1.98,0.5798850460795371,1.26,2.68,4.0
Ga-Mg-N-O,4,1.6949999999999998,0.4657252408878006,1.12,2.26,4.0
Ga-Mn-N-O,4,0.9299999999999999,0.17625738755203044,0.72,1.14,4.0
Ga-Mo-N-O,4,0.78,0.2727636339397172,0.54,1.12,4.0
Ga-N-Na-O,4,1.57,0.44075692469508254,1.02,2.0,4.0
Ga-N-Nb-O,4,0.645,0.25053276565484733,0.36,0.94,4.0
Ga-N-Ni-O,4,1.525,0.38552993831002713,1.1,1.98,4.0
Ga-N-O-Os,4,1.31,0.24576411454889027,1.06,1.6,4.0
Ga-N-O-Pb,4,1.275,0.265518360947035,0.92,1.56,4.0
Ga-N-O-Pd,4,1.485,0.09291573243177566,1.36,1.58,4.0
Ga-N-O-Pt,4,1.51,0.2016597794967223,1.34,1.8,4.0
Ga-N-O-Rb,4,2.36,1.1107955107339365,1.04,3.62,4.0
Ga-N-O-Re,4,1.055,0.5737304826019501,0.54,1.82,4.0
Ga-N-O-Rh,4,1.565,0.30347981810987035,1.22,1.94,4.0
Ga-N-O-Ru,4,1.33,0.12274635093014652,1.22,1.48,4.0
Ga-N-O-Sb,4,1.025,0.05744562646538036,0.96,1.1,4.0
Ga-N-O-Sc,4,1.47,0.2620432534271141,1.16,1.8,4.0
Ga-N-O-Si,4,1.325,0.2624880949681337,1.0,1.6,4.0
Ga-N-O-Sn,4,1.08,0.3840138886377245,0.78,1.6,4.0
Ga-N-O-Sr,4,1.735,0.8860963077830009,0.68,2.74,4.0
Ga-N-O-Ta,4,0.685,0.32140317359976395,0.34,1.04,4.0
Ga-N-O-Te,4,1.165,0.29000000000000004,0.82,1.52,4.0
Ga-N-O-Ti,4,0.995,0.39,0.54,1.44,4.0
Ga-N-O-Tl,4,1.79,0.4913925789698769,1.2,2.36,4.0
Ga-N-O-V,4,0.835,0.366742416417845,0.42,1.2,4.0
Ga-N-O-W,4,0.78,0.33426536364591136,0.38,1.12,4.0
Ga-N-O-Y,4,1.395,0.4980963762164909,0.84,1.9,4.0
Ga-N-O-Zn,4,1.6600000000000001,0.33266599866332414,1.34,2.1,4.0
Ga-N-O-Zr,4,0.85,0.14282856857085702,0.7,1.0,4.0
Ge-Hf-N-O,4,1.0150000000000001,0.20420577856662142,0.82,1.3,4.0
Ge-Hg-N-O,4,1.675,0.4437341546466758,1.16,2.12,4.0
Ge-In-N-O,4,1.0899999999999999,0.3226969682741586,0.66,1.44,4.0
Ge-Ir-N-O,4,1.315,0.11818065267490564,1.2,1.46,4.0
Ge-K-N-O,4,2.185,1.252450930509189,0.74,3.66,4.0
Ge-La-N-O,4,1.185,0.899536917900909,0.3,2.12,4.0
Ge-Li-N-O,4,1.635,0.4820442579957433,0.94,1.98,4.0
Ge-Mg-N-O,4,1.475,0.5369978274319801,0.82,2.12,4.0
Ge-Mn-N-O,4,1.025,0.2505327656548474,0.8,1.28,4.0
Ge-Mo-N-O,4,0.79,0.2849561369755001,0.52,1.14,4.0
Ge-N-Na-O,4,1.655,0.6737704851554915,0.74,2.3,4.0
Ge-N-Nb-O,4,0.67,0.3255764119219941,0.28,1.04,4.0
Ge-N-Ni-O,4,1.085,0.15695009822658065,0.88,1.26,4.0
Ge-N-O-Os,4,1.25,0.09591663046625448,1.14,1.34,4.0
Ge-N-O-Pb,4,1.1800000000000002,0.3691431519975235,0.72,1.6,4.0
Ge-N-O-Pd,4,1.285,0.22708295107001453,1.02,1.52,4.0
Ge-N-O-Pt,4,1.51,0.17165857586111644,1.36,1.74,4.0
Ge-N-O-Rb,4,2.335,1.25808054856065,0.86,3.76,4.0
Ge-N-O-Re,4,1.05,0.45680046701669064,0.66,1.64,4.0
Ge-N-O-Rh,4,1.2349999999999999,0.2640075756488817,1.02,1.62,4.0
Ge-N-O-Ru,4,1.155,0.06806859285554039,1.1,1.24,4.0
Ge-N-O-Sb,4,0.895,0.30435724623102595,0.54,1.28,4.0
Ge-N-O-Sc,4,1.205,0.4778772506268389,0.66,1.76,4.0
Ge-N-O-Si,4,1.16,0.23266571155486876,0.82,1.32,4.0
Ge-N-O-Sn,4,0.915,0.23965252624024927,0.62,1.12,4.0
Ge-N-O-Sr,4,1.74,1.0519822558706333,0.56,2.88,4.0
Ge-N-O-Ta,4,0.765,0.4959502663238186,0.24,1.38,4.0
Ge-N-O-Te,4,1.08,0.18036999011291577,0.82,1.22,4.0
Ge-N-O-Ti,4,0.865,0.24893104801664792,0.58,1.18,4.0
Ge-N-O-Tl,4,1.56,0.45313721247910477,0.98,1.94,4.0
Ge-N-O-V,4,0.7,0.24711670657134183,0.4,0.94,4.0
Ge-N-O-W,4,0.6950000000000001,0.37572152808518533,0.36,1.04,4.0
Ge-N-O-Y,4,1.22,0.6562519841239848,0.56,1.94,4.0
Ge-N-O-Zn,4,1.48,0.4868949236402724,0.82,1.98,4.0
Ge-N-O-Zr,4,0.86,0.1825741858350554,0.7,1.08,4.0
Hf-Hg-N-O,4,1.7,0.703893931403494,1.12,2.6,4.0
Hf-In-N-O,4,1.165,0.5377421934967226,0.6,1.82,4.0
Hf-Ir-N-O,4,1.34,0.4403029260255564,0.98,1.96,4.0
Hf-K-N-O,4,2.2800000000000002,1.5280488648382071,0.56,3.88,4.0
Hf-La-N-O,4,0.765,0.6976866536394877,0.06,1.46,4.0
Hf-Li-N-O,4,1.52,0.4811098280711658,0.88,2.04,4.0
Hf-Mg-N-O,4,1.225,0.3356088993655164,0.78,1.58,4.0
Hf-Mn-N-O,4,0.9,0.11999999999999998,0.8,1.04,4.0
Hf-Mo-N-O,4,1.06,0.38262252939417984,0.7,1.42,4.0
Hf-N-Na-O,4,1.6600000000000001,0.781110320846763,0.62,2.3,4.0
Hf-N-Nb-O,4,1.145,0.3446254004954752,0.64,1.4,4.0
Hf-N-Ni-O,4,1.22,0.18690461025168245,1.02,1.44,4.0
Hf-N-O-Os,4,1.3900000000000001,0.3961481204465489,0.98,1.86,4.0
Hf-N-O-Pb,4,1.17,0.4739901546094251,0.64,1.58,4.0
Hf-N-O-Pd,4,1.44,0.40628397293846913,1.0,1.98,4.0
Hf-N-O-Pt,4,1.55,0.46461453557402477,1.0,2.12,4.0
Hf-N-O-Rb,4,2.06,1.2362308306569072,0.62,3.44,4.0
Hf-N-O-Re,4,1.245,0.5060632371551999,0.8,1.82,4.0
Hf-N-O-Rh,4,1.255,0.41709311510341035,0.94,1.82,4.0
Hf-N-O-Ru,4,1.45,0.3660601043544625,0.92,1.76,4.0
Hf-N-O-Sb,4,1.165,0.4991659710623979,0.76,1.88,4.0
Hf-N-O-Sc,4,0.705,0.21625602111078124,0.44,0.96,4.0
Hf-N-O-Si,4,1.115,0.3549178308660565,0.72,1.52,4.0
Hf-N-O-Sn,4,0.925,0.18357559750685823,0.74,1.12,4.0
Hf-N-O-Sr,4,1.82,1.4252952910420587,0.24,3.32,4.0
Hf-N-O-Ta,4,1.135,0.38828683555673976,0.64,1.56,4.0
Hf-N-O-Te,4,1.55,0.6450839738618014,0.84,2.2,4.0
Hf-N-O-Ti,4,0.895,0.359768444048854,0.5,1.32,4.0
Hf-N-O-Tl,4,1.6,0.7008566187174092,0.9,2.46,4.0
Hf-N-O-V,4,1.07,0.3324655370611115,0.6,1.38,4.0
Hf-N-O-W,4,1.125,0.47954839866969284,0.72,1.66,4.0
Hf-N-O-Y,4,0.95,0.7045565981523415,0.3,1.86,4.0
Hf-N-O-Zn,4,1.3,0.2438578821089584,1.08,1.54,4.0
Hf-N-O-Zr,4,0.55,0.07393691004272948,0.46,0.64,4.0
Hg-In-N-O,4,1.82,0.2930301463444788,1.52,2.2,4.0
Hg-Ir-N-O,4,2.31,0.9171695590238482,1.46,3.2,4.0
Hg-K-N-O,4,2.54,0.7290176038112296,1.66,3.44,4.0
Hg-La-N-O,4,1.715,0.2918332857414773,1.42,2.1,4.0
Hg-Li-N-O,4,2.415,0.344625400495475,2.08,2.76,4.0
Hg-Mg-N-O,4,2.08,0.2033060090930255,1.8,2.24,4.0
Hg-Mn-N-O,4,1.7349999999999999,0.6577486855428396,1.02,2.48,4.0
Hg-Mo-N-O,4,1.69,1.0126532805786326,0.7,2.66,4.0
Hg-N-Na-O,4,2.29,0.263565298676944,1.92,2.54,4.0
Hg-N-Nb-O,4,1.415,0.8568741642349437,0.54,2.4,4.0
Hg-N-Ni-O,4,2.0,0.43112256571265983,1.58,2.56,4.0
Hg-N-O-Os,4,1.885,0.8482727548770306,1.2,3.04,4.0
Hg-N-O-Pb,4,1.81,0.1553490693030807,1.7,2.04,4.0
Hg-N-O-Pd,4,2.08,0.30594117081556704,1.78,2.5,4.0
Hg-N-O-Pt,4,2.0949999999999998,0.4986314604327861,1.7,2.82,4.0
Hg-N-O-Rb,4,2.7600000000000002,0.7622772898799143,1.8,3.66,4.0
Hg-N-O-Re,4,1.905,1.2789970028633113,0.74,3.1,4.0
Hg-N-O-Rh,4,1.98,0.44452221541785736,1.58,2.6,4.0
Hg-N-O-Ru,4,1.865,0.5838664230798,1.34,2.64,4.0
Hg-N-O-Sb,4,1.575,0.37819747927945435,1.1,1.96,4.0
Hg-N-O-Sc,4,1.835,0.32634337744161457,1.5,2.22,4.0
Hg-N-O-Si,4,2.03,0.8022468448052633,1.26,2.94,4.0
Hg-N-O-Sn,4,1.625,0.40739006697103775,1.22,2.1,4.0
Hg-N-O-Sr,4,2.13,0.5471136384091821,1.46,2.8,4.0
Hg-N-O-Ta,4,1.495,1.0311643903859364,0.48,2.74,4.0
Hg-N-O-Te,4,1.735,0.39204591567825325,1.32,2.22,4.0
Hg-N-O-Ti,4,1.895,0.8833836463658735,0.98,2.72,4.0
Hg-N-O-Tl,4,2.065,0.14999999999999994,1.92,2.26,4.0
Hg-N-O-V,4,1.4849999999999999,0.6986415389883427,0.76,2.28,4.0
Hg-N-O-W,4,1.7349999999999999,1.2683190975986025,0.54,2.9,4.0
Hg-N-O-Y,4,1.82,0.12754084313139333,1.64,1.94,4.0
Hg-N-O-Zn,4,2.05,0.21197484127446187,1.74,2.22,4.0
Hg-N-O-Zr,4,1.5899999999999999,0.6369720035710622,0.98,2.38,4.0
In-Ir-N-O,4,1.445,0.2719681353884434,1.18,1.82,4.0
In-K-N-O,4,1.9449999999999998,0.9913458864930376,1.0,3.3,4.0
In-La-N-O,4,1.325,0.4837010095778864,0.78,1.88,4.0
In-Li-N-O,4,1.825,0.5709349058050899,1.26,2.42,4.0
In-Mg-N-O,4,1.7,0.35888716889852723,1.36,2.02,4.0
In-Mn-N-O,4,1.02,0.3237282811247729,0.64,1.42,4.0
In-Mo-N-O,4,0.9,0.40562708653803353,0.44,1.34,4.0
In-N-Na-O,4,2.0300000000000002,0.7107742257566744,1.14,2.88,4.0
In-N-Nb-O,4,0.78,0.4311225657126597,0.3,1.26,4.0
In-N-Ni-O,4,1.38,0.23209193580705603,1.08,1.64,4.0
In-N-O-Os,4,1.28,0.3059411708155671,0.96,1.58,4.0
In-N-O-Pb,4,1.48,0.3513782387494516,1.06,1.92,4.0
In-N-O-Pd,4,1.7200000000000002,0.36696957185394363,1.3,2.16,4.0
In-N-O-Pt,4,1.425,0.14730919862656233,1.26,1.6,4.0
In-N-O-Rb,4,2.305,1.0401762671137362,1.04,3.52,4.0
In-N-O-Re,4,1.19,0.8067217612039483,0.48,2.22,4.0
In-N-O-Rh,4,1.7349999999999999,0.5414486740833951,1.12,2.34,4.0
In-N-O-Ru,4,1.6549999999999998,0.648562513049693,1.0,2.4,4.0
In-N-O-Sb,4,0.96,0.23551362310207596,0.72,1.28,4.0
In-N-O-Sc,4,1.27,0.3017725412735006,0.92,1.56,4.0
In-N-O-Si,4,1.515,0.7135591542869214,0.78,2.3,4.0
In-N-O-Sn,4,1.135,0.41323923660110823,0.66,1.58,4.0
In-N-O-Sr,4,1.75,0.7055021852080497,0.84,2.54,4.0
In-N-O-Ta,4,0.81,0.5076744363598914,0.26,1.36,4.0
In-N-O-Te,4,1.1600000000000001,0.13952299690970893,1.04,1.34,4.0
In-N-O-Ti,4,1.37,0.8014154145427119,0.5,2.2,4.0
In-N-O-Tl,4,1.76,0.3513782387494517,1.34,2.2,4.0
In-N-O-V,4,1.01,0.5332916650389355,0.44,1.6,4.0
In-N-O-W,4,0.825,0.5036864103785211,0.28,1.32,4.0
In-N-O-Y,4,1.42,0.22920151250228105,1.2,1.74,4.0
In-N-O-Zn,4,1.7,0.2638181191654584,1.4,2.0,4.0
In-N-O-Zr,4,0.9450000000000001,0.30083217912982646,0.56,1.28,4.0
Ir-K-N-O,4,2.765,1.712649020280182,0.96,4.58,4.0
Ir-La-N-O,4,1.58,1.0324081880083413,0.84,3.04,4.0
Ir-Li-N-O,4,1.9649999999999999,0.7406978691297372,1.22,2.98,4.0
Ir-Mg-N-O,4,1.4500000000000002,0.18511257835886435,1.28,1.62,4.0
Ir-Mn-N-O,4,1.275,0.20420577856662142,1.1,1.56,4.0
Ir-Mo-N-O,4,1.2650000000000001,0.3549178308660565,0.74,1.5,4.0
Ir-N-Na-O,4,1.52,0.3770057470826318,1.0,1.9,4.0
Ir-N-Nb-O,4,1.005,0.39068316233660916,0.64,1.4,4.0
Ir-N-Ni-O,4,1.935,0.18357559750685828,1.74,2.12,4.0
Ir-N-O-Os,4,1.955,0.3291909273759935,1.52,2.32,4.0
Ir-N-O-Pb,4,1.49,0.447064499447973,1.04,2.0,4.0
Ir-N-O-Pd,4,1.955,0.41677331968349424,1.66,2.56,4.0
Ir-N-O-Pt,4,1.95,0.04760952285695239,1.88,1.98,4.0
Ir-N-O-Rb,4,2.83,1.6892996576490904,1.02,4.62,4.0
Ir-N-O-Re,4,1.725,0.3328162656281491,1.52,2.22,4.0
Ir-N-O-Rh,4,1.915,0.26400757564888166,1.7,2.3,4.0
Ir-N-O-Ru,4,2.005,0.12261049438499697,1.88,2.12,4.0
Ir-N-O-Sb,4,1.545,0.5094768558694954,1.08,2.08,4.0
Ir-N-O-Sc,4,1.58,0.46216880033165353,1.28,2.26,4.0
Ir-N-O-Si,4,1.9100000000000001,0.2886751345948129,1.66,2.16,4.0
Ir-N-O-Sn,4,1.255,0.19958289839896945,1.04,1.5,4.0
Ir-N-O-Sr,4,2.335,1.506640855236133,0.82,3.92,4.0
Ir-N-O-Ta,4,1.16,0.37309516212355254,0.78,1.5,4.0
Ir-N-O-Te,4,1.7650000000000001,0.5638853311327282,1.24,2.32,4.0
Ir-N-O-Ti,4,1.125,0.3125699921617556,0.8,1.44,4.0
Ir-N-O-Tl,4,1.895,0.7533702055873106,1.22,2.92,4.0
Ir-N-O-V,4,1.31,0.26857649437978254,0.96,1.54,4.0
Ir-N-O-W,4,1.475,0.10754843869934452,1.36,1.62,4.0
Ir-N-O-Y,4,1.6099999999999999,0.6561503892655505,1.18,2.58,4.0
Ir-N-O-Zn,4,1.78,0.5388877434122992,1.44,2.58,4.0
Ir-N-O-Zr,4,1.32,0.37982452088650975,0.96,1.74,4.0
K-La-N-O,4,1.95,0.7649836599562111,1.14,2.92,4.0
K-Li-N-O,4,2.81,0.7634133873596927,1.78,3.62,4.0
K-Mg-N-O,4,2.57,1.0938007131100254,1.28,3.94,4.0
K-Mn-N-O,4,2.4299999999999997,1.7344739836619054,0.6,4.64,4.0
K-Mo-N-O,4,1.685,1.6891319269573548,0.1,4.04,4.0
K-N-Na-O,4,2.545,0.7818567643756751,1.82,3.38,4.0
K-N-Nb-O,4,1.685,1.6275441622272495,0.1,3.94,4.0
K-N-Ni-O,4,2.6550000000000002,1.2648451815670303,1.24,4.12,4.0
K-N-O-Os,4,2.585,1.9376532197480536,0.6,4.68,4.0
K-N-O-Pb,4,1.98,0.8315447472425441,1.14,3.08,4.0
K-N-O-Pd,4,2.62,1.0649569631366955,1.4,3.9,4.0
K-N-O-Pt,4,2.29,0.8767363723871996,1.3,3.42,4.0
K-N-O-Rb,4,2.9699999999999998,0.7957386505631104,2.24,3.8,4.0
K-N-O-Re,4,1.7149999999999999,1.5624233314523523,0.08,3.6,4.0
K-N-O-Rh,4,2.655,1.378150935130111,1.14,4.22,4.0
K-N-O-Ru,4,2.545,1.6145484404831794,0.82,4.32,4.0
K-N-O-Sb,4,2.09,1.2513992168768526,0.6,3.48,4.0
K-N-O-Sc,4,1.82,0.6322446783748625,1.02,2.56,4.0
K-N-O-Si,4,2.675,1.6323704644881734,0.88,4.44,4.0
K-N-O-Sn,4,1.795,1.0692520750505932,0.7,3.26,4.0
K-N-O-Sr,4,2.52,0.7377443098165288,1.74,3.44,4.0
K-N-O-Ta,4,1.28,0.9742005269279351,0.04,2.3,4.0
K-N-O-Te,4,1.93,0.8573602898820697,0.82,2.82,4.0
K-N-O-Ti,4,1.57,0.8067217612039481,0.52,2.46,4.0
K-N-O-Tl,4,2.16,0.5276362383309169,1.4,2.6,4.0
K-N-O-V,4,2.11,1.6179410784491917,0.32,3.9,4.0
K-N-O-W,4,1.145,1.0242883708539636,-0.1,2.24,4.0
K-N-O-Y,4,2.045,0.7047221674768953,1.08,2.58,4.0
K-N-O-Zn,4,2.545,0.9885174083781564,1.38,3.74,4.0
K-N-O-Zr,4,1.88,1.0801234497346432,0.56,3.02,4.0
La-Li-N-O,4,1.77,0.5097711905028242,1.18,2.42,4.0
La-Mg-N-O,4,1.52,0.6598989821682305,0.72,2.3,4.0
La-Mn-N-O,4,1.2,0.995054437371812,0.2,2.26,4.0
La-Mo-N-O,4,0.7949999999999999,0.6775199874050458,0.16,1.42,4.0
La-N-Na-O,4,1.795,0.4479211240088298,1.38,2.24,4.0
La-N-Nb-O,4,1.0150000000000001,1.1269279775862637,0.1,2.5,4.0
La-N-Ni-O,4,1.42,0.8202438661763951,0.7,2.52,4.0
La-N-O-Os,4,1.5350000000000001,1.1377609590770814,0.62,3.08,4.0
La-N-O-Pb,4,1.28,0.32124756808418015,0.9,1.68,4.0
La-N-O-Pd,4,1.66,0.6572670690061991,1.02,2.34,4.0
La-N-O-Pt,4,1.56,0.7474400756359447,1.02,2.64,4.0
La-N-O-Rb,4,2.085,0.7774102306161571,1.1,3.0,4.0
La-N-O-Re,4,1.2200000000000002,1.1383028302404126,0.22,2.68,4.0
La-N-O-Rh,4,1.64,0.8863407922464136,0.82,2.54,4.0
La-N-O-Ru,4,1.3399999999999999,0.7802563681252463,0.72,2.34,4.0
La-N-O-Sb,4,1.08,0.556896160278856,0.58,1.7,4.0
La-N-O-Sc,4,1.11,0.6909896284798105,0.46,2.04,4.0
La-N-O-Si,4,1.485,1.2924782396620844,0.3,2.72,4.0
La-N-O-Sn,4,1.01,0.5879909296352567,0.42,1.78,4.0
La-N-O-Sr,4,1.545,0.5725673177307044,1.0,2.24,4.0
La-N-O-Ta,4,0.74,0.7782030583337488,-0.02,1.46,4.0
La-N-O-Te,4,1.4500000000000002,0.6793133788367978,0.82,2.16,4.0
La-N-O-Ti,4,0.845,0.777581721321517,0.06,1.6,4.0
La-N-O-Tl,4,1.54,0.22211108331943583,1.26,1.8,4.0
La-N-O-V,4,1.255,1.2881381913443914,0.1,2.4,4.0
La-N-O-W,4,1.125,1.2718883598806934,0.04,2.8,4.0
La-N-O-Y,4,1.17,0.45151596501858793,0.68,1.62,4.0
La-N-O-Zn,4,1.5499999999999998,0.6614126296546405,0.84,2.3,4.0
La-N-O-Zr,4,0.9650000000000001,0.9428149341201592,0.08,2.14,4.0
Li-Mg-N-O,4,2.175,0.5193264869039514,1.66,2.68,4.0
Li-Mn-N-O,4,1.51,0.7535692845828224,0.78,2.54,4.0
Li-Mo-N-O,4,1.135,0.6839834305985294,0.3,1.94,4.0
Li-N-Na-O,4,2.375,0.6306346010171024,1.78,2.92,4.0
Li-N-Nb-O,4,1.135,0.6386183001866869,0.32,1.88,4.0
Li-N-Ni-O,4,1.7000000000000002,0.30066592756745814,1.4,2.04,4.0
Li-N-O-Os,4,1.6149999999999998,0.6692035066654487,0.86,2.4,4.0
Li-N-O-Pb,4,1.995,0.4449344521012803,1.6,2.4,4.0
Li-N-O-Pd,4,2.3,0.4741307836451879,1.7,2.86,4.0
Li-N-O-Pt,4,2.095,0.6407027391856538,1.58,2.96,4.0
Li-N-O-Rb,4,2.855,0.851097330900918,1.82,3.88,4.0
Li-N-O-Re,4,1.35,0.9281522863553515,0.3,2.18,4.0
Li-N-O-Rh,4,1.85,0.4889444412882374,1.34,2.46,4.0
Li-N-O-Ru,4,1.735,0.5277309920783503,1.1,2.38,4.0
Li-N-O-Sb,4,1.665,0.612617335699864,0.9,2.4,4.0
Li-N-O-Sc,4,1.9,0.3942926155365665,1.42,2.32,4.0
Li-N-O-Si,4,1.5350000000000001,0.5180411824041278,0.86,2.12,4.0
Li-N-O-Sn,4,1.605,0.6089061230326615,1.08,2.38,4.0
Li-N-O-Sr,4,2.29,0.6206448259673161,1.58,3.04,4.0
Li-N-O-Ta,4,1.185,0.6579513659838393,0.36,1.96,4.0
Li-N-O-Te,4,1.705,0.42813549257215294,1.08,2.04,4.0
Li-N-O-Ti,4,1.4849999999999999,0.7180297115486703,0.76,2.46,4.0
Li-N-O-Tl,4,2.275,0.4446346815083143,1.88,2.66,4.0
Li-N-O-V,4,1.55,0.7903585684147839,0.64,2.46,4.0
Li-N-O-W,4,1.025,0.7729381174022494,0.1,1.92,4.0
Li-N-O-Y,4,1.8050000000000002,0.3601388621073822,1.44,2.18,4.0
Li-N-O-Zn,4,2.2249999999999996,0.47815618090048084,1.68,2.8,4.0
Li-N-O-Zr,4,1.455,0.45793012567421243,0.9,1.96,4.0
Mg-Mn-N-O,4,1.235,0.6820312798300873,0.6,2.18,4.0
Mg-Mo-N-O,4,0.975,0.38965796967768196,0.52,1.46,4.0
Mg-N-Na-O,4,2.125,0.8595153673243235,1.4,3.22,4.0
Mg-N-Nb-O,4,0.9,0.4363484845854286,0.36,1.4,4.0
Mg-N-Ni-O,4,1.8599999999999999,0.5890104696296437,1.18,2.56,4.0
Mg-N-O-Os,4,1.335,0.22113344387495987,1.06,1.6,4.0
Mg-N-O-Pb,4,1.52,0.33585711247493333,1.22,1.84,4.0
Mg-N-O-Pd,4,1.9249999999999998,0.41773197148410857,1.42,2.44,4.0
Mg-N-O-Pt,4,1.9700000000000002,0.5327913913218444,1.34,2.6,4.0
Mg-N-O-Rb,4,2.685,1.018806491276271,1.5,3.96,4.0
Mg-N-O-Re,4,1.24,0.7052186422190876,0.56,2.1,4.0
Mg-N-O-Rh,4,1.8399999999999999,0.5687413002997644,1.16,2.5,4.0
Mg-N-O-Ru,4,1.6099999999999999,0.6232174580353154,1.16,2.52,4.0
Mg-N-O-Sb,4,1.315,0.32305830227169013,0.86,1.62,4.0
Mg-N-O-Sc,4,1.52,0.500666222813829,0.96,2.0,4.0
Mg-N-O-Si,4,1.755,0.9932270636667124,0.66,2.84,4.0
Mg-N-O-Sn,4,1.22,0.3989987468652,0.76,1.66,4.0
Mg-N-O-Sr,4,2.13,0.8736894948054105,1.1,3.22,4.0
Mg-N-O-Ta,4,0.845,0.5431697095138253,0.18,1.48,4.0
Mg-N-O-Te,4,1.495,0.2270829510700146,1.16,1.66,4.0
Mg-N-O-Ti,4,1.145,0.41227013797589873,0.64,1.64,4.0
Mg-N-O-Tl,4,2.045,0.4041039470235351,1.6,2.56,4.0
Mg-N-O-V,4,1.225,0.7722478013349515,0.34,2.12,4.0
Mg-N-O-W,4,0.895,0.4476233535760469,0.4,1.44,4.0
Mg-N-O-Y,4,1.585,0.4284468072779475,1.06,2.1,4.0
Mg-N-O-Zn,4,1.915,0.3991240408695021,1.5,2.38,4.0
Mg-N-O-Zr,4,1.015,0.43154760262725755,0.5,1.5,4.0
Mn-Mo-N-O,4,0.85,0.232379000772445,0.52,1.06,4.0
Mn-N-Na-O,4,1.58,0.7333939368897636,0.6,2.26,4.0
Mn-N-Nb-O,4,0.5850000000000001,0.3767846422914112,0.18,1.08,4.0
Mn-N-Ni-O,4,1.3900000000000001,0.20944370763206685,1.18,1.58,4.0
Mn-N-O-Os,4,1.255,0.1258305739211791,1.08,1.38,4.0
Mn-N-O-Pb,4,1.08,0.41344084623236427,0.58,1.58,4.0
Mn-N-O-Pd,4,1.385,0.14821156050277143,1.2,1.54,4.0
Mn-N-O-Pt,4,1.49,0.14282856857085702,1.34,1.68,4.0
Mn-N-O-Rb,4,1.99,0.9785022568531289,0.7,2.88,4.0
Mn-N-O-Re,4,0.99,0.42095130359698385,0.58,1.54,4.0
Mn-N-O-Rh,4,1.15,0.15705625319186337,0.96,1.34,4.0
Mn-N-O-Ru,4,1.245,0.18859126879754182,1.02,1.48,4.0
Mn-N-O-Sb,4,0.835,0.09574271077563383,0.7,0.92,4.0
Mn-N-O-Sc,4,1.055,0.5221430199986717,0.58,1.8,4.0
Mn-N-O-Si,4,1.285,0.5407094105586351,0.76,1.88,4.0
Mn-N-O-Sn,4,0.855,0.21992422937608913,0.62,1.08,4.0
Mn-N-O-Sr,4,1.73,1.2528899925106485,0.34,3.18,4.0
Mn-N-O-Ta,4,0.52,0.3559026084010437,0.1,0.88,4.0
Mn-N-O-Te,4,1.155,0.2816025568065745,0.9,1.54,4.0
Mn-N-O-Ti,4,0.88,0.3691431519975234,0.36,1.18,4.0
Mn-N-O-Tl,4,1.825,1.0212900338950408,0.84,3.2,4.0
Mn-N-O-V,4,0.59,0.2835489375751565,0.24,0.84,4.0
Mn-N-O-W,4,0.855,0.385183938744422,0.42,1.3,4.0
Mn-N-O-Y,4,1.215,0.7290861860347286,0.48,2.04,4.0
Mn-N-O-Zn,4,1.39,0.5018631951704235,0.74,1.96,4.0
Mn-N-O-Zr,4,0.735,0.16842406795546372,0.54,0.92,4.0
Mo-N-Na-O,4,1.1099999999999999,0.7625396164571823,0.16,1.94,4.0
Mo-N-Nb-O,4,0.545,0.12476644848141936,0.42,0.68,4.0
Mo-N-Ni-O,4,1.035,0.34578413304642347,0.6,1.42,4.0
Mo-N-O-Os,4,1.63,0.08082903768654763,1.56,1.74,4.0
Mo-N-O-Pb,4,0.9550000000000001,0.6485625130496931,0.3,1.58,4.0
Mo-N-O-Pd,4,1.1600000000000001,0.4366539438350084,0.68,1.54,4.0
Mo-N-O-Pt,4,1.29,0.36018513757973597,0.8,1.58,4.0
Mo-N-O-Rb,4,1.795,1.6829636557771135,0.18,4.12,4.0
Mo-N-O-Re,4,1.335,0.2744084546802449,1.1,1.62,4.0
Mo-N-O-Rh,4,1.23,0.43466462167208103,0.74,1.76,4.0
Mo-N-O-Ru,4,1.23,0.07393691004272951,1.14,1.3,4.0
Mo-N-O-Sb,4,0.935,0.3827531841800927,0.54,1.4,4.0
Mo-N-O-Sc,4,1.145,0.5076416058598822,0.82,1.9,4.0
Mo-N-O-Si,4,1.105,0.2904594062285928,0.82,1.5,4.0
Mo-N-O-Sn,4,0.735,0.37143864455205344,0.36,1.12,4.0
Mo-N-O-Sr,4,0.9850000000000001,0.8501568482736973,0.02,1.84,4.0
Mo-N-O-Ta,4,0.64,0.18257418583505536,0.44,0.84,4.0
Mo-N-O-Te,4,1.32,0.5304086474910956,0.76,1.84,4.0
Mo-N-O-Ti,4,0.6399999999999999,0.0692820323027551,0.58,0.7,4.0
Mo-N-O-Tl,4,1.365,0.8753475500241793,0.46,2.3,4.0
Mo-N-O-V,4,0.825,0.15864005379054388,0.62,0.96,4.0
Mo-N-O-W,4,0.72,0.18832595855767378,0.54,0.98,4.0
Mo-N-O-Y,4,1.075,0.6688049042882386,0.5,1.96,4.0
Mo-N-O-Zn,4,0.97,0.4795831523312719,0.48,1.5,4.0
Mo-N-O-Zr,4,0.8049999999999999,0.24569628948493838,0.6,1.16,4.0
N-Na-Nb-O,4,1.14,0.7612270795673698,0.18,2.02,4.0
N-Na-Ni-O,4,1.695,0.3817066936798462,1.22,2.06,4.0
N-Na-O-Os,4,1.365,0.5859180830116101,0.62,1.98,4.0
N-Na-O-Pb,4,1.8050000000000002,0.4728283691432514,1.32,2.24,4.0
N-Na-O-Pd,4,1.8650000000000002,0.33161222333723867,1.58,2.2,4.0
N-Na-O-Pt,4,1.76,0.3128364855106685,1.4,2.06,4.0
N-Na-O-Rb,4,2.84,0.9429033177726478,1.74,3.74,4.0
N-Na-O-Re,4,1.4049999999999998,1.2487193439680508,0.08,2.9,4.0
N-Na-O-Rh,4,1.64,0.35665109000254014,1.18,1.96,4.0
N-Na-O-Ru,4,1.5,0.46904157598234303,0.86,1.98,4.0
N-Na-O-Sb,4,1.795,0.9212129685004076,0.68,2.88,4.0
N-Na-O-Sc,4,1.7149999999999999,0.4837010095778865,1.16,2.26,4.0
N-Na-O-Si,4,1.64,0.6958927120373276,0.72,2.32,4.0
N-Na-O-Sn,4,1.605,0.5615158056546582,0.8,2.0,4.0
N-Na-O-Sr,4,2.2,0.6406246951218787,1.56,2.8,4.0
N-Na-O-Ta,4,1.15,0.8119934318289361,0.12,2.04,4.0
N-Na-O-Te,4,1.7449999999999999,0.6499999999999999,0.86,2.34,4.0
N-Na-O-Ti,4,1.405,0.6365270352991039,0.56,2.1,4.0
N-Na-O-Tl,4,2.135,0.4064070209367287,1.6,2.48,4.0
N-Na-O-V,4,1.56,1.0241093691593686,0.42,2.8,4.0
N-Na-O-W,4,0.985,0.8457541013793548,-0.06,1.86,4.0
N-Na-O-Y,4,1.89,0.4352776891441446,1.26,2.26,4.0
N-Na-O-Zn,4,1.8850000000000002,0.3987898360456713,1.52,2.24,4.0
N-Na-O-Zr,4,1.45,0.625992545216528,0.62,2.14,4.0
N-Nb-Ni-O,4,0.755,0.2844292530665578,0.42,1.02,4.0
N-Nb-O-Os,4,0.9650000000000001,0.27440845468024483,0.68,1.28,4.0
N-Nb-O-Pb,4,0.905,0.6575459426280924,0.18,1.52,4.0
N-Nb-O-Pd,4,0.985,0.47226405043506464,0.5,1.4,4.0
N-Nb-O-Pt,4,1.165,0.6236184731067544,0.64,1.94,4.0
N-Nb-O-Rb,4,1.745,1.3506911810871747,0.14,3.2,4.0
N-Nb-O-Re,4,0.755,0.2834901526802415,0.5,1.16,4.0
N-Nb-O-Rh,4,0.905,0.4106498914322679,0.52,1.26,4.0
N-Nb-O-Ru,4,0.92,0.37345236197762455,0.6,1.36,4.0
N-Nb-O-Sb,4,0.88,0.46332134277050807,0.4,1.44,4.0
N-Nb-O-Sc,4,0.6799999999999999,0.2581988897471611,0.42,0.94,4.0
N-Nb-O-Si,4,0.9199999999999999,0.1478738200854589,0.7,1.02,4.0
N-Nb-O-Sn,4,0.65,0.3991657967979388,0.18,1.02,4.0
N-Nb-O-Sr,4,0.97,0.8593796211996962,-0.06,1.86,4.0
N-Nb-O-Ta,4,0.775,0.37215588131856786,0.44,1.28,4.0
N-Nb-O-Te,4,1.095,0.5529014378711634,0.62,1.76,4.0
N-Nb-O-Ti,4,0.5549999999999999,0.059721576223896414,0.48,0.62,4.0
N-Nb-O-Tl,4,1.315,0.8473291371519491,0.4,2.26,4.0
N-Nb-O-V,4,0.715,0.2941088233970548,0.3,0.96,4.0
N-Nb-O-W,4,0.63,0.23692474191889143,0.46,0.98,4.0
N-Nb-O-Y,4,1.0150000000000001,0.7597148587902348,0.3,2.02,4.0
N-Nb-O-Zn,4,0.9750000000000001,0.5792811637423289,0.3,1.56,4.0
N-Nb-O-Zr,4,0.73,0.28118795611950864,0.46,1.12,4.0
N-Ni-O-Os,4,1.6800000000000002,0.3153833646003966,1.44,2.14,4.0
N-Ni-O-Pb,4,1.49,0.28213471959331765,1.14,1.82,4.0
N-Ni-O-Pd,4,1.8900000000000001,0.4215843134336634,1.48,2.32,4.0
N-Ni-O-Pt,4,1.615,0.04434711565216682,1.56,1.66,4.0
N-Ni-O-Rb,4,2.825,1.3284953895290714,1.34,4.34,4.0
N-Ni-O-Re,4,1.21,0.2705549851693736,0.92,1.46,4.0
N-Ni-O-Rh,4,1.595,0.2862982128247864,1.4,2.02,4.0
N-Ni-O-Ru,4,1.57,0.12909944487358055,1.46,1.74,4.0
N-Ni-O-Sb,4,1.365,0.23572582944316195,1.2,1.7,4.0
N-Ni-O-Sc,4,1.445,0.266020049369717,1.22,1.82,4.0
N-Ni-O-Si,4,1.295,0.34501207708330056,0.94,1.62,4.0
N-Ni-O-Sn,4,1.15,0.1518771433319269,1.0,1.3,4.0
N-Ni-O-Sr,4,1.905,1.0309057506225614,0.94,3.36,4.0
N-Ni-O-Ta,4,0.87,0.48345975358175713,0.38,1.42,4.0
N-Ni-O-Te,4,1.53,0.28023799409311606,1.22,1.88,4.0
N-Ni-O-Ti,4,1.135,0.3375894943073121,0.7,1.52,4.0
N-Ni-O-Tl,4,2.0549999999999997,0.6321128591214284,1.38,2.74,4.0
N-Ni-O-V,4,0.8350000000000001,0.2787471972953271,0.54,1.12,4.0
N-Ni-O-W,4,1.005,0.5193264869039514,0.42,1.62,4.0
N-Ni-O-Y,4,1.67,0.7349376390778563,0.96,2.4,4.0
N-Ni-O-Zn,4,1.705,0.49135866058647354,1.28,2.36,4.0
N-Ni-O-Zr,4,1.065,0.13796134724383247,0.88,1.18,4.0
N-O-Os-Pb,4,1.375,0.5387330817142506,0.86,1.86,4.0
N-O-Os-Pd,4,1.705,0.3764306044943743,1.36,2.06,4.0
N-O-Os-Pt,4,1.88,0.2046134567096375,1.7,2.12,4.0
N-O-Os-Rb,4,1.705,0.8159044061653302,0.7,2.6,4.0
N-O-Os-Re,4,1.71,0.4529900661162449,1.08,2.04,4.0
N-O-Os-Rh,4,1.705,0.16921386861996066,1.56,1.88,4.0
N-O-Os-Ru,4,1.9300000000000002,0.324345494804537,1.64,2.24,4.0
N-O-Os-Sb,4,1.43,0.4241069047618379,1.02,2.0,4.0
N-O-Os-Sc,4,1.305,0.06608075867199668,1.24,1.38,4.0
N-O-Os-Si,4,1.7349999999999999,0.1821171783953031,1.5,1.94,4.0
N-O-Os-Sn,4,1.225,0.3263433774416144,0.88,1.56,4.0
N-O-Os-Sr,4,2.205,1.6583023447690914,0.6,3.98,4.0
N-O-Os-Ta,4,1.0899999999999999,0.37469987990390385,0.7,1.44,4.0
N-O-Os-Te,4,1.66,0.4730045806684469,1.2,2.3,4.0
N-O-Os-Ti,4,1.1600000000000001,0.3467948480970654,0.78,1.58,4.0
N-O-Os-Tl,4,1.775,0.8797537534257337,0.98,2.9,4.0
N-O-Os-V,4,1.245,0.3834492578338539,0.7,1.6,4.0
N-O-Os-W,4,1.72,0.20199009876724155,1.5,1.92,4.0
N-O-Os-Y,4,1.52,0.7348469228349535,0.96,2.58,4.0
N-O-Os-Zn,4,1.565,0.3692785759649031,1.18,1.98,4.0
N-O-Os-Zr,4,1.185,0.20157711510321147,0.94,1.36,4.0
N-O-Pb-Pd,4,1.815,0.4437341546466758,1.34,2.34,4.0
N-O-Pb-Pt,4,1.74,0.6147086030524274,1.26,2.64,4.0
N-O-Pb-Rb,4,2.035,0.6173869667126662,1.14,2.5,4.0
N-O-Pb-Re,4,1.29,1.0211757928975795,0.42,2.52,4.0
N-O-Pb-Rh,4,1.4700000000000002,0.32557641192199405,1.1,1.86,4.0
N-O-Pb-Ru,4,1.37,0.41745259211875374,0.92,1.8,4.0
N-O-Pb-Sb,4,1.15,0.4136020631798959,0.64,1.56,4.0
N-O-Pb-Sc,4,1.345,0.2424183711410228,1.02,1.6,4.0
N-O-Pb-Si,4,1.535,0.630845992827621,0.86,2.14,4.0
N-O-Pb-Sn,4,1.125,0.29045940622859273,0.74,1.44,4.0
N-O-Pb-Sr,4,1.65,0.424106904761838,1.04,2.02,4.0
N-O-Pb-Ta,4,0.9750000000000001,0.7321885003194192,0.2,1.62,4.0
N-O-Pb-Te,4,1.335,0.39034173062416316,0.9,1.8,4.0
N-O-Pb-Ti,4,1.155,0.536252428121931,0.54,1.68,4.0
N-O-Pb-Tl,4,1.68,0.23380903889000246,1.44,1.9,4.0
N-O-Pb-V,4,1.105,0.7131853429041664,0.36,1.88,4.0
N-O-Pb-W,4,0.92,0.764373381709925,0.2,1.62,4.0
N-O-Pb-Y,4,1.2999999999999998,0.15231546211727817,1.16,1.46,4.0
N-O-Pb-Zn,4,1.525,0.23685438564654016,1.32,1.74,4.0
N-O-Pb-Zr,4,1.1099999999999999,0.43893811257017384,0.58,1.5,4.0
N-O-Pd-Pt,4,1.775,0.06608075867199677,1.7,1.84,4.0
N-O-Pd-Rb,4,2.745,1.1336519160071428,1.44,4.06,4.0
N-O-Pd-Re,4,1.405,0.7833900688673553,0.74,2.44,4.0
N-O-Pd-Rh,4,1.795,0.08225975119502044,1.7,1.9,4.0
N-O-Pd-Ru,4,1.715,0.1723368793961409,1.52,1.86,4.0
N-O-Pd-Sb,4,1.4,0.16083117442419761,1.24,1.62,4.0
N-O-Pd-Sc,4,1.57,0.17165857586111652,1.42,1.8,4.0
N-O-Pd-Si,4,1.66,0.3625833237569905,1.3,2.02,4.0
N-O-Pd-Sn,4,1.48,0.2280350850198277,1.26,1.8,4.0
N-O-Pd-Sr,4,1.94,0.8673330771201262,1.16,3.18,4.0
N-O-Pd-Ta,4,1.0150000000000001,0.5524189231612786,0.46,1.5,4.0
N-O-Pd-Te,4,1.44,0.10708252269472678,1.32,1.58,4.0
N-O-Pd-Ti,4,1.23,0.3704051835490427,0.88,1.56,4.0
N-O-Pd-Tl,4,2.055,0.43646305685590375,1.54,2.5,4.0
N-O-Pd-V,4,1.2,0.5233227175144097,0.7,1.82,4.0
N-O-Pd-W,4,1.07,0.602328813855024,0.5,1.62,4.0
N-O-Pd-Y,4,1.76,0.40496913462633183,1.4,2.22,4.0
N-O-Pd-Zn,4,1.655,0.2015771151032113,1.48,1.9,4.0
N-O-Pd-Zr,4,1.175,0.2542308662089114,0.9,1.42,4.0
N-O-Pt-Rb,4,2.845,1.3372982713914896,1.36,4.34,4.0
N-O-Pt-Re,4,1.685,0.5744272509784565,1.22,2.46,4.0
N-O-Pt-Rh,4,1.82,0.22330845632592303,1.62,2.14,4.0
N-O-Pt-Ru,4,1.845,0.025166114784235676,1.82,1.88,4.0
N-O-Pt-Sb,4,1.335,0.19621416870348593,1.18,1.62,4.0
N-O-Pt-Sc,4,1.415,0.11120551545074855,1.28,1.54,4.0
N-O-Pt-Si,4,1.75,0.22181073012818833,1.54,2.02,4.0
N-O-Pt-Sn,4,1.275,0.09291573243177577,1.16,1.36,4.0
N-O-Pt-Sr,4,2.28,1.1215465512704619,1.08,3.54,4.0
N-O-Pt-Ta,4,1.09,0.5208966628164682,0.62,1.58,4.0
N-O-Pt-Te,4,1.52,0.2581988897471611,1.34,1.9,4.0
N-O-Pt-Ti,4,1.22,0.3840138886377245,0.86,1.6,4.0
N-O-Pt-Tl,4,1.96,0.46072406781789305,1.48,2.56,4.0
N-O-Pt-V,4,1.145,0.3189043743820394,0.84,1.44,4.0
N-O-Pt-W,4,1.2550000000000001,0.5208646657242166,0.6,1.74,4.0
N-O-Pt-Y,4,1.85,0.6206448259673158,1.28,2.5,4.0
N-O-Pt-Zn,4,1.94,0.4601449047129975,1.44,2.44,4.0
N-O-Pt-Zr,4,1.215,0.26901053263146907,0.96,1.52,4.0
N-O-Rb-Re,4,2.35,2.0893699209729872,0.18,4.54,4.0
N-O-Rb-Rh,4,2.34,1.3209087780766697,1.18,4.24,4.0
N-O-Rb-Ru,4,2.145,1.097436406661756,0.88,3.42,4.0
N-O-Rb-Sb,4,2.19,1.266017377447877,0.68,3.62,4.0
N-O-Rb-Sc,4,1.9100000000000001,0.6706216021970463,1.06,2.7,4.0
N-O-Rb-Si,4,2.825,1.5740711546813886,1.08,4.52,4.0
N-O-Rb-Sn,4,2.12,1.173143924105933,0.74,3.5,4.0
N-O-Rb-Sr,4,2.5250000000000004,0.7607671566692837,1.7,3.48,4.0
N-O-Rb-Ta,4,1.8650000000000002,1.8108837621448814,0.1,4.36,4.0
N-O-Rb-Te,4,2.045,0.8932897999343027,0.88,2.96,4.0
N-O-Rb-Ti,4,2.065,1.2093386622447824,0.62,3.38,4.0
N-O-Rb-Tl,4,2.44,0.8286535263104037,1.4,3.42,4.0
N-O-Rb-V,4,1.815,1.192126950734135,0.4,3.08,4.0
N-O-Rb-W,4,1.775,1.888941502535216,0.0,4.38,4.0
N-O-Rb-Y,4,2.2800000000000002,1.0075713374247999,1.08,3.44,4.0
N-O-Rb-Zn,4,2.65,1.0646439154321348,1.42,3.96,4.0
N-O-Rb-Zr,4,1.9900000000000002,1.1575260976179615,0.6,3.22,4.0
N-O-Re-Rh,4,1.4400000000000002,0.5359104402789704,1.06,2.22,4.0
N-O-Re-Ru,4,1.645,0.5377421934967227,1.16,2.14,4.0
N-O-Re-Sb,4,1.17,0.54,0.64,1.84,4.0
N-O-Re-Sc,4,1.5,0.8636357256775953,0.58,2.36,4.0
N-O-Re-Si,4,1.325,0.25787593916455265,1.08,1.62,4.0
N-O-Re-Sn,4,0.89,0.427551166528639,0.5,1.26,4.0
N-O-Re-Sr,4,1.4300000000000002,1.3858811877887176,0.14,3.16,4.0
N-O-Re-Ta,4,1.07,0.46604720790924176,0.52,1.54,4.0
N-O-Re-Te,4,1.475,0.5206086181896468,1.06,2.16,4.0
N-O-Re-Ti,4,0.815,0.26299556396765833,0.62,1.2,4.0
N-O-Re-Tl,4,1.49,1.0608801377472699,0.5,2.76,4.0
N-O-Re-V,4,0.925,0.391024295920343,0.52,1.46,4.0
N-O-Re-W,4,1.295,0.3193221988316294,0.82,1.5,4.0
N-O-Re-Y,4,1.255,0.8504704580407247,0.52,2.42,4.0
N-O-Re-Zn,4,1.3050000000000002,0.7022582620850158,0.66,2.2,4.0
N-O-Re-Zr,4,1.215,0.4389001405027497,0.82,1.82,4.0
N-O-Rh-Ru,4,1.685,0.05259911279353175,1.64,1.76,4.0
N-O-Rh-Sb,4,1.435,0.2374166520416516,1.18,1.74,4.0
N-O-Rh-Sc,4,1.545,0.2614702022538451,1.32,1.9,4.0
N-O-Rh-Si,4,1.545,0.2093641166325626,1.34,1.78,4.0
N-O-Rh-Sn,4,1.19,0.13515423288475528,1.04,1.36,4.0
N-O-Rh-Sr,4,2.175,1.206800176776034,0.9,3.56,4.0
N-O-Rh-Ta,4,0.9450000000000001,0.4798263574808426,0.5,1.36,4.0
N-O-Rh-Te,4,1.56,0.35590260840104365,1.26,1.96,4.0
N-O-Rh-Ti,4,1.11,0.28913664589601934,0.84,1.36,4.0
N-O-Rh-Tl,4,1.86,0.5093787065304817,1.32,2.5,4.0
N-O-Rh-V,4,0.9949999999999999,0.22590558499809896,0.78,1.2,4.0
N-O-Rh-W,4,1.085,0.4340122886125077,0.56,1.48,4.0
N-O-Rh-Y,4,1.7550000000000001,0.6173869667126661,1.2,2.42,4.0
N-O-Rh-Zn,4,1.69,0.4550457852421738,1.28,2.34,4.0
N-O-Rh-Zr,4,1.3,0.35364765892999583,0.9,1.76,4.0
N-O-Ru-Sb,4,1.335,0.13,1.22,1.52,4.0
N-O-Ru-Sc,4,1.315,0.07549834435270746,1.24,1.38,4.0
N-O-Ru-Si,4,1.5899999999999999,0.3030951445778482,1.4,2.04,4.0
N-O-Ru-Sn,4,1.16,0.20848661028149176,0.92,1.42,4.0
N-O-Ru-Sr,4,2.13,1.4019510214934996,0.68,3.54,4.0
N-O-Ru-Ta,4,1.0899999999999999,0.6093712606722876,0.6,1.88,4.0
N-O-Ru-Te,4,1.495,0.2542308662089114,1.2,1.82,4.0
N-O-Ru-Ti,4,1.175,0.40211938525766194,0.78,1.7,4.0
N-O-Ru-Tl,4,1.95,0.8416650165000324,1.12,2.86,4.0
N-O-Ru-V,4,1.24,0.42110964526276684,0.68,1.62,4.0
N-O-Ru-W,4,1.165,0.1843004792903878,0.98,1.42,4.0
N-O-Ru-Y,4,1.435,0.5234182521336705,1.06,2.18,4.0
N-O-Ru-Zn,4,1.675,0.393064880140671,1.32,2.14,4.0
N-O-Ru-Zr,4,1.135,0.23741665204165155,0.92,1.42,4.0
N-O-Sb-Sc,4,1.245,0.2537058664411737,0.94,1.56,4.0
N-O-Sb-Si,4,1.23,0.44256826215473993,0.84,1.74,4.0
N-O-Sb-Sn,4,0.855,0.1586400537905439,0.62,0.96,4.0
N-O-Sb-Sr,4,1.38,0.7887542921172178,0.4,2.14,4.0
N-O-Sb-Ta,4,1.0150000000000001,0.6812488532100439,0.36,1.86,4.0
N-O-Sb-Te,4,1.09,0.11604596790352806,1.0,1.26,4.0
N-O-Sb-Ti,4,0.92,0.4819405219180751,0.4,1.5,4.0
N-O-Sb-Tl,4,1.445,0.4106498914322678,0.9,1.8,4.0
N-O-Sb-V,4,0.8049999999999999,0.30083217912982646,0.5,1.16,4.0
N-O-Sb-W,4,1.015,0.6034069936618235,0.44,1.76,4.0
N-O-Sb-Y,4,1.3050000000000002,0.4122701379758988,0.9,1.8,4.0
N-O-Sb-Zn,4,1.3599999999999999,0.2184795947756525,1.04,1.5,4.0
N-O-Sb-Zr,4,0.9850000000000001,0.4582211984038568,0.54,1.6,4.0
N-O-Sc-Si,4,1.43,0.9229662326795421,0.54,2.36,4.0
N-O-Sc-Sn,4,1.135,0.2614702022538451,0.82,1.46,4.0
N-O-Sc-Sr,4,1.705,1.0053689206787062,0.7,3.1,4.0
N-O-Sc-Ta,4,0.72,0.30681155997343595,0.28,0.94,4.0
N-O-Sc-Te,4,1.4,0.17962924780409975,1.22,1.6,4.0
N-O-Sc-Ti,4,1.02,0.5156226010045202,0.4,1.64,4.0
N-O-Sc-Tl,4,1.85,0.4660472079092417,1.28,2.36,4.0
N-O-Sc-V,4,1.0,0.3566510900025402,0.7,1.48,4.0
N-O-Sc-W,4,0.76,0.32041639575194447,0.4,1.04,4.0
N-O-Sc-Y,4,1.18,0.306811559973436,0.86,1.56,4.0
N-O-Sc-Zn,4,1.605,0.28396009109262754,1.28,1.96,4.0
N-O-Sc-Zr,4,0.675,0.17156145643277027,0.46,0.88,4.0
N-O-Si-Sn,4,1.235,0.36674241641784494,0.82,1.6,4.0
N-O-Si-Sr,4,2.085,1.4696371434246394,0.5,3.64,4.0
N-O-Si-Ta,4,0.935,0.19621416870348585,0.78,1.22,4.0
N-O-Si-Te,4,1.45,0.5297798284822353,0.86,2.04,4.0
N-O-Si-Ti,4,0.985,0.07371114795832,0.9,1.08,4.0
N-O-Si-Tl,4,1.92,0.8011658172105612,1.08,2.78,4.0
N-O-Si-V,4,0.88,0.12649110640673517,0.72,1.0,4.0
N-O-Si-W,4,1.07,0.21756225162774287,0.9,1.38,4.0
N-O-Si-Y,4,1.455,1.1318863311599212,0.42,2.56,4.0
N-O-Si-Zn,4,1.62,0.6837153403768753,0.9,2.4,4.0
N-O-Si-Zr,4,0.91,0.35194696570174694,0.5,1.3,4.0
N-O-Sn-Sr,4,1.4300000000000002,0.862322445492404,0.52,2.6,4.0
N-O-Sn-Ta,4,0.7050000000000001,0.49460421887943234,0.14,1.12,4.0
N-O-Sn-Te,4,1.085,0.11357816691600549,1.0,1.24,4.0
N-O-Sn-Ti,4,0.97,0.4562163229580167,0.48,1.52,4.0
N-O-Sn-Tl,4,1.56,0.429573431828987,1.04,2.08,4.0
N-O-Sn-V,4,0.7050000000000001,0.2521243079646758,0.44,1.02,4.0
N-O-Sn-W,4,0.725,0.4919010740653719,0.26,1.16,4.0
N-O-Sn-Y,4,1.195,0.3678314831549904,0.82,1.66,4.0
N-O-Sn-Zn,4,1.415,0.24296776192189232,1.18,1.68,4.0
N-O-Sn-Zr,4,0.8300000000000001,0.20165977949672229,0.56,1.02,4.0
N-O-Sr-Ta,4,1.04,0.9121403400793103,0.0,1.92,4.0
N-O-Sr-Te,4,1.8199999999999998,1.0598113039593413,0.66,3.02,4.0
N-O-Sr-Ti,4,1.23,0.8049016503068351,0.24,2.08,4.0
N-O-Sr-Tl,4,1.9100000000000001,0.41069047550030513,1.3,2.18,4.0
N-O-Sr-V,4,1.715,1.5350461448004313,0.1,3.2,4.0
N-O-Sr-W,4,0.925,0.9301433581264055,-0.08,1.84,4.0
N-O-Sr-Y,4,1.81,0.7695020034628458,0.86,2.72,4.0
N-O-Sr-Zn,4,2.045,0.7972243515263859,1.06,2.96,4.0
N-O-Sr-Zr,4,1.19,0.7303880247284088,0.26,2.0,4.0
N-O-Ta-Te,4,1.27,0.7107742257566745,0.62,2.18,4.0
N-O-Ta-Ti,4,0.515,0.11120551545074855,0.38,0.64,4.0
N-O-Ta-Tl,4,1.435,1.018937354960222,0.42,2.66,4.0
N-O-Ta-V,4,0.65,0.3427341049073855,0.28,1.1,4.0
N-O-Ta-W,4,0.66,0.16573070526208067,0.48,0.88,4.0
N-O-Ta-Y,4,1.01,0.9022194854911968,0.14,2.2,4.0
N-O-Ta-Zn,4,0.88,0.5344155686354954,0.26,1.46,4.0
N-O-Ta-Zr,4,0.685,0.2583924663504466,0.36,0.98,4.0
N-O-Te-Ti,4,1.295,0.6526612189081458,0.72,1.88,4.0
N-O-Te-Tl,4,1.615,0.41259342376404085,1.1,2.06,4.0
N-O-Te-V,4,1.0699999999999998,0.3466025581748255,0.66,1.48,4.0
N-O-Te-W,4,1.345,0.566715684154468,0.86,2.08,4.0
N-O-Te-Y,4,1.58,0.3680579664491269,1.22,2.02,4.0
N-O-Te-Zn,4,1.325,0.12151817422372124,1.22,1.5,4.0
N-O-Te-Zr,4,1.23,0.5272570530585626,0.8,1.94,4.0
N-O-Ti-Tl,4,1.77,0.9505787710652917,0.74,2.72,4.0
N-O-Ti-V,4,0.74,0.2503331114069145,0.5,1.02,4.0
N-O-Ti-W,4,0.65,0.15705625319186328,0.46,0.84,4.0
N-O-Ti-Y,4,1.055,0.7866172300850438,0.26,2.0,4.0
N-O-Ti-Zn,4,1.375,0.36013886210738205,0.9,1.74,4.0
N-O-Ti-Zr,4,0.585,0.14548768561863462,0.4,0.72,4.0
N-O-Tl-V,4,1.55,0.9019238696623273,0.6,2.48,4.0
N-O-Tl-W,4,1.355,1.0801697397477243,0.3,2.6,4.0
N-O-Tl-Y,4,1.695,0.2714774392099646,1.34,2.0,4.0
N-O-Tl-Zn,4,1.9300000000000002,0.23409399821439247,1.58,2.06,4.0
N-O-Tl-Zr,4,1.495,0.6344288770224761,0.8,2.24,4.0
N-O-V-W,4,1.0250000000000001,0.3545419580247168,0.68,1.36,4.0
N-O-V-Y,4,0.9750000000000001,0.6995951210045231,0.4,1.82,4.0
N-O-V-Zn,4,1.095,0.5141659913555804,0.5,1.6,4.0
N-O-V-Zr,4,0.67,0.16772994167212166,0.5,0.9,4.0
N-O-W-Y,4,1.115,0.8421203397773187,0.38,2.26,4.0
N-O-W-Zn,4,0.9550000000000001,0.5231634543811332,0.5,1.52,4.0
N-O-W-Zr,4,0.73,0.15187714333192687,0.52,0.86,4.0
N-O-Y-Zn,4,1.625,0.41291645644125163,1.16,2.14,4.0
N-O-Y-Zr,4,0.73,0.354964786985977,0.32,1.1,4.0
N-O-Zn-Zr,4,1.145,0.3267516896156264,0.7,1.4,4.0
Ag-Al-F-N-O,2,1.79,1.0040916292848974,1.08,2.5,5.0
Ag-Al-F-O,2,1.4600000000000002,1.1030865786510142,0.68,2.24,4.0
Ag-Al-N,2,1.88,0.0,1.88,1.88,3.0
Ag-Al-O,2,1.73,0.9758073580374355,1.04,2.42,3.0
Ag-Al-O-S,2,1.33,0.2687005768508882,1.14,1.52,4.0
Ag-As-F-N-O,2,1.48,0.5939696961966998,1.06,1.9,5.0
Ag-As-F-O,2,1.22,0.6788225099390857,0.74,1.7,4.0
Ag-As-N,2,2.3,0.5656854249492383,1.9,2.7,3.0
Ag-As-O,2,1.4,0.3959797974644666,1.12,1.68,3.0
Ag-As-O-S,2,1.42,0.7071067811865475,0.92,1.92,4.0
Ag-Au-F-N-O,2,1.6800000000000002,0.16970562748477133,1.56,1.8,5.0
Ag-Au-F-O,2,1.52,0.16970562748477133,1.4,1.64,4.0
Ag-Au-N,2,2.5599999999999996,0.33941125496954294,2.32,2.8,3.0
Ag-Au-O,2,2.02,0.05656854249492385,1.98,2.06,3.0
Ag-Au-O-S,2,1.44,0.11313708498984747,1.36,1.52,4.0
Ag-B-F-N-O,2,2.38,1.0182337649086286,1.66,3.1,5.0
Ag-B-F-O,2,2.1799999999999997,1.0748023074035522,1.42,2.94,4.0
Ag-B-N,2,2.45,0.24041630560342622,2.28,2.62,3.0
Ag-B-O,2,2.3,0.7636753236814713,1.76,2.84,3.0
Ag-B-O-S,2,1.83,0.4949747468305834,1.48,2.18,4.0
Ag-Ba-F-N-O,2,1.4700000000000002,0.2121320343559642,1.32,1.62,5.0
Ag-Ba-F-O,2,1.24,0.4525483399593905,0.92,1.56,4.0
Ag-Ba-N,2,2.58,0.6505382386916236,2.12,3.04,3.0
Ag-Ba-O,2,1.49,0.6363961030678927,1.04,1.94,3.0
Ag-Ba-O-S,2,1.65,0.636396103067893,1.2,2.1,4.0
Ag-Be-F-N-O,2,2.2199999999999998,0.8202438661763952,1.64,2.8,5.0
Ag-Be-F-O,2,1.9500000000000002,0.834386001800126,1.36,2.54,4.0
Ag-Be-N,2,2.1900000000000004,0.042426406871192736,2.16,2.22,3.0
Ag-Be-O,2,1.9100000000000001,0.32526911934581193,1.68,2.14,3.0
Ag-Be-O-S,2,1.57,0.04242640687119289,1.54,1.6,4.0
Ag-Bi-F-N-O,2,1.35,0.21213203435596437,1.2,1.5,5.0
Ag-Bi-F-O,2,1.03,0.3252691193458118,0.8,1.26,4.0
Ag-Bi-N,2,2.0999999999999996,0.22627416997969493,1.94,2.26,3.0
Ag-Bi-O,2,1.3199999999999998,0.1414213562373094,1.22,1.42,3.0
Ag-Bi-O-S,2,1.1600000000000001,0.28284271247461906,0.96,1.36,4.0
Ag-Ca-F-N-O,2,1.83,0.2404163056034263,1.66,2.0,5.0
Ag-Ca-F-O,2,1.35,0.18384776310850245,1.22,1.48,4.0
Ag-Ca-N,2,2.3499999999999996,0.042426406871192736,2.32,2.38,3.0
Ag-Ca-O,2,1.63,0.4666904755831214,1.3,1.96,3.0
Ag-Ca-O-S,2,1.68,0.36769552621700474,1.42,1.94,4.0
Ag-Cd-F-N-O,2,1.6099999999999999,0.04242640687119265,1.58,1.64,5.0
Ag-Cd-F-O,2,1.35,0.04242640687119265,1.32,1.38,4.0
Ag-Cd-N,2,2.37,0.2969848480983499,2.16,2.58,3.0
Ag-Cd-O,2,1.7000000000000002,0.1979898987322334,1.56,1.84,3.0
Ag-Cd-O-S,2,1.52,0.31112698372208086,1.3,1.74,4.0
Ag-Co-F-N-O,2,1.59,0.6929646455628166,1.1,2.08,5.0
Ag-Co-F-O,2,1.31,0.6646803743153548,0.84,1.78,4.0
Ag-Co-N,2,1.83,0.0989949493661165,1.76,1.9,3.0
Ag-Co-O,2,1.57,0.3818376618407357,1.3,1.84,3.0
Ag-Co-O-S,2,1.2799999999999998,0.1414213562373094,1.18,1.38,4.0
Ag-Cr-F-N-O,2,1.38,0.7919595949289333,0.82,1.94,5.0
Ag-Cr-F-O,2,1.04,0.8202438661763952,0.46,1.62,4.0
Ag-Cr-N,2,1.9700000000000002,0.8909545442950498,1.34,2.6,3.0
Ag-Cr-O,2,1.25,0.8909545442950498,0.62,1.88,3.0
Ag-Cr-O-S,2,0.8700000000000001,0.29698484809834996,0.66,1.08,4.0
Ag-Cs-F-N-O,2,2.11,0.6646803743153548,1.64,2.58,5.0
Ag-Cs-F-O,2,1.88,0.537401153701776,1.5,2.26,4.0
Ag-Cs-N,2,3.3099999999999996,0.7495331880577406,2.78,3.84,3.0
Ag-Cs-O,2,1.98,0.45254833995939026,1.66,2.3,3.0
Ag-Cs-O-S,2,2.33,0.6363961030678928,1.88,2.78,4.0
Ag-Cu-F-N-O,2,1.61,0.3535533905932738,1.36,1.86,5.0
Ag-Cu-F-O,2,1.4,0.36769552621700474,1.14,1.66,4.0
Ag-Cu-N,2,2.1799999999999997,0.19798989873223333,2.04,2.32,3.0
Ag-Cu-O,2,1.79,0.07071067811865482,1.74,1.84,3.0
Ag-Cu-O-S,2,1.4300000000000002,0.18384776310850245,1.3,1.56,4.0
Ag-F-Fe-N-O,2,1.52,0.6788225099390857,1.04,2.0,5.0
Ag-F-Fe-O,2,1.2,0.7353910524340094,0.68,1.72,4.0
Ag-F-Ga-N-O,2,1.4100000000000001,0.5232590180780453,1.04,1.78,5.0
Ag-F-Ga-O,2,1.12,0.6222539674441618,0.68,1.56,4.0
Ag-F-Ge-N-O,2,1.31,0.5798275605729689,0.9,1.72,5.0
Ag-F-Ge-O,2,0.98,0.6222539674441617,0.54,1.42,4.0
Ag-F-Hf-N-O,2,1.5499999999999998,1.117228714274745,0.76,2.34,5.0
Ag-F-Hf-O,2,1.3299999999999998,1.428355697996826,0.32,2.34,4.0
Ag-F-Hg-N-O,2,1.6,0.028284271247461926,1.58,1.62,5.0
Ag-F-Hg-O,2,1.3900000000000001,0.04242640687119281,1.36,1.42,4.0
Ag-F-In-N-O,2,1.3900000000000001,0.29698484809834996,1.18,1.6,5.0
Ag-F-In-O,2,1.05,0.3535533905932738,0.8,1.3,4.0
Ag-F-Ir-N-O,2,1.76,0.9616652224137046,1.08,2.44,5.0
Ag-F-Ir-O,2,1.64,0.9050966799187806,1.0,2.28,4.0
Ag-F-K-N-O,2,1.95,0.46669047558312116,1.62,2.28,5.0
Ag-F-K-O,2,1.96,0.7071067811865476,1.46,2.46,4.0
Ag-F-La-N-O,2,1.4,0.056568542494923615,1.36,1.44,5.0
Ag-F-La-O,2,1.0,0.11313708498984766,0.92,1.08,4.0
Ag-F-Li-N-O,2,1.95,0.014142135623730963,1.94,1.96,5.0
Ag-F-Li-O,2,1.73,0.014142135623730963,1.72,1.74,4.0
Ag-F-Mg-N-O,2,1.87,0.2404163056034263,1.7,2.04,5.0
Ag-F-Mg-O,2,1.4,0.311126983722081,1.18,1.62,4.0
Ag-F-Mn-N-O,2,1.42,0.6505382386916236,0.96,1.88,5.0
Ag-F-Mn-O,2,1.03,0.6363961030678928,0.58,1.48,4.0
Ag-F-Mo-N-O,2,1.34,1.0748023074035524,0.58,2.1,5.0
Ag-F-Mo-O,2,1.16,1.0182337649086284,0.44,1.88,4.0
Ag-F-N-Na-O,2,1.9300000000000002,0.2687005768508882,1.74,2.12,5.0
Ag-F-N-Nb-O,2,1.25,1.1737972567696688,0.42,2.08,5.0
Ag-F-N-Ni-O,2,1.6600000000000001,0.5939696961967,1.24,2.08,5.0
Ag-F-N-O-Os,2,1.7,1.103086578651014,0.92,2.48,5.0
Ag-F-N-O-Pb,2,1.43,0.014142135623730963,1.42,1.44,5.0
Ag-F-N-O-Pd,2,1.55,0.3535533905932738,1.3,1.8,5.0
Ag-F-N-O-Pt,2,1.69,0.5798275605729689,1.28,2.1,5.0
Ag-F-N-O-Rb,2,2.2,0.848528137423857,1.6,2.8,5.0
Ag-F-N-O-Re,2,1.51,1.2869343417595165,0.6,2.42,5.0
Ag-F-N-O-Rh,2,1.6099999999999999,0.6081118318204308,1.18,2.04,5.0
Ag-F-N-O-Ru,2,1.47,0.7778174593052022,0.92,2.02,5.0
Ag-F-N-O-Sb,2,1.33,0.4949747468305831,0.98,1.68,5.0
Ag-F-N-O-Sc,2,1.63,0.608111831820431,1.2,2.06,5.0
Ag-F-N-O-Si,2,1.8,1.0748023074035522,1.04,2.56,5.0
Ag-F-N-O-Sn,2,1.2,0.39597979746446654,0.92,1.48,5.0
Ag-F-N-O-Sr,2,1.86,0.42426406871192857,1.56,2.16,5.0
Ag-F-N-O-Ta,2,1.2300000000000002,1.4283556979968262,0.22,2.24,5.0
Ag-F-N-O-Te,2,1.42,0.5374011537017761,1.04,1.8,5.0
Ag-F-N-O-Ti,2,1.13,1.0889444430272832,0.36,1.9,5.0
Ag-F-N-O-Tl,2,1.4,0.028284271247461926,1.38,1.42,5.0
Ag-F-N-O-V,2,1.34,0.9333809511662428,0.68,2.0,5.0
Ag-F-N-O-W,2,1.43,1.3435028842544403,0.48,2.38,5.0
Ag-F-N-O-Y,2,1.55,0.268700576850888,1.36,1.74,5.0
Ag-F-N-O-Zn,2,1.67,0.3252691193458118,1.44,1.9,5.0
Ag-F-N-O-Zr,2,1.4500000000000002,0.9758073580374356,0.76,2.14,5.0
Ag-F-Na-O,2,1.8800000000000001,0.45254833995939053,1.56,2.2,4.0
Ag-F-Nb-O,2,1.06,1.1879393923933999,0.22,1.9,4.0
Ag-F-Ni-O,2,1.49,0.6363961030678927,1.04,1.94,4.0
Ag-F-O-Os,2,1.5899999999999999,0.9758073580374355,0.9,2.28,4.0
Ag-F-O-Pb,2,1.09,0.04242640687119289,1.06,1.12,4.0
Ag-F-O-Pd,2,1.37,0.32526911934581193,1.14,1.6,4.0
Ag-F-O-Pt,2,1.5499999999999998,0.551543289325507,1.16,1.94,4.0
Ag-F-O-Rb,2,1.98,0.7353910524340095,1.46,2.5,4.0
Ag-F-O-Re,2,1.4100000000000001,1.145512985522207,0.6,2.22,4.0
Ag-F-O-Rh,2,1.42,0.565685424949238,1.02,1.82,4.0
Ag-F-O-Ru,2,1.29,0.6929646455628166,0.8,1.78,4.0
Ag-F-O-Sb,2,1.05,0.551543289325507,0.66,1.44,4.0
Ag-F-O-Sc,2,1.3,0.7636753236814714,0.76,1.84,4.0
Ag-F-O-Si,2,1.5499999999999998,1.0889444430272832,0.78,2.32,4.0
Ag-F-O-Sn,2,0.85,0.4666904755831213,0.52,1.18,4.0
Ag-F-O-Sr,2,1.31,0.3818376618407357,1.04,1.58,4.0
Ag-F-O-Ta,2,1.0,1.442497833620557,-0.02,2.02,4.0
Ag-F-O-Te,2,1.17,0.6363961030678927,0.72,1.62,4.0
Ag-F-O-Ti,2,0.85,1.2586500705120547,-0.04,1.74,4.0
Ag-F-O-Tl,2,1.11,0.014142135623730963,1.1,1.12,4.0
Ag-F-O-V,2,1.03,0.9758073580374355,0.34,1.72,4.0
Ag-F-O-W,2,1.33,1.2586500705120547,0.44,2.22,4.0
Ag-F-O-Y,2,1.19,0.4384062043356595,0.88,1.5,4.0
Ag-F-O-Zn,2,1.38,0.311126983722081,1.16,1.6,4.0
Ag-F-O-Zr,2,1.21,1.2586500705120547,0.32,2.1,4.0
Ag-Fe-N,2,1.75,0.21213203435596414,1.6,1.9,3.0
Ag-Fe-O,2,1.38,0.4525483399593904,1.06,1.7,3.0
Ag-Fe-O-S,2,1.05,0.21213203435596426,0.9,1.2,4.0
Ag-Ga-N,2,1.9500000000000002,0.15556349186104051,1.84,2.06,3.0
Ag-Ga-O,2,1.3399999999999999,0.2828427124746192,1.14,1.54,3.0
Ag-Ga-O-S,2,1.1600000000000001,0.08485281374238571,1.1,1.22,4.0
Ag-Ge-N,2,1.83,0.04242640687119289,1.8,1.86,3.0
Ag-Ge-O,2,1.23,0.46669047558312143,0.9,1.56,3.0
Ag-Ge-O-S,2,1.16,0.3676955262170047,0.9,1.42,4.0
Ag-Hf-N,2,1.93,0.5515432893255069,1.54,2.32,3.0
Ag-Hf-O,2,1.52,1.1313708498984758,0.72,2.32,3.0
Ag-Hf-O-S,2,1.48,0.9899494936611667,0.78,2.18,4.0
Ag-Hg-N,2,2.6100000000000003,0.09899494936611658,2.54,2.68,3.0
Ag-Hg-O,2,2.02,0.08485281374238578,1.96,2.08,3.0
Ag-Hg-O-S,2,1.57,0.4101219330881976,1.28,1.86,4.0
Ag-In-N,2,2.0,0.05656854249492385,1.96,2.04,3.0
Ag-In-O,2,1.34,0.028284271247461926,1.32,1.36,3.0
Ag-In-O-S,2,1.29,0.4101219330881976,1.0,1.58,4.0
Ag-Ir-N,2,1.78,0.1131370849898477,1.7,1.86,3.0
Ag-Ir-O,2,1.81,0.5798275605729691,1.4,2.22,3.0
Ag-Ir-O-S,2,1.35,0.15556349186104035,1.24,1.46,4.0
Ag-K-N,2,3.2800000000000002,0.622253967444162,2.84,3.72,3.0
Ag-K-O,2,1.6400000000000001,0.11313708498984747,1.56,1.72,3.0
Ag-K-O-S,2,2.28,0.7919595949289331,1.72,2.84,4.0
Ag-La-N,2,1.94,0.5656854249492379,1.54,2.34,3.0
Ag-La-O,2,1.17,0.2969848480983499,0.96,1.38,3.0
Ag-La-O-S,2,0.96,0.1414213562373096,0.86,1.06,4.0
Ag-Li-N,2,2.6,0.028284271247461926,2.58,2.62,3.0
Ag-Li-O,2,1.85,0.15556349186104035,1.74,1.96,3.0
Ag-Li-O-S,2,1.85,0.2404163056034263,1.68,2.02,4.0
Ag-Mg-N,2,2.4400000000000004,0.2828427124746191,2.24,2.64,3.0
Ag-Mg-O,2,1.41,0.014142135623730963,1.4,1.42,3.0
Ag-Mg-O-S,2,1.0699999999999998,0.12727922061357844,0.98,1.16,4.0
Ag-Mn-N,2,1.6600000000000001,0.1979898987322334,1.52,1.8,3.0
Ag-Mn-O,2,1.08,0.39597979746446665,0.8,1.36,3.0
Ag-Mn-O-S,2,1.17,0.3818376618407356,0.9,1.44,4.0
Ag-Mo-N,2,1.4500000000000002,0.5232590180780453,1.08,1.82,3.0
Ag-Mo-O,2,1.28,1.2445079348883237,0.4,2.16,3.0
Ag-Mo-O-S,2,1.4100000000000001,1.0889444430272832,0.64,2.18,4.0
Ag-N-Na,2,3.0199999999999996,0.3676955262170049,2.76,3.28,3.0
Ag-N-Nb,2,1.6,0.36769552621700474,1.34,1.86,3.0
Ag-N-Ni,2,1.95,0.07071067811865482,1.9,2.0,3.0
Ag-N-O,2,2.35,0.15556349186104027,2.24,2.46,3.0
Ag-N-Os,2,1.68,0.39597979746446665,1.4,1.96,3.0
Ag-N-Pb,2,2.13,0.014142135623730807,2.12,2.14,3.0
Ag-N-Pd,2,2.02,0.08485281374238578,1.96,2.08,3.0
Ag-N-Pt,2,1.93,0.04242640687119289,1.9,1.96,3.0
Ag-N-Rb,2,3.29,0.7495331880577403,2.76,3.82,3.0
Ag-N-Re,2,2.05,1.4849242404917498,1.0,3.1,3.0
Ag-N-Rh,2,1.91,0.04242640687119289,1.88,1.94,3.0
Ag-N-Ru,2,1.78,0.2262741699796951,1.62,1.94,3.0
Ag-N-Sb,2,2.09,0.4101219330881974,1.8,2.38,3.0
Ag-N-Sc,2,1.96,0.16970562748477133,1.84,2.08,3.0
Ag-N-Si,2,1.82,0.36769552621700474,1.56,2.08,3.0
Ag-N-Sn,2,1.7999999999999998,0.11313708498984747,1.72,1.88,3.0
Ag-N-Sr,2,2.8499999999999996,0.6081118318204309,2.42,3.28,3.0
Ag-N-Ta,2,1.49,0.4666904755831215,1.16,1.82,3.0
Ag-N-Te,2,2.2800000000000002,0.42426406871192873,1.98,2.58,3.0
Ag-N-Ti,2,1.7200000000000002,0.1979898987322334,1.58,1.86,3.0
Ag-N-Tl,2,2.54,0.14142135623730964,2.44,2.64,3.0
Ag-N-V,2,1.96,0.905096679918781,1.32,2.6,3.0
Ag-N-W,2,1.4,0.622253967444162,0.96,1.84,3.0
Ag-N-Y,2,2.05,0.0989949493661169,1.98,2.12,3.0
Ag-N-Zn,2,2.2199999999999998,0.2545584412271572,2.04,2.4,3.0
Ag-N-Zr,2,1.68,0.05656854249492385,1.64,1.72,3.0
Ag-Na-O,2,1.9000000000000001,0.39597979746446665,1.62,2.18,3.0
Ag-Na-O-S,2,1.6400000000000001,0.08485281374238571,1.58,1.7,4.0
Ag-Nb-O,2,0.88,0.9616652224137046,0.2,1.56,3.0
Ag-Nb-O-S,2,0.95,0.7778174593052023,0.4,1.5,4.0
Ag-Ni-O,2,1.92,0.5939696961966998,1.5,2.34,3.0
Ag-Ni-O-S,2,1.28,0.08485281374238578,1.22,1.34,4.0
Ag-O-Os,2,1.6400000000000001,0.7636753236814714,1.1,2.18,3.0
Ag-O-Os-S,2,1.79,1.0889444430272832,1.02,2.56,4.0
Ag-O-Pb,2,1.42,0.08485281374238554,1.36,1.48,3.0
Ag-O-Pb-S,2,1.33,0.15556349186104051,1.22,1.44,4.0
Ag-O-Pd,2,1.9899999999999998,0.4101219330881974,1.7,2.28,3.0
Ag-O-Pd-S,2,1.3900000000000001,0.09899494936611666,1.32,1.46,4.0
Ag-O-Pt,2,2.12,0.5939696961967,1.7,2.54,3.0
Ag-O-Pt-S,2,1.43,0.04242640687119289,1.4,1.46,4.0
Ag-O-Rb,2,2.14,0.7919595949289333,1.58,2.7,3.0
Ag-O-Rb-S,2,2.34,0.7919595949289331,1.78,2.9,4.0
Ag-O-Re,2,1.6,1.470782104868019,0.56,2.64,3.0
Ag-O-Re-S,2,1.6600000000000001,1.2727922061357857,0.76,2.56,4.0
Ag-O-Rh,2,1.92,0.6222539674441617,1.48,2.36,3.0
Ag-O-Rh-S,2,1.32,0.05656854249492385,1.28,1.36,4.0
Ag-O-Ru,2,1.7799999999999998,0.7919595949289332,1.22,2.34,3.0
Ag-O-Ru-S,2,1.3,0.25455844122715704,1.12,1.48,4.0
Ag-O-S-Sb,2,1.1600000000000001,0.5374011537017761,0.78,1.54,4.0
Ag-O-S-Sc,2,1.51,0.3535533905932738,1.26,1.76,4.0
Ag-O-S-Si,2,1.44,0.4808326112068524,1.1,1.78,4.0
Ag-O-S-Sn,2,1.03,0.1272792206135787,0.94,1.12,4.0
Ag-O-S-Sr,2,1.69,0.5515432893255071,1.3,2.08,4.0
Ag-O-S-Ta,2,1.23,1.4000714267493644,0.24,2.22,4.0
Ag-O-S-Te,2,1.3,0.565685424949238,0.9,1.7,4.0
Ag-O-S-Ti,2,1.4000000000000001,1.0182337649086286,0.68,2.12,4.0
Ag-O-S-Tl,2,1.42,0.2545584412271571,1.24,1.6,4.0
Ag-O-S-V,2,1.26,0.9899494936611665,0.56,1.96,4.0
Ag-O-S-W,2,1.1,0.7071067811865476,0.6,1.6,4.0
Ag-O-S-Y,2,1.13,0.3818376618407356,0.86,1.4,4.0
Ag-O-S-Zn,2,1.27,0.04242640687119289,1.24,1.3,4.0
Ag-O-S-Zr,2,1.35,0.8626702730475879,0.74,1.96,4.0
Ag-O-Sb,2,1.05,0.4101219330881976,0.76,1.34,3.0
Ag-O-Sc,2,1.3399999999999999,0.19798989873223324,1.2,1.48,3.0
Ag-O-Si,2,1.63,0.9192388155425116,0.98,2.28,3.0
Ag-O-Sn,2,1.1400000000000001,0.311126983722081,0.92,1.36,3.0
Ag-O-Sr,2,1.6099999999999999,0.6363961030678927,1.16,2.06,3.0
Ag-O-Ta,2,0.72,1.0748023074035522,-0.04,1.48,3.0
Ag-O-Te,2,1.32,0.42426406871192857,1.02,1.62,3.0
Ag-O-Ti,2,1.4500000000000002,1.0889444430272832,0.68,2.22,3.0
Ag-O-Tl,2,1.7200000000000002,0.14142135623730956,1.62,1.82,3.0
Ag-O-V,2,0.95,0.7495331880577404,0.42,1.48,3.0
Ag-O-W,2,1.02,1.0182337649086284,0.3,1.74,3.0
Ag-O-Y,2,1.38,0.08485281374238554,1.32,1.44,3.0
Ag-O-Zn,2,1.63,0.014142135623730885,1.62,1.64,3.0
Ag-O-Zr,2,1.15,0.6081118318204308,0.72,1.58,3.0
Al-As-F-N-O,2,1.35,0.3252691193458118,1.12,1.58,5.0
Al-As-F-O,2,1.16,0.42426406871192857,0.86,1.46,4.0
Al-As-N,2,1.9100000000000001,0.0989949493661165,1.84,1.98,3.0
Al-As-O,2,1.07,0.29698484809834996,0.86,1.28,3.0
Al-As-O-S,2,1.15,0.2687005768508882,0.96,1.34,4.0
Al-Au-F-N-O,2,1.9300000000000002,0.862670273047588,1.32,2.54,5.0
Al-Au-F-O,2,1.63,0.9758073580374355,0.94,2.32,4.0
Al-Au-N,2,2.01,0.04242640687119305,1.98,2.04,3.0
Al-Au-O,2,1.6099999999999999,0.4666904755831214,1.28,1.94,3.0
Al-Au-O-S,2,1.46,0.25455844122715704,1.28,1.64,4.0
Al-B-F-N-O,2,1.87,0.4949747468305834,1.52,2.22,5.0
Al-B-F-O,2,1.56,0.14142135623730956,1.46,1.66,4.0
Al-B-N,2,2.51,0.7778174593052022,1.96,3.06,3.0
Al-B-O,2,1.77,0.7778174593052021,1.22,2.32,3.0
Al-B-O-S,2,1.54,0.1979898987322334,1.4,1.68,4.0
Al-Ba-F-N-O,2,1.62,1.3859292911256331,0.64,2.6,5.0
Al-Ba-F-O,2,1.1700000000000002,1.4283556979968262,0.16,2.18,4.0
Al-Ba-N,2,2.52,1.4990663761154808,1.46,3.58,3.0
Al-Ba-O,2,1.4,1.6122034611053284,0.26,2.54,3.0
Al-Ba-O-S,2,1.77,1.3717871555019023,0.8,2.74,4.0
Al-Be-F-N-O,2,1.36,0.36769552621700474,1.1,1.62,5.0
Al-Be-F-O,2,1.13,0.24041630560342614,0.96,1.3,4.0
Al-Be-N,2,1.9,0.33941125496954305,1.66,2.14,3.0
Al-Be-O,2,1.58,0.028284271247461926,1.56,1.6,3.0
Al-Be-O-S,2,1.3399999999999999,0.16970562748477133,1.22,1.46,4.0
Al-Bi-F-N-O,2,1.3399999999999999,0.8768124086713188,0.72,1.96,5.0
Al-Bi-F-O,2,1.07,0.7212489168102785,0.56,1.58,4.0
Al-Bi-N,2,1.69,0.3535533905932738,1.44,1.94,3.0
Al-Bi-O,2,0.87,0.8626702730475879,0.26,1.48,3.0
Al-Bi-O-S,2,1.13,0.5232590180780451,0.76,1.5,4.0
Al-Ca-F-N-O,2,1.58,1.2445079348883237,0.7,2.46,5.0
Al-Ca-F-O,2,0.81,1.0040916292848974,0.1,1.52,4.0
Al-Ca-N,2,1.79,0.2969848480983499,1.58,2.0,3.0
Al-Ca-O,2,1.3399999999999999,1.4707821048680187,0.3,2.38,3.0
Al-Ca-O-S,2,1.13,0.4101219330881975,0.84,1.42,4.0
Al-Cd-F-N-O,2,1.5599999999999998,1.0465180361560902,0.82,2.3,5.0
Al-Cd-F-O,2,1.1,1.1596551211459378,0.28,1.92,4.0
Al-Cd-N,2,1.72,0.08485281374238578,1.66,1.78,3.0
Al-Cd-O,2,1.44,1.1596551211459378,0.62,2.26,3.0
Al-Cd-O-S,2,1.73,0.9758073580374355,1.04,2.42,4.0
Al-Co-F-N-O,2,1.42,0.42426406871192834,1.12,1.72,5.0
Al-Co-F-O,2,1.12,0.5374011537017762,0.74,1.5,4.0
Al-Co-N,2,1.3199999999999998,0.11313708498984747,1.24,1.4,3.0
Al-Co-O,2,1.04,0.05656854249492385,1.0,1.08,3.0
Al-Co-O-S,2,1.42,0.16970562748477133,1.3,1.54,4.0
Al-Cr-F-N-O,2,1.1099999999999999,0.3818376618407356,0.84,1.38,5.0
Al-Cr-F-O,2,0.71,0.4384062043356594,0.4,1.02,4.0
Al-Cr-N,2,1.2999999999999998,0.4808326112068524,0.96,1.64,3.0
Al-Cr-O,2,0.8,0.311126983722081,0.58,1.02,3.0
Al-Cr-O-S,2,1.02,0.028284271247461926,1.0,1.04,4.0
Al-Cs-F-N-O,2,2.52,1.442497833620557,1.5,3.54,5.0
Al-Cs-F-O,2,1.91,1.428355697996826,0.9,2.92,4.0
Al-Cs-N,2,3.3499999999999996,1.34350288425444,2.4,4.3,3.0
Al-Cs-O,2,1.57,0.8626702730475881,0.96,2.18,3.0
Al-Cs-O-S,2,2.48,1.3293607486307093,1.54,3.42,4.0
Al-Cu-F-N-O,2,1.5899999999999999,0.6081118318204308,1.16,2.02,5.0
Al-Cu-F-O,2,1.1,0.5374011537017762,0.72,1.48,4.0
Al-Cu-N,2,1.79,0.18384776310850245,1.66,1.92,3.0
Al-Cu-O,2,1.4700000000000002,0.551543289325507,1.08,1.86,3.0
Al-Cu-O-S,2,1.25,0.07071067811865482,1.2,1.3,4.0
Al-F-Fe-N-O,2,1.3,0.45254833995939053,0.98,1.62,5.0
Al-F-Fe-O,2,0.87,0.4666904755831213,0.54,1.2,4.0
Al-F-Ga-N-O,2,1.25,0.4101219330881976,0.96,1.54,5.0
Al-F-Ga-O,2,0.77,0.3818376618407357,0.5,1.04,4.0
Al-F-Ge-N-O,2,1.21,0.4384062043356595,0.9,1.52,5.0
Al-F-Ge-O,2,0.89,0.6646803743153548,0.42,1.36,4.0
Al-F-Hf-N-O,2,1.02,0.0,1.02,1.02,5.0
Al-F-Hf-O,2,0.8700000000000001,0.3252691193458119,0.64,1.1,4.0
Al-F-Hg-N-O,2,1.78,1.0465180361560904,1.04,2.52,5.0
Al-F-Hg-O,2,1.44,1.1596551211459378,0.62,2.26,4.0
Al-F-In-N-O,2,1.3,0.7636753236814714,0.76,1.84,5.0
Al-F-In-O,2,0.87,0.7495331880577404,0.34,1.4,4.0
Al-F-Ir-N-O,2,1.87,0.2687005768508882,1.68,2.06,5.0
Al-F-Ir-O,2,1.66,0.36769552621700474,1.4,1.92,4.0
Al-F-K-N-O,2,2.4,1.6687720036002522,1.22,3.58,5.0
Al-F-K-O,2,1.76,1.7253405460951758,0.54,2.98,4.0
Al-F-La-N-O,2,1.1,1.0748023074035522,0.34,1.86,5.0
Al-F-La-O,2,0.88,0.6505382386916237,0.42,1.34,4.0
Al-F-Li-N-O,2,1.81,0.834386001800126,1.22,2.4,5.0
Al-F-Li-O,2,1.22,0.8768124086713189,0.6,1.84,4.0
Al-F-Mg-N-O,2,1.45,0.6929646455628166,0.96,1.94,5.0
Al-F-Mg-O,2,0.88,0.7636753236814713,0.34,1.42,4.0
Al-F-Mn-N-O,2,1.19,0.46669047558312143,0.86,1.52,5.0
Al-F-Mn-O,2,0.62,0.5091168824543142,0.26,0.98,4.0
Al-F-Mo-N-O,2,1.2599999999999998,0.16970562748477147,1.14,1.38,5.0
Al-F-Mo-O,2,1.05,0.26870057685088805,0.86,1.24,4.0
Al-F-N-Na-O,2,2.01,1.2869343417595165,1.1,2.92,5.0
Al-F-N-Nb-O,2,1.19,0.1272792206135786,1.1,1.28,5.0
Al-F-N-Ni-O,2,1.47,0.4666904755831215,1.14,1.8,5.0
Al-F-N-O-Os,2,1.85,0.0989949493661165,1.78,1.92,5.0
Al-F-N-O-Pb,2,1.3800000000000001,0.9899494936611667,0.68,2.08,5.0
Al-F-N-O-Pd,2,1.71,0.6929646455628167,1.22,2.2,5.0
Al-F-N-O-Pt,2,1.85,0.5515432893255072,1.46,2.24,5.0
Al-F-N-O-Rb,2,2.5,1.6404877323527904,1.34,3.66,5.0
Al-F-N-O-Re,2,1.57,0.04242640687119289,1.54,1.6,5.0
Al-F-N-O-Rh,2,1.67,0.4666904755831214,1.34,2.0,5.0
Al-F-N-O-Ru,2,1.63,0.3535533905932738,1.38,1.88,5.0
Al-F-N-O-Sb,2,1.27,0.6363961030678928,0.82,1.72,5.0
Al-F-N-O-Sc,2,1.1400000000000001,0.5939696961967,0.72,1.56,5.0
Al-F-N-O-Si,2,1.37,0.0989949493661165,1.3,1.44,5.0
Al-F-N-O-Sn,2,1.17,0.6363961030678927,0.72,1.62,5.0
Al-F-N-O-Sr,2,1.7400000000000002,1.3859292911256331,0.76,2.72,5.0
Al-F-N-O-Ta,2,1.26,0.1131370849898477,1.18,1.34,5.0
Al-F-N-O-Te,2,1.4700000000000002,0.5232590180780451,1.1,1.84,5.0
Al-F-N-O-Ti,2,1.06,0.028284271247461926,1.04,1.08,5.0
Al-F-N-O-Tl,2,1.67,0.9758073580374355,0.98,2.36,5.0
Al-F-N-O-V,2,1.02,0.1131370849898477,0.94,1.1,5.0
Al-F-N-O-W,2,1.4,0.056568542494923615,1.36,1.44,5.0
Al-F-N-O-Y,2,1.1099999999999999,0.8343860018001261,0.52,1.7,5.0
Al-F-N-O-Zn,2,1.51,0.6646803743153546,1.04,1.98,5.0
Al-F-N-O-Zr,2,0.94,0.11313708498984758,0.86,1.02,5.0
Al-F-Na-O,2,1.47,1.4000714267493641,0.48,2.46,4.0
Al-F-Nb-O,2,0.8799999999999999,0.08485281374238574,0.82,0.94,4.0
Al-F-Ni-O,2,1.1400000000000001,0.5939696961966999,0.72,1.56,4.0
Al-F-O-Os,2,1.72,0.28284271247461895,1.52,1.92,4.0
Al-F-O-Pb,2,0.96,1.0748023074035522,0.2,1.72,4.0
Al-F-O-Pd,2,1.44,0.8202438661763952,0.86,2.02,4.0
Al-F-O-Pt,2,1.6400000000000001,0.6788225099390857,1.16,2.12,4.0
Al-F-O-Rb,2,1.86,1.6687720036002522,0.68,3.04,4.0
Al-F-O-Re,2,1.48,0.08485281374238578,1.42,1.54,4.0
Al-F-O-Rh,2,1.44,0.6505382386916236,0.98,1.9,4.0
Al-F-O-Ru,2,1.4100000000000001,0.5515432893255071,1.02,1.8,4.0
Al-F-O-Sb,2,1.05,0.551543289325507,0.66,1.44,4.0
Al-F-O-Sc,2,0.8200000000000001,0.3394112549695429,0.58,1.06,4.0
Al-F-O-Si,2,1.12,0.3394112549695429,0.88,1.36,4.0
Al-F-O-Sn,2,0.78,0.7353910524340095,0.26,1.3,4.0
Al-F-O-Sr,2,1.12,1.470782104868019,0.08,2.16,4.0
Al-F-O-Ta,2,0.97,0.18384776310850248,0.84,1.1,4.0
Al-F-O-Te,2,1.26,0.45254833995939053,0.94,1.58,4.0
Al-F-O-Ti,2,0.63,0.07071067811865482,0.58,0.68,4.0
Al-F-O-Tl,2,1.22,1.0182337649086284,0.5,1.94,4.0
Al-F-O-V,2,0.71,0.35355339059327373,0.46,0.96,4.0
Al-F-O-W,2,1.31,0.014142135623730963,1.3,1.32,4.0
Al-F-O-Y,2,0.9099999999999999,0.4384062043356595,0.6,1.22,4.0
Al-F-O-Zn,2,0.82,0.565685424949238,0.42,1.22,4.0
Al-F-O-Zr,2,0.7,0.11313708498984766,0.62,0.78,4.0
Al-Fe-N,2,1.2000000000000002,0.1414213562373094,1.1,1.3,3.0
Al-Fe-O,2,1.06,0.39597979746446665,0.78,1.34,3.0
Al-Fe-O-S,2,1.12,0.11313708498984747,1.04,1.2,4.0
Al-Ga-N,2,1.6800000000000002,0.1414213562373094,1.58,1.78,3.0
Al-Ga-O,2,1.08,0.42426406871192834,0.78,1.38,3.0
Al-Ga-O-S,2,1.26,0.28284271247461895,1.06,1.46,4.0
Al-Ge-N,2,1.85,0.15556349186104051,1.74,1.96,3.0
Al-Ge-O,2,0.98,0.31112698372208086,0.76,1.2,3.0
Al-Ge-O-S,2,1.13,0.18384776310850245,1.0,1.26,4.0
Al-Hf-N,2,1.52,0.5091168824543143,1.16,1.88,3.0
Al-Hf-O,2,0.7,0.028284271247461888,0.68,0.72,3.0
Al-Hf-O-S,2,0.99,0.07071067811865482,0.94,1.04,4.0
Al-Hg-N,2,2.47,0.8909545442950498,1.84,3.1,3.0
Al-Hg-O,2,1.73,1.0889444430272832,0.96,2.5,3.0
Al-Hg-O-S,2,1.76,0.9333809511662426,1.1,2.42,4.0
Al-In-N,2,1.67,0.15556349186104035,1.56,1.78,3.0
Al-In-O,2,0.7999999999999999,0.48083261120685217,0.46,1.14,3.0
Al-In-O-S,2,1.11,0.3535533905932739,0.86,1.36,4.0
Al-Ir-N,2,1.42,0.22627416997969532,1.26,1.58,3.0
Al-Ir-O,2,1.52,0.028284271247461926,1.5,1.54,3.0
Al-Ir-O-S,2,1.4500000000000002,0.1272792206135786,1.36,1.54,4.0
Al-K-N,2,2.37,0.268700576850888,2.18,2.56,3.0
Al-K-O,2,1.27,0.8626702730475879,0.66,1.88,3.0
Al-K-O-S,2,1.69,0.4949747468305831,1.34,2.04,4.0
Al-La-N,2,1.75,1.4000714267493641,0.76,2.74,3.0
Al-La-O,2,0.96,1.4990663761154808,-0.1,2.02,3.0
Al-La-O-S,2,0.97,0.6929646455628166,0.48,1.46,4.0
Al-Li-N,2,2.0300000000000002,0.12727922061357852,1.94,2.12,3.0
Al-Li-O,2,1.46,0.876812408671319,0.84,2.08,3.0
Al-Li-O-S,2,1.29,0.04242640687119289,1.26,1.32,4.0
Al-Mg-N,2,2.31,0.7495331880577404,1.78,2.84,3.0
Al-Mg-O,2,0.76,0.31112698372208086,0.54,0.98,3.0
Al-Mg-O-S,2,1.06,0.1414213562373094,0.96,1.16,4.0
Al-Mn-N,2,1.33,0.4384062043356593,1.02,1.64,3.0
Al-Mn-O,2,0.79,0.3818376618407357,0.52,1.06,3.0
Al-Mn-O-S,2,1.1099999999999999,0.15556349186104051,1.0,1.22,4.0
Al-Mo-N,2,1.01,0.24041630560342608,0.84,1.18,3.0
Al-Mo-O,2,0.9400000000000001,0.19798989873223333,0.8,1.08,3.0
Al-Mo-O-S,2,1.22,0.028284271247461926,1.2,1.24,4.0
Al-N-Na,2,2.1100000000000003,0.0989949493661169,2.04,2.18,3.0
Al-N-Nb,2,1.07,0.014142135623730963,1.06,1.08,3.0
Al-N-Ni,2,1.41,0.04242640687119289,1.38,1.44,3.0
Al-N-O,2,1.34,0.5939696961966999,0.92,1.76,3.0
Al-N-Os,2,1.35,0.3818376618407357,1.08,1.62,3.0
Al-N-Pb,2,1.79,0.3818376618407357,1.52,2.06,3.0
Al-N-Pd,2,1.75,0.09899494936611673,1.68,1.82,3.0
Al-N-Pt,2,1.75,0.24041630560342606,1.58,1.92,3.0
Al-N-Rb,2,3.37,1.5414927829866738,2.28,4.46,3.0
Al-N-Re,2,1.6099999999999999,0.4666904755831214,1.28,1.94,3.0
Al-N-Rh,2,1.4300000000000002,0.0989949493661165,1.36,1.5,3.0
Al-N-Ru,2,1.33,0.24041630560342614,1.16,1.5,3.0
Al-N-Sb,2,1.81,0.3818376618407357,1.54,2.08,3.0
Al-N-Sc,2,1.83,0.7495331880577404,1.3,2.36,3.0
Al-N-Si,2,1.93,0.49497474683058307,1.58,2.28,3.0
Al-N-Sn,2,1.53,0.014142135623730963,1.52,1.54,3.0
Al-N-Sr,2,1.98,0.45254833995939026,1.66,2.3,3.0
Al-N-Ta,2,1.3,0.31112698372208086,1.08,1.52,3.0
Al-N-Te,2,1.92,0.3111269837220811,1.7,2.14,3.0
Al-N-Ti,2,1.51,0.4101219330881976,1.22,1.8,3.0
Al-N-Tl,2,2.47,0.9475230867899738,1.8,3.14,3.0
Al-N-V,2,1.58,0.0,1.58,1.58,3.0
Al-N-W,2,1.2,0.6505382386916236,0.74,1.66,3.0
Al-N-Y,2,1.75,1.0889444430272832,0.98,2.52,3.0
Al-N-Zn,2,1.76,0.14142135623730964,1.66,1.86,3.0
Al-N-Zr,2,1.15,0.2121320343559642,1.0,1.3,3.0
Al-Na-O,2,1.6500000000000001,1.4283556979968262,0.64,2.66,3.0
Al-Na-O-S,2,1.45,0.268700576850888,1.26,1.64,4.0
Al-Nb-O,2,0.73,0.15556349186104043,0.62,0.84,3.0
Al-Nb-O-S,2,1.07,0.04242640687119289,1.04,1.1,4.0
Al-Ni-O,2,1.12,0.056568542494923615,1.08,1.16,3.0
Al-Ni-O-S,2,1.23,0.1272792206135787,1.14,1.32,4.0
Al-O-Os,2,1.63,0.12727922061357844,1.54,1.72,3.0
Al-O-Os-S,2,1.47,0.014142135623730963,1.46,1.48,4.0
Al-O-Pb,2,1.03,0.7212489168102785,0.52,1.54,3.0
Al-O-Pb-S,2,1.27,0.5232590180780451,0.9,1.64,4.0
Al-O-Pd,2,1.37,0.3535533905932738,1.12,1.62,3.0
Al-O-Pd-S,2,1.3399999999999999,0.22627416997969516,1.18,1.5,4.0
Al-O-Pt,2,1.54,0.22627416997969532,1.38,1.7,3.0
Al-O-Pt-S,2,1.5,0.28284271247461895,1.3,1.7,4.0
Al-O-Rb,2,2.02,1.7536248173426379,0.78,3.26,3.0
Al-O-Rb-S,2,2.48,1.4990663761154808,1.42,3.54,4.0
Al-O-Re,2,1.3,0.08485281374238578,1.24,1.36,3.0
Al-O-Re-S,2,1.3900000000000001,0.04242640687119281,1.36,1.42,4.0
Al-O-Rh,2,1.31,0.15556349186104051,1.2,1.42,3.0
Al-O-Rh-S,2,1.3599999999999999,0.1979898987322334,1.22,1.5,4.0
Al-O-Ru,2,1.37,0.5232590180780451,1.0,1.74,3.0
Al-O-Ru-S,2,1.43,0.014142135623730963,1.42,1.44,4.0
Al-O-S-Sb,2,1.0899999999999999,0.4384062043356593,0.78,1.4,4.0
Al-O-S-Sc,2,0.92,0.2545584412271572,0.74,1.1,4.0
Al-O-S-Si,2,1.28,0.08485281374238578,1.22,1.34,4.0
Al-O-S-Sn,2,1.12,0.311126983722081,0.9,1.34,4.0
Al-O-S-Sr,2,1.77,1.3435028842544405,0.82,2.72,4.0
Al-O-S-Ta,2,1.02,0.16970562748477128,0.9,1.14,4.0
Al-O-S-Te,2,1.32,0.42426406871192857,1.02,1.62,4.0
Al-O-S-Ti,2,0.89,0.04242640687119289,0.86,0.92,4.0
Al-O-S-Tl,2,1.32,0.39597979746446665,1.04,1.6,4.0
Al-O-S-V,2,0.99,0.014142135623730963,0.98,1.0,4.0
Al-O-S-W,2,1.3900000000000001,0.1272792206135786,1.3,1.48,4.0
Al-O-S-Y,2,0.98,0.5091168824543143,0.62,1.34,4.0
Al-O-S-Zn,2,1.6600000000000001,0.7071067811865476,1.16,2.16,4.0
Al-O-S-Zr,2,0.95,0.014142135623730963,0.94,0.96,4.0
Al-O-Sb,2,0.86,0.7636753236814713,0.32,1.4,3.0
Al-O-Sc,2,0.72,0.3959797974644666,0.44,1.0,3.0
Al-O-Si,2,1.21,0.24041630560342606,1.04,1.38,3.0
Al-O-Sn,2,0.73,0.46669047558312143,0.4,1.06,3.0
Al-O-Sr,2,1.36,1.6122034611053284,0.22,2.5,3.0
Al-O-Ta,2,0.66,0.14142135623730948,0.56,0.76,3.0
Al-O-Te,2,1.27,0.5798275605729689,0.86,1.68,3.0
Al-O-Ti,2,0.46,0.11313708498984763,0.38,0.54,3.0
Al-O-Tl,2,1.52,1.0748023074035522,0.76,2.28,3.0
Al-O-V,2,0.75,0.2969848480983499,0.54,0.96,3.0
Al-O-W,2,1.05,0.07071067811865482,1.0,1.1,3.0
Al-O-Y,2,0.69,0.7778174593052023,0.14,1.24,3.0
Al-O-Zn,2,1.03,0.29698484809834996,0.82,1.24,3.0
Al-O-Zr,2,0.5800000000000001,0.11313708498984766,0.5,0.66,3.0
As-Au-F-N-O,2,1.56,0.5656854249492381,1.16,1.96,5.0
As-Au-F-O,2,1.4300000000000002,0.5515432893255071,1.04,1.82,4.0
As-Au-N,2,2.35,0.4101219330881976,2.06,2.64,3.0
As-Au-O,2,1.58,0.22627416997969516,1.42,1.74,3.0
As-Au-O-S,2,1.27,0.268700576850888,1.08,1.46,4.0
As-B-F-N-O,2,1.83,0.7495331880577404,1.3,2.36,5.0
As-B-F-O,2,1.73,0.4101219330881976,1.44,2.02,4.0
As-B-N,2,2.55,0.579827560572969,2.14,2.96,3.0
As-B-O,2,1.56,0.6788225099390857,1.08,2.04,3.0
As-B-O-S,2,1.44,0.39597979746446665,1.16,1.72,4.0
As-Ba-F-N-O,2,1.5699999999999998,1.145512985522207,0.76,2.38,5.0
As-Ba-F-O,2,1.16,1.1879393923933999,0.32,2.0,4.0
As-Ba-N,2,2.3899999999999997,1.3152186130069785,1.46,3.32,3.0
As-Ba-O,2,1.2200000000000002,1.4142135623730951,0.22,2.22,3.0
As-Ba-O-S,2,1.5,1.3859292911256331,0.52,2.48,4.0
As-Be-F-N-O,2,1.76,0.36769552621700474,1.5,2.02,5.0
As-Be-F-O,2,1.28,0.28284271247461895,1.08,1.48,4.0
As-Be-N,2,2.21,0.09899494936611643,2.14,2.28,3.0
As-Be-O,2,1.1600000000000001,0.08485281374238554,1.1,1.22,3.0
As-Be-O-S,2,1.22,0.05656854249492385,1.18,1.26,4.0
As-Bi-F-N-O,2,1.21,0.4384062043356595,0.9,1.52,5.0
As-Bi-F-O,2,1.06,0.3111269837220809,0.84,1.28,4.0
As-Bi-N,2,1.9,0.7353910524340095,1.38,2.42,3.0
As-Bi-O,2,0.9299999999999999,0.3252691193458118,0.7,1.16,3.0
As-Bi-O-S,2,0.9,0.2545584412271572,0.72,1.08,4.0
As-Ca-F-N-O,2,1.5,0.7353910524340095,0.98,2.02,5.0
As-Ca-F-O,2,1.1,0.7353910524340095,0.58,1.62,4.0
As-Ca-N,2,2.44,1.2445079348883235,1.56,3.32,3.0
As-Ca-O,2,1.21,1.1172287142747452,0.42,2.0,3.0
As-Ca-O-S,2,0.8200000000000001,0.28284271247461906,0.62,1.02,4.0
As-Cd-F-N-O,2,1.34,0.6505382386916237,0.88,1.8,5.0
As-Cd-F-O,2,1.08,0.6222539674441618,0.64,1.52,4.0
As-Cd-N,2,2.19,0.7212489168102786,1.68,2.7,3.0
As-Cd-O,2,1.08,0.4525483399593904,0.76,1.4,3.0
As-Cd-O-S,2,1.43,0.8061017305526642,0.86,2.0,4.0
As-Co-F-N-O,2,1.2000000000000002,0.1979898987322334,1.06,1.34,5.0
As-Co-F-O,2,0.99,0.12727922061357863,0.9,1.08,4.0
As-Co-N,2,1.87,0.1272792206135786,1.78,1.96,3.0
As-Co-O,2,0.97,0.04242640687119289,0.94,1.0,3.0
As-Co-O-S,2,1.0,0.028284271247461926,0.98,1.02,4.0
As-Cr-F-N-O,2,1.54,0.5374011537017761,1.16,1.92,5.0
As-Cr-F-O,2,0.75,0.014142135623730963,0.74,0.76,4.0
As-Cr-N,2,1.54,0.1131370849898477,1.46,1.62,3.0
As-Cr-O,2,0.68,0.33941125496954283,0.44,0.92,3.0
As-Cr-O-S,2,0.76,0.05656854249492385,0.72,0.8,4.0
As-Cs-F-N-O,2,2.09,1.3717871555019021,1.12,3.06,5.0
As-Cs-F-O,2,1.7200000000000002,1.3859292911256333,0.74,2.7,4.0
As-Cs-N,2,3.26,1.1596551211459383,2.44,4.08,3.0
As-Cs-O,2,1.79,1.3435028842544405,0.84,2.74,3.0
As-Cs-O-S,2,2.16,1.3859292911256333,1.18,3.14,4.0
As-Cu-F-N-O,2,1.33,0.1838477631085023,1.2,1.46,5.0
As-Cu-F-O,2,1.04,0.3111269837220809,0.82,1.26,4.0
As-Cu-N,2,2.11,0.21213203435596414,1.96,2.26,3.0
As-Cu-O,2,1.2,0.05656854249492385,1.16,1.24,3.0
As-Cu-O-S,2,1.01,0.26870057685088805,0.82,1.2,4.0
As-F-Fe-N-O,2,1.49,0.4666904755831215,1.16,1.82,5.0
As-F-Fe-O,2,0.9299999999999999,0.0989949493661167,0.86,1.0,4.0
As-F-Ga-N-O,2,1.1,0.056568542494923775,1.06,1.14,5.0
As-F-Ga-O,2,0.8300000000000001,0.042426406871192854,0.8,0.86,4.0
As-F-Ge-N-O,2,0.97,0.12727922061357863,0.88,1.06,5.0
As-F-Ge-O,2,0.9299999999999999,0.0989949493661167,0.86,1.0,4.0
As-F-Hf-N-O,2,1.19,0.4384062043356594,0.88,1.5,5.0
As-F-Hf-O,2,1.44,0.876812408671319,0.82,2.06,4.0
As-F-Hg-N-O,2,1.41,0.7495331880577403,0.88,1.94,5.0
As-F-Hg-O,2,1.25,0.6929646455628166,0.76,1.74,4.0
As-F-In-N-O,2,1.16,0.3394112549695428,0.92,1.4,5.0
As-F-In-O,2,0.8600000000000001,0.25455844122715704,0.68,1.04,4.0
As-F-Ir-N-O,2,1.64,0.36769552621700474,1.38,1.9,5.0
As-F-Ir-O,2,1.41,0.04242640687119289,1.38,1.44,4.0
As-F-K-N-O,2,2.01,1.3717871555019021,1.04,2.98,5.0
As-F-K-O,2,1.6600000000000001,1.442497833620557,0.64,2.68,4.0
As-F-La-N-O,2,1.29,0.49497474683058335,0.94,1.64,5.0
As-F-La-O,2,1.12,0.28284271247461906,0.92,1.32,4.0
As-F-Li-N-O,2,1.5699999999999998,0.4949747468305831,1.22,1.92,5.0
As-F-Li-O,2,1.1800000000000002,0.5939696961967,0.76,1.6,4.0
As-F-Mg-N-O,2,1.4,0.36769552621700474,1.14,1.66,5.0
As-F-Mg-O,2,0.9500000000000001,0.24041630560342622,0.78,1.12,4.0
As-F-Mn-N-O,2,1.25,0.07071067811865482,1.2,1.3,5.0
As-F-Mn-O,2,0.8,0.08485281374238574,0.74,0.86,4.0
As-F-Mo-N-O,2,1.05,0.3535533905932738,0.8,1.3,5.0
As-F-Mo-O,2,1.01,0.12727922061357863,0.92,1.1,4.0
As-F-N-Na-O,2,1.71,0.8909545442950497,1.08,2.34,5.0
As-F-N-Nb-O,2,0.96,0.4525483399593904,0.64,1.28,5.0
As-F-N-Ni-O,2,1.31,0.04242640687119289,1.28,1.34,5.0
As-F-N-O-Os,2,1.7200000000000002,0.6505382386916237,1.26,2.18,5.0
As-F-N-O-Pb,2,1.26,0.6505382386916236,0.8,1.72,5.0
As-F-N-O-Pd,2,1.4500000000000002,0.24041630560342614,1.28,1.62,5.0
As-F-N-O-Pt,2,1.63,0.07071067811865459,1.58,1.68,5.0
As-F-N-O-Rb,2,2.1100000000000003,1.4000714267493641,1.12,3.1,5.0
As-F-N-O-Re,2,1.25,0.268700576850888,1.06,1.44,5.0
As-F-N-O-Rh,2,1.46,0.0,1.46,1.46,5.0
As-F-N-O-Ru,2,1.4500000000000002,0.12727922061357844,1.36,1.54,5.0
As-F-N-O-Sb,2,1.15,0.2121320343559642,1.0,1.3,5.0
As-F-N-O-Sc,2,1.35,0.04242640687119281,1.32,1.38,5.0
As-F-N-O-Si,2,1.41,0.3252691193458118,1.18,1.64,5.0
As-F-N-O-Sn,2,0.99,0.268700576850888,0.8,1.18,5.0
As-F-N-O-Sr,2,1.66,1.0182337649086284,0.94,2.38,5.0
As-F-N-O-Ta,2,1.0,0.5939696961966999,0.58,1.42,5.0
As-F-N-O-Te,2,1.17,0.0989949493661165,1.1,1.24,5.0
As-F-N-O-Ti,2,0.8999999999999999,0.3959797974644666,0.62,1.18,5.0
As-F-N-O-Tl,2,1.31,0.6363961030678927,0.86,1.76,5.0
As-F-N-O-V,2,1.03,0.09899494936611673,0.96,1.1,5.0
As-F-N-O-W,2,1.0699999999999998,0.4949747468305831,0.72,1.42,5.0
As-F-N-O-Y,2,1.35,0.24041630560342614,1.18,1.52,5.0
As-F-N-O-Zn,2,1.25,0.3818376618407357,0.98,1.52,5.0
As-F-N-O-Zr,2,1.14,0.3959797974644666,0.86,1.42,5.0
As-F-Na-O,2,1.4200000000000002,1.0465180361560904,0.68,2.16,4.0
As-F-Nb-O,2,1.06,0.4808326112068524,0.72,1.4,4.0
As-F-Ni-O,2,1.0,0.16970562748477153,0.88,1.12,4.0
As-F-O-Os,2,1.48,0.16970562748477147,1.36,1.6,4.0
As-F-O-Pb,2,1.0,0.6505382386916236,0.54,1.46,4.0
As-F-O-Pd,2,1.27,0.3535533905932738,1.02,1.52,4.0
As-F-O-Pt,2,1.47,0.24041630560342606,1.3,1.64,4.0
As-F-O-Rb,2,1.71,1.4849242404917495,0.66,2.76,4.0
As-F-O-Re,2,1.25,0.3252691193458118,1.02,1.48,4.0
As-F-O-Rh,2,1.19,0.09899494936611666,1.12,1.26,4.0
As-F-O-Ru,2,1.27,0.09899494936611673,1.2,1.34,4.0
As-F-O-Sb,2,1.08,0.11313708498984763,1.0,1.16,4.0
As-F-O-Sc,2,1.19,0.3252691193458118,0.96,1.42,4.0
As-F-O-Si,2,1.55,0.268700576850888,1.36,1.74,4.0
As-F-O-Sn,2,0.8,0.282842712474619,0.6,1.0,4.0
As-F-O-Sr,2,1.16,1.0182337649086284,0.44,1.88,4.0
As-F-O-Ta,2,1.04,0.7919595949289333,0.48,1.6,4.0
As-F-O-Te,2,1.04,0.08485281374238578,0.98,1.1,4.0
As-F-O-Ti,2,1.03,0.4949747468305831,0.68,1.38,4.0
As-F-O-Tl,2,0.94,0.6788225099390857,0.46,1.42,4.0
As-F-O-V,2,0.81,0.07071067811865478,0.76,0.86,4.0
As-F-O-W,2,1.09,0.2687005768508881,0.9,1.28,4.0
As-F-O-Y,2,1.2000000000000002,0.14142135623730956,1.1,1.3,4.0
As-F-O-Zn,2,1.01,0.2969848480983499,0.8,1.22,4.0
As-F-O-Zr,2,1.27,0.6646803743153546,0.8,1.74,4.0
As-Fe-N,2,1.75,0.09899494936611673,1.68,1.82,3.0
As-Fe-O,2,1.0,0.11313708498984758,0.92,1.08,3.0
As-Fe-O-S,2,0.96,0.14142135623730953,0.86,1.06,4.0
As-Ga-N,2,1.8900000000000001,0.21213203435596437,1.74,2.04,3.0
As-Ga-O,2,0.98,0.05656854249492385,0.94,1.02,3.0
As-Ga-O-S,2,0.96,0.05656854249492382,0.92,1.0,4.0
As-Ge-N,2,1.68,0.05656854249492385,1.64,1.72,3.0
As-Ge-O,2,0.85,0.15556349186104043,0.74,0.96,3.0
As-Ge-O-S,2,0.8200000000000001,0.05656854249492373,0.78,0.86,4.0
As-Hf-N,2,1.43,0.3252691193458118,1.2,1.66,3.0
As-Hf-O,2,1.05,0.21213203435596417,0.9,1.2,3.0
As-Hf-O-S,2,1.21,0.4949747468305833,0.86,1.56,4.0
As-Hg-N,2,2.3499999999999996,0.6646803743153548,1.88,2.82,3.0
As-Hg-O,2,1.38,0.4808326112068524,1.04,1.72,3.0
As-Hg-O-S,2,1.45,0.7778174593052022,0.9,2.0,4.0
As-In-N,2,1.95,0.5515432893255069,1.56,2.34,3.0
As-In-O,2,0.86,0.05656854249492385,0.82,0.9,3.0
As-In-O-S,2,0.9099999999999999,0.12727922061357863,0.82,1.0,4.0
As-Ir-N,2,1.9500000000000002,0.21213203435596437,1.8,2.1,3.0
As-Ir-O,2,1.4300000000000002,0.0989949493661165,1.36,1.5,3.0
As-Ir-O-S,2,1.16,0.028284271247461926,1.14,1.18,4.0
As-K-N,2,3.1900000000000004,1.4849242404917498,2.14,4.24,3.0
As-K-O,2,1.69,1.5980613254815972,0.56,2.82,3.0
As-K-O-S,2,2.01,1.34350288425444,1.06,2.96,4.0
As-La-N,2,1.6099999999999999,1.2303657992645927,0.74,2.48,3.0
As-La-O,2,1.06,0.876812408671319,0.44,1.68,3.0
As-La-O-S,2,0.8400000000000001,0.36769552621700485,0.58,1.1,4.0
As-Li-N,2,2.54,0.6505382386916236,2.08,3.0,3.0
As-Li-O,2,1.0499999999999998,0.46669047558312127,0.72,1.38,3.0
As-Li-O-S,2,1.31,0.2121320343559642,1.16,1.46,4.0
As-Mg-N,2,2.2,0.5939696961967,1.78,2.62,3.0
As-Mg-O,2,1.08,0.4525483399593904,0.76,1.4,3.0
As-Mg-O-S,2,0.88,0.05656854249492385,0.84,0.92,4.0
As-Mn-N,2,1.63,0.07071067811865459,1.58,1.68,3.0
As-Mn-O,2,0.5800000000000001,0.08485281374238574,0.52,0.64,3.0
As-Mn-O-S,2,0.87,0.014142135623730963,0.86,0.88,4.0
As-Mo-N,2,1.48,0.19798989873223324,1.34,1.62,3.0
As-Mo-O,2,1.0,0.16970562748477153,0.88,1.12,3.0
As-Mo-O-S,2,1.25,0.014142135623730963,1.24,1.26,4.0
As-N-Na,2,2.71,0.9758073580374355,2.02,3.4,3.0
As-N-Nb,2,1.47,0.014142135623730963,1.46,1.48,3.0
As-N-Ni,2,1.95,0.04242640687119289,1.92,1.98,3.0
As-N-O,2,1.03,0.014142135623730963,1.02,1.04,3.0
As-N-Os,2,1.9000000000000001,0.42426406871192857,1.6,2.2,3.0
As-N-Pb,2,2.0700000000000003,0.8061017305526641,1.5,2.64,3.0
As-N-Pd,2,2.08,0.2545584412271572,1.9,2.26,3.0
As-N-Pt,2,2.1,0.05656854249492385,2.06,2.14,3.0
As-N-Rb,2,3.2299999999999995,1.3435028842544403,2.28,4.18,3.0
As-N-Re,2,1.62,0.622253967444162,1.18,2.06,3.0
As-N-Rh,2,1.92,0.05656854249492385,1.88,1.96,3.0
As-N-Ru,2,1.8599999999999999,0.11313708498984763,1.78,1.94,3.0
As-N-Sb,2,1.6400000000000001,0.2545584412271571,1.46,1.82,3.0
As-N-Sc,2,1.69,0.6081118318204308,1.26,2.12,3.0
As-N-Si,2,1.81,0.5232590180780453,1.44,2.18,3.0
As-N-Sn,2,1.78,0.39597979746446665,1.5,2.06,3.0
As-N-Sr,2,2.65,1.428355697996826,1.64,3.66,3.0
As-N-Ta,2,1.42,0.16970562748477147,1.3,1.54,3.0
As-N-Te,2,1.83,0.1838477631085023,1.7,1.96,3.0
As-N-Ti,2,1.61,0.014142135623730963,1.6,1.62,3.0
As-N-Tl,2,2.35,0.7495331880577404,1.82,2.88,3.0
As-N-V,2,1.47,0.09899494936611673,1.4,1.54,3.0
As-N-W,2,1.46,0.45254833995939053,1.14,1.78,3.0
As-N-Y,2,1.6099999999999999,0.9192388155425116,0.96,2.26,3.0
As-N-Zn,2,2.13,0.4101219330881974,1.84,2.42,3.0
As-N-Zr,2,1.47,0.4384062043356595,1.16,1.78,3.0
As-Na-O,2,1.41,1.2586500705120545,0.52,2.3,3.0
As-Na-O-S,2,1.2,0.25455844122715704,1.02,1.38,4.0
As-Nb-O,2,1.06,0.5091168824543143,0.7,1.42,3.0
As-Nb-O-S,2,1.15,0.07071067811865459,1.1,1.2,4.0
As-Ni-O,2,1.03,0.014142135623730963,1.02,1.04,3.0
As-Ni-O-S,2,0.99,0.12727922061357863,0.9,1.08,4.0
As-O-Os,2,1.5699999999999998,0.1272792206135786,1.48,1.66,3.0
As-O-Os-S,2,1.25,0.1838477631085022,1.12,1.38,4.0
As-O-Pb,2,0.89,0.4666904755831213,0.56,1.22,3.0
As-O-Pb-S,2,0.95,0.38183766184073564,0.68,1.22,4.0
As-O-Pd,2,1.38,0.08485281374238571,1.32,1.44,3.0
As-O-Pd-S,2,1.09,0.24041630560342608,0.92,1.26,4.0
As-O-Pt,2,1.58,0.11313708498984763,1.5,1.66,3.0
As-O-Pt-S,2,1.17,0.2121320343559642,1.02,1.32,4.0
As-O-Rb,2,1.78,1.5556349186104046,0.68,2.88,3.0
As-O-Rb-S,2,2.18,1.4990663761154808,1.12,3.24,4.0
As-O-Re,2,1.25,0.268700576850888,1.06,1.44,3.0
As-O-Re-S,2,1.26,0.25455844122715704,1.08,1.44,4.0
As-O-Rh,2,1.3,0.05656854249492385,1.26,1.34,3.0
As-O-Rh-S,2,1.0699999999999998,0.0989949493661165,1.0,1.14,4.0
As-O-Ru,2,1.35,0.24041630560342614,1.18,1.52,3.0
As-O-Ru-S,2,1.13,0.07071067811865474,1.08,1.18,4.0
As-O-S-Sb,2,0.88,0.14142135623730948,0.78,0.98,4.0
As-O-S-Sc,2,1.01,0.04242640687119289,0.98,1.04,4.0
As-O-S-Si,2,1.48,0.0,1.48,1.48,4.0
As-O-S-Sn,2,0.82,0.16970562748477142,0.7,0.94,4.0
As-O-S-Sr,2,1.45,1.2020815280171306,0.6,2.3,4.0
As-O-S-Ta,2,0.9299999999999999,0.4101219330881976,0.64,1.22,4.0
As-O-S-Te,2,1.09,0.014142135623730963,1.08,1.1,4.0
As-O-S-Ti,2,0.94,0.33941125496954283,0.7,1.18,4.0
As-O-S-Tl,2,1.11,0.3535533905932738,0.86,1.36,4.0
As-O-S-V,2,0.78,0.19798989873223333,0.64,0.92,4.0
As-O-S-W,2,1.3399999999999999,0.565685424949238,0.94,1.74,4.0
As-O-S-Y,2,0.88,0.05656854249492385,0.84,0.92,4.0
As-O-S-Zn,2,1.1099999999999999,0.2404163056034263,0.94,1.28,4.0
As-O-S-Zr,2,1.06,0.42426406871192857,0.76,1.36,4.0
As-O-Sb,2,0.97,0.268700576850888,0.78,1.16,3.0
As-O-Sc,2,1.22,0.0,1.22,1.22,3.0
As-O-Si,2,1.24,0.33941125496954283,1.0,1.48,3.0
As-O-Sn,2,0.7,0.1414213562373096,0.6,0.8,3.0
As-O-Sr,2,0.85,0.8061017305526641,0.28,1.42,3.0
As-O-Ta,2,0.8,0.42426406871192857,0.5,1.1,3.0
As-O-Te,2,1.28,0.25455844122715704,1.1,1.46,3.0
As-O-Ti,2,0.8300000000000001,0.4101219330881976,0.54,1.12,3.0
As-O-Tl,2,1.14,0.36769552621700463,0.88,1.4,3.0
As-O-V,2,0.76,0.028284271247461926,0.74,0.78,3.0
As-O-W,2,1.06,0.3394112549695429,0.82,1.3,3.0
As-O-Y,2,1.1099999999999999,0.5232590180780453,0.74,1.48,3.0
As-O-Zn,2,1.23,0.3818376618407357,0.96,1.5,3.0
As-O-Zr,2,1.23,0.4666904755831214,0.9,1.56,3.0
Au-B-F-N-O,2,2.49,0.8909545442950498,1.86,3.12,5.0
Au-B-F-O,2,2.33,0.8909545442950498,1.7,2.96,4.0
Au-B-N,2,2.6399999999999997,0.3676955262170049,2.38,2.9,3.0
Au-B-O,2,2.4299999999999997,0.6081118318204309,2.0,2.86,3.0
Au-B-O-S,2,1.95,0.46669047558312116,1.62,2.28,4.0
Au-Ba-F-N-O,2,1.73,0.4949747468305834,1.38,2.08,5.0
Au-Ba-F-O,2,1.4300000000000002,0.608111831820431,1.0,1.86,4.0
Au-Ba-N,2,2.62,0.876812408671319,2.0,3.24,3.0
Au-Ba-O,2,1.62,0.8485281374238571,1.02,2.22,3.0
Au-Ba-O-S,2,1.74,0.9050966799187806,1.1,2.38,4.0
Au-Be-F-N-O,2,2.34,0.7071067811865475,1.84,2.84,5.0
Au-Be-F-O,2,2.08,0.7636753236814714,1.54,2.62,4.0
Au-Be-N,2,2.3,0.0,2.3,2.3,3.0
Au-Be-O,2,1.9900000000000002,0.1838477631085023,1.86,2.12,3.0
Au-Be-O-S,2,1.66,0.028284271247461926,1.64,1.68,4.0
Au-Bi-F-N-O,2,1.52,0.08485281374238578,1.46,1.58,5.0
Au-Bi-F-O,2,1.25,0.21213203435596414,1.1,1.4,4.0
Au-Bi-N,2,1.93,0.07071067811865482,1.88,1.98,3.0
Au-Bi-O,2,1.3900000000000001,0.12727922061357844,1.3,1.48,3.0
Au-Bi-O-S,2,1.21,0.2121320343559642,1.06,1.36,4.0
Au-Ca-F-N-O,2,1.96,0.36769552621700496,1.7,2.22,5.0
Au-Ca-F-O,2,1.54,0.31112698372208086,1.32,1.76,4.0
Au-Ca-N,2,2.3,0.05656854249492385,2.26,2.34,3.0
Au-Ca-O,2,1.6400000000000001,0.5374011537017761,1.26,2.02,3.0
Au-Ca-O-S,2,1.69,0.7212489168102787,1.18,2.2,4.0
Au-Cd-F-N-O,2,1.76,0.1131370849898477,1.68,1.84,5.0
Au-Cd-F-O,2,1.5,0.14142135623730964,1.4,1.6,4.0
Au-Cd-N,2,2.1,0.08485281374238578,2.04,2.16,3.0
Au-Cd-O,2,1.81,0.4101219330881976,1.52,2.1,3.0
Au-Cd-O-S,2,1.33,0.014142135623730963,1.32,1.34,4.0
Au-Co-F-N-O,2,1.7400000000000002,0.5374011537017761,1.36,2.12,5.0
Au-Co-F-O,2,1.5,0.5091168824543144,1.14,1.86,4.0
Au-Co-N,2,1.87,0.15556349186104035,1.76,1.98,3.0
Au-Co-O,2,1.7000000000000002,0.19798989873223324,1.56,1.84,3.0
Au-Co-O-S,2,1.4,0.11313708498984763,1.32,1.48,4.0
Au-Cr-F-N-O,2,1.54,0.6505382386916236,1.08,2.0,5.0
Au-Cr-F-O,2,1.24,0.6788225099390857,0.76,1.72,4.0
Au-Cr-N,2,1.55,0.3252691193458118,1.32,1.78,3.0
Au-Cr-O,2,1.18,0.3676955262170047,0.92,1.44,3.0
Au-Cr-O-S,2,1.0,0.2262741699796952,0.84,1.16,4.0
Au-Cs-F-N-O,2,2.3,0.876812408671319,1.68,2.92,5.0
Au-Cs-F-O,2,2.05,0.7495331880577406,1.52,2.58,4.0
Au-Cs-N,2,3.4299999999999997,0.8626702730475883,2.82,4.04,3.0
Au-Cs-O,2,2.09,0.7495331880577406,1.56,2.62,3.0
Au-Cs-O-S,2,2.44,0.876812408671319,1.82,3.06,4.0
Au-Cu-F-N-O,2,1.74,0.19798989873223316,1.6,1.88,5.0
Au-Cu-F-O,2,1.5499999999999998,0.2121320343559642,1.4,1.7,4.0
Au-Cu-N,2,2.13,0.04242640687119305,2.1,2.16,3.0
Au-Cu-O,2,1.9,0.08485281374238571,1.84,1.96,3.0
Au-Cu-O-S,2,1.56,0.2545584412271571,1.38,1.74,4.0
Au-F-Fe-N-O,2,1.67,0.5515432893255071,1.28,2.06,5.0
Au-F-Fe-O,2,1.69,0.9758073580374355,1.0,2.38,4.0
Au-F-Ga-N-O,2,1.54,0.36769552621700474,1.28,1.8,5.0
Au-F-Ga-O,2,1.27,0.4666904755831215,0.94,1.6,4.0
Au-F-Ge-N-O,2,1.45,0.4384062043356595,1.14,1.76,5.0
Au-F-Ge-O,2,1.2,0.4525483399593904,0.88,1.52,4.0
Au-F-Hf-N-O,2,1.37,0.5232590180780451,1.0,1.74,5.0
Au-F-Hf-O,2,1.59,1.3717871555019023,0.62,2.56,4.0
Au-F-Hg-N-O,2,1.75,0.1838477631085022,1.62,1.88,5.0
Au-F-Hg-O,2,1.56,0.1979898987322334,1.42,1.7,4.0
Au-F-In-N-O,2,1.5299999999999998,0.15556349186104051,1.42,1.64,5.0
Au-F-In-O,2,1.23,0.21213203435596414,1.08,1.38,4.0
Au-F-Ir-N-O,2,1.8399999999999999,0.8485281374238569,1.24,2.44,5.0
Au-F-Ir-O,2,1.7999999999999998,0.7636753236814712,1.26,2.34,4.0
Au-F-K-N-O,2,2.41,0.9192388155425117,1.76,3.06,5.0
Au-F-K-O,2,2.1,0.9050966799187811,1.46,2.74,4.0
Au-F-La-N-O,2,1.58,0.1414213562373094,1.48,1.68,5.0
Au-F-La-O,2,1.25,0.07071067811865482,1.2,1.3,4.0
Au-F-Li-N-O,2,2.08,0.16970562748477155,1.96,2.2,5.0
Au-F-Li-O,2,1.85,0.15556349186104051,1.74,1.96,4.0
Au-F-Mg-N-O,2,1.94,0.19798989873223324,1.8,2.08,5.0
Au-F-Mg-O,2,1.54,0.25455844122715704,1.36,1.72,4.0
Au-F-Mn-N-O,2,1.5699999999999998,0.5232590180780451,1.2,1.94,5.0
Au-F-Mn-O,2,1.23,0.4949747468305833,0.88,1.58,4.0
Au-F-Mo-N-O,2,1.51,0.9192388155425119,0.86,2.16,5.0
Au-F-Mo-O,2,1.37,0.8909545442950499,0.74,2.0,4.0
Au-F-N-Na-O,2,2.07,0.43840620433565947,1.76,2.38,5.0
Au-F-N-Nb-O,2,1.37,1.145512985522207,0.56,2.18,5.0
Au-F-N-Ni-O,2,1.78,0.45254833995939053,1.46,2.1,5.0
Au-F-N-O-Os,2,1.85,0.9758073580374356,1.16,2.54,5.0
Au-F-N-O-Pb,2,1.5899999999999999,0.1272792206135786,1.5,1.68,5.0
Au-F-N-O-Pd,2,1.69,0.18384776310850245,1.56,1.82,5.0
Au-F-N-O-Pt,2,1.75,0.4949747468305834,1.4,2.1,5.0
Au-F-N-O-Rb,2,2.43,0.9192388155425119,1.78,3.08,5.0
Au-F-N-O-Re,2,1.69,1.145512985522207,0.88,2.5,5.0
Au-F-N-O-Rh,2,1.75,0.4666904755831215,1.42,2.08,5.0
Au-F-N-O-Ru,2,1.63,0.636396103067893,1.18,2.08,5.0
Au-F-N-O-Sb,2,1.5,0.36769552621700474,1.24,1.76,5.0
Au-F-N-O-Sc,2,1.8,0.5091168824543144,1.44,2.16,5.0
Au-F-N-O-Si,2,1.9500000000000002,0.9192388155425117,1.3,2.6,5.0
Au-F-N-O-Sn,2,1.35,0.2687005768508882,1.16,1.54,5.0
Au-F-N-O-Sr,2,1.8800000000000001,0.39597979746446665,1.6,2.16,5.0
Au-F-N-O-Ta,2,1.42,1.3576450198781713,0.46,2.38,5.0
Au-F-N-O-Te,2,1.51,0.4949747468305834,1.16,1.86,5.0
Au-F-N-O-Ti,2,1.22,1.0465180361560904,0.48,1.96,5.0
Au-F-N-O-Tl,2,1.5499999999999998,0.1838477631085023,1.42,1.68,5.0
Au-F-N-O-V,2,1.46,0.876812408671319,0.84,2.08,5.0
Au-F-N-O-W,2,1.6,1.2162236636408617,0.74,2.46,5.0
Au-F-N-O-Y,2,1.69,0.24041630560342614,1.52,1.86,5.0
Au-F-N-O-Zn,2,1.81,0.1838477631085023,1.68,1.94,5.0
Au-F-N-O-Zr,2,1.3199999999999998,0.45254833995939026,1.0,1.64,5.0
Au-F-Na-O,2,2.01,0.6363961030678928,1.56,2.46,4.0
Au-F-Nb-O,2,1.26,1.1030865786510142,0.48,2.04,4.0
Au-F-Ni-O,2,1.6400000000000001,0.48083261120685217,1.3,1.98,4.0
Au-F-O-Os,2,1.79,0.834386001800126,1.2,2.38,4.0
Au-F-O-Pb,2,1.28,0.1131370849898477,1.2,1.36,4.0
Au-F-O-Pd,2,1.54,0.16970562748477133,1.42,1.66,4.0
Au-F-O-Pt,2,1.69,0.3818376618407357,1.42,1.96,4.0
Au-F-O-Rb,2,2.13,0.9192388155425116,1.48,2.78,4.0
Au-F-O-Re,2,1.6099999999999999,1.0323759005323594,0.88,2.34,4.0
Au-F-O-Rh,2,1.6,0.39597979746446643,1.32,1.88,4.0
Au-F-O-Ru,2,1.49,0.5515432893255069,1.1,1.88,4.0
Au-F-O-Sb,2,1.28,0.45254833995939053,0.96,1.6,4.0
Au-F-O-Sc,2,1.52,0.7071067811865476,1.02,2.02,4.0
Au-F-O-Si,2,1.7799999999999998,0.876812408671319,1.16,2.4,4.0
Au-F-O-Sn,2,1.04,0.311126983722081,0.82,1.26,4.0
Au-F-O-Sr,2,1.52,0.5374011537017762,1.14,1.9,4.0
Au-F-O-Ta,2,1.2000000000000002,1.4142135623730951,0.2,2.2,4.0
Au-F-O-Te,2,1.4,0.5091168824543141,1.04,1.76,4.0
Au-F-O-Ti,2,1.06,1.1030865786510142,0.28,1.84,4.0
Au-F-O-Tl,2,1.2799999999999998,0.1414213562373094,1.18,1.38,4.0
Au-F-O-V,2,1.25,0.8343860018001261,0.66,1.84,4.0
Au-F-O-W,2,1.5299999999999998,1.1737972567696688,0.7,2.36,4.0
Au-F-O-Y,2,1.4300000000000002,0.43840620433565947,1.12,1.74,4.0
Au-F-O-Zn,2,1.54,0.19798989873223324,1.4,1.68,4.0
Au-F-O-Zr,2,1.45,1.2020815280171306,0.6,2.3,4.0
Au-Fe-N,2,1.79,0.268700576850888,1.6,1.98,3.0
Au-Fe-O,2,1.5,0.25455844122715704,1.32,1.68,3.0
Au-Fe-O-S,2,1.1800000000000002,0.16970562748477147,1.06,1.3,4.0
Au-Ga-N,2,2.08,0.16970562748477155,1.96,2.2,3.0
Au-Ga-O,2,1.46,0.14142135623730956,1.36,1.56,3.0
Au-Ga-O-S,2,1.28,0.05656854249492385,1.24,1.32,4.0
Au-Ge-N,2,1.93,0.014142135623730963,1.92,1.94,3.0
Au-Ge-O,2,1.37,0.2687005768508882,1.18,1.56,3.0
Au-Ge-O-S,2,1.23,0.24041630560342606,1.06,1.4,4.0
Au-Hf-N,2,2.01,0.3818376618407356,1.74,2.28,3.0
Au-Hf-O,2,1.74,1.0465180361560904,1.0,2.48,3.0
Au-Hf-O-S,2,1.5599999999999998,0.9899494936611662,0.86,2.26,4.0
Au-Hg-N,2,2.65,0.268700576850888,2.46,2.84,3.0
Au-Hg-O,2,1.9,0.11313708498984763,1.82,1.98,3.0
Au-Hg-O-S,2,1.37,0.014142135623730885,1.36,1.38,4.0
Au-In-N,2,1.97,0.014142135623730963,1.96,1.98,3.0
Au-In-O,2,1.31,0.12727922061357844,1.22,1.4,3.0
Au-In-O-S,2,1.15,0.09899494936611666,1.08,1.22,4.0
Au-Ir-N,2,2.16,0.3111269837220807,1.94,2.38,3.0
Au-Ir-O,2,2.0,0.3959797974644666,1.72,2.28,3.0
Au-Ir-O-S,2,1.5299999999999998,0.2121320343559642,1.38,1.68,4.0
Au-K-N,2,3.45,1.1172287142747452,2.66,4.24,3.0
Au-K-O,2,1.62,0.22627416997969532,1.46,1.78,3.0
Au-K-O-S,2,2.39,1.0323759005323594,1.66,3.12,4.0
Au-La-N,2,1.96,0.7353910524340095,1.44,2.48,3.0
Au-La-O,2,1.38,0.39597979746446643,1.1,1.66,3.0
Au-La-O-S,2,1.01,0.09899494936611673,0.94,1.08,4.0
Au-Li-N,2,2.49,0.26870057685088844,2.3,2.68,3.0
Au-Li-O,2,1.92,0.36769552621700496,1.66,2.18,3.0
Au-Li-O-S,2,1.5,0.14142135623730964,1.4,1.6,4.0
Au-Mg-N,2,2.53,0.3818376618407357,2.26,2.8,3.0
Au-Mg-O,2,1.5099999999999998,0.1838477631085023,1.38,1.64,3.0
Au-Mg-O-S,2,1.26,0.31112698372208086,1.04,1.48,4.0
Au-Mn-N,2,1.65,0.26870057685088805,1.46,1.84,3.0
Au-Mn-O,2,1.24,0.2262741699796951,1.08,1.4,3.0
Au-Mn-O-S,2,1.24,0.25455844122715704,1.06,1.42,4.0
Au-Mo-N,2,1.58,0.6788225099390857,1.1,2.06,3.0
Au-Mo-O,2,1.24,0.7353910524340095,0.72,1.76,3.0
Au-Mo-O-S,2,1.23,0.6081118318204308,0.8,1.66,4.0
Au-N-Na,2,3.0700000000000003,0.6363961030678928,2.62,3.52,3.0
Au-N-Nb,2,1.71,0.2121320343559642,1.56,1.86,3.0
Au-N-Ni,2,1.94,0.028284271247461926,1.92,1.96,3.0
Au-N-O,2,2.1500000000000004,0.042426406871192736,2.12,2.18,3.0
Au-N-Os,2,2.06,0.5939696961966999,1.64,2.48,3.0
Au-N-Pb,2,2.05,0.042426406871192736,2.02,2.08,3.0
Au-N-Pd,2,2.2,0.2545584412271569,2.02,2.38,3.0
Au-N-Pt,2,1.94,0.028284271247461926,1.92,1.96,3.0
Au-N-Rb,2,3.45,1.0040916292848974,2.74,4.16,3.0
Au-N-Re,2,2.16,1.3010764773832475,1.24,3.08,3.0
Au-N-Rh,2,2.0300000000000002,0.09899494936611658,1.96,2.1,3.0
Au-N-Ru,2,1.9300000000000002,0.0989949493661165,1.86,2.0,3.0
Au-N-Sb,2,2.16,0.2545584412271572,1.98,2.34,3.0
Au-N-Sc,2,2.05,0.2969848480983498,1.84,2.26,3.0
Au-N-Si,2,1.94,0.311126983722081,1.72,2.16,3.0
Au-N-Sn,2,1.7799999999999998,0.16970562748477133,1.66,1.9,3.0
Au-N-Sr,2,2.88,0.8485281374238571,2.28,3.48,3.0
Au-N-Ta,2,1.67,0.4101219330881976,1.38,1.96,3.0
Au-N-Te,2,2.34,0.22627416997969493,2.18,2.5,3.0
Au-N-Ti,2,1.83,0.09899494936611666,1.76,1.9,3.0
Au-N-Tl,2,2.62,0.31112698372208103,2.4,2.84,3.0
Au-N-V,2,2.04,0.7071067811865476,1.54,2.54,3.0
Au-N-W,2,1.42,0.6505382386916236,0.96,1.88,3.0
Au-N-Y,2,2.11,0.268700576850888,1.92,2.3,3.0
Au-N-Zn,2,2.08,0.05656854249492385,2.04,2.12,3.0
Au-N-Zr,2,1.5899999999999999,0.26870057685088805,1.4,1.78,3.0
Au-Na-O,2,1.98,0.6222539674441617,1.54,2.42,3.0
Au-Na-O-S,2,1.6800000000000002,0.08485281374238554,1.62,1.74,4.0
Au-Nb-O,2,1.13,0.8343860018001261,0.54,1.72,3.0
Au-Nb-O-S,2,1.33,1.0889444430272832,0.56,2.1,4.0
Au-Ni-O,2,1.83,0.15556349186104035,1.72,1.94,3.0
Au-Ni-O-S,2,1.38,0.08485281374238571,1.32,1.44,4.0
Au-O-Os,2,1.8599999999999999,0.6222539674441617,1.42,2.3,3.0
Au-O-Os-S,2,1.46,0.36769552621700474,1.2,1.72,4.0
Au-O-Pb,2,1.55,0.2969848480983499,1.34,1.76,3.0
Au-O-Pb-S,2,1.28,0.028284271247461926,1.26,1.3,4.0
Au-O-Pd,2,2.0,0.08485281374238578,1.94,2.06,3.0
Au-O-Pd-S,2,1.51,0.09899494936611673,1.44,1.58,4.0
Au-O-Pt,2,2.0,0.14142135623730964,1.9,2.1,3.0
Au-O-Pt-S,2,1.55,0.04242640687119289,1.52,1.58,4.0
Au-O-Rb,2,2.24,1.0465180361560902,1.5,2.98,3.0
Au-O-Rb-S,2,2.45,1.0323759005323596,1.72,3.18,4.0
Au-O-Re,2,1.5,0.8485281374238571,0.9,2.1,3.0
Au-O-Re-S,2,1.38,0.5939696961966999,0.96,1.8,4.0
Au-O-Rh,2,1.9100000000000001,0.18384776310850245,1.78,2.04,3.0
Au-O-Rh-S,2,1.43,0.04242640687119289,1.4,1.46,4.0
Au-O-Ru,2,1.95,0.5798275605729689,1.54,2.36,3.0
Au-O-Ru-S,2,1.4300000000000002,0.2121320343559642,1.28,1.58,4.0
Au-O-S-Sb,2,1.23,0.4101219330881976,0.94,1.52,4.0
Au-O-S-Sc,2,1.35,0.6081118318204309,0.92,1.78,4.0
Au-O-S-Si,2,1.6600000000000001,0.565685424949238,1.26,2.06,4.0
Au-O-S-Sn,2,1.1400000000000001,0.22627416997969532,0.98,1.3,4.0
Au-O-S-Sr,2,1.22,0.1131370849898477,1.14,1.3,4.0
Au-O-S-Ta,2,1.0,0.8202438661763952,0.42,1.58,4.0
Au-O-S-Te,2,1.35,0.4666904755831214,1.02,1.68,4.0
Au-O-S-Ti,2,1.22,0.5374011537017762,0.84,1.6,4.0
Au-O-S-Tl,2,1.4300000000000002,0.1838477631085023,1.3,1.56,4.0
Au-O-S-V,2,1.03,0.4101219330881976,0.74,1.32,4.0
Au-O-S-W,2,1.6400000000000001,1.2162236636408617,0.78,2.5,4.0
Au-O-S-Y,2,1.16,0.36769552621700463,0.9,1.42,4.0
Au-O-S-Zn,2,1.3399999999999999,0.056568542494923775,1.3,1.38,4.0
Au-O-S-Zr,2,1.3900000000000001,0.8909545442950499,0.76,2.02,4.0
Au-O-Sb,2,1.24,0.2262741699796951,1.08,1.4,3.0
Au-O-Sc,2,1.5,0.08485281374238578,1.44,1.56,3.0
Au-O-Si,2,1.7799999999999998,0.7353910524340094,1.26,2.3,3.0
Au-O-Sn,2,1.27,0.1272792206135787,1.18,1.36,3.0
Au-O-Sr,2,1.72,0.8485281374238568,1.12,2.32,3.0
Au-O-Ta,2,0.93,0.9192388155425119,0.28,1.58,3.0
Au-O-Te,2,1.52,0.25455844122715704,1.34,1.7,3.0
Au-O-Ti,2,1.6099999999999999,0.9475230867899735,0.94,2.28,3.0
Au-O-Tl,2,1.84,0.33941125496954283,1.6,2.08,3.0
Au-O-V,2,1.3399999999999999,0.8485281374238571,0.74,1.94,3.0
Au-O-W,2,1.23,0.89095454429505,0.6,1.86,3.0
Au-O-Y,2,1.57,0.014142135623730963,1.56,1.58,3.0
Au-O-Zn,2,1.7200000000000002,0.19798989873223324,1.58,1.86,3.0
Au-O-Zr,2,1.35,0.5232590180780453,0.98,1.72,3.0
B-Ba-F-N-O,2,2.28,1.4424978336205567,1.26,3.3,5.0
B-Ba-F-O,2,1.8399999999999999,1.414213562373095,0.84,2.84,4.0
B-Ba-N,2,3.16,1.4424978336205565,2.14,4.18,3.0
B-Ba-O,2,2.12,1.5556349186104046,1.02,3.22,3.0
B-Ba-O-S,2,2.27,1.5697770542341354,1.16,3.38,4.0
B-Be-F-N-O,2,2.16,0.8768124086713186,1.54,2.78,5.0
B-Be-F-O,2,1.94,0.8202438661763952,1.36,2.52,4.0
B-Be-N,2,1.98,0.0,1.98,1.98,3.0
B-Be-O,2,2.16,1.0465180361560902,1.42,2.9,3.0
B-Be-O-S,2,1.62,0.19798989873223324,1.48,1.76,4.0
B-Bi-F-N-O,2,1.6800000000000002,0.7919595949289333,1.12,2.24,5.0
B-Bi-F-O,2,1.57,0.6929646455628166,1.08,2.06,4.0
B-Bi-N,2,2.38,0.6222539674441617,1.94,2.82,3.0
B-Bi-O,2,1.69,1.0889444430272832,0.92,2.46,3.0
B-Bi-O-S,2,1.53,0.7212489168102785,1.02,2.04,4.0
B-Ca-F-N-O,2,2.28,1.385929291125633,1.3,3.26,5.0
B-Ca-F-O,2,1.7799999999999998,1.414213562373095,0.78,2.78,4.0
B-Ca-N,2,2.4000000000000004,0.4525483399593903,2.08,2.72,3.0
B-Ca-O,2,2.12,1.612203461105328,0.98,3.26,3.0
B-Ca-O-S,2,2.19,1.48492424049175,1.14,3.24,4.0
B-Cd-F-N-O,2,2.1,1.074802307403552,1.34,2.86,5.0
B-Cd-F-O,2,1.81,1.2303657992645929,0.94,2.68,4.0
B-Cd-N,2,2.93,1.1172287142747452,2.14,3.72,3.0
B-Cd-O,2,2.2600000000000002,1.3293607486307095,1.32,3.2,3.0
B-Cd-O-S,2,1.79,0.5515432893255072,1.4,2.18,4.0
B-Co-F-N-O,2,1.96,0.6505382386916236,1.5,2.42,5.0
B-Co-F-O,2,1.7400000000000002,0.5939696961966999,1.32,2.16,4.0
B-Co-N,2,1.8,0.028284271247461926,1.78,1.82,3.0
B-Co-O,2,1.6400000000000001,0.3959797974644666,1.36,1.92,3.0
B-Co-O-S,2,1.62,0.2545584412271571,1.44,1.8,4.0
B-Cr-F-N-O,2,1.5899999999999999,0.5232590180780451,1.22,1.96,5.0
B-Cr-F-O,2,1.5699999999999998,0.0989949493661165,1.5,1.64,4.0
B-Cr-N,2,1.6600000000000001,0.08485281374238571,1.6,1.72,3.0
B-Cr-O,2,1.14,0.33941125496954266,0.9,1.38,3.0
B-Cr-O-S,2,1.2799999999999998,0.16970562748477133,1.16,1.4,4.0
B-Cs-F-N-O,2,3.0,1.470782104868019,1.96,4.04,5.0
B-Cs-F-O,2,2.61,1.3717871555019023,1.64,3.58,4.0
B-Cs-N,2,3.48,0.3959797974644663,3.2,3.76,3.0
B-Cs-O,2,2.69,1.2586500705120545,1.8,3.58,3.0
B-Cs-O-S,2,2.9899999999999998,1.5132085117392113,1.92,4.06,4.0
B-Cu-F-N-O,2,2.1799999999999997,0.8768124086713186,1.56,2.8,5.0
B-Cu-F-O,2,1.9700000000000002,0.8909545442950499,1.34,2.6,4.0
B-Cu-N,2,2.14,0.1131370849898477,2.06,2.22,3.0
B-Cu-O,2,1.93,0.5798275605729689,1.52,2.34,3.0
B-Cu-O-S,2,1.7,0.28284271247461895,1.5,1.9,4.0
B-F-Fe-N-O,2,1.8299999999999998,0.6081118318204308,1.4,2.26,5.0
B-F-Fe-O,2,1.52,0.5656854249492379,1.12,1.92,4.0
B-F-Ga-N-O,2,1.7599999999999998,0.7353910524340094,1.24,2.28,5.0
B-F-Ga-O,2,1.46,0.4808326112068524,1.12,1.8,4.0
B-F-Ge-N-O,2,1.67,0.6081118318204308,1.24,2.1,5.0
B-F-Ge-O,2,1.35,0.5232590180780453,0.98,1.72,4.0
B-F-Hf-N-O,2,1.6,0.25455844122715726,1.42,1.78,5.0
B-F-Hf-O,2,1.4,0.1979898987322334,1.26,1.54,4.0
B-F-Hg-N-O,2,2.34,1.0465180361560902,1.6,3.08,5.0
B-F-Hg-O,2,2.11,1.1455129855222068,1.3,2.92,4.0
B-F-In-N-O,2,1.81,0.8626702730475879,1.2,2.42,5.0
B-F-In-O,2,1.58,0.7636753236814714,1.04,2.12,4.0
B-F-Ir-N-O,2,2.26,0.4242640687119284,1.96,2.56,5.0
B-F-Ir-O,2,2.3,0.3111269837220807,2.08,2.52,4.0
B-F-K-N-O,2,2.9699999999999998,1.7677669529663687,1.72,4.22,5.0
B-F-K-O,2,2.5500000000000003,1.6829141392239833,1.36,3.74,4.0
B-F-La-N-O,2,1.79,1.145512985522207,0.98,2.6,5.0
B-F-La-O,2,1.45,0.834386001800126,0.86,2.04,4.0
B-F-Li-N-O,2,2.59,1.3152186130069785,1.66,3.52,5.0
B-F-Li-O,2,2.15,1.2586500705120547,1.26,3.04,4.0
B-F-Mg-N-O,2,2.21,1.0889444430272832,1.44,2.98,5.0
B-F-Mg-O,2,1.73,1.1172287142747452,0.94,2.52,4.0
B-F-Mn-N-O,2,1.7000000000000002,0.5939696961967,1.28,2.12,5.0
B-F-Mn-O,2,1.3599999999999999,0.5939696961966999,0.94,1.78,4.0
B-F-Mo-N-O,2,1.6600000000000001,0.22627416997969532,1.5,1.82,5.0
B-F-Mo-O,2,1.5899999999999999,0.0989949493661165,1.52,1.66,4.0
B-F-N-Na-O,2,2.55,1.34350288425444,1.6,3.5,5.0
B-F-N-Nb-O,2,1.51,0.09899494936611673,1.44,1.58,5.0
B-F-N-Ni-O,2,2.0300000000000002,0.7495331880577403,1.5,2.56,5.0
B-F-N-O-Os,2,2.16,0.14142135623730917,2.06,2.26,5.0
B-F-N-O-Pb,2,1.96,0.9899494936611667,1.26,2.66,5.0
B-F-N-O-Pd,2,2.25,0.834386001800126,1.66,2.84,5.0
B-F-N-O-Pt,2,2.36,0.6505382386916236,1.9,2.82,5.0
B-F-N-O-Rb,2,3.06,1.7253405460951758,1.84,4.28,5.0
B-F-N-O-Re,2,1.92,0.0,1.92,1.92,5.0
B-F-N-O-Rh,2,2.13,0.6646803743153549,1.66,2.6,5.0
B-F-N-O-Ru,2,2.05,0.49497474683058335,1.7,2.4,5.0
B-F-N-O-Sb,2,1.6400000000000001,0.7071067811865478,1.14,2.14,5.0
B-F-N-O-Sc,2,1.77,0.8343860018001261,1.18,2.36,5.0
B-F-N-O-Si,2,1.75,0.24041630560342606,1.58,1.92,5.0
B-F-N-O-Sn,2,1.65,0.6929646455628167,1.16,2.14,5.0
B-F-N-O-Sr,2,2.39,1.456639969244288,1.36,3.42,5.0
B-F-N-O-Ta,2,1.54,0.08485281374238578,1.48,1.6,5.0
B-F-N-O-Te,2,1.96,0.6222539674441617,1.52,2.4,5.0
B-F-N-O-Ti,2,1.38,0.19798989873223324,1.24,1.52,5.0
B-F-N-O-Tl,2,2.19,1.0040916292848974,1.48,2.9,5.0
B-F-N-O-V,2,1.4,0.28284271247461906,1.2,1.6,5.0
B-F-N-O-W,2,1.74,0.0,1.74,1.74,5.0
B-F-N-O-Y,2,1.75,0.9758073580374355,1.06,2.44,5.0
B-F-N-O-Zn,2,2.08,0.933380951166243,1.42,2.74,5.0
B-F-N-O-Zr,2,1.54,0.36769552621700474,1.28,1.8,5.0
B-F-Na-O,2,2.4,1.6122034611053284,1.26,3.54,4.0
B-F-Nb-O,2,1.37,0.04242640687119265,1.34,1.4,4.0
B-F-Ni-O,2,1.8199999999999998,0.7353910524340094,1.3,2.34,4.0
B-F-O-Os,2,2.26,0.11313708498984755,2.18,2.34,4.0
B-F-O-Pb,2,1.6199999999999999,0.9899494936611662,0.92,2.32,4.0
B-F-O-Pd,2,2.12,0.7919595949289333,1.56,2.68,4.0
B-F-O-Pt,2,2.29,0.5515432893255072,1.9,2.68,4.0
B-F-O-Rb,2,2.5999999999999996,1.6404877323527904,1.44,3.76,4.0
B-F-O-Re,2,1.98,0.1131370849898477,1.9,2.06,4.0
B-F-O-Rh,2,2.06,0.565685424949238,1.66,2.46,4.0
B-F-O-Ru,2,1.9899999999999998,0.43840620433565947,1.68,2.3,4.0
B-F-O-Sb,2,1.56,0.4525483399593904,1.24,1.88,4.0
B-F-O-Sc,2,1.5299999999999998,0.4949747468305831,1.18,1.88,4.0
B-F-O-Si,2,1.49,0.07071067811865482,1.44,1.54,4.0
B-F-O-Sn,2,1.34,0.5939696961966999,0.92,1.76,4.0
B-F-O-Sr,2,1.8199999999999998,1.4707821048680187,0.78,2.86,4.0
B-F-O-Ta,2,1.3599999999999999,0.2545584412271571,1.18,1.54,4.0
B-F-O-Te,2,1.8599999999999999,0.311126983722081,1.64,2.08,4.0
B-F-O-Ti,2,1.13,0.014142135623730885,1.12,1.14,4.0
B-F-O-Tl,2,1.8900000000000001,0.9475230867899737,1.22,2.56,4.0
B-F-O-V,2,1.3,0.25455844122715704,1.12,1.48,4.0
B-F-O-W,2,1.81,0.1838477631085023,1.68,1.94,4.0
B-F-O-Y,2,1.54,0.6505382386916236,1.08,2.0,4.0
B-F-O-Zn,2,1.56,0.7636753236814714,1.02,2.1,4.0
B-F-O-Zr,2,1.31,0.07071067811865482,1.26,1.36,4.0
B-Fe-N,2,1.73,0.04242640687119289,1.7,1.76,3.0
B-Fe-O,2,1.71,0.7495331880577405,1.18,2.24,3.0
B-Fe-O-S,2,1.4500000000000002,0.21213203435596437,1.3,1.6,4.0
B-Ga-N,2,2.58,0.8485281374238571,1.98,3.18,3.0
B-Ga-O,2,1.79,0.9192388155425119,1.14,2.44,3.0
B-Ga-O-S,2,1.54,0.36769552621700474,1.28,1.8,4.0
B-Ge-N,2,2.4,0.7636753236814713,1.86,2.94,3.0
B-Ge-O,2,1.61,0.6929646455628166,1.12,2.1,3.0
B-Ge-O-S,2,1.42,0.2545584412271571,1.24,1.6,4.0
B-Hf-N,2,2.02,0.9616652224137046,1.34,2.7,3.0
B-Hf-O,2,1.52,0.45254833995939053,1.2,1.84,3.0
B-Hf-O-S,2,1.26,0.14142135623730964,1.16,1.36,4.0
B-Hg-N,2,3.13,0.9758073580374355,2.44,3.82,3.0
B-Hg-O,2,2.53,1.1737972567696688,1.7,3.36,3.0
B-Hg-O-S,2,1.8699999999999999,0.5798275605729689,1.46,2.28,4.0
B-In-N,2,2.6799999999999997,0.9899494936611662,1.98,3.38,3.0
B-In-O,2,1.83,1.1172287142747452,1.04,2.62,3.0
B-In-O-S,2,1.52,0.5374011537017761,1.14,1.9,4.0
B-Ir-N,2,1.9100000000000001,0.09899494936611666,1.84,1.98,3.0
B-Ir-O,2,2.3200000000000003,0.33941125496954294,2.08,2.56,3.0
B-Ir-O-S,2,1.77,0.3252691193458118,1.54,2.0,4.0
B-K-N,2,3.17,0.4666904755831215,2.84,3.5,3.0
B-K-O,2,2.1399999999999997,0.9616652224137048,1.46,2.82,3.0
B-K-O-S,2,2.91,1.711198410471445,1.7,4.12,4.0
B-La-N,2,2.36,1.4990663761154808,1.3,3.42,3.0
B-La-O,2,1.62,1.442497833620557,0.6,2.64,3.0
B-La-O-S,2,1.38,0.7919595949289333,0.82,1.94,4.0
B-Li-N,2,2.36,0.08485281374238578,2.3,2.42,3.0
B-Li-O,2,2.3499999999999996,1.315218613006978,1.42,3.28,3.0
B-Li-O-S,2,1.7400000000000002,0.16970562748477133,1.62,1.86,4.0
B-Mg-N,2,2.94,1.1879393923933996,2.1,3.78,3.0
B-Mg-O,2,1.91,1.2020815280171306,1.06,2.76,3.0
B-Mg-O-S,2,1.48,0.31112698372208086,1.26,1.7,4.0
B-Mn-N,2,1.69,0.014142135623730963,1.68,1.7,3.0
B-Mn-O,2,1.21,0.4384062043356595,0.9,1.52,3.0
B-Mn-O-S,2,1.4500000000000002,0.2404163056034263,1.28,1.62,4.0
B-Mo-N,2,1.6099999999999999,0.2404163056034263,1.44,1.78,3.0
B-Mo-O,2,1.4700000000000002,0.1838477631085023,1.34,1.6,3.0
B-Mo-O-S,2,1.51,0.07071067811865482,1.46,1.56,4.0
B-N-Na,2,3.49,1.4283556979968262,2.48,4.5,3.0
B-N-Nb,2,1.9100000000000001,0.806101730552664,1.34,2.48,3.0
B-N-Ni,2,1.9300000000000002,0.15556349186104035,1.82,2.04,3.0
B-N-O,2,1.97,0.07071067811865482,1.92,2.02,3.0
B-N-Os,2,1.83,0.014142135623730963,1.82,1.84,3.0
B-N-Pb,2,2.5,0.537401153701776,2.12,2.88,3.0
B-N-Pd,2,2.21,0.3535533905932738,1.96,2.46,3.0
B-N-Pt,2,2.16,0.2828427124746188,1.96,2.36,3.0
B-N-Rb,2,4.08,1.5273506473629428,3.0,5.16,3.0
B-N-Re,2,2.02,0.05656854249492385,1.98,2.06,3.0
B-N-Rh,2,1.9500000000000002,0.24041630560342614,1.78,2.12,3.0
B-N-Ru,2,1.8399999999999999,0.1414213562373094,1.74,1.94,3.0
B-N-Sb,2,2.4699999999999998,0.6929646455628163,1.98,2.96,3.0
B-N-Sc,2,2.39,1.2020815280171309,1.54,3.24,3.0
B-N-Si,2,2.25,0.5232590180780453,1.88,2.62,3.0
B-N-Sn,2,2.19,0.3818376618407357,1.92,2.46,3.0
B-N-Sr,2,2.67,0.5798275605729691,2.26,3.08,3.0
B-N-Ta,2,1.8199999999999998,0.7071067811865475,1.32,2.32,3.0
B-N-Te,2,2.56,0.6788225099390857,2.08,3.04,3.0
B-N-Ti,2,2.14,0.8485281374238571,1.54,2.74,3.0
B-N-Tl,2,3.1399999999999997,0.9899494936611662,2.44,3.84,3.0
B-N-V,2,2.07,0.5515432893255071,1.68,2.46,3.0
B-N-W,2,1.5499999999999998,0.1272792206135786,1.46,1.64,3.0
B-N-Y,2,2.32,1.3293607486307093,1.38,3.26,3.0
B-N-Zn,2,2.84,0.9899494936611662,2.14,3.54,3.0
B-N-Zr,2,1.7600000000000002,0.6505382386916239,1.3,2.22,3.0
B-Na-O,2,2.56,1.7819090885900999,1.3,3.82,3.0
B-Na-O-S,2,1.93,0.49497474683058307,1.58,2.28,4.0
B-Nb-O,2,1.1400000000000001,0.08485281374238554,1.08,1.2,3.0
B-Nb-O-S,2,1.3599999999999999,0.056568542494923615,1.32,1.4,4.0
B-Ni-O,2,1.75,0.4384062043356595,1.44,2.06,3.0
B-Ni-O-S,2,1.6099999999999999,0.32526911934581204,1.38,1.84,4.0
B-O-Os,2,2.06,0.28284271247461884,1.86,2.26,3.0
B-O-Os-S,2,1.73,0.15556349186104051,1.62,1.84,4.0
B-O-Pb,2,1.9899999999999998,1.0889444430272832,1.22,2.76,3.0
B-O-Pb-S,2,1.73,0.6646803743153549,1.26,2.2,4.0
B-O-Pd,2,2.14,0.5091168824543143,1.78,2.5,3.0
B-O-Pd-S,2,1.8,0.45254833995939053,1.48,2.12,4.0
B-O-Pt,2,2.27,0.3535533905932738,2.02,2.52,3.0
B-O-Pt-S,2,1.9900000000000002,0.29698484809835013,1.78,2.2,4.0
B-O-Rb,2,2.79,1.682914139223983,1.6,3.98,3.0
B-O-Rb-S,2,2.9899999999999998,1.6829141392239826,1.8,4.18,4.0
B-O-Re,2,1.65,0.04242640687119281,1.62,1.68,3.0
B-O-Re-S,2,1.68,0.0,1.68,1.68,4.0
B-O-Rh,2,2.0,0.3394112549695429,1.76,2.24,3.0
B-O-Rh-S,2,1.7,0.39597979746446665,1.42,1.98,4.0
B-O-Ru,2,1.99,0.5798275605729689,1.58,2.4,3.0
B-O-Ru-S,2,1.67,0.2687005768508882,1.48,1.86,4.0
B-O-S-Sb,2,1.3900000000000001,0.5232590180780453,1.02,1.76,4.0
B-O-S-Sc,2,1.67,1.0323759005323594,0.94,2.4,4.0
B-O-S-Si,2,1.48,0.0,1.48,1.48,4.0
B-O-S-Sn,2,1.5,0.39597979746446665,1.22,1.78,4.0
B-O-S-Sr,2,1.7399999999999998,0.8485281374238571,1.14,2.34,4.0
B-O-S-Ta,2,1.26,0.05656854249492385,1.22,1.3,4.0
B-O-S-Te,2,1.56,0.4525483399593904,1.24,1.88,4.0
B-O-S-Ti,2,1.19,0.04242640687119289,1.16,1.22,4.0
B-O-S-Tl,2,1.77,0.608111831820431,1.34,2.2,4.0
B-O-S-V,2,1.2999999999999998,0.11313708498984747,1.22,1.38,4.0
B-O-S-W,2,1.61,0.014142135623730963,1.6,1.62,4.0
B-O-S-Y,2,1.59,0.3818376618407357,1.32,1.86,4.0
B-O-S-Zn,2,1.71,0.3535533905932738,1.46,1.96,4.0
B-O-S-Zr,2,1.3199999999999998,0.14142135623730956,1.22,1.42,4.0
B-O-Sb,2,1.42,0.7071067811865475,0.92,1.92,3.0
B-O-Sc,2,1.66,1.1596551211459378,0.84,2.48,3.0
B-O-Si,2,1.67,0.3252691193458118,1.44,1.9,3.0
B-O-Sn,2,1.61,0.8061017305526643,1.04,2.18,3.0
B-O-Sr,2,1.8,1.1879393923933999,0.96,2.64,3.0
B-O-Ta,2,1.1,0.056568542494923775,1.06,1.14,3.0
B-O-Te,2,1.82,0.5656854249492382,1.42,2.22,3.0
B-O-Ti,2,1.1099999999999999,0.24041630560342614,0.94,1.28,3.0
B-O-Tl,2,2.2800000000000002,1.1596551211459378,1.46,3.1,3.0
B-O-V,2,1.05,0.3252691193458119,0.82,1.28,3.0
B-O-W,2,1.5,0.028284271247461926,1.48,1.52,3.0
B-O-Y,2,1.65,1.3435028842544403,0.7,2.6,3.0
B-O-Zn,2,1.79,0.636396103067893,1.34,2.24,3.0
B-O-Zr,2,1.44,0.5374011537017762,1.06,1.82,3.0
Ba-Be-F-N-O,2,2.12,1.3293607486307093,1.18,3.06,5.0
Ba-Be-F-O,2,1.6600000000000001,1.3576450198781713,0.7,2.62,4.0
Ba-Be-N,2,2.95,1.34350288425444,2.0,3.9,3.0
Ba-Be-O,2,1.94,1.3859292911256331,0.96,2.92,3.0
Ba-Be-O-S,2,2.2,1.3859292911256331,1.22,3.18,4.0
Ba-Bi-F-N-O,2,1.3,0.7071067811865476,0.8,1.8,5.0
Ba-Bi-F-O,2,0.8999999999999999,0.7636753236814713,0.36,1.44,4.0
Ba-Bi-N,2,2.2199999999999998,0.848528137423857,1.62,2.82,3.0
Ba-Bi-O,2,0.98,0.9899494936611665,0.28,1.68,3.0
Ba-Bi-O-S,2,1.26,0.9050966799187808,0.62,1.9,4.0
Ba-Ca-F-N-O,2,1.52,0.42426406871192857,1.22,1.82,5.0
Ba-Ca-F-O,2,0.7899999999999999,0.5232590180780451,0.42,1.16,4.0
Ba-Ca-N,2,2.63,0.3818376618407357,2.36,2.9,3.0
Ba-Ca-O,2,1.0899999999999999,0.43840620433565947,0.78,1.4,3.0
Ba-Ca-O-S,2,1.2,0.0,1.2,1.2,4.0
Ba-Cd-F-N-O,2,1.48,0.5939696961966998,1.06,1.9,5.0
Ba-Cd-F-O,2,0.9500000000000001,0.579827560572969,0.54,1.36,4.0
Ba-Cd-N,2,2.5300000000000002,0.6363961030678925,2.08,2.98,3.0
Ba-Cd-O,2,1.24,0.6505382386916236,0.78,1.7,3.0
Ba-Cd-O-S,2,1.5,0.6788225099390857,1.02,1.98,4.0
Ba-Co-F-N-O,2,1.8299999999999998,1.3717871555019021,0.86,2.8,5.0
Ba-Co-F-O,2,1.3699999999999999,1.3152186130069783,0.44,2.3,4.0
Ba-Co-N,2,2.48,1.470782104868019,1.44,3.52,3.0
Ba-Co-O,2,1.39,1.3152186130069783,0.46,2.32,3.0
Ba-Co-O-S,2,1.8399999999999999,1.4990663761154808,0.78,2.9,4.0
Ba-Cr-F-N-O,2,1.32,1.159655121145938,0.5,2.14,5.0
Ba-Cr-F-O,2,1.18,1.7536248173426379,-0.06,2.42,4.0
Ba-Cr-N,2,2.08,1.6122034611053286,0.94,3.22,3.0
Ba-Cr-O,2,0.9099999999999999,1.4849242404917498,-0.14,1.96,3.0
Ba-Cr-O-S,2,1.75,1.8809040379562165,0.42,3.08,4.0
Ba-Cs-F-N-O,2,2.07,0.268700576850888,1.88,2.26,5.0
Ba-Cs-F-O,2,1.06,0.3111269837220809,0.84,1.28,4.0
Ba-Cs-N,2,3.1,0.14142135623730964,3.0,3.2,3.0
Ba-Cs-O,2,1.31,0.07071067811865482,1.26,1.36,3.0
Ba-Cs-O-S,2,2.04,0.19798989873223347,1.9,2.18,4.0
Ba-Cu-F-N-O,2,1.59,0.7212489168102785,1.08,2.1,5.0
Ba-Cu-F-O,2,1.25,0.8061017305526643,0.68,1.82,4.0
Ba-Cu-N,2,2.56,0.9899494936611664,1.86,3.26,3.0
Ba-Cu-O,2,1.5,0.9616652224137049,0.82,2.18,3.0
Ba-Cu-O-S,2,1.71,0.9475230867899735,1.04,2.38,4.0
Ba-F-Fe-N-O,2,1.83,1.5980613254815974,0.7,2.96,5.0
Ba-F-Fe-O,2,1.34,1.5839191898578664,0.22,2.46,4.0
Ba-F-Ga-N-O,2,1.26,0.9333809511662428,0.6,1.92,5.0
Ba-F-Ga-O,2,0.77,0.9475230867899737,0.1,1.44,4.0
Ba-F-Ge-N-O,2,1.31,0.9475230867899735,0.64,1.98,5.0
Ba-F-Ge-O,2,0.92,0.9616652224137048,0.24,1.6,4.0
Ba-F-Hf-N-O,2,1.68,1.8384776310850235,0.38,2.98,5.0
Ba-F-Hf-O,2,1.46,1.6404877323527904,0.3,2.62,4.0
Ba-F-Hg-N-O,2,1.62,0.4525483399593904,1.3,1.94,5.0
Ba-F-Hg-O,2,1.2,0.4525483399593904,0.88,1.52,4.0
Ba-F-In-N-O,2,1.21,0.7495331880577404,0.68,1.74,5.0
Ba-F-In-O,2,0.64,0.7636753236814713,0.1,1.18,4.0
Ba-F-Ir-N-O,2,2.1,1.442497833620557,1.08,3.12,5.0
Ba-F-Ir-O,2,1.81,1.2869343417595167,0.9,2.72,4.0
Ba-F-K-N-O,2,2.05,0.2121320343559646,1.9,2.2,5.0
Ba-F-K-O,2,1.02,0.1414213562373096,0.92,1.12,4.0
Ba-F-La-N-O,2,1.19,0.6646803743153546,0.72,1.66,5.0
Ba-F-La-O,2,0.8,0.7919595949289333,0.24,1.36,4.0
Ba-F-Li-N-O,2,1.96,0.4242640687119285,1.66,2.26,5.0
Ba-F-Li-O,2,1.1099999999999999,0.3818376618407356,0.84,1.38,4.0
Ba-F-Mg-N-O,2,1.57,0.9192388155425119,0.92,2.22,5.0
Ba-F-Mg-O,2,0.9,0.9899494936611666,0.2,1.6,4.0
Ba-F-Mn-N-O,2,1.85,1.7677669529663689,0.6,3.1,5.0
Ba-F-Mn-O,2,1.19,1.7677669529663689,-0.06,2.44,4.0
Ba-F-Mo-N-O,2,1.44,1.3859292911256331,0.46,2.42,5.0
Ba-F-Mo-O,2,1.18,1.2162236636408619,0.32,2.04,4.0
Ba-F-N-Na-O,2,1.83,0.04242640687119289,1.8,1.86,5.0
Ba-F-N-Nb-O,2,1.64,1.7819090885900997,0.38,2.9,5.0
Ba-F-N-Ni-O,2,1.78,1.1313708498984762,0.98,2.58,5.0
Ba-F-N-O-Os,2,2.23,1.711198410471445,1.02,3.44,5.0
Ba-F-N-O-Pb,2,1.24,0.5091168824543143,0.88,1.6,5.0
Ba-F-N-O-Pd,2,1.42,0.42426406871192834,1.12,1.72,5.0
Ba-F-N-O-Pt,2,1.9500000000000002,1.0606601717798214,1.2,2.7,5.0
Ba-F-N-O-Rb,2,2.08,0.2828427124746188,1.88,2.28,5.0
Ba-F-N-O-Re,2,2.12,1.9798989873223332,0.72,3.52,5.0
Ba-F-N-O-Rh,2,1.83,1.1737972567696688,1.0,2.66,5.0
Ba-F-N-O-Ru,2,1.92,1.442497833620557,0.9,2.94,5.0
Ba-F-N-O-Sb,2,1.3,0.9050966799187808,0.66,1.94,5.0
Ba-F-N-O-Sc,2,1.5,1.3293607486307093,0.56,2.44,5.0
Ba-F-N-O-Si,2,1.81,1.2869343417595167,0.9,2.72,5.0
Ba-F-N-O-Sn,2,1.14,0.7919595949289332,0.58,1.7,5.0
Ba-F-N-O-Sr,2,1.56,0.16970562748477147,1.44,1.68,5.0
Ba-F-N-O-Ta,2,1.8,1.8384776310850237,0.5,3.1,5.0
Ba-F-N-O-Te,2,1.52,0.9050966799187811,0.88,2.16,5.0
Ba-F-N-O-Ti,2,1.6199999999999999,1.7536248173426376,0.38,2.86,5.0
Ba-F-N-O-Tl,2,1.43,0.3818376618407357,1.16,1.7,5.0
Ba-F-N-O-V,2,1.5499999999999998,1.7111984104714448,0.34,2.76,5.0
Ba-F-N-O-W,2,1.68,1.6404877323527902,0.52,2.84,5.0
Ba-F-N-O-Y,2,1.36,1.0748023074035524,0.6,2.12,5.0
Ba-F-N-O-Zn,2,1.6,0.8202438661763952,1.02,2.18,5.0
Ba-F-N-O-Zr,2,1.5599999999999998,1.6970562748477138,0.36,2.76,5.0
Ba-F-Na-O,2,1.04,0.1131370849898477,0.96,1.12,4.0
Ba-F-Nb-O,2,1.32,1.6122034611053284,0.18,2.46,4.0
Ba-F-Ni-O,2,1.32,1.0748023074035522,0.56,2.08,4.0
Ba-F-O-Os,2,1.99,1.5414927829866736,0.9,3.08,4.0
Ba-F-O-Pb,2,0.76,0.4808326112068524,0.42,1.1,4.0
Ba-F-O-Pd,2,1.3399999999999999,0.7919595949289331,0.78,1.9,4.0
Ba-F-O-Pt,2,1.5999999999999999,0.9899494936611662,0.9,2.3,4.0
Ba-F-O-Rb,2,1.09,0.3252691193458119,0.86,1.32,4.0
Ba-F-O-Re,2,1.57,1.2586500705120545,0.68,2.46,4.0
Ba-F-O-Rh,2,1.46,1.0748023074035524,0.7,2.22,4.0
Ba-F-O-Ru,2,1.59,1.3152186130069785,0.66,2.52,4.0
Ba-F-O-Sb,2,1.0,0.9333809511662426,0.34,1.66,4.0
Ba-F-O-Sc,2,1.09,1.4849242404917498,0.04,2.14,4.0
Ba-F-O-Si,2,1.43,1.2303657992645924,0.56,2.3,4.0
Ba-F-O-Sn,2,0.73,0.7212489168102785,0.22,1.24,4.0
Ba-F-O-Sr,2,0.71,0.24041630560342608,0.54,0.88,4.0
Ba-F-O-Ta,2,1.57,1.5697770542341356,0.46,2.68,4.0
Ba-F-O-Te,2,1.22,0.8202438661763951,0.64,1.8,4.0
Ba-F-O-Ti,2,1.17,1.654629867976521,0.0,2.34,4.0
Ba-F-O-Tl,2,0.8699999999999999,0.38183766184073564,0.6,1.14,4.0
Ba-F-O-V,2,1.0999999999999999,1.668772003600252,-0.08,2.28,4.0
Ba-F-O-W,2,1.5,1.4142135623730951,0.5,2.5,4.0
Ba-F-O-Y,2,1.01,1.2586500705120547,0.12,1.9,4.0
Ba-F-O-Zn,2,1.04,0.8485281374238571,0.44,1.64,4.0
Ba-F-O-Zr,2,1.1800000000000002,1.4424978336205572,0.16,2.2,4.0
Ba-Fe-N,2,2.62,1.8384776310850235,1.32,3.92,3.0
Ba-Fe-O,2,1.47,1.8243354954612925,0.18,2.76,3.0
Ba-Fe-O-S,2,1.83,1.7394826817189069,0.6,3.06,4.0
Ba-Ga-N,2,2.24,1.0182337649086282,1.52,2.96,3.0
Ba-Ga-O,2,0.99,1.1172287142747452,0.2,1.78,3.0
Ba-Ga-O-S,2,1.3,0.9616652224137046,0.62,1.98,4.0
Ba-Ge-N,2,2.22,1.2445079348883237,1.34,3.1,3.0
Ba-Ge-O,2,0.93,1.2869343417595165,0.02,1.84,3.0
Ba-Ge-O-S,2,1.28,1.1313708498984762,0.48,2.08,4.0
Ba-Hf-N,2,2.1,1.6970562748477138,0.9,3.3,3.0
Ba-Hf-O,2,0.66,1.3010764773832475,-0.26,1.58,3.0
Ba-Hf-O-S,2,1.78,1.9798989873223332,0.38,3.18,4.0
Ba-Hg-N,2,2.58,0.5656854249492379,2.18,2.98,3.0
Ba-Hg-O,2,1.4100000000000001,0.6363961030678927,0.96,1.86,3.0
Ba-Hg-O-S,2,1.5899999999999999,0.6081118318204308,1.16,2.02,4.0
Ba-In-N,2,1.81,0.18384776310850245,1.68,1.94,3.0
Ba-In-O,2,0.9400000000000001,0.9333809511662428,0.28,1.6,3.0
Ba-In-O-S,2,1.22,0.8202438661763952,0.64,1.8,4.0
Ba-Ir-N,2,2.61,1.9091883092036783,1.26,3.96,3.0
Ba-Ir-O,2,1.25,0.8909545442950498,0.62,1.88,3.0
Ba-Ir-O-S,2,2.04,1.6404877323527904,0.88,3.2,4.0
Ba-K-N,2,3.29,0.1838477631085022,3.16,3.42,3.0
Ba-K-O,2,1.26,0.0,1.26,1.26,3.0
Ba-K-O-S,2,1.99,0.07071067811865482,1.94,2.04,4.0
Ba-La-N,2,1.8800000000000001,0.39597979746446665,1.6,2.16,3.0
Ba-La-O,2,0.8899999999999999,0.6929646455628165,0.4,1.38,3.0
Ba-La-O-S,2,1.29,0.6081118318204309,0.86,1.72,4.0
Ba-Li-N,2,3.01,0.5798275605729687,2.6,3.42,3.0
Ba-Li-O,2,1.33,0.3818376618407357,1.06,1.6,3.0
Ba-Li-O-S,2,1.93,0.523259018078045,1.56,2.3,4.0
Ba-Mg-N,2,2.65,0.8909545442950497,2.02,3.28,3.0
Ba-Mg-O,2,1.17,0.9475230867899738,0.5,1.84,3.0
Ba-Mg-O-S,2,1.67,0.8909545442950497,1.04,2.3,4.0
Ba-Mn-N,2,2.2199999999999998,1.4707821048680187,1.18,3.26,3.0
Ba-Mn-O,2,0.57,0.9192388155425117,-0.08,1.22,3.0
Ba-Mn-O-S,2,1.39,1.2586500705120545,0.5,2.28,4.0
Ba-Mo-N,2,2.01,2.0223253941935257,0.58,3.44,3.0
Ba-Mo-O,2,1.0699999999999998,1.7960512242138307,-0.2,2.34,3.0
Ba-Mo-O-S,2,1.45,1.5414927829866736,0.36,2.54,4.0
Ba-N-Na,2,2.99,0.3535533905932738,2.74,3.24,3.0
Ba-N-Nb,2,1.35,0.8626702730475879,0.74,1.96,3.0
Ba-N-Ni,2,2.56,1.3293607486307093,1.62,3.5,3.0
Ba-N-O,2,1.7000000000000002,0.4808326112068524,1.36,2.04,3.0
Ba-N-Os,2,2.51,2.220315292925759,0.94,4.08,3.0
Ba-N-Pb,2,2.23,0.608111831820431,1.8,2.66,3.0
Ba-N-Pd,2,2.5,1.074802307403552,1.74,3.26,3.0
Ba-N-Pt,2,2.59,1.400071426749364,1.6,3.58,3.0
Ba-N-Rb,2,3.33,0.21213203435596414,3.18,3.48,3.0
Ba-N-Re,2,2.21,2.4183051916579923,0.5,3.92,3.0
Ba-N-Rh,2,2.5,1.470782104868019,1.46,3.54,3.0
Ba-N-Ru,2,2.4899999999999998,1.8526197667087543,1.18,3.8,3.0
Ba-N-Sb,2,2.13,1.2303657992645929,1.26,3.0,3.0
Ba-N-Sc,2,2.2199999999999998,1.1596551211459378,1.4,3.04,3.0
Ba-N-Si,2,2.52,1.6687720036002522,1.34,3.7,3.0
Ba-N-Sn,2,2.08,1.0182337649086282,1.36,2.8,3.0
Ba-N-Sr,2,2.67,0.21213203435596414,2.52,2.82,3.0
Ba-N-Ta,2,1.27,0.9475230867899735,0.6,1.94,3.0
Ba-N-Te,2,2.2800000000000002,1.2727922061357855,1.38,3.18,3.0
Ba-N-Ti,2,2.27,1.7394826817189069,1.04,3.5,3.0
Ba-N-Tl,2,2.51,0.6081118318204309,2.08,2.94,3.0
Ba-N-V,2,2.06,1.7253405460951758,0.84,3.28,3.0
Ba-N-W,2,2.08,2.3475945135393377,0.42,3.74,3.0
Ba-N-Y,2,2.04,0.8202438661763952,1.46,2.62,3.0
Ba-N-Zn,2,2.55,0.9192388155425121,1.9,3.2,3.0
Ba-N-Zr,2,2.09,1.5414927829866736,1.0,3.18,3.0
Ba-Na-O,2,1.29,0.268700576850888,1.1,1.48,3.0
Ba-Na-O-S,2,1.9,0.25455844122715726,1.72,2.08,4.0
Ba-Nb-O,2,1.06,1.9798989873223332,-0.34,2.46,3.0
Ba-Nb-O-S,2,1.4500000000000002,1.711198410471445,0.24,2.66,4.0
Ba-Ni-O,2,1.51,1.2020815280171306,0.66,2.36,3.0
Ba-Ni-O-S,2,1.77,1.2586500705120547,0.88,2.66,4.0
Ba-O-Os,2,1.23,1.0889444430272832,0.46,2.0,3.0
Ba-O-Os-S,2,2.2,1.8950461735799475,0.86,3.54,4.0
Ba-O-Pb,2,0.73,0.46669047558312143,0.4,1.06,3.0
Ba-O-Pb-S,2,1.2000000000000002,0.5656854249492381,0.8,1.6,4.0
Ba-O-Pd,2,1.5299999999999998,1.0323759005323594,0.8,2.26,3.0
Ba-O-Pd-S,2,1.7,1.0465180361560904,0.96,2.44,4.0
Ba-O-Pt,2,1.6800000000000002,1.2727922061357855,0.78,2.58,3.0
Ba-O-Pt-S,2,1.8699999999999999,1.3152186130069783,0.94,2.8,4.0
Ba-O-Rb,2,1.4100000000000001,0.2404163056034263,1.24,1.58,3.0
Ba-O-Rb-S,2,2.0999999999999996,0.2545584412271572,1.92,2.28,4.0
Ba-O-Re,2,1.44,1.895046173579947,0.1,2.78,3.0
Ba-O-Re-S,2,1.82,1.725340546095176,0.6,3.04,4.0
Ba-O-Rh,2,1.51,1.2869343417595165,0.6,2.42,3.0
Ba-O-Rh-S,2,1.79,1.3435028842544405,0.84,2.74,4.0
Ba-O-Ru,2,1.45,1.456639969244288,0.42,2.48,3.0
Ba-O-Ru-S,2,1.88,1.6122034611053284,0.74,3.02,4.0
Ba-O-S-Sb,2,1.25,1.145512985522207,0.44,2.06,4.0
Ba-O-S-Sc,2,1.62,1.3010764773832475,0.7,2.54,4.0
Ba-O-S-Si,2,1.8599999999999999,1.4990663761154808,0.8,2.92,4.0
Ba-O-S-Sn,2,1.09,0.9475230867899737,0.42,1.76,4.0
Ba-O-S-Sr,2,1.6099999999999999,0.1838477631085023,1.48,1.74,4.0
Ba-O-S-Ta,2,1.73,1.9657568516986021,0.34,3.12,4.0
Ba-O-S-Te,2,1.42,1.1879393923933996,0.58,2.26,4.0
Ba-O-S-Ti,2,1.5299999999999998,1.7677669529663687,0.28,2.78,4.0
Ba-O-S-Tl,2,1.32,0.33941125496954283,1.08,1.56,4.0
Ba-O-S-V,2,0.77,0.7495331880577404,0.24,1.3,4.0
Ba-O-S-W,2,1.69,1.8243354954612927,0.4,2.98,4.0
Ba-O-S-Y,2,1.5299999999999998,1.0323759005323594,0.8,2.26,4.0
Ba-O-S-Zn,2,1.6099999999999999,0.9192388155425116,0.96,2.26,4.0
Ba-O-S-Zr,2,1.5999999999999999,1.8101933598375617,0.32,2.88,4.0
Ba-O-Sb,2,0.96,1.3010764773832473,0.04,1.88,3.0
Ba-O-Sc,2,1.27,1.4849242404917498,0.22,2.32,3.0
Ba-O-Si,2,1.48,1.725340546095176,0.26,2.7,3.0
Ba-O-Sn,2,0.52,0.8485281374238571,-0.08,1.12,3.0
Ba-O-Sr,2,1.01,0.15556349186104054,0.9,1.12,3.0
Ba-O-Ta,2,0.9500000000000001,1.2869343417595165,0.04,1.86,3.0
Ba-O-Te,2,1.1500000000000001,1.3152186130069783,0.22,2.08,3.0
Ba-O-Ti,2,1.13,1.9657568516986021,-0.26,2.52,3.0
Ba-O-Tl,2,1.13,0.551543289325507,0.74,1.52,3.0
Ba-O-V,2,0.5,1.1313708498984762,-0.3,1.3,3.0
Ba-O-W,2,1.3099999999999998,2.0788939366884494,-0.16,2.78,3.0
Ba-O-Y,2,0.76,0.6222539674441617,0.32,1.2,3.0
Ba-O-Zn,2,1.32,0.9333809511662428,0.66,1.98,3.0
Ba-O-Zr,2,0.59,1.2303657992645927,-0.28,1.46,3.0
Be-Bi-F-N-O,2,1.4500000000000002,0.5232590180780451,1.08,1.82,5.0
Be-Bi-F-O,2,1.26,0.9333809511662428,0.6,1.92,4.0
Be-Bi-N,2,2.43,0.834386001800126,1.84,3.02,3.0
Be-Bi-O,2,1.52,0.8485281374238571,0.92,2.12,3.0
Be-Bi-O-S,2,1.33,0.3252691193458118,1.1,1.56,4.0
Be-Ca-F-N-O,2,2.06,1.1596551211459378,1.24,2.88,5.0
Be-Ca-F-O,2,1.2,0.7353910524340093,0.68,1.72,4.0
Be-Ca-N,2,2.09,0.2121320343559646,1.94,2.24,3.0
Be-Ca-O,2,1.86,1.244507934888324,0.98,2.74,3.0
Be-Ca-O-S,2,1.38,0.1979898987322334,1.24,1.52,4.0
Be-Cd-F-N-O,2,1.9500000000000002,0.9192388155425119,1.3,2.6,5.0
Be-Cd-F-O,2,1.54,0.9899494936611667,0.84,2.24,4.0
Be-Cd-N,2,2.63,0.8626702730475879,2.02,3.24,3.0
Be-Cd-O,2,1.9500000000000002,0.9758073580374357,1.26,2.64,3.0
Be-Cd-O-S,2,2.04,1.0182337649086284,1.32,2.76,4.0
Be-Co-F-N-O,2,1.8199999999999998,0.2545584412271571,1.64,2.0,5.0
Be-Co-F-O,2,1.25,0.04242640687119289,1.22,1.28,4.0
Be-Co-N,2,1.77,0.4949747468305834,1.42,2.12,3.0
Be-Co-O,2,1.24,0.1131370849898477,1.16,1.32,3.0
Be-Co-O-S,2,1.42,0.16970562748477147,1.3,1.54,4.0
Be-Cr-F-N-O,2,1.4500000000000002,0.2121320343559642,1.3,1.6,5.0
Be-Cr-F-O,2,0.8500000000000001,0.09899494936611662,0.78,0.92,4.0
Be-Cr-N,2,1.3900000000000001,0.29698484809835013,1.18,1.6,3.0
Be-Cr-O,2,1.1600000000000001,0.16970562748477147,1.04,1.28,3.0
Be-Cr-O-S,2,0.95,0.09899494936611662,0.88,1.02,4.0
Be-Cs-F-N-O,2,2.96,1.3576450198781713,2.0,3.92,5.0
Be-Cs-F-O,2,2.4699999999999998,1.2303657992645924,1.6,3.34,4.0
Be-Cs-N,2,3.05,0.18384776310850268,2.92,3.18,3.0
Be-Cs-O,2,2.52,1.1596551211459378,1.7,3.34,3.0
Be-Cs-O-S,2,2.91,1.2586500705120547,2.02,3.8,4.0
Be-Cu-F-N-O,2,1.9899999999999998,0.49497474683058335,1.64,2.34,5.0
Be-Cu-F-O,2,1.6600000000000001,0.5091168824543141,1.3,2.02,4.0
Be-Cu-N,2,2.0,0.2545584412271571,1.82,2.18,3.0
Be-Cu-O,2,1.62,0.02828427124746185,1.6,1.64,3.0
Be-Cu-O-S,2,1.23,0.1272792206135787,1.14,1.32,4.0
Be-F-Fe-N-O,2,1.65,0.29698484809835013,1.44,1.86,5.0
Be-F-Fe-O,2,1.06,0.11313708498984747,0.98,1.14,4.0
Be-F-Ga-N-O,2,1.6099999999999999,0.32526911934581193,1.38,1.84,5.0
Be-F-Ga-O,2,1.0,0.05656854249492385,0.96,1.04,4.0
Be-F-Ge-N-O,2,1.5299999999999998,0.21213203435596437,1.38,1.68,5.0
Be-F-Ge-O,2,1.26,0.39597979746446665,0.98,1.54,4.0
Be-F-Hf-N-O,2,1.24,0.39597979746446665,0.96,1.52,5.0
Be-F-Hf-O,2,1.01,0.18384776310850232,0.88,1.14,4.0
Be-F-Hg-N-O,2,2.2,0.9050966799187808,1.56,2.84,5.0
Be-F-Hg-O,2,1.88,0.9616652224137046,1.2,2.56,4.0
Be-F-In-N-O,2,1.65,0.6929646455628167,1.16,2.14,5.0
Be-F-In-O,2,1.18,0.7353910524340094,0.66,1.7,4.0
Be-F-Ir-N-O,2,2.16,0.22627416997969493,2.0,2.32,5.0
Be-F-Ir-O,2,2.03,0.41012193308819755,1.74,2.32,4.0
Be-F-K-N-O,2,2.98,1.4142135623730951,1.98,3.98,5.0
Be-F-K-O,2,2.39,1.4566399692442877,1.36,3.42,4.0
Be-F-La-N-O,2,1.4400000000000002,1.1030865786510142,0.66,2.22,5.0
Be-F-La-O,2,1.14,1.1596551211459378,0.32,1.96,4.0
Be-F-Li-N-O,2,2.28,0.7353910524340093,1.76,2.8,5.0
Be-F-Li-O,2,1.85,0.7212489168102784,1.34,2.36,4.0
Be-F-Mg-N-O,2,1.9,0.6505382386916236,1.44,2.36,5.0
Be-F-Mg-O,2,1.34,0.6505382386916237,0.88,1.8,4.0
Be-F-Mn-N-O,2,1.51,0.3252691193458118,1.28,1.74,5.0
Be-F-Mn-O,2,0.86,0.16970562748477142,0.74,0.98,4.0
Be-F-Mo-N-O,2,1.5,0.19798989873223316,1.36,1.64,5.0
Be-F-Mo-O,2,1.28,0.33941125496954283,1.04,1.52,4.0
Be-F-N-Na-O,2,2.4699999999999998,1.117228714274745,1.68,3.26,5.0
Be-F-N-Nb-O,2,1.15,0.014142135623730963,1.14,1.16,5.0
Be-F-N-Ni-O,2,1.9,0.28284271247461906,1.7,2.1,5.0
Be-F-N-O-Os,2,1.9,0.16970562748477147,1.78,2.02,5.0
Be-F-N-O-Pb,2,1.7999999999999998,0.8485281374238569,1.2,2.4,5.0
Be-F-N-O-Pd,2,2.1,0.5939696961967,1.68,2.52,5.0
Be-F-N-O-Pt,2,1.96,0.1131370849898477,1.88,2.04,5.0
Be-F-N-O-Rb,2,3.0700000000000003,1.3717871555019023,2.1,4.04,5.0
Be-F-N-O-Re,2,1.79,0.04242640687119289,1.76,1.82,5.0
Be-F-N-O-Rh,2,2.01,0.4101219330881974,1.72,2.3,5.0
Be-F-N-O-Ru,2,1.9300000000000002,0.32526911934581193,1.7,2.16,5.0
Be-F-N-O-Sb,2,1.56,0.5374011537017761,1.18,1.94,5.0
Be-F-N-O-Sc,2,1.42,0.6222539674441618,0.98,1.86,5.0
Be-F-N-O-Si,2,1.75,0.2969848480983499,1.54,1.96,5.0
Be-F-N-O-Sn,2,1.4900000000000002,0.5232590180780451,1.12,1.86,5.0
Be-F-N-O-Sr,2,2.21,1.3152186130069783,1.28,3.14,5.0
Be-F-N-O-Ta,2,1.38,0.11313708498984747,1.3,1.46,5.0
Be-F-N-O-Te,2,1.63,0.29698484809835013,1.42,1.84,5.0
Be-F-N-O-Ti,2,1.1099999999999999,0.18384776310850245,0.98,1.24,5.0
Be-F-N-O-Tl,2,2.0700000000000003,0.8626702730475879,1.46,2.68,5.0
Be-F-N-O-V,2,1.3599999999999999,0.22627416997969516,1.2,1.52,5.0
Be-F-N-O-W,2,1.57,0.04242640687119289,1.54,1.6,5.0
Be-F-N-O-Y,2,1.4100000000000001,0.8909545442950498,0.78,2.04,5.0
Be-F-N-O-Zn,2,1.91,0.5798275605729689,1.5,2.32,5.0
Be-F-N-O-Zr,2,1.17,0.5232590180780451,0.8,1.54,5.0
Be-F-Na-O,2,2.12,1.2162236636408617,1.26,2.98,4.0
Be-F-Nb-O,2,1.06,0.3111269837220809,0.84,1.28,4.0
Be-F-Ni-O,2,1.58,0.36769552621700474,1.32,1.84,4.0
Be-F-O-Os,2,1.9900000000000002,0.29698484809835013,1.78,2.2,4.0
Be-F-O-Pb,2,1.42,0.9333809511662429,0.76,2.08,4.0
Be-F-O-Pd,2,1.8599999999999999,0.6505382386916236,1.4,2.32,4.0
Be-F-O-Pt,2,2.03,0.5515432893255071,1.64,2.42,4.0
Be-F-O-Rb,2,2.46,1.4142135623730951,1.46,3.46,4.0
Be-F-O-Re,2,1.6600000000000001,0.1414213562373094,1.56,1.76,4.0
Be-F-O-Rh,2,1.82,0.5374011537017763,1.44,2.2,4.0
Be-F-O-Ru,2,1.75,0.4949747468305834,1.4,2.1,4.0
Be-F-O-Sb,2,1.25,0.7212489168102785,0.74,1.76,4.0
Be-F-O-Sc,2,0.9199999999999999,0.39597979746446654,0.64,1.2,4.0
Be-F-O-Si,2,1.51,0.09899494936611673,1.44,1.58,4.0
Be-F-O-Sn,2,1.15,0.608111831820431,0.72,1.58,4.0
Be-F-O-Sr,2,1.58,1.3010764773832475,0.66,2.5,4.0
Be-F-O-Ta,2,1.05,0.09899494936611673,0.98,1.12,4.0
Be-F-O-Te,2,1.54,0.565685424949238,1.14,1.94,4.0
Be-F-O-Ti,2,0.84,0.028284271247461926,0.82,0.86,4.0
Be-F-O-Tl,2,1.6199999999999999,0.9050966799187806,0.98,2.26,4.0
Be-F-O-V,2,0.99,0.3535533905932738,0.74,1.24,4.0
Be-F-O-W,2,1.46,0.1414213562373094,1.36,1.56,4.0
Be-F-O-Y,2,1.11,0.9475230867899737,0.44,1.78,4.0
Be-F-O-Zn,2,1.17,0.24041630560342614,1.0,1.34,4.0
Be-F-O-Zr,2,0.91,0.2969848480983501,0.7,1.12,4.0
Be-Fe-N,2,1.52,0.28284271247461895,1.32,1.72,3.0
Be-Fe-O,2,1.1800000000000002,0.25455844122715726,1.0,1.36,3.0
Be-Fe-O-S,2,1.07,0.014142135623730963,1.06,1.08,4.0
Be-Ga-N,2,2.31,0.4101219330881976,2.02,2.6,3.0
Be-Ga-O,2,1.19,0.21213203435596437,1.04,1.34,3.0
Be-Ga-O-S,2,1.3399999999999999,0.19798989873223324,1.2,1.48,4.0
Be-Ge-N,2,1.83,0.3252691193458118,1.6,2.06,3.0
Be-Ge-O,2,1.23,0.21213203435596414,1.08,1.38,3.0
Be-Ge-O-S,2,1.21,0.1838477631085023,1.08,1.34,4.0
Be-Hf-N,2,1.7200000000000002,0.6505382386916237,1.26,2.18,3.0
Be-Hf-O,2,1.13,0.5232590180780453,0.76,1.5,3.0
Be-Hf-O-S,2,1.12,0.22627416997969516,0.96,1.28,4.0
Be-Hg-N,2,2.81,0.8061017305526639,2.24,3.38,3.0
Be-Hg-O,2,2.21,0.8626702730475878,1.6,2.82,3.0
Be-Hg-O-S,2,1.5899999999999999,0.15556349186104035,1.48,1.7,4.0
Be-In-N,2,1.93,0.07071067811865482,1.88,1.98,3.0
Be-In-O,2,1.58,0.7636753236814714,1.04,2.12,3.0
Be-In-O-S,2,1.29,0.15556349186104051,1.18,1.4,4.0
Be-Ir-N,2,1.65,0.2687005768508882,1.46,1.84,3.0
Be-Ir-O,2,1.56,0.0,1.56,1.56,3.0
Be-Ir-O-S,2,1.54,0.08485281374238578,1.48,1.6,4.0
Be-K-N,2,2.83,0.15556349186104027,2.72,2.94,3.0
Be-K-O,2,2.55,1.5414927829866736,1.46,3.64,3.0
Be-K-O-S,2,2.83,1.428355697996826,1.82,3.84,4.0
Be-La-N,2,2.1,1.3576450198781713,1.14,3.06,3.0
Be-La-O,2,1.47,1.2869343417595163,0.56,2.38,3.0
Be-La-O-S,2,1.18,0.4525483399593904,0.86,1.5,4.0
Be-Li-N,2,2.26,0.19798989873223333,2.12,2.4,3.0
Be-Li-O,2,2.0,0.7636753236814714,1.46,2.54,3.0
Be-Li-O-S,2,1.48,0.08485281374238578,1.42,1.54,4.0
Be-Mg-N,2,2.6100000000000003,0.8061017305526644,2.04,3.18,3.0
Be-Mg-O,2,1.65,0.7212489168102786,1.14,2.16,3.0
Be-Mg-O-S,2,1.08,0.028284271247461926,1.06,1.1,4.0
Be-Mn-N,2,1.58,0.39597979746446665,1.3,1.86,3.0
Be-Mn-O,2,1.11,0.3252691193458119,0.88,1.34,3.0
Be-Mn-O-S,2,1.09,0.014142135623730963,1.08,1.1,4.0
Be-Mo-N,2,1.25,0.2969848480983499,1.04,1.46,3.0
Be-Mo-O,2,1.11,0.3535533905932738,0.86,1.36,3.0
Be-Mo-O-S,2,1.24,0.19798989873223316,1.1,1.38,4.0
Be-N-Na,2,2.46,0.05656854249492385,2.42,2.5,3.0
Be-N-Nb,2,1.27,0.07071067811865482,1.22,1.32,3.0
Be-N-Ni,2,1.7200000000000002,0.1414213562373094,1.62,1.82,3.0
Be-N-O,2,2.4299999999999997,0.04242640687119305,2.4,2.46,3.0
Be-N-Os,2,1.9100000000000001,0.1272792206135786,1.82,2.0,3.0
Be-N-Pb,2,2.1,0.19798989873223347,1.96,2.24,3.0
Be-N-Pd,2,1.99,0.09899494936611673,1.92,2.06,3.0
Be-N-Pt,2,1.85,0.1272792206135786,1.76,1.94,3.0
Be-N-Rb,2,3.78,1.3859292911256331,2.8,4.76,3.0
Be-N-Re,2,1.76,0.31112698372208086,1.54,1.98,3.0
Be-N-Rh,2,1.7000000000000002,0.11313708498984763,1.62,1.78,3.0
Be-N-Ru,2,1.6099999999999999,0.18384776310850245,1.48,1.74,3.0
Be-N-Sb,2,2.1399999999999997,0.33941125496954294,1.9,2.38,3.0
Be-N-Sc,2,1.6,0.16970562748477133,1.48,1.72,3.0
Be-N-Si,2,1.81,0.07071067811865482,1.76,1.86,3.0
Be-N-Sn,2,2.22,0.5374011537017761,1.84,2.6,3.0
Be-N-Sr,2,2.33,0.3252691193458118,2.1,2.56,3.0
Be-N-Ta,2,1.1800000000000002,0.16970562748477147,1.06,1.3,3.0
Be-N-Te,2,2.24,0.3111269837220807,2.02,2.46,3.0
Be-N-Ti,2,1.8900000000000001,0.29698484809834996,1.68,2.1,3.0
Be-N-Tl,2,2.8,0.8485281374238567,2.2,3.4,3.0
Be-N-V,2,1.77,0.09899494936611673,1.7,1.84,3.0
Be-N-W,2,1.16,0.3959797974644666,0.88,1.44,3.0
Be-N-Y,2,2.04,1.131370849898476,1.24,2.84,3.0
Be-N-Zn,2,1.96,0.16970562748477133,1.84,2.08,3.0
Be-N-Zr,2,1.4,0.22627416997969532,1.24,1.56,3.0
Be-Na-O,2,2.16,1.2162236636408617,1.3,3.02,3.0
Be-Na-O-S,2,1.73,0.07071067811865482,1.68,1.78,4.0
Be-Nb-O,2,0.99,0.2969848480983499,0.78,1.2,3.0
Be-Nb-O-S,2,1.06,0.16970562748477147,0.94,1.18,4.0
Be-Ni-O,2,1.33,0.014142135623730963,1.32,1.34,3.0
Be-Ni-O-S,2,1.4,0.14142135623730956,1.3,1.5,4.0
Be-O-Os,2,1.74,0.33941125496954283,1.5,1.98,3.0
Be-O-Os-S,2,1.5,0.16970562748477155,1.38,1.62,4.0
Be-O-Pb,2,1.75,0.806101730552664,1.18,2.32,3.0
Be-O-Pb-S,2,1.49,0.268700576850888,1.3,1.68,4.0
Be-O-Pd,2,1.74,0.028284271247461926,1.72,1.76,3.0
Be-O-Pd-S,2,1.54,0.0,1.54,1.54,4.0
Be-O-Pt,2,1.81,0.04242640687119289,1.78,1.84,3.0
Be-O-Pt-S,2,1.6400000000000001,0.056568542494923615,1.6,1.68,4.0
Be-O-Rb,2,1.88,0.537401153701776,1.5,2.26,3.0
Be-O-Rb-S,2,2.9299999999999997,1.428355697996826,1.92,3.94,4.0
Be-O-Re,2,1.35,0.15556349186104051,1.24,1.46,3.0
Be-O-Re-S,2,1.4300000000000002,0.26870057685088805,1.24,1.62,4.0
Be-O-Rh,2,1.56,0.08485281374238578,1.5,1.62,3.0
Be-O-Rh-S,2,1.48,0.028284271247461926,1.46,1.5,4.0
Be-O-Ru,2,1.5,0.14142135623730964,1.4,1.6,3.0
Be-O-Ru-S,2,1.45,0.09899494936611673,1.38,1.52,4.0
Be-O-S-Sb,2,1.19,0.1272792206135786,1.1,1.28,4.0
Be-O-S-Sc,2,1.1099999999999999,0.07071067811865459,1.06,1.16,4.0
Be-O-S-Si,2,1.3599999999999999,0.3111269837220811,1.14,1.58,4.0
Be-O-S-Sn,2,1.23,0.014142135623730963,1.22,1.24,4.0
Be-O-S-Sr,2,1.49,0.3818376618407357,1.22,1.76,4.0
Be-O-S-Ta,2,1.07,0.3252691193458119,0.84,1.3,4.0
Be-O-S-Te,2,1.31,0.24041630560342614,1.14,1.48,4.0
Be-O-S-Ti,2,1.12,0.02828427124746169,1.1,1.14,4.0
Be-O-S-Tl,2,1.6,0.056568542494923615,1.56,1.64,4.0
Be-O-S-V,2,1.02,0.25455844122715704,0.84,1.2,4.0
Be-O-S-W,2,1.3199999999999998,0.22627416997969532,1.16,1.48,4.0
Be-O-S-Y,2,1.15,0.2687005768508882,0.96,1.34,4.0
Be-O-S-Zn,2,1.83,0.9192388155425119,1.18,2.48,4.0
Be-O-S-Zr,2,0.99,0.014142135623730963,0.98,1.0,4.0
Be-O-Sb,2,1.26,0.5656854249492379,0.86,1.66,3.0
Be-O-Sc,2,1.47,0.7212489168102785,0.96,1.98,3.0
Be-O-Si,2,1.65,0.5798275605729689,1.24,2.06,3.0
Be-O-Sn,2,1.3399999999999999,0.4242640687119285,1.04,1.64,3.0
Be-O-Sr,2,1.91,1.400071426749364,0.92,2.9,3.0
Be-O-Ta,2,0.81,0.12727922061357855,0.72,0.9,3.0
Be-O-Te,2,1.45,0.7212489168102785,0.94,1.96,3.0
Be-O-Ti,2,0.71,0.15556349186104043,0.6,0.82,3.0
Be-O-Tl,2,2.01,0.8626702730475879,1.4,2.62,3.0
Be-O-V,2,0.73,0.2687005768508881,0.54,0.92,3.0
Be-O-W,2,1.23,0.04242640687119289,1.2,1.26,3.0
Be-O-Y,2,1.4899999999999998,1.0889444430272832,0.72,2.26,3.0
Be-O-Zn,2,1.47,0.09899494936611673,1.4,1.54,3.0
Be-O-Zr,2,1.04,0.6505382386916237,0.58,1.5,3.0
Bi-Ca-F-N-O,2,1.3199999999999998,0.22627416997969516,1.16,1.48,5.0
Bi-Ca-F-O,2,0.86,0.14142135623730948,0.76,0.96,4.0
Bi-Ca-N,2,1.97,0.04242640687119289,1.94,2.0,3.0
Bi-Ca-O,2,0.79,0.15556349186104043,0.68,0.9,3.0
Bi-Ca-O-S,2,0.99,0.21213203435596426,0.84,1.14,4.0
Bi-Cd-F-N-O,2,1.06,0.028284271247461926,1.04,1.08,5.0
Bi-Cd-F-O,2,0.81,0.12727922061357855,0.72,0.9,4.0
Bi-Cd-N,2,1.96,0.22627416997969532,1.8,2.12,3.0
Bi-Cd-O,2,1.0899999999999999,0.1838477631085023,0.96,1.22,3.0
Bi-Cd-O-S,2,1.08,0.05656854249492385,1.04,1.12,4.0
Bi-Co-F-N-O,2,1.25,0.5232590180780453,0.88,1.62,5.0
Bi-Co-F-O,2,0.98,0.42426406871192857,0.68,1.28,4.0
Bi-Co-N,2,1.6600000000000001,0.4808326112068524,1.32,2.0,3.0
Bi-Co-O,2,0.9299999999999999,0.2969848480983499,0.72,1.14,3.0
Bi-Co-O-S,2,0.97,0.2121320343559644,0.82,1.12,4.0
Bi-Cr-F-N-O,2,1.03,0.5798275605729689,0.62,1.44,5.0
Bi-Cr-F-O,2,0.69,0.4384062043356595,0.38,1.0,4.0
Bi-Cr-N,2,1.31,0.6081118318204309,0.88,1.74,3.0
Bi-Cr-O,2,0.6599999999999999,0.7353910524340094,0.14,1.18,3.0
Bi-Cr-O-S,2,0.74,0.28284271247461895,0.54,0.94,4.0
Bi-Cs-F-N-O,2,1.9300000000000002,1.0323759005323596,1.2,2.66,5.0
Bi-Cs-F-O,2,1.3900000000000001,1.145512985522207,0.58,2.2,4.0
Bi-Cs-N,2,2.64,0.1131370849898477,2.56,2.72,3.0
Bi-Cs-O,2,1.08,0.5656854249492379,0.68,1.48,3.0
Bi-Cs-O-S,2,1.96,1.0182337649086286,1.24,2.68,4.0
Bi-Cu-F-N-O,2,1.13,0.07071067811865459,1.08,1.18,5.0
Bi-Cu-F-O,2,0.92,0.16970562748477142,0.8,1.04,4.0
Bi-Cu-N,2,1.8399999999999999,0.1414213562373094,1.74,1.94,3.0
Bi-Cu-O,2,1.15,0.3535533905932736,0.9,1.4,3.0
Bi-Cu-O-S,2,1.01,0.04242640687119289,0.98,1.04,4.0
Bi-F-Fe-N-O,2,1.17,0.551543289325507,0.78,1.56,5.0
Bi-F-Fe-O,2,0.8799999999999999,0.42426406871192845,0.58,1.18,4.0
Bi-F-Ga-N-O,2,0.8999999999999999,0.3676955262170047,0.64,1.16,5.0
Bi-F-Ga-O,2,0.6,0.16970562748477142,0.48,0.72,4.0
Bi-F-Ge-N-O,2,1.0,0.31112698372208086,0.78,1.22,5.0
Bi-F-Ge-O,2,0.82,0.16970562748477142,0.7,0.94,4.0
Bi-F-Hf-N-O,2,1.46,1.1596551211459378,0.64,2.28,5.0
Bi-F-Hf-O,2,1.4100000000000001,1.1172287142747452,0.62,2.2,4.0
Bi-F-Hg-N-O,2,1.21,0.04242640687119289,1.18,1.24,5.0
Bi-F-Hg-O,2,0.95,0.12727922061357863,0.86,1.04,4.0
Bi-F-In-N-O,2,0.88,0.19798989873223333,0.74,1.02,5.0
Bi-F-In-O,2,0.56,0.028284271247461888,0.54,0.58,4.0
Bi-F-Ir-N-O,2,1.49,0.3535533905932738,1.24,1.74,5.0
Bi-F-Ir-O,2,1.6,0.5091168824543141,1.24,1.96,4.0
Bi-F-K-N-O,2,1.7399999999999998,0.8485281374238569,1.14,2.34,5.0
Bi-F-K-O,2,0.9400000000000001,0.5656854249492381,0.54,1.34,4.0
Bi-F-La-N-O,2,1.1600000000000001,0.14142135623730956,1.06,1.26,5.0
Bi-F-La-O,2,0.97,0.12727922061357863,0.88,1.06,4.0
Bi-F-Li-N-O,2,1.42,0.028284271247461926,1.4,1.44,5.0
Bi-F-Li-O,2,0.8999999999999999,0.05656854249492382,0.86,0.94,4.0
Bi-F-Mg-N-O,2,1.31,0.3252691193458118,1.08,1.54,5.0
Bi-F-Mg-O,2,0.8099999999999999,0.4949747468305832,0.46,1.16,4.0
Bi-F-Mn-N-O,2,1.4500000000000002,1.0889444430272832,0.68,2.22,5.0
Bi-F-Mn-O,2,0.87,0.15556349186104043,0.76,0.98,4.0
Bi-F-Mo-N-O,2,1.2,0.6788225099390857,0.72,1.68,5.0
Bi-F-Mo-O,2,1.02,0.4808326112068524,0.68,1.36,4.0
Bi-F-N-Na-O,2,1.51,0.4101219330881976,1.22,1.8,5.0
Bi-F-N-Nb-O,2,1.0,0.5374011537017761,0.62,1.38,5.0
Bi-F-N-Ni-O,2,1.08,0.25455844122715715,0.9,1.26,5.0
Bi-F-N-O-Os,2,1.7599999999999998,0.7353910524340093,1.24,2.28,5.0
Bi-F-N-O-Pb,2,1.05,0.29698484809834996,0.84,1.26,5.0
Bi-F-N-O-Pd,2,1.37,0.15556349186104051,1.26,1.48,5.0
Bi-F-N-O-Pt,2,1.4,0.056568542494923775,1.36,1.44,5.0
Bi-F-N-O-Rb,2,1.88,1.0182337649086286,1.16,2.6,5.0
Bi-F-N-O-Re,2,1.52,0.8202438661763952,0.94,2.1,5.0
Bi-F-N-O-Rh,2,1.41,0.3818376618407357,1.14,1.68,5.0
Bi-F-N-O-Ru,2,1.46,0.4808326112068524,1.12,1.8,5.0
Bi-F-N-O-Sb,2,1.07,0.26870057685088805,0.88,1.26,5.0
Bi-F-N-O-Sc,2,1.34,0.6505382386916237,0.88,1.8,5.0
Bi-F-N-O-Si,2,1.52,0.6788225099390857,1.04,2.0,5.0
Bi-F-N-O-Sn,2,0.87,0.09899494936611658,0.8,0.94,5.0
Bi-F-N-O-Sr,2,1.42,0.5091168824543143,1.06,1.78,5.0
Bi-F-N-O-Ta,2,1.15,0.6929646455628165,0.66,1.64,5.0
Bi-F-N-O-Te,2,1.24,0.2262741699796951,1.08,1.4,5.0
Bi-F-N-O-Ti,2,1.2,0.8768124086713189,0.58,1.82,5.0
Bi-F-N-O-Tl,2,1.17,0.2969848480983499,0.96,1.38,5.0
Bi-F-N-O-V,2,1.26,0.9616652224137048,0.58,1.94,5.0
Bi-F-N-O-W,2,1.4100000000000001,0.9475230867899738,0.74,2.08,5.0
Bi-F-N-O-Y,2,1.34,0.39597979746446665,1.06,1.62,5.0
Bi-F-N-O-Zn,2,1.1600000000000001,0.25455844122715726,0.98,1.34,5.0
Bi-F-N-O-Zr,2,1.31,0.9758073580374355,0.62,2.0,5.0
Bi-F-Na-O,2,1.02,0.4808326112068524,0.68,1.36,4.0
Bi-F-Nb-O,2,1.04,0.7071067811865476,0.54,1.54,4.0
Bi-F-Ni-O,2,0.99,0.4384062043356594,0.68,1.3,4.0
Bi-F-O-Os,2,1.65,0.4949747468305831,1.3,2.0,4.0
Bi-F-O-Pb,2,0.8,0.3111269837220809,0.58,1.02,4.0
Bi-F-O-Pd,2,1.1,0.028284271247461926,1.08,1.12,4.0
Bi-F-O-Pt,2,1.3900000000000001,0.15556349186104035,1.28,1.5,4.0
Bi-F-O-Rb,2,1.31,1.0889444430272832,0.54,2.08,4.0
Bi-F-O-Re,2,1.44,0.5939696961966999,1.02,1.86,4.0
Bi-F-O-Rh,2,1.2000000000000002,0.1979898987322334,1.06,1.34,4.0
Bi-F-O-Ru,2,1.27,0.268700576850888,1.08,1.46,4.0
Bi-F-O-Sb,2,0.9299999999999999,0.15556349186104054,0.82,1.04,4.0
Bi-F-O-Sc,2,0.88,0.4808326112068523,0.54,1.22,4.0
Bi-F-O-Si,2,1.47,0.4384062043356595,1.16,1.78,4.0
Bi-F-O-Sn,2,0.65,0.014142135623730963,0.64,0.66,4.0
Bi-F-O-Sr,2,0.9,0.4808326112068523,0.56,1.24,4.0
Bi-F-O-Ta,2,1.1300000000000001,0.9758073580374356,0.44,1.82,4.0
Bi-F-O-Te,2,1.0699999999999998,0.12727922061357844,0.98,1.16,4.0
Bi-F-O-Ti,2,1.09,0.7495331880577404,0.56,1.62,4.0
Bi-F-O-Tl,2,0.79,0.3818376618407357,0.52,1.06,4.0
Bi-F-O-V,2,1.04,0.9050966799187806,0.4,1.68,4.0
Bi-F-O-W,2,1.31,0.7495331880577404,0.78,1.84,4.0
Bi-F-O-Y,2,1.05,0.6081118318204309,0.62,1.48,4.0
Bi-F-O-Zn,2,0.76,0.25455844122715715,0.58,0.94,4.0
Bi-F-O-Zr,2,1.23,0.89095454429505,0.6,1.86,4.0
Bi-Fe-N,2,1.56,0.5374011537017762,1.18,1.94,3.0
Bi-Fe-O,2,0.97,0.6363961030678927,0.52,1.42,3.0
Bi-Fe-O-S,2,0.91,0.21213203435596428,0.76,1.06,4.0
Bi-Ga-N,2,1.67,0.09899494936611666,1.6,1.74,3.0
Bi-Ga-O,2,0.74,0.4808326112068524,0.4,1.08,3.0
Bi-Ga-O-S,2,0.8600000000000001,0.33941125496954283,0.62,1.1,4.0
Bi-Ge-N,2,1.52,0.39597979746446665,1.24,1.8,3.0
Bi-Ge-O,2,0.73,0.21213203435596428,0.58,0.88,3.0
Bi-Ge-O-S,2,0.82,0.16970562748477142,0.7,0.94,4.0
Bi-Hf-N,2,1.6600000000000001,0.7353910524340097,1.14,2.18,3.0
Bi-Hf-O,2,0.91,0.6363961030678927,0.46,1.36,3.0
Bi-Hf-O-S,2,1.13,0.608111831820431,0.7,1.56,4.0
Bi-Hg-N,2,2.2800000000000002,0.0848528137423853,2.22,2.34,3.0
Bi-Hg-O,2,1.21,0.07071067811865482,1.16,1.26,3.0
Bi-Hg-O-S,2,1.21,0.2969848480983499,1.0,1.42,4.0
Bi-In-N,2,2.0,0.1131370849898477,1.92,2.08,3.0
Bi-In-O,2,0.8,0.14142135623730953,0.7,0.9,3.0
Bi-In-O-S,2,0.85,0.18384776310850237,0.72,0.98,4.0
Bi-Ir-N,2,1.67,0.5798275605729691,1.26,2.08,3.0
Bi-Ir-O,2,1.3,0.36769552621700474,1.04,1.56,3.0
Bi-Ir-O-S,2,1.08,0.16970562748477133,0.96,1.2,4.0
Bi-K-N,2,2.4699999999999998,0.07071067811865497,2.42,2.52,3.0
Bi-K-O,2,0.97,0.5798275605729689,0.56,1.38,3.0
Bi-K-O-S,2,1.8199999999999998,0.9616652224137046,1.14,2.5,4.0
Bi-La-N,2,1.33,0.2404163056034263,1.16,1.5,3.0
Bi-La-O,2,0.74,0.11313708498984755,0.66,0.82,3.0
Bi-La-O-S,2,0.9199999999999999,0.1414213562373096,0.82,1.02,4.0
Bi-Li-N,2,2.45,0.12727922061357883,2.36,2.54,3.0
Bi-Li-O,2,1.12,0.16970562748477133,1.0,1.24,3.0
Bi-Li-O-S,2,1.42,0.2828427124746192,1.22,1.62,4.0
Bi-Mg-N,2,2.05,0.09899494936611658,1.98,2.12,3.0
Bi-Mg-O,2,0.76,0.028284271247461926,0.74,0.78,3.0
Bi-Mg-O-S,2,0.96,0.05656854249492373,0.92,1.0,4.0
Bi-Mn-N,2,1.4100000000000001,0.5232590180780453,1.04,1.78,3.0
Bi-Mn-O,2,0.63,0.6081118318204309,0.2,1.06,3.0
Bi-Mn-O-S,2,0.8,0.1979898987322333,0.66,0.94,4.0
Bi-Mo-N,2,1.25,0.8343860018001261,0.66,1.84,3.0
Bi-Mo-O,2,0.84,0.4242640687119284,0.54,1.14,3.0
Bi-Mo-O-S,2,0.95,0.38183766184073564,0.68,1.22,4.0
Bi-N-Na,2,2.62,0.42426406871192873,2.32,2.92,3.0
Bi-N-Nb,2,1.28,0.6788225099390857,0.8,1.76,3.0
Bi-N-Ni,2,1.73,0.3535533905932738,1.48,1.98,3.0
Bi-N-O,2,1.0699999999999998,0.15556349186104035,0.96,1.18,3.0
Bi-N-Os,2,1.65,0.6363961030678927,1.2,2.1,3.0
Bi-N-Pb,2,1.72,0.028284271247461926,1.7,1.74,3.0
Bi-N-Pd,2,1.74,0.19798989873223316,1.6,1.88,3.0
Bi-N-Pt,2,1.69,0.2969848480983499,1.48,1.9,3.0
Bi-N-Rb,2,3.1100000000000003,0.8909545442950499,2.48,3.74,3.0
Bi-N-Re,2,1.8399999999999999,1.5273506473629426,0.76,2.92,3.0
Bi-N-Rh,2,1.6400000000000001,0.4525483399593904,1.32,1.96,3.0
Bi-N-Ru,2,1.58,0.6222539674441618,1.14,2.02,3.0
Bi-N-Sb,2,1.6800000000000002,0.5091168824543143,1.32,2.04,3.0
Bi-N-Sc,2,1.61,0.014142135623730963,1.6,1.62,3.0
Bi-N-Si,2,1.7000000000000002,0.7353910524340097,1.18,2.22,3.0
Bi-N-Sn,2,1.6,0.056568542494923775,1.56,1.64,3.0
Bi-N-Sr,2,2.5300000000000002,0.8061017305526644,1.96,3.1,3.0
Bi-N-Ta,2,1.28,0.7071067811865476,0.78,1.78,3.0
Bi-N-Te,2,1.88,0.537401153701776,1.5,2.26,3.0
Bi-N-Ti,2,1.4700000000000002,0.5515432893255071,1.08,1.86,3.0
Bi-N-Tl,2,2.21,0.21213203435596414,2.06,2.36,3.0
Bi-N-V,2,1.64,0.9899494936611665,0.94,2.34,3.0
Bi-N-W,2,1.21,0.9758073580374355,0.52,1.9,3.0
Bi-N-Y,2,1.7,0.08485281374238578,1.64,1.76,3.0
Bi-N-Zn,2,1.85,0.04242640687119265,1.82,1.88,3.0
Bi-N-Zr,2,1.32,0.36769552621700474,1.06,1.58,3.0
Bi-Na-O,2,1.15,0.608111831820431,0.72,1.58,3.0
Bi-Na-O-S,2,1.19,0.09899494936611666,1.12,1.26,4.0
Bi-Nb-O,2,0.78,0.565685424949238,0.38,1.18,3.0
Bi-Nb-O-S,2,0.86,0.5091168824543142,0.5,1.22,4.0
Bi-Ni-O,2,1.1400000000000001,0.5939696961966999,0.72,1.56,3.0
Bi-Ni-O-S,2,0.96,0.16970562748477144,0.84,1.08,4.0
Bi-O-Os,2,1.6500000000000001,0.8343860018001261,1.06,2.24,3.0
Bi-O-Os-S,2,1.21,0.2969848480983499,1.0,1.42,4.0
Bi-O-Pb,2,0.73,0.18384776310850237,0.6,0.86,3.0
Bi-O-Pb-S,2,0.9299999999999999,0.12727922061357863,0.84,1.02,4.0
Bi-O-Pd,2,1.26,0.33941125496954283,1.02,1.5,3.0
Bi-O-Pd-S,2,0.98,0.0,0.98,0.98,4.0
Bi-O-Pt,2,1.2400000000000002,0.16970562748477147,1.12,1.36,3.0
Bi-O-Pt-S,2,1.08,0.05656854249492385,1.04,1.12,4.0
Bi-O-Rb,2,1.3900000000000001,1.145512985522207,0.58,2.2,3.0
Bi-O-Rb-S,2,1.9100000000000001,1.0323759005323596,1.18,2.64,4.0
Bi-O-Re,2,1.19,0.5232590180780453,0.82,1.56,3.0
Bi-O-Re-S,2,1.17,0.3818376618407356,0.9,1.44,4.0
Bi-O-Rh,2,1.11,0.2687005768508881,0.92,1.3,3.0
Bi-O-Rh-S,2,0.98,0.14142135623730953,0.88,1.08,4.0
Bi-O-Ru,2,1.37,0.4949747468305831,1.02,1.72,3.0
Bi-O-Ru-S,2,1.05,0.24041630560342608,0.88,1.22,4.0
Bi-O-S-Sb,2,0.92,0.22627416997969527,0.76,1.08,4.0
Bi-O-S-Sc,2,0.99,0.3252691193458118,0.76,1.22,4.0
Bi-O-S-Si,2,1.33,0.5232590180780451,0.96,1.7,4.0
Bi-O-S-Sn,2,0.8,0.05656854249492382,0.76,0.84,4.0
Bi-O-S-Sr,2,0.92,0.16970562748477142,0.8,1.04,4.0
Bi-O-S-Ta,2,0.8300000000000001,0.6081118318204308,0.4,1.26,4.0
Bi-O-S-Te,2,1.0,0.11313708498984766,0.92,1.08,4.0
Bi-O-S-Ti,2,0.9500000000000001,0.5515432893255071,0.56,1.34,4.0
Bi-O-S-Tl,2,1.16,0.3394112549695428,0.92,1.4,4.0
Bi-O-S-V,2,0.89,0.5515432893255071,0.5,1.28,4.0
Bi-O-S-W,2,1.0899999999999999,0.4949747468305831,0.74,1.44,4.0
Bi-O-S-Y,2,0.97,0.21213203435596434,0.82,1.12,4.0
Bi-O-S-Zn,2,1.05,0.07071067811865482,1.0,1.1,4.0
Bi-O-S-Zr,2,0.99,0.5232590180780453,0.62,1.36,4.0
Bi-O-Sb,2,0.85,0.04242640687119289,0.82,0.88,3.0
Bi-O-Sc,2,1.05,0.7212489168102785,0.54,1.56,3.0
Bi-O-Si,2,1.25,0.551543289325507,0.86,1.64,3.0
Bi-O-Sn,2,0.65,0.04242640687119289,0.62,0.68,3.0
Bi-O-Sr,2,0.97,0.7778174593052023,0.42,1.52,3.0
Bi-O-Ta,2,0.74,0.7071067811865476,0.24,1.24,3.0
Bi-O-Te,2,1.0,0.11313708498984758,0.92,1.08,3.0
Bi-O-Ti,2,0.85,0.6081118318204309,0.42,1.28,3.0
Bi-O-Tl,2,0.9299999999999999,0.04242640687119277,0.9,0.96,3.0
Bi-O-V,2,0.8300000000000001,0.7495331880577404,0.3,1.36,3.0
Bi-O-W,2,1.0,0.6222539674441617,0.56,1.44,3.0
Bi-O-Y,2,0.7,0.25455844122715704,0.52,0.88,3.0
Bi-O-Zn,2,0.8400000000000001,0.08485281374238574,0.78,0.9,3.0
Bi-O-Zr,2,0.85,0.551543289325507,0.46,1.24,3.0
Ca-Cd-F-N-O,2,1.49,0.21213203435596414,1.34,1.64,5.0
Ca-Cd-F-O,2,0.98,0.1414213562373096,0.88,1.08,4.0
Ca-Cd-N,2,2.25,0.15556349186104027,2.14,2.36,3.0
Ca-Cd-O,2,1.35,0.29698484809835013,1.14,1.56,3.0
Ca-Cd-O-S,2,1.44,0.5091168824543143,1.08,1.8,4.0
Ca-Co-F-N-O,2,1.77,1.145512985522207,0.96,2.58,5.0
Ca-Co-F-O,2,1.3,1.1030865786510142,0.52,2.08,4.0
Ca-Co-N,2,1.77,0.3252691193458118,1.54,2.0,3.0
Ca-Co-O,2,1.1099999999999999,0.8061017305526642,0.54,1.68,3.0
Ca-Co-O-S,2,1.05,0.2687005768508881,0.86,1.24,4.0
Ca-Cr-F-N-O,2,1.26,0.9333809511662428,0.6,1.92,5.0
Ca-Cr-F-O,2,1.03,1.4000714267493641,0.04,2.02,4.0
Ca-Cr-N,2,1.45,0.6081118318204308,1.02,1.88,3.0
Ca-Cr-O,2,0.85,1.2586500705120547,-0.04,1.74,3.0
Ca-Cr-O-S,2,0.71,0.35355339059327373,0.46,0.96,4.0
Ca-Cs-F-N-O,2,2.34,0.5656854249492381,1.94,2.74,5.0
Ca-Cs-F-O,2,1.4,0.6222539674441618,0.96,1.84,4.0
Ca-Cs-N,2,3.4,0.14142135623730964,3.3,3.5,3.0
Ca-Cs-O,2,1.48,0.28284271247461895,1.28,1.68,3.0
Ca-Cs-O-S,2,2.2,0.5091168824543143,1.84,2.56,4.0
Ca-Cu-F-N-O,2,1.73,0.6646803743153548,1.26,2.2,5.0
Ca-Cu-F-O,2,1.23,0.6363961030678927,0.78,1.68,4.0
Ca-Cu-N,2,2.1,0.1131370849898477,2.02,2.18,3.0
Ca-Cu-O,2,1.48,0.7353910524340095,0.96,2.0,3.0
Ca-Cu-O-S,2,1.59,0.8343860018001261,1.0,2.18,4.0
Ca-F-Fe-N-O,2,1.77,1.3152186130069785,0.84,2.7,5.0
Ca-F-Fe-O,2,1.25,1.2869343417595165,0.34,2.16,4.0
Ca-F-Ga-N-O,2,1.31,0.7778174593052023,0.76,1.86,5.0
Ca-F-Ga-O,2,0.74,0.8202438661763952,0.16,1.32,4.0
Ca-F-Ge-N-O,2,1.25,0.7212489168102785,0.74,1.76,5.0
Ca-F-Ge-O,2,0.92,0.5656854249492381,0.52,1.32,4.0
Ca-F-Hf-N-O,2,1.43,1.1737972567696688,0.6,2.26,5.0
Ca-F-Hf-O,2,1.11,0.9192388155425117,0.46,1.76,4.0
Ca-F-Hg-N-O,2,1.77,0.15556349186104051,1.66,1.88,5.0
Ca-F-Hg-O,2,1.26,0.08485281374238578,1.2,1.32,4.0
Ca-F-In-N-O,2,1.31,0.4384062043356595,1.0,1.62,5.0
Ca-F-In-O,2,0.6799999999999999,0.42426406871192845,0.38,0.98,4.0
Ca-F-Ir-N-O,2,2.06,1.074802307403552,1.3,2.82,5.0
Ca-F-Ir-O,2,1.75,0.8909545442950497,1.12,2.38,4.0
Ca-F-K-N-O,2,2.29,0.5232590180780453,1.92,2.66,5.0
Ca-F-K-O,2,1.3199999999999998,0.4808326112068524,0.98,1.66,4.0
Ca-F-La-N-O,2,1.26,0.0,1.26,1.26,5.0
Ca-F-La-O,2,0.65,0.04242640687119289,0.62,0.68,4.0
Ca-F-Li-N-O,2,2.02,0.25455844122715726,1.84,2.2,5.0
Ca-F-Li-O,2,1.19,0.2404163056034263,1.02,1.36,4.0
Ca-F-Mg-N-O,2,1.56,0.5374011537017762,1.18,1.94,5.0
Ca-F-Mg-O,2,0.61,0.3252691193458118,0.38,0.84,4.0
Ca-F-Mn-N-O,2,1.3199999999999998,0.8202438661763952,0.74,1.9,5.0
Ca-F-Mn-O,2,0.64,0.7919595949289332,0.08,1.2,4.0
Ca-F-Mo-N-O,2,1.4000000000000001,1.0465180361560906,0.66,2.14,5.0
Ca-F-Mo-O,2,1.3,1.0465180361560904,0.56,2.04,4.0
Ca-F-N-Na-O,2,2.12,0.14142135623730964,2.02,2.22,5.0
Ca-F-N-Nb-O,2,1.3900000000000001,1.1172287142747452,0.6,2.18,5.0
Ca-F-N-Ni-O,2,1.76,0.9333809511662426,1.1,2.42,5.0
Ca-F-N-O-Os,2,2.13,1.2869343417595165,1.22,3.04,5.0
Ca-F-N-O-Pb,2,1.29,0.04242640687119289,1.26,1.32,5.0
Ca-F-N-O-Pd,2,1.82,0.5939696961967001,1.4,2.24,5.0
Ca-F-N-O-Pt,2,1.52,0.08485281374238578,1.46,1.58,5.0
Ca-F-N-O-Rb,2,2.3499999999999996,0.6081118318204309,1.92,2.78,5.0
Ca-F-N-O-Re,2,1.74,1.1879393923933999,0.9,2.58,5.0
Ca-F-N-O-Rh,2,1.8399999999999999,0.8485281374238571,1.24,2.44,5.0
Ca-F-N-O-Ru,2,1.72,0.8485281374238568,1.12,2.32,5.0
Ca-F-N-O-Sb,2,1.3199999999999998,0.5091168824543143,0.96,1.68,5.0
Ca-F-N-O-Sc,2,1.44,0.7919595949289333,0.88,2.0,5.0
Ca-F-N-O-Si,2,1.6600000000000001,1.2162236636408617,0.8,2.52,5.0
Ca-F-N-O-Sn,2,1.12,0.45254833995939026,0.8,1.44,5.0
Ca-F-N-O-Sr,2,1.69,0.268700576850888,1.5,1.88,5.0
Ca-F-N-O-Ta,2,1.62,1.3010764773832475,0.7,2.54,5.0
Ca-F-N-O-Te,2,1.5099999999999998,0.5232590180780453,1.14,1.88,5.0
Ca-F-N-O-Ti,2,1.43,1.3152186130069783,0.5,2.36,5.0
Ca-F-N-O-Tl,2,1.5899999999999999,0.12727922061357844,1.5,1.68,5.0
Ca-F-N-O-V,2,1.41,1.3152186130069783,0.48,2.34,5.0
Ca-F-N-O-W,2,1.6,1.2445079348883237,0.72,2.48,5.0
Ca-F-N-O-Y,2,1.3199999999999998,0.4808326112068524,0.98,1.66,5.0
Ca-F-N-O-Zn,2,1.27,0.09899494936611673,1.2,1.34,5.0
Ca-F-N-O-Zr,2,1.32,1.0748023074035522,0.56,2.08,5.0
Ca-F-Na-O,2,1.27,0.18384776310850245,1.14,1.4,4.0
Ca-F-Nb-O,2,1.04,0.8485281374238571,0.44,1.64,4.0
Ca-F-Ni-O,2,1.26,0.8768124086713188,0.64,1.88,4.0
Ca-F-O-Os,2,1.88,1.0465180361560904,1.14,2.62,4.0
Ca-F-O-Pb,2,0.8,0.028284271247461808,0.78,0.82,4.0
Ca-F-O-Pd,2,1.4,0.5091168824543141,1.04,1.76,4.0
Ca-F-O-Pt,2,1.62,0.6222539674441618,1.18,2.06,4.0
Ca-F-O-Rb,2,1.4,0.622253967444162,0.96,1.84,4.0
Ca-F-O-Re,2,1.53,0.862670273047588,0.92,2.14,4.0
Ca-F-O-Rh,2,1.47,0.7212489168102785,0.96,1.98,4.0
Ca-F-O-Ru,2,1.54,0.9050966799187811,0.9,2.18,4.0
Ca-F-O-Sb,2,0.94,0.33941125496954283,0.7,1.18,4.0
Ca-F-O-Sc,2,0.88,0.8768124086713189,0.26,1.5,4.0
Ca-F-O-Si,2,1.13,0.608111831820431,0.7,1.56,4.0
Ca-F-O-Sn,2,0.71,0.29698484809835,0.5,0.92,4.0
Ca-F-O-Sr,2,0.79,0.26870057685088805,0.6,0.98,4.0
Ca-F-O-Ta,2,1.36,0.9899494936611667,0.66,2.06,4.0
Ca-F-O-Te,2,1.19,0.3535533905932738,0.94,1.44,4.0
Ca-F-O-Ti,2,0.95,1.145512985522207,0.14,1.76,4.0
Ca-F-O-Tl,2,1.0,0.11313708498984758,0.92,1.08,4.0
Ca-F-O-V,2,0.9400000000000001,1.1879393923933999,0.1,1.78,4.0
Ca-F-O-W,2,1.3900000000000001,0.9192388155425119,0.74,2.04,4.0
Ca-F-O-Y,2,0.75,0.5232590180780453,0.38,1.12,4.0
Ca-F-O-Zn,2,0.98,0.565685424949238,0.58,1.38,4.0
Ca-F-O-Zr,2,0.97,0.8061017305526642,0.4,1.54,4.0
Ca-Fe-N,2,1.67,0.4384062043356593,1.36,1.98,3.0
Ca-Fe-O,2,1.4300000000000002,1.6263455967290592,0.28,2.58,3.0
Ca-Fe-O-S,2,0.8800000000000001,0.3394112549695429,0.64,1.12,4.0
Ca-Ga-N,2,1.8399999999999999,0.11313708498984747,1.76,1.92,3.0
Ca-Ga-O,2,1.03,0.8909545442950499,0.4,1.66,3.0
Ca-Ga-O-S,2,1.3399999999999999,0.8202438661763952,0.76,1.92,4.0
Ca-Ge-N,2,1.72,0.31112698372208086,1.5,1.94,3.0
Ca-Ge-O,2,0.96,1.131370849898476,0.16,1.76,3.0
Ca-Ge-O-S,2,1.17,0.8909545442950499,0.54,1.8,4.0
Ca-Hf-N,2,2.08,1.1879393923933999,1.24,2.92,3.0
Ca-Hf-O,2,0.61,0.834386001800126,0.02,1.2,3.0
Ca-Hf-O-S,2,1.04,0.7353910524340095,0.52,1.56,4.0
Ca-Hg-N,2,2.6799999999999997,0.31112698372208103,2.46,2.9,3.0
Ca-Hg-O,2,1.53,0.2969848480983499,1.32,1.74,3.0
Ca-Hg-O-S,2,1.4100000000000001,0.41012193308819755,1.12,1.7,4.0
Ca-In-N,2,2.0,0.028284271247461926,1.98,2.02,3.0
Ca-In-O,2,1.05,0.5798275605729689,0.64,1.46,3.0
Ca-In-O-S,2,1.27,0.6363961030678928,0.82,1.72,4.0
Ca-Ir-N,2,1.69,0.3252691193458118,1.46,1.92,3.0
Ca-Ir-O,2,1.77,1.3435028842544405,0.82,2.72,3.0
Ca-Ir-O-S,2,1.15,0.1272792206135786,1.06,1.24,4.0
Ca-K-N,2,3.4299999999999997,0.6646803743153548,2.96,3.9,3.0
Ca-K-O,2,1.31,0.04242640687119289,1.28,1.34,3.0
Ca-K-O-S,2,2.2,0.5091168824543143,1.84,2.56,4.0
Ca-La-N,2,1.83,0.0989949493661165,1.76,1.9,3.0
Ca-La-O,2,0.66,0.028284271247461926,0.64,0.68,3.0
Ca-La-O-S,2,1.12,0.22627416997969516,0.96,1.28,4.0
Ca-Li-N,2,2.72,0.028284271247461926,2.7,2.74,3.0
Ca-Li-O,2,1.52,0.39597979746446665,1.24,1.8,3.0
Ca-Li-O-S,2,1.9300000000000002,0.32526911934581193,1.7,2.16,4.0
Ca-Mg-N,2,2.32,0.028284271247461926,2.3,2.34,3.0
Ca-Mg-O,2,1.21,0.6081118318204308,0.78,1.64,3.0
Ca-Mg-O-S,2,1.1400000000000001,0.11313708498984747,1.06,1.22,4.0
Ca-Mn-N,2,2.24,1.4142135623730951,1.24,3.24,3.0
Ca-Mn-O,2,0.8,1.1313708498984762,0.0,1.6,3.0
Ca-Mn-O-S,2,0.77,0.2969848480983499,0.56,0.98,4.0
Ca-Mo-N,2,1.3399999999999999,0.7636753236814712,0.8,1.88,3.0
Ca-Mo-O,2,0.8099999999999999,0.5232590180780451,0.44,1.18,3.0
Ca-Mo-O-S,2,0.91,0.49497474683058323,0.56,1.26,4.0
Ca-N-Na,2,2.79,0.0707106781186545,2.74,2.84,3.0
Ca-N-Nb,2,1.45,0.6363961030678927,1.0,1.9,3.0
Ca-N-Ni,2,2.65,1.3152186130069783,1.72,3.58,3.0
Ca-N-O,2,1.85,0.6929646455628163,1.36,2.34,3.0
Ca-N-Os,2,1.56,0.6222539674441617,1.12,2.0,3.0
Ca-N-Pb,2,2.3200000000000003,0.3111269837220807,2.1,2.54,3.0
Ca-N-Pd,2,1.98,0.05656854249492385,1.94,2.02,3.0
Ca-N-Pt,2,1.8900000000000001,0.09899494936611666,1.82,1.96,3.0
Ca-N-Rb,2,3.19,0.09899494936611643,3.12,3.26,3.0
Ca-N-Re,2,2.12,2.1213203435596424,0.62,3.62,3.0
Ca-N-Rh,2,1.79,0.21213203435596437,1.64,1.94,3.0
Ca-N-Ru,2,1.68,0.42426406871192857,1.38,1.98,3.0
Ca-N-Sb,2,2.13,0.8909545442950497,1.5,2.76,3.0
Ca-N-Sc,2,1.85,0.1272792206135786,1.76,1.94,3.0
Ca-N-Si,2,1.7400000000000002,0.6788225099390858,1.26,2.22,3.0
Ca-N-Sn,2,1.8199999999999998,0.16970562748477133,1.7,1.94,3.0
Ca-N-Sr,2,2.75,0.09899494936611643,2.68,2.82,3.0
Ca-N-Ta,2,1.35,0.7212489168102785,0.84,1.86,3.0
Ca-N-Te,2,2.29,0.9758073580374355,1.6,2.98,3.0
Ca-N-Ti,2,1.6,0.5091168824543141,1.24,1.96,3.0
Ca-N-Tl,2,2.56,0.1131370849898477,2.48,2.64,3.0
Ca-N-V,2,2.19,1.711198410471445,0.98,3.4,3.0
Ca-N-W,2,1.24,0.8768124086713189,0.62,1.86,3.0
Ca-N-Y,2,2.19,0.3818376618407357,1.92,2.46,3.0
Ca-N-Zn,2,2.09,0.042426406871192736,2.06,2.12,3.0
Ca-N-Zr,2,1.6099999999999999,0.3818376618407355,1.34,1.88,3.0
Ca-Na-O,2,1.5,0.0,1.5,1.5,3.0
Ca-Na-O-S,2,1.98,0.028284271247461926,1.96,2.0,4.0
Ca-Nb-O,2,0.5,0.7919595949289333,-0.06,1.06,3.0
Ca-Nb-O-S,2,0.8,0.5939696961966999,0.38,1.22,4.0
Ca-Ni-O,2,1.5499999999999998,1.145512985522207,0.74,2.36,3.0
Ca-Ni-O-S,2,1.04,0.16970562748477136,0.92,1.16,4.0
Ca-O-Os,2,1.67,1.3717871555019023,0.7,2.64,3.0
Ca-O-Os-S,2,1.13,0.3818376618407356,0.86,1.4,4.0
Ca-O-Pb,2,0.8800000000000001,0.282842712474619,0.68,1.08,3.0
Ca-O-Pb-S,2,1.23,0.3252691193458118,1.0,1.46,4.0
Ca-O-Pd,2,1.61,0.8626702730475881,1.0,2.22,3.0
Ca-O-Pd-S,2,1.12,0.056568542494923615,1.08,1.16,4.0
Ca-O-Pt,2,1.77,1.0040916292848974,1.06,2.48,3.0
Ca-O-Pt-S,2,1.15,0.04242640687119265,1.12,1.18,4.0
Ca-O-Rb,2,1.56,0.42426406871192857,1.26,1.86,3.0
Ca-O-Rb-S,2,2.2,0.5091168824543141,1.84,2.56,4.0
Ca-O-Re,2,0.93,0.862670273047588,0.32,1.54,3.0
Ca-O-Re-S,2,1.0899999999999999,0.5232590180780451,0.72,1.46,4.0
Ca-O-Rh,2,1.5,0.9616652224137048,0.82,2.18,3.0
Ca-O-Rh-S,2,1.0899999999999999,0.07071067811865459,1.04,1.14,4.0
Ca-O-Ru,2,1.4400000000000002,1.1030865786510142,0.66,2.22,3.0
Ca-O-Ru-S,2,1.04,0.282842712474619,0.84,1.24,4.0
Ca-O-S-Sb,2,0.78,0.19798989873223333,0.64,0.92,4.0
Ca-O-S-Sc,2,1.08,0.16970562748477133,0.96,1.2,4.0
Ca-O-S-Si,2,1.21,0.6081118318204308,0.78,1.64,4.0
Ca-O-S-Sn,2,1.09,0.6646803743153546,0.62,1.56,4.0
Ca-O-S-Sr,2,1.6,0.28284271247461906,1.4,1.8,4.0
Ca-O-S-Ta,2,0.95,0.6929646455628166,0.46,1.44,4.0
Ca-O-S-Te,2,0.9,0.14142135623730948,0.8,1.0,4.0
Ca-O-S-Ti,2,0.8500000000000001,0.6929646455628166,0.36,1.34,4.0
Ca-O-S-Tl,2,1.52,0.1979898987322334,1.38,1.66,4.0
Ca-O-S-V,2,0.75,0.5232590180780452,0.38,1.12,4.0
Ca-O-S-W,2,1.0899999999999999,0.4949747468305831,0.74,1.44,4.0
Ca-O-S-Y,2,1.26,0.6222539674441617,0.82,1.7,4.0
Ca-O-S-Zn,2,1.06,0.028284271247461926,1.04,1.08,4.0
Ca-O-S-Zr,2,0.9299999999999999,0.6646803743153546,0.46,1.4,4.0
Ca-O-Sb,2,0.95,0.8061017305526642,0.38,1.52,3.0
Ca-O-Sc,2,1.15,0.8909545442950498,0.52,1.78,3.0
Ca-O-Si,2,1.32,1.7253405460951758,0.1,2.54,3.0
Ca-O-Sn,2,0.57,0.5798275605729689,0.16,0.98,3.0
Ca-O-Sr,2,1.14,0.36769552621700463,0.88,1.4,3.0
Ca-O-Ta,2,0.75,0.8343860018001261,0.16,1.34,3.0
Ca-O-Te,2,0.8899999999999999,0.4101219330881975,0.6,1.18,3.0
Ca-O-Ti,2,1.03,1.6263455967290592,-0.12,2.18,3.0
Ca-O-Tl,2,1.29,0.24041630560342606,1.12,1.46,3.0
Ca-O-V,2,0.52,0.9333809511662428,-0.14,1.18,3.0
Ca-O-W,2,0.7100000000000001,0.862670273047588,0.1,1.32,3.0
Ca-O-Y,2,0.76,0.25455844122715715,0.58,0.94,3.0
Ca-O-Zn,2,1.35,0.6646803743153546,0.88,1.82,3.0
Ca-O-Zr,2,0.55,0.7495331880577404,0.02,1.08,3.0
Cd-Co-F-N-O,2,1.47,0.6929646455628166,0.98,1.96,5.0
Cd-Co-F-O,2,1.11,0.6646803743153546,0.64,1.58,4.0
Cd-Co-N,2,1.7000000000000002,0.14142135623730956,1.6,1.8,3.0
Cd-Co-O,2,1.46,0.8202438661763952,0.88,2.04,3.0
Cd-Co-O-S,2,1.59,0.8061017305526643,1.02,2.16,4.0
Cd-Cr-F-N-O,2,1.18,0.7636753236814713,0.64,1.72,5.0
Cd-Cr-F-O,2,0.74,0.7636753236814714,0.2,1.28,4.0
Cd-Cr-N,2,1.41,0.3535533905932738,1.16,1.66,3.0
Cd-Cr-O,2,0.6900000000000001,0.5515432893255071,0.3,1.08,3.0
Cd-Cr-O-S,2,1.28,0.8768124086713188,0.66,1.9,4.0
Cd-Cs-F-N-O,2,2.1,0.8202438661763952,1.52,2.68,5.0
Cd-Cs-F-O,2,1.62,0.7071067811865476,1.12,2.12,4.0
Cd-Cs-N,2,2.7199999999999998,0.14142135623730917,2.62,2.82,3.0
Cd-Cs-O,2,1.62,0.36769552621700463,1.36,1.88,3.0
Cd-Cs-O-S,2,2.37,0.6646803743153545,1.9,2.84,4.0
Cd-Cu-F-N-O,2,1.54,0.36769552621700474,1.28,1.8,5.0
Cd-Cu-F-O,2,1.21,0.4384062043356595,0.9,1.52,4.0
Cd-Cu-N,2,2.4,0.5091168824543141,2.04,2.76,3.0
Cd-Cu-O,2,1.65,0.5232590180780451,1.28,2.02,3.0
Cd-Cu-O-S,2,1.3399999999999999,0.16970562748477133,1.22,1.46,4.0
Cd-F-Fe-N-O,2,1.34,0.7071067811865477,0.84,1.84,5.0
Cd-F-Fe-O,2,1.26,1.0748023074035522,0.5,2.02,4.0
Cd-F-Ga-N-O,2,1.1600000000000001,0.5091168824543143,0.8,1.52,5.0
Cd-F-Ga-O,2,0.76,0.6788225099390857,0.28,1.24,4.0
Cd-F-Ge-N-O,2,1.1,0.6222539674441618,0.66,1.54,5.0
Cd-F-Ge-O,2,0.82,0.4808326112068523,0.48,1.16,4.0
Cd-F-Hf-N-O,2,1.33,1.1172287142747452,0.54,2.12,5.0
Cd-F-Hf-O,2,0.8,0.6788225099390857,0.32,1.28,4.0
Cd-F-Hg-N-O,2,1.58,0.08485281374238571,1.52,1.64,5.0
Cd-F-Hg-O,2,1.26,0.05656854249492385,1.22,1.3,4.0
Cd-F-In-N-O,2,1.17,0.2404163056034263,1.0,1.34,5.0
Cd-F-In-O,2,0.72,0.33941125496954283,0.48,0.96,4.0
Cd-F-Ir-N-O,2,1.45,0.268700576850888,1.26,1.64,5.0
Cd-F-Ir-O,2,1.71,0.8061017305526642,1.14,2.28,4.0
Cd-F-K-N-O,2,2.2,0.7071067811865478,1.7,2.7,5.0
Cd-F-K-O,2,1.6,0.7071067811865476,1.1,2.1,4.0
Cd-F-La-N-O,2,1.2000000000000002,0.11313708498984747,1.12,1.28,5.0
Cd-F-La-O,2,0.73,0.04242640687119289,0.7,0.76,4.0
Cd-F-Li-N-O,2,1.76,0.028284271247461926,1.74,1.78,5.0
Cd-F-Li-O,2,1.4,0.056568542494923615,1.36,1.44,4.0
Cd-F-Mg-N-O,2,1.56,0.36769552621700474,1.3,1.82,5.0
Cd-F-Mg-O,2,1.0,0.42426406871192857,0.7,1.3,4.0
Cd-F-Mn-N-O,2,1.2,0.6505382386916236,0.74,1.66,5.0
Cd-F-Mn-O,2,0.71,0.6363961030678927,0.26,1.16,4.0
Cd-F-Mo-N-O,2,1.25,0.9192388155425117,0.6,1.9,5.0
Cd-F-Mo-O,2,1.02,0.7919595949289333,0.46,1.58,4.0
Cd-F-N-Na-O,2,1.8900000000000001,0.1838477631085023,1.76,2.02,5.0
Cd-F-N-Nb-O,2,1.2,1.0182337649086284,0.48,1.92,5.0
Cd-F-N-Ni-O,2,1.52,0.6222539674441617,1.08,1.96,5.0
Cd-F-N-O-Os,2,1.83,0.9758073580374356,1.14,2.52,5.0
Cd-F-N-O-Pb,2,1.19,0.12727922061357844,1.1,1.28,5.0
Cd-F-N-O-Pd,2,1.63,0.32526911934581204,1.4,1.86,5.0
Cd-F-N-O-Pt,2,1.77,0.5798275605729689,1.36,2.18,5.0
Cd-F-N-O-Rb,2,2.26,0.7353910524340093,1.74,2.78,5.0
Cd-F-N-O-Re,2,1.56,1.103086578651014,0.78,2.34,5.0
Cd-F-N-O-Rh,2,1.3399999999999999,0.16970562748477133,1.22,1.46,5.0
Cd-F-N-O-Ru,2,1.59,0.6929646455628166,1.1,2.08,5.0
Cd-F-N-O-Sb,2,1.15,0.4101219330881975,0.86,1.44,5.0
Cd-F-N-O-Sc,2,1.21,0.3252691193458118,0.98,1.44,5.0
Cd-F-N-O-Si,2,1.5799999999999998,1.0748023074035522,0.82,2.34,5.0
Cd-F-N-O-Sn,2,1.0,0.33941125496954283,0.76,1.24,5.0
Cd-F-N-O-Sr,2,1.63,0.46669047558312127,1.3,1.96,5.0
Cd-F-N-O-Ta,2,1.38,1.2727922061357855,0.48,2.28,5.0
Cd-F-N-O-Te,2,1.33,0.4666904755831214,1.0,1.66,5.0
Cd-F-N-O-Ti,2,1.21,1.1172287142747452,0.42,2.0,5.0
Cd-F-N-O-Tl,2,1.3900000000000001,0.1272792206135786,1.3,1.48,5.0
Cd-F-N-O-V,2,1.1400000000000001,0.9050966799187808,0.5,1.78,5.0
Cd-F-N-O-W,2,1.4100000000000001,1.1737972567696688,0.58,2.24,5.0
Cd-F-N-O-Y,2,1.32,0.28284271247461895,1.12,1.52,5.0
Cd-F-N-O-Zn,2,1.45,0.3535533905932738,1.2,1.7,5.0
Cd-F-N-O-Zr,2,0.95,0.6081118318204308,0.52,1.38,5.0
Cd-F-Na-O,2,1.5,0.36769552621700474,1.24,1.76,4.0
Cd-F-Nb-O,2,0.9400000000000001,0.9333809511662428,0.28,1.6,4.0
Cd-F-Ni-O,2,1.25,0.7212489168102785,0.74,1.76,4.0
Cd-F-O-Os,2,1.6600000000000001,0.7636753236814714,1.12,2.2,4.0
Cd-F-O-Pb,2,0.8300000000000001,0.0989949493661167,0.76,0.9,4.0
Cd-F-O-Pd,2,1.3599999999999999,0.3111269837220811,1.14,1.58,4.0
Cd-F-O-Pt,2,1.5699999999999998,0.46669047558312127,1.24,1.9,4.0
Cd-F-O-Rb,2,1.6300000000000001,0.7778174593052023,1.08,2.18,4.0
Cd-F-O-Re,2,1.4,0.905096679918781,0.76,2.04,4.0
Cd-F-O-Rh,2,1.3900000000000001,0.49497474683058335,1.04,1.74,4.0
Cd-F-O-Ru,2,1.35,0.5515432893255071,0.96,1.74,4.0
Cd-F-O-Sb,2,0.8700000000000001,0.32526911934581193,0.64,1.1,4.0
Cd-F-O-Sc,2,0.95,0.7495331880577404,0.42,1.48,4.0
Cd-F-O-Si,2,1.41,0.8343860018001261,0.82,2.0,4.0
Cd-F-O-Sn,2,0.65,0.26870057685088805,0.46,0.84,4.0
Cd-F-O-Sr,2,0.97,0.4101219330881975,0.68,1.26,4.0
Cd-F-O-Ta,2,0.97,1.1737972567696688,0.14,1.8,4.0
Cd-F-O-Te,2,1.0999999999999999,0.39597979746446654,0.82,1.38,4.0
Cd-F-O-Ti,2,1.0,1.0182337649086284,0.28,1.72,4.0
Cd-F-O-Tl,2,0.99,0.014142135623730963,0.98,1.0,4.0
Cd-F-O-V,2,0.79,0.8061017305526643,0.22,1.36,4.0
Cd-F-O-W,2,1.25,1.0040916292848974,0.54,1.96,4.0
Cd-F-O-Y,2,0.8699999999999999,0.4101219330881975,0.58,1.16,4.0
Cd-F-O-Zn,2,1.01,0.4101219330881976,0.72,1.3,4.0
Cd-F-O-Zr,2,0.73,0.6363961030678927,0.28,1.18,4.0
Cd-Fe-N,2,1.6,0.2545584412271571,1.42,1.78,3.0
Cd-Fe-O,2,1.24,0.8768124086713189,0.62,1.86,3.0
Cd-Fe-O-S,2,1.04,0.25455844122715704,0.86,1.22,4.0
Cd-Ga-N,2,2.12,0.5091168824543141,1.76,2.48,3.0
Cd-Ga-O,2,1.22,0.7071067811865476,0.72,1.72,3.0
Cd-Ga-O-S,2,0.94,0.14142135623730953,0.84,1.04,4.0
Cd-Ge-N,2,1.67,0.1272792206135786,1.58,1.76,3.0
Cd-Ge-O,2,0.86,0.6222539674441618,0.42,1.3,3.0
Cd-Ge-O-S,2,1.04,0.45254833995939053,0.72,1.36,4.0
Cd-Hf-N,2,1.8199999999999998,0.7071067811865475,1.32,2.32,3.0
Cd-Hf-O,2,0.8300000000000001,0.6646803743153546,0.36,1.3,3.0
Cd-Hf-O-S,2,1.5299999999999998,1.1172287142747448,0.74,2.32,4.0
Cd-Hg-N,2,2.5,0.028284271247461926,2.48,2.52,3.0
Cd-Hg-O,2,1.7,0.05656854249492385,1.66,1.74,3.0
Cd-Hg-O-S,2,1.2,0.028284271247461926,1.18,1.22,4.0
Cd-In-N,2,1.9300000000000002,0.15556349186104051,1.82,2.04,3.0
Cd-In-O,2,1.17,0.2969848480983499,0.96,1.38,3.0
Cd-In-O-S,2,0.8899999999999999,0.0989949493661167,0.82,0.96,4.0
Cd-Ir-N,2,1.63,0.15556349186104051,1.52,1.74,3.0
Cd-Ir-O,2,1.46,0.4808326112068524,1.12,1.8,3.0
Cd-Ir-O-S,2,1.28,0.1131370849898477,1.2,1.36,4.0
Cd-K-N,2,3.1100000000000003,0.6929646455628167,2.62,3.6,3.0
Cd-K-O,2,1.7999999999999998,0.7353910524340093,1.28,2.32,3.0
Cd-K-O-S,2,2.25,0.862670273047588,1.64,2.86,4.0
Cd-La-N,2,1.82,0.48083261120685244,1.48,2.16,3.0
Cd-La-O,2,0.8,0.028284271247461808,0.78,0.82,3.0
Cd-La-O-S,2,0.96,0.11313708498984758,0.88,1.04,4.0
Cd-Li-N,2,2.84,0.0,2.84,2.84,3.0
Cd-Li-O,2,1.63,0.09899494936611666,1.56,1.7,3.0
Cd-Li-O-S,2,1.75,0.3252691193458118,1.52,1.98,4.0
Cd-Mg-N,2,2.26,0.197989898732233,2.12,2.4,3.0
Cd-Mg-O,2,1.3,0.31112698372208086,1.08,1.52,3.0
Cd-Mg-O-S,2,1.3399999999999999,0.2545584412271571,1.16,1.52,4.0
Cd-Mn-N,2,1.53,0.3252691193458118,1.3,1.76,3.0
Cd-Mn-O,2,0.7000000000000001,0.5091168824543143,0.34,1.06,3.0
Cd-Mn-O-S,2,1.31,0.7495331880577404,0.78,1.84,4.0
Cd-Mo-N,2,1.3199999999999998,0.5374011537017762,0.94,1.7,3.0
Cd-Mo-O,2,0.8200000000000001,0.6788225099390857,0.34,1.3,3.0
Cd-Mo-O-S,2,1.33,1.0323759005323594,0.6,2.06,4.0
Cd-N-Na,2,2.55,0.18384776310850268,2.42,2.68,3.0
Cd-N-Nb,2,1.4100000000000001,0.4666904755831214,1.08,1.74,3.0
Cd-N-Ni,2,1.79,0.04242640687119289,1.76,1.82,3.0
Cd-N-O,2,1.9500000000000002,0.29698484809834996,1.74,2.16,3.0
Cd-N-Os,2,1.56,0.36769552621700474,1.3,1.82,3.0
Cd-N-Pb,2,2.0700000000000003,0.0989949493661169,2.0,2.14,3.0
Cd-N-Pd,2,1.88,0.056568542494923775,1.84,1.92,3.0
Cd-N-Pt,2,1.77,0.014142135623730963,1.76,1.78,3.0
Cd-N-Rb,2,3.25,0.8626702730475878,2.64,3.86,3.0
Cd-N-Re,2,1.97,1.6263455967290592,0.82,3.12,3.0
Cd-N-Rh,2,1.7,0.08485281374238578,1.64,1.76,3.0
Cd-N-Ru,2,1.6099999999999999,0.2687005768508882,1.42,1.8,3.0
Cd-N-Sb,2,2.0,0.537401153701776,1.62,2.38,3.0
Cd-N-Sc,2,1.78,0.08485281374238578,1.72,1.84,3.0
Cd-N-Si,2,1.7,0.45254833995939053,1.38,2.02,3.0
Cd-N-Sn,2,1.76,0.0,1.76,1.76,3.0
Cd-N-Sr,2,2.8499999999999996,0.7495331880577406,2.32,3.38,3.0
Cd-N-Ta,2,1.33,0.49497474683058335,0.98,1.68,3.0
Cd-N-Te,2,2.16,0.5939696961967,1.74,2.58,3.0
Cd-N-Ti,2,1.55,0.2969848480983499,1.34,1.76,3.0
Cd-N-Tl,2,2.42,0.14142135623730964,2.32,2.52,3.0
Cd-N-V,2,1.86,1.0465180361560904,1.12,2.6,3.0
Cd-N-W,2,1.22,0.6505382386916236,0.76,1.68,3.0
Cd-N-Y,2,1.94,0.028284271247461926,1.92,1.96,3.0
Cd-N-Zn,2,2.4000000000000004,0.3676955262170049,2.14,2.66,3.0
Cd-N-Zr,2,1.5499999999999998,0.15556349186104035,1.44,1.66,3.0
Cd-Na-O,2,1.6400000000000001,0.2828427124746192,1.44,1.84,3.0
Cd-Na-O-S,2,1.52,0.0,1.52,1.52,4.0
Cd-Nb-O,2,0.6699999999999999,0.7212489168102784,0.16,1.18,3.0
Cd-Nb-O-S,2,1.26,1.1030865786510142,0.48,2.04,4.0
Cd-Ni-O,2,1.32,0.36769552621700474,1.06,1.58,3.0
Cd-Ni-O-S,2,1.15,0.09899494936611666,1.08,1.22,4.0
Cd-O-Os,2,1.42,0.5939696961967,1.0,1.84,3.0
Cd-O-Os-S,2,1.8800000000000001,1.1030865786510142,1.1,2.66,4.0
Cd-O-Pb,2,1.1600000000000001,0.056568542494923775,1.12,1.2,3.0
Cd-O-Pb-S,2,1.12,0.11313708498984747,1.04,1.2,4.0
Cd-O-Pd,2,1.67,0.551543289325507,1.28,2.06,3.0
Cd-O-Pd-S,2,1.24,0.1131370849898477,1.16,1.32,4.0
Cd-O-Pt,2,1.7799999999999998,0.7636753236814712,1.24,2.32,3.0
Cd-O-Pt-S,2,1.79,0.7212489168102784,1.28,2.3,4.0
Cd-O-Rb,2,1.83,0.7778174593052021,1.28,2.38,3.0
Cd-O-Rb-S,2,2.41,0.7778174593052023,1.86,2.96,4.0
Cd-O-Re,2,1.0899999999999999,0.7778174593052023,0.54,1.64,3.0
Cd-O-Re-S,2,1.7,1.2162236636408617,0.84,2.56,4.0
Cd-O-Rh,2,1.62,0.7353910524340095,1.1,2.14,3.0
Cd-O-Rh-S,2,1.19,0.04242640687119289,1.16,1.22,4.0
Cd-O-Ru,2,1.55,0.8343860018001261,0.96,2.14,3.0
Cd-O-Ru-S,2,1.1800000000000002,0.22627416997969532,1.02,1.34,4.0
Cd-O-S-Sb,2,1.01,0.2404163056034262,0.84,1.18,4.0
Cd-O-S-Sc,2,1.38,0.7071067811865475,0.88,1.88,4.0
Cd-O-S-Si,2,1.37,0.5232590180780453,1.0,1.74,4.0
Cd-O-S-Sn,2,0.99,0.3818376618407357,0.72,1.26,4.0
Cd-O-S-Sr,2,1.29,0.09899494936611673,1.22,1.36,4.0
Cd-O-S-Ta,2,1.28,1.3293607486307095,0.34,2.22,4.0
Cd-O-S-Te,2,1.0899999999999999,0.0989949493661165,1.02,1.16,4.0
Cd-O-S-Ti,2,1.4200000000000002,1.159655121145938,0.6,2.24,4.0
Cd-O-S-Tl,2,1.16,0.028284271247461926,1.14,1.18,4.0
Cd-O-S-V,2,0.79,0.4101219330881976,0.5,1.08,4.0
Cd-O-S-W,2,1.5,1.2727922061357855,0.6,2.4,4.0
Cd-O-S-Y,2,1.19,0.4666904755831214,0.86,1.52,4.0
Cd-O-S-Zn,2,1.03,0.07071067811865482,0.98,1.08,4.0
Cd-O-S-Zr,2,1.3900000000000001,1.0040916292848974,0.68,2.1,4.0
Cd-O-Sb,2,0.8200000000000001,0.33941125496954283,0.58,1.06,3.0
Cd-O-Sc,2,0.98,0.31112698372208086,0.76,1.2,3.0
Cd-O-Si,2,1.21,1.0606601717798212,0.46,1.96,3.0
Cd-O-Sn,2,0.88,0.6222539674441618,0.44,1.32,3.0
Cd-O-Sr,2,1.3,0.537401153701776,0.92,1.68,3.0
Cd-O-Ta,2,0.53,0.8061017305526643,-0.04,1.1,3.0
Cd-O-Te,2,1.07,0.26870057685088805,0.88,1.26,3.0
Cd-O-Ti,2,1.1400000000000001,1.2727922061357857,0.24,2.04,3.0
Cd-O-Tl,2,1.48,0.05656854249492385,1.44,1.52,3.0
Cd-O-V,2,0.96,1.0748023074035522,0.2,1.72,3.0
Cd-O-W,2,0.85,0.7778174593052023,0.3,1.4,3.0
Cd-O-Y,2,1.1400000000000001,0.1414213562373094,1.04,1.24,3.0
Cd-O-Zn,2,1.49,0.3818376618407357,1.22,1.76,3.0
Cd-O-Zr,2,1.11,1.0606601717798214,0.36,1.86,3.0
Co-Cr-F-N-O,2,1.1099999999999999,0.0989949493661165,1.04,1.18,5.0
Co-Cr-F-O,2,0.96,0.16970562748477153,0.84,1.08,4.0
Co-Cr-N,2,1.0699999999999998,0.18384776310850245,0.94,1.2,3.0
Co-Cr-O,2,0.8500000000000001,0.0989949493661167,0.78,0.92,3.0
Co-Cr-O-S,2,0.9199999999999999,0.05656854249492373,0.88,0.96,4.0
Co-Cs-F-N-O,2,2.44,1.470782104868019,1.4,3.48,5.0
Co-Cs-F-O,2,2.02,1.442497833620557,1.0,3.04,4.0
Co-Cs-N,2,2.59,0.3818376618407357,2.32,2.86,3.0
Co-Cs-O,2,2.1,1.3576450198781713,1.14,3.06,3.0
Co-Cs-O-S,2,2.6,1.470782104868019,1.56,3.64,4.0
Co-Cu-F-N-O,2,1.54,0.48083261120685217,1.2,1.88,5.0
Co-Cu-F-O,2,1.04,0.1414213562373094,0.94,1.14,4.0
Co-Cu-N,2,1.53,0.09899494936611673,1.46,1.6,3.0
Co-Cu-O,2,1.54,0.28284271247461895,1.34,1.74,3.0
Co-Cu-O-S,2,1.08,0.05656854249492385,1.04,1.12,4.0
Co-F-Fe-N-O,2,1.23,0.014142135623730963,1.22,1.24,5.0
Co-F-Fe-O,2,0.9199999999999999,0.028284271247461888,0.9,0.94,4.0
Co-F-Ga-N-O,2,1.21,0.1272792206135786,1.12,1.3,5.0
Co-F-Ga-O,2,0.8300000000000001,0.042426406871192854,0.8,0.86,4.0
Co-F-Ge-N-O,2,1.04,0.028284271247461926,1.02,1.06,5.0
Co-F-Ge-O,2,0.79,0.07071067811865478,0.74,0.84,4.0
Co-F-Hf-N-O,2,1.4,0.028284271247461926,1.38,1.42,5.0
Co-F-Hf-O,2,1.1800000000000002,0.5374011537017761,0.8,1.56,4.0
Co-F-Hg-N-O,2,1.59,0.7212489168102785,1.08,2.1,5.0
Co-F-Hg-O,2,1.32,0.6505382386916237,0.86,1.78,4.0
Co-F-In-N-O,2,1.25,0.4101219330881976,0.96,1.54,5.0
Co-F-In-O,2,0.8700000000000001,0.29698484809834996,0.66,1.08,4.0
Co-F-Ir-N-O,2,1.7000000000000002,0.11313708498984763,1.62,1.78,5.0
Co-F-Ir-O,2,1.67,0.0989949493661165,1.6,1.74,4.0
Co-F-K-N-O,2,2.32,1.6404877323527902,1.16,3.48,5.0
Co-F-K-O,2,1.96,1.6404877323527904,0.8,3.12,4.0
Co-F-La-N-O,2,1.4500000000000002,1.0040916292848974,0.74,2.16,5.0
Co-F-La-O,2,1.08,0.820243866176395,0.5,1.66,4.0
Co-F-Li-N-O,2,1.81,0.8061017305526642,1.24,2.38,5.0
Co-F-Li-O,2,1.65,1.0323759005323594,0.92,2.38,4.0
Co-F-Mg-N-O,2,1.53,0.3818376618407357,1.26,1.8,5.0
Co-F-Mg-O,2,1.0,0.33941125496954283,0.76,1.24,4.0
Co-F-Mn-N-O,2,1.1400000000000001,0.056568542494923615,1.1,1.18,5.0
Co-F-Mn-O,2,0.73,0.04242640687119289,0.7,0.76,4.0
Co-F-Mo-N-O,2,1.15,0.21213203435596437,1.0,1.3,5.0
Co-F-Mo-O,2,1.13,0.014142135623730885,1.12,1.14,4.0
Co-F-N-Na-O,2,2.05,1.3435028842544403,1.1,3.0,5.0
Co-F-N-Nb-O,2,0.97,0.15556349186104054,0.86,1.08,5.0
Co-F-N-Ni-O,2,1.4700000000000002,0.21213203435596437,1.32,1.62,5.0
Co-F-N-O-Os,2,1.54,0.42426406871192857,1.24,1.84,5.0
Co-F-N-O-Pb,2,1.35,0.6646803743153548,0.88,1.82,5.0
Co-F-N-O-Pd,2,1.65,0.5515432893255071,1.26,2.04,5.0
Co-F-N-O-Pt,2,1.6800000000000002,0.19798989873223324,1.54,1.82,5.0
Co-F-N-O-Rb,2,1.7599999999999998,0.7071067811865472,1.26,2.26,5.0
Co-F-N-O-Re,2,1.3599999999999999,0.4525483399593904,1.04,1.68,5.0
Co-F-N-O-Rh,2,1.5,0.14142135623730964,1.4,1.6,5.0
Co-F-N-O-Ru,2,1.44,0.0,1.44,1.44,5.0
Co-F-N-O-Sb,2,1.19,0.21213203435596437,1.04,1.34,5.0
Co-F-N-O-Sc,2,1.3599999999999999,0.1979898987322334,1.22,1.5,5.0
Co-F-N-O-Si,2,1.4700000000000002,0.49497474683058335,1.12,1.82,5.0
Co-F-N-O-Sn,2,1.06,0.25455844122715704,0.88,1.24,5.0
Co-F-N-O-Sr,2,1.91,1.3152186130069783,0.98,2.84,5.0
Co-F-N-O-Ta,2,1.12,0.48083261120685217,0.78,1.46,5.0
Co-F-N-O-Te,2,1.21,0.04242640687119289,1.18,1.24,5.0
Co-F-N-O-Ti,2,0.9199999999999999,0.4525483399593904,0.6,1.24,5.0
Co-F-N-O-Tl,2,1.45,0.6646803743153546,0.98,1.92,5.0
Co-F-N-O-V,2,1.08,0.16970562748477133,0.96,1.2,5.0
Co-F-N-O-W,2,1.23,0.46669047558312143,0.9,1.56,5.0
Co-F-N-O-Y,2,1.33,0.4949747468305831,0.98,1.68,5.0
Co-F-N-O-Zn,2,1.44,0.33941125496954283,1.2,1.68,5.0
Co-F-N-O-Zr,2,1.13,0.1838477631085023,1.0,1.26,5.0
Co-F-Na-O,2,1.73,1.3435028842544405,0.78,2.68,4.0
Co-F-Nb-O,2,0.9299999999999999,0.3252691193458118,0.7,1.16,4.0
Co-F-Ni-O,2,1.1,0.028284271247461926,1.08,1.12,4.0
Co-F-O-Os,2,1.6099999999999999,0.15556349186104035,1.5,1.72,4.0
Co-F-O-Pb,2,1.01,0.6363961030678927,0.56,1.46,4.0
Co-F-O-Pd,2,1.32,0.36769552621700474,1.06,1.58,4.0
Co-F-O-Pt,2,1.5499999999999998,0.18384776310850245,1.42,1.68,4.0
Co-F-O-Rb,2,2.04,1.5839191898578666,0.92,3.16,4.0
Co-F-O-Re,2,1.36,0.36769552621700474,1.1,1.62,4.0
Co-F-O-Rh,2,1.3399999999999999,0.16970562748477147,1.22,1.46,4.0
Co-F-O-Ru,2,1.4100000000000001,0.24041630560342614,1.24,1.58,4.0
Co-F-O-Sb,2,1.01,0.18384776310850226,0.88,1.14,4.0
Co-F-O-Sc,2,0.9299999999999999,0.1555634918610405,0.82,1.04,4.0
Co-F-O-Si,2,1.29,0.268700576850888,1.1,1.48,4.0
Co-F-O-Sn,2,0.76,0.28284271247461895,0.56,0.96,4.0
Co-F-O-Sr,2,1.34,1.2727922061357857,0.44,2.24,4.0
Co-F-O-Ta,2,0.88,0.5656854249492381,0.48,1.28,4.0
Co-F-O-Te,2,1.06,0.0,1.06,1.06,4.0
Co-F-O-Ti,2,0.91,0.49497474683058323,0.56,1.26,4.0
Co-F-O-Tl,2,1.07,0.5798275605729689,0.66,1.48,4.0
Co-F-O-V,2,0.8,0.14142135623730953,0.7,0.9,4.0
Co-F-O-W,2,1.29,0.268700576850888,1.1,1.48,4.0
Co-F-O-Y,2,1.0,0.22627416997969513,0.84,1.16,4.0
Co-F-O-Zn,2,0.95,0.12727922061357863,0.86,1.04,4.0
Co-F-O-Zr,2,1.04,0.33941125496954283,0.8,1.28,4.0
Co-Fe-N,2,1.31,0.07071067811865482,1.26,1.36,3.0
Co-Fe-O,2,0.95,0.07071067811865478,0.9,1.0,3.0
Co-Fe-O-S,2,0.97,0.07071067811865478,0.92,1.02,4.0
Co-Ga-N,2,1.79,0.7212489168102784,1.28,2.3,3.0
Co-Ga-O,2,0.84,0.0,0.84,0.84,3.0
Co-Ga-O-S,2,0.97,0.014142135623730963,0.96,0.98,4.0
Co-Ge-N,2,1.33,0.15556349186104035,1.22,1.44,3.0
Co-Ge-O,2,0.94,0.05656854249492373,0.9,0.98,3.0
Co-Ge-O-S,2,0.9299999999999999,0.042426406871192854,0.9,0.96,4.0
Co-Hf-N,2,1.48,0.48083261120685244,1.14,1.82,3.0
Co-Hf-O,2,0.96,0.08485281374238574,0.9,1.02,3.0
Co-Hf-O-S,2,1.0,0.22627416997969513,0.84,1.16,4.0
Co-Hg-N,2,2.4,0.876812408671319,1.78,3.02,3.0
Co-Hg-O,2,1.7399999999999998,0.7353910524340094,1.22,2.26,3.0
Co-Hg-O-S,2,1.6700000000000002,0.7778174593052023,1.12,2.22,4.0
Co-In-N,2,2.0,0.8202438661763952,1.42,2.58,3.0
Co-In-O,2,1.1600000000000001,0.5091168824543143,0.8,1.52,3.0
Co-In-O-S,2,0.94,0.11313708498984758,0.86,1.02,4.0
Co-Ir-N,2,1.69,0.4101219330881976,1.4,1.98,3.0
Co-Ir-O,2,1.65,0.3535533905932738,1.4,1.9,3.0
Co-Ir-O-S,2,1.35,0.04242640687119281,1.32,1.38,4.0
Co-K-N,2,3.27,1.7394826817189069,2.04,4.5,3.0
Co-K-O,2,1.26,0.6222539674441617,0.82,1.7,3.0
Co-K-O-S,2,2.5100000000000002,1.6263455967290594,1.36,3.66,4.0
Co-La-N,2,1.73,1.3435028842544403,0.78,2.68,3.0
Co-La-O,2,1.03,1.0323759005323594,0.3,1.76,3.0
Co-La-O-S,2,1.42,1.2445079348883235,0.54,2.3,4.0
Co-Li-N,2,1.8900000000000001,0.04242640687119281,1.86,1.92,3.0
Co-Li-O,2,1.54,0.8202438661763952,0.96,2.12,3.0
Co-Li-O-S,2,1.28,0.0,1.28,1.28,4.0
Co-Mg-N,2,2.24,0.9050966799187808,1.6,2.88,3.0
Co-Mg-O,2,1.2,0.5374011537017762,0.82,1.58,3.0
Co-Mg-O-S,2,0.99,0.014142135623730963,0.98,1.0,4.0
Co-Mn-N,2,1.21,0.07071067811865482,1.16,1.26,3.0
Co-Mn-O,2,0.6799999999999999,0.028284271247461808,0.66,0.7,3.0
Co-Mn-O-S,2,0.9099999999999999,0.0707106781186547,0.86,0.96,4.0
Co-Mo-N,2,1.01,0.2404163056034262,0.84,1.18,3.0
Co-Mo-O,2,1.2000000000000002,0.22627416997969516,1.04,1.36,3.0
Co-Mo-O-S,2,1.0,0.25455844122715704,0.82,1.18,4.0
Co-N-Na,2,2.05,0.21213203435596428,1.9,2.2,3.0
Co-N-Nb,2,1.05,0.014142135623730963,1.04,1.06,3.0
Co-N-Ni,2,1.3900000000000001,0.09899494936611666,1.32,1.46,3.0
Co-N-O,2,1.19,0.04242640687119289,1.16,1.22,3.0
Co-N-Os,2,1.6,0.056568542494923615,1.56,1.64,3.0
Co-N-Pb,2,1.73,0.3818376618407357,1.46,2.0,3.0
Co-N-Pd,2,1.63,0.1838477631085023,1.5,1.76,3.0
Co-N-Pt,2,1.6,0.11313708498984747,1.52,1.68,3.0
Co-N-Rb,2,3.2800000000000002,1.5839191898578666,2.16,4.4,3.0
Co-N-Re,2,1.51,0.4666904755831215,1.18,1.84,3.0
Co-N-Rh,2,1.45,0.07071067811865482,1.4,1.5,3.0
Co-N-Ru,2,1.37,0.07071067811865459,1.32,1.42,3.0
Co-N-Sb,2,1.77,0.3535533905932738,1.52,2.02,3.0
Co-N-Sc,2,1.3,0.28284271247461895,1.1,1.5,3.0
Co-N-Si,2,1.45,0.09899494936611673,1.38,1.52,3.0
Co-N-Sn,2,1.48,0.28284271247461895,1.28,1.68,3.0
Co-N-Sr,2,1.94,0.4525483399593902,1.62,2.26,3.0
Co-N-Ta,2,1.25,0.24041630560342606,1.08,1.42,3.0
Co-N-Te,2,1.9,0.3111269837220811,1.68,2.12,3.0
Co-N-Ti,2,1.45,0.3818376618407357,1.18,1.72,3.0
Co-N-Tl,2,2.38,0.9050966799187808,1.74,3.02,3.0
Co-N-V,2,1.48,0.0,1.48,1.48,3.0
Co-N-W,2,0.97,0.3818376618407357,0.7,1.24,3.0
Co-N-Y,2,1.74,1.0748023074035522,0.98,2.5,3.0
Co-N-Zn,2,1.5699999999999998,0.0989949493661165,1.5,1.64,3.0
Co-N-Zr,2,1.13,0.2687005768508882,0.94,1.32,3.0
Co-Na-O,2,1.6099999999999999,1.117228714274745,0.82,2.4,3.0
Co-Na-O-S,2,1.44,0.22627416997969532,1.28,1.6,4.0
Co-Nb-O,2,0.77,0.18384776310850237,0.64,0.9,3.0
Co-Nb-O-S,2,0.74,0.36769552621700474,0.48,1.0,4.0
Co-Ni-O,2,1.3199999999999998,0.11313708498984763,1.24,1.4,3.0
Co-Ni-O-S,2,1.08,0.05656854249492385,1.04,1.12,4.0
Co-O-Os,2,1.5499999999999998,0.1272792206135786,1.46,1.64,3.0
Co-O-Os-S,2,1.4100000000000001,0.21213203435596437,1.26,1.56,4.0
Co-O-Pb,2,1.0,0.36769552621700474,0.74,1.26,3.0
Co-O-Pb-S,2,1.09,0.2687005768508881,0.9,1.28,4.0
Co-O-Pd,2,1.49,0.09899494936611673,1.42,1.56,3.0
Co-O-Pd-S,2,1.1800000000000002,0.11313708498984747,1.1,1.26,4.0
Co-O-Pt,2,1.6400000000000001,0.11313708498984763,1.56,1.72,3.0
Co-O-Pt-S,2,1.2999999999999998,0.1414213562373094,1.2,1.4,4.0
Co-O-Rb,2,1.3900000000000001,0.6646803743153546,0.92,1.86,3.0
Co-O-Rb-S,2,2.5999999999999996,1.64048773235279,1.44,3.76,4.0
Co-O-Re,2,1.3599999999999999,0.5939696961966999,0.94,1.78,3.0
Co-O-Re-S,2,1.06,0.25455844122715704,0.88,1.24,4.0
Co-O-Rh,2,1.4300000000000002,0.1272792206135786,1.34,1.52,3.0
Co-O-Rh-S,2,1.2,0.0,1.2,1.2,4.0
Co-O-Ru,2,1.44,0.08485281374238578,1.38,1.5,3.0
Co-O-Ru-S,2,1.28,0.05656854249492385,1.24,1.32,4.0
Co-O-S-Sb,2,0.8899999999999999,0.07071067811865478,0.84,0.94,4.0
Co-O-S-Sc,2,0.92,0.0,0.92,0.92,4.0
Co-O-S-Si,2,1.4300000000000002,0.2687005768508882,1.24,1.62,4.0
Co-O-S-Sn,2,0.9199999999999999,0.028284271247461888,0.9,0.94,4.0
Co-O-S-Sr,2,1.28,0.5374011537017761,0.9,1.66,4.0
Co-O-S-Ta,2,0.67,0.4666904755831214,0.34,1.0,4.0
Co-O-S-Te,2,1.08,0.028284271247461926,1.06,1.1,4.0
Co-O-S-Ti,2,1.1,0.28284271247461906,0.9,1.3,4.0
Co-O-S-Tl,2,1.2200000000000002,0.1979898987322334,1.08,1.36,4.0
Co-O-S-V,2,0.74,0.25455844122715715,0.56,0.92,4.0
Co-O-S-W,2,1.04,0.45254833995939053,0.72,1.36,4.0
Co-O-S-Y,2,0.88,0.16970562748477142,0.76,1.0,4.0
Co-O-S-Zn,2,1.5299999999999998,0.5232590180780453,1.16,1.9,4.0
Co-O-S-Zr,2,0.89,0.18384776310850237,0.76,1.02,4.0
Co-O-Sb,2,0.79,0.12727922061357855,0.7,0.88,3.0
Co-O-Sc,2,1.06,0.42426406871192857,0.76,1.36,3.0
Co-O-Si,2,1.15,0.4384062043356595,0.84,1.46,3.0
Co-O-Sn,2,0.77,0.014142135623730963,0.76,0.78,3.0
Co-O-Sr,2,1.3499999999999999,1.2869343417595163,0.44,2.26,3.0
Co-O-Ta,2,0.82,0.565685424949238,0.42,1.22,3.0
Co-O-Te,2,1.22,0.25455844122715704,1.04,1.4,3.0
Co-O-Ti,2,0.71,0.35355339059327373,0.46,0.96,3.0
Co-O-Tl,2,1.28,0.36769552621700474,1.02,1.54,3.0
Co-O-V,2,0.7,0.05656854249492373,0.66,0.74,3.0
Co-O-W,2,0.96,0.33941125496954283,0.72,1.2,3.0
Co-O-Y,2,1.1,0.7071067811865476,0.6,1.6,3.0
Co-O-Zn,2,1.09,0.2687005768508881,0.9,1.28,3.0
Co-O-Zr,2,0.97,0.0707106781186547,0.92,1.02,3.0
Cr-Cs-F-N-O,2,2.09,1.3435028842544405,1.14,3.04,5.0
Cr-Cs-F-O,2,1.41,1.3717871555019021,0.44,2.38,4.0
Cr-Cs-N,2,2.24,0.5656854249492381,1.84,2.64,3.0
Cr-Cs-O,2,1.39,1.400071426749364,0.4,2.38,3.0
Cr-Cs-O-S,2,2.01,1.3717871555019023,1.04,2.98,4.0
Cr-Cu-F-N-O,2,1.19,0.4101219330881976,0.9,1.48,5.0
Cr-Cu-F-O,2,0.77,0.2969848480983499,0.56,0.98,4.0
Cr-Cu-N,2,1.42,0.39597979746446665,1.14,1.7,3.0
Cr-Cu-O,2,1.01,0.4666904755831214,0.68,1.34,3.0
Cr-Cu-O-S,2,0.8,0.08485281374238567,0.74,0.86,4.0
Cr-F-Fe-N-O,2,1.01,0.09899494936611673,0.94,1.08,5.0
Cr-F-Fe-O,2,0.63,0.09899494936611658,0.56,0.7,4.0
Cr-F-Ga-N-O,2,0.86,0.19798989873223333,0.72,1.0,5.0
Cr-F-Ga-O,2,0.39,0.07071067811865474,0.34,0.44,4.0
Cr-F-Ge-N-O,2,0.83,0.15556349186104043,0.72,0.94,5.0
Cr-F-Ge-O,2,0.52,0.22627416997969527,0.36,0.68,4.0
Cr-F-Hf-N-O,2,1.1,0.282842712474619,0.9,1.3,5.0
Cr-F-Hf-O,2,0.9500000000000001,0.579827560572969,0.54,1.36,4.0
Cr-F-Hg-N-O,2,1.4,0.8202438661763952,0.82,1.98,5.0
Cr-F-Hg-O,2,1.05,0.8061017305526643,0.48,1.62,4.0
Cr-F-In-N-O,2,0.94,0.4808326112068523,0.6,1.28,5.0
Cr-F-In-O,2,0.48,0.3959797974644666,0.2,0.76,4.0
Cr-F-Ir-N-O,2,1.62,0.08485281374238571,1.56,1.68,5.0
Cr-F-Ir-O,2,1.42,0.1414213562373094,1.32,1.52,4.0
Cr-F-K-N-O,2,1.8199999999999998,1.3293607486307093,0.88,2.76,5.0
Cr-F-K-O,2,1.61,1.994041122946064,0.2,3.02,4.0
Cr-F-La-N-O,2,1.06,0.7919595949289333,0.5,1.62,5.0
Cr-F-La-O,2,1.13,0.9192388155425119,0.48,1.78,4.0
Cr-F-Li-N-O,2,1.39,0.6929646455628165,0.9,1.88,5.0
Cr-F-Li-O,2,0.8200000000000001,0.7071067811865476,0.32,1.32,4.0
Cr-F-Mg-N-O,2,1.19,0.4384062043356594,0.88,1.5,5.0
Cr-F-Mg-O,2,0.5599999999999999,0.3676955262170047,0.3,0.82,4.0
Cr-F-Mn-N-O,2,0.86,0.11313708498984755,0.78,0.94,5.0
Cr-F-Mn-O,2,0.32,0.16970562748477142,0.2,0.44,4.0
Cr-F-Mo-N-O,2,0.97,0.1555634918610405,0.86,1.08,5.0
Cr-F-Mo-O,2,0.74,0.08485281374238567,0.68,0.8,4.0
Cr-F-N-Na-O,2,1.35,0.806101730552664,0.78,1.92,5.0
Cr-F-N-Nb-O,2,0.9400000000000001,0.2545584412271572,0.76,1.12,5.0
Cr-F-N-Ni-O,2,1.1600000000000001,0.16970562748477133,1.04,1.28,5.0
Cr-F-N-O-Os,2,1.52,0.28284271247461895,1.32,1.72,5.0
Cr-F-N-O-Pb,2,1.05,0.7778174593052023,0.5,1.6,5.0
Cr-F-N-O-Pd,2,1.37,0.43840620433565947,1.06,1.68,5.0
Cr-F-N-O-Pt,2,1.52,0.31112698372208086,1.3,1.74,5.0
Cr-F-N-O-Rb,2,2.42,2.0081832585697947,1.0,3.84,5.0
Cr-F-N-O-Re,2,1.29,0.3818376618407357,1.02,1.56,5.0
Cr-F-N-O-Rh,2,1.3399999999999999,0.22627416997969516,1.18,1.5,5.0
Cr-F-N-O-Ru,2,1.32,0.05656854249492385,1.28,1.36,5.0
Cr-F-N-O-Sb,2,0.96,0.31112698372208086,0.74,1.18,5.0
Cr-F-N-O-Sc,2,1.1099999999999999,0.18384776310850245,0.98,1.24,5.0
Cr-F-N-O-Si,2,1.18,0.33941125496954283,0.94,1.42,5.0
Cr-F-N-O-Sn,2,0.79,0.3818376618407357,0.52,1.06,5.0
Cr-F-N-O-Sr,2,1.79,1.682914139223983,0.6,2.98,5.0
Cr-F-N-O-Ta,2,1.1099999999999999,0.49497474683058335,0.76,1.46,5.0
Cr-F-N-O-Te,2,1.13,0.21213203435596437,0.98,1.28,5.0
Cr-F-N-O-Ti,2,0.8700000000000001,0.3535533905932739,0.62,1.12,5.0
Cr-F-N-O-Tl,2,1.27,0.7778174593052023,0.72,1.82,5.0
Cr-F-N-O-V,2,0.8,0.08485281374238574,0.74,0.86,5.0
Cr-F-N-O-W,2,1.13,0.4101219330881975,0.84,1.42,5.0
Cr-F-N-O-Y,2,1.0899999999999999,0.4666904755831214,0.76,1.42,5.0
Cr-F-N-O-Zn,2,1.14,0.42426406871192845,0.84,1.44,5.0
Cr-F-N-O-Zr,2,1.0,0.1414213562373096,0.9,1.1,5.0
Cr-F-Na-O,2,1.33,1.6263455967290592,0.18,2.48,4.0
Cr-F-Nb-O,2,0.7,0.25455844122715704,0.52,0.88,4.0
Cr-F-Ni-O,2,1.0,0.39597979746446665,0.72,1.28,4.0
Cr-F-O-Os,2,1.4,0.08485281374238571,1.34,1.46,4.0
Cr-F-O-Pb,2,0.6000000000000001,0.7353910524340096,0.08,1.12,4.0
Cr-F-O-Pd,2,1.04,0.5091168824543142,0.68,1.4,4.0
Cr-F-O-Pt,2,1.27,0.3535533905932738,1.02,1.52,4.0
Cr-F-O-Rb,2,1.72,2.0081832585697947,0.3,3.14,4.0
Cr-F-O-Re,2,1.15,0.26870057685088805,0.96,1.34,4.0
Cr-F-O-Rh,2,1.09,0.2687005768508881,0.9,1.28,4.0
Cr-F-O-Ru,2,1.0899999999999999,0.15556349186104035,0.98,1.2,4.0
Cr-F-O-Sb,2,0.69,0.2687005768508881,0.5,0.88,4.0
Cr-F-O-Sc,2,0.59,0.15556349186104043,0.48,0.7,4.0
Cr-F-O-Si,2,1.01,0.12727922061357863,0.92,1.1,4.0
Cr-F-O-Sn,2,0.43999999999999995,0.3676955262170047,0.18,0.7,4.0
Cr-F-O-Sr,2,0.74,1.0748023074035522,-0.02,1.5,4.0
Cr-F-O-Ta,2,0.76,0.537401153701776,0.38,1.14,4.0
Cr-F-O-Te,2,0.93,0.21213203435596428,0.78,1.08,4.0
Cr-F-O-Ti,2,0.68,0.33941125496954283,0.44,0.92,4.0
Cr-F-O-Tl,2,0.8,0.7353910524340095,0.28,1.32,4.0
Cr-F-O-V,2,0.44,0.11313708498984763,0.36,0.52,4.0
Cr-F-O-W,2,1.0,0.36769552621700474,0.74,1.26,4.0
Cr-F-O-Y,2,0.69,0.18384776310850232,0.56,0.82,4.0
Cr-F-O-Zn,2,0.55,0.21213203435596426,0.4,0.7,4.0
Cr-F-O-Zr,2,0.78,0.36769552621700474,0.52,1.04,4.0
Cr-Fe-N,2,1.0,0.14142135623730953,0.9,1.1,3.0
Cr-Fe-O,2,0.64,0.11313708498984755,0.56,0.72,3.0
Cr-Fe-O-S,2,0.6799999999999999,0.028284271247461888,0.66,0.7,4.0
Cr-Ga-N,2,1.23,0.3252691193458118,1.0,1.46,3.0
Cr-Ga-O,2,0.55,0.3252691193458119,0.32,0.78,3.0
Cr-Ga-O-S,2,0.81,0.0989949493661167,0.74,0.88,4.0
Cr-Ge-N,2,1.06,0.25455844122715704,0.88,1.24,3.0
Cr-Ge-O,2,0.41000000000000003,0.21213203435596428,0.26,0.56,3.0
Cr-Ge-O-S,2,0.6599999999999999,0.11313708498984766,0.58,0.74,4.0
Cr-Hf-N,2,1.18,0.4525483399593905,0.86,1.5,3.0
Cr-Hf-O,2,0.75,0.268700576850888,0.56,0.94,3.0
Cr-Hf-O-S,2,0.77,0.26870057685088805,0.58,0.96,4.0
Cr-Hg-N,2,2.05,0.9192388155425119,1.4,2.7,3.0
Cr-Hg-O,2,0.99,0.551543289325507,0.6,1.38,3.0
Cr-Hg-O-S,2,1.31,0.862670273047588,0.7,1.92,4.0
Cr-In-N,2,1.3599999999999999,0.4525483399593904,1.04,1.68,3.0
Cr-In-O,2,0.44,0.2545584412271571,0.26,0.62,3.0
Cr-In-O-S,2,0.72,0.19798989873223333,0.58,0.86,4.0
Cr-Ir-N,2,1.71,0.04242640687119289,1.68,1.74,3.0
Cr-Ir-O,2,1.35,0.04242640687119265,1.32,1.38,3.0
Cr-Ir-O-S,2,1.12,0.056568542494923615,1.08,1.16,4.0
Cr-K-N,2,2.8499999999999996,1.7677669529663682,1.6,4.1,3.0
Cr-K-O,2,0.7000000000000001,0.876812408671319,0.08,1.32,3.0
Cr-K-O-S,2,1.89,1.5132085117392116,0.82,2.96,4.0
Cr-La-N,2,1.38,1.5273506473629426,0.3,2.46,3.0
Cr-La-O,2,0.31999999999999995,0.7353910524340095,-0.2,0.84,3.0
Cr-La-O-S,2,0.5900000000000001,0.4384062043356594,0.28,0.9,4.0
Cr-Li-N,2,1.8,0.45254833995939053,1.48,2.12,3.0
Cr-Li-O,2,0.67,0.6363961030678928,0.22,1.12,3.0
Cr-Li-O-S,2,0.88,0.14142135623730948,0.78,0.98,4.0
Cr-Mg-N,2,1.87,0.9475230867899737,1.2,2.54,3.0
Cr-Mg-O,2,0.67,0.579827560572969,0.26,1.08,3.0
Cr-Mg-O-S,2,1.05,0.6646803743153548,0.58,1.52,4.0
Cr-Mn-N,2,0.9099999999999999,0.09899494936611662,0.84,0.98,3.0
Cr-Mn-O,2,0.36,0.16970562748477142,0.24,0.48,3.0
Cr-Mn-O-S,2,0.65,0.04242640687119289,0.62,0.68,4.0
Cr-Mo-N,2,1.01,0.12727922061357863,0.92,1.1,3.0
Cr-Mo-O,2,0.6,0.2262741699796952,0.44,0.76,3.0
Cr-Mo-O-S,2,0.77,0.2687005768508881,0.58,0.96,4.0
Cr-N-Na,2,1.75,0.4666904755831215,1.42,2.08,3.0
Cr-N-Nb,2,0.93,0.21213203435596428,0.78,1.08,3.0
Cr-N-Ni,2,1.17,0.2687005768508882,0.98,1.36,3.0
Cr-N-O,2,0.8400000000000001,0.25455844122715704,0.66,1.02,3.0
Cr-N-Os,2,1.38,0.02828427124746185,1.36,1.4,3.0
Cr-N-Pb,2,1.4300000000000002,0.608111831820431,1.0,1.86,3.0
Cr-N-Pd,2,1.4,0.36769552621700474,1.14,1.66,3.0
Cr-N-Pt,2,1.3900000000000001,0.2404163056034263,1.22,1.56,3.0
Cr-N-Rb,2,2.12,0.622253967444162,1.68,2.56,3.0
Cr-N-Re,2,1.3,0.5374011537017761,0.92,1.68,3.0
Cr-N-Rh,2,1.25,0.1555634918610406,1.14,1.36,3.0
Cr-N-Ru,2,1.17,0.014142135623730963,1.16,1.18,3.0
Cr-N-Sb,2,1.43,0.3818376618407357,1.16,1.7,3.0
Cr-N-Sc,2,1.03,0.5232590180780451,0.66,1.4,3.0
Cr-N-Si,2,1.02,0.05656854249492385,0.98,1.06,3.0
Cr-N-Sn,2,1.17,0.3818376618407356,0.9,1.44,3.0
Cr-N-Sr,2,1.6300000000000001,0.7212489168102785,1.12,2.14,3.0
Cr-N-Ta,2,0.8899999999999999,0.4101219330881976,0.6,1.18,3.0
Cr-N-Te,2,1.63,0.32526911934581193,1.4,1.86,3.0
Cr-N-Ti,2,1.15,0.4101219330881975,0.86,1.44,3.0
Cr-N-Tl,2,2.08,0.9899494936611662,1.38,2.78,3.0
Cr-N-V,2,1.16,0.028284271247461926,1.14,1.18,3.0
Cr-N-W,2,0.74,0.36769552621700474,0.48,1.0,3.0
Cr-N-Y,2,1.39,1.2303657992645924,0.52,2.26,3.0
Cr-N-Zn,2,1.46,0.36769552621700474,1.2,1.72,3.0
Cr-N-Zr,2,0.93,0.18384776310850237,0.8,1.06,3.0
Cr-Na-O,2,1.36,1.8384776310850237,0.06,2.66,3.0
Cr-Na-O-S,2,1.01,0.3818376618407357,0.74,1.28,4.0
Cr-Nb-O,2,0.36,0.11313708498984756,0.28,0.44,3.0
Cr-Nb-O-S,2,0.79,0.2687005768508881,0.6,0.98,4.0
Cr-Ni-O,2,0.9400000000000001,0.19798989873223333,0.8,1.08,3.0
Cr-Ni-O-S,2,0.79,0.0707106781186547,0.74,0.84,4.0
Cr-O-Os,2,1.13,0.014142135623730727,1.12,1.14,3.0
Cr-O-Os-S,2,1.1,0.22627416997969516,0.94,1.26,4.0
Cr-O-Pb,2,0.51,0.5232590180780452,0.14,0.88,3.0
Cr-O-Pb-S,2,0.8200000000000001,0.39597979746446665,0.54,1.1,4.0
Cr-O-Pd,2,0.97,0.24041630560342606,0.8,1.14,3.0
Cr-O-Pd-S,2,0.96,0.08485281374238567,0.9,1.02,4.0
Cr-O-Pt,2,1.1400000000000001,0.02828427124746185,1.12,1.16,3.0
Cr-O-Pt-S,2,1.21,0.1272792206135786,1.12,1.3,4.0
Cr-O-Rb,2,1.4300000000000002,1.739482681718907,0.2,2.66,3.0
Cr-O-Rb-S,2,1.95,1.4849242404917498,0.9,3.0,4.0
Cr-O-Re,2,0.94,0.4808326112068524,0.6,1.28,3.0
Cr-O-Re-S,2,0.91,0.21213203435596428,0.76,1.06,4.0
Cr-O-Rh,2,0.95,0.014142135623730963,0.94,0.96,3.0
Cr-O-Rh-S,2,0.95,0.0707106781186547,0.9,1.0,4.0
Cr-O-Ru,2,1.04,0.1414213562373094,0.94,1.14,3.0
Cr-O-Ru-S,2,1.01,0.09899494936611673,0.94,1.08,4.0
Cr-O-S-Sb,2,0.75,0.268700576850888,0.56,0.94,4.0
Cr-O-S-Sc,2,0.6699999999999999,0.07071067811865478,0.62,0.72,4.0
Cr-O-S-Si,2,1.08,0.16970562748477133,0.96,1.2,4.0
Cr-O-S-Sn,2,0.69,0.15556349186104054,0.58,0.8,4.0
Cr-O-S-Sr,2,1.3399999999999999,1.3010764773832473,0.42,2.26,4.0
Cr-O-S-Ta,2,0.65,0.268700576850888,0.46,0.84,4.0
Cr-O-S-Te,2,0.93,0.18384776310850237,0.8,1.06,4.0
Cr-O-S-Ti,2,0.61,0.2687005768508881,0.42,0.8,4.0
Cr-O-S-Tl,2,0.8700000000000001,0.32526911934581193,0.64,1.1,4.0
Cr-O-S-V,2,0.5700000000000001,0.2404163056034262,0.4,0.74,4.0
Cr-O-S-W,2,0.91,0.18384776310850237,0.78,1.04,4.0
Cr-O-S-Y,2,0.6,0.25455844122715715,0.42,0.78,4.0
Cr-O-S-Zn,2,1.22,0.5939696961966998,0.8,1.64,4.0
Cr-O-S-Zr,2,0.64,0.19798989873223333,0.5,0.78,4.0
Cr-O-Sb,2,0.48,0.3959797974644666,0.2,0.76,3.0
Cr-O-Sc,2,0.63,0.49497474683058323,0.28,0.98,3.0
Cr-O-Si,2,0.71,0.2687005768508881,0.52,0.9,3.0
Cr-O-Sn,2,0.30000000000000004,0.14142135623730953,0.2,0.4,3.0
Cr-O-Sr,2,0.9,1.4990663761154808,-0.16,1.96,3.0
Cr-O-Ta,2,0.45999999999999996,0.565685424949238,0.06,0.86,3.0
Cr-O-Te,2,0.8200000000000001,0.311126983722081,0.6,1.04,3.0
Cr-O-Ti,2,0.45999999999999996,0.5091168824543142,0.1,0.82,3.0
Cr-O-Tl,2,0.77,0.4949747468305834,0.42,1.12,3.0
Cr-O-V,2,0.13,0.12727922061357855,0.04,0.22,3.0
Cr-O-W,2,0.5800000000000001,0.282842712474619,0.38,0.78,3.0
Cr-O-Y,2,0.6699999999999999,0.7778174593052023,0.12,1.22,3.0
Cr-O-Zn,2,0.88,0.5656854249492381,0.48,1.28,3.0
Cr-O-Zr,2,0.43999999999999995,0.3676955262170047,0.18,0.7,3.0
Cs-Cu-F-N-O,2,2.23,0.9475230867899735,1.56,2.9,5.0
Cs-Cu-F-O,2,1.97,0.7778174593052023,1.42,2.52,4.0
Cs-Cu-N,2,3.38,0.9899494936611667,2.68,4.08,3.0
Cs-Cu-O,2,2.02,0.7353910524340095,1.5,2.54,3.0
Cs-Cu-O-S,2,2.46,0.8768124086713188,1.84,3.08,4.0
Cs-F-Fe-N-O,2,1.9700000000000002,0.9758073580374356,1.28,2.66,5.0
Cs-F-Fe-O,2,1.9700000000000002,1.711198410471445,0.76,3.18,4.0
Cs-F-Ga-N-O,2,2.02,1.0182337649086286,1.3,2.74,5.0
Cs-F-Ga-O,2,1.44,0.9616652224137048,0.76,2.12,4.0
Cs-F-Ge-N-O,2,2.0,1.131370849898476,1.2,2.8,5.0
Cs-F-Ge-O,2,1.5299999999999998,1.1455129855222068,0.72,2.34,4.0
Cs-F-Hf-N-O,2,1.75,1.1172287142747452,0.96,2.54,5.0
Cs-F-Hf-O,2,1.25,1.3717871555019023,0.28,2.22,4.0
Cs-F-Hg-N-O,2,2.16,0.565685424949238,1.76,2.56,5.0
Cs-F-Hg-O,2,1.8,0.5656854249492382,1.4,2.2,4.0
Cs-F-In-N-O,2,1.98,0.8202438661763952,1.4,2.56,5.0
Cs-F-In-O,2,1.27,0.8909545442950497,0.64,1.9,4.0
Cs-F-Ir-N-O,2,2.5700000000000003,1.6263455967290592,1.42,3.72,5.0
Cs-F-Ir-O,2,2.36,1.5839191898578664,1.24,3.48,4.0
Cs-F-K-N-O,2,2.5300000000000002,0.014142135623730807,2.52,2.54,5.0
Cs-F-K-O,2,1.53,0.014142135623730963,1.52,1.54,4.0
Cs-F-La-N-O,2,1.9900000000000002,0.8909545442950499,1.36,2.62,5.0
Cs-F-La-O,2,1.24,1.1030865786510142,0.46,2.02,4.0
Cs-F-Li-N-O,2,2.48,0.6505382386916236,2.02,2.94,5.0
Cs-F-Li-O,2,1.8599999999999999,0.3111269837220811,1.64,2.08,4.0
Cs-F-Mg-N-O,2,2.5300000000000002,0.8909545442950503,1.9,3.16,5.0
Cs-F-Mg-O,2,1.64,0.9616652224137046,0.96,2.32,4.0
Cs-F-Mn-N-O,2,2.57,1.8809040379562163,1.24,3.9,5.0
Cs-F-Mn-O,2,1.42,1.2445079348883235,0.54,2.3,4.0
Cs-F-Mo-N-O,2,2.06,1.6970562748477138,0.86,3.26,5.0
Cs-F-Mo-O,2,1.6199999999999999,1.668772003600252,0.44,2.8,4.0
Cs-F-N-Na-O,2,2.34,0.5374011537017761,1.96,2.72,5.0
Cs-F-N-Nb-O,2,1.51,1.2020815280171306,0.66,2.36,5.0
Cs-F-N-Ni-O,2,2.38,1.2162236636408617,1.52,3.24,5.0
Cs-F-N-O-Os,2,2.6599999999999997,1.9798989873223325,1.26,4.06,5.0
Cs-F-N-O-Pb,2,1.92,0.7353910524340095,1.4,2.44,5.0
Cs-F-N-O-Pd,2,2.21,1.0323759005323594,1.48,2.94,5.0
Cs-F-N-O-Pt,2,2.41,1.2586500705120547,1.52,3.3,5.0
Cs-F-N-O-Rb,2,2.51,0.042426406871192736,2.48,2.54,5.0
Cs-F-N-O-Re,2,2.25,1.8526197667087545,0.94,3.56,5.0
Cs-F-N-O-Rh,2,2.32,1.3293607486307093,1.38,3.26,5.0
Cs-F-N-O-Ru,2,2.39,1.6263455967290592,1.24,3.54,5.0
Cs-F-N-O-Sb,2,2.0,1.2162236636408617,1.14,2.86,5.0
Cs-F-N-O-Sc,2,2.35,1.4849242404917498,1.3,3.4,5.0
Cs-F-N-O-Si,2,2.62,1.442497833620557,1.6,3.64,5.0
Cs-F-N-O-Sn,2,1.81,1.0040916292848974,1.1,2.52,5.0
Cs-F-N-O-Sr,2,2.29,0.3818376618407357,2.02,2.56,5.0
Cs-F-N-O-Ta,2,1.45,1.2586500705120545,0.56,2.34,5.0
Cs-F-N-O-Te,2,2.03,1.2303657992645927,1.16,2.9,5.0
Cs-F-N-O-Ti,2,2.06,1.9233304448274096,0.7,3.42,5.0
Cs-F-N-O-Tl,2,1.8399999999999999,0.6222539674441617,1.4,2.28,5.0
Cs-F-N-O-V,2,2.27,1.8809040379562165,0.94,3.6,5.0
Cs-F-N-O-W,2,2.21,2.022325394193526,0.78,3.64,5.0
Cs-F-N-O-Y,2,1.7999999999999998,0.7353910524340094,1.28,2.32,5.0
Cs-F-N-O-Zn,2,2.38,0.8202438661763952,1.8,2.96,5.0
Cs-F-N-O-Zr,2,1.67,1.0889444430272832,0.9,2.44,5.0
Cs-F-Na-O,2,1.65,0.15556349186104035,1.54,1.76,4.0
Cs-F-Nb-O,2,1.6,1.9233304448274091,0.24,2.96,4.0
Cs-F-Ni-O,2,2.03,1.088944443027283,1.26,2.8,4.0
Cs-F-O-Os,2,2.48,1.8950461735799475,1.14,3.82,4.0
Cs-F-O-Pb,2,1.28,0.7353910524340095,0.76,1.8,4.0
Cs-F-O-Pd,2,1.96,0.9333809511662429,1.3,2.62,4.0
Cs-F-O-Pt,2,2.17,1.1737972567696688,1.34,3.0,4.0
Cs-F-O-Rb,2,1.51,0.04242640687119289,1.48,1.54,4.0
Cs-F-O-Re,2,1.9900000000000002,1.711198410471445,0.78,3.2,4.0
Cs-F-O-Rh,2,2.05,1.2869343417595167,1.14,2.96,4.0
Cs-F-O-Ru,2,2.16,1.5839191898578664,1.04,3.28,4.0
Cs-F-O-Sb,2,1.45,1.2869343417595163,0.54,2.36,4.0
Cs-F-O-Sc,2,1.7,1.6122034611053282,0.56,2.84,4.0
Cs-F-O-Si,2,2.18,1.4707821048680192,1.14,3.22,4.0
Cs-F-O-Sn,2,1.22,1.0465180361560904,0.48,1.96,4.0
Cs-F-O-Sr,2,1.23,0.4384062043356594,0.92,1.54,4.0
Cs-F-O-Ta,2,1.78,2.206173157302028,0.22,3.34,4.0
Cs-F-O-Te,2,1.57,1.3717871555019023,0.6,2.54,4.0
Cs-F-O-Ti,2,1.67,1.9091883092036783,0.32,3.02,4.0
Cs-F-O-Tl,2,1.4500000000000002,0.5232590180780453,1.08,1.82,4.0
Cs-F-O-V,2,1.6099999999999999,1.9091883092036783,0.26,2.96,4.0
Cs-F-O-W,2,1.9,1.951614716074871,0.52,3.28,4.0
Cs-F-O-Y,2,1.56,1.442497833620557,0.54,2.58,4.0
Cs-F-O-Zn,2,1.7799999999999998,0.876812408671319,1.16,2.4,4.0
Cs-F-O-Zr,2,1.73,2.1637467504308354,0.2,3.26,4.0
Cs-Fe-N,2,2.54,0.3959797974644668,2.26,2.82,3.0
Cs-Fe-O,2,2.06,1.6122034611053286,0.92,3.2,3.0
Cs-Fe-O-S,2,2.48,1.7253405460951758,1.26,3.7,4.0
Cs-Ga-N,2,2.5300000000000002,0.21213203435596428,2.38,2.68,3.0
Cs-Ga-O,2,1.55,0.8909545442950499,0.92,2.18,3.0
Cs-Ga-O-S,2,2.1399999999999997,0.9050966799187808,1.5,2.78,4.0
Cs-Ge-N,2,2.5,0.2545584412271574,2.32,2.68,3.0
Cs-Ge-O,2,1.37,0.862670273047588,0.76,1.98,3.0
Cs-Ge-O-S,2,2.05,1.1172287142747448,1.26,2.84,4.0
Cs-Hf-N,2,2.85,1.5132085117392116,1.78,3.92,3.0
Cs-Hf-O,2,1.1099999999999999,1.1455129855222068,0.3,1.92,3.0
Cs-Hf-O-S,2,2.44,2.0364675298172568,1.0,3.88,4.0
Cs-Hg-N,2,3.46,0.4808326112068521,3.12,3.8,3.0
Cs-Hg-O,2,1.94,0.537401153701776,1.56,2.32,3.0
Cs-Hg-O-S,2,2.31,0.6363961030678925,1.86,2.76,4.0
Cs-In-N,2,3.16,0.6788225099390857,2.68,3.64,3.0
Cs-In-O,2,1.44,0.8202438661763952,0.86,2.02,3.0
Cs-In-O-S,2,2.01,0.8626702730475883,1.4,2.62,4.0
Cs-Ir-N,2,3.4299999999999997,1.7677669529663682,2.18,4.68,3.0
Cs-Ir-O,2,2.24,1.725340546095176,1.02,3.46,3.0
Cs-Ir-O-S,2,2.73,1.711198410471445,1.52,3.94,4.0
Cs-K-N,2,4.02,0.16970562748477142,3.9,4.14,3.0
Cs-K-O,2,1.73,0.1838477631085023,1.6,1.86,3.0
Cs-K-O-S,2,2.6100000000000003,0.01414213562373112,2.6,2.62,4.0
Cs-La-N,2,2.55,0.466690475583121,2.22,2.88,3.0
Cs-La-O,2,1.03,0.5232590180780451,0.66,1.4,3.0
Cs-La-O-S,2,1.95,0.8061017305526643,1.38,2.52,4.0
Cs-Li-N,2,3.34,0.197989898732233,3.2,3.48,3.0
Cs-Li-O,2,1.99,0.1555634918610406,1.88,2.1,3.0
Cs-Li-O-S,2,2.6799999999999997,0.3959797974644668,2.4,2.96,4.0
Cs-Mg-N,2,2.92,0.19798989873223347,2.78,3.06,3.0
Cs-Mg-O,2,1.54,0.45254833995939053,1.22,1.86,3.0
Cs-Mg-O-S,2,2.37,0.8343860018001261,1.78,2.96,4.0
Cs-Mn-N,2,2.42,0.4525483399593903,2.1,2.74,3.0
Cs-Mn-O,2,1.45,1.1737972567696688,0.62,2.28,3.0
Cs-Mn-O-S,2,2.13,1.2303657992645927,1.26,3.0,4.0
Cs-Mo-N,2,2.0700000000000003,0.8061017305526644,1.5,2.64,3.0
Cs-Mo-O,2,1.44,1.951614716074871,0.06,2.82,3.0
Cs-Mo-O-S,2,2.2,1.7819090885900999,0.94,3.46,4.0
Cs-N-Na,2,3.7199999999999998,0.22627416997969527,3.56,3.88,3.0
Cs-N-Nb,2,2.87,1.7960512242138302,1.6,4.14,3.0
Cs-N-Ni,2,3.3600000000000003,1.244507934888324,2.48,4.24,3.0
Cs-N-O,2,2.75,1.1172287142747452,1.96,3.54,3.0
Cs-N-Os,2,2.34,0.6788225099390853,1.86,2.82,3.0
Cs-N-Pb,2,2.75,0.014142135623730649,2.74,2.76,3.0
Cs-N-Pd,2,3.28,1.1030865786510138,2.5,4.06,3.0
Cs-N-Pt,2,3.3899999999999997,1.34350288425444,2.44,4.34,3.0
Cs-N-Rb,2,4.09,0.21213203435596428,3.94,4.24,3.0
Cs-N-Re,2,3.09,2.248599564173221,1.5,4.68,3.0
Cs-N-Rh,2,2.5,0.3111269837220812,2.28,2.72,3.0
Cs-N-Ru,2,2.44,0.4808326112068521,2.1,2.78,3.0
Cs-N-Sb,2,2.9400000000000004,1.0748023074035524,2.18,3.7,3.0
Cs-N-Sc,2,3.0,1.074802307403552,2.24,3.76,3.0
Cs-N-Si,2,2.76,0.4242640687119284,2.46,3.06,3.0
Cs-N-Sn,2,2.96,0.8202438661763952,2.38,3.54,3.0
Cs-N-Sr,2,3.4000000000000004,0.2545584412271569,3.22,3.58,3.0
Cs-N-Ta,2,2.0700000000000003,0.8061017305526641,1.5,2.64,3.0
Cs-N-Te,2,3.1399999999999997,1.0748023074035522,2.38,3.9,3.0
Cs-N-Ti,2,2.4,0.537401153701776,2.02,2.78,3.0
Cs-N-Tl,2,3.22,0.7071067811865476,2.72,3.72,3.0
Cs-N-V,2,2.88,1.6122034611053278,1.74,4.02,3.0
Cs-N-W,2,2.89,2.1637467504308354,1.36,4.42,3.0
Cs-N-Y,2,2.76,0.8202438661763951,2.18,3.34,3.0
Cs-N-Zn,2,2.77,0.15556349186104027,2.66,2.88,3.0
Cs-N-Zr,2,2.84,1.414213562373095,1.84,3.84,3.0
Cs-Na-O,2,1.81,0.014142135623730963,1.8,1.82,3.0
Cs-Na-O-S,2,2.5999999999999996,0.22627416997969493,2.44,2.76,4.0
Cs-Nb-O,2,1.74,2.206173157302028,0.18,3.3,3.0
Cs-Nb-O-S,2,2.07,2.022325394193526,0.64,3.5,4.0
Cs-Ni-O,2,2.09,1.0323759005323594,1.36,2.82,3.0
Cs-Ni-O-S,2,2.55,1.2020815280171306,1.7,3.4,4.0
Cs-O-Os,2,2.27,2.1354624791833734,0.76,3.78,3.0
Cs-O-Os-S,2,2.76,2.0081832585697947,1.34,4.18,4.0
Cs-O-Pb,2,1.3,0.5656854249492379,0.9,1.7,3.0
Cs-O-Pb-S,2,2.0,0.6788225099390857,1.52,2.48,4.0
Cs-O-Pd,2,2.0100000000000002,0.9192388155425117,1.36,2.66,3.0
Cs-O-Pd-S,2,2.47,1.0323759005323594,1.74,3.2,4.0
Cs-O-Pt,2,2.15,1.2303657992645927,1.28,3.02,3.0
Cs-O-Pt-S,2,2.62,1.3010764773832475,1.7,3.54,4.0
Cs-O-Rb,2,1.76,0.2262741699796951,1.6,1.92,3.0
Cs-O-Rb-S,2,2.62,0.028284271247461926,2.6,2.64,4.0
Cs-O-Re,2,1.77,2.1071782079359114,0.28,3.26,3.0
Cs-O-Re-S,2,2.4699999999999998,1.9091883092036783,1.12,3.82,4.0
Cs-O-Rh,2,1.96,1.2445079348883235,1.08,2.84,3.0
Cs-O-Rh-S,2,2.54,1.3859292911256331,1.56,3.52,4.0
Cs-O-Ru,2,1.89,1.4849242404917498,0.84,2.94,3.0
Cs-O-Ru-S,2,2.58,1.6687720036002522,1.4,3.76,4.0
Cs-O-S-Sb,2,1.95,1.2586500705120545,1.06,2.84,4.0
Cs-O-S-Sc,2,2.29,1.3152186130069785,1.36,3.22,4.0
Cs-O-S-Si,2,2.59,1.4566399692442877,1.56,3.62,4.0
Cs-O-S-Sn,2,1.8900000000000001,0.9758073580374357,1.2,2.58,4.0
Cs-O-S-Sr,2,2.13,0.3252691193458118,1.9,2.36,4.0
Cs-O-S-Ta,2,2.19,2.3051681066681446,0.56,3.82,4.0
Cs-O-S-Te,2,1.99,1.3435028842544403,1.04,2.94,4.0
Cs-O-S-Ti,2,2.19,1.7960512242138307,0.92,3.46,4.0
Cs-O-S-Tl,2,1.9699999999999998,0.46669047558312127,1.64,2.3,4.0
Cs-O-S-V,2,2.23,1.9374725804511403,0.86,3.6,4.0
Cs-O-S-W,2,2.39,2.1071782079359114,0.9,3.88,4.0
Cs-O-S-Y,2,2.15,1.145512985522207,1.34,2.96,4.0
Cs-O-S-Zn,2,2.52,0.8485281374238571,1.92,3.12,4.0
Cs-O-S-Zr,2,2.24,1.8667619023324857,0.92,3.56,4.0
Cs-O-Sb,2,1.41,1.3717871555019021,0.44,2.38,3.0
Cs-O-Sc,2,1.27,0.7212489168102785,0.76,1.78,3.0
Cs-O-Si,2,1.74,0.9333809511662426,1.08,2.4,3.0
Cs-O-Sn,2,1.15,0.8909545442950498,0.52,1.78,3.0
Cs-O-Sr,2,1.3900000000000001,0.1838477631085023,1.26,1.52,3.0
Cs-O-Ta,2,1.44,2.5738686835190325,-0.38,3.26,3.0
Cs-O-Te,2,1.58,1.4142135623730951,0.58,2.58,3.0
Cs-O-Ti,2,1.7,1.8384776310850235,0.4,3.0,3.0
Cs-O-Tl,2,1.62,0.48083261120685217,1.28,1.96,3.0
Cs-O-V,2,1.55,2.022325394193526,0.12,2.98,3.0
Cs-O-W,2,1.6199999999999999,2.3475945135393377,-0.04,3.28,3.0
Cs-O-Y,2,1.21,0.5798275605729689,0.8,1.62,3.0
Cs-O-Zn,2,1.88,0.7353910524340094,1.36,2.4,3.0
Cs-O-Zr,2,1.69,2.022325394193526,0.26,3.12,3.0
Cu-F-Fe-N-O,2,1.33,0.2969848480983499,1.12,1.54,5.0
Cu-F-Fe-O,2,1.01,0.2969848480983499,0.8,1.22,4.0
Cu-F-Ga-N-O,2,1.3199999999999998,0.1979898987322334,1.18,1.46,5.0
Cu-F-Ga-O,2,0.94,0.31112698372208086,0.72,1.16,4.0
Cu-F-Ge-N-O,2,1.1600000000000001,0.2545584412271571,0.98,1.34,5.0
Cu-F-Ge-O,2,0.8200000000000001,0.25455844122715704,0.64,1.0,4.0
Cu-F-Hf-N-O,2,1.28,0.48083261120685244,0.94,1.62,5.0
Cu-F-Hf-O,2,1.1,0.820243866176395,0.52,1.68,4.0
Cu-F-Hg-N-O,2,1.58,0.39597979746446665,1.3,1.86,5.0
Cu-F-Hg-O,2,1.33,0.4101219330881976,1.04,1.62,4.0
Cu-F-In-N-O,2,1.2599999999999998,0.16970562748477147,1.14,1.38,5.0
Cu-F-In-O,2,0.95,0.07071067811865478,0.9,1.0,4.0
Cu-F-Ir-N-O,2,1.63,0.5515432893255071,1.24,2.02,5.0
Cu-F-Ir-O,2,1.6099999999999999,0.41012193308819755,1.32,1.9,4.0
Cu-F-K-N-O,2,2.2199999999999998,1.131370849898476,1.42,3.02,5.0
Cu-F-K-O,2,1.96,1.0182337649086286,1.24,2.68,4.0
Cu-F-La-N-O,2,1.31,0.5232590180780453,0.94,1.68,5.0
Cu-F-La-O,2,0.8699999999999999,0.3818376618407356,0.6,1.14,4.0
Cu-F-Li-N-O,2,1.84,0.33941125496954283,1.6,2.08,5.0
Cu-F-Li-O,2,1.56,0.36769552621700474,1.3,1.82,4.0
Cu-F-Mg-N-O,2,1.7000000000000002,0.16970562748477133,1.58,1.82,5.0
Cu-F-Mg-O,2,1.1800000000000002,0.08485281374238554,1.12,1.24,4.0
Cu-F-Mn-N-O,2,1.23,0.268700576850888,1.04,1.42,5.0
Cu-F-Mn-O,2,0.8400000000000001,0.2262741699796952,0.68,1.0,4.0
Cu-F-Mo-N-O,2,1.1600000000000001,0.5939696961967,0.74,1.58,5.0
Cu-F-Mo-O,2,0.99,0.5232590180780452,0.62,1.36,4.0
Cu-F-N-Na-O,2,1.9,0.6222539674441617,1.46,2.34,5.0
Cu-F-N-Nb-O,2,0.97,0.7212489168102785,0.46,1.48,5.0
Cu-F-N-Ni-O,2,1.48,0.2262741699796951,1.32,1.64,5.0
Cu-F-N-O-Os,2,1.56,0.7071067811865476,1.06,2.06,5.0
Cu-F-N-O-Pb,2,1.39,0.3535533905932738,1.14,1.64,5.0
Cu-F-N-O-Pd,2,1.57,0.014142135623730963,1.56,1.58,5.0
Cu-F-N-O-Pt,2,1.6099999999999999,0.2687005768508882,1.42,1.8,5.0
Cu-F-N-O-Rb,2,2.26,1.131370849898476,1.46,3.06,5.0
Cu-F-N-O-Re,2,1.3399999999999999,0.820243866176395,0.76,1.92,5.0
Cu-F-N-O-Rh,2,1.5299999999999998,0.2121320343559642,1.38,1.68,5.0
Cu-F-N-O-Ru,2,1.43,0.3535533905932738,1.18,1.68,5.0
Cu-F-N-O-Sb,2,1.2,0.08485281374238578,1.14,1.26,5.0
Cu-F-N-O-Sc,2,1.43,0.07071067811865482,1.38,1.48,5.0
Cu-F-N-O-Si,2,1.59,0.7778174593052023,1.04,2.14,5.0
Cu-F-N-O-Sn,2,1.12,0.02828427124746185,1.1,1.14,5.0
Cu-F-N-O-Sr,2,1.8199999999999998,0.8202438661763952,1.24,2.4,5.0
Cu-F-N-O-Ta,2,0.98,0.9333809511662426,0.32,1.64,5.0
Cu-F-N-O-Te,2,1.24,0.2262741699796951,1.08,1.4,5.0
Cu-F-N-O-Ti,2,0.95,0.6929646455628166,0.46,1.44,5.0
Cu-F-N-O-Tl,2,1.43,0.3535533905932738,1.18,1.68,5.0
Cu-F-N-O-V,2,1.1400000000000001,0.4808326112068524,0.8,1.48,5.0
Cu-F-N-O-W,2,1.22,0.8202438661763952,0.64,1.8,5.0
Cu-F-N-O-Y,2,1.35,0.21213203435596437,1.2,1.5,5.0
Cu-F-N-O-Zn,2,1.56,0.05656854249492385,1.52,1.6,5.0
Cu-F-N-O-Zr,2,1.2,0.36769552621700474,0.94,1.46,5.0
Cu-F-Na-O,2,1.79,0.8343860018001261,1.2,2.38,4.0
Cu-F-Nb-O,2,0.9099999999999999,0.7212489168102784,0.4,1.42,4.0
Cu-F-Ni-O,2,1.23,0.1838477631085023,1.1,1.36,4.0
Cu-F-O-Os,2,1.51,0.4949747468305834,1.16,1.86,4.0
Cu-F-O-Pb,2,1.06,0.3111269837220809,0.84,1.28,4.0
Cu-F-O-Pd,2,1.3900000000000001,0.04242640687119265,1.36,1.42,4.0
Cu-F-O-Pt,2,1.5499999999999998,0.1272792206135786,1.46,1.64,4.0
Cu-F-O-Rb,2,2.02,0.9899494936611666,1.32,2.72,4.0
Cu-F-O-Re,2,1.26,0.7353910524340095,0.74,1.78,4.0
Cu-F-O-Rh,2,1.3399999999999999,0.1414213562373094,1.24,1.44,4.0
Cu-F-O-Ru,2,1.25,0.24041630560342606,1.08,1.42,4.0
Cu-F-O-Sb,2,0.9299999999999999,0.0989949493661167,0.86,1.0,4.0
Cu-F-O-Sc,2,1.07,0.21213203435596417,0.92,1.22,4.0
Cu-F-O-Si,2,1.3399999999999999,0.7636753236814713,0.8,1.88,4.0
Cu-F-O-Sn,2,0.77,0.07071067811865478,0.72,0.82,4.0
Cu-F-O-Sr,2,1.25,0.7778174593052023,0.7,1.8,4.0
Cu-F-O-Ta,2,0.82,0.8768124086713188,0.2,1.44,4.0
Cu-F-O-Te,2,1.1,0.19798989873223324,0.96,1.24,4.0
Cu-F-O-Ti,2,0.75,0.7778174593052023,0.2,1.3,4.0
Cu-F-O-Tl,2,1.07,0.3252691193458119,0.84,1.3,4.0
Cu-F-O-V,2,0.86,0.5091168824543142,0.5,1.22,4.0
Cu-F-O-W,2,1.24,0.9050966799187808,0.6,1.88,4.0
Cu-F-O-Y,2,0.99,0.09899494936611662,0.92,1.06,4.0
Cu-F-O-Zn,2,1.12,0.056568542494923775,1.08,1.16,4.0
Cu-F-O-Zr,2,0.98,0.6505382386916236,0.52,1.44,4.0
Cu-Fe-N,2,1.5,0.19798989873223316,1.36,1.64,3.0
Cu-Fe-O,2,1.3,0.28284271247461895,1.1,1.5,3.0
Cu-Fe-O-S,2,0.9299999999999999,0.09899494936611662,0.86,1.0,4.0
Cu-Ga-N,2,1.9300000000000002,0.32526911934581193,1.7,2.16,3.0
Cu-Ga-O,2,1.17,0.38183766184073564,0.9,1.44,3.0
Cu-Ga-O-S,2,0.95,0.07071067811865478,0.9,1.0,4.0
Cu-Ge-N,2,1.81,0.0989949493661165,1.74,1.88,3.0
Cu-Ge-O,2,1.08,0.1979898987322334,0.94,1.22,3.0
Cu-Ge-O-S,2,1.0,0.31112698372208086,0.78,1.22,4.0
Cu-Hf-N,2,1.63,0.09899494936611666,1.56,1.7,3.0
Cu-Hf-O,2,0.88,0.4525483399593903,0.56,1.2,3.0
Cu-Hf-O-S,2,1.17,0.6646803743153546,0.7,1.64,4.0
Cu-Hg-N,2,2.5300000000000002,0.4666904755831213,2.2,2.86,3.0
Cu-Hg-O,2,1.9200000000000002,0.45254833995939053,1.6,2.24,3.0
Cu-Hg-O-S,2,1.23,0.09899494936611673,1.16,1.3,4.0
Cu-In-N,2,2.13,0.3818376618407356,1.86,2.4,3.0
Cu-In-O,2,1.25,0.3252691193458118,1.02,1.48,3.0
Cu-In-O-S,2,1.09,0.2687005768508881,0.9,1.28,4.0
Cu-Ir-N,2,1.71,0.4101219330881976,1.42,2.0,3.0
Cu-Ir-O,2,1.56,0.31112698372208086,1.34,1.78,3.0
Cu-Ir-O-S,2,1.35,0.29698484809834996,1.14,1.56,4.0
Cu-K-N,2,3.39,1.2586500705120547,2.5,4.28,3.0
Cu-K-O,2,2.12,1.1596551211459378,1.3,2.94,3.0
Cu-K-O-S,2,2.38,1.0748023074035522,1.62,3.14,4.0
Cu-La-N,2,1.83,0.9475230867899737,1.16,2.5,3.0
Cu-La-O,2,1.08,0.7636753236814714,0.54,1.62,3.0
Cu-La-O-S,2,0.8200000000000001,0.11313708498984766,0.74,0.9,4.0
Cu-Li-N,2,2.3600000000000003,0.2828427124746191,2.16,2.56,3.0
Cu-Li-O,2,1.75,0.4101219330881976,1.46,2.04,3.0
Cu-Li-O-S,2,1.35,0.04242640687119281,1.32,1.38,4.0
Cu-Mg-N,2,2.5,0.3959797974644663,2.22,2.78,3.0
Cu-Mg-O,2,1.32,0.33941125496954283,1.08,1.56,3.0
Cu-Mg-O-S,2,1.05,0.07071067811865482,1.0,1.1,4.0
Cu-Mn-N,2,1.4300000000000002,0.24041630560342614,1.26,1.6,3.0
Cu-Mn-O,2,0.9199999999999999,0.08485281374238567,0.86,0.98,3.0
Cu-Mn-O-S,2,0.9299999999999999,0.014142135623730845,0.92,0.94,4.0
Cu-Mo-N,2,1.29,0.5232590180780451,0.92,1.66,3.0
Cu-Mo-O,2,1.06,0.7071067811865476,0.56,1.56,3.0
Cu-Mo-O-S,2,1.19,0.7495331880577404,0.66,1.72,4.0
Cu-N-Na,2,2.99,0.7778174593052022,2.44,3.54,3.0
Cu-N-Nb,2,1.51,0.04242640687119289,1.48,1.54,3.0
Cu-N-Ni,2,1.6400000000000001,0.02828427124746185,1.62,1.66,3.0
Cu-N-O,2,2.09,0.15556349186104043,1.98,2.2,3.0
Cu-N-Os,2,1.76,0.39597979746446665,1.48,2.04,3.0
Cu-N-Pb,2,1.96,0.1131370849898477,1.88,2.04,3.0
Cu-N-Pd,2,1.93,0.07071067811865482,1.88,1.98,3.0
Cu-N-Pt,2,1.85,0.18384776310850245,1.72,1.98,3.0
Cu-N-Rb,2,3.4000000000000004,1.131370849898476,2.6,4.2,3.0
Cu-N-Re,2,1.73,0.9192388155425116,1.08,2.38,3.0
Cu-N-Rh,2,1.99,0.09899494936611673,1.92,2.06,3.0
Cu-N-Ru,2,1.66,0.36769552621700474,1.4,1.92,3.0
Cu-N-Sb,2,1.95,0.014142135623730963,1.94,1.96,3.0
Cu-N-Sc,2,1.8900000000000001,0.4949747468305834,1.54,2.24,3.0
Cu-N-Si,2,1.67,0.1838477631085023,1.54,1.8,3.0
Cu-N-Sn,2,2.0,0.1131370849898477,1.92,2.08,3.0
Cu-N-Sr,2,2.81,1.0323759005323594,2.08,3.54,3.0
Cu-N-Ta,2,1.4300000000000002,0.15556349186104035,1.32,1.54,3.0
Cu-N-Te,2,2.1100000000000003,0.042426406871192736,2.08,2.14,3.0
Cu-N-Ti,2,1.6400000000000001,0.056568542494923775,1.6,1.68,3.0
Cu-N-Tl,2,2.51,0.4949747468305829,2.16,2.86,3.0
Cu-N-V,2,1.71,0.4101219330881976,1.42,2.0,3.0
Cu-N-W,2,1.22,0.6505382386916236,0.76,1.68,3.0
Cu-N-Y,2,1.8599999999999999,0.6505382386916236,1.4,2.32,3.0
Cu-N-Zn,2,2.37,0.1838477631085022,2.24,2.5,3.0
Cu-N-Zr,2,1.67,0.1838477631085023,1.54,1.8,3.0
Cu-Na-O,2,1.8399999999999999,0.7353910524340094,1.32,2.36,3.0
Cu-Na-O-S,2,1.47,0.014142135623730963,1.46,1.48,4.0
Cu-Nb-O,2,0.85,0.8061017305526641,0.28,1.42,3.0
Cu-Nb-O-S,2,0.95,0.8343860018001261,0.36,1.54,4.0
Cu-Ni-O,2,1.5,0.05656854249492385,1.46,1.54,3.0
Cu-Ni-O-S,2,1.17,0.15556349186104051,1.06,1.28,4.0
Cu-O-Os,2,1.55,0.4384062043356595,1.24,1.86,3.0
Cu-O-Os-S,2,1.68,0.8202438661763949,1.1,2.26,4.0
Cu-O-Pb,2,1.1800000000000002,0.11313708498984763,1.1,1.26,3.0
Cu-O-Pb-S,2,1.18,0.028284271247461926,1.16,1.2,4.0
Cu-O-Pd,2,1.58,0.05656854249492385,1.54,1.62,3.0
Cu-O-Pd-S,2,1.17,0.07071067811865474,1.12,1.22,4.0
Cu-O-Pt,2,1.81,0.4101219330881976,1.52,2.1,3.0
Cu-O-Pt-S,2,1.65,0.4666904755831214,1.32,1.98,4.0
Cu-O-Rb,2,2.16,1.0748023074035524,1.4,2.92,3.0
Cu-O-Rb-S,2,2.47,1.0606601717798214,1.72,3.22,4.0
Cu-O-Re,2,1.3900000000000001,1.0040916292848974,0.68,2.1,3.0
Cu-O-Re-S,2,1.46,0.9333809511662428,0.8,2.12,4.0
Cu-O-Rh,2,1.6099999999999999,0.41012193308819755,1.32,1.9,3.0
Cu-O-Rh-S,2,1.12,0.02828427124746169,1.1,1.14,4.0
Cu-O-Ru,2,1.59,0.3535533905932738,1.34,1.84,3.0
Cu-O-Ru-S,2,1.3,0.33941125496954283,1.06,1.54,4.0
Cu-O-S-Sb,2,0.86,0.16970562748477142,0.74,0.98,4.0
Cu-O-S-Sc,2,1.07,0.4101219330881976,0.78,1.36,4.0
Cu-O-S-Si,2,1.49,0.4949747468305834,1.14,1.84,4.0
Cu-O-S-Sn,2,1.02,0.28284271247461906,0.82,1.22,4.0
Cu-O-S-Sr,2,1.23,0.15556349186104051,1.12,1.34,4.0
Cu-O-S-Ta,2,0.97,1.0040916292848974,0.26,1.68,4.0
Cu-O-S-Te,2,1.03,0.18384776310850232,0.9,1.16,4.0
Cu-O-S-Ti,2,1.12,0.820243866176395,0.54,1.7,4.0
Cu-O-S-Tl,2,1.2999999999999998,0.1414213562373094,1.2,1.4,4.0
Cu-O-S-V,2,0.71,0.3252691193458118,0.48,0.94,4.0
Cu-O-S-W,2,1.3,0.9333809511662428,0.64,1.96,4.0
Cu-O-S-Y,2,0.94,0.1414213562373096,0.84,1.04,4.0
Cu-O-S-Zn,2,1.09,0.014142135623730963,1.08,1.1,4.0
Cu-O-S-Zr,2,1.04,0.5939696961966999,0.62,1.46,4.0
Cu-O-Sb,2,0.98,0.2262741699796952,0.82,1.14,3.0
Cu-O-Sc,2,1.26,0.1131370849898477,1.18,1.34,3.0
Cu-O-Si,2,1.36,0.6505382386916237,0.9,1.82,3.0
Cu-O-Sn,2,1.04,0.028284271247461926,1.02,1.06,3.0
Cu-O-Sr,2,1.5599999999999998,1.0182337649086284,0.84,2.28,3.0
Cu-O-Ta,2,0.92,0.9899494936611667,0.22,1.62,3.0
Cu-O-Te,2,1.26,0.33941125496954283,1.02,1.5,3.0
Cu-O-Ti,2,1.17,0.608111831820431,0.74,1.6,3.0
Cu-O-Tl,2,1.6800000000000002,0.4525483399593904,1.36,2.0,3.0
Cu-O-V,2,0.8600000000000001,0.6505382386916237,0.4,1.32,3.0
Cu-O-W,2,1.1400000000000001,0.9616652224137048,0.46,1.82,3.0
Cu-O-Y,2,1.17,0.49497474683058335,0.82,1.52,3.0
Cu-O-Zn,2,1.6099999999999999,0.15556349186104035,1.5,1.72,3.0
Cu-O-Zr,2,0.98,0.14142135623730953,0.88,1.08,3.0
F-Fe-Ga-N-O,2,1.06,0.11313708498984747,0.98,1.14,5.0
F-Fe-Ga-O,2,0.66,0.028284271247461926,0.64,0.68,4.0
F-Fe-Ge-N-O,2,0.94,0.08485281374238567,0.88,1.0,5.0
F-Fe-Ge-O,2,0.6799999999999999,0.11313708498984758,0.6,0.76,4.0
F-Fe-Hf-N-O,2,1.48,0.08485281374238578,1.42,1.54,5.0
F-Fe-Hf-O,2,1.13,0.551543289325507,0.74,1.52,4.0
F-Fe-Hg-N-O,2,1.52,0.7353910524340095,1.0,2.04,5.0
F-Fe-Hg-O,2,1.5,1.1313708498984758,0.7,2.3,4.0
F-Fe-In-N-O,2,1.13,0.4101219330881976,0.84,1.42,5.0
F-Fe-In-O,2,1.0,0.7071067811865476,0.5,1.5,4.0
F-Fe-Ir-N-O,2,1.62,0.22627416997969532,1.46,1.78,5.0
F-Fe-Ir-O,2,1.59,0.04242640687119289,1.56,1.62,4.0
F-Fe-K-N-O,2,2.38,1.810193359837562,1.1,3.66,5.0
F-Fe-K-O,2,1.8800000000000001,1.8667619023324855,0.56,3.2,4.0
F-Fe-La-N-O,2,1.48,1.1879393923933999,0.64,2.32,5.0
F-Fe-La-O,2,1.15,0.9475230867899737,0.48,1.82,4.0
F-Fe-Li-N-O,2,1.55,0.6081118318204308,1.12,1.98,5.0
F-Fe-Li-O,2,1.3800000000000001,0.9899494936611667,0.68,2.08,4.0
F-Fe-Mg-N-O,2,1.6500000000000001,0.7495331880577404,1.12,2.18,5.0
F-Fe-Mg-O,2,0.86,0.22627416997969527,0.7,1.02,4.0
F-Fe-Mn-N-O,2,1.05,0.07071067811865482,1.0,1.1,5.0
F-Fe-Mn-O,2,0.6000000000000001,0.05656854249492382,0.56,0.64,4.0
F-Fe-Mo-N-O,2,1.08,0.19798989873223324,0.94,1.22,5.0
F-Fe-Mo-O,2,1.17,0.15556349186104035,1.06,1.28,4.0
F-Fe-N-Na-O,2,1.47,0.6363961030678927,1.02,1.92,5.0
F-Fe-N-Nb-O,2,0.98,0.25455844122715704,0.8,1.16,5.0
F-Fe-N-Ni-O,2,1.29,0.04242640687119289,1.26,1.32,5.0
F-Fe-N-O-Os,2,1.53,0.3818376618407357,1.26,1.8,5.0
F-Fe-N-O-Pb,2,1.24,0.7071067811865476,0.74,1.74,5.0
F-Fe-N-O-Pd,2,1.46,0.39597979746446665,1.18,1.74,5.0
F-Fe-N-O-Pt,2,1.63,0.2121320343559642,1.48,1.78,5.0
F-Fe-N-O-Rb,2,2.4699999999999998,1.8243354954612927,1.18,3.76,5.0
F-Fe-N-O-Re,2,1.3599999999999999,0.42426406871192834,1.06,1.66,5.0
F-Fe-N-O-Rh,2,1.4500000000000002,0.15556349186104035,1.34,1.56,5.0
F-Fe-N-O-Ru,2,1.4,0.028284271247461926,1.38,1.42,5.0
F-Fe-N-O-Sb,2,1.1,0.25455844122715715,0.92,1.28,5.0
F-Fe-N-O-Sc,2,1.27,0.15556349186104035,1.16,1.38,5.0
F-Fe-N-O-Si,2,1.37,0.4384062043356593,1.06,1.68,5.0
F-Fe-N-O-Sn,2,0.96,0.31112698372208086,0.74,1.18,5.0
F-Fe-N-O-Sr,2,1.91,1.5132085117392116,0.84,2.98,5.0
F-Fe-N-O-Ta,2,1.15,0.4949747468305831,0.8,1.5,5.0
F-Fe-N-O-Te,2,1.2,0.08485281374238578,1.14,1.26,5.0
F-Fe-N-O-Ti,2,0.9099999999999999,0.4384062043356594,0.6,1.22,5.0
F-Fe-N-O-Tl,2,1.38,0.7071067811865475,0.88,1.88,5.0
F-Fe-N-O-V,2,0.99,0.1555634918610405,0.88,1.1,5.0
F-Fe-N-O-W,2,1.2,0.4525483399593904,0.88,1.52,5.0
F-Fe-N-O-Y,2,1.24,0.4808326112068523,0.9,1.58,5.0
F-Fe-N-O-Zn,2,1.29,0.3535533905932738,1.04,1.54,5.0
F-Fe-N-O-Zr,2,1.17,0.0989949493661165,1.1,1.24,5.0
F-Fe-Na-O,2,1.6300000000000001,1.5414927829866738,0.54,2.72,4.0
F-Fe-Nb-O,2,0.8500000000000001,0.29698484809835,0.64,1.06,4.0
F-Fe-Ni-O,2,0.91,0.014142135623730963,0.9,0.92,4.0
F-Fe-O-Os,2,1.5699999999999998,0.15556349186104035,1.46,1.68,4.0
F-Fe-O-Pb,2,0.8700000000000001,0.6929646455628166,0.38,1.36,4.0
F-Fe-O-Pd,2,1.23,0.4101219330881976,0.94,1.52,4.0
F-Fe-O-Pt,2,1.3599999999999999,0.11313708498984747,1.28,1.44,4.0
F-Fe-O-Rb,2,1.9500000000000002,1.8243354954612927,0.66,3.24,4.0
F-Fe-O-Re,2,1.32,0.33941125496954283,1.08,1.56,4.0
F-Fe-O-Rh,2,1.51,0.5798275605729689,1.1,1.92,4.0
F-Fe-O-Ru,2,1.23,0.1272792206135787,1.14,1.32,4.0
F-Fe-O-Sb,2,0.9,0.22627416997969527,0.74,1.06,4.0
F-Fe-O-Sc,2,0.9199999999999999,0.08485281374238567,0.86,0.98,4.0
F-Fe-O-Si,2,1.1800000000000002,0.19798989873223324,1.04,1.32,4.0
F-Fe-O-Sn,2,0.64,0.33941125496954283,0.4,0.88,4.0
F-Fe-O-Sr,2,1.44,1.3010764773832473,0.52,2.36,4.0
F-Fe-O-Ta,2,0.86,0.5091168824543142,0.5,1.22,4.0
F-Fe-O-Te,2,1.1,0.16970562748477147,0.98,1.22,4.0
F-Fe-O-Ti,2,0.8300000000000001,0.3818376618407357,0.56,1.1,4.0
F-Fe-O-Tl,2,1.25,1.0606601717798212,0.5,2.0,4.0
F-Fe-O-V,2,0.73,0.18384776310850237,0.6,0.86,4.0
F-Fe-O-W,2,1.17,0.4101219330881975,0.88,1.46,4.0
F-Fe-O-Y,2,0.93,0.18384776310850237,0.8,1.06,4.0
F-Fe-O-Zn,2,0.8800000000000001,0.282842712474619,0.68,1.08,4.0
F-Fe-O-Zr,2,0.98,0.36769552621700474,0.72,1.24,4.0
F-Ga-Ge-N-O,2,0.89,0.014142135623730963,0.88,0.9,5.0
F-Ga-Ge-O,2,0.51,0.09899494936611661,0.44,0.58,4.0
F-Ga-Hf-N-O,2,0.99,0.4949747468305833,0.64,1.34,5.0
F-Ga-Hf-O,2,0.85,0.9192388155425117,0.2,1.5,4.0
F-Ga-Hg-N-O,2,1.3599999999999999,0.5374011537017762,0.98,1.74,5.0
F-Ga-Hg-O,2,1.08,0.6505382386916237,0.62,1.54,4.0
F-Ga-In-N-O,2,0.91,0.24041630560342622,0.74,1.08,5.0
F-Ga-In-O,2,0.51,0.26870057685088805,0.32,0.7,4.0
F-Ga-Ir-N-O,2,1.54,0.31112698372208086,1.32,1.76,5.0
F-Ga-Ir-O,2,1.37,0.18384776310850245,1.24,1.5,4.0
F-Ga-K-N-O,2,1.95,1.2303657992645924,1.08,2.82,5.0
F-Ga-K-O,2,1.4,1.2162236636408617,0.54,2.26,4.0
F-Ga-La-N-O,2,0.91,0.579827560572969,0.5,1.32,5.0
F-Ga-La-O,2,0.62,0.19798989873223333,0.48,0.76,4.0
F-Ga-Li-N-O,2,1.5699999999999998,0.5232590180780453,1.2,1.94,5.0
F-Ga-Li-O,2,1.1,0.565685424949238,0.7,1.5,4.0
F-Ga-Mg-N-O,2,1.27,0.268700576850888,1.08,1.46,5.0
F-Ga-Mg-O,2,0.6699999999999999,0.3818376618407356,0.4,0.94,4.0
F-Ga-Mn-N-O,2,0.9099999999999999,0.042426406871192854,0.88,0.94,5.0
F-Ga-Mn-O,2,0.38,0.08485281374238571,0.32,0.44,4.0
F-Ga-Mo-N-O,2,0.8799999999999999,0.42426406871192857,0.58,1.18,5.0
F-Ga-Mo-O,2,0.65,0.3252691193458119,0.42,0.88,4.0
F-Ga-N-Na-O,2,1.78,1.0182337649086284,1.06,2.5,5.0
F-Ga-N-Nb-O,2,0.7999999999999999,0.48083261120685217,0.46,1.14,5.0
F-Ga-N-Ni-O,2,1.27,0.04242640687119289,1.24,1.3,5.0
F-Ga-N-O-Os,2,1.47,0.4666904755831215,1.14,1.8,5.0
F-Ga-N-O-Pb,2,0.98,0.5091168824543143,0.62,1.34,5.0
F-Ga-N-O-Pd,2,1.38,0.1979898987322334,1.24,1.52,5.0
F-Ga-N-O-Pt,2,1.52,0.028284271247461926,1.5,1.54,5.0
F-Ga-N-O-Rb,2,2.03,1.2020815280171309,1.18,2.88,5.0
F-Ga-N-O-Re,2,1.19,0.6363961030678927,0.74,1.64,5.0
F-Ga-N-O-Rh,2,1.35,0.04242640687119265,1.32,1.38,5.0
F-Ga-N-O-Ru,2,1.27,0.18384776310850245,1.14,1.4,5.0
F-Ga-N-O-Sb,2,0.87,0.09899494936611658,0.8,0.94,5.0
F-Ga-N-O-Sc,2,1.08,0.05656854249492385,1.04,1.12,5.0
F-Ga-N-O-Si,2,1.26,0.5091168824543143,0.9,1.62,5.0
F-Ga-N-O-Sn,2,0.75,0.18384776310850237,0.62,0.88,5.0
F-Ga-N-O-Sr,2,1.38,0.9050966799187808,0.74,2.02,5.0
F-Ga-N-O-Ta,2,0.97,0.7212489168102785,0.46,1.48,5.0
F-Ga-N-O-Te,2,1.09,0.04242640687119289,1.06,1.12,5.0
F-Ga-N-O-Ti,2,0.88,0.4808326112068523,0.54,1.22,5.0
F-Ga-N-O-Tl,2,1.24,0.4808326112068523,0.9,1.58,5.0
F-Ga-N-O-V,2,0.78,0.31112698372208086,0.56,1.0,5.0
F-Ga-N-O-W,2,1.01,0.6646803743153546,0.54,1.48,5.0
F-Ga-N-O-Y,2,0.97,0.2969848480983499,0.76,1.18,5.0
F-Ga-N-O-Zn,2,1.23,0.24041630560342606,1.06,1.4,5.0
F-Ga-N-O-Zr,2,0.9099999999999999,0.3252691193458117,0.68,1.14,5.0
F-Ga-Na-O,2,1.28,1.0465180361560904,0.54,2.02,4.0
F-Ga-Nb-O,2,0.55,0.5232590180780452,0.18,0.92,4.0
F-Ga-Ni-O,2,0.9099999999999999,0.0707106781186547,0.86,0.96,4.0
F-Ga-O-Os,2,1.32,0.31112698372208086,1.1,1.54,4.0
F-Ga-O-Pb,2,0.57,0.551543289325507,0.18,0.96,4.0
F-Ga-O-Pd,2,1.11,0.29698484809834996,0.9,1.32,4.0
F-Ga-O-Pt,2,1.29,0.1272792206135786,1.2,1.38,4.0
F-Ga-O-Rb,2,1.45,1.1737972567696688,0.62,2.28,4.0
F-Ga-O-Re,2,1.0499999999999998,0.49497474683058335,0.7,1.4,4.0
F-Ga-O-Rh,2,1.08,0.11313708498984763,1.0,1.16,4.0
F-Ga-O-Ru,2,1.03,0.014142135623730963,1.02,1.04,4.0
F-Ga-O-Sb,2,0.6,0.0,0.6,0.6,4.0
F-Ga-O-Sc,2,0.69,0.09899494936611662,0.62,0.76,4.0
F-Ga-O-Si,2,0.95,0.268700576850888,0.76,1.14,4.0
F-Ga-O-Sn,2,0.37,0.15556349186104043,0.26,0.48,4.0
F-Ga-O-Sr,2,0.85,0.9475230867899737,0.18,1.52,4.0
F-Ga-O-Ta,2,0.7,0.7919595949289332,0.14,1.26,4.0
F-Ga-O-Te,2,0.81,0.09899494936611662,0.74,0.88,4.0
F-Ga-O-Ti,2,0.54,0.4525483399593905,0.22,0.86,4.0
F-Ga-O-Tl,2,0.83,0.5232590180780451,0.46,1.2,4.0
F-Ga-O-V,2,0.41,0.26870057685088805,0.22,0.6,4.0
F-Ga-O-W,2,0.9,0.5939696961966999,0.48,1.32,4.0
F-Ga-O-Y,2,0.74,0.05656854249492385,0.7,0.78,4.0
F-Ga-O-Zn,2,0.76,0.33941125496954283,0.52,1.0,4.0
F-Ga-O-Zr,2,0.6699999999999999,0.6929646455628165,0.18,1.16,4.0
F-Ge-Hf-N-O,2,1.06,0.4525483399593904,0.74,1.38,5.0
F-Ge-Hf-O,2,0.97,0.5515432893255071,0.58,1.36,4.0
F-Ge-Hg-N-O,2,1.31,0.6081118318204308,0.88,1.74,5.0
F-Ge-Hg-O,2,1.03,0.551543289325507,0.64,1.42,4.0
F-Ge-In-N-O,2,0.92,0.2828427124746191,0.72,1.12,5.0
F-Ge-In-O,2,0.5900000000000001,0.09899494936611662,0.52,0.66,4.0
F-Ge-Ir-N-O,2,1.44,0.25455844122715726,1.26,1.62,5.0
F-Ge-Ir-O,2,1.35,0.2121320343559642,1.2,1.5,4.0
F-Ge-K-N-O,2,1.88,1.2727922061357855,0.98,2.78,5.0
F-Ge-K-O,2,1.3699999999999999,1.3152186130069783,0.44,2.3,4.0
F-Ge-La-N-O,2,1.08,0.4808326112068524,0.74,1.42,5.0
F-Ge-La-O,2,0.86,0.19798989873223333,0.72,1.0,4.0
F-Ge-Li-N-O,2,1.38,0.565685424949238,0.98,1.78,5.0
F-Ge-Li-O,2,0.97,0.6646803743153546,0.5,1.44,4.0
F-Ge-Mg-N-O,2,1.2,0.28284271247461895,1.0,1.4,5.0
F-Ge-Mg-O,2,0.77,0.12727922061357852,0.68,0.86,4.0
F-Ge-Mn-N-O,2,0.85,0.014142135623730963,0.84,0.86,5.0
F-Ge-Mn-O,2,0.54,0.1414213562373095,0.44,0.64,4.0
F-Ge-Mo-N-O,2,0.9299999999999999,0.35355339059327373,0.68,1.18,5.0
F-Ge-Mo-O,2,0.8600000000000001,0.3111269837220809,0.64,1.08,4.0
F-Ge-N-Na-O,2,1.2,0.4525483399593904,0.88,1.52,5.0
F-Ge-N-Nb-O,2,0.86,0.5091168824543142,0.5,1.22,5.0
F-Ge-N-Ni-O,2,1.12,0.02828427124746169,1.1,1.14,5.0
F-Ge-N-O-Os,2,1.46,0.45254833995939053,1.14,1.78,5.0
F-Ge-N-O-Pb,2,1.03,0.551543289325507,0.64,1.42,5.0
F-Ge-N-O-Pd,2,1.25,0.2969848480983499,1.04,1.46,5.0
F-Ge-N-O-Pt,2,1.4100000000000001,0.09899494936611666,1.34,1.48,5.0
F-Ge-N-O-Rb,2,1.97,1.2586500705120545,1.08,2.86,5.0
F-Ge-N-O-Re,2,1.24,0.565685424949238,0.84,1.64,5.0
F-Ge-N-O-Rh,2,1.24,0.028284271247461926,1.22,1.26,5.0
F-Ge-N-O-Ru,2,1.24,0.1131370849898477,1.16,1.32,5.0
F-Ge-N-O-Sb,2,0.95,0.0707106781186547,0.9,1.0,5.0
F-Ge-N-O-Sc,2,1.1600000000000001,0.08485281374238554,1.1,1.22,5.0
F-Ge-N-O-Si,2,1.18,0.4808326112068524,0.84,1.52,5.0
F-Ge-N-O-Sn,2,0.73,0.18384776310850237,0.6,0.86,5.0
F-Ge-N-O-Sr,2,1.37,0.8909545442950498,0.74,2.0,5.0
F-Ge-N-O-Ta,2,1.11,0.7212489168102786,0.6,1.62,5.0
F-Ge-N-O-Te,2,1.07,0.014142135623730963,1.06,1.08,5.0
F-Ge-N-O-Ti,2,0.86,0.4808326112068523,0.52,1.2,5.0
F-Ge-N-O-Tl,2,1.1800000000000002,0.5374011537017761,0.8,1.56,5.0
F-Ge-N-O-V,2,0.81,0.2687005768508881,0.62,1.0,5.0
F-Ge-N-O-W,2,1.09,0.6081118318204309,0.66,1.52,5.0
F-Ge-N-O-Y,2,1.15,0.15556349186104035,1.04,1.26,5.0
F-Ge-N-O-Zn,2,1.1,0.28284271247461906,0.9,1.3,5.0
F-Ge-N-O-Zr,2,1.02,0.5656854249492379,0.62,1.42,5.0
F-Ge-Na-O,2,1.15,1.0889444430272832,0.38,1.92,4.0
F-Ge-Nb-O,2,0.84,0.5091168824543142,0.48,1.2,4.0
F-Ge-Ni-O,2,0.83,0.014142135623730963,0.82,0.84,4.0
F-Ge-O-Os,2,1.47,0.2969848480983499,1.26,1.68,4.0
F-Ge-O-Pb,2,0.77,0.4949747468305834,0.42,1.12,4.0
F-Ge-O-Pd,2,1.01,0.2969848480983499,0.8,1.22,4.0
F-Ge-O-Pt,2,1.28,0.1131370849898477,1.2,1.36,4.0
F-Ge-O-Rb,2,1.47,1.2869343417595163,0.56,2.38,4.0
F-Ge-O-Re,2,1.25,0.4666904755831214,0.92,1.58,4.0
F-Ge-O-Rh,2,1.08,0.08485281374238571,1.02,1.14,4.0
F-Ge-O-Ru,2,1.1099999999999999,0.04242640687119281,1.08,1.14,4.0
F-Ge-O-Sb,2,0.86,0.0,0.86,0.86,4.0
F-Ge-O-Sc,2,0.8300000000000001,0.3535533905932738,0.58,1.08,4.0
F-Ge-O-Si,2,1.22,0.33941125496954283,0.98,1.46,4.0
F-Ge-O-Sn,2,0.5700000000000001,0.1555634918610405,0.46,0.68,4.0
F-Ge-O-Sr,2,0.98,0.7919595949289333,0.42,1.54,4.0
F-Ge-O-Ta,2,0.91,0.8061017305526642,0.34,1.48,4.0
F-Ge-O-Te,2,0.98,0.05656854249492385,0.94,1.02,4.0
F-Ge-O-Ti,2,0.83,0.5798275605729689,0.42,1.24,4.0
F-Ge-O-Tl,2,0.77,0.4949747468305834,0.42,1.12,4.0
F-Ge-O-V,2,0.65,0.3252691193458119,0.42,0.88,4.0
F-Ge-O-W,2,1.12,0.5939696961967,0.7,1.54,4.0
F-Ge-O-Y,2,0.92,0.2545584412271572,0.74,1.1,4.0
F-Ge-O-Zn,2,0.76,0.16970562748477142,0.64,0.88,4.0
F-Ge-O-Zr,2,1.06,0.6788225099390857,0.58,1.54,4.0
F-Hf-Hg-N-O,2,1.57,1.3152186130069785,0.64,2.5,5.0
F-Hf-Hg-O,2,0.99,0.8343860018001261,0.4,1.58,4.0
F-Hf-In-N-O,2,1.17,0.862670273047588,0.56,1.78,5.0
F-Hf-In-O,2,0.76,0.8202438661763952,0.18,1.34,4.0
F-Hf-Ir-N-O,2,1.6,0.056568542494923775,1.56,1.64,5.0
F-Hf-Ir-O,2,1.6400000000000001,0.42426406871192834,1.34,1.94,4.0
F-Hf-K-N-O,2,2.07,1.8243354954612923,0.78,3.36,5.0
F-Hf-K-O,2,1.55,2.0506096654409878,0.1,3.0,4.0
F-Hf-La-N-O,2,1.37,1.0889444430272832,0.6,2.14,5.0
F-Hf-La-O,2,1.12,0.7919595949289331,0.56,1.68,4.0
F-Hf-Li-N-O,2,1.27,0.4666904755831215,0.94,1.6,5.0
F-Hf-Li-O,2,0.74,0.5656854249492379,0.34,1.14,4.0
F-Hf-Mg-N-O,2,1.17,0.3818376618407356,0.9,1.44,5.0
F-Hf-Mg-O,2,0.8600000000000001,0.3394112549695429,0.62,1.1,4.0
F-Hf-Mn-N-O,2,1.13,0.3818376618407356,0.86,1.4,5.0
F-Hf-Mn-O,2,1.3900000000000001,0.07071067811865474,1.34,1.44,4.0
F-Hf-Mo-N-O,2,1.24,0.1131370849898477,1.16,1.32,5.0
F-Hf-Mo-O,2,1.23,0.3535533905932738,0.98,1.48,4.0
F-Hf-N-Na-O,2,1.5899999999999999,1.1455129855222068,0.78,2.4,5.0
F-Hf-N-Nb-O,2,1.4100000000000001,0.2404163056034263,1.24,1.58,5.0
F-Hf-N-Ni-O,2,1.3199999999999998,0.19798989873223324,1.18,1.46,5.0
F-Hf-N-O-Os,2,1.71,0.07071067811865482,1.66,1.76,5.0
F-Hf-N-O-Pb,2,1.03,0.8626702730475879,0.42,1.64,5.0
F-Hf-N-O-Pd,2,1.53,0.7495331880577404,1.0,2.06,5.0
F-Hf-N-O-Pt,2,1.3,0.39597979746446665,1.02,1.58,5.0
F-Hf-N-O-Rb,2,2.2600000000000002,2.0081832585697947,0.84,3.68,5.0
F-Hf-N-O-Re,2,1.51,0.1555634918610406,1.4,1.62,5.0
F-Hf-N-O-Rh,2,1.58,0.5374011537017762,1.2,1.96,5.0
F-Hf-N-O-Ru,2,1.44,0.1979898987322334,1.3,1.58,5.0
F-Hf-N-O-Sb,2,1.3900000000000001,0.9475230867899737,0.72,2.06,5.0
F-Hf-N-O-Sc,2,0.97,0.014142135623730963,0.96,0.98,5.0
F-Hf-N-O-Si,2,1.33,0.24041630560342614,1.16,1.5,5.0
F-Hf-N-O-Sn,2,1.19,0.9475230867899738,0.52,1.86,5.0
F-Hf-N-O-Sr,2,1.66,1.5556349186104044,0.56,2.76,5.0
F-Hf-N-O-Ta,2,1.52,0.0,1.52,1.52,5.0
F-Hf-N-O-Te,2,1.2,0.5374011537017762,0.82,1.58,5.0
F-Hf-N-O-Ti,2,1.1800000000000002,0.08485281374238554,1.12,1.24,5.0
F-Hf-N-O-Tl,2,1.5,1.2727922061357855,0.6,2.4,5.0
F-Hf-N-O-V,2,1.15,0.2404163056034263,0.98,1.32,5.0
F-Hf-N-O-W,2,1.42,0.16970562748477133,1.3,1.54,5.0
F-Hf-N-O-Y,2,1.3,0.6222539674441618,0.86,1.74,5.0
F-Hf-N-O-Zn,2,1.21,0.4949747468305833,0.86,1.56,5.0
F-Hf-N-O-Zr,2,1.01,0.12727922061357855,0.92,1.1,5.0
F-Hf-Na-O,2,1.09,1.3152186130069783,0.16,2.02,4.0
F-Hf-Nb-O,2,1.28,0.39597979746446665,1.0,1.56,4.0
F-Hf-Ni-O,2,1.1600000000000001,0.5939696961967,0.74,1.58,4.0
F-Hf-O-Os,2,1.6800000000000002,0.1414213562373094,1.58,1.78,4.0
F-Hf-O-Pb,2,1.39,1.3717871555019021,0.42,2.36,4.0
F-Hf-O-Pd,2,1.3900000000000001,1.0889444430272832,0.62,2.16,4.0
F-Hf-O-Pt,2,1.3599999999999999,0.5374011537017761,0.98,1.74,4.0
F-Hf-O-Rb,2,1.72,2.23445742854949,0.14,3.3,4.0
F-Hf-O-Re,2,1.5699999999999998,0.12727922061357844,1.48,1.66,4.0
F-Hf-O-Rh,2,1.49,0.8909545442950499,0.86,2.12,4.0
F-Hf-O-Ru,2,1.31,0.4101219330881976,1.02,1.6,4.0
F-Hf-O-Sb,2,1.08,0.5374011537017761,0.7,1.46,4.0
F-Hf-O-Sc,2,1.0,0.22627416997969513,0.84,1.16,4.0
F-Hf-O-Si,2,1.21,0.3818376618407357,0.94,1.48,4.0
F-Hf-O-Sn,2,1.2,1.0748023074035522,0.44,1.96,4.0
F-Hf-O-Sr,2,1.28,1.3010764773832475,0.36,2.2,4.0
F-Hf-O-Ta,2,1.44,0.14142135623730956,1.34,1.54,4.0
F-Hf-O-Te,2,1.1600000000000001,0.5374011537017762,0.78,1.54,4.0
F-Hf-O-Ti,2,0.91,0.21213203435596428,0.76,1.06,4.0
F-Hf-O-Tl,2,1.2,1.5556349186104044,0.1,2.3,4.0
F-Hf-O-V,2,1.02,0.42426406871192857,0.72,1.32,4.0
F-Hf-O-W,2,1.51,0.07071067811865482,1.46,1.56,4.0
F-Hf-O-Y,2,1.1,0.36769552621700485,0.84,1.36,4.0
F-Hf-O-Zn,2,0.95,0.7212489168102785,0.44,1.46,4.0
F-Hf-O-Zr,2,1.05,0.18384776310850226,0.92,1.18,4.0
F-Hg-In-N-O,2,1.35,0.3252691193458118,1.12,1.58,5.0
F-Hg-In-O,2,1.0,0.39597979746446665,0.72,1.28,4.0
F-Hg-Ir-N-O,2,1.8900000000000001,1.0040916292848976,1.18,2.6,5.0
F-Hg-Ir-O,2,1.69,0.8061017305526639,1.12,2.26,4.0
F-Hg-K-N-O,2,2.19,0.6646803743153549,1.72,2.66,5.0
F-Hg-K-O,2,1.8599999999999999,0.6788225099390857,1.38,2.34,4.0
F-Hg-La-N-O,2,1.23,0.014142135623730963,1.22,1.24,5.0
F-Hg-La-O,2,1.05,0.21213203435596426,0.9,1.2,4.0
F-Hg-Li-N-O,2,1.97,0.07071067811865482,1.92,2.02,5.0
F-Hg-Li-O,2,1.71,0.04242640687119289,1.68,1.74,4.0
F-Hg-Mg-N-O,2,1.77,0.4101219330881976,1.48,2.06,5.0
F-Hg-Mg-O,2,1.3199999999999998,0.4525483399593904,1.0,1.64,4.0
F-Hg-Mn-N-O,2,1.42,0.7071067811865475,0.92,1.92,5.0
F-Hg-Mn-O,2,1.04,0.6505382386916237,0.58,1.5,4.0
F-Hg-Mo-N-O,2,1.3900000000000001,1.0606601717798214,0.64,2.14,5.0
F-Hg-Mo-O,2,1.2,0.9899494936611665,0.5,1.9,4.0
F-Hg-N-Na-O,2,1.8900000000000001,0.2404163056034263,1.72,2.06,5.0
F-Hg-N-Nb-O,2,1.32,1.2162236636408619,0.46,2.18,5.0
F-Hg-N-Ni-O,2,1.63,0.636396103067893,1.18,2.08,5.0
F-Hg-N-O-Os,2,1.94,1.3010764773832473,1.02,2.86,5.0
F-Hg-N-O-Pb,2,1.35,0.04242640687119281,1.32,1.38,5.0
F-Hg-N-O-Pd,2,1.62,0.39597979746446643,1.34,1.9,5.0
F-Hg-N-O-Pt,2,1.77,0.6646803743153549,1.3,2.24,5.0
F-Hg-N-O-Rb,2,2.12,0.8202438661763952,1.54,2.7,5.0
F-Hg-N-O-Re,2,1.57,1.2586500705120547,0.68,2.46,5.0
F-Hg-N-O-Rh,2,1.63,0.6646803743153548,1.16,2.1,5.0
F-Hg-N-O-Ru,2,1.58,0.7919595949289333,1.02,2.14,5.0
F-Hg-N-O-Sb,2,1.3399999999999999,0.5374011537017761,0.96,1.72,5.0
F-Hg-N-O-Sc,2,1.6400000000000001,0.7071067811865478,1.14,2.14,5.0
F-Hg-N-O-Si,2,1.83,1.0606601717798212,1.08,2.58,5.0
F-Hg-N-O-Sn,2,1.1400000000000001,0.5091168824543143,0.78,1.5,5.0
F-Hg-N-O-Sr,2,1.62,0.1979898987322334,1.48,1.76,5.0
F-Hg-N-O-Ta,2,1.38,1.4990663761154808,0.32,2.44,5.0
F-Hg-N-O-Te,2,1.42,0.5939696961966999,1.0,1.84,5.0
F-Hg-N-O-Ti,2,1.24,1.2162236636408619,0.38,2.1,5.0
F-Hg-N-O-Tl,2,1.43,0.04242640687119289,1.4,1.46,5.0
F-Hg-N-O-V,2,1.5499999999999998,1.2020815280171306,0.7,2.4,5.0
F-Hg-N-O-W,2,1.51,1.3435028842544403,0.56,2.46,5.0
F-Hg-N-O-Y,2,1.52,0.42426406871192857,1.22,1.82,5.0
F-Hg-N-O-Zn,2,1.65,0.3818376618407357,1.38,1.92,5.0
F-Hg-N-O-Zr,2,1.45,1.1737972567696688,0.62,2.28,5.0
F-Hg-Na-O,2,1.76,0.36769552621700474,1.5,2.02,4.0
F-Hg-Nb-O,2,1.0899999999999999,1.2020815280171309,0.24,1.94,4.0
F-Hg-Ni-O,2,1.44,0.6788225099390857,0.96,1.92,4.0
F-Hg-O-Os,2,1.69,0.9475230867899735,1.02,2.36,4.0
F-Hg-O-Pb,2,1.07,0.014142135623730963,1.06,1.08,4.0
F-Hg-O-Pd,2,1.4,0.3959797974644666,1.12,1.68,4.0
F-Hg-O-Pt,2,1.6099999999999999,0.5798275605729689,1.2,2.02,4.0
F-Hg-O-Rb,2,1.8699999999999999,0.6929646455628166,1.38,2.36,4.0
F-Hg-O-Re,2,1.4300000000000002,1.1172287142747452,0.64,2.22,4.0
F-Hg-O-Rh,2,1.42,0.5939696961966999,1.0,1.84,4.0
F-Hg-O-Ru,2,1.4,0.6788225099390854,0.92,1.88,4.0
F-Hg-O-Sb,2,0.94,0.31112698372208086,0.72,1.16,4.0
F-Hg-O-Sc,2,1.29,0.8626702730475879,0.68,1.9,4.0
F-Hg-O-Si,2,1.67,0.9192388155425116,1.02,2.32,4.0
F-Hg-O-Sn,2,0.8599999999999999,0.39597979746446654,0.58,1.14,4.0
F-Hg-O-Sr,2,1.26,0.33941125496954283,1.02,1.5,4.0
F-Hg-O-Ta,2,1.03,1.4849242404917498,-0.02,2.08,4.0
F-Hg-O-Te,2,1.2,0.6222539674441617,0.76,1.64,4.0
F-Hg-O-Ti,2,1.06,1.1879393923933999,0.22,1.9,4.0
F-Hg-O-Tl,2,1.05,0.04242640687119289,1.02,1.08,4.0
F-Hg-O-V,2,1.27,1.2020815280171309,0.42,2.12,4.0
F-Hg-O-W,2,1.3599999999999999,1.2727922061357855,0.46,2.26,4.0
F-Hg-O-Y,2,0.97,0.268700576850888,0.78,1.16,4.0
F-Hg-O-Zn,2,1.32,0.39597979746446665,1.04,1.6,4.0
F-Hg-O-Zr,2,0.9299999999999999,0.7778174593052023,0.38,1.48,4.0
F-In-Ir-N-O,2,1.3900000000000001,0.2404163056034263,1.22,1.56,5.0
F-In-Ir-O,2,1.28,0.2262741699796951,1.12,1.44,4.0
F-In-K-N-O,2,1.87,1.0323759005323594,1.14,2.6,5.0
F-In-K-O,2,1.28,1.0182337649086284,0.56,2.0,4.0
F-In-La-N-O,2,0.95,0.268700576850888,0.76,1.14,5.0
F-In-La-O,2,0.65,0.04242640687119289,0.62,0.68,4.0
F-In-Li-N-O,2,1.53,0.24041630560342606,1.36,1.7,5.0
F-In-Li-O,2,1.07,0.29698484809835,0.86,1.28,4.0
F-In-Mg-N-O,2,1.29,0.09899494936611673,1.22,1.36,5.0
F-In-Mg-O,2,0.69,0.12727922061357863,0.6,0.78,4.0
F-In-Mn-N-O,2,0.98,0.36769552621700474,0.72,1.24,5.0
F-In-Mn-O,2,0.46,0.2545584412271571,0.28,0.64,4.0
F-In-Mo-N-O,2,1.02,0.6788225099390857,0.54,1.5,5.0
F-In-Mo-O,2,0.7300000000000001,0.5515432893255071,0.34,1.12,4.0
F-In-N-Na-O,2,1.67,0.6929646455628167,1.18,2.16,5.0
F-In-N-Nb-O,2,0.98,0.7919595949289333,0.42,1.54,5.0
F-In-N-Ni-O,2,1.28,0.36769552621700474,1.02,1.54,5.0
F-In-N-O-Os,2,1.6,0.7071067811865476,1.1,2.1,5.0
F-In-N-O-Pb,2,0.98,0.31112698372208086,0.76,1.2,5.0
F-In-N-O-Pd,2,1.38,0.056568542494923615,1.34,1.42,5.0
F-In-N-O-Pt,2,1.56,0.25455844122715726,1.38,1.74,5.0
F-In-N-O-Rb,2,1.56,0.5374011537017762,1.18,1.94,5.0
F-In-N-O-Re,2,1.33,0.8626702730475879,0.72,1.94,5.0
F-In-N-O-Rh,2,1.23,0.09899494936611673,1.16,1.3,5.0
F-In-N-O-Ru,2,1.3599999999999999,0.45254833995939026,1.04,1.68,5.0
F-In-N-O-Sb,2,0.95,0.1555634918610405,0.84,1.06,5.0
F-In-N-O-Sc,2,1.03,0.1272792206135787,0.94,1.12,5.0
F-In-N-O-Si,2,1.3800000000000001,0.6788225099390857,0.9,1.86,5.0
F-In-N-O-Sn,2,0.79,0.07071067811865478,0.74,0.84,5.0
F-In-N-O-Sr,2,1.36,0.6505382386916237,0.9,1.82,5.0
F-In-N-O-Ta,2,0.9199999999999999,0.6788225099390857,0.44,1.4,5.0
F-In-N-O-Te,2,1.1400000000000001,0.16970562748477147,1.02,1.26,5.0
F-In-N-O-Ti,2,1.04,0.8202438661763952,0.46,1.62,5.0
F-In-N-O-Tl,2,1.18,0.33941125496954283,0.94,1.42,5.0
F-In-N-O-V,2,1.08,0.820243866176395,0.5,1.66,5.0
F-In-N-O-W,2,1.1800000000000002,0.9333809511662428,0.52,1.84,5.0
F-In-N-O-Y,2,1.08,0.08485281374238571,1.02,1.14,5.0
F-In-N-O-Zn,2,1.22,0.08485281374238578,1.16,1.28,5.0
F-In-N-O-Zr,2,0.86,0.4808326112068523,0.52,1.2,5.0
F-In-Na-O,2,1.1500000000000001,0.6646803743153548,0.68,1.62,4.0
F-In-Nb-O,2,0.69,0.7495331880577404,0.16,1.22,4.0
F-In-Ni-O,2,0.97,0.3535533905932738,0.72,1.22,4.0
F-In-O-Os,2,1.3900000000000001,0.49497474683058335,1.04,1.74,4.0
F-In-O-Pb,2,0.53,0.3535533905932738,0.28,0.78,4.0
F-In-O-Pd,2,1.08,0.028284271247461926,1.06,1.1,4.0
F-In-O-Pt,2,1.29,0.12727922061357844,1.2,1.38,4.0
F-In-O-Rb,2,1.32,1.0465180361560904,0.58,2.06,4.0
F-In-O-Re,2,1.12,0.6505382386916237,0.66,1.58,4.0
F-In-O-Rh,2,1.1099999999999999,0.15556349186104035,1.0,1.22,4.0
F-In-O-Ru,2,1.09,0.2687005768508881,0.9,1.28,4.0
F-In-O-Sb,2,0.61,0.15556349186104043,0.5,0.72,4.0
F-In-O-Sc,2,0.7799999999999999,0.5091168824543142,0.42,1.14,4.0
F-In-O-Si,2,1.17,0.4666904755831214,0.84,1.5,4.0
F-In-O-Sn,2,0.37,0.014142135623730963,0.36,0.38,4.0
F-In-O-Sr,2,0.71,0.6929646455628166,0.22,1.2,4.0
F-In-O-Ta,2,0.75,1.0040916292848974,0.04,1.46,4.0
F-In-O-Te,2,0.8,0.2262741699796952,0.64,0.96,4.0
F-In-O-Ti,2,0.75,0.7495331880577404,0.22,1.28,4.0
F-In-O-Tl,2,0.73,0.3535533905932738,0.48,0.98,4.0
F-In-O-V,2,0.52,0.5091168824543142,0.16,0.88,4.0
F-In-O-W,2,0.98,0.7919595949289333,0.42,1.54,4.0
F-In-O-Y,2,0.77,0.3535533905932738,0.52,1.02,4.0
F-In-O-Zn,2,0.73,0.0707106781186547,0.68,0.78,4.0
F-In-O-Zr,2,0.8,0.9333809511662428,0.14,1.46,4.0
F-Ir-K-N-O,2,2.46,1.753624817342638,1.22,3.7,5.0
F-Ir-K-O,2,2.25,1.654629867976521,1.08,3.42,4.0
F-Ir-La-N-O,2,1.8399999999999999,0.8485281374238571,1.24,2.44,5.0
F-Ir-La-O,2,1.63,0.5798275605729691,1.22,2.04,4.0
F-Ir-Li-N-O,2,1.93,0.7212489168102785,1.42,2.44,5.0
F-Ir-Li-O,2,1.7600000000000002,0.622253967444162,1.32,2.2,4.0
F-Ir-Mg-N-O,2,1.94,0.4525483399593902,1.62,2.26,5.0
F-Ir-Mg-O,2,1.54,0.31112698372208086,1.32,1.76,4.0
F-Ir-Mn-N-O,2,1.6600000000000001,0.22627416997969516,1.5,1.82,5.0
F-Ir-Mn-O,2,1.35,0.12727922061357844,1.26,1.44,4.0
F-Ir-Mo-N-O,2,1.4300000000000002,0.49497474683058335,1.08,1.78,5.0
F-Ir-Mo-O,2,1.5699999999999998,0.0989949493661165,1.5,1.64,4.0
F-Ir-N-Na-O,2,1.5699999999999998,0.43840620433565947,1.26,1.88,5.0
F-Ir-N-Nb-O,2,1.37,0.6081118318204308,0.94,1.8,5.0
F-Ir-N-Ni-O,2,1.65,0.29698484809835013,1.44,1.86,5.0
F-Ir-N-O-Os,2,1.7400000000000002,0.5374011537017761,1.36,2.12,5.0
F-Ir-N-O-Pb,2,1.73,0.8343860018001261,1.14,2.32,5.0
F-Ir-N-O-Pd,2,1.65,0.6646803743153548,1.18,2.12,5.0
F-Ir-N-O-Pt,2,1.56,0.0,1.56,1.56,5.0
F-Ir-N-O-Rb,2,2.54,1.7819090885900997,1.28,3.8,5.0
F-Ir-N-O-Re,2,1.82,0.42426406871192857,1.52,2.12,5.0
F-Ir-N-O-Rh,2,1.69,0.4101219330881976,1.4,1.98,5.0
F-Ir-N-O-Ru,2,1.69,0.0989949493661165,1.62,1.76,5.0
F-Ir-N-O-Sb,2,1.6,0.36769552621700474,1.34,1.86,5.0
F-Ir-N-O-Sc,2,1.8,0.31112698372208086,1.58,2.02,5.0
F-Ir-N-O-Si,2,1.87,0.1838477631085023,1.74,2.0,5.0
F-Ir-N-O-Sn,2,1.47,0.4101219330881976,1.18,1.76,5.0
F-Ir-N-O-Sr,2,2.18,1.3293607486307093,1.24,3.12,5.0
F-Ir-N-O-Ta,2,1.04,0.39597979746446665,0.76,1.32,5.0
F-Ir-N-O-Te,2,1.5299999999999998,0.18384776310850245,1.4,1.66,5.0
F-Ir-N-O-Ti,2,1.1400000000000001,0.5091168824543143,0.78,1.5,5.0
F-Ir-N-O-Tl,2,1.72,0.9899494936611665,1.02,2.42,5.0
F-Ir-N-O-V,2,1.43,0.2969848480983499,1.22,1.64,5.0
F-Ir-N-O-W,2,1.56,0.7636753236814714,1.02,2.1,5.0
F-Ir-N-O-Y,2,1.81,0.6081118318204312,1.38,2.24,5.0
F-Ir-N-O-Zn,2,1.81,0.4949747468305834,1.46,2.16,5.0
F-Ir-N-O-Zr,2,1.35,0.15556349186104051,1.24,1.46,5.0
F-Ir-Na-O,2,2.0,1.2162236636408617,1.14,2.86,4.0
F-Ir-Nb-O,2,1.45,0.3252691193458118,1.22,1.68,4.0
F-Ir-Ni-O,2,1.6800000000000002,0.1414213562373094,1.58,1.78,4.0
F-Ir-O-Os,2,2.02,0.05656854249492385,1.98,2.06,4.0
F-Ir-O-Pb,2,1.55,0.6929646455628166,1.06,2.04,4.0
F-Ir-O-Pd,2,1.6600000000000001,0.5656854249492381,1.26,2.06,4.0
F-Ir-O-Pt,2,1.7,0.28284271247461895,1.5,1.9,4.0
F-Ir-O-Rb,2,2.3200000000000003,1.6970562748477143,1.12,3.52,4.0
F-Ir-O-Re,2,1.72,0.48083261120685244,1.38,2.06,4.0
F-Ir-O-Rh,2,1.77,0.3252691193458118,1.54,2.0,4.0
F-Ir-O-Ru,2,1.7000000000000002,0.1979898987322334,1.56,1.84,4.0
F-Ir-O-Sb,2,1.58,0.31112698372208086,1.36,1.8,4.0
F-Ir-O-Sc,2,1.6,0.056568542494923615,1.56,1.64,4.0
F-Ir-O-Si,2,1.92,0.14142135623730956,1.82,2.02,4.0
F-Ir-O-Sn,2,1.34,0.39597979746446665,1.06,1.62,4.0
F-Ir-O-Sr,2,1.8,1.1313708498984762,1.0,2.6,4.0
F-Ir-O-Ta,2,1.0499999999999998,0.4666904755831214,0.72,1.38,4.0
F-Ir-O-Te,2,1.62,0.19798989873223324,1.48,1.76,4.0
F-Ir-O-Ti,2,1.0899999999999999,0.4101219330881974,0.8,1.38,4.0
F-Ir-O-Tl,2,1.49,0.862670273047588,0.88,2.1,4.0
F-Ir-O-V,2,1.43,0.014142135623730963,1.42,1.44,4.0
F-Ir-O-W,2,1.5699999999999998,0.2121320343559642,1.42,1.72,4.0
F-Ir-O-Y,2,1.59,0.3252691193458118,1.36,1.82,4.0
F-Ir-O-Zn,2,1.58,0.4242640687119285,1.28,1.88,4.0
F-Ir-O-Zr,2,1.52,0.14142135623730964,1.42,1.62,4.0
F-K-La-N-O,2,1.7999999999999998,0.6505382386916234,1.34,2.26,5.0
F-K-La-O,2,0.99,0.7495331880577404,0.46,1.52,4.0
F-K-Li-N-O,2,2.4699999999999998,0.7778174593052025,1.92,3.02,5.0
F-K-Li-O,2,1.81,0.6646803743153544,1.34,2.28,4.0
F-K-Mg-N-O,2,2.45,0.9475230867899738,1.78,3.12,5.0
F-K-Mg-O,2,1.5599999999999998,0.9899494936611664,0.86,2.26,4.0
F-K-Mn-N-O,2,1.8800000000000001,1.2162236636408619,1.02,2.74,5.0
F-K-Mn-O,2,1.71,1.994041122946064,0.3,3.12,4.0
F-K-Mo-N-O,2,2.05,2.0506096654409878,0.6,3.5,5.0
F-K-Mo-O,2,1.42,1.6687720036002522,0.24,2.6,4.0
F-K-N-Na-O,2,2.38,0.5939696961966998,1.96,2.8,5.0
F-K-N-Nb-O,2,1.8499999999999999,1.994041122946064,0.44,3.26,5.0
F-K-N-Ni-O,2,2.3,1.414213562373095,1.3,3.3,5.0
F-K-N-O-Os,2,1.7,0.9333809511662426,1.04,2.36,5.0
F-K-N-O-Pb,2,1.88,0.7353910524340093,1.36,2.4,5.0
F-K-N-O-Pd,2,2.24,1.1879393923933999,1.4,3.08,5.0
F-K-N-O-Pt,2,2.41,1.4000714267493641,1.42,3.4,5.0
F-K-N-O-Rb,2,2.62,0.05656854249492385,2.58,2.66,5.0
F-K-N-O-Re,2,2.27,2.3334523779156067,0.62,3.92,5.0
F-K-N-O-Rh,2,2.28,1.4707821048680185,1.24,3.32,5.0
F-K-N-O-Ru,2,2.27,1.7394826817189069,1.04,3.5,5.0
F-K-N-O-Sb,2,1.76,1.0748023074035522,1.0,2.52,5.0
F-K-N-O-Sc,2,2.14,1.3293607486307093,1.2,3.08,5.0
F-K-N-O-Si,2,2.42,1.7253405460951763,1.2,3.64,5.0
F-K-N-O-Sn,2,1.71,1.0889444430272832,0.94,2.48,5.0
F-K-N-O-Sr,2,2.27,0.3535533905932738,2.02,2.52,5.0
F-K-N-O-Ta,2,1.8499999999999999,2.1071782079359114,0.36,3.34,5.0
F-K-N-O-Te,2,1.94,1.2445079348883235,1.06,2.82,5.0
F-K-N-O-Ti,2,2.08,1.895046173579947,0.74,3.42,5.0
F-K-N-O-Tl,2,1.9,0.7071067811865476,1.4,2.4,5.0
F-K-N-O-V,2,2.05,1.9091883092036783,0.7,3.4,5.0
F-K-N-O-W,2,2.1,2.2627416997969525,0.5,3.7,5.0
F-K-N-O-Y,2,2.02,0.9899494936611667,1.32,2.72,5.0
F-K-N-O-Zn,2,2.23,1.1172287142747452,1.44,3.02,5.0
F-K-N-O-Zr,2,1.96,1.6970562748477143,0.76,3.16,5.0
F-K-Na-O,2,1.74,0.25455844122715704,1.56,1.92,4.0
F-K-Nb-O,2,1.36,1.8384776310850237,0.06,2.66,4.0
F-K-Ni-O,2,1.94,1.3293607486307093,1.0,2.88,4.0
F-K-O-Os,2,2.31,1.9374725804511403,0.94,3.68,4.0
F-K-O-Pb,2,1.17,0.6363961030678927,0.72,1.62,4.0
F-K-O-Pd,2,1.98,1.103086578651014,1.2,2.76,4.0
F-K-O-Pt,2,2.16,1.3293607486307095,1.22,3.1,4.0
F-K-O-Rb,2,1.62,0.056568542494923775,1.58,1.66,4.0
F-K-O-Re,2,2.12,2.2061731573020285,0.56,3.68,4.0
F-K-O-Rh,2,2.0,1.4142135623730951,1.0,3.0,4.0
F-K-O-Ru,2,2.0300000000000002,1.6546298679765217,0.86,3.2,4.0
F-K-O-Sb,2,1.28,1.2162236636408619,0.42,2.14,4.0
F-K-O-Sc,2,1.47,1.428355697996826,0.46,2.48,4.0
F-K-O-Si,2,1.9100000000000001,1.7677669529663689,0.66,3.16,4.0
F-K-O-Sn,2,1.05,1.0323759005323594,0.32,1.78,4.0
F-K-O-Sr,2,1.23,0.3535533905932738,0.98,1.48,4.0
F-K-O-Ta,2,1.41,2.0506096654409878,-0.04,2.86,4.0
F-K-O-Te,2,1.52,1.3576450198781713,0.56,2.48,4.0
F-K-O-Ti,2,1.6,2.0081832585697947,0.18,3.02,4.0
F-K-O-Tl,2,1.5,0.6505382386916236,1.04,1.96,4.0
F-K-O-V,2,1.45,1.965756851698602,0.06,2.84,4.0
F-K-O-W,2,1.66,1.8950461735799473,0.32,3.0,4.0
F-K-O-Y,2,1.29,1.0889444430272832,0.52,2.06,4.0
F-K-O-Zn,2,1.74,0.9616652224137046,1.06,2.42,4.0
F-K-O-Zr,2,1.4000000000000001,1.8950461735799475,0.06,2.74,4.0
F-La-Li-N-O,2,1.44,0.28284271247461895,1.24,1.64,5.0
F-La-Li-O,2,0.6699999999999999,0.2404163056034262,0.5,0.84,4.0
F-La-Mg-N-O,2,1.21,0.5798275605729689,0.8,1.62,5.0
F-La-Mg-O,2,0.5800000000000001,0.6788225099390857,0.1,1.06,4.0
F-La-Mn-N-O,2,1.08,0.7353910524340095,0.56,1.6,5.0
F-La-Mn-O,2,0.6,0.4808326112068523,0.26,0.94,4.0
F-La-Mo-N-O,2,1.33,0.8061017305526642,0.76,1.9,5.0
F-La-Mo-O,2,1.41,0.7778174593052023,0.86,1.96,4.0
F-La-N-Na-O,2,1.52,0.1131370849898477,1.44,1.6,5.0
F-La-N-Nb-O,2,1.38,0.905096679918781,0.74,2.02,5.0
F-La-N-Ni-O,2,1.38,0.7919595949289333,0.82,1.94,5.0
F-La-N-O-Os,2,1.9899999999999998,1.0889444430272832,1.22,2.76,5.0
F-La-N-O-Pb,2,1.1,0.14142135623730956,1.0,1.2,5.0
F-La-N-O-Pd,2,1.43,0.4101219330881976,1.14,1.72,5.0
F-La-N-O-Pt,2,1.67,0.5232590180780451,1.3,2.04,5.0
F-La-N-O-Rb,2,1.9100000000000001,0.8061017305526642,1.34,2.48,5.0
F-La-N-O-Re,2,1.66,0.9333809511662426,1.0,2.32,5.0
F-La-N-O-Rh,2,1.53,0.6646803743153546,1.06,2.0,5.0
F-La-N-O-Ru,2,1.66,0.8768124086713187,1.04,2.28,5.0
F-La-N-O-Sb,2,1.24,0.25455844122715704,1.06,1.42,5.0
F-La-N-O-Sc,2,1.01,0.8626702730475879,0.4,1.62,5.0
F-La-N-O-Si,2,1.43,0.8061017305526642,0.86,2.0,5.0
F-La-N-O-Sn,2,1.0,0.16970562748477144,0.88,1.12,5.0
F-La-N-O-Sr,2,1.39,0.3535533905932738,1.14,1.64,5.0
F-La-N-O-Ta,2,1.56,1.1313708498984758,0.76,2.36,5.0
F-La-N-O-Te,2,1.44,0.1414213562373094,1.34,1.54,5.0
F-La-N-O-Ti,2,1.25,1.0323759005323594,0.52,1.98,5.0
F-La-N-O-Tl,2,1.13,0.014142135623730885,1.12,1.14,5.0
F-La-N-O-V,2,1.3,1.1879393923933999,0.46,2.14,5.0
F-La-N-O-W,2,1.5699999999999998,1.0040916292848974,0.86,2.28,5.0
F-La-N-O-Y,2,0.88,0.6222539674441618,0.44,1.32,5.0
F-La-N-O-Zn,2,1.19,0.49497474683058335,0.84,1.54,5.0
F-La-N-O-Zr,2,1.31,0.9758073580374356,0.62,2.0,5.0
F-La-Na-O,2,0.77,0.21213203435596428,0.62,0.92,4.0
F-La-Nb-O,2,1.1099999999999999,0.5798275605729691,0.7,1.52,4.0
F-La-Ni-O,2,0.97,0.6646803743153546,0.5,1.44,4.0
F-La-O-Os,2,1.87,0.7495331880577402,1.34,2.4,4.0
F-La-O-Pb,2,0.8,0.36769552621700474,0.54,1.06,4.0
F-La-O-Pd,2,1.1,0.22627416997969516,0.94,1.26,4.0
F-La-O-Pt,2,1.4100000000000001,0.29698484809835013,1.2,1.62,4.0
F-La-O-Rb,2,1.1,0.9333809511662429,0.44,1.76,4.0
F-La-O-Re,2,1.8399999999999999,0.9333809511662429,1.18,2.5,4.0
F-La-O-Rh,2,1.26,0.45254833995939053,0.94,1.58,4.0
F-La-O-Ru,2,1.44,0.5939696961966999,1.02,1.86,4.0
F-La-O-Sb,2,1.01,0.014142135623730963,1.0,1.02,4.0
F-La-O-Sc,2,0.8,0.6505382386916236,0.34,1.26,4.0
F-La-O-Si,2,1.23,0.4666904755831214,0.9,1.56,4.0
F-La-O-Sn,2,0.77,0.12727922061357852,0.68,0.86,4.0
F-La-O-Sr,2,0.7,0.36769552621700474,0.44,0.96,4.0
F-La-O-Ta,2,1.4,0.7636753236814714,0.86,1.94,4.0
F-La-O-Te,2,1.03,0.18384776310850232,0.9,1.16,4.0
F-La-O-Ti,2,0.8899999999999999,0.7212489168102784,0.38,1.4,4.0
F-La-O-Tl,2,0.8300000000000001,0.3818376618407357,0.56,1.1,4.0
F-La-O-V,2,0.9400000000000001,0.9333809511662428,0.28,1.6,4.0
F-La-O-W,2,1.46,0.6222539674441617,1.02,1.9,4.0
F-La-O-Y,2,0.82,0.4525483399593903,0.5,1.14,4.0
F-La-O-Zn,2,0.66,0.4525483399593904,0.34,0.98,4.0
F-La-O-Zr,2,0.95,0.6363961030678927,0.5,1.4,4.0
F-Li-Mg-N-O,2,1.98,0.05656854249492385,1.94,2.02,5.0
F-Li-Mg-O,2,1.21,0.18384776310850245,1.08,1.34,4.0
F-Li-Mn-N-O,2,1.44,0.5374011537017762,1.06,1.82,5.0
F-Li-Mn-O,2,0.81,0.6081118318204308,0.38,1.24,4.0
F-Li-Mo-N-O,2,1.25,0.7778174593052023,0.7,1.8,5.0
F-Li-Mo-O,2,0.94,0.6788225099390855,0.46,1.42,4.0
F-Li-N-Na-O,2,2.13,0.24041630560342606,1.96,2.3,5.0
F-Li-N-Nb-O,2,1.03,0.7495331880577404,0.5,1.56,5.0
F-Li-N-Ni-O,2,1.79,0.5515432893255072,1.4,2.18,5.0
F-Li-N-O-Os,2,1.8199999999999998,0.876812408671319,1.2,2.44,5.0
F-Li-N-O-Pb,2,1.59,0.04242640687119289,1.56,1.62,5.0
F-Li-N-O-Pd,2,1.9,0.33941125496954305,1.66,2.14,5.0
F-Li-N-O-Pt,2,1.98,0.5091168824543141,1.62,2.34,5.0
F-Li-N-O-Rb,2,2.51,0.8061017305526644,1.94,3.08,5.0
F-Li-N-O-Re,2,1.4700000000000002,1.0323759005323594,0.74,2.2,5.0
F-Li-N-O-Rh,2,1.82,0.5374011537017763,1.44,2.2,5.0
F-Li-N-O-Ru,2,1.69,0.6646803743153548,1.22,2.16,5.0
F-Li-N-O-Sb,2,1.36,0.33941125496954283,1.12,1.6,5.0
F-Li-N-O-Sc,2,1.58,0.25455844122715726,1.4,1.76,5.0
F-Li-N-O-Si,2,1.8,1.1030865786510142,1.02,2.58,5.0
F-Li-N-O-Sn,2,1.33,0.3252691193458118,1.1,1.56,5.0
F-Li-N-O-Sr,2,2.09,0.3818376618407355,1.82,2.36,5.0
F-Li-N-O-Ta,2,1.0899999999999999,0.806101730552664,0.52,1.66,5.0
F-Li-N-O-Te,2,1.5,0.33941125496954283,1.26,1.74,5.0
F-Li-N-O-Ti,2,1.22,0.7353910524340095,0.7,1.74,5.0
F-Li-N-O-Tl,2,1.75,0.014142135623730963,1.74,1.76,5.0
F-Li-N-O-V,2,1.28,0.7353910524340095,0.76,1.8,5.0
F-Li-N-O-W,2,1.25,0.9192388155425116,0.6,1.9,5.0
F-Li-N-O-Y,2,1.52,0.05656854249492385,1.48,1.56,5.0
F-Li-N-O-Zn,2,1.8,0.25455844122715704,1.62,1.98,5.0
F-Li-N-O-Zr,2,1.21,0.4101219330881975,0.92,1.5,5.0
F-Li-Na-O,2,1.83,0.2969848480983499,1.62,2.04,4.0
F-Li-Nb-O,2,0.74,0.5939696961966998,0.32,1.16,4.0
F-Li-Ni-O,2,1.4500000000000002,0.5798275605729689,1.04,1.86,4.0
F-Li-O-Os,2,1.67,0.7212489168102787,1.16,2.18,4.0
F-Li-O-Pb,2,1.05,0.014142135623730963,1.04,1.06,4.0
F-Li-O-Pd,2,1.67,0.2969848480983499,1.46,1.88,4.0
F-Li-O-Pt,2,1.8,0.45254833995939053,1.48,2.12,4.0
F-Li-O-Rb,2,1.94,0.4808326112068521,1.6,2.28,4.0
F-Li-O-Re,2,1.3399999999999999,0.8485281374238571,0.74,1.94,4.0
F-Li-O-Rh,2,1.5899999999999999,0.4666904755831214,1.26,1.92,4.0
F-Li-O-Ru,2,1.48,0.5656854249492379,1.08,1.88,4.0
F-Li-O-Sb,2,0.9199999999999999,0.33941125496954266,0.68,1.16,4.0
F-Li-O-Sc,2,0.9299999999999999,0.2969848480983499,0.72,1.14,4.0
F-Li-O-Si,2,1.3800000000000001,1.2162236636408619,0.52,2.24,4.0
F-Li-O-Sn,2,0.85,0.43840620433565936,0.54,1.16,4.0
F-Li-O-Sr,2,1.15,0.3535533905932736,0.9,1.4,4.0
F-Li-O-Ta,2,0.6599999999999999,0.6788225099390855,0.18,1.14,4.0
F-Li-O-Te,2,1.15,0.3818376618407356,0.88,1.42,4.0
F-Li-O-Ti,2,0.85,0.8626702730475879,0.24,1.46,4.0
F-Li-O-Tl,2,1.37,0.04242640687119265,1.34,1.4,4.0
F-Li-O-V,2,0.75,0.7212489168102785,0.24,1.26,4.0
F-Li-O-W,2,1.07,0.7495331880577404,0.54,1.6,4.0
F-Li-O-Y,2,0.82,0.0,0.82,0.82,4.0
F-Li-O-Zn,2,1.4100000000000001,0.29698484809834996,1.2,1.62,4.0
F-Li-O-Zr,2,0.67,0.4949747468305833,0.32,1.02,4.0
F-Mg-Mn-N-O,2,1.24,0.31112698372208086,1.02,1.46,5.0
F-Mg-Mn-O,2,0.53,0.24041630560342608,0.36,0.7,4.0
F-Mg-Mo-N-O,2,1.3199999999999998,0.4525483399593904,1.0,1.64,5.0
F-Mg-Mo-O,2,0.98,0.1414213562373096,0.88,1.08,4.0
F-Mg-N-Na-O,2,2.21,0.6081118318204308,1.78,2.64,5.0
F-Mg-N-Nb-O,2,1.24,0.42426406871192857,0.94,1.54,5.0
F-Mg-N-Ni-O,2,1.68,0.42426406871192857,1.38,1.98,5.0
F-Mg-N-O-Os,2,1.8599999999999999,0.5656854249492379,1.46,2.26,5.0
F-Mg-N-O-Pb,2,1.3399999999999999,0.42426406871192834,1.04,1.64,5.0
F-Mg-N-O-Pd,2,1.79,0.04242640687119289,1.76,1.82,5.0
F-Mg-N-O-Pt,2,1.92,0.16970562748477147,1.8,2.04,5.0
F-Mg-N-O-Rb,2,2.5300000000000002,0.9758073580374356,1.84,3.22,5.0
F-Mg-N-O-Re,2,1.62,0.6222539674441618,1.18,2.06,5.0
F-Mg-N-O-Rh,2,1.74,0.2262741699796951,1.58,1.9,5.0
F-Mg-N-O-Ru,2,1.69,0.3252691193458118,1.46,1.92,5.0
F-Mg-N-O-Sb,2,1.27,0.04242640687119289,1.24,1.3,5.0
F-Mg-N-O-Sc,2,1.31,0.12727922061357844,1.22,1.4,5.0
F-Mg-N-O-Si,2,1.55,0.8343860018001261,0.96,2.14,5.0
F-Mg-N-O-Sn,2,1.14,0.0,1.14,1.14,5.0
F-Mg-N-O-Sr,2,1.7199999999999998,0.820243866176395,1.14,2.3,5.0
F-Mg-N-O-Ta,2,1.3599999999999999,0.565685424949238,0.96,1.76,5.0
F-Mg-N-O-Te,2,1.4100000000000001,0.12727922061357844,1.32,1.5,5.0
F-Mg-N-O-Ti,2,1.17,0.6929646455628165,0.68,1.66,5.0
F-Mg-N-O-Tl,2,1.62,0.39597979746446643,1.34,1.9,5.0
F-Mg-N-O-V,2,1.25,0.6363961030678927,0.8,1.7,5.0
F-Mg-N-O-W,2,1.4300000000000002,0.6081118318204308,1.0,1.86,5.0
F-Mg-N-O-Y,2,1.25,0.24041630560342606,1.08,1.42,5.0
F-Mg-N-O-Zn,2,1.56,0.028284271247461926,1.54,1.58,5.0
F-Mg-N-O-Zr,2,1.03,0.3818376618407357,0.76,1.3,5.0
F-Mg-Na-O,2,1.37,0.6363961030678928,0.92,1.82,4.0
F-Mg-Nb-O,2,0.91,0.18384776310850237,0.78,1.04,4.0
F-Mg-Ni-O,2,1.07,0.29698484809835,0.86,1.28,4.0
F-Mg-O-Os,2,1.6099999999999999,0.1838477631085023,1.48,1.74,4.0
F-Mg-O-Pb,2,0.87,0.5232590180780452,0.5,1.24,4.0
F-Mg-O-Pd,2,1.38,0.056568542494923775,1.34,1.42,4.0
F-Mg-O-Pt,2,1.4100000000000001,0.2121320343559642,1.26,1.56,4.0
F-Mg-O-Rb,2,1.5899999999999999,1.0040916292848974,0.88,2.3,4.0
F-Mg-O-Re,2,1.38,0.2828427124746192,1.18,1.58,4.0
F-Mg-O-Rh,2,1.3599999999999999,0.02828427124746169,1.34,1.38,4.0
F-Mg-O-Ru,2,1.32,0.05656854249492385,1.28,1.36,4.0
F-Mg-O-Sb,2,0.8600000000000001,0.282842712474619,0.66,1.06,4.0
F-Mg-O-Sc,2,0.7,0.08485281374238574,0.64,0.76,4.0
F-Mg-O-Si,2,1.26,0.39597979746446665,0.98,1.54,4.0
F-Mg-O-Sn,2,0.73,0.21213203435596428,0.58,0.88,4.0
F-Mg-O-Sr,2,0.85,0.8061017305526641,0.28,1.42,4.0
F-Mg-O-Ta,2,1.08,0.3394112549695429,0.84,1.32,4.0
F-Mg-O-Te,2,1.01,0.04242640687119289,0.98,1.04,4.0
F-Mg-O-Ti,2,0.7,0.39597979746446665,0.42,0.98,4.0
F-Mg-O-Tl,2,1.08,0.39597979746446665,0.8,1.36,4.0
F-Mg-O-V,2,0.65,0.29698484809834996,0.44,0.86,4.0
F-Mg-O-W,2,1.19,0.268700576850888,1.0,1.38,4.0
F-Mg-O-Y,2,0.64,0.28284271247461895,0.44,0.84,4.0
F-Mg-O-Zn,2,0.95,0.014142135623730963,0.94,0.96,4.0
F-Mg-O-Zr,2,0.71,0.18384776310850237,0.58,0.84,4.0
F-Mn-Mo-N-O,2,1.01,0.2404163056034262,0.84,1.18,5.0
F-Mn-Mo-O,2,1.17,0.35355339059327373,0.92,1.42,4.0
F-Mn-N-Na-O,2,1.6099999999999999,0.9475230867899735,0.94,2.28,5.0
F-Mn-N-Nb-O,2,0.97,0.2969848480983499,0.76,1.18,5.0
F-Mn-N-Ni-O,2,1.2,0.028284271247461926,1.18,1.22,5.0
F-Mn-N-O-Os,2,1.55,0.3818376618407357,1.28,1.82,5.0
F-Mn-N-O-Pb,2,1.09,0.6646803743153546,0.62,1.56,5.0
F-Mn-N-O-Pd,2,1.36,0.33941125496954283,1.12,1.6,5.0
F-Mn-N-O-Pt,2,1.54,0.16970562748477133,1.42,1.66,5.0
F-Mn-N-O-Rb,2,2.09,1.3717871555019021,1.12,3.06,5.0
F-Mn-N-O-Re,2,1.33,0.4666904755831214,1.0,1.66,5.0
F-Mn-N-O-Rh,2,1.3599999999999999,0.11313708498984763,1.28,1.44,5.0
F-Mn-N-O-Ru,2,1.33,0.014142135623730963,1.32,1.34,5.0
F-Mn-N-O-Sb,2,0.98,0.2262741699796952,0.82,1.14,5.0
F-Mn-N-O-Sc,2,1.1400000000000001,0.08485281374238571,1.08,1.2,5.0
F-Mn-N-O-Si,2,1.23,0.46669047558312143,0.9,1.56,5.0
F-Mn-N-O-Sn,2,0.81,0.24041630560342608,0.64,0.98,5.0
F-Mn-N-O-Sr,2,1.9100000000000001,1.6829141392239833,0.72,3.1,5.0
F-Mn-N-O-Ta,2,1.15,0.5232590180780453,0.78,1.52,5.0
F-Mn-N-O-Te,2,1.25,0.24041630560342606,1.08,1.42,5.0
F-Mn-N-O-Ti,2,0.88,0.4525483399593903,0.56,1.2,5.0
F-Mn-N-O-Tl,2,1.28,0.6505382386916237,0.82,1.74,5.0
F-Mn-N-O-V,2,0.84,0.19798989873223333,0.7,0.98,5.0
F-Mn-N-O-W,2,1.18,0.4808326112068523,0.84,1.52,5.0
F-Mn-N-O-Y,2,1.1199999999999999,0.39597979746446654,0.84,1.4,5.0
F-Mn-N-O-Zn,2,1.16,0.31112698372208086,0.94,1.38,5.0
F-Mn-N-O-Zr,2,1.03,0.24041630560342608,0.86,1.2,5.0
F-Mn-Na-O,2,1.02,1.0182337649086284,0.3,1.74,4.0
F-Mn-Nb-O,2,1.1400000000000001,0.19798989873223324,1.0,1.28,4.0
F-Mn-Ni-O,2,0.78,0.08485281374238567,0.72,0.84,4.0
F-Mn-O-Os,2,1.83,0.3818376618407357,1.56,2.1,4.0
F-Mn-O-Pb,2,0.6000000000000001,0.6788225099390857,0.12,1.08,4.0
F-Mn-O-Pd,2,1.05,0.3535533905932738,0.8,1.3,4.0
F-Mn-O-Pt,2,1.21,0.09899494936611673,1.14,1.28,4.0
F-Mn-O-Rb,2,1.3499999999999999,1.3152186130069783,0.42,2.28,4.0
F-Mn-O-Re,2,1.21,0.2969848480983499,1.0,1.42,4.0
F-Mn-O-Rh,2,1.0899999999999999,0.15556349186104051,0.98,1.2,4.0
F-Mn-O-Ru,2,1.5,0.6505382386916236,1.04,1.96,4.0
F-Mn-O-Sb,2,1.13,0.806101730552664,0.56,1.7,4.0
F-Mn-O-Sc,2,0.53,0.21213203435596428,0.38,0.68,4.0
F-Mn-O-Si,2,1.08,0.16970562748477133,0.96,1.2,4.0
F-Mn-O-Sn,2,0.47,0.3535533905932738,0.22,0.72,4.0
F-Mn-O-Sr,2,0.69,0.9758073580374355,0.0,1.38,4.0
F-Mn-O-Ta,2,1.15,0.04242640687119281,1.12,1.18,4.0
F-Mn-O-Te,2,1.38,0.7636753236814714,0.84,1.92,4.0
F-Mn-O-Ti,2,0.73,0.4101219330881976,0.44,1.02,4.0
F-Mn-O-Tl,2,0.79,0.5798275605729689,0.38,1.2,4.0
F-Mn-O-V,2,0.47,0.18384776310850232,0.34,0.6,4.0
F-Mn-O-W,2,1.07,0.3818376618407357,0.8,1.34,4.0
F-Mn-O-Y,2,0.64,0.05656854249492385,0.6,0.68,4.0
F-Mn-O-Zn,2,0.59,0.15556349186104043,0.48,0.7,4.0
F-Mn-O-Zr,2,1.2000000000000002,0.14142135623730956,1.1,1.3,4.0
F-Mo-N-Na-O,2,1.49,1.3152186130069783,0.56,2.42,5.0
F-Mo-N-Nb-O,2,0.99,0.014142135623730963,0.98,1.0,5.0
F-Mo-N-Ni-O,2,1.19,0.268700576850888,1.0,1.38,5.0
F-Mo-N-O-Os,2,1.3399999999999999,0.11313708498984747,1.26,1.42,5.0
F-Mo-N-O-Pb,2,1.19,0.9475230867899738,0.52,1.86,5.0
F-Mo-N-O-Pd,2,1.32,0.7071067811865476,0.82,1.82,5.0
F-Mo-N-O-Pt,2,1.5299999999999998,0.5232590180780453,1.16,1.9,5.0
F-Mo-N-O-Rb,2,1.98,1.8101933598375617,0.7,3.26,5.0
F-Mo-N-O-Re,2,1.4500000000000002,0.21213203435596437,1.3,1.6,5.0
F-Mo-N-O-Rh,2,1.3599999999999999,0.45254833995939026,1.04,1.68,5.0
F-Mo-N-O-Ru,2,1.38,0.28284271247461906,1.18,1.58,5.0
F-Mo-N-O-Sb,2,1.15,0.4384062043356594,0.84,1.46,5.0
F-Mo-N-O-Sc,2,1.3599999999999999,0.1414213562373094,1.26,1.46,5.0
F-Mo-N-O-Si,2,1.4,0.11313708498984763,1.32,1.48,5.0
F-Mo-N-O-Sn,2,0.93,0.5515432893255071,0.54,1.32,5.0
F-Mo-N-O-Sr,2,1.52,1.2727922061357855,0.62,2.42,5.0
F-Mo-N-O-Ta,2,1.12,0.14142135623730956,1.02,1.22,5.0
F-Mo-N-O-Te,2,1.23,0.3818376618407357,0.96,1.5,5.0
F-Mo-N-O-Ti,2,1.04,0.25455844122715704,0.86,1.22,5.0
F-Mo-N-O-Tl,2,1.23,1.0606601717798212,0.48,1.98,5.0
F-Mo-N-O-V,2,1.0,0.028284271247461926,0.98,1.02,5.0
F-Mo-N-O-W,2,1.15,0.04242640687119265,1.12,1.18,5.0
F-Mo-N-O-Y,2,1.37,0.41012193308819755,1.08,1.66,5.0
F-Mo-N-O-Zn,2,1.1600000000000001,0.5374011537017762,0.78,1.54,5.0
F-Mo-N-O-Zr,2,1.1,0.11313708498984747,1.02,1.18,5.0
F-Mo-Na-O,2,1.3099999999999998,1.428355697996826,0.3,2.32,4.0
F-Mo-Nb-O,2,1.04,0.2262741699796952,0.88,1.2,4.0
F-Mo-Ni-O,2,1.06,0.282842712474619,0.86,1.26,4.0
F-Mo-O-Os,2,1.69,0.04242640687119289,1.66,1.72,4.0
F-Mo-O-Pb,2,1.0,0.7636753236814714,0.46,1.54,4.0
F-Mo-O-Pd,2,1.18,0.7071067811865475,0.68,1.68,4.0
F-Mo-O-Pt,2,1.46,0.5374011537017762,1.08,1.84,4.0
F-Mo-O-Rb,2,1.5299999999999998,1.7394826817189066,0.3,2.76,4.0
F-Mo-O-Re,2,1.47,0.1272792206135787,1.38,1.56,4.0
F-Mo-O-Rh,2,1.3,0.39597979746446665,1.02,1.58,4.0
F-Mo-O-Ru,2,1.31,0.2969848480983499,1.1,1.52,4.0
F-Mo-O-Sb,2,1.02,0.33941125496954283,0.78,1.26,4.0
F-Mo-O-Sc,2,1.15,0.18384776310850245,1.02,1.28,4.0
F-Mo-O-Si,2,1.46,0.028284271247461926,1.44,1.48,4.0
F-Mo-O-Sn,2,0.79,0.4384062043356595,0.48,1.1,4.0
F-Mo-O-Sr,2,1.15,1.0323759005323594,0.42,1.88,4.0
F-Mo-O-Ta,2,1.1099999999999999,0.4949747468305831,0.76,1.46,4.0
F-Mo-O-Te,2,1.1300000000000001,0.32526911934581193,0.9,1.36,4.0
F-Mo-O-Ti,2,1.07,0.3252691193458119,0.84,1.3,4.0
F-Mo-O-Tl,2,0.9,0.9899494936611666,0.2,1.6,4.0
F-Mo-O-V,2,0.86,0.028284271247461926,0.84,0.88,4.0
F-Mo-O-W,2,1.33,0.2687005768508882,1.14,1.52,4.0
F-Mo-O-Y,2,1.18,0.028284271247461926,1.16,1.2,4.0
F-Mo-O-Zn,2,0.8899999999999999,0.4101219330881975,0.6,1.18,4.0
F-Mo-O-Zr,2,1.25,0.4101219330881976,0.96,1.54,4.0
F-N-Na-Nb-O,2,1.43,1.428355697996826,0.42,2.44,5.0
F-N-Na-Ni-O,2,1.5,0.33941125496954283,1.26,1.74,5.0
F-N-Na-O-Os,2,2.04,1.3859292911256331,1.06,3.02,5.0
F-N-Na-O-Pb,2,1.72,0.39597979746446665,1.44,2.0,5.0
F-N-Na-O-Pd,2,1.5899999999999999,0.12727922061357844,1.5,1.68,5.0
F-N-Na-O-Pt,2,2.2199999999999998,1.0182337649086286,1.5,2.94,5.0
F-N-Na-O-Rb,2,2.41,0.6363961030678925,1.96,2.86,5.0
F-N-Na-O-Re,2,1.69,1.5414927829866734,0.6,2.78,5.0
F-N-Na-O-Rh,2,1.51,0.2969848480983499,1.3,1.72,5.0
F-N-Na-O-Ru,2,1.86,1.1030865786510142,1.08,2.64,5.0
F-N-Na-O-Sb,2,1.49,0.7212489168102785,0.98,2.0,5.0
F-N-Na-O-Sc,2,1.79,0.806101730552664,1.22,2.36,5.0
F-N-Na-O-Si,2,2.08,1.5556349186104046,0.98,3.18,5.0
F-N-Na-O-Sn,2,1.49,0.7778174593052023,0.94,2.04,5.0
F-N-Na-O-Sr,2,2.13,0.04242640687119305,2.1,2.16,5.0
F-N-Na-O-Ta,2,1.49,1.5697770542341354,0.38,2.6,5.0
F-N-Na-O-Te,2,1.6300000000000001,0.7495331880577404,1.1,2.16,5.0
F-N-Na-O-Ti,2,1.63,1.3152186130069785,0.7,2.56,5.0
F-N-Na-O-Tl,2,1.86,0.45254833995939053,1.54,2.18,5.0
F-N-Na-O-V,2,1.6900000000000002,1.48492424049175,0.64,2.74,5.0
F-N-Na-O-W,2,1.54,1.5273506473629428,0.46,2.62,5.0
F-N-Na-O-Y,2,1.69,0.4384062043356595,1.38,2.0,5.0
F-N-Na-O-Zn,2,1.97,0.49497474683058307,1.62,2.32,5.0
F-N-Na-O-Zr,2,1.52,1.0465180361560902,0.78,2.26,5.0
F-N-Nb-Ni-O,2,0.94,0.4808326112068524,0.6,1.28,5.0
F-N-Nb-O-Os,2,1.4500000000000002,0.15556349186104051,1.34,1.56,5.0
F-N-Nb-O-Pb,2,1.19,1.0889444430272832,0.42,1.96,5.0
F-N-Nb-O-Pd,2,1.23,0.8061017305526643,0.66,1.8,5.0
F-N-Nb-O-Pt,2,1.31,0.862670273047588,0.7,1.92,5.0
F-N-Nb-O-Rb,2,1.92,1.979898987322333,0.52,3.32,5.0
F-N-Nb-O-Re,2,1.42,0.05656854249492385,1.38,1.46,5.0
F-N-Nb-O-Rh,2,1.29,0.551543289325507,0.9,1.68,5.0
F-N-Nb-O-Ru,2,1.32,0.39597979746446665,1.04,1.6,5.0
F-N-Nb-O-Sb,2,1.15,0.6081118318204308,0.72,1.58,5.0
F-N-Nb-O-Sc,2,1.3399999999999999,0.1979898987322334,1.2,1.48,5.0
F-N-Nb-O-Si,2,1.28,0.1131370849898477,1.2,1.36,5.0
F-N-Nb-O-Sn,2,0.9199999999999999,0.6788225099390855,0.44,1.4,5.0
F-N-Nb-O-Sr,2,1.55,1.4000714267493641,0.56,2.54,5.0
F-N-Nb-O-Ta,2,1.24,0.28284271247461895,1.04,1.44,5.0
F-N-Nb-O-Te,2,1.2,0.8485281374238571,0.6,1.8,5.0
F-N-Nb-O-Ti,2,1.02,0.1131370849898477,0.94,1.1,5.0
F-N-Nb-O-Tl,2,1.16,1.2162236636408619,0.3,2.02,5.0
F-N-Nb-O-V,2,1.15,0.1272792206135786,1.06,1.24,5.0
F-N-Nb-O-W,2,1.17,0.3252691193458118,0.94,1.4,5.0
F-N-Nb-O-Y,2,1.5,0.6222539674441617,1.06,1.94,5.0
F-N-Nb-O-Zn,2,1.02,0.6222539674441617,0.58,1.46,5.0
F-N-Nb-O-Zr,2,1.3,0.05656854249492385,1.26,1.34,5.0
F-N-Ni-O-Os,2,1.58,0.4808326112068524,1.24,1.92,5.0
F-N-Ni-O-Pb,2,1.46,0.6505382386916236,1.0,1.92,5.0
F-N-Ni-O-Pd,2,1.5899999999999999,0.29698484809835013,1.38,1.8,5.0
F-N-Ni-O-Pt,2,1.72,0.1131370849898477,1.64,1.8,5.0
F-N-Ni-O-Rb,2,2.38,1.3859292911256331,1.4,3.36,5.0
F-N-Ni-O-Re,2,1.38,0.5374011537017762,1.0,1.76,5.0
F-N-Ni-O-Rh,2,1.55,0.04242640687119289,1.52,1.58,5.0
F-N-Ni-O-Ru,2,1.48,0.08485281374238578,1.42,1.54,5.0
F-N-Ni-O-Sb,2,1.2000000000000002,0.16970562748477147,1.08,1.32,5.0
F-N-Ni-O-Sc,2,1.46,0.22627416997969516,1.3,1.62,5.0
F-N-Ni-O-Si,2,1.5299999999999998,0.551543289325507,1.14,1.92,5.0
F-N-Ni-O-Sn,2,1.1600000000000001,0.25455844122715726,0.98,1.34,5.0
F-N-Ni-O-Sr,2,1.87,1.0889444430272832,1.1,2.64,5.0
F-N-Ni-O-Ta,2,1.1099999999999999,0.551543289325507,0.72,1.5,5.0
F-N-Ni-O-Te,2,1.24,0.028284271247461926,1.22,1.26,5.0
F-N-Ni-O-Ti,2,0.93,0.5232590180780452,0.56,1.3,5.0
F-N-Ni-O-Tl,2,1.49,0.5798275605729689,1.08,1.9,5.0
F-N-Ni-O-V,2,1.15,0.18384776310850245,1.02,1.28,5.0
F-N-Ni-O-W,2,1.26,0.5091168824543143,0.9,1.62,5.0
F-N-Ni-O-Y,2,1.4100000000000001,0.5232590180780453,1.04,1.78,5.0
F-N-Ni-O-Zn,2,1.51,0.2969848480983499,1.3,1.72,5.0
F-N-Ni-O-Zr,2,1.08,0.282842712474619,0.88,1.28,5.0
F-N-O-Os-Pb,2,1.76,0.9899494936611665,1.06,2.46,5.0
F-N-O-Os-Pd,2,1.61,0.8343860018001261,1.02,2.2,5.0
F-N-O-Os-Pt,2,1.77,0.6929646455628163,1.28,2.26,5.0
F-N-O-Os-Rb,2,2.58,2.0930360723121804,1.1,4.06,5.0
F-N-O-Os-Re,2,1.62,0.16970562748477147,1.5,1.74,5.0
F-N-O-Os-Rh,2,1.6400000000000001,0.5939696961966999,1.22,2.06,5.0
F-N-O-Os-Ru,2,1.62,0.45254833995939026,1.3,1.94,5.0
F-N-O-Os-Sb,2,1.6600000000000001,0.5374011537017761,1.28,2.04,5.0
F-N-O-Os-Sc,2,1.8,0.39597979746446665,1.52,2.08,5.0
F-N-O-Os-Si,2,1.88,0.02828427124746169,1.86,1.9,5.0
F-N-O-Os-Sn,2,1.49,0.5798275605729689,1.08,1.9,5.0
F-N-O-Os-Sr,2,2.29,1.5697770542341354,1.18,3.4,5.0
F-N-O-Os-Ta,2,1.36,0.0,1.36,1.36,5.0
F-N-O-Os-Te,2,1.6400000000000001,0.311126983722081,1.42,1.86,5.0
F-N-O-Os-Ti,2,1.12,0.056568542494923775,1.08,1.16,5.0
F-N-O-Os-Tl,2,1.65,1.0889444430272832,0.88,2.42,5.0
F-N-O-Os-V,2,1.5,0.19798989873223316,1.36,1.64,5.0
F-N-O-Os-W,2,1.38,0.25455844122715726,1.2,1.56,5.0
F-N-O-Os-Y,2,1.94,0.820243866176395,1.36,2.52,5.0
F-N-O-Os-Zn,2,1.71,0.6646803743153549,1.24,2.18,5.0
F-N-O-Os-Zr,2,1.46,0.05656854249492385,1.42,1.5,5.0
F-N-O-Pb-Pd,2,1.45,0.3252691193458118,1.22,1.68,5.0
F-N-O-Pb-Pt,2,1.65,0.5232590180780453,1.28,2.02,5.0
F-N-O-Pb-Rb,2,1.94,0.7919595949289333,1.38,2.5,5.0
F-N-O-Pb-Re,2,1.52,1.103086578651014,0.74,2.3,5.0
F-N-O-Pb-Rh,2,1.47,0.5798275605729689,1.06,1.88,5.0
F-N-O-Pb-Ru,2,1.47,0.7212489168102785,0.96,1.98,5.0
F-N-O-Pb-Sb,2,1.08,0.48083261120685217,0.74,1.42,5.0
F-N-O-Pb-Sc,2,1.29,0.7778174593052023,0.74,1.84,5.0
F-N-O-Pb-Si,2,1.5,0.9333809511662429,0.84,2.16,5.0
F-N-O-Pb-Sn,2,0.8600000000000001,0.3676955262170048,0.6,1.12,5.0
F-N-O-Pb-Sr,2,1.3399999999999999,0.2828427124746192,1.14,1.54,5.0
F-N-O-Pb-Ta,2,1.43,1.3435028842544403,0.48,2.38,5.0
F-N-O-Pb-Te,2,1.25,0.46669047558312143,0.92,1.58,5.0
F-N-O-Pb-Ti,2,1.17,1.145512985522207,0.36,1.98,5.0
F-N-O-Pb-Tl,2,1.22,0.05656854249492385,1.18,1.26,5.0
F-N-O-Pb-V,2,1.21,1.2020815280171309,0.36,2.06,5.0
F-N-O-Pb-W,2,1.3900000000000001,1.2020815280171309,0.54,2.24,5.0
F-N-O-Pb-Y,2,1.23,0.5515432893255072,0.84,1.62,5.0
F-N-O-Pb-Zn,2,1.3,0.36769552621700474,1.04,1.56,5.0
F-N-O-Pb-Zr,2,0.97,0.7778174593052023,0.42,1.52,5.0
F-N-O-Pd-Pt,2,1.67,0.21213203435596437,1.52,1.82,5.0
F-N-O-Pd-Rb,2,2.26,1.1879393923933999,1.42,3.1,5.0
F-N-O-Pd-Re,2,1.48,0.933380951166243,0.82,2.14,5.0
F-N-O-Pd-Rh,2,1.56,0.28284271247461895,1.36,1.76,5.0
F-N-O-Pd-Ru,2,1.42,0.45254833995939026,1.1,1.74,5.0
F-N-O-Pd-Sb,2,1.31,0.15556349186104051,1.2,1.42,5.0
F-N-O-Pd-Sc,2,1.6,0.25455844122715726,1.42,1.78,5.0
F-N-O-Pd-Si,2,1.71,0.8061017305526642,1.14,2.28,5.0
F-N-O-Pd-Sn,2,1.2,0.05656854249492385,1.16,1.24,5.0
F-N-O-Pd-Sr,2,1.8900000000000001,0.7778174593052023,1.34,2.44,5.0
F-N-O-Pd-Ta,2,1.2,1.0748023074035522,0.44,1.96,5.0
F-N-O-Pd-Te,2,1.3599999999999999,0.2545584412271571,1.18,1.54,5.0
F-N-O-Pd-Ti,2,1.05,0.834386001800126,0.46,1.64,5.0
F-N-O-Pd-Tl,2,1.44,0.36769552621700474,1.18,1.7,5.0
F-N-O-Pd-V,2,1.31,0.5798275605729689,0.9,1.72,5.0
F-N-O-Pd-W,2,1.3900000000000001,1.0040916292848974,0.68,2.1,5.0
F-N-O-Pd-Y,2,1.51,0.014142135623730963,1.5,1.52,5.0
F-N-O-Pd-Zn,2,1.65,0.014142135623730963,1.64,1.66,5.0
F-N-O-Pd-Zr,2,1.34,0.7353910524340096,0.82,1.86,5.0
F-N-O-Pt-Rb,2,2.44,1.4142135623730951,1.44,3.44,5.0
F-N-O-Pt-Re,2,1.71,0.7495331880577405,1.18,2.24,5.0
F-N-O-Pt-Rh,2,1.72,0.08485281374238578,1.66,1.78,5.0
F-N-O-Pt-Ru,2,1.52,0.39597979746446665,1.24,1.8,5.0
F-N-O-Pt-Sb,2,1.53,0.014142135623730963,1.52,1.54,5.0
F-N-O-Pt-Sc,2,1.8199999999999998,0.14142135623730956,1.72,1.92,5.0
F-N-O-Pt-Si,2,1.88,0.5939696961966998,1.46,2.3,5.0
F-N-O-Pt-Sn,2,1.38,0.11313708498984747,1.3,1.46,5.0
F-N-O-Pt-Sr,2,2.07,0.9758073580374355,1.38,2.76,5.0
F-N-O-Pt-Ta,2,1.32,1.1313708498984762,0.52,2.12,5.0
F-N-O-Pt-Te,2,1.51,0.1555634918610406,1.4,1.62,5.0
F-N-O-Pt-Ti,2,1.19,0.8061017305526643,0.62,1.76,5.0
F-N-O-Pt-Tl,2,1.6099999999999999,0.5798275605729691,1.2,2.02,5.0
F-N-O-Pt-V,2,1.51,0.4101219330881976,1.22,1.8,5.0
F-N-O-Pt-W,2,1.5,1.0182337649086286,0.78,2.22,5.0
F-N-O-Pt-Y,2,1.6400000000000001,0.2828427124746192,1.44,1.84,5.0
F-N-O-Pt-Zn,2,1.69,0.3535533905932738,1.44,1.94,5.0
F-N-O-Pt-Zr,2,1.23,0.3535533905932738,0.98,1.48,5.0
F-N-O-Rb-Re,2,2.43,2.3900209204105307,0.74,4.12,5.0
F-N-O-Rb-Rh,2,2.32,1.4707821048680187,1.28,3.36,5.0
F-N-O-Rb-Ru,2,2.34,1.7536248173426376,1.1,3.58,5.0
F-N-O-Rb-Sb,2,1.94,1.2445079348883235,1.06,2.82,5.0
F-N-O-Rb-Sc,2,2.27,1.4566399692442877,1.24,3.3,5.0
F-N-O-Rb-Si,2,2.56,1.6404877323527904,1.4,3.72,5.0
F-N-O-Rb-Sn,2,1.79,1.1172287142747452,1.0,2.58,5.0
F-N-O-Rb-Sr,2,2.31,0.4101219330881976,2.02,2.6,5.0
F-N-O-Rb-Ta,2,2.0100000000000002,2.248599564173221,0.42,3.6,5.0
F-N-O-Rb-Te,2,2.01,1.2869343417595165,1.1,2.92,5.0
F-N-O-Rb-Ti,2,2.17,1.9657568516986021,0.78,3.56,5.0
F-N-O-Rb-Tl,2,1.9,0.7353910524340095,1.38,2.42,5.0
F-N-O-Rb-V,2,2.19,1.9374725804511403,0.82,3.56,5.0
F-N-O-Rb-W,2,2.1,2.1213203435596424,0.6,3.6,5.0
F-N-O-Rb-Y,2,2.15,1.117228714274745,1.36,2.94,5.0
F-N-O-Rb-Zn,2,2.29,1.1172287142747452,1.5,3.08,5.0
F-N-O-Rb-Zr,2,2.14,1.8667619023324855,0.82,3.46,5.0
F-N-O-Re-Rh,2,1.54,0.6788225099390857,1.06,2.02,5.0
F-N-O-Re-Ru,2,1.5699999999999998,0.4949747468305831,1.22,1.92,5.0
F-N-O-Re-Sb,2,1.48,0.6222539674441617,1.04,1.92,5.0
F-N-O-Re-Sc,2,1.58,0.45254833995939026,1.26,1.9,5.0
F-N-O-Re-Si,2,1.7000000000000002,0.22627416997969516,1.54,1.86,5.0
F-N-O-Re-Sn,2,1.26,0.7071067811865476,0.76,1.76,5.0
F-N-O-Re-Sr,2,2.14,1.8101933598375617,0.86,3.42,5.0
F-N-O-Re-Ta,2,1.2999999999999998,0.14142135623730956,1.2,1.4,5.0
F-N-O-Re-Te,2,1.4300000000000002,0.4666904755831214,1.1,1.76,5.0
F-N-O-Re-Ti,2,1.09,0.014142135623730963,1.08,1.1,5.0
F-N-O-Re-Tl,2,1.42,1.2445079348883235,0.54,2.3,5.0
F-N-O-Re-V,2,1.33,0.24041630560342614,1.16,1.5,5.0
F-N-O-Re-W,2,1.42,0.36769552621700474,1.16,1.68,5.0
F-N-O-Re-Y,2,1.62,0.6788225099390858,1.14,2.1,5.0
F-N-O-Re-Zn,2,1.45,0.7778174593052022,0.9,2.0,5.0
F-N-O-Re-Zr,2,1.31,0.07071067811865482,1.26,1.36,5.0
F-N-O-Rh-Ru,2,1.5,0.16970562748477155,1.38,1.62,5.0
F-N-O-Rh-Sb,2,1.3599999999999999,0.08485281374238571,1.3,1.42,5.0
F-N-O-Rh-Sc,2,1.63,0.04242640687119265,1.6,1.66,5.0
F-N-O-Rh-Si,2,1.7000000000000002,0.5374011537017762,1.32,2.08,5.0
F-N-O-Rh-Sn,2,1.2200000000000002,0.16970562748477133,1.1,1.34,5.0
F-N-O-Rh-Sr,2,1.94,1.0748023074035524,1.18,2.7,5.0
F-N-O-Rh-Ta,2,1.28,0.8202438661763952,0.7,1.86,5.0
F-N-O-Rh-Te,2,1.39,0.014142135623730963,1.38,1.4,5.0
F-N-O-Rh-Ti,2,1.1,0.6505382386916237,0.64,1.56,5.0
F-N-O-Rh-Tl,2,1.45,0.6363961030678927,1.0,1.9,5.0
F-N-O-Rh-V,2,1.32,0.33941125496954283,1.08,1.56,5.0
F-N-O-Rh-W,2,1.3599999999999999,0.876812408671319,0.74,1.98,5.0
F-N-O-Rh-Y,2,1.56,0.22627416997969516,1.4,1.72,5.0
F-N-O-Rh-Zn,2,1.62,0.25455844122715726,1.44,1.8,5.0
F-N-O-Rh-Zr,2,1.3599999999999999,0.565685424949238,0.96,1.76,5.0
F-N-O-Ru-Sb,2,1.4,0.1979898987322334,1.26,1.54,5.0
F-N-O-Ru-Sc,2,1.58,0.11313708498984763,1.5,1.66,5.0
F-N-O-Ru-Si,2,1.63,0.26870057685088805,1.44,1.82,5.0
F-N-O-Ru-Sn,2,1.21,0.3252691193458118,0.98,1.44,5.0
F-N-O-Ru-Sr,2,1.8,1.0465180361560904,1.06,2.54,5.0
F-N-O-Ru-Ta,2,1.32,0.6788225099390857,0.84,1.8,5.0
F-N-O-Ru-Te,2,1.4100000000000001,0.12727922061357844,1.32,1.5,5.0
F-N-O-Ru-Ti,2,0.95,0.3535533905932738,0.7,1.2,5.0
F-N-O-Ru-Tl,2,1.4,0.7919595949289332,0.84,1.96,5.0
F-N-O-Ru-V,2,1.45,0.4101219330881976,1.16,1.74,5.0
F-N-O-Ru-W,2,1.5,0.5656854249492379,1.1,1.9,5.0
F-N-O-Ru-Y,2,1.59,0.3252691193458118,1.36,1.82,5.0
F-N-O-Ru-Zn,2,1.54,0.36769552621700474,1.28,1.8,5.0
F-N-O-Ru-Zr,2,1.52,0.31112698372208086,1.3,1.74,5.0
F-N-O-Sb-Sc,2,1.32,0.39597979746446665,1.04,1.6,5.0
F-N-O-Sb-Si,2,1.4300000000000002,0.46669047558312127,1.1,1.76,5.0
F-N-O-Sb-Sn,2,0.8500000000000001,0.09899494936611662,0.78,0.92,5.0
F-N-O-Sb-Sr,2,1.44,0.7919595949289333,0.88,2.0,5.0
F-N-O-Sb-Ta,2,1.4,0.905096679918781,0.76,2.04,5.0
F-N-O-Sb-Te,2,1.21,0.04242640687119289,1.18,1.24,5.0
F-N-O-Sb-Ti,2,1.1400000000000001,0.622253967444162,0.7,1.58,5.0
F-N-O-Sb-Tl,2,1.19,0.5232590180780452,0.82,1.56,5.0
F-N-O-Sb-V,2,1.0,0.42426406871192857,0.7,1.3,5.0
F-N-O-Sb-W,2,1.35,0.7212489168102786,0.84,1.86,5.0
F-N-O-Sb-Y,2,1.3199999999999998,0.16970562748477147,1.2,1.44,5.0
F-N-O-Sb-Zn,2,1.13,0.04242640687119265,1.1,1.16,5.0
F-N-O-Sb-Zr,2,1.24,0.7636753236814714,0.7,1.78,5.0
F-N-O-Sc-Si,2,1.34,0.36769552621700474,1.08,1.6,5.0
F-N-O-Sc-Sn,2,1.1199999999999999,0.3959797974644666,0.84,1.4,5.0
F-N-O-Sc-Sr,2,1.6199999999999999,1.103086578651014,0.84,2.4,5.0
F-N-O-Sc-Ta,2,1.44,0.39597979746446665,1.16,1.72,5.0
F-N-O-Sc-Te,2,1.28,0.25455844122715704,1.1,1.46,5.0
F-N-O-Sc-Ti,2,1.2,0.36769552621700474,0.94,1.46,5.0
F-N-O-Sc-Tl,2,1.51,0.7212489168102785,1.0,2.02,5.0
F-N-O-Sc-V,2,1.12,0.22627416997969532,0.96,1.28,5.0
F-N-O-Sc-W,2,1.54,0.33941125496954283,1.3,1.78,5.0
F-N-O-Sc-Y,2,1.02,0.42426406871192857,0.72,1.32,5.0
F-N-O-Sc-Zn,2,1.3399999999999999,0.11313708498984747,1.26,1.42,5.0
F-N-O-Sc-Zr,2,0.99,0.07071067811865482,0.94,1.04,5.0
F-N-O-Si-Sn,2,1.23,0.5515432893255072,0.84,1.62,5.0
F-N-O-Si-Sr,2,1.82,1.3010764773832475,0.9,2.74,5.0
F-N-O-Si-Ta,2,1.42,0.2828427124746192,1.22,1.62,5.0
F-N-O-Si-Te,2,1.59,0.3535533905932738,1.34,1.84,5.0
F-N-O-Si-Ti,2,1.06,0.11313708498984747,0.98,1.14,5.0
F-N-O-Si-Tl,2,1.73,0.9475230867899735,1.06,2.4,5.0
F-N-O-Si-V,2,1.17,0.2404163056034263,1.0,1.34,5.0
F-N-O-Si-W,2,1.58,0.16970562748477133,1.46,1.7,5.0
F-N-O-Si-Y,2,1.4100000000000001,0.5232590180780451,1.04,1.78,5.0
F-N-O-Si-Zn,2,1.51,0.8061017305526643,0.94,2.08,5.0
F-N-O-Si-Zr,2,1.1400000000000001,0.19798989873223324,1.0,1.28,5.0
F-N-O-Sn-Sr,2,1.21,0.6646803743153546,0.74,1.68,5.0
F-N-O-Sn-Ta,2,1.17,0.9475230867899737,0.5,1.84,5.0
F-N-O-Sn-Te,2,1.0,0.028284271247461926,0.98,1.02,5.0
F-N-O-Sn-Ti,2,0.8799999999999999,0.7353910524340094,0.36,1.4,5.0
F-N-O-Sn-Tl,2,1.04,0.39597979746446665,0.76,1.32,5.0
F-N-O-Sn-V,2,0.7799999999999999,0.5091168824543142,0.42,1.14,5.0
F-N-O-Sn-W,2,1.13,0.806101730552664,0.56,1.7,5.0
F-N-O-Sn-Y,2,1.1,0.19798989873223324,0.96,1.24,5.0
F-N-O-Sn-Zn,2,1.03,0.04242640687119289,1.0,1.06,5.0
F-N-O-Sn-Zr,2,1.06,0.7636753236814714,0.52,1.6,5.0
F-N-O-Sr-Ta,2,1.8,1.6404877323527904,0.64,2.96,5.0
F-N-O-Sr-Te,2,1.6500000000000001,0.7495331880577404,1.12,2.18,5.0
F-N-O-Sr-Ti,2,1.6199999999999999,1.6122034611053282,0.48,2.76,5.0
F-N-O-Sr-Tl,2,1.6099999999999999,0.29698484809834996,1.4,1.82,5.0
F-N-O-Sr-V,2,1.58,1.5839191898578666,0.46,2.7,5.0
F-N-O-Sr-W,2,1.74,1.4990663761154808,0.68,2.8,5.0
F-N-O-Sr-Y,2,1.53,0.7778174593052023,0.98,2.08,5.0
F-N-O-Sr-Zn,2,1.6999999999999997,0.7919595949289331,1.14,2.26,5.0
F-N-O-Sr-Zr,2,1.54,1.4142135623730951,0.54,2.54,5.0
F-N-O-Ta-Te,2,1.12,0.5091168824543143,0.76,1.48,5.0
F-N-O-Ta-Ti,2,0.97,0.15556349186104054,0.86,1.08,5.0
F-N-O-Ta-Tl,2,1.23,1.4849242404917498,0.18,2.28,5.0
F-N-O-Ta-V,2,1.17,0.3818376618407356,0.9,1.44,5.0
F-N-O-Ta-W,2,1.29,0.15556349186104035,1.18,1.4,5.0
F-N-O-Ta-Y,2,1.55,0.6929646455628166,1.06,2.04,5.0
F-N-O-Ta-Zn,2,1.2,0.7919595949289332,0.64,1.76,5.0
F-N-O-Ta-Zr,2,1.1800000000000002,0.11313708498984763,1.1,1.26,5.0
F-N-O-Te-Ti,2,1.21,0.7778174593052023,0.66,1.76,5.0
F-N-O-Te-Tl,2,1.27,0.551543289325507,0.88,1.66,5.0
F-N-O-Te-V,2,1.1,0.22627416997969532,0.94,1.26,5.0
F-N-O-Te-W,2,1.47,0.8061017305526642,0.9,2.04,5.0
F-N-O-Te-Y,2,1.39,0.014142135623730963,1.38,1.4,5.0
F-N-O-Te-Zn,2,1.27,0.18384776310850245,1.14,1.4,5.0
F-N-O-Te-Zr,2,1.13,0.4666904755831214,0.8,1.46,5.0
F-N-O-Ti-Tl,2,1.13,1.1455129855222068,0.32,1.94,5.0
F-N-O-Ti-V,2,1.0,0.28284271247461895,0.8,1.2,5.0
F-N-O-Ti-W,2,1.24,0.05656854249492385,1.2,1.28,5.0
F-N-O-Ti-Y,2,1.32,0.7636753236814714,0.78,1.86,5.0
F-N-O-Ti-Zn,2,1.04,0.7636753236814714,0.5,1.58,5.0
F-N-O-Ti-Zr,2,1.08,0.08485281374238554,1.02,1.14,5.0
F-N-O-Tl-V,2,1.4000000000000001,1.1879393923933999,0.56,2.24,5.0
F-N-O-Tl-W,2,1.3499999999999999,1.34350288425444,0.4,2.3,5.0
F-N-O-Tl-Y,2,1.37,0.49497474683058335,1.02,1.72,5.0
F-N-O-Tl-Zn,2,1.5,0.36769552621700474,1.24,1.76,5.0
F-N-O-Tl-Zr,2,1.3800000000000001,1.1313708498984762,0.58,2.18,5.0
F-N-O-V-W,2,1.2,0.31112698372208086,0.98,1.42,5.0
F-N-O-V-Y,2,1.3,0.7919595949289333,0.74,1.86,5.0
F-N-O-V-Zn,2,1.1,0.48083261120685217,0.76,1.44,5.0
F-N-O-V-Zr,2,1.05,0.07071067811865482,1.0,1.1,5.0
F-N-O-W-Y,2,1.51,0.7212489168102785,1.0,2.02,5.0
F-N-O-W-Zn,2,1.27,0.7778174593052023,0.72,1.82,5.0
F-N-O-W-Zr,2,1.22,0.08485281374238578,1.16,1.28,5.0
F-N-O-Y-Zn,2,1.27,0.1838477631085023,1.14,1.4,5.0
F-N-O-Y-Zr,2,1.26,0.45254833995939053,0.94,1.58,5.0
F-N-O-Zn-Zr,2,1.04,0.5374011537017761,0.66,1.42,5.0
F-Na-Nb-O,2,1.05,1.2869343417595165,0.14,1.96,4.0
F-Na-Ni-O,2,1.76,1.1030865786510142,0.98,2.54,4.0
F-Na-O-Os,2,1.9,1.2727922061357855,1.0,2.8,4.0
F-Na-O-Pb,2,1.13,0.4101219330881975,0.84,1.42,4.0
F-Na-O-Pd,2,1.85,0.8061017305526642,1.28,2.42,4.0
F-Na-O-Pt,2,1.9900000000000002,0.9758073580374356,1.3,2.68,4.0
F-Na-O-Rb,2,1.74,0.31112698372208086,1.52,1.96,4.0
F-Na-O-Re,2,1.58,1.4142135623730951,0.58,2.58,4.0
F-Na-O-Rh,2,1.83,1.0606601717798212,1.08,2.58,4.0
F-Na-O-Ru,2,1.8,1.2445079348883237,0.92,2.68,4.0
F-Na-O-Sb,2,1.08,0.7919595949289331,0.52,1.64,4.0
F-Na-O-Sc,2,1.15,0.862670273047588,0.54,1.76,4.0
F-Na-O-Si,2,1.6199999999999999,1.6404877323527902,0.46,2.78,4.0
F-Na-O-Sn,2,0.97,0.8343860018001261,0.38,1.56,4.0
F-Na-O-Sr,2,1.17,0.014142135623730963,1.16,1.18,4.0
F-Na-O-Ta,2,1.01,1.4000714267493641,0.02,2.0,4.0
F-Na-O-Te,2,1.29,0.8909545442950498,0.66,1.92,4.0
F-Na-O-Ti,2,1.1800000000000002,1.4990663761154808,0.12,2.24,4.0
F-Na-O-Tl,2,1.44,0.42426406871192857,1.14,1.74,4.0
F-Na-O-V,2,1.1300000000000001,1.4849242404917498,0.08,2.18,4.0
F-Na-O-W,2,1.3599999999999999,1.385929291125633,0.38,2.34,4.0
F-Na-O-Y,2,1.01,0.5232590180780451,0.64,1.38,4.0
F-Na-O-Zn,2,1.58,0.7071067811865476,1.08,2.08,4.0
F-Na-O-Zr,2,0.98,1.1879393923933999,0.14,1.82,4.0
F-Nb-Ni-O,2,0.8500000000000001,0.26870057685088805,0.66,1.04,4.0
F-Nb-O-Os,2,1.47,0.014142135623730963,1.46,1.48,4.0
F-Nb-O-Pb,2,1.03,0.9758073580374355,0.34,1.72,4.0
F-Nb-O-Pd,2,1.05,0.8909545442950498,0.42,1.68,4.0
F-Nb-O-Pt,2,1.3499999999999999,0.7495331880577404,0.82,1.88,4.0
F-Nb-O-Rb,2,1.48,1.951614716074871,0.1,2.86,4.0
F-Nb-O-Re,2,1.44,0.11313708498984763,1.36,1.52,4.0
F-Nb-O-Rh,2,1.17,0.636396103067893,0.72,1.62,4.0
F-Nb-O-Ru,2,1.25,0.4949747468305833,0.9,1.6,4.0
F-Nb-O-Sb,2,1.05,0.5798275605729689,0.64,1.46,4.0
F-Nb-O-Sc,2,1.02,0.05656854249492385,0.98,1.06,4.0
F-Nb-O-Si,2,1.25,0.1838477631085022,1.12,1.38,4.0
F-Nb-O-Sn,2,0.8300000000000001,0.6646803743153548,0.36,1.3,4.0
F-Nb-O-Sr,2,1.23,1.3152186130069785,0.3,2.16,4.0
F-Nb-O-Ta,2,0.97,0.268700576850888,0.78,1.16,4.0
F-Nb-O-Te,2,1.17,0.6929646455628165,0.68,1.66,4.0
F-Nb-O-Ti,2,0.84,0.14142135623730948,0.74,0.94,4.0
F-Nb-O-Tl,2,0.84,1.1879393923933999,0.0,1.68,4.0
F-Nb-O-V,2,0.8400000000000001,0.25455844122715715,0.66,1.02,4.0
F-Nb-O-W,2,1.31,0.04242640687119289,1.28,1.34,4.0
F-Nb-O-Y,2,1.08,0.14142135623730956,0.98,1.18,4.0
F-Nb-O-Zn,2,0.75,0.5232590180780453,0.38,1.12,4.0
F-Nb-O-Zr,2,1.12,0.1979898987322334,0.98,1.26,4.0
F-Ni-O-Os,2,1.5899999999999999,0.24041630560342614,1.42,1.76,4.0
F-Ni-O-Pb,2,1.1,0.6222539674441618,0.66,1.54,4.0
F-Ni-O-Pd,2,1.46,0.36769552621700474,1.2,1.72,4.0
F-Ni-O-Pt,2,1.53,0.014142135623730963,1.52,1.54,4.0
F-Ni-O-Rb,2,2.04,1.3010764773832473,1.12,2.96,4.0
F-Ni-O-Re,2,1.33,0.46669047558312127,1.0,1.66,4.0
F-Ni-O-Rh,2,1.35,0.0989949493661165,1.28,1.42,4.0
F-Ni-O-Ru,2,1.31,0.04242640687119289,1.28,1.34,4.0
F-Ni-O-Sb,2,1.03,0.1555634918610404,0.92,1.14,4.0
F-Ni-O-Sc,2,1.05,0.014142135623730963,1.04,1.06,4.0
F-Ni-O-Si,2,1.35,0.49497474683058335,1.0,1.7,4.0
F-Ni-O-Sn,2,0.8300000000000001,0.21213203435596426,0.68,0.98,4.0
F-Ni-O-Sr,2,1.3,1.0465180361560904,0.56,2.04,4.0
F-Ni-O-Ta,2,0.73,0.4949747468305833,0.38,1.08,4.0
F-Ni-O-Te,2,1.1800000000000002,0.08485281374238571,1.12,1.24,4.0
F-Ni-O-Ti,2,0.88,0.4525483399593903,0.56,1.2,4.0
F-Ni-O-Tl,2,1.17,0.5798275605729691,0.76,1.58,4.0
F-Ni-O-V,2,0.91,0.18384776310850237,0.78,1.04,4.0
F-Ni-O-W,2,1.18,0.4808326112068524,0.84,1.52,4.0
F-Ni-O-Y,2,1.05,0.32526911934581193,0.82,1.28,4.0
F-Ni-O-Zn,2,1.15,0.2404163056034263,0.98,1.32,4.0
F-Ni-O-Zr,2,1.04,0.36769552621700474,0.78,1.3,4.0
F-O-Os-Pb,2,1.79,1.0323759005323594,1.06,2.52,4.0
F-O-Os-Pd,2,1.6099999999999999,0.6363961030678927,1.16,2.06,4.0
F-O-Os-Pt,2,1.8800000000000001,0.48083261120685244,1.54,2.22,4.0
F-O-Os-Rb,2,2.4,1.979898987322333,1.0,3.8,4.0
F-O-Os-Re,2,1.94,0.16970562748477147,1.82,2.06,4.0
F-O-Os-Rh,2,1.73,0.4101219330881976,1.44,2.02,4.0
F-O-Os-Ru,2,1.86,0.42426406871192857,1.56,2.16,4.0
F-O-Os-Sb,2,1.65,0.3818376618407357,1.38,1.92,4.0
F-O-Os-Sc,2,1.77,0.1272792206135787,1.68,1.86,4.0
F-O-Os-Si,2,2.09,0.042426406871192736,2.06,2.12,4.0
F-O-Os-Sn,2,1.42,0.45254833995939026,1.1,1.74,4.0
F-O-Os-Sr,2,1.95,1.3435028842544403,1.0,2.9,4.0
F-O-Os-Ta,2,1.45,0.3535533905932738,1.2,1.7,4.0
F-O-Os-Te,2,1.88,0.5656854249492379,1.48,2.28,4.0
F-O-Os-Ti,2,1.46,0.31112698372208086,1.24,1.68,4.0
F-O-Os-Tl,2,1.42,0.9333809511662428,0.76,2.08,4.0
F-O-Os-V,2,1.43,0.014142135623730963,1.42,1.44,4.0
F-O-Os-W,2,1.72,0.08485281374238578,1.66,1.78,4.0
F-O-Os-Y,2,1.67,0.2121320343559642,1.52,1.82,4.0
F-O-Os-Zn,2,1.55,0.4101219330881976,1.26,1.84,4.0
F-O-Os-Zr,2,1.62,0.08485281374238571,1.56,1.68,4.0
F-O-Pb-Pd,2,1.1600000000000001,0.2828427124746192,0.96,1.36,4.0
F-O-Pb-Pt,2,1.4,0.4525483399593904,1.08,1.72,4.0
F-O-Pb-Rb,2,1.26,0.7919595949289333,0.7,1.82,4.0
F-O-Pb-Re,2,1.42,0.8768124086713188,0.8,2.04,4.0
F-O-Pb-Rh,2,1.22,0.4808326112068523,0.88,1.56,4.0
F-O-Pb-Ru,2,1.25,0.5798275605729689,0.84,1.66,4.0
F-O-Pb-Sb,2,0.89,0.4666904755831213,0.56,1.22,4.0
F-O-Pb-Sc,2,0.91,1.0040916292848974,0.2,1.62,4.0
F-O-Pb-Si,2,1.41,0.7778174593052023,0.86,1.96,4.0
F-O-Pb-Sn,2,0.6000000000000001,0.282842712474619,0.4,0.8,4.0
F-O-Pb-Sr,2,0.77,0.24041630560342608,0.6,0.94,4.0
F-O-Pb-Ta,2,1.29,1.2303657992645929,0.42,2.16,4.0
F-O-Pb-Te,2,1.08,0.39597979746446665,0.8,1.36,4.0
F-O-Pb-Ti,2,1.17,1.2303657992645929,0.3,2.04,4.0
F-O-Pb-Tl,2,0.74,0.0,0.74,0.74,4.0
F-O-Pb-V,2,0.7100000000000001,0.8909545442950499,0.08,1.34,4.0
F-O-Pb-W,2,1.31,1.0040916292848974,0.6,2.02,4.0
F-O-Pb-Y,2,0.92,0.8485281374238571,0.32,1.52,4.0
F-O-Pb-Zn,2,0.8699999999999999,0.3818376618407356,0.6,1.14,4.0
F-O-Pb-Zr,2,1.18,1.131370849898476,0.38,1.98,4.0
F-O-Pd-Pt,2,1.54,0.25455844122715704,1.36,1.72,4.0
F-O-Pd-Rb,2,2.0,1.103086578651014,1.22,2.78,4.0
F-O-Pd-Re,2,1.4300000000000002,0.8909545442950498,0.8,2.06,4.0
F-O-Pd-Rh,2,1.44,0.22627416997969516,1.28,1.6,4.0
F-O-Pd-Ru,2,1.33,0.3535533905932738,1.08,1.58,4.0
F-O-Pd-Sb,2,1.13,0.24041630560342614,0.96,1.3,4.0
F-O-Pd-Sc,2,1.3199999999999998,0.45254833995939026,1.0,1.64,4.0
F-O-Pd-Si,2,1.57,0.7495331880577404,1.04,2.1,4.0
F-O-Pd-Sn,2,0.9099999999999999,0.12727922061357855,0.82,1.0,4.0
F-O-Pd-Sr,2,1.38,0.7071067811865475,0.88,1.88,4.0
F-O-Pd-Ta,2,0.97,1.2020815280171309,0.12,1.82,4.0
F-O-Pd-Te,2,1.25,0.2969848480983499,1.04,1.46,4.0
F-O-Pd-Ti,2,0.9,0.9050966799187808,0.26,1.54,4.0
F-O-Pd-Tl,2,1.15,0.29698484809834996,0.94,1.36,4.0
F-O-Pd-V,2,1.24,0.8768124086713189,0.62,1.86,4.0
F-O-Pd-W,2,1.32,0.9899494936611667,0.62,2.02,4.0
F-O-Pd-Y,2,1.2200000000000002,0.1979898987322334,1.08,1.36,4.0
F-O-Pd-Zn,2,1.39,0.014142135623730963,1.38,1.4,4.0
F-O-Pd-Zr,2,1.25,0.9192388155425117,0.6,1.9,4.0
F-O-Pt-Rb,2,2.2,1.3576450198781713,1.24,3.16,4.0
F-O-Pt-Re,2,1.5899999999999999,0.6363961030678927,1.14,2.04,4.0
F-O-Pt-Rh,2,1.65,0.04242640687119281,1.62,1.68,4.0
F-O-Pt-Ru,2,1.5699999999999998,0.18384776310850245,1.44,1.7,4.0
F-O-Pt-Sb,2,1.4100000000000001,0.0989949493661165,1.34,1.48,4.0
F-O-Pt-Sc,2,1.59,0.3818376618407357,1.32,1.86,4.0
F-O-Pt-Si,2,1.86,0.5374011537017763,1.48,2.24,4.0
F-O-Pt-Sn,2,1.17,0.04242640687119289,1.14,1.2,4.0
F-O-Pt-Sr,2,1.6300000000000001,0.8626702730475881,1.02,2.24,4.0
F-O-Pt-Ta,2,1.28,1.0748023074035522,0.52,2.04,4.0
F-O-Pt-Te,2,1.53,0.1272792206135787,1.44,1.62,4.0
F-O-Pt-Ti,2,1.14,0.7636753236814712,0.6,1.68,4.0
F-O-Pt-Tl,2,1.3399999999999999,0.5091168824543143,0.98,1.7,4.0
F-O-Pt-V,2,1.22,0.33941125496954283,0.98,1.46,4.0
F-O-Pt-W,2,1.61,0.8343860018001261,1.02,2.2,4.0
F-O-Pt-Y,2,1.5299999999999998,0.15556349186104051,1.42,1.64,4.0
F-O-Pt-Zn,2,1.5,0.2262741699796951,1.34,1.66,4.0
F-O-Pt-Zr,2,1.56,0.8202438661763952,0.98,2.14,4.0
F-O-Rb-Re,2,1.57,1.3435028842544403,0.62,2.52,4.0
F-O-Rb-Rh,2,2.05,1.428355697996826,1.04,3.06,4.0
F-O-Rb-Ru,2,2.1,1.6970562748477138,0.9,3.3,4.0
F-O-Rb-Sb,2,1.39,1.3435028842544403,0.44,2.34,4.0
F-O-Rb-Sc,2,1.57,1.5414927829866738,0.48,2.66,4.0
F-O-Rb-Si,2,2.0300000000000002,1.6829141392239835,0.84,3.22,4.0
F-O-Rb-Sn,2,1.17,1.145512985522207,0.36,1.98,4.0
F-O-Rb-Sr,2,1.24,0.42426406871192857,0.94,1.54,4.0
F-O-Rb-Ta,2,1.56,2.2061731573020285,0.0,3.12,4.0
F-O-Rb-Te,2,1.57,1.428355697996826,0.56,2.58,4.0
F-O-Rb-Ti,2,1.6400000000000001,2.093036072312181,0.16,3.12,4.0
F-O-Rb-Tl,2,1.51,0.6646803743153546,1.04,1.98,4.0
F-O-Rb-V,2,1.54,2.0081832585697947,0.12,2.96,4.0
F-O-Rb-W,2,2.0100000000000002,2.3051681066681446,0.38,3.64,4.0
F-O-Rb-Y,2,1.41,1.2869343417595163,0.5,2.32,4.0
F-O-Rb-Zn,2,1.8,0.9899494936611665,1.1,2.5,4.0
F-O-Rb-Zr,2,1.54,2.0364675298172568,0.1,2.98,4.0
F-O-Re-Rh,2,1.52,0.6222539674441617,1.08,1.96,4.0
F-O-Re-Ru,2,1.5899999999999999,0.4384062043356593,1.28,1.9,4.0
F-O-Re-Sb,2,1.44,0.45254833995939026,1.12,1.76,4.0
F-O-Re-Sc,2,1.55,0.07071067811865482,1.5,1.6,4.0
F-O-Re-Si,2,1.8900000000000001,0.1838477631085023,1.76,2.02,4.0
F-O-Re-Sn,2,1.22,0.5374011537017762,0.84,1.6,4.0
F-O-Re-Sr,2,1.87,1.5414927829866736,0.78,2.96,4.0
F-O-Re-Ta,2,1.19,0.04242640687119289,1.16,1.22,4.0
F-O-Re-Te,2,1.5,0.48083261120685244,1.16,1.84,4.0
F-O-Re-Ti,2,1.38,0.16970562748477147,1.26,1.5,4.0
F-O-Re-Tl,2,1.18,1.0748023074035522,0.42,1.94,4.0
F-O-Re-V,2,1.28,0.08485281374238578,1.22,1.34,4.0
F-O-Re-W,2,1.46,0.028284271247461926,1.44,1.48,4.0
F-O-Re-Y,2,1.47,0.268700576850888,1.28,1.66,4.0
F-O-Re-Zn,2,1.28,0.6222539674441617,0.84,1.72,4.0
F-O-Re-Zr,2,1.48,0.028284271247461926,1.46,1.5,4.0
F-O-Rh-Ru,2,1.44,0.1414213562373094,1.34,1.54,4.0
F-O-Rh-Sb,2,1.1600000000000001,0.056568542494923615,1.12,1.2,4.0
F-O-Rh-Sc,2,1.37,0.32526911934581204,1.14,1.6,4.0
F-O-Rh-Si,2,1.65,0.5232590180780451,1.28,2.02,4.0
F-O-Rh-Sn,2,0.99,0.07071067811865482,0.94,1.04,4.0
F-O-Rh-Sr,2,1.48,0.9616652224137046,0.8,2.16,4.0
F-O-Rh-Ta,2,1.1,0.9333809511662428,0.44,1.76,4.0
F-O-Rh-Te,2,1.33,0.07071067811865474,1.28,1.38,4.0
F-O-Rh-Ti,2,1.05,0.6929646455628166,0.56,1.54,4.0
F-O-Rh-Tl,2,1.15,0.5232590180780451,0.78,1.52,4.0
F-O-Rh-V,2,1.29,0.6646803743153548,0.82,1.76,4.0
F-O-Rh-W,2,1.44,0.7353910524340095,0.92,1.96,4.0
F-O-Rh-Y,2,1.31,0.04242640687119289,1.28,1.34,4.0
F-O-Rh-Zn,2,1.3599999999999999,0.11313708498984747,1.28,1.44,4.0
F-O-Rh-Zr,2,1.35,0.7212489168102786,0.84,1.86,4.0
F-O-Ru-Sb,2,1.29,0.09899494936611673,1.22,1.36,4.0
F-O-Ru-Sc,2,1.4,0.2828427124746192,1.2,1.6,4.0
F-O-Ru-Si,2,1.7,0.33941125496954283,1.46,1.94,4.0
F-O-Ru-Sn,2,1.03,0.21213203435596417,0.88,1.18,4.0
F-O-Ru-Sr,2,1.58,1.1596551211459378,0.76,2.4,4.0
F-O-Ru-Ta,2,1.2,0.7636753236814712,0.66,1.74,4.0
F-O-Ru-Te,2,1.38,0.08485281374238571,1.32,1.44,4.0
F-O-Ru-Ti,2,1.15,0.4101219330881975,0.86,1.44,4.0
F-O-Ru-Tl,2,1.12,0.6788225099390857,0.64,1.6,4.0
F-O-Ru-V,2,1.1600000000000001,0.28284271247461906,0.96,1.36,4.0
F-O-Ru-W,2,1.52,0.5656854249492379,1.12,1.92,4.0
F-O-Ru-Y,2,1.38,0.02828427124746169,1.36,1.4,4.0
F-O-Ru-Zn,2,1.29,0.18384776310850245,1.16,1.42,4.0
F-O-Ru-Zr,2,1.4300000000000002,0.6081118318204308,1.0,1.86,4.0
F-O-Sb-Sc,2,1.07,0.5798275605729689,0.66,1.48,4.0
F-O-Sb-Si,2,1.48,0.31112698372208086,1.26,1.7,4.0
F-O-Sb-Sn,2,0.69,0.12727922061357863,0.6,0.78,4.0
F-O-Sb-Sr,2,0.98,0.6788225099390857,0.5,1.46,4.0
F-O-Sb-Ta,2,1.13,0.862670273047588,0.52,1.74,4.0
F-O-Sb-Te,2,1.09,0.014142135623730963,1.08,1.1,4.0
F-O-Sb-Ti,2,0.97,0.4384062043356594,0.66,1.28,4.0
F-O-Sb-Tl,2,0.8,0.5939696961966999,0.38,1.22,4.0
F-O-Sb-V,2,1.03,0.7212489168102785,0.52,1.54,4.0
F-O-Sb-W,2,1.31,0.6363961030678928,0.86,1.76,4.0
F-O-Sb-Y,2,1.08,0.42426406871192834,0.78,1.38,4.0
F-O-Sb-Zn,2,0.81,0.014142135623730845,0.8,0.82,4.0
F-O-Sb-Zr,2,1.0,0.4808326112068524,0.66,1.34,4.0
F-O-Sc-Si,2,1.1600000000000001,0.056568542494923615,1.12,1.2,4.0
F-O-Sc-Sn,2,0.8200000000000001,0.7071067811865476,0.32,1.32,4.0
F-O-Sc-Sr,2,0.98,1.2162236636408619,0.12,1.84,4.0
F-O-Sc-Ta,2,1.1400000000000001,0.16970562748477133,1.02,1.26,4.0
F-O-Sc-Te,2,1.36,0.6222539674441617,0.92,1.8,4.0
F-O-Sc-Ti,2,0.72,0.11313708498984766,0.64,0.8,4.0
F-O-Sc-Tl,2,1.07,0.8626702730475879,0.46,1.68,4.0
F-O-Sc-V,2,0.73,0.04242640687119289,0.7,0.76,4.0
F-O-Sc-W,2,1.43,0.014142135623730963,1.42,1.44,4.0
F-O-Sc-Y,2,0.75,0.21213203435596428,0.6,0.9,4.0
F-O-Sc-Zn,2,0.74,0.05656854249492385,0.7,0.78,4.0
F-O-Sc-Zr,2,0.86,0.05656854249492385,0.82,0.9,4.0
F-O-Si-Sn,2,1.19,0.4384062043356595,0.88,1.5,4.0
F-O-Si-Sr,2,1.3900000000000001,1.0889444430272832,0.62,2.16,4.0
F-O-Si-Ta,2,1.38,0.5091168824543143,1.02,1.74,4.0
F-O-Si-Te,2,1.63,0.21213203435596437,1.48,1.78,4.0
F-O-Si-Ti,2,1.01,0.24041630560342608,0.84,1.18,4.0
F-O-Si-Tl,2,1.42,0.8485281374238571,0.82,2.02,4.0
F-O-Si-V,2,1.12,0.02828427124746169,1.1,1.14,4.0
F-O-Si-W,2,1.74,0.28284271247461895,1.54,1.94,4.0
F-O-Si-Y,2,1.22,0.1131370849898477,1.14,1.3,4.0
F-O-Si-Zn,2,1.19,0.4666904755831214,0.86,1.52,4.0
F-O-Si-Zr,2,1.15,0.3252691193458118,0.92,1.38,4.0
F-O-Sn-Sr,2,0.74,0.5091168824543143,0.38,1.1,4.0
F-O-Sn-Ta,2,0.92,0.9333809511662428,0.26,1.58,4.0
F-O-Sn-Te,2,0.8899999999999999,0.0707106781186547,0.84,0.94,4.0
F-O-Sn-Ti,2,0.85,0.7495331880577404,0.32,1.38,4.0
F-O-Sn-Tl,2,0.58,0.3959797974644666,0.3,0.86,4.0
F-O-Sn-V,2,0.55,0.5232590180780452,0.18,0.92,4.0
F-O-Sn-W,2,1.09,0.6929646455628167,0.6,1.58,4.0
F-O-Sn-Y,2,0.85,0.5798275605729689,0.44,1.26,4.0
F-O-Sn-Zn,2,0.65,0.014142135623730963,0.64,0.66,4.0
F-O-Sn-Zr,2,1.03,0.8626702730475879,0.42,1.64,4.0
F-O-Sr-Ta,2,1.6400000000000001,1.442497833620557,0.62,2.66,4.0
F-O-Sr-Te,2,1.23,0.6363961030678927,0.78,1.68,4.0
F-O-Sr-Ti,2,0.98,1.3010764773832473,0.06,1.9,4.0
F-O-Sr-Tl,2,0.95,0.2969848480983499,0.74,1.16,4.0
F-O-Sr-V,2,1.04,1.4990663761154808,-0.02,2.1,4.0
F-O-Sr-W,2,1.45,1.2020815280171306,0.6,2.3,4.0
F-O-Sr-Y,2,0.89,0.8909545442950499,0.26,1.52,4.0
F-O-Sr-Zn,2,1.02,0.7353910524340095,0.5,1.54,4.0
F-O-Sr-Zr,2,1.12,1.1879393923933999,0.28,1.96,4.0
F-O-Ta-Te,2,1.19,1.0040916292848974,0.48,1.9,4.0
F-O-Ta-Ti,2,0.88,0.11313708498984755,0.8,0.96,4.0
F-O-Ta-Tl,2,1.03,1.456639969244288,0.0,2.06,4.0
F-O-Ta-V,2,0.81,0.3818376618407357,0.54,1.08,4.0
F-O-Ta-W,2,1.35,0.2404163056034263,1.18,1.52,4.0
F-O-Ta-Y,2,1.26,0.33941125496954283,1.02,1.5,4.0
F-O-Ta-Zn,2,0.74,0.7636753236814714,0.2,1.28,4.0
F-O-Ta-Zr,2,1.27,0.04242640687119289,1.24,1.3,4.0
F-O-Te-Ti,2,1.22,0.7071067811865476,0.72,1.72,4.0
F-O-Te-Tl,2,0.8700000000000001,0.6646803743153546,0.4,1.34,4.0
F-O-Te-V,2,1.03,0.3818376618407357,0.76,1.3,4.0
F-O-Te-W,2,1.38,0.7071067811865475,0.88,1.88,4.0
F-O-Te-Y,2,1.05,0.07071067811865482,1.0,1.1,4.0
F-O-Te-Zn,2,1.04,0.1131370849898477,0.96,1.12,4.0
F-O-Te-Zr,2,1.0899999999999999,0.4666904755831214,0.76,1.42,4.0
F-O-Ti-Tl,2,0.77,1.2020815280171309,-0.08,1.62,4.0
F-O-Ti-V,2,0.75,0.24041630560342622,0.58,0.92,4.0
F-O-Ti-W,2,1.31,0.07071067811865482,1.26,1.36,4.0
F-O-Ti-Y,2,0.8,0.311126983722081,0.58,1.02,4.0
F-O-Ti-Zn,2,0.6599999999999999,0.42426406871192845,0.36,0.96,4.0
F-O-Ti-Zr,2,0.74,0.0,0.74,0.74,4.0
F-O-Tl-V,2,0.8,0.9333809511662428,0.14,1.46,4.0
F-O-Tl-W,2,1.09,1.2586500705120545,0.2,1.98,4.0
F-O-Tl-Y,2,0.8,0.45254833995939053,0.48,1.12,4.0
F-O-Tl-Zn,2,1.06,0.3394112549695429,0.82,1.3,4.0
F-O-Tl-Zr,2,1.02,1.3576450198781713,0.06,1.98,4.0
F-O-V-W,2,1.12,0.22627416997969532,0.96,1.28,4.0
F-O-V-Y,2,0.75,0.21213203435596428,0.6,0.9,4.0
F-O-V-Zn,2,0.7,0.42426406871192857,0.4,1.0,4.0
F-O-V-Zr,2,0.8600000000000001,0.25455844122715704,0.68,1.04,4.0
F-O-W-Y,2,1.4900000000000002,0.1838477631085023,1.36,1.62,4.0
F-O-W-Zn,2,1.07,0.6363961030678927,0.62,1.52,4.0
F-O-W-Zr,2,1.5699999999999998,0.1838477631085023,1.44,1.7,4.0
F-O-Y-Zn,2,0.76,0.11313708498984755,0.68,0.84,4.0
F-O-Y-Zr,2,0.96,0.19798989873223335,0.82,1.1,4.0
F-O-Zn-Zr,2,0.8099999999999999,0.551543289325507,0.42,1.2,4.0
Fe-Ga-N,2,1.7999999999999998,0.9333809511662429,1.14,2.46,3.0
Fe-Ga-O,2,0.8999999999999999,0.11313708498984766,0.82,0.98,3.0
Fe-Ga-O-S,2,0.95,0.0989949493661167,0.88,1.02,4.0
Fe-Ge-N,2,1.2200000000000002,0.1979898987322334,1.08,1.36,3.0
Fe-Ge-O,2,0.74,0.0,0.74,0.74,3.0
Fe-Ge-O-S,2,0.87,0.014142135623730963,0.86,0.88,4.0
Fe-Hf-N,2,1.3599999999999999,0.5091168824543141,1.0,1.72,3.0
Fe-Hf-O,2,0.88,0.16970562748477142,0.76,1.0,3.0
Fe-Hf-O-S,2,0.8600000000000001,0.25455844122715715,0.68,1.04,4.0
Fe-Hg-N,2,2.32,0.8768124086713188,1.7,2.94,3.0
Fe-Hg-O,2,1.53,0.8061017305526643,0.96,2.1,3.0
Fe-Hg-O-S,2,1.47,0.8061017305526641,0.9,2.04,4.0
Fe-In-N,2,1.9100000000000001,0.8909545442950498,1.28,2.54,3.0
Fe-In-O,2,0.9500000000000001,0.5515432893255071,0.56,1.34,3.0
Fe-In-O-S,2,0.85,0.12727922061357852,0.76,0.94,4.0
Fe-Ir-N,2,1.8599999999999999,0.02828427124746169,1.84,1.88,3.0
Fe-Ir-O,2,1.62,0.11313708498984747,1.54,1.7,3.0
Fe-Ir-O-S,2,1.27,0.014142135623730963,1.26,1.28,4.0
Fe-K-N,2,3.3899999999999997,2.0506096654409878,1.94,4.84,3.0
Fe-K-O,2,1.07,0.7212489168102785,0.56,1.58,3.0
Fe-K-O-S,2,2.38,1.8667619023324857,1.06,3.7,4.0
Fe-La-N,2,1.1,0.7071067811865476,0.6,1.6,3.0
Fe-La-O,2,0.8899999999999999,1.0606601717798212,0.14,1.64,3.0
Fe-La-O-S,2,0.86,0.4808326112068523,0.52,1.2,4.0
Fe-Li-N,2,1.83,0.0989949493661165,1.76,1.9,3.0
Fe-Li-O,2,1.24,0.7919595949289332,0.68,1.8,3.0
Fe-Li-O-S,2,1.0899999999999999,0.07071067811865474,1.04,1.14,4.0
Fe-Mg-N,2,2.1,0.9050966799187811,1.46,2.74,3.0
Fe-Mg-O,2,0.9500000000000001,0.5515432893255071,0.56,1.34,3.0
Fe-Mg-O-S,2,0.79,0.04242640687119277,0.76,0.82,4.0
Fe-Mn-N,2,1.08,0.05656854249492385,1.04,1.12,3.0
Fe-Mn-O,2,0.6000000000000001,0.05656854249492382,0.56,0.64,3.0
Fe-Mn-O-S,2,0.81,0.042426406871192854,0.78,0.84,4.0
Fe-Mo-N,2,0.96,0.25455844122715704,0.78,1.14,3.0
Fe-Mo-O,2,0.9099999999999999,0.3252691193458117,0.68,1.14,3.0
Fe-Mo-O-S,2,1.01,0.15556349186104054,0.9,1.12,4.0
Fe-N-Na,2,1.94,0.3111269837220811,1.72,2.16,3.0
Fe-N-Nb,2,0.97,0.04242640687119289,0.94,1.0,3.0
Fe-N-Ni,2,1.35,0.15556349186104035,1.24,1.46,3.0
Fe-N-O,2,1.1,0.028284271247461926,1.08,1.12,3.0
Fe-N-Os,2,1.52,0.0,1.52,1.52,3.0
Fe-N-Pb,2,1.63,0.4666904755831214,1.3,1.96,3.0
Fe-N-Pd,2,1.54,0.25455844122715704,1.36,1.72,3.0
Fe-N-Pt,2,1.52,0.1979898987322334,1.38,1.66,3.0
Fe-N-Rb,2,2.4299999999999997,0.466690475583121,2.1,2.76,3.0
Fe-N-Re,2,1.4300000000000002,0.5232590180780451,1.06,1.8,3.0
Fe-N-Rh,2,1.3599999999999999,0.11313708498984747,1.28,1.44,3.0
Fe-N-Ru,2,1.28,0.08485281374238578,1.22,1.34,3.0
Fe-N-Sb,2,1.65,0.3535533905932738,1.4,1.9,3.0
Fe-N-Sc,2,1.22,0.36769552621700474,0.96,1.48,3.0
Fe-N-Si,2,1.19,0.04242640687119289,1.16,1.22,3.0
Fe-N-Sn,2,1.38,0.3394112549695429,1.14,1.62,3.0
Fe-N-Sr,2,2.6100000000000003,1.5980613254815978,1.48,3.74,3.0
Fe-N-Ta,2,0.91,0.15556349186104043,0.8,1.02,3.0
Fe-N-Te,2,1.8,0.28284271247461895,1.6,2.0,3.0
Fe-N-Ti,2,1.5,0.6222539674441617,1.06,1.94,3.0
Fe-N-Tl,2,2.29,0.9475230867899735,1.62,2.96,3.0
Fe-N-V,2,1.36,0.0,1.36,1.36,3.0
Fe-N-W,2,0.9199999999999999,0.39597979746446654,0.64,1.2,3.0
Fe-N-Y,2,1.62,1.1596551211459378,0.8,2.44,3.0
Fe-N-Zn,2,1.51,0.21213203435596414,1.36,1.66,3.0
Fe-N-Zr,2,1.03,0.29698484809835,0.82,1.24,3.0
Fe-Na-O,2,1.4,1.2162236636408617,0.54,2.26,3.0
Fe-Na-O-S,2,1.22,0.31112698372208086,1.0,1.44,4.0
Fe-Nb-O,2,0.77,0.3535533905932738,0.52,1.02,3.0
Fe-Nb-O-S,2,0.71,0.35355339059327373,0.46,0.96,4.0
Fe-Ni-O,2,1.24,0.028284271247461926,1.22,1.26,3.0
Fe-Ni-O-S,2,0.98,0.0,0.98,0.98,4.0
Fe-O-Os,2,1.54,0.31112698372208086,1.32,1.76,3.0
Fe-O-Os-S,2,1.33,0.3818376618407357,1.06,1.6,4.0
Fe-O-Pb,2,0.8,0.45254833995939053,0.48,1.12,3.0
Fe-O-Pb-S,2,0.98,0.33941125496954283,0.74,1.22,4.0
Fe-O-Pd,2,1.35,0.12727922061357844,1.26,1.44,3.0
Fe-O-Pd-S,2,1.0899999999999999,0.1272792206135786,1.0,1.18,4.0
Fe-O-Pt,2,1.49,0.09899494936611673,1.42,1.56,3.0
Fe-O-Pt-S,2,1.24,0.2262741699796951,1.08,1.4,4.0
Fe-O-Rb,2,2.06,1.951614716074871,0.68,3.44,3.0
Fe-O-Rb-S,2,2.4699999999999998,1.8809040379562165,1.14,3.8,4.0
Fe-O-Re,2,1.25,0.6081118318204309,0.82,1.68,3.0
Fe-O-Re-S,2,1.04,0.2262741699796952,0.88,1.2,4.0
Fe-O-Rh,2,1.29,0.07071067811865482,1.24,1.34,3.0
Fe-O-Rh-S,2,1.08,0.22627416997969513,0.92,1.24,4.0
Fe-O-Ru,2,1.31,0.07071067811865482,1.26,1.36,3.0
Fe-O-Ru-S,2,1.1400000000000001,0.16970562748477147,1.02,1.26,4.0
Fe-O-S-Sb,2,0.79,0.12727922061357863,0.7,0.88,4.0
Fe-O-S-Sc,2,0.92,0.19798989873223333,0.78,1.06,4.0
Fe-O-S-Si,2,1.23,0.268700576850888,1.04,1.42,4.0
Fe-O-S-Sn,2,0.89,0.15556349186104043,0.78,1.0,4.0
Fe-O-S-Sr,2,0.94,0.4525483399593904,0.62,1.26,4.0
Fe-O-S-Ta,2,0.81,0.32526911934581193,0.58,1.04,4.0
Fe-O-S-Te,2,0.96,0.11313708498984758,0.88,1.04,4.0
Fe-O-S-Ti,2,0.79,0.18384776310850237,0.66,0.92,4.0
Fe-O-S-Tl,2,1.04,0.25455844122715715,0.86,1.22,4.0
Fe-O-S-V,2,0.69,0.24041630560342608,0.52,0.86,4.0
Fe-O-S-W,2,1.03,0.18384776310850232,0.9,1.16,4.0
Fe-O-S-Y,2,0.72,0.16970562748477142,0.6,0.84,4.0
Fe-O-S-Zn,2,1.35,0.5798275605729689,0.94,1.76,4.0
Fe-O-S-Zr,2,0.75,0.21213203435596428,0.6,0.9,4.0
Fe-O-Sb,2,0.76,0.05656854249492385,0.72,0.8,3.0
Fe-O-Sc,2,0.98,0.31112698372208086,0.76,1.2,3.0
Fe-O-Si,2,0.99,0.4384062043356594,0.68,1.3,3.0
Fe-O-Sn,2,0.5800000000000001,0.05656854249492382,0.54,0.62,3.0
Fe-O-Sr,2,1.47,1.8526197667087545,0.16,2.78,3.0
Fe-O-Ta,2,0.75,0.6081118318204308,0.32,1.18,3.0
Fe-O-Te,2,1.19,0.12727922061357844,1.1,1.28,3.0
Fe-O-Ti,2,0.6,0.36769552621700463,0.34,0.86,3.0
Fe-O-Tl,2,1.31,0.7778174593052023,0.76,1.86,3.0
Fe-O-V,2,0.65,0.18384776310850237,0.52,0.78,3.0
Fe-O-W,2,1.05,0.5798275605729689,0.64,1.46,3.0
Fe-O-Y,2,1.24,1.1030865786510142,0.46,2.02,3.0
Fe-O-Zn,2,1.14,0.4525483399593904,0.82,1.46,3.0
Fe-O-Zr,2,0.88,0.16970562748477142,0.76,1.0,3.0
Ga-Ge-N,2,1.8199999999999998,0.14142135623730956,1.72,1.92,3.0
Ga-Ge-O,2,0.76,0.14142135623730948,0.66,0.86,3.0
Ga-Ge-O-S,2,0.87,0.04242640687119289,0.84,0.9,4.0
Ga-Hf-N,2,1.5,0.028284271247461926,1.48,1.52,3.0
Ga-Hf-O,2,0.66,0.14142135623730948,0.56,0.76,3.0
Ga-Hf-O-S,2,1.04,0.36769552621700474,0.78,1.3,4.0
Ga-Hg-N,2,2.27,0.4666904755831215,1.94,2.6,3.0
Ga-Hg-O,2,1.3,0.39597979746446665,1.02,1.58,3.0
Ga-Hg-O-S,2,1.4,0.622253967444162,0.96,1.84,4.0
Ga-In-N,2,1.86,0.39597979746446665,1.58,2.14,3.0
Ga-In-O,2,0.8999999999999999,0.42426406871192845,0.6,1.2,3.0
Ga-In-O-S,2,0.79,0.0989949493661167,0.72,0.86,4.0
Ga-Ir-N,2,1.79,0.8626702730475879,1.18,2.4,3.0
Ga-Ir-O,2,1.23,0.014142135623730963,1.22,1.24,3.0
Ga-Ir-O-S,2,1.1800000000000002,0.08485281374238571,1.12,1.24,4.0
Ga-K-N,2,2.9400000000000004,1.0465180361560906,2.2,3.68,3.0
Ga-K-O,2,1.06,0.565685424949238,0.66,1.46,3.0
Ga-K-O-S,2,2.05,1.088944443027283,1.28,2.82,4.0
Ga-La-N,2,1.57,0.9192388155425119,0.92,2.22,3.0
Ga-La-O,2,0.6,0.9050966799187808,-0.04,1.24,3.0
Ga-La-O-S,2,0.59,0.35355339059327373,0.34,0.84,4.0
Ga-Li-N,2,2.59,0.4101219330881976,2.3,2.88,3.0
Ga-Li-O,2,1.3599999999999999,0.565685424949238,0.96,1.76,3.0
Ga-Li-O-S,2,1.21,0.15556349186104051,1.1,1.32,4.0
Ga-Mg-N,2,2.27,0.3535533905932738,2.02,2.52,3.0
Ga-Mg-O,2,1.02,0.42426406871192857,0.72,1.32,3.0
Ga-Mg-O-S,2,0.8999999999999999,0.05656854249492382,0.86,0.94,4.0
Ga-Mn-N,2,1.47,0.5798275605729689,1.06,1.88,3.0
Ga-Mn-O,2,0.6200000000000001,0.08485281374238574,0.56,0.68,3.0
Ga-Mn-O-S,2,0.89,0.014142135623730963,0.88,0.9,4.0
Ga-Mo-N,2,1.13,0.4384062043356595,0.82,1.44,3.0
Ga-Mo-O,2,0.5,0.28284271247461895,0.3,0.7,3.0
Ga-Mo-O-S,2,0.8400000000000001,0.33941125496954283,0.6,1.08,4.0
Ga-N-Na,2,2.1500000000000004,0.014142135623730807,2.14,2.16,3.0
Ga-N-Nb,2,1.15,0.24041630560342614,0.98,1.32,3.0
Ga-N-Ni,2,1.88,0.5939696961966998,1.46,2.3,3.0
Ga-N-O,2,1.5,0.2262741699796951,1.34,1.66,3.0
Ga-N-Os,2,1.57,0.3818376618407357,1.3,1.84,3.0
Ga-N-Pb,2,1.75,0.1838477631085022,1.62,1.88,3.0
Ga-N-Pd,2,1.6800000000000002,0.08485281374238571,1.62,1.74,3.0
Ga-N-Pt,2,1.89,0.5515432893255069,1.5,2.28,3.0
Ga-N-Rb,2,3.0199999999999996,1.0465180361560902,2.28,3.76,3.0
Ga-N-Re,2,1.5999999999999999,0.9899494936611662,0.9,2.3,3.0
Ga-N-Rh,2,1.7400000000000002,0.6222539674441618,1.3,2.18,3.0
Ga-N-Ru,2,1.4300000000000002,0.43840620433565947,1.12,1.74,3.0
Ga-N-Sb,2,1.75,0.04242640687119289,1.72,1.78,3.0
Ga-N-Sc,2,1.7,0.42426406871192857,1.4,2.0,3.0
Ga-N-Si,2,1.5699999999999998,0.2404163056034263,1.4,1.74,3.0
Ga-N-Sn,2,1.45,0.04242640687119289,1.42,1.48,3.0
Ga-N-Sr,2,2.49,1.0040916292848974,1.78,3.2,3.0
Ga-N-Ta,2,1.2200000000000002,0.14142135623730956,1.12,1.32,3.0
Ga-N-Te,2,1.8900000000000001,0.04242640687119281,1.86,1.92,3.0
Ga-N-Ti,2,1.47,0.04242640687119289,1.44,1.5,3.0
Ga-N-Tl,2,2.25,0.4949747468305834,1.9,2.6,3.0
Ga-N-V,2,1.5699999999999998,0.46669047558312127,1.24,1.9,3.0
Ga-N-W,2,1.0699999999999998,0.5232590180780451,0.7,1.44,3.0
Ga-N-Y,2,1.62,0.5656854249492381,1.22,2.02,3.0
Ga-N-Zn,2,2.17,0.1838477631085022,2.04,2.3,3.0
Ga-N-Zr,2,1.18,0.028284271247461926,1.16,1.2,3.0
Ga-Na-O,2,1.3900000000000001,0.9475230867899738,0.72,2.06,3.0
Ga-Na-O-S,2,1.37,0.2121320343559642,1.22,1.52,4.0
Ga-Nb-O,2,0.32999999999999996,0.35355339059327373,0.08,0.58,3.0
Ga-Nb-O-S,2,0.6799999999999999,0.42426406871192857,0.38,0.98,4.0
Ga-Ni-O,2,1.1,0.22627416997969532,0.94,1.26,3.0
Ga-Ni-O-S,2,0.9299999999999999,0.04242640687119277,0.9,0.96,4.0
Ga-O-Os,2,1.1400000000000001,0.22627416997969516,0.98,1.3,3.0
Ga-O-Os-S,2,1.17,0.1272792206135786,1.08,1.26,4.0
Ga-O-Pb,2,0.79,0.3818376618407357,0.52,1.06,3.0
Ga-O-Pb-S,2,0.89,0.24041630560342622,0.72,1.06,4.0
Ga-O-Pd,2,1.27,0.014142135623730963,1.26,1.28,3.0
Ga-O-Pd-S,2,1.12,0.16970562748477147,1.0,1.24,4.0
Ga-O-Pt,2,1.4,0.1414213562373094,1.3,1.5,3.0
Ga-O-Pt-S,2,1.15,0.12727922061357844,1.06,1.24,4.0
Ga-O-Rb,2,1.63,1.2869343417595167,0.72,2.54,3.0
Ga-O-Rb-S,2,2.11,1.0889444430272832,1.34,2.88,4.0
Ga-O-Re,2,0.78,0.45254833995939053,0.46,1.1,3.0
Ga-O-Re-S,2,1.06,0.42426406871192857,0.76,1.36,4.0
Ga-O-Rh,2,1.04,0.028284271247461926,1.02,1.06,3.0
Ga-O-Rh-S,2,1.0,0.11313708498984758,0.92,1.08,4.0
Ga-O-Ru,2,1.17,0.15556349186104035,1.06,1.28,3.0
Ga-O-Ru-S,2,1.1,0.14142135623730956,1.0,1.2,4.0
Ga-O-S-Sb,2,0.78,0.14142135623730948,0.68,0.88,4.0
Ga-O-S-Sc,2,1.1,0.3111269837220809,0.88,1.32,4.0
Ga-O-S-Si,2,1.32,0.33941125496954283,1.08,1.56,4.0
Ga-O-S-Sn,2,0.8300000000000001,0.07071067811865478,0.78,0.88,4.0
Ga-O-S-Sr,2,1.4300000000000002,0.9192388155425119,0.78,2.08,4.0
Ga-O-S-Ta,2,0.75,0.6081118318204308,0.32,1.18,4.0
Ga-O-S-Te,2,0.97,0.04242640687119289,0.94,1.0,4.0
Ga-O-S-Ti,2,0.9299999999999999,0.3252691193458118,0.7,1.16,4.0
Ga-O-S-Tl,2,1.0899999999999999,0.1838477631085023,0.96,1.22,4.0
Ga-O-S-V,2,0.69,0.2404163056034262,0.52,0.86,4.0
Ga-O-S-W,2,0.93,0.5232590180780452,0.56,1.3,4.0
Ga-O-S-Y,2,0.77,0.18384776310850237,0.64,0.9,4.0
Ga-O-S-Zn,2,1.22,0.5091168824543143,0.86,1.58,4.0
Ga-O-S-Zr,2,0.8999999999999999,0.33941125496954266,0.66,1.14,4.0
Ga-O-Sb,2,0.5,0.2262741699796952,0.34,0.66,3.0
Ga-O-Sc,2,0.75,0.46669047558312143,0.42,1.08,3.0
Ga-O-Si,2,0.94,0.42426406871192857,0.64,1.24,3.0
Ga-O-Sn,2,0.52,0.1131370849898476,0.44,0.6,3.0
Ga-O-Sr,2,0.77,0.7212489168102785,0.26,1.28,3.0
Ga-O-Ta,2,0.36,0.565685424949238,-0.04,0.76,3.0
Ga-O-Te,2,0.9299999999999999,0.014142135623730845,0.92,0.94,3.0
Ga-O-Ti,2,0.48,0.25455844122715715,0.3,0.66,3.0
Ga-O-Tl,2,1.06,0.311126983722081,0.84,1.28,3.0
Ga-O-V,2,0.49,0.3818376618407357,0.22,0.76,3.0
Ga-O-W,2,0.57,0.5232590180780451,0.2,0.94,3.0
Ga-O-Y,2,0.75,0.6363961030678927,0.3,1.2,3.0
Ga-O-Zn,2,1.0,0.05656854249492385,0.96,1.04,3.0
Ga-O-Zr,2,0.6000000000000001,0.05656854249492382,0.56,0.64,3.0
Ge-Hf-N,2,1.27,0.21213203435596414,1.12,1.42,3.0
Ge-Hf-O,2,0.6900000000000001,0.5515432893255071,0.3,1.08,3.0
Ge-Hf-O-S,2,1.1300000000000001,0.6646803743153548,0.66,1.6,4.0
Ge-Hg-N,2,2.2,0.622253967444162,1.76,2.64,3.0
Ge-Hg-O,2,1.17,0.551543289325507,0.78,1.56,3.0
Ge-Hg-O-S,2,1.25,0.6646803743153546,0.78,1.72,4.0
Ge-In-N,2,1.56,0.22627416997969516,1.4,1.72,3.0
Ge-In-O,2,0.63,0.2404163056034262,0.46,0.8,3.0
Ge-In-O-S,2,0.82,0.16970562748477142,0.7,0.94,4.0
Ge-Ir-N,2,1.35,0.18384776310850245,1.22,1.48,3.0
Ge-Ir-O,2,1.31,0.3252691193458118,1.08,1.54,3.0
Ge-Ir-O-S,2,1.06,0.028284271247461926,1.04,1.08,4.0
Ge-K-N,2,3.01,1.3717871555019023,2.04,3.98,3.0
Ge-K-O,2,0.95,0.7495331880577404,0.42,1.48,3.0
Ge-K-O-S,2,1.97,1.2586500705120545,1.08,2.86,4.0
Ge-La-N,2,1.4500000000000002,1.1172287142747452,0.66,2.24,3.0
Ge-La-O,2,0.5900000000000001,0.4384062043356594,0.28,0.9,3.0
Ge-La-O-S,2,0.64,0.3111269837220809,0.42,0.86,4.0
Ge-Li-N,2,1.96,0.08485281374238578,1.9,2.02,3.0
Ge-Li-O,2,1.16,0.7919595949289332,0.6,1.72,3.0
Ge-Li-O-S,2,1.52,0.6222539674441617,1.08,1.96,4.0
Ge-Mg-N,2,2.09,0.49497474683058335,1.74,2.44,3.0
Ge-Mg-O,2,0.78,0.6222539674441617,0.34,1.22,3.0
Ge-Mg-O-S,2,0.79,0.0707106781186547,0.74,0.84,4.0
Ge-Mn-N,2,1.1099999999999999,0.18384776310850245,0.98,1.24,3.0
Ge-Mn-O,2,0.33999999999999997,0.02828427124746191,0.32,0.36,3.0
Ge-Mn-O-S,2,0.72,0.0,0.72,0.72,4.0
Ge-Mo-N,2,0.97,0.2969848480983499,0.76,1.18,3.0
Ge-Mo-O,2,0.76,0.33941125496954283,0.52,1.0,3.0
Ge-Mo-O-S,2,0.9299999999999999,0.2969848480983499,0.72,1.14,4.0
Ge-N-Na,2,2.02,0.1131370849898477,1.94,2.1,3.0
Ge-N-Nb,2,1.02,0.05656854249492385,0.98,1.06,3.0
Ge-N-Ni,2,1.41,0.014142135623730963,1.4,1.42,3.0
Ge-N-O,2,0.84,0.16970562748477142,0.72,0.96,3.0
Ge-N-Os,2,1.27,0.3818376618407357,1.0,1.54,3.0
Ge-N-Pb,2,1.68,0.36769552621700474,1.42,1.94,3.0
Ge-N-Pd,2,1.5699999999999998,0.12727922061357844,1.48,1.66,3.0
Ge-N-Pt,2,1.73,0.268700576850888,1.54,1.92,3.0
Ge-N-Rb,2,3.0700000000000003,1.2869343417595165,2.16,3.98,3.0
Ge-N-Re,2,1.39,0.7778174593052022,0.84,1.94,3.0
Ge-N-Rh,2,1.3599999999999999,0.056568542494923775,1.32,1.4,3.0
Ge-N-Ru,2,1.26,0.2262741699796951,1.1,1.42,3.0
Ge-N-Sb,2,1.5299999999999998,0.15556349186104035,1.42,1.64,3.0
Ge-N-Sc,2,1.58,0.4808326112068524,1.24,1.92,3.0
Ge-N-Si,2,1.48,0.1131370849898477,1.4,1.56,3.0
Ge-N-Sn,2,1.45,0.014142135623730963,1.44,1.46,3.0
Ge-N-Sr,2,1.86,0.45254833995939053,1.54,2.18,3.0
Ge-N-Ta,2,1.07,0.014142135623730963,1.06,1.08,3.0
Ge-N-Te,2,1.6600000000000001,0.08485281374238571,1.6,1.72,3.0
Ge-N-Ti,2,1.31,0.15556349186104051,1.2,1.42,3.0
Ge-N-Tl,2,2.18,0.6505382386916237,1.72,2.64,3.0
Ge-N-V,2,1.35,0.24041630560342614,1.18,1.52,3.0
Ge-N-W,2,0.9199999999999999,0.39597979746446654,0.64,1.2,3.0
Ge-N-Y,2,1.48,0.8202438661763952,0.9,2.06,3.0
Ge-N-Zn,2,1.75,0.07071067811865482,1.7,1.8,3.0
Ge-N-Zr,2,1.08,0.1979898987322334,0.94,1.22,3.0
Ge-Na-O,2,0.8600000000000001,0.6788225099390857,0.38,1.34,3.0
Ge-Na-O-S,2,1.2,0.28284271247461895,1.0,1.4,4.0
Ge-Nb-O,2,0.61,0.3535533905932738,0.36,0.86,3.0
Ge-Nb-O-S,2,0.8,0.42426406871192857,0.5,1.1,4.0
Ge-Ni-O,2,0.86,0.16970562748477142,0.74,0.98,3.0
Ge-Ni-O-S,2,0.94,0.16970562748477153,0.82,1.06,4.0
Ge-O-Os,2,1.28,0.42426406871192857,0.98,1.58,3.0
Ge-O-Os-S,2,1.17,0.21213203435596437,1.02,1.32,4.0
Ge-O-Pb,2,0.64,0.4808326112068523,0.3,0.98,3.0
Ge-O-Pb-S,2,0.8700000000000001,0.3535533905932738,0.62,1.12,4.0
Ge-O-Pd,2,1.17,0.18384776310850245,1.04,1.3,3.0
Ge-O-Pd-S,2,1.02,0.25455844122715704,0.84,1.2,4.0
Ge-O-Pt,2,1.3,0.05656854249492385,1.26,1.34,3.0
Ge-O-Pt-S,2,1.0699999999999998,0.1838477631085023,0.94,1.2,4.0
Ge-O-Rb,2,1.56,1.4142135623730951,0.56,2.56,3.0
Ge-O-Rb-S,2,2.01,1.2020815280171306,1.16,2.86,4.0
Ge-O-Re,2,1.12,0.565685424949238,0.72,1.52,3.0
Ge-O-Re-S,2,1.1,0.3394112549695429,0.86,1.34,4.0
Ge-O-Rh,2,1.08,0.05656854249492385,1.04,1.12,3.0
Ge-O-Rh-S,2,0.99,0.07071067811865482,0.94,1.04,4.0
Ge-O-Ru,2,1.03,0.1555634918610404,0.92,1.14,3.0
Ge-O-Ru-S,2,1.0899999999999999,0.18384776310850245,0.96,1.22,4.0
Ge-O-S-Sb,2,0.72,0.05656854249492373,0.68,0.76,4.0
Ge-O-S-Sc,2,0.98,0.05656854249492385,0.94,1.02,4.0
Ge-O-S-Si,2,1.17,0.3252691193458118,0.94,1.4,4.0
Ge-O-S-Sn,2,0.6799999999999999,0.08485281374238567,0.62,0.74,4.0
Ge-O-S-Sr,2,0.8699999999999999,0.4101219330881976,0.58,1.16,4.0
Ge-O-S-Ta,2,0.79,0.551543289325507,0.4,1.18,4.0
Ge-O-S-Te,2,0.98,0.11313708498984766,0.9,1.06,4.0
Ge-O-S-Ti,2,0.84,0.4525483399593903,0.52,1.16,4.0
Ge-O-S-Tl,2,1.04,0.33941125496954283,0.8,1.28,4.0
Ge-O-S-V,2,0.65,0.26870057685088805,0.46,0.84,4.0
Ge-O-S-W,2,1.1600000000000001,0.5939696961967,0.74,1.58,4.0
Ge-O-S-Y,2,0.78,0.08485281374238574,0.72,0.84,4.0
Ge-O-S-Zn,2,1.06,0.28284271247461906,0.86,1.26,4.0
Ge-O-S-Zr,2,0.8999999999999999,0.42426406871192857,0.6,1.2,4.0
Ge-O-Sb,2,0.75,0.07071067811865482,0.7,0.8,3.0
Ge-O-Sc,2,0.89,0.12727922061357852,0.8,0.98,3.0
Ge-O-Si,2,0.86,0.4242640687119284,0.56,1.16,3.0
Ge-O-Sn,2,0.41000000000000003,0.0707106781186548,0.36,0.46,3.0
Ge-O-Sr,2,1.09,1.3152186130069783,0.16,2.02,3.0
Ge-O-Ta,2,0.57,0.551543289325507,0.18,0.96,3.0
Ge-O-Te,2,0.9299999999999999,0.12727922061357863,0.84,1.02,3.0
Ge-O-Ti,2,0.52,0.4525483399593903,0.2,0.84,3.0
Ge-O-Tl,2,0.96,0.4525483399593905,0.64,1.28,3.0
Ge-O-V,2,0.48,0.2262741699796952,0.32,0.64,3.0
Ge-O-W,2,0.95,0.6646803743153546,0.48,1.42,3.0
Ge-O-Y,2,0.9099999999999999,0.38183766184073564,0.64,1.18,3.0
Ge-O-Zn,2,0.91,0.6081118318204309,0.48,1.34,3.0
Ge-O-Zr,2,0.63,0.49497474683058323,0.28,0.98,3.0
Hf-Hg-N,2,1.97,0.6929646455628166,1.48,2.46,3.0
Hf-Hg-O,2,1.13,0.7212489168102784,0.62,1.64,3.0
Hf-Hg-O-S,2,1.5899999999999999,1.2020815280171309,0.74,2.44,4.0
Hf-In-N,2,1.67,0.5515432893255071,1.28,2.06,3.0
Hf-In-O,2,0.65,0.43840620433565947,0.34,0.96,3.0
Hf-In-O-S,2,1.08,0.5374011537017761,0.7,1.46,4.0
Hf-Ir-N,2,1.8,0.45254833995939053,1.48,2.12,3.0
Hf-Ir-O,2,1.3,0.39597979746446665,1.02,1.58,3.0
Hf-Ir-O-S,2,1.35,0.4949747468305831,1.0,1.7,4.0
Hf-K-N,2,2.75,1.6263455967290592,1.6,3.9,3.0
Hf-K-O,2,0.8999999999999999,1.103086578651014,0.12,1.68,3.0
Hf-K-O-S,2,2.15,1.7960512242138307,0.88,3.42,4.0
Hf-La-N,2,1.4,1.3576450198781713,0.44,2.36,3.0
Hf-La-O,2,0.58,0.5939696961966999,0.16,1.0,3.0
Hf-La-O-S,2,0.97,0.5798275605729689,0.56,1.38,4.0
Hf-Li-N,2,1.94,0.2545584412271571,1.76,2.12,3.0
Hf-Li-O,2,0.88,0.5091168824543142,0.52,1.24,3.0
Hf-Li-O-S,2,1.42,0.6505382386916236,0.96,1.88,4.0
Hf-Mg-N,2,1.81,0.3535533905932738,1.56,2.06,3.0
Hf-Mg-O,2,0.7,0.42426406871192857,0.4,1.0,3.0
Hf-Mg-O-S,2,0.98,0.39597979746446665,0.7,1.26,4.0
Hf-Mn-N,2,1.24,0.36769552621700474,0.98,1.5,3.0
Hf-Mn-O,2,0.6,0.5939696961966999,0.18,1.02,3.0
Hf-Mn-O-S,2,0.92,0.2828427124746191,0.72,1.12,4.0
Hf-Mo-N,2,1.26,0.4808326112068523,0.92,1.6,3.0
Hf-Mo-O,2,1.22,0.39597979746446665,0.94,1.5,3.0
Hf-Mo-O-S,2,1.24,0.028284271247461926,1.22,1.26,4.0
Hf-N-Na,2,2.37,1.0606601717798212,1.62,3.12,3.0
Hf-N-Nb,2,1.3,0.33941125496954283,1.06,1.54,3.0
Hf-N-Ni,2,1.54,0.42426406871192857,1.24,1.84,3.0
Hf-N-O,2,0.55,0.014142135623730963,0.54,0.56,3.0
Hf-N-Os,2,1.77,0.6929646455628165,1.28,2.26,3.0
Hf-N-Pb,2,1.73,0.9192388155425116,1.08,2.38,3.0
Hf-N-Pd,2,1.77,0.09899494936611673,1.7,1.84,3.0
Hf-N-Pt,2,1.8399999999999999,0.11313708498984763,1.76,1.92,3.0
Hf-N-Rb,2,2.83,1.6263455967290592,1.68,3.98,3.0
Hf-N-Re,2,1.45,0.862670273047588,0.84,2.06,3.0
Hf-N-Rh,2,1.7000000000000002,0.16970562748477133,1.58,1.82,3.0
Hf-N-Ru,2,1.69,0.3818376618407357,1.42,1.96,3.0
Hf-N-Sb,2,1.3399999999999999,0.056568542494923615,1.3,1.38,3.0
Hf-N-Sc,2,1.44,0.31112698372208086,1.22,1.66,3.0
Hf-N-Si,2,1.38,0.905096679918781,0.74,2.02,3.0
Hf-N-Sn,2,1.42,0.36769552621700474,1.16,1.68,3.0
Hf-N-Sr,2,2.32,1.5556349186104044,1.22,3.42,3.0
Hf-N-Ta,2,1.29,0.5798275605729689,0.88,1.7,3.0
Hf-N-Te,2,1.5899999999999999,0.07071067811865459,1.54,1.64,3.0
Hf-N-Ti,2,1.3399999999999999,0.4525483399593904,1.02,1.66,3.0
Hf-N-Tl,2,1.96,0.8202438661763952,1.38,2.54,3.0
Hf-N-V,2,1.16,0.4808326112068523,0.82,1.5,3.0
Hf-N-W,2,1.31,0.7495331880577404,0.78,1.84,3.0
Hf-N-Y,2,1.42,0.8768124086713188,0.8,2.04,3.0
Hf-N-Zn,2,1.6800000000000002,0.08485281374238571,1.62,1.74,3.0
Hf-N-Zr,2,1.3199999999999998,0.1414213562373094,1.22,1.42,3.0
Hf-Na-O,2,0.8,0.7919595949289333,0.24,1.36,3.0
Hf-Na-O-S,2,1.27,0.5232590180780451,0.9,1.64,4.0
Hf-Nb-O,2,0.65,0.04242640687119289,0.62,0.68,3.0
Hf-Nb-O-S,2,1.03,0.04242640687119289,1.0,1.06,4.0
Hf-Ni-O,2,1.12,0.19798989873223324,0.98,1.26,3.0
Hf-Ni-O-S,2,1.1400000000000001,0.4808326112068524,0.8,1.48,4.0
Hf-O-Os,2,1.3599999999999999,0.2545584412271571,1.18,1.54,3.0
Hf-O-Os-S,2,1.42,0.39597979746446665,1.14,1.7,4.0
Hf-O-Pb,2,0.76,0.9333809511662428,0.1,1.42,3.0
Hf-O-Pb-S,2,1.1099999999999999,0.834386001800126,0.52,1.7,4.0
Hf-O-Pd,2,1.46,0.7353910524340095,0.94,1.98,3.0
Hf-O-Pd-S,2,1.39,0.7778174593052022,0.84,1.94,4.0
Hf-O-Pt,2,1.44,0.28284271247461895,1.24,1.64,3.0
Hf-O-Pt-S,2,1.33,0.4666904755831214,1.0,1.66,4.0
Hf-O-Rb,2,0.99,1.145512985522207,0.18,1.8,3.0
Hf-O-Rb-S,2,2.3200000000000003,1.9516147160748711,0.94,3.7,4.0
Hf-O-Re,2,1.17,0.18384776310850245,1.04,1.3,3.0
Hf-O-Re-S,2,1.29,0.09899494936611673,1.22,1.36,4.0
Hf-O-Rh,2,1.4500000000000002,0.5798275605729691,1.04,1.86,3.0
Hf-O-Rh-S,2,1.21,0.4949747468305833,0.86,1.56,4.0
Hf-O-Ru,2,1.21,0.18384776310850245,1.08,1.34,3.0
Hf-O-Ru-S,2,1.4300000000000002,0.24041630560342614,1.26,1.6,4.0
Hf-O-S-Sb,2,1.12,0.45254833995939026,0.8,1.44,4.0
Hf-O-S-Sc,2,0.8200000000000001,0.22627416997969513,0.66,0.98,4.0
Hf-O-S-Si,2,1.07,0.21213203435596417,0.92,1.22,4.0
Hf-O-S-Sn,2,1.08,0.6788225099390857,0.6,1.56,4.0
Hf-O-S-Sr,2,1.07,0.8909545442950498,0.44,1.7,4.0
Hf-O-S-Ta,2,1.17,0.2969848480983499,0.96,1.38,4.0
Hf-O-S-Te,2,1.23,0.4384062043356594,0.92,1.54,4.0
Hf-O-S-Ti,2,0.8,0.028284271247461808,0.78,0.82,4.0
Hf-O-S-Tl,2,1.22,0.7353910524340095,0.7,1.74,4.0
Hf-O-S-V,2,1.02,0.05656854249492385,0.98,1.06,4.0
Hf-O-S-W,2,1.4500000000000002,0.21213203435596437,1.3,1.6,4.0
Hf-O-S-Y,2,1.02,0.4808326112068523,0.68,1.36,4.0
Hf-O-S-Zn,2,1.29,0.7495331880577404,0.76,1.82,4.0
Hf-O-S-Zr,2,0.8300000000000001,0.04242640687119277,0.8,0.86,4.0
Hf-O-Sb,2,0.9,0.5374011537017761,0.52,1.28,3.0
Hf-O-Sc,2,0.47,0.15556349186104043,0.36,0.58,3.0
Hf-O-Si,2,1.0699999999999998,0.4384062043356593,0.76,1.38,3.0
Hf-O-Sn,2,0.6799999999999999,0.6788225099390855,0.2,1.16,3.0
Hf-O-Sr,2,0.63,1.117228714274745,-0.16,1.42,3.0
Hf-O-Ta,2,0.66,0.028284271247461926,0.64,0.68,3.0
Hf-O-Te,2,1.15,0.5232590180780451,0.78,1.52,3.0
Hf-O-Ti,2,0.77,0.0989949493661167,0.7,0.84,3.0
Hf-O-Tl,2,0.94,0.7071067811865476,0.44,1.44,3.0
Hf-O-V,2,0.63,0.014142135623730963,0.62,0.64,3.0
Hf-O-W,2,1.28,0.39597979746446665,1.0,1.56,3.0
Hf-O-Y,2,0.64,0.16970562748477142,0.52,0.76,3.0
Hf-O-Zn,2,0.81,0.2404163056034262,0.64,0.98,3.0
Hf-O-Zr,2,0.44999999999999996,0.04242640687119283,0.42,0.48,3.0
Hg-In-N,2,2.29,0.21213203435596414,2.14,2.44,3.0
Hg-In-O,2,1.4100000000000001,0.2687005768508882,1.22,1.6,3.0
Hg-In-O-S,2,1.08,0.25455844122715704,0.9,1.26,4.0
Hg-Ir-N,2,2.55,1.1455129855222068,1.74,3.36,3.0
Hg-Ir-O,2,1.7200000000000002,0.5091168824543143,1.36,2.08,3.0
Hg-Ir-O-S,2,1.9100000000000001,1.0040916292848976,1.2,2.62,4.0
Hg-K-N,2,3.3200000000000003,0.45254833995939064,3.0,3.64,3.0
Hg-K-O,2,1.54,0.14142135623730956,1.44,1.64,3.0
Hg-K-O-S,2,2.3,0.7071067811865475,1.8,2.8,4.0
Hg-La-N,2,1.9899999999999998,0.4666904755831214,1.66,2.32,3.0
Hg-La-O,2,1.2200000000000002,0.14142135623730956,1.12,1.32,3.0
Hg-La-O-S,2,1.31,0.24041630560342614,1.14,1.48,4.0
Hg-Li-N,2,2.99,0.07071067811865465,2.94,3.04,3.0
Hg-Li-O,2,1.87,0.014142135623730885,1.86,1.88,3.0
Hg-Li-O-S,2,1.79,0.2969848480983499,1.58,2.0,4.0
Hg-Mg-N,2,2.67,0.1838477631085022,2.54,2.8,3.0
Hg-Mg-O,2,1.53,0.268700576850888,1.34,1.72,3.0
Hg-Mg-O-S,2,1.08,0.19798989873223324,0.94,1.22,4.0
Hg-Mn-N,2,2.17,0.8343860018001259,1.58,2.76,3.0
Hg-Mn-O,2,1.19,0.7212489168102785,0.68,1.7,3.0
Hg-Mn-O-S,2,1.0,0.25455844122715715,0.82,1.18,4.0
Hg-Mo-N,2,2.0,1.1596551211459378,1.18,2.82,3.0
Hg-Mo-O,2,1.06,0.7919595949289333,0.5,1.62,3.0
Hg-Mo-O-S,2,1.5699999999999998,0.9758073580374355,0.88,2.26,4.0
Hg-N-Na,2,3.04,0.33941125496954266,2.8,3.28,3.0
Hg-N-Nb,2,2.02,0.9899494936611667,1.32,2.72,3.0
Hg-N-Ni,2,2.48,0.7636753236814714,1.94,3.02,3.0
Hg-N-O,2,2.29,0.1838477631085022,2.16,2.42,3.0
Hg-N-Os,2,2.4699999999999998,1.428355697996826,1.46,3.48,3.0
Hg-N-Pb,2,2.3099999999999996,0.042426406871192736,2.28,2.34,3.0
Hg-N-Pd,2,2.51,0.49497474683058323,2.16,2.86,3.0
Hg-N-Pt,2,2.59,0.7495331880577403,2.06,3.12,3.0
Hg-N-Rb,2,3.42,0.537401153701776,3.04,3.8,3.0
Hg-N-Re,2,2.15,1.5697770542341354,1.04,3.26,3.0
Hg-N-Rh,2,2.49,0.8343860018001263,1.9,3.08,3.0
Hg-N-Ru,2,2.44,1.0748023074035524,1.68,3.2,3.0
Hg-N-Sb,2,2.15,0.49497474683058335,1.8,2.5,3.0
Hg-N-Sc,2,2.23,0.3535533905932738,1.98,2.48,3.0
Hg-N-Si,2,2.43,1.145512985522207,1.62,3.24,3.0
Hg-N-Sn,2,2.1399999999999997,0.33941125496954266,1.9,2.38,3.0
Hg-N-Sr,2,2.81,0.5515432893255072,2.42,3.2,3.0
Hg-N-Ta,2,2.0,1.1879393923933999,1.16,2.84,3.0
Hg-N-Te,2,2.31,0.5232590180780453,1.94,2.68,3.0
Hg-N-Ti,2,2.2,0.9333809511662428,1.54,2.86,3.0
Hg-N-Tl,2,2.5300000000000002,0.12727922061357883,2.44,2.62,3.0
Hg-N-V,2,2.02,0.9899494936611667,1.32,2.72,3.0
Hg-N-W,2,2.02,1.4142135623730951,1.02,3.02,3.0
Hg-N-Y,2,2.05,0.014142135623730807,2.04,2.06,3.0
Hg-N-Zn,2,2.55,0.3535533905932738,2.3,2.8,3.0
Hg-N-Zr,2,2.0,0.5656854249492379,1.6,2.4,3.0
Hg-Na-O,2,1.85,0.3535533905932738,1.6,2.1,3.0
Hg-Na-O-S,2,1.57,0.014142135623730963,1.56,1.58,4.0
Hg-Nb-O,2,1.27,1.3435028842544405,0.32,2.22,3.0
Hg-Nb-O-S,2,1.4500000000000002,1.0323759005323594,0.72,2.18,4.0
Hg-Ni-O,2,1.63,0.32526911934581204,1.4,1.86,3.0
Hg-Ni-O-S,2,1.27,0.1272792206135787,1.18,1.36,4.0
Hg-O-Os,2,1.65,0.6929646455628167,1.16,2.14,3.0
Hg-O-Os-S,2,1.8900000000000001,1.1172287142747452,1.1,2.68,4.0
Hg-O-Pb,2,1.29,0.12727922061357844,1.2,1.38,3.0
Hg-O-Pb-S,2,1.24,0.2262741699796951,1.08,1.4,4.0
Hg-O-Pd,2,1.93,0.49497474683058307,1.58,2.28,3.0
Hg-O-Pd-S,2,1.73,0.5232590180780453,1.36,2.1,4.0
Hg-O-Pt,2,1.75,0.3252691193458118,1.52,1.98,3.0
Hg-O-Pt-S,2,1.8900000000000001,0.7495331880577402,1.36,2.42,4.0
Hg-O-Rb,2,2.02,0.7919595949289333,1.46,2.58,3.0
Hg-O-Rb-S,2,2.34,0.7353910524340093,1.82,2.86,4.0
Hg-O-Re,2,1.71,1.4283556979968262,0.7,2.72,3.0
Hg-O-Re-S,2,1.74,1.2727922061357855,0.84,2.64,4.0
Hg-O-Rh,2,1.89,0.7212489168102785,1.38,2.4,3.0
Hg-O-Rh-S,2,1.73,0.7495331880577404,1.2,2.26,4.0
Hg-O-Ru,2,1.81,0.834386001800126,1.22,2.4,3.0
Hg-O-Ru-S,2,1.69,0.8626702730475878,1.08,2.3,4.0
Hg-O-S-Sb,2,1.21,0.5515432893255071,0.82,1.6,4.0
Hg-O-S-Sc,2,1.41,0.7495331880577404,0.88,1.94,4.0
Hg-O-S-Si,2,1.8,1.0465180361560904,1.06,2.54,4.0
Hg-O-S-Sn,2,1.03,0.29698484809835,0.82,1.24,4.0
Hg-O-S-Sr,2,1.6099999999999999,0.3818376618407355,1.34,1.88,4.0
Hg-O-S-Ta,2,1.3499999999999999,1.4566399692442877,0.32,2.38,4.0
Hg-O-S-Te,2,1.4100000000000001,0.608111831820431,0.98,1.84,4.0
Hg-O-S-Ti,2,1.44,1.1596551211459378,0.62,2.26,4.0
Hg-O-S-Tl,2,1.3599999999999999,0.3111269837220811,1.14,1.58,4.0
Hg-O-S-V,2,1.3,1.0182337649086286,0.58,2.02,4.0
Hg-O-S-W,2,1.6300000000000001,1.3717871555019023,0.66,2.6,4.0
Hg-O-S-Y,2,1.25,0.4384062043356595,0.94,1.56,4.0
Hg-O-S-Zn,2,1.21,0.09899494936611673,1.14,1.28,4.0
Hg-O-S-Zr,2,1.4300000000000002,1.0889444430272832,0.66,2.2,4.0
Hg-O-Sb,2,1.0899999999999999,0.4101219330881974,0.8,1.38,3.0
Hg-O-Sc,2,1.56,0.6222539674441617,1.12,2.0,3.0
Hg-O-Si,2,1.5899999999999999,1.0040916292848974,0.88,2.3,3.0
Hg-O-Sn,2,1.15,0.4949747468305831,0.8,1.5,3.0
Hg-O-Sr,2,1.46,0.48083261120685217,1.12,1.8,3.0
Hg-O-Ta,2,0.76,0.9616652224137046,0.08,1.44,3.0
Hg-O-Te,2,1.33,0.3818376618407357,1.06,1.6,3.0
Hg-O-Ti,2,1.45,1.2586500705120545,0.56,2.34,3.0
Hg-O-Tl,2,1.7,0.0,1.7,1.7,3.0
Hg-O-V,2,1.23,1.0606601717798212,0.48,1.98,3.0
Hg-O-W,2,1.06,0.9333809511662426,0.4,1.72,3.0
Hg-O-Y,2,1.4300000000000002,0.24041630560342614,1.26,1.6,3.0
Hg-O-Zn,2,1.73,0.2969848480983499,1.52,1.94,3.0
Hg-O-Zr,2,1.08,0.6505382386916237,0.62,1.54,3.0
In-Ir-N,2,1.52,0.28284271247461895,1.32,1.72,3.0
In-Ir-O,2,1.2,0.25455844122715704,1.02,1.38,3.0
In-Ir-O-S,2,1.08,0.05656854249492385,1.04,1.12,4.0
In-K-N,2,2.87,0.8343860018001263,2.28,3.46,3.0
In-K-O,2,1.46,1.0465180361560904,0.72,2.2,3.0
In-K-O-S,2,1.9500000000000002,0.9758073580374356,1.26,2.64,4.0
In-La-N,2,1.6600000000000001,0.622253967444162,1.22,2.1,3.0
In-La-O,2,0.65,0.6363961030678927,0.2,1.1,3.0
In-La-O-S,2,0.61,0.21213203435596428,0.46,0.76,4.0
In-Li-N,2,2.5700000000000003,0.12727922061357883,2.48,2.66,3.0
In-Li-O,2,1.17,0.014142135623730963,1.16,1.18,3.0
In-Li-O-S,2,1.12,0.02828427124746169,1.1,1.14,4.0
In-Mg-N,2,1.97,0.014142135623730963,1.96,1.98,3.0
In-Mg-O,2,0.99,0.04242640687119289,0.96,1.02,3.0
In-Mg-O-S,2,0.88,0.05656854249492385,0.84,0.92,4.0
In-Mn-N,2,1.43,0.3535533905932738,1.18,1.68,3.0
In-Mn-O,2,0.64,0.5091168824543142,0.28,1.0,3.0
In-Mn-O-S,2,0.78,0.14142135623730948,0.68,0.88,4.0
In-Mo-N,2,1.23,0.5798275605729689,0.82,1.64,3.0
In-Mo-O,2,0.5700000000000001,0.4384062043356594,0.26,0.88,3.0
In-Mo-O-S,2,0.88,0.4525483399593903,0.56,1.2,4.0
In-N-Na,2,2.71,0.5515432893255072,2.32,3.1,3.0
In-N-Nb,2,1.3,0.45254833995939053,0.98,1.62,3.0
In-N-Ni,2,2.1,0.7353910524340095,1.58,2.62,3.0
In-N-O,2,1.3199999999999998,0.08485281374238571,1.26,1.38,3.0
In-N-Os,2,1.51,0.4101219330881976,1.22,1.8,3.0
In-N-Pb,2,2.07,0.3535533905932737,1.82,2.32,3.0
In-N-Pd,2,1.75,0.09899494936611673,1.68,1.82,3.0
In-N-Pt,2,1.65,0.1272792206135786,1.56,1.74,3.0
In-N-Rb,2,3.05,1.0323759005323594,2.32,3.78,3.0
In-N-Re,2,1.7999999999999998,1.414213562373095,0.8,2.8,3.0
In-N-Rh,2,2.0300000000000002,0.8626702730475879,1.42,2.64,3.0
In-N-Ru,2,1.51,0.3818376618407357,1.24,1.78,3.0
In-N-Sb,2,1.81,0.3818376618407357,1.54,2.08,3.0
In-N-Sc,2,1.67,0.12727922061357844,1.58,1.76,3.0
In-N-Si,2,1.67,0.5798275605729691,1.26,2.08,3.0
In-N-Sn,2,1.67,0.09899494936611666,1.6,1.74,3.0
In-N-Sr,2,2.56,0.8485281374238571,1.96,3.16,3.0
In-N-Ta,2,1.22,0.5374011537017762,0.84,1.6,3.0
In-N-Te,2,1.9499999999999997,0.43840620433565947,1.64,2.26,3.0
In-N-Ti,2,1.8399999999999999,0.876812408671319,1.22,2.46,3.0
In-N-Tl,2,2.25,0.3535533905932738,2.0,2.5,3.0
In-N-V,2,1.7,0.8485281374238568,1.1,2.3,3.0
In-N-W,2,1.16,0.6788225099390854,0.68,1.64,3.0
In-N-Y,2,1.7400000000000002,0.16970562748477147,1.62,1.86,3.0
In-N-Zn,2,1.88,0.056568542494923775,1.84,1.92,3.0
In-N-Zr,2,1.3199999999999998,0.22627416997969532,1.16,1.48,3.0
In-Na-O,2,1.32,0.6505382386916237,0.86,1.78,3.0
In-Na-O-S,2,1.23,0.09899494936611673,1.16,1.3,4.0
In-Nb-O,2,0.43999999999999995,0.5374011537017761,0.06,0.82,3.0
In-Nb-O-S,2,0.73,0.5798275605729689,0.32,1.14,4.0
In-Ni-O,2,1.02,0.16970562748477136,0.9,1.14,3.0
In-Ni-O-S,2,0.9299999999999999,0.07071067811865478,0.88,0.98,4.0
In-O-Os,2,1.17,0.35355339059327373,0.92,1.42,3.0
In-O-Os-S,2,1.1600000000000001,0.25455844122715726,0.98,1.34,4.0
In-O-Pb,2,0.8800000000000001,0.282842712474619,0.68,1.08,3.0
In-O-Pb-S,2,0.9299999999999999,0.1555634918610405,0.82,1.04,4.0
In-O-Pd,2,1.3199999999999998,0.2545584412271571,1.14,1.5,3.0
In-O-Pd-S,2,0.97,0.07071067811865478,0.92,1.02,4.0
In-O-Pt,2,1.19,0.04242640687119289,1.16,1.22,3.0
In-O-Pt-S,2,1.0699999999999998,0.09899494936611666,1.0,1.14,4.0
In-O-Rb,2,1.5099999999999998,1.1172287142747448,0.72,2.3,3.0
In-O-Rb-S,2,2.04,0.933380951166243,1.38,2.7,4.0
In-O-Re,2,0.85,0.551543289325507,0.46,1.24,3.0
In-O-Re-S,2,1.05,0.4101219330881976,0.76,1.34,4.0
In-O-Rh,2,1.0699999999999998,0.1838477631085023,0.94,1.2,3.0
In-O-Rh-S,2,0.98,0.028284271247461926,0.96,1.0,4.0
In-O-Ru,2,1.04,0.22627416997969513,0.88,1.2,3.0
In-O-Ru-S,2,1.03,0.09899494936611673,0.96,1.1,4.0
In-O-S-Sb,2,0.79,0.014142135623730963,0.78,0.8,4.0
In-O-S-Sc,2,0.98,0.16970562748477144,0.86,1.1,4.0
In-O-S-Si,2,1.3,0.42426406871192857,1.0,1.6,4.0
In-O-S-Sn,2,0.76,0.08485281374238574,0.7,0.82,4.0
In-O-S-Sr,2,1.3699999999999999,0.7778174593052023,0.82,1.92,4.0
In-O-S-Ta,2,0.71,0.7495331880577404,0.18,1.24,4.0
In-O-S-Te,2,0.94,0.05656854249492373,0.9,0.98,4.0
In-O-S-Ti,2,0.9,0.4808326112068523,0.56,1.24,4.0
In-O-S-Tl,2,1.03,0.07071067811865482,0.98,1.08,4.0
In-O-S-V,2,0.66,0.33941125496954283,0.42,0.9,4.0
In-O-S-W,2,0.97,0.6081118318204308,0.54,1.4,4.0
In-O-S-Y,2,0.83,0.014142135623730963,0.82,0.84,4.0
In-O-S-Zn,2,1.12,0.33941125496954283,0.88,1.36,4.0
In-O-S-Zr,2,1.19,0.7778174593052023,0.64,1.74,4.0
In-O-Sb,2,0.56,0.028284271247461888,0.54,0.58,3.0
In-O-Sc,2,0.61,0.12727922061357852,0.52,0.7,3.0
In-O-Si,2,1.04,0.6505382386916237,0.58,1.5,3.0
In-O-Sn,2,0.64,0.2545584412271571,0.46,0.82,3.0
In-O-Sr,2,0.76,0.45254833995939053,0.44,1.08,3.0
In-O-Ta,2,0.35,0.7212489168102785,-0.16,0.86,3.0
In-O-Te,2,0.81,0.014142135623730845,0.8,0.82,3.0
In-O-Ti,2,0.88,0.9050966799187808,0.24,1.52,3.0
In-O-Tl,2,1.2,0.25455844122715704,1.02,1.38,3.0
In-O-V,2,0.44000000000000006,0.33941125496954283,0.2,0.68,3.0
In-O-W,2,0.64,0.6505382386916237,0.18,1.1,3.0
In-O-Y,2,0.73,0.3535533905932738,0.48,0.98,3.0
In-O-Zn,2,1.1600000000000001,0.14142135623730956,1.06,1.26,3.0
In-O-Zr,2,0.6,0.3676955262170047,0.34,0.86,3.0
Ir-K-N,2,2.2,0.42426406871192873,1.9,2.5,3.0
Ir-K-O,2,1.3699999999999999,0.7778174593052023,0.82,1.92,3.0
Ir-K-O-S,2,2.62,1.8101933598375612,1.34,3.9,4.0
Ir-La-N,2,1.9100000000000001,1.6546298679765212,0.74,3.08,3.0
Ir-La-O,2,1.1400000000000001,0.5091168824543141,0.78,1.5,3.0
Ir-La-O-S,2,1.0,0.19798989873223322,0.86,1.14,4.0
Ir-Li-N,2,2.06,0.2262741699796954,1.9,2.22,3.0
Ir-Li-O,2,1.7,0.8485281374238568,1.1,2.3,3.0
Ir-Li-O-S,2,1.37,0.04242640687119265,1.34,1.4,4.0
Ir-Mg-N,2,2.26,1.0182337649086286,1.54,2.98,3.0
Ir-Mg-O,2,1.3,0.08485281374238578,1.24,1.36,3.0
Ir-Mg-O-S,2,1.12,0.11313708498984763,1.04,1.2,4.0
Ir-Mn-N,2,1.54,0.22627416997969516,1.38,1.7,3.0
Ir-Mn-O,2,1.24,0.33941125496954283,1.0,1.48,3.0
Ir-Mn-O-S,2,1.0699999999999998,0.15556349186104035,0.96,1.18,4.0
Ir-Mo-N,2,1.29,0.12727922061357844,1.2,1.38,3.0
Ir-Mo-O,2,1.43,0.04242640687119289,1.4,1.46,3.0
Ir-Mo-O-S,2,1.4100000000000001,0.18384776310850245,1.28,1.54,4.0
Ir-N-Na,2,1.94,0.22627416997969532,1.78,2.1,3.0
Ir-N-Nb,2,1.21,0.1838477631085023,1.08,1.34,3.0
Ir-N-Ni,2,1.7999999999999998,0.16970562748477133,1.68,1.92,3.0
Ir-N-O,2,2.21,0.01414213562373112,2.2,2.22,3.0
Ir-N-Os,2,1.8599999999999999,0.1414213562373094,1.76,1.96,3.0
Ir-N-Pb,2,1.65,0.41012193308819755,1.36,1.94,3.0
Ir-N-Pd,2,1.75,0.3535533905932738,1.5,2.0,3.0
Ir-N-Pt,2,1.96,0.08485281374238578,1.9,2.02,3.0
Ir-N-Rb,2,3.4400000000000004,2.008183258569795,2.02,4.86,3.0
Ir-N-Re,2,1.9100000000000001,0.4666904755831215,1.58,2.24,3.0
Ir-N-Rh,2,1.79,0.12727922061357844,1.7,1.88,3.0
Ir-N-Ru,2,1.86,0.39597979746446665,1.58,2.14,3.0
Ir-N-Sb,2,1.9,0.5091168824543141,1.54,2.26,3.0
Ir-N-Sc,2,1.2999999999999998,0.22627416997969532,1.14,1.46,3.0
Ir-N-Si,2,1.56,0.05656854249492385,1.52,1.6,3.0
Ir-N-Sn,2,1.49,0.4101219330881976,1.2,1.78,3.0
Ir-N-Sr,2,2.85,1.9091883092036785,1.5,4.2,3.0
Ir-N-Ta,2,1.2799999999999998,0.1414213562373094,1.18,1.38,3.0
Ir-N-Te,2,2.08,0.5374011537017762,1.7,2.46,3.0
Ir-N-Ti,2,1.3599999999999999,0.11313708498984747,1.28,1.44,3.0
Ir-N-Tl,2,2.52,1.2445079348883235,1.64,3.4,3.0
Ir-N-V,2,1.7,0.05656854249492385,1.66,1.74,3.0
Ir-N-W,2,1.17,0.46669047558312143,0.84,1.5,3.0
Ir-N-Y,2,1.95,1.2869343417595163,1.04,2.86,3.0
Ir-N-Zn,2,1.6099999999999999,0.32526911934581204,1.38,1.84,3.0
Ir-N-Zr,2,1.3399999999999999,0.08485281374238571,1.28,1.4,3.0
Ir-Na-O,2,1.94,1.5556349186104046,0.84,3.04,3.0
Ir-Na-O-S,2,1.47,0.268700576850888,1.28,1.66,4.0
Ir-Nb-O,2,1.33,0.15556349186104035,1.22,1.44,3.0
Ir-Nb-O-S,2,1.07,0.551543289325507,0.68,1.46,4.0
Ir-Ni-O,2,1.85,0.2121320343559642,1.7,2.0,3.0
Ir-Ni-O-S,2,1.3199999999999998,0.16970562748477147,1.2,1.44,4.0
Ir-O-Os,2,2.21,0.21213203435596414,2.06,2.36,3.0
Ir-O-Os-S,2,1.67,0.18384776310850245,1.54,1.8,4.0
Ir-O-Pb,2,1.3,0.537401153701776,0.92,1.68,3.0
Ir-O-Pb-S,2,1.2,0.28284271247461895,1.0,1.4,4.0
Ir-O-Pd,2,2.05,0.5798275605729691,1.64,2.46,3.0
Ir-O-Pd-S,2,1.35,0.014142135623730963,1.34,1.36,4.0
Ir-O-Pt,2,2.25,0.3535533905932738,2.0,2.5,3.0
Ir-O-Pt-S,2,1.46,0.08485281374238578,1.4,1.52,4.0
Ir-O-Rb,2,2.2600000000000002,1.9798989873223332,0.86,3.66,3.0
Ir-O-Rb-S,2,2.7199999999999998,1.8384776310850233,1.42,4.02,4.0
Ir-O-Re,2,1.7000000000000002,0.1979898987322334,1.56,1.84,3.0
Ir-O-Re-S,2,1.6,0.2828427124746192,1.4,1.8,4.0
Ir-O-Rh,2,2.06,0.3394112549695427,1.82,2.3,3.0
Ir-O-Rh-S,2,1.35,0.04242640687119265,1.32,1.38,4.0
Ir-O-Ru,2,1.98,0.14142135623730964,1.88,2.08,3.0
Ir-O-Ru-S,2,1.5,0.05656854249492385,1.46,1.54,4.0
Ir-O-S-Sb,2,1.06,0.08485281374238578,1.0,1.12,4.0
Ir-O-S-Sc,2,1.1600000000000001,0.2545584412271571,0.98,1.34,4.0
Ir-O-S-Si,2,1.72,0.05656854249492385,1.68,1.76,4.0
Ir-O-S-Sn,2,1.0699999999999998,0.09899494936611666,1.0,1.14,4.0
Ir-O-S-Sr,2,1.25,0.3535533905932738,1.0,1.5,4.0
Ir-O-S-Ta,2,1.04,0.6788225099390857,0.56,1.52,4.0
Ir-O-S-Te,2,1.3,0.08485281374238578,1.24,1.36,4.0
Ir-O-S-Ti,2,1.29,0.3535533905932738,1.04,1.54,4.0
Ir-O-S-Tl,2,1.28,0.25455844122715704,1.1,1.46,4.0
Ir-O-S-V,2,1.1099999999999999,0.21213203435596437,0.96,1.26,4.0
Ir-O-S-W,2,1.51,0.3535533905932738,1.26,1.76,4.0
Ir-O-S-Y,2,1.1,0.08485281374238554,1.04,1.16,4.0
Ir-O-S-Zn,2,1.4,0.28284271247461906,1.2,1.6,4.0
Ir-O-S-Zr,2,1.22,0.4525483399593904,0.9,1.54,4.0
Ir-O-Sb,2,1.4300000000000002,0.43840620433565947,1.12,1.74,3.0
Ir-O-Sc,2,1.71,0.24041630560342606,1.54,1.88,3.0
Ir-O-Si,2,1.7000000000000002,0.14142135623730956,1.6,1.8,3.0
Ir-O-Sn,2,1.1099999999999999,0.2121320343559642,0.96,1.26,3.0
Ir-O-Sr,2,1.8399999999999999,1.6122034611053284,0.7,2.98,3.0
Ir-O-Ta,2,1.25,0.3535533905932738,1.0,1.5,3.0
Ir-O-Te,2,1.51,0.07071067811865482,1.46,1.56,3.0
Ir-O-Ti,2,1.4100000000000001,0.6363961030678927,0.96,1.86,3.0
Ir-O-Tl,2,1.48,0.5091168824543143,1.12,1.84,3.0
Ir-O-V,2,1.22,0.08485281374238578,1.16,1.28,3.0
Ir-O-W,2,1.53,0.2969848480983499,1.32,1.74,3.0
Ir-O-Y,2,1.6300000000000001,0.8061017305526643,1.06,2.2,3.0
Ir-O-Zn,2,1.35,0.3252691193458118,1.12,1.58,3.0
Ir-O-Zr,2,1.23,0.3252691193458118,1.0,1.46,3.0
K-La-N,2,2.6799999999999997,0.5091168824543142,2.32,3.04,3.0
K-La-O,2,1.18,0.6788225099390857,0.7,1.66,3.0
K-La-O-S,2,1.8,0.5656854249492382,1.4,2.2,4.0
K-Li-N,2,3.26,0.0848528137423853,3.2,3.32,3.0
K-Li-O,2,2.16,0.5374011537017762,1.78,2.54,3.0
K-Li-O-S,2,2.6399999999999997,0.5374011537017764,2.26,3.02,4.0
K-Mg-N,2,3.36,0.9333809511662423,2.7,4.02,3.0
K-Mg-O,2,1.7,1.103086578651014,0.92,2.48,3.0
K-Mg-O-S,2,2.32,0.9050966799187808,1.68,2.96,4.0
K-Mn-N,2,3.01,1.711198410471445,1.8,4.22,3.0
K-Mn-O,2,1.4,1.5273506473629426,0.32,2.48,3.0
K-Mn-O-S,2,1.97,1.2869343417595163,1.06,2.88,4.0
K-Mo-N,2,2.76,2.1213203435596424,1.26,4.26,3.0
K-Mo-O,2,0.67,1.2586500705120547,-0.22,1.56,3.0
K-Mo-O-S,2,2.04,1.8384776310850235,0.74,3.34,4.0
K-N-Na,2,3.36,0.1131370849898477,3.28,3.44,3.0
K-N-Nb,2,1.92,0.7353910524340095,1.4,2.44,3.0
K-N-Ni,2,3.33,1.5414927829866734,2.24,4.42,3.0
K-N-O,2,3.05,1.0606601717798212,2.3,3.8,3.0
K-N-Os,2,2.04,0.7636753236814714,1.5,2.58,3.0
K-N-Pb,2,2.48,0.1131370849898477,2.4,2.56,3.0
K-N-Pd,2,2.5,0.1131370849898477,2.42,2.58,3.0
K-N-Pt,2,3.41,1.654629867976521,2.24,4.58,3.0
K-N-Rb,2,3.91,0.43840620433565936,3.6,4.22,3.0
K-N-Re,2,2.88,2.5173001410241094,1.1,4.66,3.0
K-N-Rh,2,3.32,1.6970562748477136,2.12,4.52,3.0
K-N-Ru,2,3.21,1.965756851698602,1.82,4.6,3.0
K-N-Sb,2,2.9299999999999997,1.2869343417595165,2.02,3.84,3.0
K-N-Sc,2,3.04,1.2162236636408617,2.18,3.9,3.0
K-N-Si,2,2.37,0.5515432893255071,1.98,2.76,3.0
K-N-Sn,2,2.77,1.0323759005323594,2.04,3.5,3.0
K-N-Sr,2,3.46,0.4808326112068521,3.12,3.8,3.0
K-N-Ta,2,1.8199999999999998,0.7919595949289332,1.26,2.38,3.0
K-N-Te,2,3.12,1.4142135623730951,2.12,4.12,3.0
K-N-Ti,2,3.04,1.8384776310850235,1.74,4.34,3.0
K-N-Tl,2,3.3200000000000003,0.8768124086713186,2.7,3.94,3.0
K-N-V,2,2.9400000000000004,2.064751801064719,1.48,4.4,3.0
K-N-W,2,1.74,0.9333809511662426,1.08,2.4,3.0
K-N-Y,2,2.8,0.9333809511662425,2.14,3.46,3.0
K-N-Zn,2,3.2199999999999998,0.9333809511662425,2.56,3.88,3.0
K-N-Zr,2,2.07,0.5232590180780451,1.7,2.44,3.0
K-Na-O,2,2.02,0.28284271247461906,1.82,2.22,3.0
K-Na-O-S,2,2.62,0.2545584412271572,2.44,2.8,4.0
K-Nb-O,2,0.55,1.3717871555019021,-0.42,1.52,3.0
K-Nb-O-S,2,1.8699999999999999,1.965756851698602,0.48,3.26,4.0
K-Ni-O,2,2.1,1.4990663761154808,1.04,3.16,3.0
K-Ni-O-S,2,2.46,1.3859292911256331,1.48,3.44,4.0
K-O-Os,2,1.25,1.0606601717798212,0.5,2.0,3.0
K-O-Os-S,2,1.5699999999999998,0.5798275605729691,1.16,1.98,4.0
K-O-Pb,2,1.42,0.8485281374238571,0.82,2.02,3.0
K-O-Pb-S,2,1.94,0.7636753236814714,1.4,2.48,4.0
K-O-Pd,2,1.9700000000000002,1.0889444430272834,1.2,2.74,3.0
K-O-Pd-S,2,2.42,1.1879393923933996,1.58,3.26,4.0
K-O-Pt,2,1.4500000000000002,0.5232590180780451,1.08,1.82,3.0
K-O-Pt-S,2,2.58,1.470782104868019,1.54,3.62,4.0
K-O-Rb,2,1.95,0.09899494936611673,1.88,2.02,3.0
K-O-Rb-S,2,2.67,0.07071067811865465,2.62,2.72,4.0
K-O-Re,2,0.9,1.3576450198781713,-0.06,1.86,3.0
K-O-Re-S,2,2.37,2.0506096654409878,0.92,3.82,4.0
K-O-Rh,2,1.32,0.6222539674441617,0.88,1.76,3.0
K-O-Rh-S,2,2.45,1.5132085117392116,1.38,3.52,4.0
K-O-Ru,2,1.23,0.862670273047588,0.62,1.84,3.0
K-O-Ru-S,2,2.48,1.753624817342638,1.24,3.72,4.0
K-O-S-Sb,2,1.8,1.2445079348883237,0.92,2.68,4.0
K-O-S-Sc,2,2.1,1.2445079348883235,1.22,2.98,4.0
K-O-S-Si,2,2.47,1.6546298679765215,1.3,3.64,4.0
K-O-S-Sn,2,1.83,1.0889444430272832,1.06,2.6,4.0
K-O-S-Sr,2,2.1399999999999997,0.3111269837220807,1.92,2.36,4.0
K-O-S-Ta,2,1.88,2.206173157302028,0.32,3.44,4.0
K-O-S-Te,2,1.93,1.3717871555019021,0.96,2.9,4.0
K-O-S-Ti,2,2.06,1.8101933598375617,0.78,3.34,4.0
K-O-S-Tl,2,2.02,0.6788225099390857,1.54,2.5,4.0
K-O-S-V,2,2.09,1.9940411229460637,0.68,3.5,4.0
K-O-S-W,2,2.17,2.07889393668845,0.7,3.64,4.0
K-O-S-Y,2,1.9300000000000002,0.9758073580374356,1.24,2.62,4.0
K-O-S-Zn,2,2.42,1.0465180361560904,1.68,3.16,4.0
K-O-S-Zr,2,2.0100000000000002,1.6829141392239833,0.82,3.2,4.0
K-O-Sb,2,1.24,1.5273506473629426,0.16,2.32,3.0
K-O-Sc,2,1.62,1.3859292911256331,0.64,2.6,3.0
K-O-Si,2,1.36,1.1313708498984762,0.56,2.16,3.0
K-O-Sn,2,1.22,1.2445079348883237,0.34,2.1,3.0
K-O-Sr,2,1.49,0.268700576850888,1.3,1.68,3.0
K-O-Ta,2,0.42,1.4990663761154808,-0.64,1.48,3.0
K-O-Te,2,1.47,1.5414927829866736,0.38,2.56,3.0
K-O-Ti,2,0.94,1.103086578651014,0.16,1.72,3.0
K-O-Tl,2,1.7199999999999998,0.7919595949289332,1.16,2.28,3.0
K-O-V,2,1.26,1.9798989873223332,-0.14,2.66,3.0
K-O-W,2,0.6699999999999999,1.4000714267493641,-0.32,1.66,3.0
K-O-Y,2,1.09,0.5798275605729689,0.68,1.5,3.0
K-O-Zn,2,1.87,1.0606601717798212,1.12,2.62,3.0
K-O-Zr,2,0.8700000000000001,1.0606601717798214,0.12,1.62,3.0
La-Li-N,2,2.2199999999999998,0.4808326112068526,1.88,2.56,3.0
La-Li-O,2,1.01,0.2969848480983499,0.8,1.22,3.0
La-Li-O-S,2,1.51,0.2969848480983499,1.3,1.72,4.0
La-Mg-N,2,1.96,0.6788225099390857,1.48,2.44,3.0
La-Mg-O,2,0.8200000000000001,0.6788225099390857,0.34,1.3,3.0
La-Mg-O-S,2,0.9199999999999999,0.08485281374238567,0.86,0.98,4.0
La-Mn-N,2,1.47,1.3152186130069783,0.54,2.4,3.0
La-Mn-O,2,0.32,0.6222539674441618,-0.12,0.76,3.0
La-Mn-O-S,2,0.67,0.3252691193458119,0.44,0.9,4.0
La-Mo-N,2,0.79,1.0889444430272832,0.02,1.56,3.0
La-Mo-O,2,1.1800000000000002,0.9050966799187808,0.54,1.82,3.0
La-Mo-O-S,2,0.8200000000000001,0.42426406871192857,0.52,1.12,4.0
La-N-Na,2,2.2,0.33941125496954266,1.96,2.44,3.0
La-N-Nb,2,0.91,0.9475230867899738,0.24,1.58,3.0
La-N-Ni,2,1.79,1.2303657992645929,0.92,2.66,3.0
La-N-O,2,0.8999999999999999,0.3394112549695428,0.66,1.14,3.0
La-N-Os,2,1.04,0.8485281374238569,0.44,1.64,3.0
La-N-Pb,2,1.5,0.08485281374238578,1.44,1.56,3.0
La-N-Pd,2,1.8399999999999999,0.9333809511662428,1.18,2.5,3.0
La-N-Pt,2,1.91,1.2020815280171306,1.06,2.76,3.0
La-N-Rb,2,2.7199999999999998,0.5091168824543145,2.36,3.08,3.0
La-N-Re,2,1.51,2.1637467504308354,-0.02,3.04,3.0
La-N-Rh,2,1.81,1.2586500705120547,0.92,2.7,3.0
La-N-Ru,2,1.1,0.6222539674441618,0.66,1.54,3.0
La-N-Sb,2,1.4000000000000001,1.0465180361560906,0.66,2.14,3.0
La-N-Sc,2,1.56,0.9050966799187811,0.92,2.2,3.0
La-N-Si,2,1.29,1.0889444430272832,0.52,2.06,3.0
La-N-Sn,2,1.43,0.7778174593052023,0.88,1.98,3.0
La-N-Sr,2,2.2,0.2828427124746188,2.0,2.4,3.0
La-N-Ta,2,0.9199999999999999,1.0465180361560904,0.18,1.66,3.0
La-N-Te,2,1.54,1.0465180361560902,0.8,2.28,3.0
La-N-Ti,2,1.06,0.9050966799187808,0.42,1.7,3.0
La-N-Tl,2,1.9,0.3394112549695429,1.66,2.14,3.0
La-N-V,2,1.34,1.5839191898578664,0.22,2.46,3.0
La-N-W,2,0.71,1.2020815280171309,-0.14,1.56,3.0
La-N-Y,2,1.44,0.4525483399593904,1.12,1.76,3.0
La-N-Zn,2,1.8399999999999999,0.8485281374238569,1.24,2.44,3.0
La-N-Zr,2,0.95,0.6363961030678927,0.5,1.4,3.0
La-Na-O,2,0.94,0.05656854249492373,0.9,0.98,3.0
La-Na-O-S,2,1.5899999999999999,0.09899494936611666,1.52,1.66,4.0
La-Nb-O,2,0.57,0.5798275605729689,0.16,0.98,3.0
La-Nb-O-S,2,0.9099999999999999,0.4101219330881976,0.62,1.2,4.0
La-Ni-O,2,0.8,0.6222539674441618,0.36,1.24,3.0
La-Ni-O-S,2,0.84,0.4242640687119284,0.54,1.14,4.0
La-O-Os,2,1.21,0.5798275605729691,0.8,1.62,3.0
La-O-Os-S,2,1.07,0.3818376618407357,0.8,1.34,4.0
La-O-Pb,2,0.75,0.12727922061357852,0.66,0.84,3.0
La-O-Pb-S,2,0.96,0.19798989873223335,0.82,1.1,4.0
La-O-Pd,2,1.19,0.6646803743153546,0.72,1.66,3.0
La-O-Pd-S,2,0.78,0.14142135623730948,0.68,0.88,4.0
La-O-Pt,2,1.42,0.8202438661763952,0.84,2.0,3.0
La-O-Pt-S,2,0.88,0.16970562748477142,0.76,1.0,4.0
La-O-Rb,2,1.22,0.8202438661763952,0.64,1.8,3.0
La-O-Rb-S,2,1.89,0.7212489168102785,1.38,2.4,4.0
La-O-Re,2,1.01,0.6363961030678927,0.56,1.46,3.0
La-O-Re-S,2,1.03,0.5232590180780451,0.66,1.4,4.0
La-O-Rh,2,0.98,0.42426406871192845,0.68,1.28,3.0
La-O-Rh-S,2,0.86,0.16970562748477142,0.74,0.98,4.0
La-O-Ru,2,0.99,0.49497474683058335,0.64,1.34,3.0
La-O-Ru-S,2,0.8700000000000001,0.32526911934581193,0.64,1.1,4.0
La-O-S-Sb,2,0.8,0.16970562748477142,0.68,0.92,4.0
La-O-S-Sc,2,0.83,0.5232590180780451,0.46,1.2,4.0
La-O-S-Si,2,1.08,0.565685424949238,0.68,1.48,4.0
La-O-S-Sn,2,0.71,0.15556349186104043,0.6,0.82,4.0
La-O-S-Sr,2,1.08,0.282842712474619,0.88,1.28,4.0
La-O-S-Ta,2,1.01,0.49497474683058335,0.66,1.36,4.0
La-O-S-Te,2,0.94,0.0,0.94,0.94,4.0
La-O-S-Ti,2,0.85,0.5232590180780452,0.48,1.22,4.0
La-O-S-Tl,2,1.15,0.07071067811865459,1.1,1.2,4.0
La-O-S-V,2,0.71,0.6363961030678927,0.26,1.16,4.0
La-O-S-W,2,1.03,0.4101219330881976,0.74,1.32,4.0
La-O-S-Y,2,0.8400000000000001,0.311126983722081,0.62,1.06,4.0
La-O-S-Zn,2,0.8500000000000001,0.0707106781186547,0.8,0.9,4.0
La-O-S-Zr,2,0.85,0.5232590180780452,0.48,1.22,4.0
La-O-Sb,2,0.7,0.08485281374238574,0.64,0.76,3.0
La-O-Sc,2,0.54,0.6505382386916237,0.08,1.0,3.0
La-O-Si,2,1.0,0.7353910524340095,0.48,1.52,3.0
La-O-Sn,2,0.58,0.1697056274847714,0.46,0.7,3.0
La-O-Sr,2,0.7,0.11313708498984766,0.62,0.78,3.0
La-O-Ta,2,0.53,0.6646803743153546,0.06,1.0,3.0
La-O-Te,2,0.8799999999999999,0.08485281374238567,0.82,0.94,3.0
La-O-Ti,2,0.59,0.8061017305526641,0.02,1.16,3.0
La-O-Tl,2,0.84,0.19798989873223333,0.7,0.98,3.0
La-O-V,2,0.39,0.6929646455628166,-0.1,0.88,3.0
La-O-W,2,0.8400000000000001,0.6222539674441618,0.4,1.28,3.0
La-O-Y,2,0.52,0.36769552621700474,0.26,0.78,3.0
La-O-Zn,2,0.95,0.7212489168102785,0.44,1.46,3.0
La-O-Zr,2,0.52,0.5374011537017761,0.14,0.9,3.0
Li-Mg-N,2,2.94,0.028284271247461926,2.92,2.96,3.0
Li-Mg-O,2,1.42,0.1414213562373094,1.32,1.52,3.0
Li-Mg-O-S,2,1.56,0.565685424949238,1.16,1.96,4.0
Li-Mn-N,2,2.21,0.806101730552664,1.64,2.78,3.0
Li-Mn-O,2,0.99,0.7778174593052023,0.44,1.54,3.0
Li-Mn-O-S,2,1.06,0.028284271247461926,1.04,1.08,4.0
Li-Mo-N,2,1.7200000000000002,0.6505382386916237,1.26,2.18,3.0
Li-Mo-O,2,0.81,1.0040916292848974,0.1,1.52,3.0
Li-Mo-O-S,2,1.4500000000000002,0.9475230867899738,0.78,2.12,4.0
Li-N-Na,2,2.8600000000000003,0.16970562748477108,2.74,2.98,3.0
Li-N-Nb,2,1.84,0.45254833995939053,1.52,2.16,3.0
Li-N-Ni,2,2.02,0.16970562748477155,1.9,2.14,3.0
Li-N-O,2,2.62,0.6505382386916236,2.16,3.08,3.0
Li-N-Os,2,1.94,0.6505382386916236,1.48,2.4,3.0
Li-N-Pb,2,2.66,0.05656854249492385,2.62,2.7,3.0
Li-N-Pd,2,2.6799999999999997,0.4525483399593903,2.36,3.0,3.0
Li-N-Pt,2,2.63,0.6363961030678928,2.18,3.08,3.0
Li-N-Rb,2,3.7300000000000004,0.7212489168102786,3.22,4.24,3.0
Li-N-Re,2,2.01,1.3152186130069785,1.08,2.94,3.0
Li-N-Rh,2,2.1399999999999997,0.16970562748477142,2.02,2.26,3.0
Li-N-Ru,2,2.04,0.3959797974644666,1.76,2.32,3.0
Li-N-Sb,2,2.35,0.4384062043356595,2.04,2.66,3.0
Li-N-Sc,2,2.3499999999999996,0.014142135623730807,2.34,2.36,3.0
Li-N-Si,2,1.83,0.15556349186104051,1.72,1.94,3.0
Li-N-Sn,2,2.41,0.3252691193458118,2.18,2.64,3.0
Li-N-Sr,2,3.16,0.45254833995939064,2.84,3.48,3.0
Li-N-Ta,2,1.75,0.551543289325507,1.36,2.14,3.0
Li-N-Te,2,2.48,0.4808326112068521,2.14,2.82,3.0
Li-N-Ti,2,2.19,0.5798275605729691,1.78,2.6,3.0
Li-N-Tl,2,2.95,0.04242640687119305,2.92,2.98,3.0
Li-N-V,2,2.0700000000000003,0.8061017305526644,1.5,2.64,3.0
Li-N-W,2,1.82,1.0748023074035522,1.06,2.58,3.0
Li-N-Y,2,2.2199999999999998,0.22627416997969493,2.06,2.38,3.0
Li-N-Zn,2,2.7,0.42426406871192873,2.4,3.0,3.0
Li-N-Zr,2,1.9900000000000002,0.1838477631085023,1.86,2.12,3.0
Li-Na-O,2,1.95,0.523259018078045,1.58,2.32,3.0
Li-Na-O-S,2,1.9900000000000002,0.2121320343559642,1.84,2.14,4.0
Li-Nb-O,2,0.5499999999999999,0.8626702730475879,-0.06,1.16,3.0
Li-Nb-O-S,2,1.23,0.9192388155425116,0.58,1.88,4.0
Li-Ni-O,2,1.6099999999999999,0.6081118318204308,1.18,2.04,3.0
Li-Ni-O-S,2,1.3,0.05656854249492385,1.26,1.34,4.0
Li-O-Os,2,1.25,0.6646803743153546,0.78,1.72,3.0
Li-O-Os-S,2,1.27,0.1272792206135787,1.18,1.36,4.0
Li-O-Pb,2,1.35,0.09899494936611666,1.28,1.42,3.0
Li-O-Pb-S,2,1.55,0.268700576850888,1.36,1.74,4.0
Li-O-Pd,2,1.73,0.4666904755831215,1.4,2.06,3.0
Li-O-Pd-S,2,1.4100000000000001,0.1272792206135786,1.32,1.5,4.0
Li-O-Pt,2,1.88,0.5939696961966998,1.46,2.3,3.0
Li-O-Pt-S,2,1.48,0.16970562748477147,1.36,1.6,4.0
Li-O-Rb,2,2.15,0.4949747468305831,1.8,2.5,3.0
Li-O-Rb-S,2,2.7,0.5374011537017761,2.32,3.08,4.0
Li-O-Re,2,1.08,1.2445079348883235,0.2,1.96,3.0
Li-O-Re-S,2,1.71,1.1172287142747452,0.92,2.5,4.0
Li-O-Rh,2,1.62,0.7071067811865476,1.12,2.12,3.0
Li-O-Rh-S,2,1.3599999999999999,0.11313708498984747,1.28,1.44,4.0
Li-O-Ru,2,1.51,0.8343860018001261,0.92,2.1,3.0
Li-O-Ru-S,2,1.29,0.014142135623730963,1.28,1.3,4.0
Li-O-S-Sb,2,1.2,0.33941125496954283,0.96,1.44,4.0
Li-O-S-Sc,2,1.6400000000000001,0.25455844122715726,1.46,1.82,4.0
Li-O-S-Si,2,1.4100000000000001,0.2404163056034263,1.24,1.58,4.0
Li-O-S-Sn,2,1.14,0.0,1.14,1.14,4.0
Li-O-S-Sr,2,1.87,0.3535533905932738,1.62,2.12,4.0
Li-O-S-Ta,2,0.81,0.5798275605729689,0.4,1.22,4.0
Li-O-S-Te,2,1.1400000000000001,0.056568542494923775,1.1,1.18,4.0
Li-O-S-Ti,2,1.05,0.21213203435596426,0.9,1.2,4.0
Li-O-S-Tl,2,1.66,0.31112698372208086,1.44,1.88,4.0
Li-O-S-V,2,0.89,0.24041630560342622,0.72,1.06,4.0
Li-O-S-W,2,1.4899999999999998,1.117228714274745,0.7,2.28,4.0
Li-O-S-Y,2,1.27,0.3535533905932738,1.02,1.52,4.0
Li-O-S-Zn,2,1.38,0.056568542494923615,1.34,1.42,4.0
Li-O-S-Zr,2,1.31,0.6081118318204309,0.88,1.74,4.0
Li-O-Sb,2,0.77,0.4666904755831215,0.44,1.1,3.0
Li-O-Sc,2,1.13,0.15556349186104051,1.02,1.24,3.0
Li-O-Si,2,1.1099999999999999,0.806101730552664,0.54,1.68,3.0
Li-O-Sn,2,0.92,0.2828427124746191,0.72,1.12,3.0
Li-O-Sr,2,1.5,0.537401153701776,1.12,1.88,3.0
Li-O-Ta,2,0.22,0.7636753236814714,-0.32,0.76,3.0
Li-O-Te,2,0.97,0.3252691193458118,0.74,1.2,3.0
Li-O-Ti,2,0.79,0.551543289325507,0.4,1.18,3.0
Li-O-Tl,2,1.65,0.04242640687119265,1.62,1.68,3.0
Li-O-V,2,0.87,0.9758073580374356,0.18,1.56,3.0
Li-O-W,2,0.77,1.0889444430272832,0.0,1.54,3.0
Li-O-Y,2,1.1099999999999999,0.07071067811865459,1.06,1.16,3.0
Li-O-Zn,2,1.67,0.2969848480983499,1.46,1.88,3.0
Li-O-Zr,2,0.74,0.33941125496954283,0.5,0.98,3.0
Mg-Mn-N,2,1.92,0.7919595949289332,1.36,2.48,3.0
Mg-Mn-O,2,0.38,0.31112698372208086,0.16,0.6,3.0
Mg-Mn-O-S,2,1.17,0.5798275605729691,0.76,1.58,4.0
Mg-Mo-N,2,1.4100000000000001,0.6081118318204308,0.98,1.84,3.0
Mg-Mo-O,2,0.8099999999999999,0.551543289325507,0.42,1.2,3.0
Mg-Mo-O-S,2,1.29,0.7778174593052023,0.74,1.84,4.0
Mg-N-Na,2,2.66,0.1131370849898477,2.58,2.74,3.0
Mg-N-Nb,2,1.45,0.4384062043356595,1.14,1.76,3.0
Mg-N-Ni,2,2.35,0.7778174593052021,1.8,2.9,3.0
Mg-N-O,2,1.88,0.5656854249492379,1.48,2.28,3.0
Mg-N-Os,2,1.6099999999999999,0.2404163056034263,1.44,1.78,3.0
Mg-N-Pb,2,2.12,0.028284271247461926,2.1,2.14,3.0
Mg-N-Pd,2,2.35,0.5232590180780453,1.98,2.72,3.0
Mg-N-Pt,2,2.33,0.7495331880577402,1.8,2.86,3.0
Mg-N-Rb,2,3.46,1.0465180361560906,2.72,4.2,3.0
Mg-N-Re,2,1.93,1.4000714267493641,0.94,2.92,3.0
Mg-N-Rh,2,2.23,0.7778174593052021,1.68,2.78,3.0
Mg-N-Ru,2,2.1799999999999997,0.9899494936611662,1.48,2.88,3.0
Mg-N-Sb,2,2.03,0.3252691193458116,1.8,2.26,3.0
Mg-N-Sc,2,2.13,0.07071067811865497,2.08,2.18,3.0
Mg-N-Si,2,2.2199999999999998,1.1596551211459383,1.4,3.04,3.0
Mg-N-Sn,2,1.9300000000000002,0.1272792206135786,1.84,2.02,3.0
Mg-N-Sr,2,2.9299999999999997,0.8626702730475883,2.32,3.54,3.0
Mg-N-Ta,2,1.47,0.4384062043356595,1.16,1.78,3.0
Mg-N-Te,2,2.1799999999999997,0.3959797974644665,1.9,2.46,3.0
Mg-N-Ti,2,1.6400000000000001,0.19798989873223324,1.5,1.78,3.0
Mg-N-Tl,2,2.65,0.3252691193458118,2.42,2.88,3.0
Mg-N-V,2,1.8900000000000001,0.8909545442950499,1.26,2.52,3.0
Mg-N-W,2,1.32,0.7353910524340095,0.8,1.84,3.0
Mg-N-Y,2,2.0100000000000002,0.32526911934581204,1.78,2.24,3.0
Mg-N-Zn,2,2.51,0.21213203435596428,2.36,2.66,3.0
Mg-N-Zr,2,1.68,0.0,1.68,1.68,3.0
Mg-Na-O,2,1.48,0.5939696961966998,1.06,1.9,3.0
Mg-Na-O-S,2,2.03,0.46669047558312127,1.7,2.36,4.0
Mg-Nb-O,2,0.63,0.21213203435596428,0.48,0.78,3.0
Mg-Nb-O-S,2,0.9199999999999999,0.31112698372208086,0.7,1.14,4.0
Mg-Ni-O,2,1.22,0.5374011537017762,0.84,1.6,3.0
Mg-Ni-O-S,2,0.95,0.0707106781186547,0.9,1.0,4.0
Mg-O-Os,2,1.23,0.24041630560342606,1.06,1.4,3.0
Mg-O-Os-S,2,1.3599999999999999,0.45254833995939026,1.04,1.68,4.0
Mg-O-Pb,2,1.01,0.26870057685088805,0.82,1.2,3.0
Mg-O-Pb-S,2,1.21,0.04242640687119289,1.18,1.24,4.0
Mg-O-Pd,2,1.34,0.33941125496954283,1.1,1.58,3.0
Mg-O-Pd-S,2,1.1400000000000001,0.28284271247461906,0.94,1.34,4.0
Mg-O-Pt,2,1.46,0.5091168824543141,1.1,1.82,3.0
Mg-O-Pt-S,2,1.17,0.24041630560342614,1.0,1.34,4.0
Mg-O-Rb,2,1.8,0.9616652224137046,1.12,2.48,3.0
Mg-O-Rb-S,2,2.35,0.8909545442950498,1.72,2.98,4.0
Mg-O-Re,2,1.18,0.7919595949289332,0.62,1.74,3.0
Mg-O-Re-S,2,1.09,0.26870057685088805,0.9,1.28,4.0
Mg-O-Rh,2,1.3,0.565685424949238,0.9,1.7,3.0
Mg-O-Rh-S,2,1.0699999999999998,0.18384776310850245,0.94,1.2,4.0
Mg-O-Ru,2,1.3599999999999999,0.48083261120685217,1.02,1.7,3.0
Mg-O-Ru-S,2,1.06,0.028284271247461926,1.04,1.08,4.0
Mg-O-S-Sb,2,0.9199999999999999,0.028284271247461888,0.9,0.94,4.0
Mg-O-S-Sc,2,1.18,0.4525483399593905,0.86,1.5,4.0
Mg-O-S-Si,2,1.16,0.36769552621700463,0.9,1.42,4.0
Mg-O-S-Sn,2,1.08,0.3111269837220809,0.86,1.3,4.0
Mg-O-S-Sr,2,1.17,0.07071067811865459,1.12,1.22,4.0
Mg-O-S-Ta,2,1.08,0.4808326112068524,0.74,1.42,4.0
Mg-O-S-Te,2,1.08,0.028284271247461926,1.06,1.1,4.0
Mg-O-S-Ti,2,0.8,0.42426406871192857,0.5,1.1,4.0
Mg-O-S-Tl,2,1.27,0.15556349186104051,1.16,1.38,4.0
Mg-O-S-V,2,0.71,0.2687005768508881,0.52,0.9,4.0
Mg-O-S-W,2,1.1800000000000002,0.5374011537017761,0.8,1.56,4.0
Mg-O-S-Y,2,1.02,0.1979898987322333,0.88,1.16,4.0
Mg-O-S-Zn,2,1.27,0.5232590180780451,0.9,1.64,4.0
Mg-O-S-Zr,2,1.05,0.6363961030678928,0.6,1.5,4.0
Mg-O-Sb,2,0.83,0.15556349186104043,0.72,0.94,3.0
Mg-O-Sc,2,0.8200000000000001,0.11313708498984766,0.74,0.9,3.0
Mg-O-Si,2,1.1600000000000001,1.2445079348883235,0.28,2.04,3.0
Mg-O-Sn,2,0.5,0.25455844122715715,0.32,0.68,3.0
Mg-O-Sr,2,1.21,0.8626702730475881,0.6,1.82,3.0
Mg-O-Ta,2,0.5900000000000001,0.29698484809835,0.38,0.8,3.0
Mg-O-Te,2,0.9299999999999999,0.3252691193458118,0.7,1.16,3.0
Mg-O-Ti,2,0.4,0.5374011537017761,0.02,0.78,3.0
Mg-O-Tl,2,1.3399999999999999,0.2545584412271571,1.16,1.52,3.0
Mg-O-V,2,0.55,0.7495331880577404,0.02,1.08,3.0
Mg-O-W,2,0.63,0.29698484809834996,0.42,0.84,3.0
Mg-O-Y,2,0.9199999999999999,0.33941125496954266,0.68,1.16,3.0
Mg-O-Zn,2,1.15,0.24041630560342614,0.98,1.32,3.0
Mg-O-Zr,2,0.35000000000000003,0.29698484809834996,0.14,0.56,3.0
Mn-Mo-N,2,0.8400000000000001,0.25455844122715715,0.66,1.02,3.0
Mn-Mo-O,2,0.62,0.33941125496954283,0.38,0.86,3.0
Mn-Mo-O-S,2,0.8500000000000001,0.29698484809835,0.64,1.06,4.0
Mn-N-Na,2,1.85,0.3535533905932738,1.6,2.1,3.0
Mn-N-Nb,2,0.9099999999999999,0.0989949493661167,0.84,0.98,3.0
Mn-N-Ni,2,1.54,0.16970562748477147,1.42,1.66,3.0
Mn-N-O,2,0.88,0.14142135623730948,0.78,0.98,3.0
Mn-N-Os,2,1.43,0.07071067811865482,1.38,1.48,3.0
Mn-N-Pb,2,1.54,0.5091168824543143,1.18,1.9,3.0
Mn-N-Pd,2,1.6099999999999999,0.0989949493661165,1.54,1.68,3.0
Mn-N-Pt,2,1.6400000000000001,0.1414213562373094,1.54,1.74,3.0
Mn-N-Rb,2,2.2800000000000002,0.5091168824543142,1.92,2.64,3.0
Mn-N-Re,2,1.35,0.6363961030678928,0.9,1.8,3.0
Mn-N-Rh,2,1.44,0.16970562748477147,1.32,1.56,3.0
Mn-N-Ru,2,1.23,0.1272792206135787,1.14,1.32,3.0
Mn-N-Sb,2,1.52,0.31112698372208086,1.3,1.74,3.0
Mn-N-Sc,2,1.1199999999999999,0.3959797974644666,0.84,1.4,3.0
Mn-N-Si,2,1.0899999999999999,0.07071067811865459,1.04,1.14,3.0
Mn-N-Sn,2,1.25,0.2969848480983499,1.04,1.46,3.0
Mn-N-Sr,2,2.8000000000000003,2.036467529817257,1.36,4.24,3.0
Mn-N-Ta,2,1.03,0.09899494936611673,0.96,1.1,3.0
Mn-N-Te,2,1.6800000000000002,0.22627416997969532,1.52,1.84,3.0
Mn-N-Ti,2,1.4,0.028284271247461926,1.38,1.42,3.0
Mn-N-Tl,2,2.1500000000000004,0.834386001800126,1.56,2.74,3.0
Mn-N-V,2,1.21,0.07071067811865482,1.16,1.26,3.0
Mn-N-W,2,0.8200000000000001,0.39597979746446665,0.54,1.1,3.0
Mn-N-Y,2,1.48,1.0182337649086286,0.76,2.2,3.0
Mn-N-Zn,2,1.7600000000000002,0.6505382386916239,1.3,2.22,3.0
Mn-N-Zr,2,0.95,0.2969848480983499,0.74,1.16,3.0
Mn-Na-O,2,1.15,1.2020815280171309,0.3,2.0,3.0
Mn-Na-O-S,2,1.18,0.28284271247461895,0.98,1.38,4.0
Mn-Nb-O,2,0.41,0.26870057685088805,0.22,0.6,3.0
Mn-Nb-O-S,2,0.74,0.25455844122715704,0.56,0.92,4.0
Mn-Ni-O,2,0.97,0.014142135623730963,0.96,0.98,3.0
Mn-Ni-O-S,2,0.97,0.0707106781186547,0.92,1.02,4.0
Mn-O-Os,2,1.25,0.3252691193458118,1.02,1.48,3.0
Mn-O-Os-S,2,1.09,0.04242640687119289,1.06,1.12,4.0
Mn-O-Pb,2,0.69,0.6929646455628165,0.2,1.18,3.0
Mn-O-Pb-S,2,0.8800000000000001,0.33941125496954283,0.64,1.12,4.0
Mn-O-Pd,2,1.06,0.05656854249492385,1.02,1.1,3.0
Mn-O-Pd-S,2,1.1099999999999999,0.2121320343559642,0.96,1.26,4.0
Mn-O-Pt,2,1.22,0.1131370849898477,1.14,1.3,3.0
Mn-O-Pt-S,2,1.1600000000000001,0.19798989873223324,1.02,1.3,4.0
Mn-O-Rb,2,1.44,1.442497833620557,0.42,2.46,3.0
Mn-O-Rb-S,2,2.08,1.3293607486307095,1.14,3.02,4.0
Mn-O-Re,2,0.9600000000000001,0.5656854249492381,0.56,1.36,3.0
Mn-O-Re-S,2,0.98,0.2262741699796952,0.82,1.14,4.0
Mn-O-Rh,2,1.0,0.11313708498984766,0.92,1.08,3.0
Mn-O-Rh-S,2,0.99,0.21213203435596417,0.84,1.14,4.0
Mn-O-Ru,2,0.9099999999999999,0.0989949493661167,0.84,0.98,3.0
Mn-O-Ru-S,2,0.98,0.028284271247461926,0.96,1.0,4.0
Mn-O-S-Sb,2,0.79,0.15556349186104043,0.68,0.9,4.0
Mn-O-S-Sc,2,0.8200000000000001,0.028284271247461888,0.8,0.84,4.0
Mn-O-S-Si,2,1.19,0.3252691193458118,0.96,1.42,4.0
Mn-O-S-Sn,2,0.77,0.12727922061357852,0.68,0.86,4.0
Mn-O-S-Sr,2,1.4200000000000002,1.1596551211459383,0.6,2.24,4.0
Mn-O-S-Ta,2,0.71,0.3252691193458118,0.48,0.94,4.0
Mn-O-S-Te,2,1.02,0.08485281374238578,0.96,1.08,4.0
Mn-O-S-Ti,2,0.74,0.31112698372208086,0.52,0.96,4.0
Mn-O-S-Tl,2,0.98,0.22627416997969513,0.82,1.14,4.0
Mn-O-S-V,2,0.63,0.26870057685088805,0.44,0.82,4.0
Mn-O-S-W,2,0.95,0.4101219330881975,0.66,1.24,4.0
Mn-O-S-Y,2,0.71,0.15556349186104043,0.6,0.82,4.0
Mn-O-S-Zn,2,1.24,0.5091168824543143,0.88,1.6,4.0
Mn-O-S-Zr,2,0.79,0.24041630560342608,0.62,0.96,4.0
Mn-O-Sb,2,0.49,0.09899494936611668,0.42,0.56,3.0
Mn-O-Sc,2,0.5,0.028284271247461926,0.48,0.52,3.0
Mn-O-Si,2,0.67,0.4949747468305833,0.32,1.02,3.0
Mn-O-Sn,2,0.28,0.08485281374238572,0.22,0.34,3.0
Mn-O-Sr,2,0.85,1.3435028842544403,-0.1,1.8,3.0
Mn-O-Ta,2,0.52,0.6505382386916236,0.06,0.98,3.0
Mn-O-Te,2,0.88,0.14142135623730948,0.78,0.98,3.0
Mn-O-Ti,2,0.32999999999999996,0.35355339059327373,0.08,0.58,3.0
Mn-O-Tl,2,0.99,0.6929646455628166,0.5,1.48,3.0
Mn-O-V,2,0.25,0.09899494936611666,0.18,0.32,3.0
Mn-O-W,2,0.8200000000000001,0.6505382386916237,0.36,1.28,3.0
Mn-O-Y,2,1.07,1.2303657992645927,0.2,1.94,3.0
Mn-O-Zn,2,0.77,0.551543289325507,0.38,1.16,3.0
Mn-O-Zr,2,0.46,0.4525483399593904,0.14,0.78,3.0
Mo-N-Na,2,1.63,0.636396103067893,1.18,2.08,3.0
Mo-N-Nb,2,0.98,0.2262741699796952,0.82,1.14,3.0
Mo-N-Ni,2,1.35,0.07071067811865474,1.3,1.4,3.0
Mo-N-O,2,1.08,0.08485281374238571,1.02,1.14,3.0
Mo-N-Os,2,1.22,0.4525483399593905,0.9,1.54,3.0
Mo-N-Pb,2,1.28,0.7636753236814714,0.74,1.82,3.0
Mo-N-Pd,2,1.48,0.28284271247461895,1.28,1.68,3.0
Mo-N-Pt,2,1.28,0.48083261120685244,0.94,1.62,3.0
Mo-N-Rb,2,1.9900000000000002,0.8909545442950499,1.36,2.62,3.0
Mo-N-Re,2,1.44,0.4525483399593904,1.12,1.76,3.0
Mo-N-Rh,2,1.43,0.014142135623730963,1.42,1.44,3.0
Mo-N-Ru,2,1.07,0.3252691193458119,0.84,1.3,3.0
Mo-N-Sb,2,1.38,0.5374011537017761,1.0,1.76,3.0
Mo-N-Sc,2,1.04,0.36769552621700474,0.78,1.3,3.0
Mo-N-Si,2,1.0,0.1414213562373096,0.9,1.1,3.0
Mo-N-Sn,2,1.08,0.565685424949238,0.68,1.48,3.0
Mo-N-Sr,2,1.47,0.9192388155425119,0.82,2.12,3.0
Mo-N-Ta,2,1.06,0.39597979746446665,0.78,1.34,3.0
Mo-N-Te,2,1.62,0.4808326112068524,1.28,1.96,3.0
Mo-N-Ti,2,1.1,0.16970562748477133,0.98,1.22,3.0
Mo-N-Tl,2,1.98,1.2445079348883235,1.1,2.86,3.0
Mo-N-V,2,1.17,0.0989949493661165,1.1,1.24,3.0
Mo-N-W,2,1.3,0.31112698372208086,1.08,1.52,3.0
Mo-N-Y,2,1.48,1.5273506473629428,0.4,2.56,3.0
Mo-N-Zn,2,1.35,0.5798275605729689,0.94,1.76,3.0
Mo-N-Zr,2,0.9299999999999999,0.1555634918610405,0.82,1.04,3.0
Mo-Na-O,2,0.5900000000000001,1.0323759005323594,-0.14,1.32,3.0
Mo-Na-O-S,2,1.1300000000000001,0.6363961030678928,0.68,1.58,4.0
Mo-Nb-O,2,0.89,0.18384776310850237,0.76,1.02,3.0
Mo-Nb-O-S,2,0.75,0.12727922061357852,0.66,0.84,4.0
Mo-Ni-O,2,1.04,0.36769552621700474,0.78,1.3,3.0
Mo-Ni-O-S,2,0.96,0.4525483399593905,0.64,1.28,4.0
Mo-O-Os,2,1.48,0.08485281374238578,1.42,1.54,3.0
Mo-O-Os-S,2,1.21,0.15556349186104035,1.1,1.32,4.0
Mo-O-Pb,2,0.71,0.7495331880577404,0.18,1.24,3.0
Mo-O-Pb-S,2,0.94,0.5091168824543143,0.58,1.3,4.0
Mo-O-Pd,2,1.07,0.551543289325507,0.68,1.46,3.0
Mo-O-Pd-S,2,1.1400000000000001,0.5374011537017762,0.76,1.52,4.0
Mo-O-Pt,2,1.5,0.5939696961966998,1.08,1.92,3.0
Mo-O-Pt-S,2,1.27,0.4101219330881976,0.98,1.56,4.0
Mo-O-Rb,2,0.77,1.2869343417595165,-0.14,1.68,3.0
Mo-O-Rb-S,2,2.17,1.9374725804511403,0.8,3.54,4.0
Mo-O-Re,2,1.29,0.21213203435596437,1.14,1.44,3.0
Mo-O-Re-S,2,1.07,0.014142135623730963,1.06,1.08,4.0
Mo-O-Rh,2,1.11,0.29698484809835,0.9,1.32,3.0
Mo-O-Rh-S,2,1.19,0.3252691193458118,0.96,1.42,4.0
Mo-O-Ru,2,1.13,0.18384776310850245,1.0,1.26,3.0
Mo-O-Ru-S,2,1.08,0.3394112549695429,0.84,1.32,4.0
Mo-O-S-Sb,2,1.08,0.11313708498984763,1.0,1.16,4.0
Mo-O-S-Sc,2,1.06,0.25455844122715715,0.88,1.24,4.0
Mo-O-S-Si,2,1.41,0.04242640687119289,1.38,1.44,4.0
Mo-O-S-Sn,2,0.91,0.5232590180780452,0.54,1.28,4.0
Mo-O-S-Sr,2,1.1,0.6222539674441617,0.66,1.54,4.0
Mo-O-S-Ta,2,0.72,0.19798989873223333,0.58,0.86,4.0
Mo-O-S-Te,2,1.26,0.14142135623730964,1.16,1.36,4.0
Mo-O-S-Ti,2,0.9199999999999999,0.08485281374238574,0.86,0.98,4.0
Mo-O-S-Tl,2,1.01,0.6363961030678927,0.56,1.46,4.0
Mo-O-S-V,2,0.6699999999999999,0.07071067811865478,0.62,0.72,4.0
Mo-O-S-W,2,0.9299999999999999,0.09899494936611662,0.86,1.0,4.0
Mo-O-S-Y,2,0.9500000000000001,0.24041630560342622,0.78,1.12,4.0
Mo-O-S-Zn,2,1.23,0.7495331880577404,0.7,1.76,4.0
Mo-O-S-Zr,2,1.13,0.0989949493661165,1.06,1.2,4.0
Mo-O-Sb,2,0.95,0.4101219330881975,0.66,1.24,3.0
Mo-O-Sc,2,0.8200000000000001,0.08485281374238567,0.76,0.88,3.0
Mo-O-Si,2,1.2000000000000002,0.1979898987322334,1.06,1.34,3.0
Mo-O-Sn,2,0.7,0.22627416997969513,0.54,0.86,3.0
Mo-O-Sr,2,1.0799999999999998,1.6970562748477138,-0.12,2.28,3.0
Mo-O-Ta,2,0.93,0.5232590180780452,0.56,1.3,3.0
Mo-O-Te,2,1.05,0.2404163056034262,0.88,1.22,3.0
Mo-O-Ti,2,0.9400000000000001,0.19798989873223333,0.8,1.08,3.0
Mo-O-Tl,2,0.7999999999999999,0.8202438661763951,0.22,1.38,3.0
Mo-O-V,2,0.71,0.07071067811865478,0.66,0.76,3.0
Mo-O-W,2,1.15,0.3535533905932736,0.9,1.4,3.0
Mo-O-Y,2,0.81,0.18384776310850232,0.68,0.94,3.0
Mo-O-Zn,2,0.77,0.3818376618407357,0.5,1.04,3.0
Mo-O-Zr,2,0.75,0.18384776310850237,0.62,0.88,3.0
N-Na-Nb,2,1.74,0.5091168824543144,1.38,2.1,3.0
N-Na-Ni,2,2.17,0.042426406871192736,2.14,2.2,3.0
N-Na-O,2,2.38,0.8485281374238569,1.78,2.98,3.0
N-Na-Os,2,1.78,0.5656854249492382,1.38,2.18,3.0
N-Na-Pb,2,2.42,0.05656854249492385,2.38,2.46,3.0
N-Na-Pd,2,2.3,0.08485281374238562,2.24,2.36,3.0
N-Na-Pt,2,2.16,0.0,2.16,2.16,3.0
N-Na-Rb,2,3.6399999999999997,0.5091168824543142,3.28,4.0,3.0
N-Na-Re,2,2.49,2.135462479183374,0.98,4.0,3.0
N-Na-Rh,2,2.0700000000000003,0.09899494936611658,2.0,2.14,3.0
N-Na-Ru,2,1.9500000000000002,0.32526911934581204,1.72,2.18,3.0
N-Na-Sb,2,2.49,0.8061017305526641,1.92,3.06,3.0
N-Na-Sc,2,2.18,0.0,2.18,2.18,3.0
N-Na-Si,2,2.0,0.42426406871192834,1.7,2.3,3.0
N-Na-Sn,2,2.08,0.08485281374238578,2.02,2.14,3.0
N-Na-Sr,2,3.13,0.21213203435596414,2.98,3.28,3.0
N-Na-Ta,2,1.6400000000000001,0.5939696961967,1.22,2.06,3.0
N-Na-Te,2,2.66,0.8768124086713186,2.04,3.28,3.0
N-Na-Ti,2,1.92,0.33941125496954305,1.68,2.16,3.0
N-Na-Tl,2,2.9800000000000004,0.33941125496954294,2.74,3.22,3.0
N-Na-V,2,2.61,1.711198410471445,1.4,3.82,3.0
N-Na-W,2,1.51,0.7495331880577404,0.98,2.04,3.0
N-Na-Y,2,2.47,0.3818376618407357,2.2,2.74,3.0
N-Na-Zn,2,2.41,0.09899494936611658,2.34,2.48,3.0
N-Na-Zr,2,1.8900000000000001,0.24041630560342614,1.72,2.06,3.0
N-Nb-Ni,2,1.3900000000000001,0.29698484809834996,1.18,1.6,3.0
N-Nb-O,2,0.44999999999999996,0.04242640687119287,0.42,0.48,3.0
N-Nb-Os,2,1.12,0.056568542494923775,1.08,1.16,3.0
N-Nb-Pb,2,1.3800000000000001,0.6788225099390857,0.9,1.86,3.0
N-Nb-Pd,2,1.53,0.07071067811865482,1.48,1.58,3.0
N-Nb-Pt,2,1.31,0.3252691193458118,1.08,1.54,3.0
N-Nb-Rb,2,2.87,1.965756851698602,1.48,4.26,3.0
N-Nb-Re,2,1.46,0.6222539674441617,1.02,1.9,3.0
N-Nb-Rh,2,1.17,0.2404163056034263,1.0,1.34,3.0
N-Nb-Ru,2,1.19,0.014142135623730963,1.18,1.2,3.0
N-Nb-Sb,2,1.38,0.3959797974644666,1.1,1.66,3.0
N-Nb-Sc,2,0.9299999999999999,0.4101219330881976,0.64,1.22,3.0
N-Nb-Si,2,1.07,0.4101219330881976,0.78,1.36,3.0
N-Nb-Sn,2,1.1199999999999999,0.3676955262170047,0.86,1.38,3.0
N-Nb-Sr,2,1.56,0.7919595949289333,1.0,2.12,3.0
N-Nb-Ta,2,0.7,0.08485281374238574,0.64,0.76,3.0
N-Nb-Te,2,1.61,0.3535533905932738,1.36,1.86,3.0
N-Nb-Ti,2,0.81,0.014142135623730845,0.8,0.82,3.0
N-Nb-Tl,2,2.0,1.131370849898476,1.2,2.8,3.0
N-Nb-V,2,1.1800000000000002,0.1414213562373094,1.08,1.28,3.0
N-Nb-W,2,0.9099999999999999,0.0989949493661167,0.84,0.98,3.0
N-Nb-Y,2,1.45,1.2586500705120545,0.56,2.34,3.0
N-Nb-Zn,2,1.3599999999999999,0.42426406871192834,1.06,1.66,3.0
N-Nb-Zr,2,0.74,0.28284271247461895,0.54,0.94,3.0
N-Ni-O,2,1.5699999999999998,0.2404163056034263,1.4,1.74,3.0
N-Ni-Os,2,1.9100000000000001,0.4101219330881976,1.62,2.2,3.0
N-Ni-Pb,2,2.19,0.8061017305526639,1.62,2.76,3.0
N-Ni-Pd,2,1.72,0.028284271247461926,1.7,1.74,3.0
N-Ni-Pt,2,1.68,0.028284271247461926,1.66,1.7,3.0
N-Ni-Rb,2,3.41,1.5132085117392122,2.34,4.48,3.0
N-Ni-Re,2,1.6,0.5939696961966999,1.18,2.02,3.0
N-Ni-Rh,2,1.54,0.08485281374238578,1.48,1.6,3.0
N-Ni-Ru,2,1.73,0.21213203435596414,1.58,1.88,3.0
N-Ni-Sb,2,1.85,0.2687005768508882,1.66,2.04,3.0
N-Ni-Sc,2,1.8199999999999998,0.7636753236814712,1.28,2.36,3.0
N-Ni-Si,2,1.4100000000000001,0.26870057685088805,1.22,1.6,3.0
N-Ni-Sn,2,1.5499999999999998,0.15556349186104051,1.44,1.66,3.0
N-Ni-Sr,2,2.05,0.2969848480983498,1.84,2.26,3.0
N-Ni-Ta,2,1.3199999999999998,0.16970562748477147,1.2,1.44,3.0
N-Ni-Te,2,1.98,0.22627416997969516,1.82,2.14,3.0
N-Ni-Ti,2,1.53,0.3252691193458118,1.3,1.76,3.0
N-Ni-Tl,2,2.45,0.8061017305526641,1.88,3.02,3.0
N-Ni-V,2,1.57,0.07071067811865482,1.52,1.62,3.0
N-Ni-W,2,1.27,0.09899494936611673,1.2,1.34,3.0
N-Ni-Y,2,1.8900000000000001,1.0606601717798214,1.14,2.64,3.0
N-Ni-Zn,2,1.67,0.04242640687119289,1.64,1.7,3.0
N-Ni-Zr,2,1.1800000000000002,0.16970562748477147,1.06,1.3,3.0
N-O-Os,2,1.8,0.48083261120685244,1.46,2.14,3.0
N-O-Pb,2,1.33,0.2969848480983499,1.12,1.54,3.0
N-O-Pd,2,1.81,0.04242640687119289,1.78,1.84,3.0
N-O-Pt,2,1.8,0.028284271247461926,1.78,1.82,3.0
N-O-Rb,2,3.08,1.1030865786510142,2.3,3.86,3.0
N-O-Re,2,1.19,0.551543289325507,0.8,1.58,3.0
N-O-Rh,2,1.79,0.2969848480983499,1.58,2.0,3.0
N-O-Ru,2,1.78,0.05656854249492385,1.74,1.82,3.0
N-O-Sb,2,0.9,0.16970562748477142,0.78,1.02,3.0
N-O-Sc,2,0.99,0.21213203435596426,0.84,1.14,3.0
N-O-Si,2,1.0899999999999999,0.07071067811865474,1.04,1.14,3.0
N-O-Sn,2,1.04,0.28284271247461906,0.84,1.24,3.0
N-O-Sr,2,2.18,0.7636753236814714,1.64,2.72,3.0
N-O-Ta,2,0.75,0.4101219330881976,0.46,1.04,3.0
N-O-Te,2,1.42,0.1979898987322334,1.28,1.56,3.0
N-O-Ti,2,0.52,0.028284271247461926,0.5,0.54,3.0
N-O-Tl,2,1.92,0.1979898987322334,1.78,2.06,3.0
N-O-V,2,0.55,0.21213203435596426,0.4,0.7,3.0
N-O-W,2,0.91,0.6081118318204309,0.48,1.34,3.0
N-O-Y,2,1.1099999999999999,0.04242640687119281,1.08,1.14,3.0
N-O-Zn,2,1.92,0.2828427124746192,1.72,2.12,3.0
N-O-Zr,2,0.5,0.028284271247461926,0.48,0.52,3.0
N-Os-Pb,2,1.55,0.6363961030678927,1.1,2.0,3.0
N-Os-Pd,2,1.6800000000000002,0.5656854249492381,1.28,2.08,3.0
N-Os-Pt,2,1.88,0.16970562748477133,1.76,2.0,3.0
N-Os-Rb,2,3.31,2.361736649163069,1.64,4.98,3.0
N-Os-Re,2,1.8900000000000001,0.2121320343559642,1.74,2.04,3.0
N-Os-Rh,2,1.7200000000000002,0.14142135623730956,1.62,1.82,3.0
N-Os-Ru,2,1.42,0.05656854249492385,1.38,1.46,3.0
N-Os-Sb,2,1.8599999999999999,0.7636753236814712,1.32,2.4,3.0
N-Os-Sc,2,1.31,0.268700576850888,1.12,1.5,3.0
N-Os-Si,2,1.48,0.25455844122715704,1.3,1.66,3.0
N-Os-Sn,2,1.44,0.6222539674441617,1.0,1.88,3.0
N-Os-Sr,2,2.7800000000000002,2.291025971044414,1.16,4.4,3.0
N-Os-Ta,2,1.24,0.028284271247461926,1.22,1.26,3.0
N-Os-Te,2,2.06,0.7353910524340095,1.54,2.58,3.0
N-Os-Ti,2,1.49,0.04242640687119289,1.46,1.52,3.0
N-Os-Tl,2,2.43,1.5697770542341356,1.32,3.54,3.0
N-Os-V,2,1.62,0.3394112549695429,1.38,1.86,3.0
N-Os-W,2,1.1300000000000001,0.32526911934581193,0.9,1.36,3.0
N-Os-Y,2,1.9100000000000001,1.6263455967290592,0.76,3.06,3.0
N-Os-Zn,2,1.69,0.6646803743153549,1.22,2.16,3.0
N-Os-Zr,2,1.24,0.08485281374238578,1.18,1.3,3.0
N-Pb-Pd,2,2.17,0.5798275605729691,1.76,2.58,3.0
N-Pb-Pt,2,2.24,0.8768124086713189,1.62,2.86,3.0
N-Pb-Rb,2,2.6100000000000003,0.12727922061357852,2.52,2.7,3.0
N-Pb-Re,2,1.87,1.7394826817189069,0.64,3.1,3.0
N-Pb-Rh,2,1.69,0.3252691193458118,1.46,1.92,3.0
N-Pb-Ru,2,1.6400000000000001,0.45254833995939026,1.32,1.96,3.0
N-Pb-Sb,2,1.8199999999999998,0.6222539674441617,1.38,2.26,3.0
N-Pb-Sc,2,1.63,0.15556349186104035,1.52,1.74,3.0
N-Pb-Si,2,1.83,0.6929646455628163,1.34,2.32,3.0
N-Pb-Sn,2,1.65,0.15556349186104035,1.54,1.76,3.0
N-Pb-Sr,2,2.49,0.5232590180780452,2.12,2.86,3.0
N-Pb-Ta,2,1.31,0.7778174593052023,0.76,1.86,3.0
N-Pb-Te,2,1.97,0.6929646455628166,1.48,2.46,3.0
N-Pb-Ti,2,1.5499999999999998,0.551543289325507,1.16,1.94,3.0
N-Pb-Tl,2,2.23,0.0707106781186545,2.18,2.28,3.0
N-Pb-V,2,1.76,1.1313708498984762,0.96,2.56,3.0
N-Pb-W,2,1.19,0.8909545442950499,0.56,1.82,3.0
N-Pb-Y,2,1.76,0.14142135623730964,1.66,1.86,3.0
N-Pb-Zn,2,1.98,0.05656854249492385,1.94,2.02,3.0
N-Pb-Zr,2,1.44,0.36769552621700474,1.18,1.7,3.0
N-Pd-Pt,2,1.88,0.08485281374238554,1.82,1.94,3.0
N-Pd-Rb,2,3.3,1.2445079348883235,2.42,4.18,3.0
N-Pd-Re,2,1.85,1.0606601717798212,1.1,2.6,3.0
N-Pd-Rh,2,1.77,0.21213203435596414,1.62,1.92,3.0
N-Pd-Ru,2,1.68,0.36769552621700474,1.42,1.94,3.0
N-Pd-Sb,2,1.95,0.04242640687119289,1.92,1.98,3.0
N-Pd-Sc,2,1.5899999999999999,0.07071067811865474,1.54,1.64,3.0
N-Pd-Si,2,1.69,0.3535533905932738,1.44,1.94,3.0
N-Pd-Sn,2,1.84,0.36769552621700474,1.58,2.1,3.0
N-Pd-Sr,2,2.1100000000000003,0.18384776310850268,1.98,2.24,3.0
N-Pd-Ta,2,1.44,0.1979898987322334,1.3,1.58,3.0
N-Pd-Te,2,2.1,0.028284271247461926,2.08,2.12,3.0
N-Pd-Ti,2,1.62,0.0,1.62,1.62,3.0
N-Pd-Tl,2,2.49,0.5515432893255071,2.1,2.88,3.0
N-Pd-V,2,1.75,0.5232590180780453,1.38,2.12,3.0
N-Pd-W,2,1.4100000000000001,0.4384062043356593,1.1,1.72,3.0
N-Pd-Y,2,1.94,0.5656854249492379,1.54,2.34,3.0
N-Pd-Zn,2,2.15,0.4384062043356593,1.84,2.46,3.0
N-Pd-Zr,2,1.3399999999999999,0.08485281374238554,1.28,1.4,3.0
N-Pt-Rb,2,3.46,1.612203461105328,2.32,4.6,3.0
N-Pt-Re,2,1.96,0.8202438661763952,1.38,2.54,3.0
N-Pt-Rh,2,1.71,0.09899494936611673,1.64,1.78,3.0
N-Pt-Ru,2,1.9,0.08485281374238571,1.84,1.96,3.0
N-Pt-Sb,2,1.9900000000000002,0.18384776310850245,1.86,2.12,3.0
N-Pt-Sc,2,1.49,0.07071067811865482,1.44,1.54,3.0
N-Pt-Si,2,1.71,0.1838477631085023,1.58,1.84,3.0
N-Pt-Sn,2,1.54,0.1131370849898477,1.46,1.62,3.0
N-Pt-Sr,2,2.0300000000000002,0.2404163056034263,1.86,2.2,3.0
N-Pt-Ta,2,1.6600000000000001,0.16970562748477133,1.54,1.78,3.0
N-Pt-Te,2,2.15,0.21213203435596414,2.0,2.3,3.0
N-Pt-Ti,2,1.6800000000000002,0.16970562748477147,1.56,1.8,3.0
N-Pt-Tl,2,2.56,0.8202438661763952,1.98,3.14,3.0
N-Pt-V,2,1.8,0.28284271247461895,1.6,2.0,3.0
N-Pt-W,2,1.26,0.5939696961966999,0.84,1.68,3.0
N-Pt-Y,2,2.02,0.8485281374238571,1.42,2.62,3.0
N-Pt-Zn,2,2.14,0.6505382386916239,1.68,2.6,3.0
N-Pt-Zr,2,1.32,0.028284271247461926,1.3,1.34,3.0
N-Rb-Re,2,3.0300000000000002,2.4748737341529163,1.28,4.78,3.0
N-Rb-Rh,2,3.37,1.6829141392239826,2.18,4.56,3.0
N-Rb-Ru,2,2.33,0.5515432893255072,1.94,2.72,3.0
N-Rb-Sb,2,3.02,1.2727922061357855,2.12,3.92,3.0
N-Rb-Sc,2,2.39,0.2969848480983499,2.18,2.6,3.0
N-Rb-Si,2,3.39,1.682914139223983,2.2,4.58,3.0
N-Rb-Sn,2,2.89,1.1172287142747452,2.1,3.68,3.0
N-Rb-Sr,2,3.6399999999999997,0.2828427124746191,3.44,3.84,3.0
N-Rb-Ta,2,2.89,2.1920310216782974,1.34,4.44,3.0
N-Rb-Te,2,3.17,1.315218613006978,2.24,4.1,3.0
N-Rb-Ti,2,3.1100000000000003,1.7677669529663689,1.86,4.36,3.0
N-Rb-Tl,2,3.21,0.7495331880577403,2.68,3.74,3.0
N-Rb-V,2,2.9,1.8667619023324853,1.58,4.22,3.0
N-Rb-W,2,2.88,2.3758787847867993,1.2,4.56,3.0
N-Rb-Y,2,2.83,0.9475230867899735,2.16,3.5,3.0
N-Rb-Zn,2,3.34,1.0465180361560906,2.6,4.08,3.0
N-Rb-Zr,2,2.84,1.5273506473629428,1.76,3.92,3.0
N-Re-Rh,2,1.77,0.7778174593052023,1.22,2.32,3.0
N-Re-Ru,2,1.7400000000000002,0.6222539674441618,1.3,2.18,3.0
N-Re-Sb,2,1.56,0.9616652224137048,0.88,2.24,3.0
N-Re-Sc,2,1.54,1.3010764773832475,0.62,2.46,3.0
N-Re-Si,2,1.47,0.07071067811865482,1.42,1.52,3.0
N-Re-Sn,2,1.5699999999999998,1.2303657992645927,0.7,2.44,3.0
N-Re-Sr,2,2.3899999999999997,2.4183051916579923,0.68,4.1,3.0
N-Re-Ta,2,1.47,0.3535533905932738,1.22,1.72,3.0
N-Re-Te,2,1.8199999999999998,0.9050966799187808,1.18,2.46,3.0
N-Re-Ti,2,1.46,0.5939696961966998,1.04,1.88,3.0
N-Re-Tl,2,2.13,1.682914139223983,0.94,3.32,3.0
N-Re-V,2,1.32,0.565685424949238,0.92,1.72,3.0
N-Re-W,2,1.51,0.1272792206135787,1.42,1.6,3.0
N-Re-Y,2,1.5099999999999998,1.7677669529663687,0.26,2.76,3.0
N-Re-Zn,2,1.8,1.1030865786510142,1.02,2.58,3.0
N-Re-Zr,2,1.4700000000000002,1.0323759005323596,0.74,2.2,3.0
N-Rh-Ru,2,1.5299999999999998,0.1838477631085023,1.4,1.66,3.0
N-Rh-Sb,2,1.83,0.21213203435596437,1.68,1.98,3.0
N-Rh-Sc,2,1.3599999999999999,0.16970562748477147,1.24,1.48,3.0
N-Rh-Si,2,1.5,0.14142135623730964,1.4,1.6,3.0
N-Rh-Sn,2,1.49,0.268700576850888,1.3,1.68,3.0
N-Rh-Sr,2,1.94,0.311126983722081,1.72,2.16,3.0
N-Rh-Ta,2,1.4,0.028284271247461926,1.38,1.42,3.0
N-Rh-Te,2,1.9900000000000002,0.2404163056034263,1.82,2.16,3.0
N-Rh-Ti,2,1.3,0.05656854249492385,1.26,1.34,3.0
N-Rh-Tl,2,2.46,0.9333809511662429,1.8,3.12,3.0
N-Rh-V,2,1.65,0.26870057685088805,1.46,1.84,3.0
N-Rh-W,2,1.3599999999999999,0.1979898987322334,1.22,1.5,3.0
N-Rh-Y,2,1.9100000000000001,0.9475230867899737,1.24,2.58,3.0
N-Rh-Zn,2,2.0,0.6788225099390857,1.52,2.48,3.0
N-Rh-Zr,2,1.2,0.028284271247461926,1.18,1.22,3.0
N-Ru-Sb,2,1.78,0.42426406871192857,1.48,2.08,3.0
N-Ru-Sc,2,1.26,0.31112698372208086,1.04,1.48,3.0
N-Ru-Si,2,1.4,0.028284271247461926,1.38,1.42,3.0
N-Ru-Sn,2,1.42,0.45254833995939026,1.1,1.74,3.0
N-Ru-Sr,2,2.7199999999999998,1.810193359837562,1.44,4.0,3.0
N-Ru-Ta,2,1.1400000000000001,0.11313708498984763,1.06,1.22,3.0
N-Ru-Te,2,1.9699999999999998,0.4101219330881974,1.68,2.26,3.0
N-Ru-Ti,2,1.22,0.1131370849898477,1.14,1.3,3.0
N-Ru-Tl,2,2.4000000000000004,1.1879393923933999,1.56,3.24,3.0
N-Ru-V,2,1.56,0.05656854249492385,1.52,1.6,3.0
N-Ru-W,2,1.08,0.39597979746446665,0.8,1.36,3.0
N-Ru-Y,2,1.79,1.145512985522207,0.98,2.6,3.0
N-Ru-Zn,2,1.7000000000000002,0.48083261120685217,1.36,2.04,3.0
N-Ru-Zr,2,1.29,0.07071067811865482,1.24,1.34,3.0
N-Sb-Sc,2,1.55,0.268700576850888,1.36,1.74,3.0
N-Sb-Si,2,1.73,0.6929646455628167,1.24,2.22,3.0
N-Sb-Sn,2,1.5699999999999998,0.1838477631085023,1.44,1.7,3.0
N-Sb-Sr,2,2.41,1.2586500705120547,1.52,3.3,3.0
N-Sb-Ta,2,1.38,0.622253967444162,0.94,1.82,3.0
N-Sb-Te,2,1.6600000000000001,0.056568542494923775,1.62,1.7,3.0
N-Sb-Ti,2,1.52,0.36769552621700474,1.26,1.78,3.0
N-Sb-Tl,2,2.13,0.551543289325507,1.74,2.52,3.0
N-Sb-V,2,1.37,0.4384062043356593,1.06,1.68,3.0
N-Sb-W,2,1.4,0.8202438661763952,0.82,1.98,3.0
N-Sb-Y,2,1.45,0.6646803743153546,0.98,1.92,3.0
N-Sb-Zn,2,1.98,0.14142135623730964,1.88,2.08,3.0
N-Sb-Zr,2,1.3599999999999999,0.056568542494923775,1.32,1.4,3.0
N-Sc-Si,2,1.71,1.145512985522207,0.9,2.52,3.0
N-Sc-Sn,2,1.5,0.25455844122715704,1.32,1.68,3.0
N-Sc-Sr,2,2.51,1.117228714274745,1.72,3.3,3.0
N-Sc-Ta,2,0.86,0.5091168824543142,0.5,1.22,3.0
N-Sc-Te,2,1.72,0.36769552621700474,1.46,1.98,3.0
N-Sc-Ti,2,1.21,0.18384776310850245,1.08,1.34,3.0
N-Sc-Tl,2,2.17,0.43840620433565947,1.86,2.48,3.0
N-Sc-V,2,1.41,0.8343860018001261,0.82,2.0,3.0
N-Sc-W,2,0.95,0.49497474683058335,0.6,1.3,3.0
N-Sc-Y,2,1.6,0.4808326112068524,1.26,1.94,3.0
N-Sc-Zn,2,1.8900000000000001,0.32526911934581193,1.66,2.12,3.0
N-Sc-Zr,2,1.03,0.1272792206135787,0.94,1.12,3.0
N-Si-Sn,2,1.53,0.4101219330881976,1.24,1.82,3.0
N-Si-Sr,2,1.97,0.7495331880577404,1.44,2.5,3.0
N-Si-Ta,2,1.22,0.5939696961966998,0.8,1.64,3.0
N-Si-Te,2,1.8199999999999998,0.6505382386916234,1.36,2.28,3.0
N-Si-Ti,2,1.56,0.6222539674441617,1.12,2.0,3.0
N-Si-Tl,2,2.42,1.1596551211459383,1.6,3.24,3.0
N-Si-V,2,1.44,0.4525483399593904,1.12,1.76,3.0
N-Si-W,2,0.99,0.07071067811865482,0.94,1.04,3.0
N-Si-Y,2,1.6500000000000001,1.4283556979968262,0.64,2.66,3.0
N-Si-Zn,2,1.63,0.32526911934581193,1.4,1.86,3.0
N-Si-Zr,2,1.1400000000000001,0.6505382386916237,0.68,1.6,3.0
N-Sn-Sr,2,2.43,1.0606601717798214,1.68,3.18,3.0
N-Sn-Ta,2,1.0699999999999998,0.4666904755831214,0.74,1.4,3.0
N-Sn-Te,2,1.71,0.268700576850888,1.52,1.9,3.0
N-Sn-Ti,2,1.28,0.25455844122715704,1.1,1.46,3.0
N-Sn-Tl,2,2.09,0.41012193308819755,1.8,2.38,3.0
N-Sn-V,2,1.58,0.7919595949289333,1.02,2.14,3.0
N-Sn-W,2,1.04,0.6788225099390857,0.56,1.52,3.0
N-Sn-Y,2,1.51,0.3535533905932738,1.26,1.76,3.0
N-Sn-Zn,2,1.92,0.16970562748477147,1.8,2.04,3.0
N-Sn-Zr,2,1.23,0.04242640687119289,1.2,1.26,3.0
N-Sr-Ta,2,1.46,0.876812408671319,0.84,2.08,3.0
N-Sr-Te,2,2.5700000000000003,1.3435028842544403,1.62,3.52,3.0
N-Sr-Ti,2,2.52,1.7536248173426376,1.28,3.76,3.0
N-Sr-Tl,2,2.62,0.22627416997969493,2.46,2.78,3.0
N-Sr-V,2,2.29,1.7677669529663689,1.04,3.54,3.0
N-Sr-W,2,1.37,1.0323759005323594,0.64,2.1,3.0
N-Sr-Y,2,2.35,0.7212489168102784,1.84,2.86,3.0
N-Sr-Zn,2,2.8200000000000003,0.9616652224137048,2.14,3.5,3.0
N-Sr-Zr,2,1.71,0.551543289325507,1.32,2.1,3.0
N-Ta-Te,2,1.63,0.608111831820431,1.2,2.06,3.0
N-Ta-Ti,2,0.75,0.09899494936611658,0.68,0.82,3.0
N-Ta-Tl,2,2.01,1.34350288425444,1.06,2.96,3.0
N-Ta-V,2,1.15,0.07071067811865474,1.1,1.2,3.0
N-Ta-W,2,1.0,0.25455844122715715,0.82,1.18,3.0
N-Ta-Y,2,1.43,1.4849242404917498,0.38,2.48,3.0
N-Ta-Zn,2,1.46,0.31112698372208086,1.24,1.68,3.0
N-Ta-Zr,2,0.69,0.3818376618407357,0.42,0.96,3.0
N-Te-Ti,2,1.71,0.2969848480983499,1.5,1.92,3.0
N-Te-Tl,2,2.2800000000000002,0.622253967444162,1.84,2.72,3.0
N-Te-V,2,1.57,0.3252691193458118,1.34,1.8,3.0
N-Te-W,2,1.6400000000000001,0.7636753236814714,1.1,2.18,3.0
N-Te-Y,2,1.61,0.7212489168102785,1.1,2.12,3.0
N-Te-Zn,2,2.1100000000000003,0.18384776310850268,1.98,2.24,3.0
N-Te-Zr,2,1.6099999999999999,0.07071067811865474,1.56,1.66,3.0
N-Ti-Tl,2,2.2,1.0182337649086286,1.48,2.92,3.0
N-Ti-V,2,1.31,0.12727922061357844,1.22,1.4,3.0
N-Ti-W,2,1.02,0.028284271247461926,1.0,1.04,3.0
N-Ti-Y,2,1.5499999999999998,1.2020815280171306,0.7,2.4,3.0
N-Ti-Zn,2,1.6600000000000001,0.11313708498984763,1.58,1.74,3.0
N-Ti-Zr,2,1.03,0.07071067811865482,0.98,1.08,3.0
N-Tl-V,2,2.0,1.0748023074035522,1.24,2.76,3.0
N-Tl-W,2,2.02,1.5556349186104046,0.92,3.12,3.0
N-Tl-Y,2,1.96,0.1414213562373094,1.86,2.06,3.0
N-Tl-Zn,2,2.52,0.3959797974644663,2.24,2.8,3.0
N-Tl-Zr,2,1.96,0.7071067811865476,1.46,2.46,3.0
N-V-W,2,1.16,0.36769552621700463,0.9,1.42,3.0
N-V-Y,2,1.48,1.442497833620557,0.46,2.5,3.0
N-V-Zn,2,1.75,0.5798275605729689,1.34,2.16,3.0
N-V-Zr,2,1.19,0.6081118318204308,0.76,1.62,3.0
N-W-Y,2,1.4700000000000002,1.796051224213831,0.2,2.74,3.0
N-W-Zn,2,1.29,0.7212489168102785,0.78,1.8,3.0
N-W-Zr,2,0.8700000000000001,0.26870057685088805,0.68,1.06,3.0
N-Y-Zn,2,1.8800000000000001,0.5091168824543144,1.52,2.24,3.0
N-Y-Zr,2,1.44,0.7353910524340095,0.92,1.96,3.0
N-Zn-Zr,2,1.3900000000000001,0.15556349186104051,1.28,1.5,3.0
Na-Nb-O,2,0.45999999999999996,1.1030865786510142,-0.32,1.24,3.0
Na-Nb-O-S,2,1.12,0.9333809511662429,0.46,1.78,4.0
Na-Ni-O,2,1.26,0.33941125496954283,1.02,1.5,3.0
Na-Ni-O-S,2,1.46,0.08485281374238578,1.4,1.52,4.0
Na-O-Os,2,1.75,1.711198410471445,0.54,2.96,3.0
Na-O-Os-S,2,1.38,0.4242640687119285,1.08,1.68,4.0
Na-O-Pb,2,1.27,0.3818376618407357,1.0,1.54,3.0
Na-O-Pb-S,2,1.67,0.4101219330881976,1.38,1.96,4.0
Na-O-Pd,2,1.98,0.9616652224137048,1.3,2.66,3.0
Na-O-Pd-S,2,1.54,0.028284271247461926,1.52,1.56,4.0
Na-O-Pt,2,1.9300000000000002,1.0606601717798214,1.18,2.68,3.0
Na-O-Pt-S,2,1.55,0.014142135623730963,1.54,1.56,4.0
Na-O-Rb,2,2.0,0.28284271247461906,1.8,2.2,3.0
Na-O-Rb-S,2,2.66,0.3111269837220807,2.44,2.88,4.0
Na-O-Re,2,1.35,1.9657568516986024,-0.04,2.74,3.0
Na-O-Re-S,2,1.33,0.6081118318204309,0.9,1.76,4.0
Na-O-Rh,2,1.75,1.0606601717798212,1.0,2.5,3.0
Na-O-Rh-S,2,1.4500000000000002,0.15556349186104035,1.34,1.56,4.0
Na-O-Ru,2,1.6300000000000001,1.3435028842544403,0.68,2.58,3.0
Na-O-Ru-S,2,1.4,0.3111269837220811,1.18,1.62,4.0
Na-O-S-Sb,2,1.06,0.282842712474619,0.86,1.26,4.0
Na-O-S-Sc,2,1.3399999999999999,0.056568542494923775,1.3,1.38,4.0
Na-O-S-Si,2,1.6099999999999999,0.608111831820431,1.18,2.04,4.0
Na-O-S-Sn,2,1.17,0.18384776310850245,1.04,1.3,4.0
Na-O-S-Sr,2,1.9500000000000002,0.15556349186104035,1.84,2.06,4.0
Na-O-S-Ta,2,1.03,1.0606601717798212,0.28,1.78,4.0
Na-O-S-Te,2,1.1400000000000001,0.25455844122715726,0.96,1.32,4.0
Na-O-S-Ti,2,1.17,0.5515432893255071,0.78,1.56,4.0
Na-O-S-Tl,2,1.43,0.014142135623730963,1.42,1.44,4.0
Na-O-S-V,2,1.0,0.5374011537017761,0.62,1.38,4.0
Na-O-S-W,2,1.18,0.7636753236814713,0.64,1.72,4.0
Na-O-S-Y,2,1.1400000000000001,0.16970562748477133,1.02,1.26,4.0
Na-O-S-Zn,2,1.51,0.07071067811865482,1.46,1.56,4.0
Na-O-S-Zr,2,1.33,0.6929646455628166,0.84,1.82,4.0
Na-O-Sb,2,0.69,0.6929646455628166,0.2,1.18,3.0
Na-O-Sc,2,1.37,0.8626702730475879,0.76,1.98,3.0
Na-O-Si,2,1.16,1.103086578651014,0.38,1.94,3.0
Na-O-Sn,2,1.05,0.8626702730475879,0.44,1.66,3.0
Na-O-Sr,2,1.42,0.1979898987322334,1.28,1.56,3.0
Na-O-Ta,2,0.75,1.8809040379562165,-0.58,2.08,3.0
Na-O-Te,2,0.9299999999999999,0.6363961030678927,0.48,1.38,3.0
Na-O-Ti,2,0.8099999999999999,0.8909545442950498,0.18,1.44,3.0
Na-O-Tl,2,1.59,0.3535533905932738,1.34,1.84,3.0
Na-O-V,2,1.34,1.7536248173426379,0.1,2.58,3.0
Na-O-W,2,0.58,1.1879393923933999,-0.26,1.42,3.0
Na-O-Y,2,1.04,0.25455844122715704,0.86,1.22,3.0
Na-O-Zn,2,1.6800000000000002,0.6505382386916237,1.22,2.14,3.0
Na-O-Zr,2,0.77,0.7495331880577404,0.24,1.3,3.0
Nb-Ni-O,2,0.8699999999999999,0.3818376618407356,0.6,1.14,3.0
Nb-Ni-O-S,2,0.72,0.4525483399593905,0.4,1.04,4.0
Nb-O-Os,2,1.52,0.19798989873223324,1.38,1.66,3.0
Nb-O-Os-S,2,1.4,0.16970562748477147,1.28,1.52,4.0
Nb-O-Pb,2,0.65,0.8626702730475879,0.04,1.26,3.0
Nb-O-Pb-S,2,0.8400000000000001,0.7353910524340095,0.32,1.36,4.0
Nb-O-Pd,2,1.15,0.8909545442950498,0.52,1.78,3.0
Nb-O-Pd-S,2,0.96,0.6222539674441617,0.52,1.4,4.0
Nb-O-Pt,2,1.21,0.4384062043356595,0.9,1.52,3.0
Nb-O-Pt-S,2,1.1099999999999999,0.551543289325507,0.72,1.5,4.0
Nb-O-Rb,2,0.6599999999999999,1.442497833620557,-0.36,1.68,3.0
Nb-O-Rb-S,2,1.98,2.0364675298172568,0.54,3.42,4.0
Nb-O-Re,2,1.25,0.014142135623730963,1.24,1.26,3.0
Nb-O-Re-S,2,1.35,0.43840620433565947,1.04,1.66,4.0
Nb-O-Rh,2,0.99,0.3818376618407357,0.72,1.26,3.0
Nb-O-Rh-S,2,0.99,0.46669047558312143,0.66,1.32,4.0
Nb-O-Ru,2,1.19,0.4949747468305833,0.84,1.54,3.0
Nb-O-Ru-S,2,1.1400000000000001,0.2828427124746192,0.94,1.34,4.0
Nb-O-S-Sb,2,0.99,0.1838477631085024,0.86,1.12,4.0
Nb-O-S-Sc,2,0.89,0.21213203435596428,0.74,1.04,4.0
Nb-O-S-Si,2,1.28,0.1131370849898477,1.2,1.36,4.0
Nb-O-S-Sn,2,0.74,0.5656854249492379,0.34,1.14,4.0
Nb-O-S-Sr,2,0.9299999999999999,0.7778174593052023,0.38,1.48,4.0
Nb-O-S-Ta,2,0.6200000000000001,0.08485281374238574,0.56,0.68,4.0
Nb-O-S-Te,2,1.1600000000000001,0.1979898987322334,1.02,1.3,4.0
Nb-O-S-Ti,2,0.8200000000000001,0.05656854249492373,0.78,0.86,4.0
Nb-O-S-Tl,2,0.97,0.6646803743153546,0.5,1.44,4.0
Nb-O-S-V,2,1.29,0.12727922061357844,1.2,1.38,4.0
Nb-O-S-W,2,0.88,0.028284271247461926,0.86,0.9,4.0
Nb-O-S-Y,2,0.9199999999999999,0.31112698372208086,0.7,1.14,4.0
Nb-O-S-Zn,2,1.0899999999999999,0.7778174593052023,0.54,1.64,4.0
Nb-O-S-Zr,2,0.91,0.014142135623730963,0.9,0.92,4.0
Nb-O-Sb,2,0.94,0.6222539674441617,0.5,1.38,3.0
Nb-O-Sc,2,0.6699999999999999,0.07071067811865478,0.62,0.72,3.0
Nb-O-Si,2,1.01,0.04242640687119289,0.98,1.04,3.0
Nb-O-Sn,2,0.52,0.5374011537017761,0.14,0.9,3.0
Nb-O-Sr,2,0.5,1.0465180361560904,-0.24,1.24,3.0
Nb-O-Ta,2,0.81,0.3252691193458119,0.58,1.04,3.0
Nb-O-Te,2,1.18,0.6505382386916236,0.72,1.64,3.0
Nb-O-Ti,2,0.6499999999999999,0.24041630560342608,0.48,0.82,3.0
Nb-O-Tl,2,0.67,0.9475230867899738,0.0,1.34,3.0
Nb-O-V,2,0.45,0.014142135623730963,0.44,0.46,3.0
Nb-O-W,2,1.13,0.15556349186104035,1.02,1.24,3.0
Nb-O-Y,2,0.5900000000000001,0.29698484809834996,0.38,0.8,3.0
Nb-O-Zn,2,0.59,0.38183766184073564,0.32,0.86,3.0
Nb-O-Zr,2,0.61,0.04242640687119289,0.58,0.64,3.0
Ni-O-Os,2,1.5699999999999998,0.18384776310850245,1.44,1.7,3.0
Ni-O-Os-S,2,1.34,0.33941125496954283,1.1,1.58,4.0
Ni-O-Pb,2,1.33,0.6363961030678927,0.88,1.78,3.0
Ni-O-Pb-S,2,1.12,0.14142135623730956,1.02,1.22,4.0
Ni-O-Pd,2,1.76,0.33941125496954283,1.52,2.0,3.0
Ni-O-Pd-S,2,1.23,0.04242640687119289,1.2,1.26,4.0
Ni-O-Pt,2,1.7200000000000002,0.19798989873223324,1.58,1.86,3.0
Ni-O-Pt-S,2,1.35,0.014142135623730963,1.34,1.36,4.0
Ni-O-Rb,2,2.17,1.4283556979968262,1.16,3.18,3.0
Ni-O-Rb-S,2,2.56,1.3859292911256331,1.58,3.54,4.0
Ni-O-Re,2,1.37,0.6929646455628166,0.88,1.86,3.0
Ni-O-Re-S,2,1.1800000000000002,0.5374011537017761,0.8,1.56,4.0
Ni-O-Rh,2,1.7,0.05656854249492385,1.66,1.74,3.0
Ni-O-Rh-S,2,1.2599999999999998,0.16970562748477133,1.14,1.38,4.0
Ni-O-Ru,2,1.53,0.014142135623730963,1.52,1.54,3.0
Ni-O-Ru-S,2,1.09,0.04242640687119289,1.06,1.12,4.0
Ni-O-S-Sb,2,0.86,0.028284271247461926,0.84,0.88,4.0
Ni-O-S-Sc,2,0.8999999999999999,0.05656854249492382,0.86,0.94,4.0
Ni-O-S-Si,2,1.4,0.42426406871192834,1.1,1.7,4.0
Ni-O-S-Sn,2,0.94,0.08485281374238574,0.88,1.0,4.0
Ni-O-S-Sr,2,1.3199999999999998,0.4808326112068524,0.98,1.66,4.0
Ni-O-S-Ta,2,0.84,0.8202438661763951,0.26,1.42,4.0
Ni-O-S-Te,2,1.15,0.18384776310850245,1.02,1.28,4.0
Ni-O-S-Ti,2,0.8500000000000001,0.3252691193458119,0.62,1.08,4.0
Ni-O-S-Tl,2,1.21,0.1272792206135786,1.12,1.3,4.0
Ni-O-S-V,2,0.72,0.31112698372208086,0.5,0.94,4.0
Ni-O-S-W,2,1.2,0.7919595949289332,0.64,1.76,4.0
Ni-O-S-Y,2,0.85,0.15556349186104043,0.74,0.96,4.0
Ni-O-S-Zn,2,1.49,0.6081118318204308,1.06,1.92,4.0
Ni-O-S-Zr,2,0.88,0.22627416997969527,0.72,1.04,4.0
Ni-O-Sb,2,0.93,0.24041630560342622,0.76,1.1,3.0
Ni-O-Sc,2,1.18,0.33941125496954283,0.94,1.42,3.0
Ni-O-Si,2,1.25,0.46669047558312143,0.92,1.58,3.0
Ni-O-Sn,2,0.8,0.0,0.8,0.8,3.0
Ni-O-Sr,2,1.11,0.6646803743153546,0.64,1.58,3.0
Ni-O-Ta,2,0.8300000000000001,0.6363961030678928,0.38,1.28,3.0
Ni-O-Te,2,1.1800000000000002,0.14142135623730956,1.08,1.28,3.0
Ni-O-Ti,2,0.75,0.4101219330881976,0.46,1.04,3.0
Ni-O-Tl,2,1.3599999999999999,0.3111269837220811,1.14,1.58,3.0
Ni-O-V,2,0.76,0.05656854249492385,0.72,0.8,3.0
Ni-O-W,2,1.1300000000000001,0.6363961030678928,0.68,1.58,3.0
Ni-O-Y,2,1.22,0.8202438661763952,0.64,1.8,3.0
Ni-O-Zn,2,1.29,0.04242640687119289,1.26,1.32,3.0
Ni-O-Zr,2,1.03,0.07071067811865482,0.98,1.08,3.0
O-Os-Pb,2,1.5799999999999998,1.0748023074035522,0.82,2.34,3.0
O-Os-Pb-S,2,1.31,0.4384062043356595,1.0,1.62,4.0
O-Os-Pd,2,1.71,0.5232590180780451,1.34,2.08,3.0
O-Os-Pd-S,2,1.52,0.45254833995939053,1.2,1.84,4.0
O-Os-Pt,2,1.96,0.311126983722081,1.74,2.18,3.0
O-Os-Pt-S,2,1.58,0.16970562748477133,1.46,1.7,4.0
O-Os-Rb,2,2.0700000000000003,2.135462479183374,0.56,3.58,3.0
O-Os-Rb-S,2,2.73,2.107178207935912,1.24,4.22,4.0
O-Os-Re,2,1.92,0.2545584412271571,1.74,2.1,3.0
O-Os-Re-S,2,1.44,0.16970562748477147,1.32,1.56,4.0
O-Os-Rh,2,1.76,0.25455844122715704,1.58,1.94,3.0
O-Os-Rh-S,2,1.55,0.268700576850888,1.36,1.74,4.0
O-Os-Ru,2,1.9100000000000001,0.35355339059327384,1.66,2.16,3.0
O-Os-Ru-S,2,1.5899999999999999,0.15556349186104051,1.48,1.7,4.0
O-Os-S-Sb,2,1.17,0.21213203435596437,1.02,1.32,4.0
O-Os-S-Sc,2,1.38,0.3959797974644666,1.1,1.66,4.0
O-Os-S-Si,2,1.72,0.08485281374238578,1.66,1.78,4.0
O-Os-S-Sn,2,1.19,0.268700576850888,1.0,1.38,4.0
O-Os-S-Sr,2,1.25,0.5232590180780452,0.88,1.62,4.0
O-Os-S-Ta,2,1.37,0.32526911934581193,1.14,1.6,4.0
O-Os-S-Te,2,1.31,0.1838477631085023,1.18,1.44,4.0
O-Os-S-Ti,2,1.0899999999999999,0.2121320343559642,0.94,1.24,4.0
O-Os-S-Tl,2,1.3,0.45254833995939053,0.98,1.62,4.0
O-Os-S-V,2,1.0,0.08485281374238578,0.94,1.06,4.0
O-Os-S-W,2,1.46,0.45254833995939053,1.14,1.78,4.0
O-Os-S-Y,2,1.06,0.16970562748477133,0.94,1.18,4.0
O-Os-S-Zn,2,1.46,0.42426406871192857,1.16,1.76,4.0
O-Os-S-Zr,2,1.3399999999999999,0.42426406871192834,1.04,1.64,4.0
O-Os-Sb,2,1.32,0.31112698372208086,1.1,1.54,3.0
O-Os-Sc,2,1.3900000000000001,0.12727922061357844,1.3,1.48,3.0
O-Os-Si,2,1.8399999999999999,0.16970562748477133,1.72,1.96,3.0
O-Os-Sn,2,1.14,0.36769552621700463,0.88,1.4,3.0
O-Os-Sr,2,1.2000000000000002,0.9333809511662428,0.54,1.86,3.0
O-Os-Ta,2,1.2999999999999998,0.16970562748477147,1.18,1.42,3.0
O-Os-Te,2,1.6,0.25455844122715726,1.42,1.78,3.0
O-Os-Ti,2,1.43,0.4101219330881976,1.14,1.72,3.0
O-Os-Tl,2,1.75,1.2020815280171309,0.9,2.6,3.0
O-Os-V,2,1.34,0.33941125496954283,1.1,1.58,3.0
O-Os-W,2,1.76,0.36769552621700474,1.5,2.02,3.0
O-Os-Y,2,1.61,0.7495331880577404,1.08,2.14,3.0
O-Os-Zn,2,1.3399999999999999,0.42426406871192834,1.04,1.64,3.0
O-Os-Zr,2,1.28,0.2262741699796951,1.12,1.44,3.0
O-Pb-Pd,2,1.43,0.4101219330881976,1.14,1.72,3.0
O-Pb-Pd-S,2,1.1400000000000001,0.02828427124746185,1.12,1.16,4.0
O-Pb-Pt,2,1.26,0.28284271247461895,1.06,1.46,3.0
O-Pb-Pt-S,2,1.15,0.09899494936611666,1.08,1.22,4.0
O-Pb-Rb,2,1.14,0.42426406871192857,0.84,1.44,3.0
O-Pb-Rb-S,2,1.96,0.7353910524340095,1.44,2.48,4.0
O-Pb-Re,2,1.05,0.834386001800126,0.46,1.64,3.0
O-Pb-Re-S,2,1.15,0.636396103067893,0.7,1.6,4.0
O-Pb-Rh,2,1.17,0.3818376618407356,0.9,1.44,3.0
O-Pb-Rh-S,2,1.0899999999999999,0.1838477631085023,0.96,1.22,4.0
O-Pb-Ru,2,1.32,0.7636753236814714,0.78,1.86,3.0
O-Pb-Ru-S,2,1.14,0.3394112549695428,0.9,1.38,4.0
O-Pb-S-Sb,2,0.8600000000000001,0.33941125496954283,0.62,1.1,4.0
O-Pb-S-Sc,2,1.16,0.31112698372208086,0.94,1.38,4.0
O-Pb-S-Si,2,1.3800000000000001,0.6788225099390857,0.9,1.86,4.0
O-Pb-S-Sn,2,0.77,0.26870057685088805,0.58,0.96,4.0
O-Pb-S-Sr,2,1.1400000000000001,0.02828427124746185,1.12,1.16,4.0
O-Pb-S-Ta,2,1.2,1.1596551211459378,0.38,2.02,4.0
O-Pb-S-Te,2,0.97,0.2969848480983499,0.76,1.18,4.0
O-Pb-S-Ti,2,0.98,0.7919595949289333,0.42,1.54,4.0
O-Pb-S-Tl,2,1.25,0.09899494936611673,1.18,1.32,4.0
O-Pb-S-V,2,0.74,0.5656854249492379,0.34,1.14,4.0
O-Pb-S-W,2,1.05,0.6363961030678927,0.6,1.5,4.0
O-Pb-S-Y,2,1.05,0.3252691193458119,0.82,1.28,4.0
O-Pb-S-Zn,2,1.13,0.04242640687119281,1.1,1.16,4.0
O-Pb-S-Zr,2,1.02,0.7636753236814714,0.48,1.56,4.0
O-Pb-Sb,2,0.7,0.3676955262170047,0.44,0.96,3.0
O-Pb-Sc,2,1.1,0.7071067811865476,0.6,1.6,3.0
O-Pb-Si,2,1.1099999999999999,0.8909545442950498,0.48,1.74,3.0
O-Pb-Sn,2,0.54,0.36769552621700474,0.28,0.8,3.0
O-Pb-Sr,2,0.9400000000000001,0.5656854249492381,0.54,1.34,3.0
O-Pb-Ta,2,0.87,0.9758073580374356,0.18,1.56,3.0
O-Pb-Te,2,0.9099999999999999,0.3818376618407356,0.64,1.18,3.0
O-Pb-Ti,2,0.72,0.9333809511662426,0.06,1.38,3.0
O-Pb-Tl,2,1.1099999999999999,0.07071067811865459,1.06,1.16,3.0
O-Pb-V,2,0.75,1.0040916292848974,0.04,1.46,3.0
O-Pb-W,2,0.87,0.9192388155425119,0.22,1.52,3.0
O-Pb-Y,2,0.98,0.5374011537017762,0.6,1.36,3.0
O-Pb-Zn,2,1.0,0.0,1.0,1.0,3.0
O-Pb-Zr,2,0.6900000000000001,0.862670273047588,0.08,1.3,3.0
O-Pd-Pt,2,1.77,0.04242640687119289,1.74,1.8,3.0
O-Pd-Pt-S,2,1.43,0.07071067811865482,1.38,1.48,4.0
O-Pd-Rb,2,2.1,1.1879393923933999,1.26,2.94,3.0
O-Pd-Rb-S,2,2.5,1.1879393923933999,1.66,3.34,4.0
O-Pd-Re,2,1.31,0.7212489168102785,0.8,1.82,3.0
O-Pd-Re-S,2,1.29,0.6081118318204308,0.86,1.72,4.0
O-Pd-Rh,2,1.75,0.04242640687119289,1.72,1.78,3.0
O-Pd-Rh-S,2,1.3399999999999999,0.16970562748477133,1.22,1.46,4.0
O-Pd-Ru,2,1.6400000000000001,0.2545584412271571,1.46,1.82,3.0
O-Pd-Ru-S,2,1.3900000000000001,0.2687005768508882,1.2,1.58,4.0
O-Pd-S-Sb,2,0.94,0.14142135623730953,0.84,1.04,4.0
O-Pd-S-Sc,2,1.16,0.36769552621700463,0.9,1.42,4.0
O-Pd-S-Si,2,1.6,0.4242640687119285,1.3,1.9,4.0
O-Pd-S-Sn,2,0.98,0.16970562748477144,0.86,1.1,4.0
O-Pd-S-Sr,2,1.81,0.9758073580374355,1.12,2.5,4.0
O-Pd-S-Ta,2,1.14,1.0465180361560902,0.4,1.88,4.0
O-Pd-S-Te,2,1.13,0.1838477631085023,1.0,1.26,4.0
O-Pd-S-Ti,2,1.0899999999999999,0.551543289325507,0.7,1.48,4.0
O-Pd-S-Tl,2,1.23,0.014142135623730963,1.22,1.24,4.0
O-Pd-S-V,2,1.01,0.4101219330881976,0.72,1.3,4.0
O-Pd-S-W,2,1.1600000000000001,0.6505382386916237,0.7,1.62,4.0
O-Pd-S-Y,2,0.95,0.04242640687119277,0.92,0.98,4.0
O-Pd-S-Zn,2,1.2000000000000002,0.16970562748477147,1.08,1.32,4.0
O-Pd-S-Zr,2,1.0899999999999999,0.46669047558312127,0.76,1.42,4.0
O-Pd-Sb,2,1.08,0.028284271247461926,1.06,1.1,3.0
O-Pd-Sc,2,1.4500000000000002,0.1272792206135786,1.36,1.54,3.0
O-Pd-Si,2,1.52,0.6505382386916236,1.06,1.98,3.0
O-Pd-Sn,2,1.11,0.014142135623730963,1.1,1.12,3.0
O-Pd-Sr,2,1.54,0.8202438661763952,0.96,2.12,3.0
O-Pd-Ta,2,0.83,0.7778174593052022,0.28,1.38,3.0
O-Pd-Te,2,1.37,0.04242640687119281,1.34,1.4,3.0
O-Pd-Ti,2,1.16,0.4525483399593904,0.84,1.48,3.0
O-Pd-Tl,2,1.69,0.46669047558312127,1.36,2.02,3.0
O-Pd-V,2,0.9199999999999999,0.42426406871192857,0.62,1.22,3.0
O-Pd-W,2,1.1,0.7919595949289331,0.54,1.66,3.0
O-Pd-Y,2,1.28,0.36769552621700474,1.02,1.54,3.0
O-Pd-Zn,2,1.53,0.3252691193458118,1.3,1.76,3.0
O-Pd-Zr,2,1.3599999999999999,0.5939696961966999,0.94,1.78,3.0
O-Pt-Rb,2,2.21,1.5132085117392116,1.14,3.28,3.0
O-Pt-Rb-S,2,2.66,1.470782104868019,1.62,3.7,4.0
O-Pt-Re,2,1.6400000000000001,0.5939696961967,1.22,2.06,3.0
O-Pt-Re-S,2,1.4500000000000002,0.49497474683058335,1.1,1.8,4.0
O-Pt-Rh,2,1.8599999999999999,0.28284271247461906,1.66,2.06,3.0
O-Pt-Rh-S,2,1.42,0.11313708498984763,1.34,1.5,4.0
O-Pt-Ru,2,1.85,0.07071067811865459,1.8,1.9,3.0
O-Pt-Ru-S,2,1.5299999999999998,0.15556349186104051,1.42,1.64,4.0
O-Pt-S-Sb,2,1.05,0.07071067811865482,1.0,1.1,4.0
O-Pt-S-Sc,2,1.22,0.31112698372208086,1.0,1.44,4.0
O-Pt-S-Si,2,1.72,0.28284271247461895,1.52,1.92,4.0
O-Pt-S-Sn,2,1.01,0.09899494936611673,0.94,1.08,4.0
O-Pt-S-Sr,2,1.27,0.1838477631085023,1.14,1.4,4.0
O-Pt-S-Ta,2,0.98,0.5091168824543143,0.62,1.34,4.0
O-Pt-S-Te,2,1.25,0.1272792206135787,1.16,1.34,4.0
O-Pt-S-Ti,2,1.24,0.5656854249492379,0.84,1.64,4.0
O-Pt-S-Tl,2,1.32,0.0,1.32,1.32,4.0
O-Pt-S-V,2,1.12,0.28284271247461906,0.92,1.32,4.0
O-Pt-S-W,2,1.3199999999999998,0.5374011537017761,0.94,1.7,4.0
O-Pt-S-Y,2,1.13,0.18384776310850245,1.0,1.26,4.0
O-Pt-S-Zn,2,1.67,0.5232590180780451,1.3,2.04,4.0
O-Pt-S-Zr,2,1.22,0.4525483399593905,0.9,1.54,4.0
O-Pt-Sb,2,1.3199999999999998,0.1414213562373094,1.22,1.42,3.0
O-Pt-Sc,2,1.4900000000000002,0.1838477631085023,1.36,1.62,3.0
O-Pt-Si,2,1.7,0.42426406871192857,1.4,2.0,3.0
O-Pt-Sn,2,1.26,0.2262741699796951,1.1,1.42,3.0
O-Pt-Sr,2,1.65,1.145512985522207,0.84,2.46,3.0
O-Pt-Ta,2,1.12,0.6505382386916237,0.66,1.58,3.0
O-Pt-Te,2,1.63,0.1272792206135786,1.54,1.72,3.0
O-Pt-Ti,2,1.58,0.622253967444162,1.14,2.02,3.0
O-Pt-Tl,2,1.52,0.25455844122715704,1.34,1.7,3.0
O-Pt-V,2,1.1800000000000002,0.16970562748477133,1.06,1.3,3.0
O-Pt-W,2,1.38,0.5939696961966999,0.96,1.8,3.0
O-Pt-Y,2,1.48,0.48083261120685244,1.14,1.82,3.0
O-Pt-Zn,2,1.65,0.4949747468305831,1.3,2.0,3.0
O-Pt-Zr,2,1.3900000000000001,0.2121320343559642,1.24,1.54,3.0
O-Rb-Re,2,1.04,1.3859292911256331,0.06,2.02,3.0
O-Rb-Re-S,2,2.46,2.064751801064719,1.0,3.92,4.0
O-Rb-Rh,2,2.0300000000000002,1.513208511739212,0.96,3.1,3.0
O-Rb-Rh-S,2,2.54,1.5273506473629428,1.46,3.62,4.0
O-Rb-Ru,2,1.9100000000000001,1.7394826817189069,0.68,3.14,3.0
O-Rb-Ru-S,2,2.57,1.7960512242138307,1.3,3.84,4.0
O-Rb-S-Sb,2,1.89,1.2869343417595163,0.98,2.8,4.0
O-Rb-S-Sc,2,2.21,1.3435028842544403,1.26,3.16,4.0
O-Rb-S-Si,2,2.52,1.5556349186104046,1.42,3.62,4.0
O-Rb-S-Sn,2,1.85,1.0323759005323594,1.12,2.58,4.0
O-Rb-S-Sr,2,2.1399999999999997,0.31112698372208103,1.92,2.36,4.0
O-Rb-S-Ta,2,2.0300000000000002,2.3051681066681446,0.4,3.66,4.0
O-Rb-S-Te,2,1.95,1.3435028842544403,1.0,2.9,4.0
O-Rb-S-Ti,2,2.14,1.8384776310850235,0.84,3.44,4.0
O-Rb-S-Tl,2,2.1,0.6505382386916237,1.64,2.56,4.0
O-Rb-S-V,2,2.2,2.0364675298172568,0.76,3.64,4.0
O-Rb-S-W,2,2.53,2.4465894629054543,0.8,4.26,4.0
O-Rb-S-Y,2,2.04,1.103086578651014,1.26,2.82,4.0
O-Rb-S-Zn,2,2.54,0.9899494936611666,1.84,3.24,4.0
O-Rb-S-Zr,2,2.17,1.8526197667087545,0.86,3.48,4.0
O-Rb-Sb,2,1.3199999999999998,1.5273506473629426,0.24,2.4,3.0
O-Rb-Sc,2,1.6900000000000002,1.456639969244288,0.66,2.72,3.0
O-Rb-Si,2,1.54,1.0748023074035522,0.78,2.3,3.0
O-Rb-Sn,2,1.29,1.2586500705120547,0.4,2.18,3.0
O-Rb-Sr,2,1.52,0.36769552621700474,1.26,1.78,3.0
O-Rb-Ta,2,0.54,1.5839191898578664,-0.58,1.66,3.0
O-Rb-Te,2,1.57,1.5980613254815976,0.44,2.7,3.0
O-Rb-Ti,2,1.05,1.145512985522207,0.24,1.86,3.0
O-Rb-Tl,2,1.73,0.7778174593052021,1.18,2.28,3.0
O-Rb-V,2,0.72,1.0748023074035522,-0.04,1.48,3.0
O-Rb-W,2,0.82,1.4990663761154808,-0.24,1.88,3.0
O-Rb-Y,2,1.52,1.103086578651014,0.74,2.3,3.0
O-Rb-Zn,2,1.9700000000000002,1.0040916292848974,1.26,2.68,3.0
O-Rb-Zr,2,0.97,1.1737972567696688,0.14,1.8,3.0
O-Re-Rh,2,1.37,0.4666904755831214,1.04,1.7,3.0
O-Re-Rh-S,2,1.38,0.4242640687119285,1.08,1.68,4.0
O-Re-Ru,2,1.38,0.3111269837220811,1.16,1.6,3.0
O-Re-Ru-S,2,1.3399999999999999,0.45254833995939026,1.02,1.66,4.0
O-Re-S-Sb,2,1.14,0.33941125496954266,0.9,1.38,4.0
O-Re-S-Sc,2,1.13,0.15556349186104051,1.02,1.24,4.0
O-Re-S-Si,2,1.6800000000000002,0.22627416997969516,1.52,1.84,4.0
O-Re-S-Sn,2,1.1600000000000001,0.622253967444162,0.72,1.6,4.0
O-Re-S-Sr,2,1.23,0.6929646455628166,0.74,1.72,4.0
O-Re-S-Ta,2,0.93,0.18384776310850237,0.8,1.06,4.0
O-Re-S-Te,2,1.33,0.3252691193458118,1.1,1.56,4.0
O-Re-S-Ti,2,1.0899999999999999,0.07071067811865474,1.04,1.14,4.0
O-Re-S-Tl,2,1.21,0.6646803743153546,0.74,1.68,4.0
O-Re-S-V,2,0.8500000000000001,0.0707106781186547,0.8,0.9,4.0
O-Re-S-W,2,1.1800000000000002,0.08485281374238571,1.12,1.24,4.0
O-Re-S-Y,2,1.1,0.28284271247461906,0.9,1.3,4.0
O-Re-S-Zn,2,1.29,0.5232590180780451,0.92,1.66,4.0
O-Re-S-Zr,2,1.15,0.04242640687119265,1.12,1.18,4.0
O-Re-Sb,2,1.31,0.5798275605729689,0.9,1.72,3.0
O-Re-Sc,2,1.12,0.056568542494923615,1.08,1.16,3.0
O-Re-Si,2,1.56,0.08485281374238578,1.5,1.62,3.0
O-Re-Sn,2,0.92,0.5091168824543142,0.56,1.28,3.0
O-Re-Sr,2,0.94,1.103086578651014,0.16,1.72,3.0
O-Re-Ta,2,1.1400000000000001,0.056568542494923615,1.1,1.18,3.0
O-Re-Te,2,1.55,0.6363961030678927,1.1,2.0,3.0
O-Re-Ti,2,1.1,0.25455844122715704,0.92,1.28,3.0
O-Re-Tl,2,1.44,1.442497833620557,0.42,2.46,3.0
O-Re-V,2,1.04,0.3111269837220809,0.82,1.26,3.0
O-Re-W,2,1.52,0.14142135623730964,1.42,1.62,3.0
O-Re-Y,2,1.11,0.2687005768508881,0.92,1.3,3.0
O-Re-Zn,2,1.01,0.5232590180780451,0.64,1.38,3.0
O-Re-Zr,2,1.1,0.1414213562373094,1.0,1.2,3.0
O-Rh-Ru,2,1.6400000000000001,0.02828427124746169,1.62,1.66,3.0
O-Rh-Ru-S,2,1.3599999999999999,0.1414213562373094,1.26,1.46,4.0
O-Rh-S-Sb,2,0.95,0.014142135623730963,0.94,0.96,4.0
O-Rh-S-Sc,2,1.07,0.2687005768508881,0.88,1.26,4.0
O-Rh-S-Si,2,1.5699999999999998,0.24041630560342614,1.4,1.74,4.0
O-Rh-S-Sn,2,0.96,0.028284271247461926,0.94,0.98,4.0
O-Rh-S-Sr,2,1.17,0.2969848480983499,0.96,1.38,4.0
O-Rh-S-Ta,2,0.95,0.6081118318204308,0.52,1.38,4.0
O-Rh-S-Te,2,1.1400000000000001,0.056568542494923775,1.1,1.18,4.0
O-Rh-S-Ti,2,1.16,0.42426406871192845,0.86,1.46,4.0
O-Rh-S-Tl,2,1.2200000000000002,0.16970562748477147,1.1,1.34,4.0
O-Rh-S-V,2,0.95,0.2969848480983499,0.74,1.16,4.0
O-Rh-S-W,2,1.28,0.48083261120685244,0.94,1.62,4.0
O-Rh-S-Y,2,1.0,0.08485281374238578,0.94,1.06,4.0
O-Rh-S-Zn,2,1.5499999999999998,0.551543289325507,1.16,1.94,4.0
O-Rh-S-Zr,2,1.1,0.4525483399593904,0.78,1.42,4.0
O-Rh-Sb,2,1.1099999999999999,0.1838477631085023,0.98,1.24,3.0
O-Rh-Sc,2,1.28,0.25455844122715704,1.1,1.46,3.0
O-Rh-Si,2,1.45,0.4384062043356595,1.14,1.76,3.0
O-Rh-Sn,2,1.06,0.2262741699796952,0.9,1.22,3.0
O-Rh-Sr,2,1.5,1.1596551211459378,0.68,2.32,3.0
O-Rh-Ta,2,0.88,0.5656854249492381,0.48,1.28,3.0
O-Rh-Te,2,1.4100000000000001,0.15556349186104035,1.3,1.52,3.0
O-Rh-Ti,2,1.06,0.36769552621700474,0.8,1.32,3.0
O-Rh-Tl,2,1.4,0.36769552621700474,1.14,1.66,3.0
O-Rh-V,2,0.94,0.14142135623730953,0.84,1.04,3.0
O-Rh-W,2,1.1800000000000002,0.5374011537017761,0.8,1.56,3.0
O-Rh-Y,2,1.29,0.551543289325507,0.9,1.68,3.0
O-Rh-Zn,2,1.26,0.25455844122715704,1.08,1.44,3.0
O-Rh-Zr,2,1.3399999999999999,0.4242640687119285,1.04,1.64,3.0
O-Ru-S-Sb,2,1.01,0.12727922061357863,0.92,1.1,4.0
O-Ru-S-Sc,2,1.1800000000000002,0.22627416997969516,1.02,1.34,4.0
O-Ru-S-Si,2,1.5699999999999998,0.1272792206135786,1.48,1.66,4.0
O-Ru-S-Sn,2,1.0,0.16970562748477153,0.88,1.12,4.0
O-Ru-S-Sr,2,1.18,0.42426406871192845,0.88,1.48,4.0
O-Ru-S-Ta,2,1.1099999999999999,0.43840620433565947,0.8,1.42,4.0
O-Ru-S-Te,2,1.2,0.08485281374238578,1.14,1.26,4.0
O-Ru-S-Ti,2,1.14,0.4525483399593904,0.82,1.46,4.0
O-Ru-S-Tl,2,1.23,0.3252691193458118,1.0,1.46,4.0
O-Ru-S-V,2,0.9199999999999999,0.31112698372208086,0.7,1.14,4.0
O-Ru-S-W,2,1.25,0.551543289325507,0.86,1.64,4.0
O-Ru-S-Y,2,0.98,0.1414213562373096,0.88,1.08,4.0
O-Ru-S-Zn,2,1.53,0.6363961030678927,1.08,1.98,4.0
O-Ru-S-Zr,2,1.17,0.4101219330881976,0.88,1.46,4.0
O-Ru-Sb,2,1.1400000000000001,0.2828427124746192,0.94,1.34,3.0
O-Ru-Sc,2,1.4100000000000001,0.07071067811865474,1.36,1.46,3.0
O-Ru-Si,2,1.4100000000000001,0.29698484809834996,1.2,1.62,3.0
O-Ru-Sn,2,1.03,0.3252691193458118,0.8,1.26,3.0
O-Ru-Sr,2,1.63,1.5980613254815972,0.5,2.76,3.0
O-Ru-Ta,2,0.9199999999999999,0.42426406871192845,0.62,1.22,3.0
O-Ru-Te,2,1.44,0.25455844122715726,1.26,1.62,3.0
O-Ru-Ti,2,1.2999999999999998,0.48083261120685217,0.96,1.64,3.0
O-Ru-Tl,2,1.56,0.8485281374238571,0.96,2.16,3.0
O-Ru-V,2,1.08,0.28284271247461906,0.88,1.28,3.0
O-Ru-W,2,1.22,0.39597979746446665,0.94,1.5,3.0
O-Ru-Y,2,1.17,0.1838477631085023,1.04,1.3,3.0
O-Ru-Zn,2,1.24,0.33941125496954283,1.0,1.48,3.0
O-Ru-Zr,2,1.1600000000000001,0.11313708498984763,1.08,1.24,3.0
O-S-Sb-Sc,2,1.0,0.33941125496954283,0.76,1.24,4.0
O-S-Sb-Si,2,1.27,0.3252691193458118,1.04,1.5,4.0
O-S-Sb-Sn,2,0.76,0.05656854249492385,0.72,0.8,4.0
O-S-Sb-Sr,2,0.8400000000000001,0.33941125496954283,0.6,1.08,4.0
O-S-Sb-Ta,2,1.04,0.8202438661763952,0.46,1.62,4.0
O-S-Sb-Te,2,1.01,0.09899494936611673,0.94,1.08,4.0
O-S-Sb-Ti,2,1.04,0.5939696961966999,0.62,1.46,4.0
O-S-Sb-Tl,2,0.94,0.28284271247461895,0.74,1.14,4.0
O-S-Sb-V,2,0.8300000000000001,0.4101219330881976,0.54,1.12,4.0
O-S-Sb-W,2,1.08,0.39597979746446665,0.8,1.36,4.0
O-S-Sb-Y,2,0.96,0.08485281374238567,0.9,1.02,4.0
O-S-Sb-Zn,2,0.97,0.12727922061357855,0.88,1.06,4.0
O-S-Sb-Zr,2,0.99,0.4101219330881976,0.7,1.28,4.0
O-S-Sc-Si,2,1.06,0.2262741699796952,0.9,1.22,4.0
O-S-Sc-Sn,2,1.03,0.18384776310850226,0.9,1.16,4.0
O-S-Sc-Sr,2,1.09,0.3818376618407357,0.82,1.36,4.0
O-S-Sc-Ta,2,0.8799999999999999,0.3676955262170047,0.62,1.14,4.0
O-S-Sc-Te,2,1.04,0.19798989873223322,0.9,1.18,4.0
O-S-Sc-Ti,2,0.7,0.25455844122715715,0.52,0.88,4.0
O-S-Sc-Tl,2,1.49,0.5798275605729689,1.08,1.9,4.0
O-S-Sc-V,2,0.79,0.12727922061357863,0.7,0.88,4.0
O-S-Sc-W,2,1.19,0.3252691193458118,0.96,1.42,4.0
O-S-Sc-Y,2,0.9199999999999999,0.33941125496954266,0.68,1.16,4.0
O-S-Sc-Zn,2,1.24,0.42426406871192857,0.94,1.54,4.0
O-S-Sc-Zr,2,1.0,0.16970562748477144,0.88,1.12,4.0
O-S-Si-Sn,2,1.2,0.3959797974644666,0.92,1.48,4.0
O-S-Si-Sr,2,1.3,0.7353910524340095,0.78,1.82,4.0
O-S-Si-Ta,2,1.23,0.268700576850888,1.04,1.42,4.0
O-S-Si-Te,2,1.3900000000000001,0.26870057685088805,1.2,1.58,4.0
O-S-Si-Ti,2,1.02,0.16970562748477128,0.9,1.14,4.0
O-S-Si-Tl,2,1.51,0.6363961030678927,1.06,1.96,4.0
O-S-Si-V,2,1.1400000000000001,0.02828427124746169,1.12,1.16,4.0
O-S-Si-W,2,1.5899999999999999,0.21213203435596437,1.44,1.74,4.0
O-S-Si-Y,2,1.1099999999999999,0.38183766184073564,0.84,1.38,4.0
O-S-Si-Zn,2,1.38,0.39597979746446643,1.1,1.66,4.0
O-S-Si-Zr,2,1.03,0.1272792206135787,0.94,1.12,4.0
O-S-Sn-Sr,2,0.8500000000000001,0.3252691193458119,0.62,1.08,4.0
O-S-Sn-Ta,2,0.77,0.7212489168102785,0.26,1.28,4.0
O-S-Sn-Te,2,0.9,0.14142135623730948,0.8,1.0,4.0
O-S-Sn-Ti,2,0.88,0.5656854249492381,0.48,1.28,4.0
O-S-Sn-Tl,2,1.0,0.25455844122715704,0.82,1.18,4.0
O-S-Sn-V,2,0.62,0.31112698372208086,0.4,0.84,4.0
O-S-Sn-W,2,0.97,0.5798275605729689,0.56,1.38,4.0
O-S-Sn-Y,2,0.9199999999999999,0.08485281374238574,0.86,0.98,4.0
O-S-Sn-Zn,2,1.03,0.3252691193458118,0.8,1.26,4.0
O-S-Sn-Zr,2,0.96,0.6222539674441617,0.52,1.4,4.0
O-S-Sr-Ta,2,1.1099999999999999,0.834386001800126,0.52,1.7,4.0
O-S-Sr-Te,2,0.9099999999999999,0.3252691193458118,0.68,1.14,4.0
O-S-Sr-Ti,2,1.5699999999999998,1.7677669529663687,0.32,2.82,4.0
O-S-Sr-Tl,2,1.52,0.36769552621700474,1.26,1.78,4.0
O-S-Sr-V,2,0.8700000000000001,0.6646803743153546,0.4,1.34,4.0
O-S-Sr-W,2,1.17,0.6929646455628165,0.68,1.66,4.0
O-S-Sr-Y,2,1.03,0.3252691193458118,0.8,1.26,4.0
O-S-Sr-Zn,2,1.29,0.09899494936611673,1.22,1.36,4.0
O-S-Sr-Zr,2,0.97,0.8343860018001261,0.38,1.56,4.0
O-S-Ta-Te,2,1.01,0.5232590180780451,0.64,1.38,4.0
O-S-Ta-Ti,2,0.7,0.08485281374238574,0.64,0.76,4.0
O-S-Ta-Tl,2,0.9600000000000001,0.9333809511662429,0.3,1.62,4.0
O-S-Ta-V,2,0.54,0.282842712474619,0.34,0.74,4.0
O-S-Ta-W,2,0.86,0.11313708498984755,0.78,0.94,4.0
O-S-Ta-Y,2,1.02,0.16970562748477128,0.9,1.14,4.0
O-S-Ta-Zn,2,1.09,0.9192388155425117,0.44,1.74,4.0
O-S-Ta-Zr,2,0.8400000000000001,0.05656854249492373,0.8,0.88,4.0
O-S-Te-Ti,2,1.19,0.5232590180780453,0.82,1.56,4.0
O-S-Te-Tl,2,1.04,0.3111269837220809,0.82,1.26,4.0
O-S-Te-V,2,1.04,0.36769552621700474,0.78,1.3,4.0
O-S-Te-W,2,1.27,0.4101219330881976,0.98,1.56,4.0
O-S-Te-Y,2,1.01,0.04242640687119289,0.98,1.04,4.0
O-S-Te-Zn,2,1.12,0.16970562748477147,1.0,1.24,4.0
O-S-Te-Zr,2,1.09,0.3818376618407357,0.82,1.36,4.0
O-S-Ti-Tl,2,1.05,0.6646803743153548,0.58,1.52,4.0
O-S-Ti-V,2,0.7,0.14142135623730953,0.6,0.8,4.0
O-S-Ti-W,2,1.02,0.0,1.02,1.02,4.0
O-S-Ti-Y,2,0.76,0.39597979746446665,0.48,1.04,4.0
O-S-Ti-Zn,2,1.27,0.8626702730475879,0.66,1.88,4.0
O-S-Ti-Zr,2,0.8,0.19798989873223322,0.66,0.94,4.0
O-S-Tl-V,2,0.87,0.5232590180780452,0.5,1.24,4.0
O-S-Tl-W,2,1.1,0.7919595949289331,0.54,1.66,4.0
O-S-Tl-Y,2,1.05,0.2687005768508881,0.86,1.24,4.0
O-S-Tl-Zn,2,1.19,0.04242640687119289,1.16,1.22,4.0
O-S-Tl-Zr,2,1.11,0.6929646455628166,0.62,1.6,4.0
O-S-V-W,2,0.78,0.16970562748477142,0.66,0.9,4.0
O-S-V-Y,2,0.75,0.2969848480983499,0.54,0.96,4.0
O-S-V-Zn,2,1.07,0.7495331880577404,0.54,1.6,4.0
O-S-V-Zr,2,0.79,0.12727922061357855,0.7,0.88,4.0
O-S-W-Y,2,1.1,0.3111269837220809,0.88,1.32,4.0
O-S-W-Zn,2,1.3599999999999999,0.905096679918781,0.72,2.0,4.0
O-S-W-Zr,2,1.3900000000000001,0.3818376618407356,1.12,1.66,4.0
O-S-Y-Zn,2,0.96,0.028284271247461926,0.94,0.98,4.0
O-S-Y-Zr,2,0.8999999999999999,0.39597979746446654,0.62,1.18,4.0
O-S-Zn-Zr,2,0.98,0.42426406871192845,0.68,1.28,4.0
O-Sb-Sc,2,0.87,0.5798275605729689,0.46,1.28,3.0
O-Sb-Si,2,1.28,0.48083261120685244,0.94,1.62,3.0
O-Sb-Sn,2,0.5800000000000001,0.028284271247461808,0.56,0.6,3.0
O-Sb-Sr,2,0.64,0.6505382386916237,0.18,1.1,3.0
O-Sb-Ta,2,0.75,0.5798275605729689,0.34,1.16,3.0
O-Sb-Te,2,1.0699999999999998,0.1272792206135786,0.98,1.16,3.0
O-Sb-Ti,2,0.99,0.6363961030678927,0.54,1.44,3.0
O-Sb-Tl,2,0.81,0.3535533905932738,0.56,1.06,3.0
O-Sb-V,2,0.62,0.5091168824543142,0.26,0.98,3.0
O-Sb-W,2,1.19,0.7495331880577404,0.66,1.72,3.0
O-Sb-Y,2,0.8500000000000001,0.32526911934581193,0.62,1.08,3.0
O-Sb-Zn,2,0.82,0.0,0.82,0.82,3.0
O-Sb-Zr,2,0.8099999999999999,0.4949747468305832,0.46,1.16,3.0
O-Sc-Si,2,1.2,0.6505382386916236,0.74,1.66,3.0
O-Sc-Sn,2,0.64,0.16970562748477142,0.52,0.76,3.0
O-Sc-Sr,2,0.8200000000000001,0.6788225099390857,0.34,1.3,3.0
O-Sc-Ta,2,0.5700000000000001,0.014142135623730925,0.56,0.58,3.0
O-Sc-Te,2,0.98,0.31112698372208086,0.76,1.2,3.0
O-Sc-Ti,2,0.43,0.24041630560342614,0.26,0.6,3.0
O-Sc-Tl,2,1.34,0.5939696961966999,0.92,1.76,3.0
O-Sc-V,2,0.45000000000000007,0.1555634918610405,0.34,0.56,3.0
O-Sc-W,2,0.95,0.042426406871192854,0.92,0.98,3.0
O-Sc-Y,2,0.8200000000000001,0.6788225099390857,0.34,1.3,3.0
O-Sc-Zn,2,1.02,0.14142135623730953,0.92,1.12,3.0
O-Sc-Zr,2,0.42000000000000004,0.11313708498984756,0.34,0.5,3.0
O-Si-Sn,2,0.87,0.49497474683058323,0.52,1.22,3.0
O-Si-Sr,2,1.4000000000000001,1.8384776310850237,0.1,2.7,3.0
O-Si-Ta,2,1.05,0.29698484809835,0.84,1.26,3.0
O-Si-Te,2,1.58,0.4808326112068524,1.24,1.92,3.0
O-Si-Ti,2,0.69,0.0989949493661167,0.62,0.76,3.0
O-Si-Tl,2,1.4100000000000001,0.8626702730475879,0.8,2.02,3.0
O-Si-V,2,0.8200000000000001,0.36769552621700474,0.56,1.08,3.0
O-Si-W,2,1.4100000000000001,0.15556349186104035,1.3,1.52,3.0
O-Si-Y,2,1.06,0.4808326112068524,0.72,1.4,3.0
O-Si-Zn,2,1.35,1.145512985522207,0.54,2.16,3.0
O-Si-Zr,2,0.9,0.22627416997969527,0.74,1.06,3.0
O-Sn-Sr,2,0.57,0.8061017305526641,0.0,1.14,3.0
O-Sn-Ta,2,0.52,0.7353910524340095,0.0,1.04,3.0
O-Sn-Te,2,0.8400000000000001,0.25455844122715715,0.66,1.02,3.0
O-Sn-Ti,2,0.67,0.8061017305526642,0.1,1.24,3.0
O-Sn-Tl,2,0.95,0.4666904755831214,0.62,1.28,3.0
O-Sn-V,2,0.33,0.29698484809834996,0.12,0.54,3.0
O-Sn-W,2,0.75,0.6081118318204308,0.32,1.18,3.0
O-Sn-Y,2,0.87,0.014142135623730963,0.86,0.88,3.0
O-Sn-Zn,2,0.7,0.282842712474619,0.5,0.9,3.0
O-Sn-Zr,2,0.62,0.5939696961966999,0.2,1.04,3.0
O-Sr-Ta,2,0.88,1.103086578651014,0.1,1.66,3.0
O-Sr-Te,2,1.18,1.131370849898476,0.38,1.98,3.0
O-Sr-Ti,2,0.63,1.2303657992645927,-0.24,1.5,3.0
O-Sr-Tl,2,1.26,0.537401153701776,0.88,1.64,3.0
O-Sr-V,2,1.0699999999999998,1.8809040379562163,-0.26,2.4,3.0
O-Sr-W,2,0.71,1.117228714274745,-0.08,1.5,3.0
O-Sr-Y,2,0.77,0.4384062043356595,0.46,1.08,3.0
O-Sr-Zn,2,1.3599999999999999,0.876812408671319,0.74,1.98,3.0
O-Sr-Zr,2,0.55,1.0323759005323594,-0.18,1.28,3.0
O-Ta-Te,2,0.93,0.579827560572969,0.52,1.34,3.0
O-Ta-Ti,2,0.5900000000000001,0.07071067811865478,0.54,0.64,3.0
O-Ta-Tl,2,0.87,1.0889444430272832,0.1,1.64,3.0
O-Ta-V,2,0.32,0.16970562748477142,0.2,0.44,3.0
O-Ta-W,2,1.19,0.1838477631085023,1.06,1.32,3.0
O-Ta-Y,2,0.61,0.2404163056034262,0.44,0.78,3.0
O-Ta-Zn,2,0.42000000000000004,0.5091168824543143,0.06,0.78,3.0
O-Ta-Zr,2,0.5700000000000001,0.014142135623730845,0.56,0.58,3.0
O-Te-Ti,2,1.25,0.6363961030678927,0.8,1.7,3.0
O-Te-Tl,2,1.04,0.36769552621700474,0.78,1.3,3.0
O-Te-V,2,0.94,0.4525483399593905,0.62,1.26,3.0
O-Te-W,2,1.19,0.46669047558312143,0.86,1.52,3.0
O-Te-Y,2,1.1199999999999999,0.36769552621700463,0.86,1.38,3.0
O-Te-Zn,2,0.96,0.08485281374238567,0.9,1.02,3.0
O-Te-Zr,2,1.08,0.5091168824543141,0.72,1.44,3.0
O-Ti-Tl,2,0.9299999999999999,0.7495331880577404,0.4,1.46,3.0
O-Ti-V,2,0.47,0.4101219330881976,0.18,0.76,3.0
O-Ti-W,2,1.15,0.09899494936611666,1.08,1.22,3.0
O-Ti-Y,2,0.53,0.4384062043356595,0.22,0.84,3.0
O-Ti-Zn,2,0.66,0.5656854249492381,0.26,1.06,3.0
O-Ti-Zr,2,0.52,0.25455844122715704,0.34,0.7,3.0
O-Tl-V,2,1.0,1.0465180361560904,0.26,1.74,3.0
O-Tl-W,2,0.8400000000000001,1.0182337649086286,0.12,1.56,3.0
O-Tl-Y,2,0.99,0.014142135623730963,0.98,1.0,3.0
O-Tl-Zn,2,1.3,0.028284271247461926,1.28,1.32,3.0
O-Tl-Zr,2,0.88,0.6505382386916237,0.42,1.34,3.0
O-V-W,2,0.71,0.12727922061357855,0.62,0.8,3.0
O-V-Y,2,0.92,0.9333809511662428,0.26,1.58,3.0
O-V-Zn,2,0.53,0.4666904755831213,0.2,0.86,3.0
O-V-Zr,2,0.53,0.3535533905932738,0.28,0.78,3.0
O-W-Y,2,0.97,0.268700576850888,0.78,1.16,3.0
O-W-Zn,2,0.77,0.5232590180780451,0.4,1.14,3.0
O-W-Zr,2,1.1,0.22627416997969532,0.94,1.26,3.0
O-Y-Zn,2,0.8,0.05656854249492382,0.76,0.84,3.0
O-Y-Zr,2,0.6100000000000001,0.0989949493661167,0.54,0.68,3.0
O-Zn-Zr,2,0.75,0.15556349186104043,0.64,0.86,3.0
Ag-F-N-O,1,1.54,,1.54,1.54,4.0
Ag-F-O,1,1.36,,1.36,1.36,3.0
Ag-N,1,2.24,,2.24,2.24,2.0
Ag-O,1,1.96,,1.96,1.96,2.0
Ag-O-S,1,1.34,,1.34,1.34,3.0
Al-F-N-O,1,1.24,,1.24,1.24,4.0
Al-F-O,1,0.8,,0.8,0.8,3.0
Al-N,1,2.0,,2.0,2.0,2.0
Al-O,1,1.14,,1.14,1.14,2.0
Al-O-S,1,1.24,,1.24,1.24,3.0
As-F-N-O,1,1.1,,1.1,1.1,4.0
As-F-O,1,1.0,,1.0,1.0,3.0
As-N,1,1.78,,1.78,1.78,2.0
As-O,1,1.06,,1.06,1.06,2.0
As-O-S,1,0.92,,0.92,0.92,3.0
Au-F-N-O,1,1.78,,1.78,1.78,4.0
Au-F-O,1,1.64,,1.64,1.64,3.0
Au-N,1,2.2,,2.2,2.2,2.0
Au-O,1,2.1,,2.1,2.1,2.0
Au-O-S,1,1.46,,1.46,1.46,3.0
B-F-N-O,1,2.0,,2.0,2.0,4.0
B-F-O,1,2.06,,2.06,2.06,3.0
B-N,1,2.18,,2.18,2.18,2.0
B-O,1,1.94,,1.94,1.94,2.0
B-O-S,1,1.74,,1.74,1.74,3.0
Ba-F-N-O,1,1.28,,1.28,1.28,4.0
Ba-F-O,1,0.62,,0.62,0.62,3.0
Ba-N,1,2.46,,2.46,2.46,2.0
Ba-O,1,0.88,,0.88,0.88,2.0
Ba-O-S,1,1.24,,1.24,1.24,3.0
Be-F-N-O,1,2.02,,2.02,2.02,4.0
Be-F-O,1,1.7,,1.7,1.7,3.0
Be-N,1,2.46,,2.46,2.46,2.0
Be-O,1,2.08,,2.08,2.08,2.0
Be-O-S,1,1.22,,1.22,1.22,3.0
Bi-F-N-O,1,1.1,,1.1,1.1,4.0
Bi-F-O,1,0.84,,0.84,0.84,3.0
Bi-N,1,1.58,,1.58,1.58,2.0
Bi-O,1,0.78,,0.78,0.78,2.0
Bi-O-S,1,0.9,,0.9,0.9,3.0
Ca-F-N-O,1,1.52,,1.52,1.52,4.0
Ca-F-O,1,0.62,,0.62,0.62,3.0
Ca-N,1,2.48,,2.48,2.48,2.0
Ca-O,1,1.0,,1.0,1.0,2.0
Ca-O-S,1,1.52,,1.52,1.52,3.0
Cd-F-N-O,1,1.4,,1.4,1.4,4.0
Cd-F-O,1,0.98,,0.98,0.98,3.0
Cd-N,1,2.02,,2.02,2.02,2.0
Cd-O,1,1.46,,1.46,1.46,2.0
Cd-O-S,1,1.02,,1.02,1.02,3.0
Co-F-N-O,1,1.3,,1.3,1.3,4.0
Co-F-O,1,0.9,,0.9,0.9,3.0
Co-N,1,1.38,,1.38,1.38,2.0
Co-O,1,1.1,,1.1,1.1,2.0
Co-O-S,1,1.18,,1.18,1.18,3.0
Cr-F-N-O,1,0.8,,0.8,0.8,4.0
Cr-F-O,1,0.32,,0.32,0.32,3.0
Cr-N,1,1.16,,1.16,1.16,2.0
Cr-O,1,0.44,,0.44,0.44,2.0
Cr-O-S,1,0.48,,0.48,0.48,3.0
Cs-F-N-O,1,2.46,,2.46,2.46,4.0
Cs-F-O,1,1.46,,1.46,1.46,3.0
Cs-N,1,4.0,,4.0,4.0,2.0
Cs-O,1,1.62,,1.62,1.62,2.0
Cs-O-S,1,2.58,,2.58,2.58,3.0
Cu-F-N-O,1,1.48,,1.48,1.48,4.0
Cu-F-O,1,1.1,,1.1,1.1,3.0
Cu-N,1,1.82,,1.82,1.82,2.0
Cu-O,1,1.8,,1.8,1.8,2.0
Cu-O-S,1,1.08,,1.08,1.08,3.0
F-Fe-N-O,1,1.14,,1.14,1.14,4.0
F-Fe-O,1,0.76,,0.76,0.76,3.0
F-Ga-N-O,1,0.96,,0.96,0.96,4.0
F-Ga-O,1,0.52,,0.52,0.52,3.0
F-Ge-N-O,1,0.74,,0.74,0.74,4.0
F-Ge-O,1,0.62,,0.62,0.62,3.0
F-Hf-N-O,1,1.28,,1.28,1.28,4.0
F-Hf-O,1,1.16,,1.16,1.16,3.0
F-Hg-N-O,1,1.56,,1.56,1.56,4.0
F-Hg-O,1,1.32,,1.32,1.32,3.0
F-In-N-O,1,0.94,,0.94,0.94,4.0
F-In-O,1,0.46,,0.46,0.46,3.0
F-Ir-N-O,1,1.86,,1.86,1.86,4.0
F-Ir-O,1,1.7,,1.7,1.7,3.0
F-K-N-O,1,2.6,,2.6,2.6,4.0
F-K-O,1,1.64,,1.64,1.64,3.0
F-La-N-O,1,0.84,,0.84,0.84,4.0
F-La-O,1,0.7,,0.7,0.7,3.0
F-Li-N-O,1,2.14,,2.14,2.14,4.0
F-Li-O,1,1.76,,1.76,1.76,3.0
F-Mg-N-O,1,1.52,,1.52,1.52,4.0
F-Mg-O,1,0.74,,0.74,0.74,3.0
F-Mn-N-O,1,0.88,,0.88,0.88,4.0
F-Mn-O,1,0.28,,0.28,0.28,3.0
F-Mo-N-O,1,1.1,,1.1,1.1,4.0
F-Mo-O,1,1.04,,1.04,1.04,3.0
F-N-Na-O,1,2.1,,2.1,2.1,4.0
F-N-Nb-O,1,1.06,,1.06,1.06,4.0
F-N-Ni-O,1,1.44,,1.44,1.44,4.0
F-N-O-Os,1,1.48,,1.48,1.48,4.0
F-N-O-Pb,1,1.0,,1.0,1.0,4.0
F-N-O-Pd,1,1.54,,1.54,1.54,4.0
F-N-O-Pt,1,1.78,,1.78,1.78,4.0
F-N-O-Rb,1,2.58,,2.58,2.58,4.0
F-N-O-Re,1,1.68,,1.68,1.68,4.0
F-N-O-Rh,1,1.54,,1.54,1.54,4.0
F-N-O-Ru,1,1.44,,1.44,1.44,4.0
F-N-O-Sb,1,1.08,,1.08,1.08,4.0
F-N-O-Sc,1,1.0,,1.0,1.0,4.0
F-N-O-Si,1,1.18,,1.18,1.18,4.0
F-N-O-Sn,1,0.64,,0.64,0.64,4.0
F-N-O-Sr,1,1.74,,1.74,1.74,4.0
F-N-O-Ta,1,1.16,,1.16,1.16,4.0
F-N-O-Te,1,1.16,,1.16,1.16,4.0
F-N-O-Ti,1,0.22,,0.22,0.22,4.0
F-N-O-Tl,1,1.16,,1.16,1.16,4.0
F-N-O-V,1,0.8,,0.8,0.8,4.0
F-N-O-W,1,1.1,,1.1,1.1,4.0
F-N-O-Y,1,0.96,,0.96,0.96,4.0
F-N-O-Zn,1,1.46,,1.46,1.46,4.0
F-N-O-Zr,1,0.82,,0.82,0.82,4.0
F-Na-O,1,1.72,,1.72,1.72,3.0
F-Nb-O,1,0.84,,0.84,0.84,3.0
F-Ni-O,1,1.08,,1.08,1.08,3.0
F-O-Os,1,2.08,,2.08,2.08,3.0
F-O-Pb,1,0.66,,0.66,0.66,3.0
F-O-Pd,1,1.38,,1.38,1.38,3.0
F-O-Pt,1,1.62,,1.62,1.62,3.0
F-O-Rb,1,1.62,,1.62,1.62,3.0
F-O-Re,1,1.78,,1.78,1.78,3.0
F-O-Rh,1,1.46,,1.46,1.46,3.0
F-O-Ru,1,1.38,,1.38,1.38,3.0
F-O-Sb,1,0.96,,0.96,0.96,3.0
F-O-Sc,1,0.68,,0.68,0.68,3.0
F-O-Si,1,1.36,,1.36,1.36,3.0
F-O-Sn,1,0.44,,0.44,0.44,3.0
F-O-Sr,1,0.72,,0.72,0.72,3.0
F-O-Ta,1,0.94,,0.94,0.94,3.0
F-O-Te,1,1.14,,1.14,1.14,3.0
F-O-Ti,1,-0.3,,-0.3,-0.3,3.0
F-O-Tl,1,0.78,,0.78,0.78,3.0
F-O-V,1,0.46,,0.46,0.46,3.0
F-O-W,1,1.56,,1.56,1.56,3.0
F-O-Y,1,0.78,,0.78,0.78,3.0
F-O-Zn,1,1.04,,1.04,1.04,3.0
F-O-Zr,1,0.86,,0.86,0.86,3.0
Fe-N,1,1.24,,1.24,1.24,2.0
Fe-O,1,0.82,,0.82,0.82,2.0
Fe-O-S,1,0.82,,0.82,0.82,3.0
Ga-N,1,1.98,,1.98,1.98,2.0
Ga-O,1,0.96,,0.96,0.96,2.0
Ga-O-S,1,0.9,,0.9,0.9,3.0
Ge-N,1,1.3,,1.3,1.3,2.0
Ge-O,1,0.52,,0.52,0.52,2.0
Ge-O-S,1,0.68,,0.68,0.68,3.0
Hf-N,1,1.28,,1.28,1.28,2.0
Hf-O,1,0.5,,0.5,0.5,2.0
Hf-O-S,1,0.76,,0.76,0.76,3.0
Hg-N,1,2.6,,2.6,2.6,2.0
Hg-O,1,1.8,,1.8,1.8,2.0
Hg-O-S,1,1.76,,1.76,1.76,3.0
In-N,1,1.98,,1.98,1.98,2.0
In-O,1,0.88,,0.88,0.88,2.0
In-O-S,1,0.82,,0.82,0.82,3.0
Ir-N,1,2.18,,2.18,2.18,2.0
Ir-O,1,2.32,,2.32,2.32,2.0
Ir-O-S,1,1.56,,1.56,1.56,3.0
K-N,1,3.56,,3.56,3.56,2.0
K-O,1,1.94,,1.94,1.94,2.0
K-O-S,1,2.66,,2.66,2.66,3.0
La-N,1,1.3,,1.3,1.3,2.0
La-O,1,0.44,,0.44,0.44,2.0
La-O-S,1,0.72,,0.72,0.72,3.0
Li-N,1,2.72,,2.72,2.72,2.0
Li-O,1,1.8,,1.8,1.8,2.0
Li-O-S,1,2.26,,2.26,2.26,3.0
Mg-N,1,2.62,,2.62,2.62,2.0
Mg-O,1,1.08,,1.08,1.08,2.0
Mg-O-S,1,0.82,,0.82,0.82,3.0
Mn-N,1,0.98,,0.98,0.98,2.0
Mn-O,1,0.2,,0.2,0.2,2.0
Mn-O-S,1,0.72,,0.72,0.72,3.0
Mo-N,1,0.68,,0.68,0.68,2.0
Mo-O,1,0.94,,0.94,0.94,2.0
Mo-O-S,1,0.78,,0.78,0.78,3.0
N-Na,1,3.08,,3.08,3.08,2.0
N-Nb,1,0.74,,0.74,0.74,2.0
N-Ni,1,1.48,,1.48,1.48,2.0
N-Os,1,1.64,,1.64,1.64,2.0
N-Pb,1,1.86,,1.86,1.86,2.0
N-Pd,1,1.88,,1.88,1.88,2.0
N-Pt,1,1.82,,1.82,1.82,2.0
N-Rb,1,4.24,,4.24,4.24,2.0
N-Re,1,1.64,,1.64,1.64,2.0
N-Rh,1,1.6,,1.6,1.6,2.0
N-Ru,1,1.5,,1.5,1.5,2.0
N-Sb,1,1.46,,1.46,1.46,2.0
N-Sc,1,1.3,,1.3,1.3,2.0
N-Si,1,1.36,,1.36,1.36,2.0
N-Sn,1,1.36,,1.36,1.36,2.0
N-Sr,1,3.14,,3.14,3.14,2.0
N-Ta,1,0.66,,0.66,0.66,2.0
N-Te,1,1.9,,1.9,1.9,2.0
N-Ti,1,1.46,,1.46,1.46,2.0
N-Tl,1,2.5,,2.5,2.5,2.0
N-V,1,1.14,,1.14,1.14,2.0
N-W,1,1.36,,1.36,1.36,2.0
N-Y,1,1.52,,1.52,1.52,2.0
N-Zn,1,1.86,,1.86,1.86,2.0
N-Zr,1,0.8,,0.8,0.8,2.0
Na-O,1,2.0,,2.0,2.0,2.0
Na-O-S,1,1.8,,1.8,1.8,3.0
Nb-O,1,0.76,,0.76,0.76,2.0
Nb-O-S,1,0.64,,0.64,0.64,3.0
Ni-O,1,1.58,,1.58,1.58,2.0
Ni-O-S,1,0.98,,0.98,0.98,3.0
O-Os,1,2.2,,2.2,2.2,2.0
O-Os-S,1,1.86,,1.86,1.86,3.0
O-Pb,1,0.72,,0.72,0.72,2.0
O-Pb-S,1,0.9,,0.9,0.9,3.0
O-Pd,1,1.74,,1.74,1.74,2.0
O-Pd-S,1,1.38,,1.38,1.38,3.0
O-Pt,1,1.84,,1.84,1.84,2.0
O-Pt-S,1,1.48,,1.48,1.48,3.0
O-Rb,1,1.98,,1.98,1.98,2.0
O-Rb-S,1,2.68,,2.68,2.68,3.0
O-Re,1,1.66,,1.66,1.66,2.0
O-Re-S,1,1.26,,1.26,1.26,3.0
O-Rh,1,1.58,,1.58,1.58,2.0
O-Rh-S,1,1.32,,1.32,1.32,3.0
O-Ru,1,1.68,,1.68,1.68,2.0
O-Ru-S,1,1.36,,1.36,1.36,3.0
O-S-Sb,1,0.82,,0.82,0.82,3.0
O-S-Sc,1,0.86,,0.86,0.86,3.0
O-S-Si,1,1.16,,1.16,1.16,3.0
O-S-Sn,1,0.6,,0.6,0.6,3.0
O-S-Sr,1,1.66,,1.66,1.66,3.0
O-S-Ta,1,0.56,,0.56,0.56,3.0
O-S-Te,1,1.12,,1.12,1.12,3.0
O-S-Ti,1,0.56,,0.56,0.56,3.0
O-S-Tl,1,1.36,,1.36,1.36,3.0
O-S-V,1,0.44,,0.44,0.44,3.0
O-S-W,1,1.04,,1.04,1.04,3.0
O-S-Y,1,0.88,,0.88,0.88,3.0
O-S-Zn,1,0.96,,0.96,0.96,3.0
O-S-Zr,1,0.72,,0.72,0.72,3.0
O-Sb,1,0.94,,0.94,0.94,2.0
O-Sc,1,0.56,,0.56,0.56,2.0
O-Si,1,1.04,,1.04,1.04,2.0
O-Sn,1,0.32,,0.32,0.32,2.0
O-Sr,1,1.12,,1.12,1.12,2.0
O-Ta,1,0.84,,0.84,0.84,2.0
O-Te,1,1.18,,1.18,1.18,2.0
O-Ti,1,0.22,,0.22,0.22,2.0
O-Tl,1,1.48,,1.48,1.48,2.0
O-V,1,0.18,,0.18,0.18,2.0
O-W,1,1.38,,1.38,1.38,2.0
O-Y,1,0.56,,0.56,0.56,2.0
O-Zn,1,1.16,,1.16,1.16,2.0
O-Zr,1,0.34,,0.34,0.34,2.0
