sample_id,model,train_fraction,y_true,y_pred
26,dummy_mean,1.0,1.18,1.4729687500000002
27,dummy_mean,1.0,1.24,1.4729687500000002
40,dummy_mean,1.0,1.16,1.4729687500000002
45,dummy_mean,1.0,0.6,1.4729687500000002
69,dummy_mean,1.0,3.34,1.4729687500000002
72,dummy_mean,1.0,0.82,1.4729687500000002
103,dummy_mean,1.0,0.42,1.4729687500000002
115,dummy_mean,1.0,1.04,1.4729687500000002
134,dummy_mean,1.0,0.56,1.4729687500000002
136,dummy_mean,1.0,1.5,1.4729687500000002
137,dummy_mean,1.0,1.6,1.4729687500000002
155,dummy_mean,1.0,1.28,1.4729687500000002
158,dummy_mean,1.0,2.48,1.4729687500000002
169,dummy_mean,1.0,-0.04,1.4729687500000002
171,dummy_mean,1.0,0.72,1.4729687500000002
179,dummy_mean,1.0,3.44,1.4729687500000002
183,dummy_mean,1.0,2.02,1.4729687500000002
188,dummy_mean,1.0,2.54,1.4729687500000002
199,dummy_mean,1.0,1.48,1.4729687500000002
206,dummy_mean,1.0,1.1,1.4729687500000002
211,dummy_mean,1.0,2.1,1.4729687500000002
212,dummy_mean,1.0,1.46,1.4729687500000002
220,dummy_mean,1.0,0.92,1.4729687500000002
221,dummy_mean,1.0,0.58,1.4729687500000002
224,dummy_mean,1.0,0.64,1.4729687500000002
228,dummy_mean,1.0,0.82,1.4729687500000002
249,dummy_mean,1.0,1.74,1.4729687500000002
255,dummy_mean,1.0,2.14,1.4729687500000002
258,dummy_mean,1.0,1.2,1.4729687500000002
266,dummy_mean,1.0,1.04,1.4729687500000002
301,dummy_mean,1.0,0.86,1.4729687500000002
305,dummy_mean,1.0,0.8,1.4729687500000002
322,dummy_mean,1.0,1.62,1.4729687500000002
324,dummy_mean,1.0,1.16,1.4729687500000002
337,dummy_mean,1.0,0.78,1.4729687500000002
338,dummy_mean,1.0,1.72,1.4729687500000002
345,dummy_mean,1.0,1.22,1.4729687500000002
362,dummy_mean,1.0,0.38,1.4729687500000002
364,dummy_mean,1.0,1.54,1.4729687500000002
366,dummy_mean,1.0,0.5,1.4729687500000002
372,dummy_mean,1.0,1.48,1.4729687500000002
374,dummy_mean,1.0,1.28,1.4729687500000002
376,dummy_mean,1.0,1.9,1.4729687500000002
380,dummy_mean,1.0,2.28,1.4729687500000002
387,dummy_mean,1.0,2.02,1.4729687500000002
393,dummy_mean,1.0,1.12,1.4729687500000002
417,dummy_mean,1.0,1.5,1.4729687500000002
418,dummy_mean,1.0,1.26,1.4729687500000002
433,dummy_mean,1.0,2.32,1.4729687500000002
438,dummy_mean,1.0,1.3,1.4729687500000002
442,dummy_mean,1.0,1.9,1.4729687500000002
451,dummy_mean,1.0,2.44,1.4729687500000002
455,dummy_mean,1.0,2.9,1.4729687500000002
458,dummy_mean,1.0,1.22,1.4729687500000002
466,dummy_mean,1.0,1.66,1.4729687500000002
470,dummy_mean,1.0,0.84,1.4729687500000002
472,dummy_mean,1.0,0.84,1.4729687500000002
476,dummy_mean,1.0,0.72,1.4729687500000002
505,dummy_mean,1.0,1.26,1.4729687500000002
511,dummy_mean,1.0,1.24,1.4729687500000002
512,dummy_mean,1.0,-0.2,1.4729687500000002
515,dummy_mean,1.0,0.32,1.4729687500000002
521,dummy_mean,1.0,1.3,1.4729687500000002
532,dummy_mean,1.0,1.78,1.4729687500000002
559,dummy_mean,1.0,2.6,1.4729687500000002
564,dummy_mean,1.0,1.26,1.4729687500000002
578,dummy_mean,1.0,1.28,1.4729687500000002
583,dummy_mean,1.0,0.88,1.4729687500000002
591,dummy_mean,1.0,0.4,1.4729687500000002
595,dummy_mean,1.0,1.66,1.4729687500000002
598,dummy_mean,1.0,2.08,1.4729687500000002
614,dummy_mean,1.0,2.66,1.4729687500000002
616,dummy_mean,1.0,-0.06,1.4729687500000002
626,dummy_mean,1.0,1.52,1.4729687500000002
649,dummy_mean,1.0,0.68,1.4729687500000002
668,dummy_mean,1.0,1.28,1.4729687500000002
675,dummy_mean,1.0,3.02,1.4729687500000002
678,dummy_mean,1.0,0.9,1.4729687500000002
688,dummy_mean,1.0,0.76,1.4729687500000002
730,dummy_mean,1.0,1.68,1.4729687500000002
732,dummy_mean,1.0,0.4,1.4729687500000002
734,dummy_mean,1.0,1.32,1.4729687500000002
735,dummy_mean,1.0,0.8,1.4729687500000002
743,dummy_mean,1.0,1.64,1.4729687500000002
766,dummy_mean,1.0,1.88,1.4729687500000002
767,dummy_mean,1.0,1.58,1.4729687500000002
778,dummy_mean,1.0,1.04,1.4729687500000002
787,dummy_mean,1.0,3.56,1.4729687500000002
788,dummy_mean,1.0,3.04,1.4729687500000002
790,dummy_mean,1.0,2.16,1.4729687500000002
816,dummy_mean,1.0,1.06,1.4729687500000002
817,dummy_mean,1.0,0.56,1.4729687500000002
818,dummy_mean,1.0,1.08,1.4729687500000002
849,dummy_mean,1.0,1.38,1.4729687500000002
863,dummy_mean,1.0,1.58,1.4729687500000002
868,dummy_mean,1.0,1.2,1.4729687500000002
872,dummy_mean,1.0,0.8,1.4729687500000002
891,dummy_mean,1.0,1.02,1.4729687500000002
894,dummy_mean,1.0,1.58,1.4729687500000002
905,dummy_mean,1.0,1.48,1.4729687500000002
913,dummy_mean,1.0,1.18,1.4729687500000002
921,dummy_mean,1.0,1.9,1.4729687500000002
922,dummy_mean,1.0,2.58,1.4729687500000002
940,dummy_mean,1.0,0.72,1.4729687500000002
950,dummy_mean,1.0,1.0,1.4729687500000002
955,dummy_mean,1.0,1.32,1.4729687500000002
995,dummy_mean,1.0,0.68,1.4729687500000002
1004,dummy_mean,1.0,0.72,1.4729687500000002
1010,dummy_mean,1.0,2.3,1.4729687500000002
1011,dummy_mean,1.0,3.42,1.4729687500000002
1012,dummy_mean,1.0,1.02,1.4729687500000002
1018,dummy_mean,1.0,1.52,1.4729687500000002
1058,dummy_mean,1.0,1.2,1.4729687500000002
1059,dummy_mean,1.0,0.96,1.4729687500000002
1061,dummy_mean,1.0,0.7,1.4729687500000002
1065,dummy_mean,1.0,1.46,1.4729687500000002
1069,dummy_mean,1.0,0.74,1.4729687500000002
1074,dummy_mean,1.0,1.42,1.4729687500000002
1098,dummy_mean,1.0,0.8,1.4729687500000002
1114,dummy_mean,1.0,1.02,1.4729687500000002
1116,dummy_mean,1.0,1.58,1.4729687500000002
1122,dummy_mean,1.0,0.48,1.4729687500000002
1125,dummy_mean,1.0,0.56,1.4729687500000002
1133,dummy_mean,1.0,0.64,1.4729687500000002
1137,dummy_mean,1.0,1.26,1.4729687500000002
1151,dummy_mean,1.0,1.44,1.4729687500000002
1153,dummy_mean,1.0,0.72,1.4729687500000002
1159,dummy_mean,1.0,1.86,1.4729687500000002
1161,dummy_mean,1.0,1.28,1.4729687500000002
1176,dummy_mean,1.0,1.6,1.4729687500000002
1177,dummy_mean,1.0,0.46,1.4729687500000002
1185,dummy_mean,1.0,2.14,1.4729687500000002
1203,dummy_mean,1.0,1.18,1.4729687500000002
1207,dummy_mean,1.0,0.46,1.4729687500000002
1223,dummy_mean,1.0,2.22,1.4729687500000002
1235,dummy_mean,1.0,1.6,1.4729687500000002
1252,dummy_mean,1.0,1.84,1.4729687500000002
1268,dummy_mean,1.0,1.34,1.4729687500000002
1270,dummy_mean,1.0,1.5,1.4729687500000002
1283,dummy_mean,1.0,2.4,1.4729687500000002
1296,dummy_mean,1.0,1.86,1.4729687500000002
1297,dummy_mean,1.0,1.48,1.4729687500000002
1309,dummy_mean,1.0,1.84,1.4729687500000002
1324,dummy_mean,1.0,1.22,1.4729687500000002
1335,dummy_mean,1.0,1.76,1.4729687500000002
1343,dummy_mean,1.0,2.02,1.4729687500000002
1365,dummy_mean,1.0,2.2,1.4729687500000002
1373,dummy_mean,1.0,0.64,1.4729687500000002
1378,dummy_mean,1.0,2.1,1.4729687500000002
1381,dummy_mean,1.0,1.9,1.4729687500000002
1382,dummy_mean,1.0,2.36,1.4729687500000002
1391,dummy_mean,1.0,1.92,1.4729687500000002
1406,dummy_mean,1.0,1.58,1.4729687500000002
1419,dummy_mean,1.0,1.4,1.4729687500000002
1432,dummy_mean,1.0,0.98,1.4729687500000002
1433,dummy_mean,1.0,1.36,1.4729687500000002
1436,dummy_mean,1.0,2.5,1.4729687500000002
1452,dummy_mean,1.0,0.84,1.4729687500000002
1473,dummy_mean,1.0,1.0,1.4729687500000002
1479,dummy_mean,1.0,1.1,1.4729687500000002
1488,dummy_mean,1.0,1.04,1.4729687500000002
1492,dummy_mean,1.0,1.14,1.4729687500000002
1499,dummy_mean,1.0,2.24,1.4729687500000002
1500,dummy_mean,1.0,2.02,1.4729687500000002
1525,dummy_mean,1.0,1.24,1.4729687500000002
1534,dummy_mean,1.0,1.4,1.4729687500000002
1548,dummy_mean,1.0,1.12,1.4729687500000002
1555,dummy_mean,1.0,1.3,1.4729687500000002
1565,dummy_mean,1.0,1.34,1.4729687500000002
1599,dummy_mean,1.0,1.02,1.4729687500000002
1604,dummy_mean,1.0,0.26,1.4729687500000002
1612,dummy_mean,1.0,2.44,1.4729687500000002
1630,dummy_mean,1.0,0.58,1.4729687500000002
1631,dummy_mean,1.0,1.36,1.4729687500000002
1635,dummy_mean,1.0,0.38,1.4729687500000002
1637,dummy_mean,1.0,1.38,1.4729687500000002
1659,dummy_mean,1.0,1.34,1.4729687500000002
1664,dummy_mean,1.0,2.8,1.4729687500000002
1673,dummy_mean,1.0,0.4,1.4729687500000002
1676,dummy_mean,1.0,1.0,1.4729687500000002
1678,dummy_mean,1.0,0.96,1.4729687500000002
1689,dummy_mean,1.0,1.46,1.4729687500000002
1709,dummy_mean,1.0,0.6,1.4729687500000002
1716,dummy_mean,1.0,2.34,1.4729687500000002
1720,dummy_mean,1.0,1.68,1.4729687500000002
1744,dummy_mean,1.0,2.12,1.4729687500000002
1746,dummy_mean,1.0,1.7,1.4729687500000002
1760,dummy_mean,1.0,2.98,1.4729687500000002
1763,dummy_mean,1.0,0.88,1.4729687500000002
1770,dummy_mean,1.0,0.96,1.4729687500000002
1773,dummy_mean,1.0,1.94,1.4729687500000002
1806,dummy_mean,1.0,0.94,1.4729687500000002
1811,dummy_mean,1.0,0.98,1.4729687500000002
1815,dummy_mean,1.0,2.02,1.4729687500000002
1825,dummy_mean,1.0,1.4,1.4729687500000002
1831,dummy_mean,1.0,0.72,1.4729687500000002
1842,dummy_mean,1.0,0.94,1.4729687500000002
1844,dummy_mean,1.0,1.02,1.4729687500000002
1849,dummy_mean,1.0,1.24,1.4729687500000002
1852,dummy_mean,1.0,0.36,1.4729687500000002
1881,dummy_mean,1.0,2.1,1.4729687500000002
1882,dummy_mean,1.0,1.8,1.4729687500000002
1907,dummy_mean,1.0,1.22,1.4729687500000002
1912,dummy_mean,1.0,1.26,1.4729687500000002
1924,dummy_mean,1.0,2.0,1.4729687500000002
1925,dummy_mean,1.0,3.26,1.4729687500000002
1929,dummy_mean,1.0,0.5,1.4729687500000002
1944,dummy_mean,1.0,0.62,1.4729687500000002
1956,dummy_mean,1.0,1.36,1.4729687500000002
1967,dummy_mean,1.0,1.1,1.4729687500000002
1977,dummy_mean,1.0,1.76,1.4729687500000002
1983,dummy_mean,1.0,1.16,1.4729687500000002
1993,dummy_mean,1.0,1.76,1.4729687500000002
1999,dummy_mean,1.0,1.22,1.4729687500000002
2007,dummy_mean,1.0,-0.26,1.4729687500000002
2009,dummy_mean,1.0,1.1,1.4729687500000002
2045,dummy_mean,1.0,0.96,1.4729687500000002
2072,dummy_mean,1.0,1.32,1.4729687500000002
2077,dummy_mean,1.0,0.76,1.4729687500000002
2090,dummy_mean,1.0,0.66,1.4729687500000002
2120,dummy_mean,1.0,0.72,1.4729687500000002
2131,dummy_mean,1.0,0.18,1.4729687500000002
2134,dummy_mean,1.0,3.18,1.4729687500000002
2145,dummy_mean,1.0,1.6,1.4729687500000002
2153,dummy_mean,1.0,2.0,1.4729687500000002
2161,dummy_mean,1.0,3.44,1.4729687500000002
2166,dummy_mean,1.0,1.46,1.4729687500000002
2167,dummy_mean,1.0,2.98,1.4729687500000002
2197,dummy_mean,1.0,3.1,1.4729687500000002
2229,dummy_mean,1.0,1.0,1.4729687500000002
2235,dummy_mean,1.0,0.78,1.4729687500000002
2237,dummy_mean,1.0,2.22,1.4729687500000002
2254,dummy_mean,1.0,1.24,1.4729687500000002
2262,dummy_mean,1.0,1.22,1.4729687500000002
2298,dummy_mean,1.0,1.52,1.4729687500000002
2301,dummy_mean,1.0,4.0,1.4729687500000002
2305,dummy_mean,1.0,2.84,1.4729687500000002
2310,dummy_mean,1.0,0.24,1.4729687500000002
2322,dummy_mean,1.0,1.22,1.4729687500000002
2335,dummy_mean,1.0,1.68,1.4729687500000002
2345,dummy_mean,1.0,0.84,1.4729687500000002
2349,dummy_mean,1.0,0.62,1.4729687500000002
2357,dummy_mean,1.0,0.94,1.4729687500000002
2360,dummy_mean,1.0,1.82,1.4729687500000002
2363,dummy_mean,1.0,1.2,1.4729687500000002
2380,dummy_mean,1.0,2.3,1.4729687500000002
2385,dummy_mean,1.0,1.78,1.4729687500000002
2386,dummy_mean,1.0,1.12,1.4729687500000002
2396,dummy_mean,1.0,0.94,1.4729687500000002
2397,dummy_mean,1.0,1.1,1.4729687500000002
2408,dummy_mean,1.0,1.26,1.4729687500000002
2412,dummy_mean,1.0,0.78,1.4729687500000002
2414,dummy_mean,1.0,0.76,1.4729687500000002
2424,dummy_mean,1.0,1.3,1.4729687500000002
2453,dummy_mean,1.0,3.1,1.4729687500000002
2485,dummy_mean,1.0,2.82,1.4729687500000002
2509,dummy_mean,1.0,0.7,1.4729687500000002
2527,dummy_mean,1.0,1.28,1.4729687500000002
2554,dummy_mean,1.0,3.26,1.4729687500000002
2569,dummy_mean,1.0,0.96,1.4729687500000002
2590,dummy_mean,1.0,1.08,1.4729687500000002
2623,dummy_mean,1.0,2.0,1.4729687500000002
2630,dummy_mean,1.0,1.0,1.4729687500000002
2632,dummy_mean,1.0,2.36,1.4729687500000002
2635,dummy_mean,1.0,2.18,1.4729687500000002
2647,dummy_mean,1.0,1.0,1.4729687500000002
2657,dummy_mean,1.0,2.44,1.4729687500000002
2665,dummy_mean,1.0,0.76,1.4729687500000002
2690,dummy_mean,1.0,1.96,1.4729687500000002
2705,dummy_mean,1.0,0.6,1.4729687500000002
2715,dummy_mean,1.0,2.16,1.4729687500000002
2747,dummy_mean,1.0,1.34,1.4729687500000002
2752,dummy_mean,1.0,1.44,1.4729687500000002
2764,dummy_mean,1.0,0.88,1.4729687500000002
2767,dummy_mean,1.0,1.68,1.4729687500000002
2777,dummy_mean,1.0,1.94,1.4729687500000002
2782,dummy_mean,1.0,1.24,1.4729687500000002
2792,dummy_mean,1.0,2.1,1.4729687500000002
2799,dummy_mean,1.0,1.16,1.4729687500000002
2800,dummy_mean,1.0,2.26,1.4729687500000002
2809,dummy_mean,1.0,1.64,1.4729687500000002
2812,dummy_mean,1.0,-0.58,1.4729687500000002
2826,dummy_mean,1.0,1.3,1.4729687500000002
2836,dummy_mean,1.0,2.6,1.4729687500000002
2837,dummy_mean,1.0,1.1,1.4729687500000002
2843,dummy_mean,1.0,1.88,1.4729687500000002
2849,dummy_mean,1.0,1.2,1.4729687500000002
2854,dummy_mean,1.0,1.88,1.4729687500000002
2856,dummy_mean,1.0,1.4,1.4729687500000002
2864,dummy_mean,1.0,1.82,1.4729687500000002
2872,dummy_mean,1.0,-0.06,1.4729687500000002
2881,dummy_mean,1.0,1.26,1.4729687500000002
2882,dummy_mean,1.0,1.08,1.4729687500000002
2886,dummy_mean,1.0,0.94,1.4729687500000002
2887,dummy_mean,1.0,1.94,1.4729687500000002
2912,dummy_mean,1.0,0.6,1.4729687500000002
2916,dummy_mean,1.0,1.56,1.4729687500000002
2928,dummy_mean,1.0,1.46,1.4729687500000002
2935,dummy_mean,1.0,1.48,1.4729687500000002
2957,dummy_mean,1.0,1.06,1.4729687500000002
2972,dummy_mean,1.0,0.1,1.4729687500000002
2975,dummy_mean,1.0,0.56,1.4729687500000002
2976,dummy_mean,1.0,1.06,1.4729687500000002
2993,dummy_mean,1.0,1.58,1.4729687500000002
2997,dummy_mean,1.0,0.5,1.4729687500000002
3002,dummy_mean,1.0,2.16,1.4729687500000002
3012,dummy_mean,1.0,0.9,1.4729687500000002
3025,dummy_mean,1.0,2.42,1.4729687500000002
3037,dummy_mean,1.0,1.48,1.4729687500000002
3048,dummy_mean,1.0,0.48,1.4729687500000002
3050,dummy_mean,1.0,1.32,1.4729687500000002
3063,dummy_mean,1.0,1.28,1.4729687500000002
3106,dummy_mean,1.0,0.42,1.4729687500000002
3115,dummy_mean,1.0,1.6,1.4729687500000002
3127,dummy_mean,1.0,1.04,1.4729687500000002
3129,dummy_mean,1.0,2.04,1.4729687500000002
3130,dummy_mean,1.0,2.76,1.4729687500000002
3141,dummy_mean,1.0,0.74,1.4729687500000002
3143,dummy_mean,1.0,1.82,1.4729687500000002
3186,dummy_mean,1.0,1.62,1.4729687500000002
3207,dummy_mean,1.0,1.38,1.4729687500000002
3238,dummy_mean,1.0,1.54,1.4729687500000002
3240,dummy_mean,1.0,1.08,1.4729687500000002
3253,dummy_mean,1.0,1.56,1.4729687500000002
3255,dummy_mean,1.0,0.2,1.4729687500000002
3272,dummy_mean,1.0,2.32,1.4729687500000002
3286,dummy_mean,1.0,0.7,1.4729687500000002
3293,dummy_mean,1.0,1.5,1.4729687500000002
3296,dummy_mean,1.0,1.52,1.4729687500000002
3309,dummy_mean,1.0,0.64,1.4729687500000002
3310,dummy_mean,1.0,0.94,1.4729687500000002
3314,dummy_mean,1.0,1.4,1.4729687500000002
3342,dummy_mean,1.0,0.78,1.4729687500000002
3356,dummy_mean,1.0,0.76,1.4729687500000002
3359,dummy_mean,1.0,0.5,1.4729687500000002
3360,dummy_mean,1.0,1.26,1.4729687500000002
3362,dummy_mean,1.0,0.92,1.4729687500000002
3374,dummy_mean,1.0,0.84,1.4729687500000002
3389,dummy_mean,1.0,1.28,1.4729687500000002
3390,dummy_mean,1.0,0.82,1.4729687500000002
3400,dummy_mean,1.0,1.18,1.4729687500000002
3402,dummy_mean,1.0,0.96,1.4729687500000002
3407,dummy_mean,1.0,1.04,1.4729687500000002
3423,dummy_mean,1.0,1.32,1.4729687500000002
3430,dummy_mean,1.0,3.12,1.4729687500000002
3434,dummy_mean,1.0,1.52,1.4729687500000002
3465,dummy_mean,1.0,1.8,1.4729687500000002
3498,dummy_mean,1.0,1.08,1.4729687500000002
3532,dummy_mean,1.0,1.06,1.4729687500000002
3557,dummy_mean,1.0,0.6,1.4729687500000002
3558,dummy_mean,1.0,0.78,1.4729687500000002
3569,dummy_mean,1.0,1.42,1.4729687500000002
3570,dummy_mean,1.0,2.66,1.4729687500000002
3582,dummy_mean,1.0,1.68,1.4729687500000002
3584,dummy_mean,1.0,1.16,1.4729687500000002
3585,dummy_mean,1.0,2.34,1.4729687500000002
3627,dummy_mean,1.0,1.34,1.4729687500000002
3647,dummy_mean,1.0,2.0,1.4729687500000002
3653,dummy_mean,1.0,0.66,1.4729687500000002
3662,dummy_mean,1.0,3.2,1.4729687500000002
3671,dummy_mean,1.0,1.22,1.4729687500000002
3684,dummy_mean,1.0,0.36,1.4729687500000002
3685,dummy_mean,1.0,1.54,1.4729687500000002
3686,dummy_mean,1.0,1.16,1.4729687500000002
3687,dummy_mean,1.0,2.08,1.4729687500000002
3688,dummy_mean,1.0,1.38,1.4729687500000002
3689,dummy_mean,1.0,1.7,1.4729687500000002
3691,dummy_mean,1.0,0.7,1.4729687500000002
3696,dummy_mean,1.0,1.58,1.4729687500000002
3714,dummy_mean,1.0,3.48,1.4729687500000002
3717,dummy_mean,1.0,2.54,1.4729687500000002
3721,dummy_mean,1.0,1.94,1.4729687500000002
3725,dummy_mean,1.0,2.88,1.4729687500000002
3734,dummy_mean,1.0,1.22,1.4729687500000002
3741,dummy_mean,1.0,1.48,1.4729687500000002
3742,dummy_mean,1.0,2.3,1.4729687500000002
3750,dummy_mean,1.0,2.88,1.4729687500000002
3756,dummy_mean,1.0,2.14,1.4729687500000002
3768,dummy_mean,1.0,1.14,1.4729687500000002
3770,dummy_mean,1.0,0.74,1.4729687500000002
3800,dummy_mean,1.0,0.82,1.4729687500000002
3822,dummy_mean,1.0,2.2,1.4729687500000002
3823,dummy_mean,1.0,1.7,1.4729687500000002
3837,dummy_mean,1.0,0.78,1.4729687500000002
3839,dummy_mean,1.0,0.94,1.4729687500000002
3856,dummy_mean,1.0,1.34,1.4729687500000002
3865,dummy_mean,1.0,1.94,1.4729687500000002
3892,dummy_mean,1.0,1.12,1.4729687500000002
3904,dummy_mean,1.0,1.2,1.4729687500000002
3914,dummy_mean,1.0,0.48,1.4729687500000002
3923,dummy_mean,1.0,2.4,1.4729687500000002
3927,dummy_mean,1.0,1.3,1.4729687500000002
3948,dummy_mean,1.0,1.78,1.4729687500000002
3961,dummy_mean,1.0,-0.1,1.4729687500000002
3962,dummy_mean,1.0,1.72,1.4729687500000002
3984,dummy_mean,1.0,1.2,1.4729687500000002
3995,dummy_mean,1.0,1.36,1.4729687500000002
4000,dummy_mean,1.0,1.2,1.4729687500000002
4005,dummy_mean,1.0,1.62,1.4729687500000002
4021,dummy_mean,1.0,1.32,1.4729687500000002
4043,dummy_mean,1.0,2.9,1.4729687500000002
4044,dummy_mean,1.0,0.8,1.4729687500000002
4050,dummy_mean,1.0,2.0,1.4729687500000002
4057,dummy_mean,1.0,1.52,1.4729687500000002
4073,dummy_mean,1.0,1.98,1.4729687500000002
4074,dummy_mean,1.0,0.6,1.4729687500000002
4075,dummy_mean,1.0,1.62,1.4729687500000002
4083,dummy_mean,1.0,0.98,1.4729687500000002
4106,dummy_mean,1.0,1.44,1.4729687500000002
4135,dummy_mean,1.0,1.04,1.4729687500000002
4144,dummy_mean,1.0,0.98,1.4729687500000002
4202,dummy_mean,1.0,1.22,1.4729687500000002
4211,dummy_mean,1.0,1.18,1.4729687500000002
4221,dummy_mean,1.0,0.94,1.4729687500000002
4227,dummy_mean,1.0,3.98,1.4729687500000002
4238,dummy_mean,1.0,1.04,1.4729687500000002
4244,dummy_mean,1.0,0.24,1.4729687500000002
4255,dummy_mean,1.0,1.16,1.4729687500000002
4256,dummy_mean,1.0,1.64,1.4729687500000002
4257,dummy_mean,1.0,1.34,1.4729687500000002
4277,dummy_mean,1.0,2.26,1.4729687500000002
4281,dummy_mean,1.0,2.34,1.4729687500000002
4284,dummy_mean,1.0,0.7,1.4729687500000002
4289,dummy_mean,1.0,3.66,1.4729687500000002
4346,dummy_mean,1.0,2.1,1.4729687500000002
4349,dummy_mean,1.0,1.4,1.4729687500000002
4352,dummy_mean,1.0,1.8,1.4729687500000002
4376,dummy_mean,1.0,2.62,1.4729687500000002
4412,dummy_mean,1.0,0.18,1.4729687500000002
4429,dummy_mean,1.0,2.0,1.4729687500000002
4438,dummy_mean,1.0,3.22,1.4729687500000002
4440,dummy_mean,1.0,1.18,1.4729687500000002
4444,dummy_mean,1.0,1.42,1.4729687500000002
4445,dummy_mean,1.0,0.48,1.4729687500000002
4458,dummy_mean,1.0,1.36,1.4729687500000002
4467,dummy_mean,1.0,3.02,1.4729687500000002
4472,dummy_mean,1.0,2.24,1.4729687500000002
4482,dummy_mean,1.0,1.1,1.4729687500000002
4491,dummy_mean,1.0,1.02,1.4729687500000002
4504,dummy_mean,1.0,1.62,1.4729687500000002
4512,dummy_mean,1.0,1.34,1.4729687500000002
4520,dummy_mean,1.0,1.52,1.4729687500000002
4522,dummy_mean,1.0,1.38,1.4729687500000002
4526,dummy_mean,1.0,1.84,1.4729687500000002
4535,dummy_mean,1.0,0.74,1.4729687500000002
4545,dummy_mean,1.0,0.8,1.4729687500000002
4547,dummy_mean,1.0,0.44,1.4729687500000002
4551,dummy_mean,1.0,1.32,1.4729687500000002
4555,dummy_mean,1.0,0.94,1.4729687500000002
4569,dummy_mean,1.0,1.64,1.4729687500000002
4573,dummy_mean,1.0,1.04,1.4729687500000002
4574,dummy_mean,1.0,0.38,1.4729687500000002
4581,dummy_mean,1.0,1.96,1.4729687500000002
4615,dummy_mean,1.0,2.3,1.4729687500000002
4631,dummy_mean,1.0,1.74,1.4729687500000002
4632,dummy_mean,1.0,0.84,1.4729687500000002
4642,dummy_mean,1.0,0.84,1.4729687500000002
4671,dummy_mean,1.0,1.02,1.4729687500000002
4673,dummy_mean,1.0,4.34,1.4729687500000002
4676,dummy_mean,1.0,0.68,1.4729687500000002
4677,dummy_mean,1.0,1.42,1.4729687500000002
4684,dummy_mean,1.0,1.08,1.4729687500000002
4720,dummy_mean,1.0,3.54,1.4729687500000002
4724,dummy_mean,1.0,1.8,1.4729687500000002
4730,dummy_mean,1.0,1.54,1.4729687500000002
4744,dummy_mean,1.0,1.96,1.4729687500000002
4753,dummy_mean,1.0,1.2,1.4729687500000002
4754,dummy_mean,1.0,1.36,1.4729687500000002
4769,dummy_mean,1.0,1.42,1.4729687500000002
4781,dummy_mean,1.0,0.86,1.4729687500000002
4795,dummy_mean,1.0,1.06,1.4729687500000002
4802,dummy_mean,1.0,1.56,1.4729687500000002
4806,dummy_mean,1.0,1.52,1.4729687500000002
4812,dummy_mean,1.0,0.6,1.4729687500000002
4814,dummy_mean,1.0,1.66,1.4729687500000002
4828,dummy_mean,1.0,1.78,1.4729687500000002
4830,dummy_mean,1.0,2.1,1.4729687500000002
4873,dummy_mean,1.0,2.58,1.4729687500000002
4877,dummy_mean,1.0,2.32,1.4729687500000002
4894,dummy_mean,1.0,1.18,1.4729687500000002
4899,dummy_mean,1.0,1.08,1.4729687500000002
4901,dummy_mean,1.0,0.96,1.4729687500000002
4903,dummy_mean,1.0,1.58,1.4729687500000002
4908,dummy_mean,1.0,1.02,1.4729687500000002
4919,dummy_mean,1.0,3.86,1.4729687500000002
4932,dummy_mean,1.0,2.0,1.4729687500000002
4937,dummy_mean,1.0,1.7,1.4729687500000002
4941,dummy_mean,1.0,1.68,1.4729687500000002
4945,dummy_mean,1.0,3.12,1.4729687500000002
4947,dummy_mean,1.0,1.24,1.4729687500000002
4965,dummy_mean,1.0,1.22,1.4729687500000002
4982,dummy_mean,1.0,0.58,1.4729687500000002
4983,dummy_mean,1.0,2.7,1.4729687500000002
4997,dummy_mean,1.0,1.28,1.4729687500000002
5001,dummy_mean,1.0,1.42,1.4729687500000002
5010,dummy_mean,1.0,2.52,1.4729687500000002
5012,dummy_mean,1.0,1.58,1.4729687500000002
5025,dummy_mean,1.0,1.04,1.4729687500000002
5041,dummy_mean,1.0,1.8,1.4729687500000002
5043,dummy_mean,1.0,1.08,1.4729687500000002
5057,dummy_mean,1.0,1.44,1.4729687500000002
5058,dummy_mean,1.0,0.7,1.4729687500000002
5064,dummy_mean,1.0,1.28,1.4729687500000002
5096,dummy_mean,1.0,4.36,1.4729687500000002
5097,dummy_mean,1.0,2.5,1.4729687500000002
5101,dummy_mean,1.0,3.74,1.4729687500000002
5108,dummy_mean,1.0,1.22,1.4729687500000002
5152,dummy_mean,1.0,2.76,1.4729687500000002
5156,dummy_mean,1.0,1.4,1.4729687500000002
5167,dummy_mean,1.0,0.56,1.4729687500000002
5176,dummy_mean,1.0,1.46,1.4729687500000002
5182,dummy_mean,1.0,2.68,1.4729687500000002
5184,dummy_mean,1.0,1.18,1.4729687500000002
5197,dummy_mean,1.0,1.74,1.4729687500000002
5208,dummy_mean,1.0,1.14,1.4729687500000002
5213,dummy_mean,1.0,2.1,1.4729687500000002
5216,dummy_mean,1.0,2.08,1.4729687500000002
5218,dummy_mean,1.0,0.62,1.4729687500000002
5219,dummy_mean,1.0,2.18,1.4729687500000002
5258,dummy_mean,1.0,0.86,1.4729687500000002
5268,dummy_mean,1.0,1.58,1.4729687500000002
5275,dummy_mean,1.0,0.46,1.4729687500000002
5279,dummy_mean,1.0,2.48,1.4729687500000002
5282,dummy_mean,1.0,2.06,1.4729687500000002
5288,dummy_mean,1.0,2.68,1.4729687500000002
5295,dummy_mean,1.0,1.04,1.4729687500000002
5298,dummy_mean,1.0,1.5,1.4729687500000002
5331,dummy_mean,1.0,1.56,1.4729687500000002
5335,dummy_mean,1.0,0.62,1.4729687500000002
5339,dummy_mean,1.0,2.64,1.4729687500000002
5348,dummy_mean,1.0,1.68,1.4729687500000002
5350,dummy_mean,1.0,0.42,1.4729687500000002
5356,dummy_mean,1.0,1.84,1.4729687500000002
5372,dummy_mean,1.0,2.42,1.4729687500000002
5389,dummy_mean,1.0,0.96,1.4729687500000002
5393,dummy_mean,1.0,3.0,1.4729687500000002
5403,dummy_mean,1.0,1.9,1.4729687500000002
5409,dummy_mean,1.0,0.66,1.4729687500000002
5412,dummy_mean,1.0,0.72,1.4729687500000002
5415,dummy_mean,1.0,2.38,1.4729687500000002
5455,dummy_mean,1.0,1.04,1.4729687500000002
5481,dummy_mean,1.0,1.56,1.4729687500000002
5491,dummy_mean,1.0,1.12,1.4729687500000002
5492,dummy_mean,1.0,1.88,1.4729687500000002
5493,dummy_mean,1.0,1.46,1.4729687500000002
5497,dummy_mean,1.0,0.9,1.4729687500000002
5503,dummy_mean,1.0,1.48,1.4729687500000002
5509,dummy_mean,1.0,1.22,1.4729687500000002
5512,dummy_mean,1.0,1.18,1.4729687500000002
5514,dummy_mean,1.0,1.48,1.4729687500000002
5535,dummy_mean,1.0,1.34,1.4729687500000002
5574,dummy_mean,1.0,1.62,1.4729687500000002
5599,dummy_mean,1.0,1.32,1.4729687500000002
5602,dummy_mean,1.0,0.68,1.4729687500000002
5616,dummy_mean,1.0,1.02,1.4729687500000002
5617,dummy_mean,1.0,0.92,1.4729687500000002
5635,dummy_mean,1.0,1.08,1.4729687500000002
5669,dummy_mean,1.0,2.6,1.4729687500000002
5680,dummy_mean,1.0,0.34,1.4729687500000002
5688,dummy_mean,1.0,1.4,1.4729687500000002
5706,dummy_mean,1.0,0.74,1.4729687500000002
5727,dummy_mean,1.0,0.3,1.4729687500000002
5729,dummy_mean,1.0,1.08,1.4729687500000002
5748,dummy_mean,1.0,1.12,1.4729687500000002
5757,dummy_mean,1.0,1.38,1.4729687500000002
5769,dummy_mean,1.0,0.94,1.4729687500000002
5822,dummy_mean,1.0,1.02,1.4729687500000002
5839,dummy_mean,1.0,0.88,1.4729687500000002
5842,dummy_mean,1.0,2.62,1.4729687500000002
5857,dummy_mean,1.0,1.44,1.4729687500000002
5868,dummy_mean,1.0,2.3,1.4729687500000002
5883,dummy_mean,1.0,1.5,1.4729687500000002
5905,dummy_mean,1.0,1.3,1.4729687500000002
5906,dummy_mean,1.0,3.06,1.4729687500000002
5909,dummy_mean,1.0,1.16,1.4729687500000002
5910,dummy_mean,1.0,0.3,1.4729687500000002
5930,dummy_mean,1.0,2.4,1.4729687500000002
5939,dummy_mean,1.0,1.06,1.4729687500000002
5950,dummy_mean,1.0,0.4,1.4729687500000002
5960,dummy_mean,1.0,0.32,1.4729687500000002
5996,dummy_mean,1.0,0.5,1.4729687500000002
6002,dummy_mean,1.0,0.68,1.4729687500000002
6009,dummy_mean,1.0,1.72,1.4729687500000002
6015,dummy_mean,1.0,2.98,1.4729687500000002
6021,dummy_mean,1.0,0.68,1.4729687500000002
6052,dummy_mean,1.0,1.52,1.4729687500000002
6056,dummy_mean,1.0,1.8,1.4729687500000002
6057,dummy_mean,1.0,2.42,1.4729687500000002
6062,dummy_mean,1.0,1.96,1.4729687500000002
6065,dummy_mean,1.0,1.42,1.4729687500000002
6081,dummy_mean,1.0,1.18,1.4729687500000002
6092,dummy_mean,1.0,0.54,1.4729687500000002
6103,dummy_mean,1.0,1.46,1.4729687500000002
6106,dummy_mean,1.0,1.1,1.4729687500000002
6114,dummy_mean,1.0,1.94,1.4729687500000002
6121,dummy_mean,1.0,0.86,1.4729687500000002
6123,dummy_mean,1.0,1.58,1.4729687500000002
6137,dummy_mean,1.0,0.62,1.4729687500000002
6142,dummy_mean,1.0,0.68,1.4729687500000002
6156,dummy_mean,1.0,0.7,1.4729687500000002
6164,dummy_mean,1.0,1.12,1.4729687500000002
6167,dummy_mean,1.0,1.5,1.4729687500000002
6177,dummy_mean,1.0,2.68,1.4729687500000002
6189,dummy_mean,1.0,1.02,1.4729687500000002
6192,dummy_mean,1.0,0.54,1.4729687500000002
6220,dummy_mean,1.0,1.14,1.4729687500000002
6234,dummy_mean,1.0,1.38,1.4729687500000002
6268,dummy_mean,1.0,0.82,1.4729687500000002
6281,dummy_mean,1.0,0.76,1.4729687500000002
6285,dummy_mean,1.0,0.8,1.4729687500000002
6293,dummy_mean,1.0,1.36,1.4729687500000002
6294,dummy_mean,1.0,0.74,1.4729687500000002
6295,dummy_mean,1.0,1.78,1.4729687500000002
6314,dummy_mean,1.0,1.12,1.4729687500000002
6324,dummy_mean,1.0,2.0,1.4729687500000002
6343,dummy_mean,1.0,1.82,1.4729687500000002
6352,dummy_mean,1.0,1.08,1.4729687500000002
6354,dummy_mean,1.0,2.1,1.4729687500000002
6357,dummy_mean,1.0,1.46,1.4729687500000002
6358,dummy_mean,1.0,1.08,1.4729687500000002
6403,dummy_mean,1.0,1.6,1.4729687500000002
6407,dummy_mean,1.0,2.7,1.4729687500000002
6415,dummy_mean,1.0,1.76,1.4729687500000002
6420,dummy_mean,1.0,1.16,1.4729687500000002
6421,dummy_mean,1.0,1.64,1.4729687500000002
6432,dummy_mean,1.0,0.8,1.4729687500000002
6444,dummy_mean,1.0,0.48,1.4729687500000002
6448,dummy_mean,1.0,2.88,1.4729687500000002
6451,dummy_mean,1.0,1.3,1.4729687500000002
6453,dummy_mean,1.0,1.0,1.4729687500000002
6466,dummy_mean,1.0,0.36,1.4729687500000002
6471,dummy_mean,1.0,1.44,1.4729687500000002
6472,dummy_mean,1.0,0.62,1.4729687500000002
6476,dummy_mean,1.0,1.72,1.4729687500000002
6480,dummy_mean,1.0,1.38,1.4729687500000002
6483,dummy_mean,1.0,1.58,1.4729687500000002
6488,dummy_mean,1.0,1.44,1.4729687500000002
6493,dummy_mean,1.0,1.98,1.4729687500000002
6497,dummy_mean,1.0,1.9,1.4729687500000002
6506,dummy_mean,1.0,0.62,1.4729687500000002
6508,dummy_mean,1.0,0.78,1.4729687500000002
6511,dummy_mean,1.0,0.84,1.4729687500000002
6512,dummy_mean,1.0,1.72,1.4729687500000002
6514,dummy_mean,1.0,0.62,1.4729687500000002
6516,dummy_mean,1.0,2.78,1.4729687500000002
6541,dummy_mean,1.0,2.48,1.4729687500000002
6586,dummy_mean,1.0,0.56,1.4729687500000002
6590,dummy_mean,1.0,0.22,1.4729687500000002
6630,dummy_mean,1.0,1.66,1.4729687500000002
6631,dummy_mean,1.0,0.88,1.4729687500000002
6646,dummy_mean,1.0,0.96,1.4729687500000002
6647,dummy_mean,1.0,1.48,1.4729687500000002
6665,dummy_mean,1.0,2.22,1.4729687500000002
6680,dummy_mean,1.0,1.66,1.4729687500000002
6708,dummy_mean,1.0,1.2,1.4729687500000002
6734,dummy_mean,1.0,2.22,1.4729687500000002
6741,dummy_mean,1.0,1.78,1.4729687500000002
6746,dummy_mean,1.0,0.66,1.4729687500000002
6750,dummy_mean,1.0,2.52,1.4729687500000002
6753,dummy_mean,1.0,1.3,1.4729687500000002
6761,dummy_mean,1.0,1.5,1.4729687500000002
6769,dummy_mean,1.0,2.16,1.4729687500000002
6810,dummy_mean,1.0,2.5,1.4729687500000002
6824,dummy_mean,1.0,1.22,1.4729687500000002
6826,dummy_mean,1.0,0.38,1.4729687500000002
6829,dummy_mean,1.0,1.42,1.4729687500000002
6836,dummy_mean,1.0,0.36,1.4729687500000002
6842,dummy_mean,1.0,1.88,1.4729687500000002
6846,dummy_mean,1.0,0.56,1.4729687500000002
6850,dummy_mean,1.0,0.66,1.4729687500000002
6871,dummy_mean,1.0,1.94,1.4729687500000002
6884,dummy_mean,1.0,0.96,1.4729687500000002
6913,dummy_mean,1.0,1.5,1.4729687500000002
6925,dummy_mean,1.0,2.38,1.4729687500000002
6940,dummy_mean,1.0,3.4,1.4729687500000002
6955,dummy_mean,1.0,0.92,1.4729687500000002
6975,dummy_mean,1.0,1.38,1.4729687500000002
6987,dummy_mean,1.0,1.22,1.4729687500000002
7010,dummy_mean,1.0,1.48,1.4729687500000002
7017,dummy_mean,1.0,0.92,1.4729687500000002
7027,dummy_mean,1.0,0.66,1.4729687500000002
7035,dummy_mean,1.0,2.26,1.4729687500000002
7058,dummy_mean,1.0,2.1,1.4729687500000002
7061,dummy_mean,1.0,0.7,1.4729687500000002
7065,dummy_mean,1.0,1.78,1.4729687500000002
7067,dummy_mean,1.0,1.16,1.4729687500000002
7069,dummy_mean,1.0,2.08,1.4729687500000002
7073,dummy_mean,1.0,2.4,1.4729687500000002
7074,dummy_mean,1.0,0.76,1.4729687500000002
7088,dummy_mean,1.0,0.94,1.4729687500000002
7128,dummy_mean,1.0,0.46,1.4729687500000002
7166,dummy_mean,1.0,1.14,1.4729687500000002
7178,dummy_mean,1.0,1.5,1.4729687500000002
7193,dummy_mean,1.0,2.14,1.4729687500000002
7194,dummy_mean,1.0,1.44,1.4729687500000002
7209,dummy_mean,1.0,2.06,1.4729687500000002
7218,dummy_mean,1.0,0.78,1.4729687500000002
7221,dummy_mean,1.0,0.0,1.4729687500000002
7234,dummy_mean,1.0,1.36,1.4729687500000002
7255,dummy_mean,1.0,3.12,1.4729687500000002
7256,dummy_mean,1.0,0.46,1.4729687500000002
7257,dummy_mean,1.0,0.16,1.4729687500000002
7264,dummy_mean,1.0,1.7,1.4729687500000002
7265,dummy_mean,1.0,2.1,1.4729687500000002
7281,dummy_mean,1.0,1.08,1.4729687500000002
7282,dummy_mean,1.0,0.76,1.4729687500000002
7285,dummy_mean,1.0,0.84,1.4729687500000002
7293,dummy_mean,1.0,1.0,1.4729687500000002
7297,dummy_mean,1.0,2.26,1.4729687500000002
7303,dummy_mean,1.0,2.3,1.4729687500000002
7320,dummy_mean,1.0,0.94,1.4729687500000002
7334,dummy_mean,1.0,1.2,1.4729687500000002
7342,dummy_mean,1.0,2.34,1.4729687500000002
7346,dummy_mean,1.0,2.84,1.4729687500000002
7347,dummy_mean,1.0,1.78,1.4729687500000002
7349,dummy_mean,1.0,1.4,1.4729687500000002
7359,dummy_mean,1.0,1.84,1.4729687500000002
7365,dummy_mean,1.0,1.26,1.4729687500000002
7375,dummy_mean,1.0,1.96,1.4729687500000002
7396,dummy_mean,1.0,1.82,1.4729687500000002
7405,dummy_mean,1.0,1.6,1.4729687500000002
7410,dummy_mean,1.0,1.76,1.4729687500000002
7415,dummy_mean,1.0,-0.24,1.4729687500000002
7425,dummy_mean,1.0,0.26,1.4729687500000002
7456,dummy_mean,1.0,1.86,1.4729687500000002
7458,dummy_mean,1.0,1.38,1.4729687500000002
7469,dummy_mean,1.0,1.98,1.4729687500000002
7482,dummy_mean,1.0,1.14,1.4729687500000002
7500,dummy_mean,1.0,1.36,1.4729687500000002
7516,dummy_mean,1.0,1.44,1.4729687500000002
7543,dummy_mean,1.0,1.7,1.4729687500000002
7547,dummy_mean,1.0,1.52,1.4729687500000002
7549,dummy_mean,1.0,1.5,1.4729687500000002
7560,dummy_mean,1.0,2.36,1.4729687500000002
7570,dummy_mean,1.0,0.34,1.4729687500000002
7571,dummy_mean,1.0,1.44,1.4729687500000002
7591,dummy_mean,1.0,1.54,1.4729687500000002
7598,dummy_mean,1.0,1.0,1.4729687500000002
7603,dummy_mean,1.0,1.82,1.4729687500000002
7608,dummy_mean,1.0,1.44,1.4729687500000002
7617,dummy_mean,1.0,1.18,1.4729687500000002
7621,dummy_mean,1.0,1.5,1.4729687500000002
7643,dummy_mean,1.0,1.02,1.4729687500000002
7652,dummy_mean,1.0,1.48,1.4729687500000002
7664,dummy_mean,1.0,1.54,1.4729687500000002
7670,dummy_mean,1.0,1.54,1.4729687500000002
7679,dummy_mean,1.0,3.62,1.4729687500000002
7690,dummy_mean,1.0,1.7,1.4729687500000002
7725,dummy_mean,1.0,1.12,1.4729687500000002
7728,dummy_mean,1.0,1.34,1.4729687500000002
7729,dummy_mean,1.0,1.48,1.4729687500000002
7737,dummy_mean,1.0,0.84,1.4729687500000002
7745,dummy_mean,1.0,1.5,1.4729687500000002
7747,dummy_mean,1.0,1.2,1.4729687500000002
7752,dummy_mean,1.0,1.68,1.4729687500000002
7773,dummy_mean,1.0,1.26,1.4729687500000002
7777,dummy_mean,1.0,1.28,1.4729687500000002
7780,dummy_mean,1.0,1.64,1.4729687500000002
7791,dummy_mean,1.0,1.58,1.4729687500000002
7803,dummy_mean,1.0,1.1,1.4729687500000002
7812,dummy_mean,1.0,1.58,1.4729687500000002
7828,dummy_mean,1.0,1.84,1.4729687500000002
7830,dummy_mean,1.0,1.76,1.4729687500000002
7870,dummy_mean,1.0,1.08,1.4729687500000002
7890,dummy_mean,1.0,1.38,1.4729687500000002
7891,dummy_mean,1.0,1.98,1.4729687500000002
7894,dummy_mean,1.0,2.84,1.4729687500000002
7898,dummy_mean,1.0,1.04,1.4729687500000002
7899,dummy_mean,1.0,1.0,1.4729687500000002
7908,dummy_mean,1.0,0.8,1.4729687500000002
7924,dummy_mean,1.0,0.88,1.4729687500000002
7927,dummy_mean,1.0,1.48,1.4729687500000002
7929,dummy_mean,1.0,1.34,1.4729687500000002
7941,dummy_mean,1.0,0.76,1.4729687500000002
7955,dummy_mean,1.0,1.54,1.4729687500000002
7966,dummy_mean,1.0,1.08,1.4729687500000002
7973,dummy_mean,1.0,1.8,1.4729687500000002
7982,dummy_mean,1.0,1.72,1.4729687500000002
8022,dummy_mean,1.0,3.26,1.4729687500000002
8025,dummy_mean,1.0,2.32,1.4729687500000002
8028,dummy_mean,1.0,1.32,1.4729687500000002
8035,dummy_mean,1.0,1.54,1.4729687500000002
8060,dummy_mean,1.0,1.26,1.4729687500000002
8068,dummy_mean,1.0,2.3,1.4729687500000002
8073,dummy_mean,1.0,0.94,1.4729687500000002
8074,dummy_mean,1.0,0.8,1.4729687500000002
8086,dummy_mean,1.0,0.9,1.4729687500000002
8094,dummy_mean,1.0,2.98,1.4729687500000002
8108,dummy_mean,1.0,1.56,1.4729687500000002
8125,dummy_mean,1.0,2.46,1.4729687500000002
8146,dummy_mean,1.0,0.5,1.4729687500000002
8148,dummy_mean,1.0,1.42,1.4729687500000002
8180,dummy_mean,1.0,1.94,1.4729687500000002
8183,dummy_mean,1.0,1.84,1.4729687500000002
8187,dummy_mean,1.0,1.52,1.4729687500000002
8189,dummy_mean,1.0,2.32,1.4729687500000002
8197,dummy_mean,1.0,1.48,1.4729687500000002
8207,dummy_mean,1.0,0.76,1.4729687500000002
8227,dummy_mean,1.0,1.88,1.4729687500000002
8229,dummy_mean,1.0,1.66,1.4729687500000002
8242,dummy_mean,1.0,1.24,1.4729687500000002
8246,dummy_mean,1.0,2.04,1.4729687500000002
8263,dummy_mean,1.0,1.66,1.4729687500000002
8269,dummy_mean,1.0,1.3,1.4729687500000002
8276,dummy_mean,1.0,0.86,1.4729687500000002
8289,dummy_mean,1.0,0.86,1.4729687500000002
8296,dummy_mean,1.0,2.66,1.4729687500000002
8299,dummy_mean,1.0,1.7,1.4729687500000002
8313,dummy_mean,1.0,4.04,1.4729687500000002
8329,dummy_mean,1.0,1.46,1.4729687500000002
8335,dummy_mean,1.0,1.94,1.4729687500000002
8343,dummy_mean,1.0,0.7,1.4729687500000002
8345,dummy_mean,1.0,0.52,1.4729687500000002
8350,dummy_mean,1.0,2.2,1.4729687500000002
8359,dummy_mean,1.0,1.88,1.4729687500000002
8367,dummy_mean,1.0,0.62,1.4729687500000002
8377,dummy_mean,1.0,0.66,1.4729687500000002
8387,dummy_mean,1.0,1.42,1.4729687500000002
8402,dummy_mean,1.0,0.96,1.4729687500000002
8409,dummy_mean,1.0,1.32,1.4729687500000002
8414,dummy_mean,1.0,1.38,1.4729687500000002
8422,dummy_mean,1.0,1.0,1.4729687500000002
8446,dummy_mean,1.0,2.52,1.4729687500000002
8455,dummy_mean,1.0,0.7,1.4729687500000002
8457,dummy_mean,1.0,0.56,1.4729687500000002
8458,dummy_mean,1.0,1.32,1.4729687500000002
8464,dummy_mean,1.0,2.94,1.4729687500000002
8487,dummy_mean,1.0,0.52,1.4729687500000002
8508,dummy_mean,1.0,0.76,1.4729687500000002
8511,dummy_mean,1.0,1.3,1.4729687500000002
8517,dummy_mean,1.0,1.54,1.4729687500000002
8537,dummy_mean,1.0,2.18,1.4729687500000002
8538,dummy_mean,1.0,1.38,1.4729687500000002
8568,dummy_mean,1.0,1.86,1.4729687500000002
8586,dummy_mean,1.0,1.82,1.4729687500000002
8608,dummy_mean,1.0,1.16,1.4729687500000002
8610,dummy_mean,1.0,0.54,1.4729687500000002
8615,dummy_mean,1.0,0.34,1.4729687500000002
8618,dummy_mean,1.0,1.98,1.4729687500000002
8620,dummy_mean,1.0,1.84,1.4729687500000002
8634,dummy_mean,1.0,1.68,1.4729687500000002
8636,dummy_mean,1.0,1.32,1.4729687500000002
8663,dummy_mean,1.0,1.76,1.4729687500000002
8678,dummy_mean,1.0,1.92,1.4729687500000002
8682,dummy_mean,1.0,0.92,1.4729687500000002
8683,dummy_mean,1.0,0.36,1.4729687500000002
8695,dummy_mean,1.0,0.86,1.4729687500000002
8697,dummy_mean,1.0,1.38,1.4729687500000002
8708,dummy_mean,1.0,1.3,1.4729687500000002
8712,dummy_mean,1.0,1.32,1.4729687500000002
8713,dummy_mean,1.0,0.1,1.4729687500000002
8718,dummy_mean,1.0,1.14,1.4729687500000002
8720,dummy_mean,1.0,1.48,1.4729687500000002
8723,dummy_mean,1.0,0.9,1.4729687500000002
8738,dummy_mean,1.0,0.82,1.4729687500000002
8744,dummy_mean,1.0,0.76,1.4729687500000002
8746,dummy_mean,1.0,0.22,1.4729687500000002
8768,dummy_mean,1.0,1.76,1.4729687500000002
8779,dummy_mean,1.0,3.88,1.4729687500000002
8782,dummy_mean,1.0,2.46,1.4729687500000002
8783,dummy_mean,1.0,2.8,1.4729687500000002
8785,dummy_mean,1.0,1.56,1.4729687500000002
8797,dummy_mean,1.0,0.12,1.4729687500000002
8814,dummy_mean,1.0,2.56,1.4729687500000002
8843,dummy_mean,1.0,1.52,1.4729687500000002
8868,dummy_mean,1.0,1.18,1.4729687500000002
8878,dummy_mean,1.0,1.72,1.4729687500000002
8916,dummy_mean,1.0,1.22,1.4729687500000002
8923,dummy_mean,1.0,1.42,1.4729687500000002
8925,dummy_mean,1.0,3.94,1.4729687500000002
8927,dummy_mean,1.0,1.34,1.4729687500000002
8948,dummy_mean,1.0,1.26,1.4729687500000002
8953,dummy_mean,1.0,1.66,1.4729687500000002
8973,dummy_mean,1.0,1.3,1.4729687500000002
8984,dummy_mean,1.0,1.12,1.4729687500000002
8986,dummy_mean,1.0,1.02,1.4729687500000002
8992,dummy_mean,1.0,1.48,1.4729687500000002
9003,dummy_mean,1.0,2.14,1.4729687500000002
9012,dummy_mean,1.0,1.38,1.4729687500000002
9013,dummy_mean,1.0,0.88,1.4729687500000002
9032,dummy_mean,1.0,1.72,1.4729687500000002
9038,dummy_mean,1.0,1.9,1.4729687500000002
9045,dummy_mean,1.0,1.28,1.4729687500000002
9049,dummy_mean,1.0,0.78,1.4729687500000002
9062,dummy_mean,1.0,1.14,1.4729687500000002
9065,dummy_mean,1.0,2.76,1.4729687500000002
9080,dummy_mean,1.0,1.34,1.4729687500000002
9096,dummy_mean,1.0,1.1,1.4729687500000002
9100,dummy_mean,1.0,2.8,1.4729687500000002
9105,dummy_mean,1.0,1.2,1.4729687500000002
9113,dummy_mean,1.0,1.38,1.4729687500000002
9115,dummy_mean,1.0,0.54,1.4729687500000002
9124,dummy_mean,1.0,0.72,1.4729687500000002
9129,dummy_mean,1.0,3.7,1.4729687500000002
9139,dummy_mean,1.0,1.0,1.4729687500000002
9154,dummy_mean,1.0,1.78,1.4729687500000002
9191,dummy_mean,1.0,1.64,1.4729687500000002
9196,dummy_mean,1.0,1.72,1.4729687500000002
9207,dummy_mean,1.0,3.52,1.4729687500000002
9212,dummy_mean,1.0,1.36,1.4729687500000002
9221,dummy_mean,1.0,0.92,1.4729687500000002
9238,dummy_mean,1.0,1.22,1.4729687500000002
9240,dummy_mean,1.0,1.84,1.4729687500000002
9242,dummy_mean,1.0,4.08,1.4729687500000002
9254,dummy_mean,1.0,2.2,1.4729687500000002
9277,dummy_mean,1.0,0.42,1.4729687500000002
9283,dummy_mean,1.0,0.14,1.4729687500000002
9285,dummy_mean,1.0,2.48,1.4729687500000002
9294,dummy_mean,1.0,1.84,1.4729687500000002
9296,dummy_mean,1.0,1.58,1.4729687500000002
9307,dummy_mean,1.0,0.7,1.4729687500000002
9312,dummy_mean,1.0,2.3,1.4729687500000002
9322,dummy_mean,1.0,2.1,1.4729687500000002
9340,dummy_mean,1.0,2.3,1.4729687500000002
9341,dummy_mean,1.0,1.8,1.4729687500000002
9351,dummy_mean,1.0,1.12,1.4729687500000002
9352,dummy_mean,1.0,2.14,1.4729687500000002
9353,dummy_mean,1.0,3.02,1.4729687500000002
9356,dummy_mean,1.0,1.12,1.4729687500000002
9357,dummy_mean,1.0,0.82,1.4729687500000002
9376,dummy_mean,1.0,1.98,1.4729687500000002
9377,dummy_mean,1.0,2.26,1.4729687500000002
9396,dummy_mean,1.0,0.82,1.4729687500000002
9397,dummy_mean,1.0,4.24,1.4729687500000002
9422,dummy_mean,1.0,1.7,1.4729687500000002
9425,dummy_mean,1.0,2.4,1.4729687500000002
9432,dummy_mean,1.0,0.68,1.4729687500000002
9438,dummy_mean,1.0,2.58,1.4729687500000002
9439,dummy_mean,1.0,0.92,1.4729687500000002
9440,dummy_mean,1.0,1.22,1.4729687500000002
9465,dummy_mean,1.0,1.72,1.4729687500000002
9480,dummy_mean,1.0,2.14,1.4729687500000002
9481,dummy_mean,1.0,2.92,1.4729687500000002
9506,dummy_mean,1.0,1.52,1.4729687500000002
9508,dummy_mean,1.0,2.16,1.4729687500000002
9519,dummy_mean,1.0,1.58,1.4729687500000002
9520,dummy_mean,1.0,1.28,1.4729687500000002
9522,dummy_mean,1.0,2.18,1.4729687500000002
9529,dummy_mean,1.0,0.68,1.4729687500000002
9535,dummy_mean,1.0,1.78,1.4729687500000002
9536,dummy_mean,1.0,1.16,1.4729687500000002
9538,dummy_mean,1.0,0.56,1.4729687500000002
9561,dummy_mean,1.0,1.7,1.4729687500000002
9572,dummy_mean,1.0,1.28,1.4729687500000002
9576,dummy_mean,1.0,1.58,1.4729687500000002
9601,dummy_mean,1.0,1.4,1.4729687500000002
9602,dummy_mean,1.0,1.92,1.4729687500000002
9607,dummy_mean,1.0,0.2,1.4729687500000002
9608,dummy_mean,1.0,0.12,1.4729687500000002
9610,dummy_mean,1.0,0.46,1.4729687500000002
9614,dummy_mean,1.0,0.38,1.4729687500000002
9615,dummy_mean,1.0,1.86,1.4729687500000002
9623,dummy_mean,1.0,1.52,1.4729687500000002
9635,dummy_mean,1.0,1.94,1.4729687500000002
9638,dummy_mean,1.0,1.96,1.4729687500000002
9647,dummy_mean,1.0,0.42,1.4729687500000002
9657,dummy_mean,1.0,1.64,1.4729687500000002
9694,dummy_mean,1.0,2.66,1.4729687500000002
9722,dummy_mean,1.0,2.82,1.4729687500000002
9734,dummy_mean,1.0,1.26,1.4729687500000002
9773,dummy_mean,1.0,0.62,1.4729687500000002
9781,dummy_mean,1.0,2.1,1.4729687500000002
9800,dummy_mean,1.0,0.86,1.4729687500000002
9803,dummy_mean,1.0,0.64,1.4729687500000002
9808,dummy_mean,1.0,1.78,1.4729687500000002
9809,dummy_mean,1.0,2.34,1.4729687500000002
9812,dummy_mean,1.0,0.82,1.4729687500000002
9826,dummy_mean,1.0,1.8,1.4729687500000002
9832,dummy_mean,1.0,2.5,1.4729687500000002
9835,dummy_mean,1.0,1.64,1.4729687500000002
9837,dummy_mean,1.0,1.38,1.4729687500000002
9842,dummy_mean,1.0,1.1,1.4729687500000002
9852,dummy_mean,1.0,1.72,1.4729687500000002
9861,dummy_mean,1.0,1.6,1.4729687500000002
9871,dummy_mean,1.0,1.26,1.4729687500000002
9888,dummy_mean,1.0,1.22,1.4729687500000002
9903,dummy_mean,1.0,1.48,1.4729687500000002
9906,dummy_mean,1.0,1.78,1.4729687500000002
9908,dummy_mean,1.0,0.66,1.4729687500000002
9912,dummy_mean,1.0,1.46,1.4729687500000002
9933,dummy_mean,1.0,1.92,1.4729687500000002
9936,dummy_mean,1.0,2.74,1.4729687500000002
10000,dummy_mean,1.0,1.9,1.4729687500000002
10009,dummy_mean,1.0,1.14,1.4729687500000002
10019,dummy_mean,1.0,0.68,1.4729687500000002
10020,dummy_mean,1.0,0.56,1.4729687500000002
10033,dummy_mean,1.0,1.36,1.4729687500000002
10037,dummy_mean,1.0,0.7,1.4729687500000002
10057,dummy_mean,1.0,0.24,1.4729687500000002
10077,dummy_mean,1.0,0.66,1.4729687500000002
10079,dummy_mean,1.0,2.1,1.4729687500000002
10084,dummy_mean,1.0,1.32,1.4729687500000002
10087,dummy_mean,1.0,2.54,1.4729687500000002
10088,dummy_mean,1.0,1.8,1.4729687500000002
10095,dummy_mean,1.0,2.16,1.4729687500000002
10096,dummy_mean,1.0,1.66,1.4729687500000002
10103,dummy_mean,1.0,2.58,1.4729687500000002
10123,dummy_mean,1.0,1.7,1.4729687500000002
10135,dummy_mean,1.0,1.8,1.4729687500000002
10138,dummy_mean,1.0,2.0,1.4729687500000002
10146,dummy_mean,1.0,1.16,1.4729687500000002
10158,dummy_mean,1.0,0.64,1.4729687500000002
10160,dummy_mean,1.0,2.1,1.4729687500000002
10163,dummy_mean,1.0,1.86,1.4729687500000002
10169,dummy_mean,1.0,2.36,1.4729687500000002
10173,dummy_mean,1.0,1.5,1.4729687500000002
10174,dummy_mean,1.0,1.9,1.4729687500000002
10191,dummy_mean,1.0,2.38,1.4729687500000002
10199,dummy_mean,1.0,0.52,1.4729687500000002
10208,dummy_mean,1.0,1.14,1.4729687500000002
10211,dummy_mean,1.0,0.98,1.4729687500000002
10212,dummy_mean,1.0,2.48,1.4729687500000002
10216,dummy_mean,1.0,1.54,1.4729687500000002
10218,dummy_mean,1.0,2.34,1.4729687500000002
10258,dummy_mean,1.0,1.78,1.4729687500000002
10259,dummy_mean,1.0,1.62,1.4729687500000002
10282,dummy_mean,1.0,0.62,1.4729687500000002
10284,dummy_mean,1.0,1.82,1.4729687500000002
10305,dummy_mean,1.0,2.18,1.4729687500000002
10306,dummy_mean,1.0,0.98,1.4729687500000002
10318,dummy_mean,1.0,0.5,1.4729687500000002
10326,dummy_mean,1.0,1.52,1.4729687500000002
10327,dummy_mean,1.0,1.44,1.4729687500000002
10331,dummy_mean,1.0,1.3,1.4729687500000002
10340,dummy_mean,1.0,1.6,1.4729687500000002
10348,dummy_mean,1.0,1.88,1.4729687500000002
10350,dummy_mean,1.0,1.3,1.4729687500000002
10351,dummy_mean,1.0,1.66,1.4729687500000002
10374,dummy_mean,1.0,0.92,1.4729687500000002
10377,dummy_mean,1.0,1.04,1.4729687500000002
10384,dummy_mean,1.0,0.8,1.4729687500000002
10389,dummy_mean,1.0,0.7,1.4729687500000002
10400,dummy_mean,1.0,1.6,1.4729687500000002
10420,dummy_mean,1.0,1.42,1.4729687500000002
10423,dummy_mean,1.0,1.48,1.4729687500000002
10428,dummy_mean,1.0,3.4,1.4729687500000002
10461,dummy_mean,1.0,0.9,1.4729687500000002
10484,dummy_mean,1.0,0.5,1.4729687500000002
10491,dummy_mean,1.0,3.32,1.4729687500000002
10505,dummy_mean,1.0,2.26,1.4729687500000002
10514,dummy_mean,1.0,1.54,1.4729687500000002
10515,dummy_mean,1.0,0.84,1.4729687500000002
10543,dummy_mean,1.0,2.42,1.4729687500000002
10580,dummy_mean,1.0,1.3,1.4729687500000002
10591,dummy_mean,1.0,1.52,1.4729687500000002
10594,dummy_mean,1.0,0.82,1.4729687500000002
10600,dummy_mean,1.0,0.8,1.4729687500000002
10605,dummy_mean,1.0,2.26,1.4729687500000002
10610,dummy_mean,1.0,1.86,1.4729687500000002
10614,dummy_mean,1.0,1.3,1.4729687500000002
10618,dummy_mean,1.0,3.44,1.4729687500000002
10619,dummy_mean,1.0,1.16,1.4729687500000002
10627,dummy_mean,1.0,1.1,1.4729687500000002
10632,dummy_mean,1.0,0.8,1.4729687500000002
10634,dummy_mean,1.0,3.68,1.4729687500000002
10639,dummy_mean,1.0,-0.16,1.4729687500000002
10644,dummy_mean,1.0,2.6,1.4729687500000002
10647,dummy_mean,1.0,1.38,1.4729687500000002
10654,dummy_mean,1.0,2.0,1.4729687500000002
10659,dummy_mean,1.0,1.6,1.4729687500000002
10660,dummy_mean,1.0,2.32,1.4729687500000002
10665,dummy_mean,1.0,1.6,1.4729687500000002
10666,dummy_mean,1.0,0.18,1.4729687500000002
10667,dummy_mean,1.0,1.14,1.4729687500000002
10707,dummy_mean,1.0,0.96,1.4729687500000002
10725,dummy_mean,1.0,1.2,1.4729687500000002
10729,dummy_mean,1.0,2.1,1.4729687500000002
10742,dummy_mean,1.0,2.48,1.4729687500000002
10761,dummy_mean,1.0,2.82,1.4729687500000002
10780,dummy_mean,1.0,1.98,1.4729687500000002
10823,dummy_mean,1.0,1.48,1.4729687500000002
10826,dummy_mean,1.0,2.72,1.4729687500000002
10841,dummy_mean,1.0,0.9,1.4729687500000002
10846,dummy_mean,1.0,1.02,1.4729687500000002
10851,dummy_mean,1.0,1.28,1.4729687500000002
10854,dummy_mean,1.0,0.3,1.4729687500000002
10866,dummy_mean,1.0,4.18,1.4729687500000002
10868,dummy_mean,1.0,2.14,1.4729687500000002
10873,dummy_mean,1.0,1.22,1.4729687500000002
10894,dummy_mean,1.0,1.58,1.4729687500000002
10902,dummy_mean,1.0,2.8,1.4729687500000002
10912,dummy_mean,1.0,0.22,1.4729687500000002
10925,dummy_mean,1.0,1.56,1.4729687500000002
10926,dummy_mean,1.0,0.48,1.4729687500000002
10927,dummy_mean,1.0,0.28,1.4729687500000002
10956,dummy_mean,1.0,1.24,1.4729687500000002
10971,dummy_mean,1.0,2.1,1.4729687500000002
10977,dummy_mean,1.0,1.2,1.4729687500000002
10983,dummy_mean,1.0,2.3,1.4729687500000002
10987,dummy_mean,1.0,1.42,1.4729687500000002
10991,dummy_mean,1.0,0.44,1.4729687500000002
10996,dummy_mean,1.0,0.64,1.4729687500000002
11031,dummy_mean,1.0,0.56,1.4729687500000002
11033,dummy_mean,1.0,1.62,1.4729687500000002
11035,dummy_mean,1.0,0.94,1.4729687500000002
11037,dummy_mean,1.0,1.54,1.4729687500000002
11040,dummy_mean,1.0,1.26,1.4729687500000002
11042,dummy_mean,1.0,1.04,1.4729687500000002
11044,dummy_mean,1.0,1.02,1.4729687500000002
11065,dummy_mean,1.0,0.94,1.4729687500000002
11082,dummy_mean,1.0,1.22,1.4729687500000002
11095,dummy_mean,1.0,0.1,1.4729687500000002
11102,dummy_mean,1.0,0.4,1.4729687500000002
11107,dummy_mean,1.0,0.48,1.4729687500000002
11109,dummy_mean,1.0,1.64,1.4729687500000002
11113,dummy_mean,1.0,1.2,1.4729687500000002
11115,dummy_mean,1.0,1.14,1.4729687500000002
11148,dummy_mean,1.0,1.36,1.4729687500000002
11163,dummy_mean,1.0,2.8,1.4729687500000002
11190,dummy_mean,1.0,1.64,1.4729687500000002
11196,dummy_mean,1.0,1.04,1.4729687500000002
11201,dummy_mean,1.0,1.54,1.4729687500000002
11212,dummy_mean,1.0,2.6,1.4729687500000002
11227,dummy_mean,1.0,3.36,1.4729687500000002
11230,dummy_mean,1.0,0.12,1.4729687500000002
11231,dummy_mean,1.0,1.38,1.4729687500000002
11267,dummy_mean,1.0,0.78,1.4729687500000002
11268,dummy_mean,1.0,-0.04,1.4729687500000002
11274,dummy_mean,1.0,1.64,1.4729687500000002
11277,dummy_mean,1.0,1.2,1.4729687500000002
11285,dummy_mean,1.0,1.36,1.4729687500000002
11289,dummy_mean,1.0,1.94,1.4729687500000002
11301,dummy_mean,1.0,1.88,1.4729687500000002
11311,dummy_mean,1.0,1.88,1.4729687500000002
11323,dummy_mean,1.0,1.5,1.4729687500000002
11326,dummy_mean,1.0,1.08,1.4729687500000002
11332,dummy_mean,1.0,1.46,1.4729687500000002
11334,dummy_mean,1.0,1.74,1.4729687500000002
11342,dummy_mean,1.0,2.16,1.4729687500000002
11349,dummy_mean,1.0,2.2,1.4729687500000002
11362,dummy_mean,1.0,1.92,1.4729687500000002
11368,dummy_mean,1.0,0.76,1.4729687500000002
11385,dummy_mean,1.0,1.54,1.4729687500000002
11387,dummy_mean,1.0,0.66,1.4729687500000002
11390,dummy_mean,1.0,1.46,1.4729687500000002
11398,dummy_mean,1.0,0.98,1.4729687500000002
11417,dummy_mean,1.0,1.66,1.4729687500000002
11418,dummy_mean,1.0,1.86,1.4729687500000002
11433,dummy_mean,1.0,0.46,1.4729687500000002
11443,dummy_mean,1.0,0.48,1.4729687500000002
11451,dummy_mean,1.0,1.24,1.4729687500000002
11452,dummy_mean,1.0,2.02,1.4729687500000002
11456,dummy_mean,1.0,1.04,1.4729687500000002
11458,dummy_mean,1.0,0.8,1.4729687500000002
11466,dummy_mean,1.0,2.54,1.4729687500000002
11468,dummy_mean,1.0,1.88,1.4729687500000002
11472,dummy_mean,1.0,2.96,1.4729687500000002
11482,dummy_mean,1.0,0.86,1.4729687500000002
11484,dummy_mean,1.0,1.52,1.4729687500000002
11487,dummy_mean,1.0,1.04,1.4729687500000002
11490,dummy_mean,1.0,1.62,1.4729687500000002
11500,dummy_mean,1.0,0.74,1.4729687500000002
11515,dummy_mean,1.0,0.66,1.4729687500000002
11516,dummy_mean,1.0,1.34,1.4729687500000002
11519,dummy_mean,1.0,1.62,1.4729687500000002
11520,dummy_mean,1.0,0.58,1.4729687500000002
11527,dummy_mean,1.0,2.8,1.4729687500000002
11529,dummy_mean,1.0,2.7,1.4729687500000002
11538,dummy_mean,1.0,0.46,1.4729687500000002
11540,dummy_mean,1.0,2.1,1.4729687500000002
11589,dummy_mean,1.0,1.06,1.4729687500000002
11592,dummy_mean,1.0,1.14,1.4729687500000002
11593,dummy_mean,1.0,1.42,1.4729687500000002
11601,dummy_mean,1.0,0.52,1.4729687500000002
11614,dummy_mean,1.0,1.2,1.4729687500000002
11621,dummy_mean,1.0,1.02,1.4729687500000002
11624,dummy_mean,1.0,1.44,1.4729687500000002
11628,dummy_mean,1.0,1.5,1.4729687500000002
11634,dummy_mean,1.0,0.96,1.4729687500000002
11639,dummy_mean,1.0,1.0,1.4729687500000002
11649,dummy_mean,1.0,1.2,1.4729687500000002
11659,dummy_mean,1.0,2.4,1.4729687500000002
11661,dummy_mean,1.0,1.66,1.4729687500000002
11665,dummy_mean,1.0,1.5,1.4729687500000002
11669,dummy_mean,1.0,1.2,1.4729687500000002
11696,dummy_mean,1.0,2.64,1.4729687500000002
11697,dummy_mean,1.0,2.12,1.4729687500000002
11699,dummy_mean,1.0,1.3,1.4729687500000002
11712,dummy_mean,1.0,1.46,1.4729687500000002
11714,dummy_mean,1.0,0.68,1.4729687500000002
11725,dummy_mean,1.0,0.8,1.4729687500000002
11753,dummy_mean,1.0,1.04,1.4729687500000002
11760,dummy_mean,1.0,1.14,1.4729687500000002
11769,dummy_mean,1.0,1.74,1.4729687500000002
11780,dummy_mean,1.0,1.22,1.4729687500000002
11786,dummy_mean,1.0,1.1,1.4729687500000002
11792,dummy_mean,1.0,3.62,1.4729687500000002
11793,dummy_mean,1.0,1.12,1.4729687500000002
11795,dummy_mean,1.0,1.64,1.4729687500000002
11806,dummy_mean,1.0,1.68,1.4729687500000002
11821,dummy_mean,1.0,1.1,1.4729687500000002
11824,dummy_mean,1.0,1.12,1.4729687500000002
11826,dummy_mean,1.0,0.48,1.4729687500000002
11827,dummy_mean,1.0,2.36,1.4729687500000002
11828,dummy_mean,1.0,1.78,1.4729687500000002
11876,dummy_mean,1.0,1.48,1.4729687500000002
11877,dummy_mean,1.0,3.02,1.4729687500000002
11910,dummy_mean,1.0,0.6,1.4729687500000002
11919,dummy_mean,1.0,1.36,1.4729687500000002
11921,dummy_mean,1.0,1.22,1.4729687500000002
11953,dummy_mean,1.0,1.02,1.4729687500000002
11956,dummy_mean,1.0,1.58,1.4729687500000002
11971,dummy_mean,1.0,2.6,1.4729687500000002
11979,dummy_mean,1.0,1.96,1.4729687500000002
12011,dummy_mean,1.0,1.4,1.4729687500000002
12021,dummy_mean,1.0,1.2,1.4729687500000002
12028,dummy_mean,1.0,0.8,1.4729687500000002
12042,dummy_mean,1.0,1.28,1.4729687500000002
12044,dummy_mean,1.0,3.0,1.4729687500000002
12063,dummy_mean,1.0,0.72,1.4729687500000002
12065,dummy_mean,1.0,0.84,1.4729687500000002
12093,dummy_mean,1.0,2.08,1.4729687500000002
12118,dummy_mean,1.0,1.18,1.4729687500000002
12120,dummy_mean,1.0,0.84,1.4729687500000002
12121,dummy_mean,1.0,1.8,1.4729687500000002
12130,dummy_mean,1.0,1.08,1.4729687500000002
12136,dummy_mean,1.0,1.9,1.4729687500000002
12149,dummy_mean,1.0,1.26,1.4729687500000002
12153,dummy_mean,1.0,1.06,1.4729687500000002
12162,dummy_mean,1.0,1.88,1.4729687500000002
12166,dummy_mean,1.0,5.16,1.4729687500000002
12168,dummy_mean,1.0,1.4,1.4729687500000002
12173,dummy_mean,1.0,2.62,1.4729687500000002
12178,dummy_mean,1.0,1.46,1.4729687500000002
12191,dummy_mean,1.0,0.68,1.4729687500000002
12203,dummy_mean,1.0,-0.02,1.4729687500000002
12208,dummy_mean,1.0,0.44,1.4729687500000002
12216,dummy_mean,1.0,1.48,1.4729687500000002
12217,dummy_mean,1.0,-0.02,1.4729687500000002
12225,dummy_mean,1.0,1.68,1.4729687500000002
12264,dummy_mean,1.0,1.86,1.4729687500000002
12273,dummy_mean,1.0,0.52,1.4729687500000002
12276,dummy_mean,1.0,1.18,1.4729687500000002
12279,dummy_mean,1.0,1.48,1.4729687500000002
12310,dummy_mean,1.0,3.04,1.4729687500000002
12317,dummy_mean,1.0,0.76,1.4729687500000002
12367,dummy_mean,1.0,1.42,1.4729687500000002
12398,dummy_mean,1.0,1.24,1.4729687500000002
12406,dummy_mean,1.0,1.66,1.4729687500000002
12412,dummy_mean,1.0,1.72,1.4729687500000002
12415,dummy_mean,1.0,0.82,1.4729687500000002
12420,dummy_mean,1.0,1.1,1.4729687500000002
12452,dummy_mean,1.0,1.5,1.4729687500000002
12454,dummy_mean,1.0,0.76,1.4729687500000002
12474,dummy_mean,1.0,2.26,1.4729687500000002
12476,dummy_mean,1.0,1.34,1.4729687500000002
12482,dummy_mean,1.0,0.96,1.4729687500000002
12491,dummy_mean,1.0,0.44,1.4729687500000002
12493,dummy_mean,1.0,1.98,1.4729687500000002
12509,dummy_mean,1.0,1.42,1.4729687500000002
12521,dummy_mean,1.0,1.92,1.4729687500000002
12551,dummy_mean,1.0,1.18,1.4729687500000002
12554,dummy_mean,1.0,0.46,1.4729687500000002
12562,dummy_mean,1.0,1.8,1.4729687500000002
12583,dummy_mean,1.0,1.38,1.4729687500000002
12600,dummy_mean,1.0,1.0,1.4729687500000002
12638,dummy_mean,1.0,2.92,1.4729687500000002
12646,dummy_mean,1.0,0.78,1.4729687500000002
12662,dummy_mean,1.0,1.6,1.4729687500000002
12663,dummy_mean,1.0,3.32,1.4729687500000002
12667,dummy_mean,1.0,2.14,1.4729687500000002
12685,dummy_mean,1.0,1.5,1.4729687500000002
12687,dummy_mean,1.0,0.86,1.4729687500000002
12702,dummy_mean,1.0,0.52,1.4729687500000002
12717,dummy_mean,1.0,0.74,1.4729687500000002
12724,dummy_mean,1.0,1.52,1.4729687500000002
12729,dummy_mean,1.0,3.2,1.4729687500000002
12734,dummy_mean,1.0,4.42,1.4729687500000002
12736,dummy_mean,1.0,1.68,1.4729687500000002
12737,dummy_mean,1.0,1.6,1.4729687500000002
12754,dummy_mean,1.0,2.84,1.4729687500000002
12756,dummy_mean,1.0,2.02,1.4729687500000002
12760,dummy_mean,1.0,1.72,1.4729687500000002
12789,dummy_mean,1.0,1.28,1.4729687500000002
12791,dummy_mean,1.0,1.44,1.4729687500000002
12798,dummy_mean,1.0,1.58,1.4729687500000002
12809,dummy_mean,1.0,1.26,1.4729687500000002
12815,dummy_mean,1.0,1.68,1.4729687500000002
12817,dummy_mean,1.0,0.86,1.4729687500000002
12821,dummy_mean,1.0,0.8,1.4729687500000002
12837,dummy_mean,1.0,1.06,1.4729687500000002
12847,dummy_mean,1.0,2.6,1.4729687500000002
12851,dummy_mean,1.0,0.42,1.4729687500000002
12852,dummy_mean,1.0,0.82,1.4729687500000002
12858,dummy_mean,1.0,4.32,1.4729687500000002
12862,dummy_mean,1.0,1.86,1.4729687500000002
12863,dummy_mean,1.0,1.26,1.4729687500000002
12891,dummy_mean,1.0,2.14,1.4729687500000002
12917,dummy_mean,1.0,2.42,1.4729687500000002
12946,dummy_mean,1.0,1.14,1.4729687500000002
12957,dummy_mean,1.0,1.28,1.4729687500000002
12967,dummy_mean,1.0,1.8,1.4729687500000002
12977,dummy_mean,1.0,1.58,1.4729687500000002
12994,dummy_mean,1.0,1.16,1.4729687500000002
12998,dummy_mean,1.0,1.32,1.4729687500000002
13011,dummy_mean,1.0,1.14,1.4729687500000002
13020,dummy_mean,1.0,1.14,1.4729687500000002
13032,dummy_mean,1.0,0.78,1.4729687500000002
13035,dummy_mean,1.0,0.72,1.4729687500000002
13043,dummy_mean,1.0,1.52,1.4729687500000002
13044,dummy_mean,1.0,1.74,1.4729687500000002
13056,dummy_mean,1.0,1.5,1.4729687500000002
13059,dummy_mean,1.0,0.74,1.4729687500000002
13073,dummy_mean,1.0,0.92,1.4729687500000002
13085,dummy_mean,1.0,1.46,1.4729687500000002
13090,dummy_mean,1.0,1.56,1.4729687500000002
13108,dummy_mean,1.0,1.64,1.4729687500000002
13109,dummy_mean,1.0,1.14,1.4729687500000002
13113,dummy_mean,1.0,1.58,1.4729687500000002
13120,dummy_mean,1.0,1.42,1.4729687500000002
13125,dummy_mean,1.0,1.18,1.4729687500000002
13139,dummy_mean,1.0,1.12,1.4729687500000002
13143,dummy_mean,1.0,1.86,1.4729687500000002
13159,dummy_mean,1.0,1.5,1.4729687500000002
13163,dummy_mean,1.0,0.42,1.4729687500000002
13179,dummy_mean,1.0,1.62,1.4729687500000002
13194,dummy_mean,1.0,1.76,1.4729687500000002
13203,dummy_mean,1.0,0.94,1.4729687500000002
13206,dummy_mean,1.0,0.76,1.4729687500000002
13215,dummy_mean,1.0,2.28,1.4729687500000002
13216,dummy_mean,1.0,1.52,1.4729687500000002
13234,dummy_mean,1.0,1.34,1.4729687500000002
13236,dummy_mean,1.0,0.72,1.4729687500000002
13240,dummy_mean,1.0,1.84,1.4729687500000002
13242,dummy_mean,1.0,1.2,1.4729687500000002
13243,dummy_mean,1.0,1.96,1.4729687500000002
13246,dummy_mean,1.0,1.6,1.4729687500000002
13262,dummy_mean,1.0,4.0,1.4729687500000002
13280,dummy_mean,1.0,2.24,1.4729687500000002
13311,dummy_mean,1.0,0.48,1.4729687500000002
13326,dummy_mean,1.0,1.46,1.4729687500000002
13337,dummy_mean,1.0,0.1,1.4729687500000002
13338,dummy_mean,1.0,2.92,1.4729687500000002
13344,dummy_mean,1.0,1.2,1.4729687500000002
13350,dummy_mean,1.0,2.06,1.4729687500000002
13354,dummy_mean,1.0,1.42,1.4729687500000002
13358,dummy_mean,1.0,1.94,1.4729687500000002
13361,dummy_mean,1.0,2.74,1.4729687500000002
13363,dummy_mean,1.0,1.68,1.4729687500000002
13391,dummy_mean,1.0,1.44,1.4729687500000002
13395,dummy_mean,1.0,1.54,1.4729687500000002
13413,dummy_mean,1.0,2.0,1.4729687500000002
13436,dummy_mean,1.0,1.36,1.4729687500000002
13480,dummy_mean,1.0,1.18,1.4729687500000002
13485,dummy_mean,1.0,1.32,1.4729687500000002
13487,dummy_mean,1.0,1.52,1.4729687500000002
13493,dummy_mean,1.0,1.1,1.4729687500000002
13499,dummy_mean,1.0,1.42,1.4729687500000002
13500,dummy_mean,1.0,1.5,1.4729687500000002
13503,dummy_mean,1.0,0.32,1.4729687500000002
13510,dummy_mean,1.0,1.32,1.4729687500000002
13519,dummy_mean,1.0,0.68,1.4729687500000002
13537,dummy_mean,1.0,1.36,1.4729687500000002
13544,dummy_mean,1.0,1.42,1.4729687500000002
13549,dummy_mean,1.0,0.44,1.4729687500000002
13561,dummy_mean,1.0,0.2,1.4729687500000002
13588,dummy_mean,1.0,1.8,1.4729687500000002
13589,dummy_mean,1.0,1.24,1.4729687500000002
13592,dummy_mean,1.0,0.42,1.4729687500000002
13593,dummy_mean,1.0,0.7,1.4729687500000002
13596,dummy_mean,1.0,1.14,1.4729687500000002
13609,dummy_mean,1.0,3.66,1.4729687500000002
13621,dummy_mean,1.0,2.22,1.4729687500000002
13644,dummy_mean,1.0,1.48,1.4729687500000002
13661,dummy_mean,1.0,1.92,1.4729687500000002
13670,dummy_mean,1.0,1.58,1.4729687500000002
13674,dummy_mean,1.0,1.58,1.4729687500000002
13685,dummy_mean,1.0,0.1,1.4729687500000002
13686,dummy_mean,1.0,1.08,1.4729687500000002
13693,dummy_mean,1.0,0.52,1.4729687500000002
13696,dummy_mean,1.0,2.12,1.4729687500000002
13707,dummy_mean,1.0,1.74,1.4729687500000002
13710,dummy_mean,1.0,1.34,1.4729687500000002
13711,dummy_mean,1.0,1.08,1.4729687500000002
13713,dummy_mean,1.0,3.94,1.4729687500000002
13714,dummy_mean,1.0,2.18,1.4729687500000002
13728,dummy_mean,1.0,1.1,1.4729687500000002
13752,dummy_mean,1.0,1.92,1.4729687500000002
13761,dummy_mean,1.0,1.8,1.4729687500000002
13768,dummy_mean,1.0,1.88,1.4729687500000002
13770,dummy_mean,1.0,1.58,1.4729687500000002
13780,dummy_mean,1.0,1.04,1.4729687500000002
13783,dummy_mean,1.0,1.42,1.4729687500000002
13798,dummy_mean,1.0,0.58,1.4729687500000002
13814,dummy_mean,1.0,0.36,1.4729687500000002
13824,dummy_mean,1.0,2.8,1.4729687500000002
13829,dummy_mean,1.0,1.52,1.4729687500000002
13838,dummy_mean,1.0,1.32,1.4729687500000002
13839,dummy_mean,1.0,2.14,1.4729687500000002
13846,dummy_mean,1.0,1.74,1.4729687500000002
13848,dummy_mean,1.0,1.78,1.4729687500000002
13861,dummy_mean,1.0,1.42,1.4729687500000002
13865,dummy_mean,1.0,1.3,1.4729687500000002
13870,dummy_mean,1.0,1.34,1.4729687500000002
13880,dummy_mean,1.0,1.0,1.4729687500000002
13881,dummy_mean,1.0,1.56,1.4729687500000002
13893,dummy_mean,1.0,1.56,1.4729687500000002
13896,dummy_mean,1.0,0.36,1.4729687500000002
13903,dummy_mean,1.0,1.56,1.4729687500000002
13909,dummy_mean,1.0,0.44,1.4729687500000002
13920,dummy_mean,1.0,1.56,1.4729687500000002
13928,dummy_mean,1.0,1.06,1.4729687500000002
13930,dummy_mean,1.0,1.94,1.4729687500000002
13933,dummy_mean,1.0,0.84,1.4729687500000002
13934,dummy_mean,1.0,1.4,1.4729687500000002
13936,dummy_mean,1.0,1.16,1.4729687500000002
13941,dummy_mean,1.0,1.0,1.4729687500000002
13945,dummy_mean,1.0,1.74,1.4729687500000002
13952,dummy_mean,1.0,1.3,1.4729687500000002
13955,dummy_mean,1.0,1.9,1.4729687500000002
13961,dummy_mean,1.0,0.96,1.4729687500000002
13962,dummy_mean,1.0,1.76,1.4729687500000002
13969,dummy_mean,1.0,1.94,1.4729687500000002
13970,dummy_mean,1.0,1.94,1.4729687500000002
13980,dummy_mean,1.0,0.42,1.4729687500000002
13988,dummy_mean,1.0,1.78,1.4729687500000002
13996,dummy_mean,1.0,0.78,1.4729687500000002
14000,dummy_mean,1.0,0.64,1.4729687500000002
14005,dummy_mean,1.0,1.34,1.4729687500000002
14009,dummy_mean,1.0,0.5,1.4729687500000002
14010,dummy_mean,1.0,1.24,1.4729687500000002
14016,dummy_mean,1.0,1.26,1.4729687500000002
14017,dummy_mean,1.0,2.3,1.4729687500000002
14018,dummy_mean,1.0,1.14,1.4729687500000002
14020,dummy_mean,1.0,1.06,1.4729687500000002
14028,dummy_mean,1.0,2.42,1.4729687500000002
14030,dummy_mean,1.0,1.64,1.4729687500000002
14034,dummy_mean,1.0,1.52,1.4729687500000002
14062,dummy_mean,1.0,0.12,1.4729687500000002
14079,dummy_mean,1.0,0.94,1.4729687500000002
14086,dummy_mean,1.0,0.34,1.4729687500000002
14092,dummy_mean,1.0,0.42,1.4729687500000002
14104,dummy_mean,1.0,1.5,1.4729687500000002
14114,dummy_mean,1.0,2.52,1.4729687500000002
14130,dummy_mean,1.0,1.14,1.4729687500000002
14132,dummy_mean,1.0,0.7,1.4729687500000002
14135,dummy_mean,1.0,0.6,1.4729687500000002
14153,dummy_mean,1.0,0.82,1.4729687500000002
14155,dummy_mean,1.0,1.9,1.4729687500000002
14166,dummy_mean,1.0,1.7,1.4729687500000002
14169,dummy_mean,1.0,0.76,1.4729687500000002
14171,dummy_mean,1.0,0.58,1.4729687500000002
14174,dummy_mean,1.0,1.46,1.4729687500000002
14179,dummy_mean,1.0,1.06,1.4729687500000002
14201,dummy_mean,1.0,1.98,1.4729687500000002
14205,dummy_mean,1.0,1.34,1.4729687500000002
14206,dummy_mean,1.0,1.6,1.4729687500000002
14229,dummy_mean,1.0,1.18,1.4729687500000002
14241,dummy_mean,1.0,0.92,1.4729687500000002
14255,dummy_mean,1.0,1.82,1.4729687500000002
14269,dummy_mean,1.0,1.8,1.4729687500000002
14292,dummy_mean,1.0,1.36,1.4729687500000002
14298,dummy_mean,1.0,1.26,1.4729687500000002
14305,dummy_mean,1.0,1.32,1.4729687500000002
14318,dummy_mean,1.0,0.28,1.4729687500000002
14320,dummy_mean,1.0,1.42,1.4729687500000002
14340,dummy_mean,1.0,1.5,1.4729687500000002
14343,dummy_mean,1.0,0.82,1.4729687500000002
14346,dummy_mean,1.0,1.06,1.4729687500000002
14350,dummy_mean,1.0,0.06,1.4729687500000002
14351,dummy_mean,1.0,4.26,1.4729687500000002
14376,dummy_mean,1.0,1.74,1.4729687500000002
14392,dummy_mean,1.0,1.94,1.4729687500000002
14395,dummy_mean,1.0,0.9,1.4729687500000002
14397,dummy_mean,1.0,1.44,1.4729687500000002
14402,dummy_mean,1.0,0.88,1.4729687500000002
14413,dummy_mean,1.0,2.74,1.4729687500000002
14417,dummy_mean,1.0,1.32,1.4729687500000002
14418,dummy_mean,1.0,0.78,1.4729687500000002
14425,dummy_mean,1.0,0.66,1.4729687500000002
14433,dummy_mean,1.0,1.54,1.4729687500000002
14440,dummy_mean,1.0,2.6,1.4729687500000002
14441,dummy_mean,1.0,1.56,1.4729687500000002
14448,dummy_mean,1.0,0.68,1.4729687500000002
14459,dummy_mean,1.0,1.68,1.4729687500000002
14483,dummy_mean,1.0,2.52,1.4729687500000002
14492,dummy_mean,1.0,1.04,1.4729687500000002
14495,dummy_mean,1.0,2.06,1.4729687500000002
14517,dummy_mean,1.0,1.22,1.4729687500000002
14524,dummy_mean,1.0,2.08,1.4729687500000002
14534,dummy_mean,1.0,1.14,1.4729687500000002
14552,dummy_mean,1.0,0.72,1.4729687500000002
14553,dummy_mean,1.0,2.82,1.4729687500000002
14561,dummy_mean,1.0,1.46,1.4729687500000002
14563,dummy_mean,1.0,1.54,1.4729687500000002
14565,dummy_mean,1.0,0.88,1.4729687500000002
14567,dummy_mean,1.0,1.72,1.4729687500000002
14568,dummy_mean,1.0,0.98,1.4729687500000002
14569,dummy_mean,1.0,2.72,1.4729687500000002
14571,dummy_mean,1.0,1.54,1.4729687500000002
14581,dummy_mean,1.0,1.78,1.4729687500000002
14621,dummy_mean,1.0,1.74,1.4729687500000002
14646,dummy_mean,1.0,0.58,1.4729687500000002
14654,dummy_mean,1.0,0.68,1.4729687500000002
14665,dummy_mean,1.0,2.8,1.4729687500000002
14700,dummy_mean,1.0,0.44,1.4729687500000002
14710,dummy_mean,1.0,0.78,1.4729687500000002
14714,dummy_mean,1.0,1.2,1.4729687500000002
14724,dummy_mean,1.0,1.54,1.4729687500000002
14726,dummy_mean,1.0,0.52,1.4729687500000002
14732,dummy_mean,1.0,0.82,1.4729687500000002
14734,dummy_mean,1.0,1.34,1.4729687500000002
14749,dummy_mean,1.0,1.88,1.4729687500000002
14757,dummy_mean,1.0,1.26,1.4729687500000002
14777,dummy_mean,1.0,0.86,1.4729687500000002
14779,dummy_mean,1.0,1.42,1.4729687500000002
14780,dummy_mean,1.0,1.6,1.4729687500000002
14788,dummy_mean,1.0,0.58,1.4729687500000002
14793,dummy_mean,1.0,0.94,1.4729687500000002
14812,dummy_mean,1.0,0.88,1.4729687500000002
14816,dummy_mean,1.0,1.12,1.4729687500000002
14847,dummy_mean,1.0,0.7,1.4729687500000002
14849,dummy_mean,1.0,3.9,1.4729687500000002
14852,dummy_mean,1.0,1.16,1.4729687500000002
14869,dummy_mean,1.0,1.06,1.4729687500000002
14887,dummy_mean,1.0,1.34,1.4729687500000002
14901,dummy_mean,1.0,1.4,1.4729687500000002
14905,dummy_mean,1.0,1.38,1.4729687500000002
14908,dummy_mean,1.0,1.14,1.4729687500000002
14918,dummy_mean,1.0,2.3,1.4729687500000002
14924,dummy_mean,1.0,1.54,1.4729687500000002
14925,dummy_mean,1.0,1.56,1.4729687500000002
14951,dummy_mean,1.0,0.14,1.4729687500000002
14959,dummy_mean,1.0,0.22,1.4729687500000002
14970,dummy_mean,1.0,1.6,1.4729687500000002
14978,dummy_mean,1.0,2.72,1.4729687500000002
14980,dummy_mean,1.0,0.56,1.4729687500000002
14983,dummy_mean,1.0,0.88,1.4729687500000002
14985,dummy_mean,1.0,0.5,1.4729687500000002
14992,dummy_mean,1.0,1.02,1.4729687500000002
15000,dummy_mean,1.0,1.3,1.4729687500000002
15015,dummy_mean,1.0,1.28,1.4729687500000002
15030,dummy_mean,1.0,1.88,1.4729687500000002
15039,dummy_mean,1.0,2.58,1.4729687500000002
15042,dummy_mean,1.0,1.96,1.4729687500000002
15044,dummy_mean,1.0,2.46,1.4729687500000002
15056,dummy_mean,1.0,1.0,1.4729687500000002
15058,dummy_mean,1.0,1.56,1.4729687500000002
15076,dummy_mean,1.0,0.9,1.4729687500000002
15077,dummy_mean,1.0,2.84,1.4729687500000002
15089,dummy_mean,1.0,1.82,1.4729687500000002
15093,dummy_mean,1.0,1.14,1.4729687500000002
15103,dummy_mean,1.0,1.18,1.4729687500000002
15130,dummy_mean,1.0,0.68,1.4729687500000002
15151,dummy_mean,1.0,0.44,1.4729687500000002
15154,dummy_mean,1.0,0.6,1.4729687500000002
15171,dummy_mean,1.0,0.98,1.4729687500000002
15187,dummy_mean,1.0,1.76,1.4729687500000002
15201,dummy_mean,1.0,1.58,1.4729687500000002
15218,dummy_mean,1.0,3.58,1.4729687500000002
15259,dummy_mean,1.0,0.9,1.4729687500000002
15278,dummy_mean,1.0,1.48,1.4729687500000002
15281,dummy_mean,1.0,2.1,1.4729687500000002
15323,dummy_mean,1.0,0.34,1.4729687500000002
15324,dummy_mean,1.0,1.32,1.4729687500000002
15331,dummy_mean,1.0,1.18,1.4729687500000002
15343,dummy_mean,1.0,1.06,1.4729687500000002
15349,dummy_mean,1.0,1.56,1.4729687500000002
15350,dummy_mean,1.0,1.08,1.4729687500000002
15352,dummy_mean,1.0,0.98,1.4729687500000002
15370,dummy_mean,1.0,1.48,1.4729687500000002
15377,dummy_mean,1.0,2.04,1.4729687500000002
15379,dummy_mean,1.0,1.24,1.4729687500000002
15414,dummy_mean,1.0,1.14,1.4729687500000002
15418,dummy_mean,1.0,1.52,1.4729687500000002
15430,dummy_mean,1.0,0.96,1.4729687500000002
15439,dummy_mean,1.0,1.64,1.4729687500000002
15455,dummy_mean,1.0,2.88,1.4729687500000002
15456,dummy_mean,1.0,1.04,1.4729687500000002
15463,dummy_mean,1.0,0.92,1.4729687500000002
15464,dummy_mean,1.0,1.42,1.4729687500000002
15471,dummy_mean,1.0,1.3,1.4729687500000002
15492,dummy_mean,1.0,0.86,1.4729687500000002
15500,dummy_mean,1.0,0.74,1.4729687500000002
15505,dummy_mean,1.0,1.06,1.4729687500000002
15525,dummy_mean,1.0,1.1,1.4729687500000002
15535,dummy_mean,1.0,0.94,1.4729687500000002
15540,dummy_mean,1.0,0.62,1.4729687500000002
15543,dummy_mean,1.0,0.96,1.4729687500000002
15545,dummy_mean,1.0,2.34,1.4729687500000002
15546,dummy_mean,1.0,1.16,1.4729687500000002
15555,dummy_mean,1.0,1.0,1.4729687500000002
15560,dummy_mean,1.0,1.98,1.4729687500000002
15567,dummy_mean,1.0,0.26,1.4729687500000002
15572,dummy_mean,1.0,2.24,1.4729687500000002
15587,dummy_mean,1.0,0.86,1.4729687500000002
15597,dummy_mean,1.0,1.34,1.4729687500000002
15603,dummy_mean,1.0,2.12,1.4729687500000002
15632,dummy_mean,1.0,2.24,1.4729687500000002
15633,dummy_mean,1.0,1.28,1.4729687500000002
15634,dummy_mean,1.0,1.52,1.4729687500000002
15645,dummy_mean,1.0,1.56,1.4729687500000002
15669,dummy_mean,1.0,1.04,1.4729687500000002
15683,dummy_mean,1.0,2.32,1.4729687500000002
15684,dummy_mean,1.0,0.88,1.4729687500000002
15704,dummy_mean,1.0,1.66,1.4729687500000002
15711,dummy_mean,1.0,0.96,1.4729687500000002
15713,dummy_mean,1.0,0.4,1.4729687500000002
15723,dummy_mean,1.0,1.46,1.4729687500000002
15729,dummy_mean,1.0,2.16,1.4729687500000002
15730,dummy_mean,1.0,2.46,1.4729687500000002
15733,dummy_mean,1.0,1.2,1.4729687500000002
15760,dummy_mean,1.0,1.14,1.4729687500000002
15784,dummy_mean,1.0,1.68,1.4729687500000002
15792,dummy_mean,1.0,2.96,1.4729687500000002
15821,dummy_mean,1.0,1.44,1.4729687500000002
15824,dummy_mean,1.0,0.98,1.4729687500000002
15832,dummy_mean,1.0,0.7,1.4729687500000002
15864,dummy_mean,1.0,2.56,1.4729687500000002
15891,dummy_mean,1.0,1.64,1.4729687500000002
15902,dummy_mean,1.0,3.18,1.4729687500000002
15911,dummy_mean,1.0,2.38,1.4729687500000002
15917,dummy_mean,1.0,2.02,1.4729687500000002
15919,dummy_mean,1.0,0.58,1.4729687500000002
15920,dummy_mean,1.0,0.56,1.4729687500000002
15929,dummy_mean,1.0,1.74,1.4729687500000002
15941,dummy_mean,1.0,1.98,1.4729687500000002
15954,dummy_mean,1.0,1.72,1.4729687500000002
15955,dummy_mean,1.0,2.48,1.4729687500000002
15974,dummy_mean,1.0,1.66,1.4729687500000002
15987,dummy_mean,1.0,1.32,1.4729687500000002
15989,dummy_mean,1.0,0.66,1.4729687500000002
16002,dummy_mean,1.0,3.1,1.4729687500000002
16027,dummy_mean,1.0,1.0,1.4729687500000002
16029,dummy_mean,1.0,0.96,1.4729687500000002
16033,dummy_mean,1.0,3.64,1.4729687500000002
16044,dummy_mean,1.0,2.16,1.4729687500000002
16052,dummy_mean,1.0,1.44,1.4729687500000002
16074,dummy_mean,1.0,1.36,1.4729687500000002
16092,dummy_mean,1.0,1.54,1.4729687500000002
16101,dummy_mean,1.0,1.34,1.4729687500000002
16108,dummy_mean,1.0,1.24,1.4729687500000002
16109,dummy_mean,1.0,1.0,1.4729687500000002
16110,dummy_mean,1.0,1.16,1.4729687500000002
16124,dummy_mean,1.0,0.68,1.4729687500000002
16128,dummy_mean,1.0,1.16,1.4729687500000002
16139,dummy_mean,1.0,1.24,1.4729687500000002
16140,dummy_mean,1.0,1.98,1.4729687500000002
16152,dummy_mean,1.0,1.32,1.4729687500000002
16156,dummy_mean,1.0,2.46,1.4729687500000002
16162,dummy_mean,1.0,0.7,1.4729687500000002
16164,dummy_mean,1.0,2.44,1.4729687500000002
16170,dummy_mean,1.0,1.56,1.4729687500000002
16183,dummy_mean,1.0,0.82,1.4729687500000002
16197,dummy_mean,1.0,1.3,1.4729687500000002
16206,dummy_mean,1.0,1.28,1.4729687500000002
16238,dummy_mean,1.0,1.08,1.4729687500000002
16249,dummy_mean,1.0,0.32,1.4729687500000002
16256,dummy_mean,1.0,0.94,1.4729687500000002
16268,dummy_mean,1.0,0.32,1.4729687500000002
16273,dummy_mean,1.0,0.68,1.4729687500000002
16280,dummy_mean,1.0,1.06,1.4729687500000002
16285,dummy_mean,1.0,1.78,1.4729687500000002
16302,dummy_mean,1.0,0.46,1.4729687500000002
16324,dummy_mean,1.0,1.88,1.4729687500000002
16331,dummy_mean,1.0,1.92,1.4729687500000002
16335,dummy_mean,1.0,1.54,1.4729687500000002
16373,dummy_mean,1.0,0.76,1.4729687500000002
16381,dummy_mean,1.0,1.64,1.4729687500000002
16382,dummy_mean,1.0,0.58,1.4729687500000002
16406,dummy_mean,1.0,1.74,1.4729687500000002
16416,dummy_mean,1.0,0.58,1.4729687500000002
16424,dummy_mean,1.0,2.6,1.4729687500000002
16425,dummy_mean,1.0,2.62,1.4729687500000002
16427,dummy_mean,1.0,0.96,1.4729687500000002
16429,dummy_mean,1.0,2.22,1.4729687500000002
16430,dummy_mean,1.0,1.14,1.4729687500000002
16440,dummy_mean,1.0,2.02,1.4729687500000002
16455,dummy_mean,1.0,1.68,1.4729687500000002
16461,dummy_mean,1.0,1.04,1.4729687500000002
16468,dummy_mean,1.0,0.98,1.4729687500000002
16508,dummy_mean,1.0,1.76,1.4729687500000002
16522,dummy_mean,1.0,1.82,1.4729687500000002
16544,dummy_mean,1.0,1.52,1.4729687500000002
16545,dummy_mean,1.0,0.7,1.4729687500000002
16547,dummy_mean,1.0,2.62,1.4729687500000002
16555,dummy_mean,1.0,1.7,1.4729687500000002
16568,dummy_mean,1.0,0.74,1.4729687500000002
16569,dummy_mean,1.0,1.08,1.4729687500000002
16584,dummy_mean,1.0,0.72,1.4729687500000002
16586,dummy_mean,1.0,0.56,1.4729687500000002
16587,dummy_mean,1.0,0.86,1.4729687500000002
16592,dummy_mean,1.0,1.12,1.4729687500000002
16598,dummy_mean,1.0,2.18,1.4729687500000002
16603,dummy_mean,1.0,1.02,1.4729687500000002
16611,dummy_mean,1.0,4.2,1.4729687500000002
16612,dummy_mean,1.0,2.2,1.4729687500000002
16626,dummy_mean,1.0,1.26,1.4729687500000002
16628,dummy_mean,1.0,1.34,1.4729687500000002
16643,dummy_mean,1.0,1.14,1.4729687500000002
16650,dummy_mean,1.0,0.9,1.4729687500000002
16657,dummy_mean,1.0,1.66,1.4729687500000002
16659,dummy_mean,1.0,2.26,1.4729687500000002
16669,dummy_mean,1.0,0.54,1.4729687500000002
16687,dummy_mean,1.0,0.9,1.4729687500000002
16693,dummy_mean,1.0,2.06,1.4729687500000002
16700,dummy_mean,1.0,1.96,1.4729687500000002
16717,dummy_mean,1.0,0.9,1.4729687500000002
16723,dummy_mean,1.0,0.46,1.4729687500000002
16725,dummy_mean,1.0,1.3,1.4729687500000002
16728,dummy_mean,1.0,1.98,1.4729687500000002
16738,dummy_mean,1.0,0.92,1.4729687500000002
16739,dummy_mean,1.0,1.94,1.4729687500000002
16747,dummy_mean,1.0,0.46,1.4729687500000002
16752,dummy_mean,1.0,0.54,1.4729687500000002
16760,dummy_mean,1.0,0.46,1.4729687500000002
16761,dummy_mean,1.0,2.02,1.4729687500000002
16787,dummy_mean,1.0,2.02,1.4729687500000002
16795,dummy_mean,1.0,0.66,1.4729687500000002
16807,dummy_mean,1.0,1.28,1.4729687500000002
16811,dummy_mean,1.0,1.14,1.4729687500000002
16813,dummy_mean,1.0,1.86,1.4729687500000002
16831,dummy_mean,1.0,1.06,1.4729687500000002
16841,dummy_mean,1.0,1.46,1.4729687500000002
16846,dummy_mean,1.0,1.62,1.4729687500000002
16848,dummy_mean,1.0,1.54,1.4729687500000002
16852,dummy_mean,1.0,0.66,1.4729687500000002
16872,dummy_mean,1.0,0.98,1.4729687500000002
16876,dummy_mean,1.0,1.08,1.4729687500000002
16879,dummy_mean,1.0,0.92,1.4729687500000002
16898,dummy_mean,1.0,1.26,1.4729687500000002
16930,dummy_mean,1.0,0.64,1.4729687500000002
16933,dummy_mean,1.0,0.6,1.4729687500000002
16946,dummy_mean,1.0,1.2,1.4729687500000002
16949,dummy_mean,1.0,1.58,1.4729687500000002
16954,dummy_mean,1.0,2.96,1.4729687500000002
16956,dummy_mean,1.0,0.4,1.4729687500000002
16960,dummy_mean,1.0,1.02,1.4729687500000002
16981,dummy_mean,1.0,1.74,1.4729687500000002
16982,dummy_mean,1.0,0.34,1.4729687500000002
16984,dummy_mean,1.0,1.6,1.4729687500000002
16989,dummy_mean,1.0,3.24,1.4729687500000002
16993,dummy_mean,1.0,1.3,1.4729687500000002
17000,dummy_mean,1.0,1.08,1.4729687500000002
17001,dummy_mean,1.0,1.68,1.4729687500000002
17006,dummy_mean,1.0,1.08,1.4729687500000002
17019,dummy_mean,1.0,0.86,1.4729687500000002
17036,dummy_mean,1.0,1.66,1.4729687500000002
17051,dummy_mean,1.0,0.74,1.4729687500000002
17063,dummy_mean,1.0,1.62,1.4729687500000002
17068,dummy_mean,1.0,1.68,1.4729687500000002
17073,dummy_mean,1.0,0.9,1.4729687500000002
17074,dummy_mean,1.0,0.78,1.4729687500000002
17104,dummy_mean,1.0,1.46,1.4729687500000002
17105,dummy_mean,1.0,1.92,1.4729687500000002
17107,dummy_mean,1.0,0.2,1.4729687500000002
17121,dummy_mean,1.0,0.78,1.4729687500000002
17129,dummy_mean,1.0,1.46,1.4729687500000002
17142,dummy_mean,1.0,1.52,1.4729687500000002
17147,dummy_mean,1.0,1.18,1.4729687500000002
17152,dummy_mean,1.0,1.24,1.4729687500000002
17155,dummy_mean,1.0,0.68,1.4729687500000002
17194,dummy_mean,1.0,1.22,1.4729687500000002
17206,dummy_mean,1.0,1.52,1.4729687500000002
17209,dummy_mean,1.0,2.56,1.4729687500000002
17219,dummy_mean,1.0,0.26,1.4729687500000002
17241,dummy_mean,1.0,1.04,1.4729687500000002
17263,dummy_mean,1.0,0.94,1.4729687500000002
17287,dummy_mean,1.0,3.1,1.4729687500000002
17291,dummy_mean,1.0,1.32,1.4729687500000002
17303,dummy_mean,1.0,1.28,1.4729687500000002
17311,dummy_mean,1.0,1.28,1.4729687500000002
17313,dummy_mean,1.0,2.36,1.4729687500000002
17314,dummy_mean,1.0,1.82,1.4729687500000002
17320,dummy_mean,1.0,1.32,1.4729687500000002
17324,dummy_mean,1.0,4.66,1.4729687500000002
17335,dummy_mean,1.0,1.72,1.4729687500000002
17340,dummy_mean,1.0,0.54,1.4729687500000002
17346,dummy_mean,1.0,0.8,1.4729687500000002
17354,dummy_mean,1.0,1.36,1.4729687500000002
17356,dummy_mean,1.0,1.14,1.4729687500000002
17375,dummy_mean,1.0,1.0,1.4729687500000002
17377,dummy_mean,1.0,1.08,1.4729687500000002
17389,dummy_mean,1.0,1.3,1.4729687500000002
17392,dummy_mean,1.0,0.36,1.4729687500000002
17406,dummy_mean,1.0,2.14,1.4729687500000002
17418,dummy_mean,1.0,0.92,1.4729687500000002
17457,dummy_mean,1.0,2.08,1.4729687500000002
17466,dummy_mean,1.0,1.8,1.4729687500000002
17489,dummy_mean,1.0,1.04,1.4729687500000002
17491,dummy_mean,1.0,1.06,1.4729687500000002
17519,dummy_mean,1.0,1.28,1.4729687500000002
17525,dummy_mean,1.0,0.88,1.4729687500000002
17528,dummy_mean,1.0,3.76,1.4729687500000002
17529,dummy_mean,1.0,0.64,1.4729687500000002
17540,dummy_mean,1.0,0.92,1.4729687500000002
17545,dummy_mean,1.0,0.92,1.4729687500000002
17554,dummy_mean,1.0,1.8,1.4729687500000002
17558,dummy_mean,1.0,1.08,1.4729687500000002
17572,dummy_mean,1.0,1.62,1.4729687500000002
17575,dummy_mean,1.0,0.34,1.4729687500000002
17589,dummy_mean,1.0,0.74,1.4729687500000002
17599,dummy_mean,1.0,2.04,1.4729687500000002
17607,dummy_mean,1.0,1.26,1.4729687500000002
17611,dummy_mean,1.0,1.44,1.4729687500000002
17615,dummy_mean,1.0,1.74,1.4729687500000002
17618,dummy_mean,1.0,1.08,1.4729687500000002
17626,dummy_mean,1.0,2.18,1.4729687500000002
17631,dummy_mean,1.0,1.8,1.4729687500000002
17632,dummy_mean,1.0,1.38,1.4729687500000002
17645,dummy_mean,1.0,0.76,1.4729687500000002
17658,dummy_mean,1.0,0.5,1.4729687500000002
17661,dummy_mean,1.0,1.48,1.4729687500000002
17690,dummy_mean,1.0,1.58,1.4729687500000002
17697,dummy_mean,1.0,0.8,1.4729687500000002
17700,dummy_mean,1.0,1.66,1.4729687500000002
17708,dummy_mean,1.0,2.18,1.4729687500000002
17713,dummy_mean,1.0,1.94,1.4729687500000002
17730,dummy_mean,1.0,2.12,1.4729687500000002
17775,dummy_mean,1.0,1.46,1.4729687500000002
17776,dummy_mean,1.0,1.34,1.4729687500000002
17779,dummy_mean,1.0,3.66,1.4729687500000002
17788,dummy_mean,1.0,2.54,1.4729687500000002
17796,dummy_mean,1.0,1.82,1.4729687500000002
17803,dummy_mean,1.0,1.78,1.4729687500000002
17804,dummy_mean,1.0,1.84,1.4729687500000002
17824,dummy_mean,1.0,1.06,1.4729687500000002
17829,dummy_mean,1.0,1.6,1.4729687500000002
17832,dummy_mean,1.0,1.7,1.4729687500000002
17839,dummy_mean,1.0,1.72,1.4729687500000002
17859,dummy_mean,1.0,1.1,1.4729687500000002
17863,dummy_mean,1.0,0.56,1.4729687500000002
17886,dummy_mean,1.0,1.34,1.4729687500000002
17910,dummy_mean,1.0,0.58,1.4729687500000002
17922,dummy_mean,1.0,2.64,1.4729687500000002
17943,dummy_mean,1.0,1.64,1.4729687500000002
17965,dummy_mean,1.0,1.22,1.4729687500000002
17987,dummy_mean,1.0,1.84,1.4729687500000002
17988,dummy_mean,1.0,0.84,1.4729687500000002
17995,dummy_mean,1.0,0.84,1.4729687500000002
17998,dummy_mean,1.0,1.96,1.4729687500000002
18005,dummy_mean,1.0,1.7,1.4729687500000002
18010,dummy_mean,1.0,1.1,1.4729687500000002
18011,dummy_mean,1.0,1.22,1.4729687500000002
18023,dummy_mean,1.0,0.38,1.4729687500000002
18029,dummy_mean,1.0,0.92,1.4729687500000002
18043,dummy_mean,1.0,1.56,1.4729687500000002
18045,dummy_mean,1.0,1.86,1.4729687500000002
18048,dummy_mean,1.0,1.56,1.4729687500000002
18049,dummy_mean,1.0,1.04,1.4729687500000002
18057,dummy_mean,1.0,1.3,1.4729687500000002
18059,dummy_mean,1.0,1.32,1.4729687500000002
18064,dummy_mean,1.0,1.6,1.4729687500000002
18075,dummy_mean,1.0,1.48,1.4729687500000002
18076,dummy_mean,1.0,1.68,1.4729687500000002
18093,dummy_mean,1.0,1.06,1.4729687500000002
18096,dummy_mean,1.0,-0.14,1.4729687500000002
18105,dummy_mean,1.0,1.9,1.4729687500000002
18114,dummy_mean,1.0,0.58,1.4729687500000002
18116,dummy_mean,1.0,1.46,1.4729687500000002
18119,dummy_mean,1.0,0.38,1.4729687500000002
18121,dummy_mean,1.0,1.42,1.4729687500000002
18137,dummy_mean,1.0,0.62,1.4729687500000002
18169,dummy_mean,1.0,0.88,1.4729687500000002
18175,dummy_mean,1.0,1.38,1.4729687500000002
18196,dummy_mean,1.0,2.02,1.4729687500000002
18216,dummy_mean,1.0,2.76,1.4729687500000002
18220,dummy_mean,1.0,1.36,1.4729687500000002
18223,dummy_mean,1.0,1.24,1.4729687500000002
18230,dummy_mean,1.0,0.58,1.4729687500000002
18232,dummy_mean,1.0,1.42,1.4729687500000002
18233,dummy_mean,1.0,1.6,1.4729687500000002
18264,dummy_mean,1.0,0.68,1.4729687500000002
18268,dummy_mean,1.0,2.38,1.4729687500000002
18271,dummy_mean,1.0,1.74,1.4729687500000002
18280,dummy_mean,1.0,0.68,1.4729687500000002
18283,dummy_mean,1.0,3.08,1.4729687500000002
18302,dummy_mean,1.0,1.08,1.4729687500000002
18305,dummy_mean,1.0,2.02,1.4729687500000002
18309,dummy_mean,1.0,1.36,1.4729687500000002
18333,dummy_mean,1.0,1.06,1.4729687500000002
18335,dummy_mean,1.0,1.22,1.4729687500000002
18354,dummy_mean,1.0,0.2,1.4729687500000002
18356,dummy_mean,1.0,1.92,1.4729687500000002
18364,dummy_mean,1.0,1.68,1.4729687500000002
18370,dummy_mean,1.0,1.24,1.4729687500000002
18381,dummy_mean,1.0,1.02,1.4729687500000002
18410,dummy_mean,1.0,0.56,1.4729687500000002
18432,dummy_mean,1.0,0.98,1.4729687500000002
18449,dummy_mean,1.0,1.94,1.4729687500000002
18452,dummy_mean,1.0,0.72,1.4729687500000002
18463,dummy_mean,1.0,1.06,1.4729687500000002
18500,dummy_mean,1.0,1.94,1.4729687500000002
18510,dummy_mean,1.0,2.56,1.4729687500000002
18527,dummy_mean,1.0,1.96,1.4729687500000002
18530,dummy_mean,1.0,1.46,1.4729687500000002
18537,dummy_mean,1.0,1.36,1.4729687500000002
18541,dummy_mean,1.0,1.74,1.4729687500000002
18543,dummy_mean,1.0,2.3,1.4729687500000002
18576,dummy_mean,1.0,1.16,1.4729687500000002
18580,dummy_mean,1.0,0.78,1.4729687500000002
18581,dummy_mean,1.0,2.3,1.4729687500000002
18589,dummy_mean,1.0,2.44,1.4729687500000002
18603,dummy_mean,1.0,2.64,1.4729687500000002
18611,dummy_mean,1.0,1.08,1.4729687500000002
18616,dummy_mean,1.0,1.42,1.4729687500000002
18630,dummy_mean,1.0,1.64,1.4729687500000002
18639,dummy_mean,1.0,1.3,1.4729687500000002
18642,dummy_mean,1.0,0.72,1.4729687500000002
18658,dummy_mean,1.0,2.08,1.4729687500000002
18665,dummy_mean,1.0,1.48,1.4729687500000002
18691,dummy_mean,1.0,2.26,1.4729687500000002
18693,dummy_mean,1.0,1.4,1.4729687500000002
18706,dummy_mean,1.0,1.32,1.4729687500000002
18719,dummy_mean,1.0,0.94,1.4729687500000002
18732,dummy_mean,1.0,1.0,1.4729687500000002
18759,dummy_mean,1.0,1.98,1.4729687500000002
18775,dummy_mean,1.0,3.36,1.4729687500000002
18776,dummy_mean,1.0,2.0,1.4729687500000002
18806,dummy_mean,1.0,-0.24,1.4729687500000002
18846,dummy_mean,1.0,1.74,1.4729687500000002
18847,dummy_mean,1.0,1.52,1.4729687500000002
18851,dummy_mean,1.0,1.06,1.4729687500000002
18862,dummy_mean,1.0,0.68,1.4729687500000002
18870,dummy_mean,1.0,2.78,1.4729687500000002
18891,dummy_mean,1.0,0.9,1.4729687500000002
18899,dummy_mean,1.0,1.82,1.4729687500000002
26,rf_starter_descriptors,1.0,1.18,0.7662
27,rf_starter_descriptors,1.0,1.24,1.1484000000000014
40,rf_starter_descriptors,1.0,1.16,1.5448
45,rf_starter_descriptors,1.0,0.6,0.7540000000000002
69,rf_starter_descriptors,1.0,3.34,1.7196
72,rf_starter_descriptors,1.0,0.82,1.2104000000000004
103,rf_starter_descriptors,1.0,0.42,1.3133999999999995
115,rf_starter_descriptors,1.0,1.04,1.5698000000000008
134,rf_starter_descriptors,1.0,0.56,1.173799999999999
136,rf_starter_descriptors,1.0,1.5,1.7822
137,rf_starter_descriptors,1.0,1.6,1.3062
155,rf_starter_descriptors,1.0,1.28,2.9549999999999987
158,rf_starter_descriptors,1.0,2.48,2.592999999999999
169,rf_starter_descriptors,1.0,-0.04,1.2924
171,rf_starter_descriptors,1.0,0.72,1.013399999999999
179,rf_starter_descriptors,1.0,3.44,2.4475999999999987
183,rf_starter_descriptors,1.0,2.02,1.6396000000000002
188,rf_starter_descriptors,1.0,2.54,2.0878
199,rf_starter_descriptors,1.0,1.48,1.8644
206,rf_starter_descriptors,1.0,1.1,1.6566
211,rf_starter_descriptors,1.0,2.1,1.8194000000000006
212,rf_starter_descriptors,1.0,1.46,1.1528000000000007
220,rf_starter_descriptors,1.0,0.92,1.3483999999999994
221,rf_starter_descriptors,1.0,0.58,0.9403999999999997
224,rf_starter_descriptors,1.0,0.64,1.4456000000000009
228,rf_starter_descriptors,1.0,0.82,1.2582
249,rf_starter_descriptors,1.0,1.74,2.3298000000000005
255,rf_starter_descriptors,1.0,2.14,1.4523999999999995
258,rf_starter_descriptors,1.0,1.2,1.0260000000000005
266,rf_starter_descriptors,1.0,1.04,2.090400000000001
301,rf_starter_descriptors,1.0,0.86,0.7542000000000003
305,rf_starter_descriptors,1.0,0.8,1.185200000000001
322,rf_starter_descriptors,1.0,1.62,1.3081999999999991
324,rf_starter_descriptors,1.0,1.16,1.3557999999999995
337,rf_starter_descriptors,1.0,0.78,1.0402000000000013
338,rf_starter_descriptors,1.0,1.72,2.1494000000000013
345,rf_starter_descriptors,1.0,1.22,1.4234
362,rf_starter_descriptors,1.0,0.38,1.436
364,rf_starter_descriptors,1.0,1.54,0.78
366,rf_starter_descriptors,1.0,0.5,0.7586000000000006
372,rf_starter_descriptors,1.0,1.48,1.0137999999999996
374,rf_starter_descriptors,1.0,1.28,1.2296000000000005
376,rf_starter_descriptors,1.0,1.9,1.5322000000000002
380,rf_starter_descriptors,1.0,2.28,2.0022
387,rf_starter_descriptors,1.0,2.02,1.4279999999999986
393,rf_starter_descriptors,1.0,1.12,1.2082000000000006
417,rf_starter_descriptors,1.0,1.5,1.4711999999999994
418,rf_starter_descriptors,1.0,1.26,1.1713999999999993
433,rf_starter_descriptors,1.0,2.32,1.9481999999999997
438,rf_starter_descriptors,1.0,1.3,1.396199999999999
442,rf_starter_descriptors,1.0,1.9,1.5474000000000003
451,rf_starter_descriptors,1.0,2.44,2.914600000000003
455,rf_starter_descriptors,1.0,2.9,2.485199999999998
458,rf_starter_descriptors,1.0,1.22,1.5456
466,rf_starter_descriptors,1.0,1.66,1.0276000000000003
470,rf_starter_descriptors,1.0,0.84,1.0544000000000007
472,rf_starter_descriptors,1.0,0.84,1.2693999999999988
476,rf_starter_descriptors,1.0,0.72,0.7842
505,rf_starter_descriptors,1.0,1.26,1.105799999999999
511,rf_starter_descriptors,1.0,1.24,1.3301999999999998
512,rf_starter_descriptors,1.0,-0.2,0.25239999999999996
515,rf_starter_descriptors,1.0,0.32,0.9336000000000005
521,rf_starter_descriptors,1.0,1.3,2.401000000000001
532,rf_starter_descriptors,1.0,1.78,1.4339999999999993
559,rf_starter_descriptors,1.0,2.6,1.4805999999999997
564,rf_starter_descriptors,1.0,1.26,1.5138000000000003
578,rf_starter_descriptors,1.0,1.28,0.9026000000000001
583,rf_starter_descriptors,1.0,0.88,1.7312000000000012
591,rf_starter_descriptors,1.0,0.4,1.1214000000000004
595,rf_starter_descriptors,1.0,1.66,1.9861999999999995
598,rf_starter_descriptors,1.0,2.08,1.7702
614,rf_starter_descriptors,1.0,2.66,2.0509999999999984
616,rf_starter_descriptors,1.0,-0.06,1.5890000000000009
626,rf_starter_descriptors,1.0,1.52,1.4026000000000003
649,rf_starter_descriptors,1.0,0.68,1.0384
668,rf_starter_descriptors,1.0,1.28,1.0388000000000004
675,rf_starter_descriptors,1.0,3.02,1.6366
678,rf_starter_descriptors,1.0,0.9,1.0456
688,rf_starter_descriptors,1.0,0.76,0.8990000000000004
730,rf_starter_descriptors,1.0,1.68,1.3832000000000015
732,rf_starter_descriptors,1.0,0.4,0.1467999999999998
734,rf_starter_descriptors,1.0,1.32,1.5179999999999998
735,rf_starter_descriptors,1.0,0.8,0.7279999999999999
743,rf_starter_descriptors,1.0,1.64,0.9631999999999998
766,rf_starter_descriptors,1.0,1.88,0.8736000000000002
767,rf_starter_descriptors,1.0,1.58,1.3003999999999996
778,rf_starter_descriptors,1.0,1.04,0.9121999999999991
787,rf_starter_descriptors,1.0,3.56,2.5080000000000022
788,rf_starter_descriptors,1.0,3.04,1.9430000000000005
790,rf_starter_descriptors,1.0,2.16,1.5371999999999997
816,rf_starter_descriptors,1.0,1.06,1.0884000000000014
817,rf_starter_descriptors,1.0,0.56,1.0824
818,rf_starter_descriptors,1.0,1.08,0.9494000000000007
849,rf_starter_descriptors,1.0,1.38,1.2074000000000007
863,rf_starter_descriptors,1.0,1.58,1.3846000000000012
868,rf_starter_descriptors,1.0,1.2,1.4848
872,rf_starter_descriptors,1.0,0.8,0.8496000000000001
891,rf_starter_descriptors,1.0,1.02,0.9921999999999994
894,rf_starter_descriptors,1.0,1.58,1.5394000000000003
905,rf_starter_descriptors,1.0,1.48,1.3905999999999994
913,rf_starter_descriptors,1.0,1.18,1.2014
921,rf_starter_descriptors,1.0,1.9,1.648600000000001
922,rf_starter_descriptors,1.0,2.58,1.739
940,rf_starter_descriptors,1.0,0.72,1.4117999999999993
950,rf_starter_descriptors,1.0,1.0,1.3232000000000006
955,rf_starter_descriptors,1.0,1.32,1.4999999999999998
995,rf_starter_descriptors,1.0,0.68,1.2651999999999997
1004,rf_starter_descriptors,1.0,0.72,1.2033999999999998
1010,rf_starter_descriptors,1.0,2.3,1.1300000000000003
1011,rf_starter_descriptors,1.0,3.42,2.595599999999999
1012,rf_starter_descriptors,1.0,1.02,1.0255999999999994
1018,rf_starter_descriptors,1.0,1.52,1.410200000000001
1058,rf_starter_descriptors,1.0,1.2,1.3258000000000003
1059,rf_starter_descriptors,1.0,0.96,1.872200000000002
1061,rf_starter_descriptors,1.0,0.7,0.9798000000000003
1065,rf_starter_descriptors,1.0,1.46,1.2768000000000006
1069,rf_starter_descriptors,1.0,0.74,1.4847999999999997
1074,rf_starter_descriptors,1.0,1.42,1.4282000000000001
1098,rf_starter_descriptors,1.0,0.8,0.6996000000000003
1114,rf_starter_descriptors,1.0,1.02,1.2630000000000003
1116,rf_starter_descriptors,1.0,1.58,1.4250000000000005
1122,rf_starter_descriptors,1.0,0.48,1.078
1125,rf_starter_descriptors,1.0,0.56,1.0696000000000003
1133,rf_starter_descriptors,1.0,0.64,1.1040000000000005
1137,rf_starter_descriptors,1.0,1.26,1.5137999999999996
1151,rf_starter_descriptors,1.0,1.44,2.2994000000000003
1153,rf_starter_descriptors,1.0,0.72,1.0338
1159,rf_starter_descriptors,1.0,1.86,1.6612000000000002
1161,rf_starter_descriptors,1.0,1.28,0.9534000000000004
1176,rf_starter_descriptors,1.0,1.6,1.6033999999999993
1177,rf_starter_descriptors,1.0,0.46,0.8257999999999996
1185,rf_starter_descriptors,1.0,2.14,2.049200000000001
1203,rf_starter_descriptors,1.0,1.18,1.574199999999999
1207,rf_starter_descriptors,1.0,0.46,1.5009999999999994
1223,rf_starter_descriptors,1.0,2.22,1.9917999999999985
1235,rf_starter_descriptors,1.0,1.6,1.1740000000000004
1252,rf_starter_descriptors,1.0,1.84,1.1912000000000005
1268,rf_starter_descriptors,1.0,1.34,1.3059999999999996
1270,rf_starter_descriptors,1.0,1.5,1.254200000000001
1283,rf_starter_descriptors,1.0,2.4,1.9166000000000005
1296,rf_starter_descriptors,1.0,1.86,1.4595999999999998
1297,rf_starter_descriptors,1.0,1.48,2.1974000000000005
1309,rf_starter_descriptors,1.0,1.84,1.7425999999999997
1324,rf_starter_descriptors,1.0,1.22,1.2754000000000003
1335,rf_starter_descriptors,1.0,1.76,1.2682000000000004
1343,rf_starter_descriptors,1.0,2.02,2.0810000000000004
1365,rf_starter_descriptors,1.0,2.2,1.4379999999999984
1373,rf_starter_descriptors,1.0,0.64,0.8260000000000001
1378,rf_starter_descriptors,1.0,2.1,1.1745999999999999
1381,rf_starter_descriptors,1.0,1.9,1.1536000000000008
1382,rf_starter_descriptors,1.0,2.36,2.2842000000000016
1391,rf_starter_descriptors,1.0,1.92,2.655200000000002
1406,rf_starter_descriptors,1.0,1.58,1.3411999999999995
1419,rf_starter_descriptors,1.0,1.4,1.5522
1432,rf_starter_descriptors,1.0,0.98,2.530800000000002
1433,rf_starter_descriptors,1.0,1.36,1.640200000000001
1436,rf_starter_descriptors,1.0,2.5,1.4764000000000004
1452,rf_starter_descriptors,1.0,0.84,0.8647999999999996
1473,rf_starter_descriptors,1.0,1.0,1.0487999999999997
1479,rf_starter_descriptors,1.0,1.1,1.2959999999999994
1488,rf_starter_descriptors,1.0,1.04,0.9639999999999996
1492,rf_starter_descriptors,1.0,1.14,1.2021999999999995
1499,rf_starter_descriptors,1.0,2.24,1.8961999999999994
1500,rf_starter_descriptors,1.0,2.02,2.360600000000001
1525,rf_starter_descriptors,1.0,1.24,1.1902000000000008
1534,rf_starter_descriptors,1.0,1.4,1.0060000000000002
1548,rf_starter_descriptors,1.0,1.12,1.7565999999999995
1555,rf_starter_descriptors,1.0,1.3,1.0598000000000005
1565,rf_starter_descriptors,1.0,1.34,1.3037999999999996
1599,rf_starter_descriptors,1.0,1.02,1.2424000000000006
1604,rf_starter_descriptors,1.0,0.26,1.0178000000000007
1612,rf_starter_descriptors,1.0,2.44,1.773599999999999
1630,rf_starter_descriptors,1.0,0.58,0.7131999999999998
1631,rf_starter_descriptors,1.0,1.36,1.1054000000000004
1635,rf_starter_descriptors,1.0,0.38,0.9017999999999994
1637,rf_starter_descriptors,1.0,1.38,0.9007999999999997
1659,rf_starter_descriptors,1.0,1.34,1.7003999999999997
1664,rf_starter_descriptors,1.0,2.8,2.2193999999999994
1673,rf_starter_descriptors,1.0,0.4,1.5814000000000001
1676,rf_starter_descriptors,1.0,1.0,1.2194000000000014
1678,rf_starter_descriptors,1.0,0.96,0.9664000000000001
1689,rf_starter_descriptors,1.0,1.46,1.6395999999999997
1709,rf_starter_descriptors,1.0,0.6,0.851400000000001
1716,rf_starter_descriptors,1.0,2.34,1.6927999999999994
1720,rf_starter_descriptors,1.0,1.68,1.0268000000000008
1744,rf_starter_descriptors,1.0,2.12,1.8817999999999993
1746,rf_starter_descriptors,1.0,1.7,1.3462000000000005
1760,rf_starter_descriptors,1.0,2.98,2.7188
1763,rf_starter_descriptors,1.0,0.88,1.5284
1770,rf_starter_descriptors,1.0,0.96,0.6344000000000002
1773,rf_starter_descriptors,1.0,1.94,1.879199999999999
1806,rf_starter_descriptors,1.0,0.94,1.1434000000000002
1811,rf_starter_descriptors,1.0,0.98,1.9039999999999995
1815,rf_starter_descriptors,1.0,2.02,1.4458000000000006
1825,rf_starter_descriptors,1.0,1.4,1.4253999999999993
1831,rf_starter_descriptors,1.0,0.72,1.2672000000000014
1842,rf_starter_descriptors,1.0,0.94,1.4161999999999997
1844,rf_starter_descriptors,1.0,1.02,1.6008000000000007
1849,rf_starter_descriptors,1.0,1.24,1.0792000000000008
1852,rf_starter_descriptors,1.0,0.36,0.9528000000000003
1881,rf_starter_descriptors,1.0,2.1,2.106799999999998
1882,rf_starter_descriptors,1.0,1.8,1.2415999999999998
1907,rf_starter_descriptors,1.0,1.22,1.984800000000002
1912,rf_starter_descriptors,1.0,1.26,2.2872
1924,rf_starter_descriptors,1.0,2.0,1.7641999999999998
1925,rf_starter_descriptors,1.0,3.26,2.5380000000000007
1929,rf_starter_descriptors,1.0,0.5,0.8070000000000002
1944,rf_starter_descriptors,1.0,0.62,0.9550000000000002
1956,rf_starter_descriptors,1.0,1.36,1.5674000000000003
1967,rf_starter_descriptors,1.0,1.1,2.110599999999999
1977,rf_starter_descriptors,1.0,1.76,1.5959999999999999
1983,rf_starter_descriptors,1.0,1.16,1.8062000000000002
1993,rf_starter_descriptors,1.0,1.76,2.2682000000000024
1999,rf_starter_descriptors,1.0,1.22,2.044599999999998
2007,rf_starter_descriptors,1.0,-0.26,1.1034000000000004
2009,rf_starter_descriptors,1.0,1.1,0.9476
2045,rf_starter_descriptors,1.0,0.96,0.9869999999999998
2072,rf_starter_descriptors,1.0,1.32,1.5461999999999998
2077,rf_starter_descriptors,1.0,0.76,1.0266000000000002
2090,rf_starter_descriptors,1.0,0.66,0.8782000000000003
2120,rf_starter_descriptors,1.0,0.72,2.033199999999999
2131,rf_starter_descriptors,1.0,0.18,1.1550000000000002
2134,rf_starter_descriptors,1.0,3.18,2.2007999999999996
2145,rf_starter_descriptors,1.0,1.6,1.6998
2153,rf_starter_descriptors,1.0,2.0,2.0140000000000002
2161,rf_starter_descriptors,1.0,3.44,2.1222000000000003
2166,rf_starter_descriptors,1.0,1.46,1.7650000000000006
2167,rf_starter_descriptors,1.0,2.98,2.608399999999998
2197,rf_starter_descriptors,1.0,3.1,1.532000000000001
2229,rf_starter_descriptors,1.0,1.0,1.4348000000000005
2235,rf_starter_descriptors,1.0,0.78,1.1028
2237,rf_starter_descriptors,1.0,2.22,2.510399999999999
2254,rf_starter_descriptors,1.0,1.24,1.7845999999999995
2262,rf_starter_descriptors,1.0,1.22,1.3032000000000006
2298,rf_starter_descriptors,1.0,1.52,1.8335999999999983
2301,rf_starter_descriptors,1.0,4.0,2.0188
2305,rf_starter_descriptors,1.0,2.84,2.0775999999999986
2310,rf_starter_descriptors,1.0,0.24,1.5873999999999997
2322,rf_starter_descriptors,1.0,1.22,1.280000000000001
2335,rf_starter_descriptors,1.0,1.68,1.6762000000000006
2345,rf_starter_descriptors,1.0,0.84,1.1222000000000008
2349,rf_starter_descriptors,1.0,0.62,0.7817999999999995
2357,rf_starter_descriptors,1.0,0.94,1.394000000000001
2360,rf_starter_descriptors,1.0,1.82,1.5841999999999998
2363,rf_starter_descriptors,1.0,1.2,1.5923999999999991
2380,rf_starter_descriptors,1.0,2.3,1.6261999999999999
2385,rf_starter_descriptors,1.0,1.78,1.3723999999999996
2386,rf_starter_descriptors,1.0,1.12,0.8233999999999999
2396,rf_starter_descriptors,1.0,0.94,1.1114000000000006
2397,rf_starter_descriptors,1.0,1.1,1.2417999999999996
2408,rf_starter_descriptors,1.0,1.26,1.0976000000000006
2412,rf_starter_descriptors,1.0,0.78,1.668200000000001
2414,rf_starter_descriptors,1.0,0.76,0.9221999999999988
2424,rf_starter_descriptors,1.0,1.3,1.9389999999999998
2453,rf_starter_descriptors,1.0,3.1,1.4439999999999993
2485,rf_starter_descriptors,1.0,2.82,3.055399999999998
2509,rf_starter_descriptors,1.0,0.7,0.9576000000000003
2527,rf_starter_descriptors,1.0,1.28,1.4277999999999988
2554,rf_starter_descriptors,1.0,3.26,1.9022
2569,rf_starter_descriptors,1.0,0.96,0.9137999999999998
2590,rf_starter_descriptors,1.0,1.08,1.5403999999999995
2623,rf_starter_descriptors,1.0,2.0,2.0337999999999994
2630,rf_starter_descriptors,1.0,1.0,1.9474000000000005
2632,rf_starter_descriptors,1.0,2.36,3.087999999999998
2635,rf_starter_descriptors,1.0,2.18,1.5420000000000003
2647,rf_starter_descriptors,1.0,1.0,1.5712000000000006
2657,rf_starter_descriptors,1.0,2.44,2.4884
2665,rf_starter_descriptors,1.0,0.76,1.2524000000000006
2690,rf_starter_descriptors,1.0,1.96,1.487799999999999
2705,rf_starter_descriptors,1.0,0.6,1.0520000000000003
2715,rf_starter_descriptors,1.0,2.16,1.8602
2747,rf_starter_descriptors,1.0,1.34,1.355800000000001
2752,rf_starter_descriptors,1.0,1.44,1.3576000000000006
2764,rf_starter_descriptors,1.0,0.88,1.3709999999999993
2767,rf_starter_descriptors,1.0,1.68,2.2427999999999995
2777,rf_starter_descriptors,1.0,1.94,1.8694
2782,rf_starter_descriptors,1.0,1.24,1.4145999999999992
2792,rf_starter_descriptors,1.0,2.1,1.6738000000000008
2799,rf_starter_descriptors,1.0,1.16,1.2867999999999993
2800,rf_starter_descriptors,1.0,2.26,2.935599999999998
2809,rf_starter_descriptors,1.0,1.64,1.074399999999999
2812,rf_starter_descriptors,1.0,-0.58,1.1250000000000002
2826,rf_starter_descriptors,1.0,1.3,1.2285999999999988
2836,rf_starter_descriptors,1.0,2.6,1.5482
2837,rf_starter_descriptors,1.0,1.1,1.0940000000000005
2843,rf_starter_descriptors,1.0,1.88,1.3735999999999993
2849,rf_starter_descriptors,1.0,1.2,1.4861999999999989
2854,rf_starter_descriptors,1.0,1.88,1.711600000000001
2856,rf_starter_descriptors,1.0,1.4,1.6392000000000004
2864,rf_starter_descriptors,1.0,1.82,1.6235999999999995
2872,rf_starter_descriptors,1.0,-0.06,0.6397999999999997
2881,rf_starter_descriptors,1.0,1.26,1.3767999999999998
2882,rf_starter_descriptors,1.0,1.08,1.0438000000000003
2886,rf_starter_descriptors,1.0,0.94,1.1207999999999994
2887,rf_starter_descriptors,1.0,1.94,1.4786000000000001
2912,rf_starter_descriptors,1.0,0.6,0.8933999999999997
2916,rf_starter_descriptors,1.0,1.56,1.395399999999999
2928,rf_starter_descriptors,1.0,1.46,1.381400000000001
2935,rf_starter_descriptors,1.0,1.48,2.2626
2957,rf_starter_descriptors,1.0,1.06,1.7582
2972,rf_starter_descriptors,1.0,0.1,0.9988000000000011
2975,rf_starter_descriptors,1.0,0.56,0.8194000000000002
2976,rf_starter_descriptors,1.0,1.06,1.3105999999999982
2993,rf_starter_descriptors,1.0,1.58,1.8390000000000004
2997,rf_starter_descriptors,1.0,0.5,1.0735999999999999
3002,rf_starter_descriptors,1.0,2.16,1.9970000000000012
3012,rf_starter_descriptors,1.0,0.9,1.6738000000000006
3025,rf_starter_descriptors,1.0,2.42,1.7327999999999997
3037,rf_starter_descriptors,1.0,1.48,1.3462000000000005
3048,rf_starter_descriptors,1.0,0.48,0.7065999999999998
3050,rf_starter_descriptors,1.0,1.32,1.2450000000000008
3063,rf_starter_descriptors,1.0,1.28,1.3670000000000007
3106,rf_starter_descriptors,1.0,0.42,0.9223999999999996
3115,rf_starter_descriptors,1.0,1.6,1.0196
3127,rf_starter_descriptors,1.0,1.04,1.2806000000000004
3129,rf_starter_descriptors,1.0,2.04,2.129399999999999
3130,rf_starter_descriptors,1.0,2.76,2.4522000000000013
3141,rf_starter_descriptors,1.0,0.74,1.0314000000000005
3143,rf_starter_descriptors,1.0,1.82,1.6816
3186,rf_starter_descriptors,1.0,1.62,1.5838000000000008
3207,rf_starter_descriptors,1.0,1.38,0.6916
3238,rf_starter_descriptors,1.0,1.54,2.2060000000000004
3240,rf_starter_descriptors,1.0,1.08,1.2796000000000012
3253,rf_starter_descriptors,1.0,1.56,0.9031999999999999
3255,rf_starter_descriptors,1.0,0.2,1.0432000000000001
3272,rf_starter_descriptors,1.0,2.32,2.003400000000001
3286,rf_starter_descriptors,1.0,0.7,1.7516000000000005
3293,rf_starter_descriptors,1.0,1.5,1.3372000000000006
3296,rf_starter_descriptors,1.0,1.52,1.235
3309,rf_starter_descriptors,1.0,0.64,0.8916000000000004
3310,rf_starter_descriptors,1.0,0.94,1.2975999999999999
3314,rf_starter_descriptors,1.0,1.4,1.1434000000000004
3342,rf_starter_descriptors,1.0,0.78,0.9533999999999998
3356,rf_starter_descriptors,1.0,0.76,0.9652000000000004
3359,rf_starter_descriptors,1.0,0.5,1.5671999999999997
3360,rf_starter_descriptors,1.0,1.26,1.3129999999999993
3362,rf_starter_descriptors,1.0,0.92,1.0646000000000004
3374,rf_starter_descriptors,1.0,0.84,1.3439999999999999
3389,rf_starter_descriptors,1.0,1.28,1.4404000000000008
3390,rf_starter_descriptors,1.0,0.82,1.0075999999999996
3400,rf_starter_descriptors,1.0,1.18,1.2562000000000004
3402,rf_starter_descriptors,1.0,0.96,1.4023999999999999
3407,rf_starter_descriptors,1.0,1.04,0.6668
3423,rf_starter_descriptors,1.0,1.32,1.3981999999999997
3430,rf_starter_descriptors,1.0,3.12,2.641400000000002
3434,rf_starter_descriptors,1.0,1.52,1.3389999999999995
3465,rf_starter_descriptors,1.0,1.8,1.7777999999999998
3498,rf_starter_descriptors,1.0,1.08,1.3825999999999998
3532,rf_starter_descriptors,1.0,1.06,2.3020000000000005
3557,rf_starter_descriptors,1.0,0.6,1.1998000000000004
3558,rf_starter_descriptors,1.0,0.78,0.9321999999999991
3569,rf_starter_descriptors,1.0,1.42,1.2025999999999997
3570,rf_starter_descriptors,1.0,2.66,2.194000000000002
3582,rf_starter_descriptors,1.0,1.68,1.4564000000000001
3584,rf_starter_descriptors,1.0,1.16,2.0260000000000007
3585,rf_starter_descriptors,1.0,2.34,1.8938
3627,rf_starter_descriptors,1.0,1.34,0.9332000000000004
3647,rf_starter_descriptors,1.0,2.0,1.8279999999999987
3653,rf_starter_descriptors,1.0,0.66,1.1940000000000008
3662,rf_starter_descriptors,1.0,3.2,2.818799999999998
3671,rf_starter_descriptors,1.0,1.22,1.5227999999999988
3684,rf_starter_descriptors,1.0,0.36,0.7189999999999998
3685,rf_starter_descriptors,1.0,1.54,1.9368
3686,rf_starter_descriptors,1.0,1.16,1.3291999999999993
3687,rf_starter_descriptors,1.0,2.08,1.0118000000000007
3688,rf_starter_descriptors,1.0,1.38,1.6134000000000004
3689,rf_starter_descriptors,1.0,1.7,1.1938000000000004
3691,rf_starter_descriptors,1.0,0.7,1.4275999999999993
3696,rf_starter_descriptors,1.0,1.58,1.3107999999999997
3714,rf_starter_descriptors,1.0,3.48,1.5954000000000002
3717,rf_starter_descriptors,1.0,2.54,1.8938000000000008
3721,rf_starter_descriptors,1.0,1.94,1.5943999999999996
3725,rf_starter_descriptors,1.0,2.88,2.9618000000000024
3734,rf_starter_descriptors,1.0,1.22,1.2008
3741,rf_starter_descriptors,1.0,1.48,1.2537999999999991
3742,rf_starter_descriptors,1.0,2.3,1.4340000000000002
3750,rf_starter_descriptors,1.0,2.88,0.9416000000000001
3756,rf_starter_descriptors,1.0,2.14,1.8513999999999995
3768,rf_starter_descriptors,1.0,1.14,0.9495999999999997
3770,rf_starter_descriptors,1.0,0.74,0.8791999999999998
3800,rf_starter_descriptors,1.0,0.82,1.6623999999999992
3822,rf_starter_descriptors,1.0,2.2,1.8598000000000001
3823,rf_starter_descriptors,1.0,1.7,1.696799999999999
3837,rf_starter_descriptors,1.0,0.78,1.1723999999999994
3839,rf_starter_descriptors,1.0,0.94,1.2555999999999998
3856,rf_starter_descriptors,1.0,1.34,1.7264000000000004
3865,rf_starter_descriptors,1.0,1.94,1.4216
3892,rf_starter_descriptors,1.0,1.12,1.2132000000000005
3904,rf_starter_descriptors,1.0,1.2,1.4966000000000006
3914,rf_starter_descriptors,1.0,0.48,0.6740000000000006
3923,rf_starter_descriptors,1.0,2.4,1.9453999999999967
3927,rf_starter_descriptors,1.0,1.3,2.0604
3948,rf_starter_descriptors,1.0,1.78,2.677600000000001
3961,rf_starter_descriptors,1.0,-0.1,0.5794000000000002
3962,rf_starter_descriptors,1.0,1.72,1.7782000000000002
3984,rf_starter_descriptors,1.0,1.2,1.4056000000000015
3995,rf_starter_descriptors,1.0,1.36,1.2938000000000005
4000,rf_starter_descriptors,1.0,1.2,1.4625999999999997
4005,rf_starter_descriptors,1.0,1.62,1.5914000000000001
4021,rf_starter_descriptors,1.0,1.32,1.2673999999999994
4043,rf_starter_descriptors,1.0,2.9,2.4914000000000005
4044,rf_starter_descriptors,1.0,0.8,1.401
4050,rf_starter_descriptors,1.0,2.0,1.5177999999999994
4057,rf_starter_descriptors,1.0,1.52,1.259000000000001
4073,rf_starter_descriptors,1.0,1.98,1.3140000000000003
4074,rf_starter_descriptors,1.0,0.6,1.3806000000000003
4075,rf_starter_descriptors,1.0,1.62,1.1477999999999995
4083,rf_starter_descriptors,1.0,0.98,1.5116000000000005
4106,rf_starter_descriptors,1.0,1.44,1.4957999999999987
4135,rf_starter_descriptors,1.0,1.04,1.2170000000000003
4144,rf_starter_descriptors,1.0,0.98,1.160199999999999
4202,rf_starter_descriptors,1.0,1.22,1.3085999999999995
4211,rf_starter_descriptors,1.0,1.18,1.233200000000001
4221,rf_starter_descriptors,1.0,0.94,1.3781999999999996
4227,rf_starter_descriptors,1.0,3.98,1.3542
4238,rf_starter_descriptors,1.0,1.04,1.1588000000000012
4244,rf_starter_descriptors,1.0,0.24,1.1415999999999995
4255,rf_starter_descriptors,1.0,1.16,1.1421999999999999
4256,rf_starter_descriptors,1.0,1.64,1.8719999999999992
4257,rf_starter_descriptors,1.0,1.34,1.2231999999999998
4277,rf_starter_descriptors,1.0,2.26,2.0632
4281,rf_starter_descriptors,1.0,2.34,1.540199999999999
4284,rf_starter_descriptors,1.0,0.7,1.6661999999999997
4289,rf_starter_descriptors,1.0,3.66,1.924799999999999
4346,rf_starter_descriptors,1.0,2.1,3.1979999999999977
4349,rf_starter_descriptors,1.0,1.4,1.1700000000000002
4352,rf_starter_descriptors,1.0,1.8,2.5266
4376,rf_starter_descriptors,1.0,2.62,2.4942000000000006
4412,rf_starter_descriptors,1.0,0.18,0.9300000000000006
4429,rf_starter_descriptors,1.0,2.0,1.8768000000000002
4438,rf_starter_descriptors,1.0,3.22,1.5365999999999989
4440,rf_starter_descriptors,1.0,1.18,1.4732000000000014
4444,rf_starter_descriptors,1.0,1.42,1.6787999999999998
4445,rf_starter_descriptors,1.0,0.48,0.7168000000000002
4458,rf_starter_descriptors,1.0,1.36,1.2390000000000005
4467,rf_starter_descriptors,1.0,3.02,2.0106000000000024
4472,rf_starter_descriptors,1.0,2.24,1.4333999999999987
4482,rf_starter_descriptors,1.0,1.1,1.1607999999999998
4491,rf_starter_descriptors,1.0,1.02,0.9665999999999997
4504,rf_starter_descriptors,1.0,1.62,1.876
4512,rf_starter_descriptors,1.0,1.34,0.8188000000000001
4520,rf_starter_descriptors,1.0,1.52,1.723399999999998
4522,rf_starter_descriptors,1.0,1.38,0.8650000000000004
4526,rf_starter_descriptors,1.0,1.84,1.3187999999999993
4535,rf_starter_descriptors,1.0,0.74,0.8627999999999991
4545,rf_starter_descriptors,1.0,0.8,1.0553999999999997
4547,rf_starter_descriptors,1.0,0.44,1.5448
4551,rf_starter_descriptors,1.0,1.32,1.1914000000000002
4555,rf_starter_descriptors,1.0,0.94,1.2152000000000007
4569,rf_starter_descriptors,1.0,1.64,1.3773999999999995
4573,rf_starter_descriptors,1.0,1.04,1.2192000000000014
4574,rf_starter_descriptors,1.0,0.38,1.3695999999999993
4581,rf_starter_descriptors,1.0,1.96,2.2852
4615,rf_starter_descriptors,1.0,2.3,1.4509999999999987
4631,rf_starter_descriptors,1.0,1.74,1.423600000000001
4632,rf_starter_descriptors,1.0,0.84,0.839
4642,rf_starter_descriptors,1.0,0.84,0.9605999999999995
4671,rf_starter_descriptors,1.0,1.02,1.6174000000000006
4673,rf_starter_descriptors,1.0,4.34,2.6382000000000017
4676,rf_starter_descriptors,1.0,0.68,0.7372
4677,rf_starter_descriptors,1.0,1.42,1.209000000000001
4684,rf_starter_descriptors,1.0,1.08,1.0807999999999998
4720,rf_starter_descriptors,1.0,3.54,2.027600000000001
4724,rf_starter_descriptors,1.0,1.8,1.5862
4730,rf_starter_descriptors,1.0,1.54,1.1508000000000005
4744,rf_starter_descriptors,1.0,1.96,1.3985999999999992
4753,rf_starter_descriptors,1.0,1.2,1.254599999999999
4754,rf_starter_descriptors,1.0,1.36,1.5760000000000007
4769,rf_starter_descriptors,1.0,1.42,1.5263999999999995
4781,rf_starter_descriptors,1.0,0.86,0.9198000000000005
4795,rf_starter_descriptors,1.0,1.06,1.0944000000000003
4802,rf_starter_descriptors,1.0,1.56,1.5655999999999997
4806,rf_starter_descriptors,1.0,1.52,0.8961999999999998
4812,rf_starter_descriptors,1.0,0.6,1.5360000000000003
4814,rf_starter_descriptors,1.0,1.66,1.6495999999999997
4828,rf_starter_descriptors,1.0,1.78,1.2099999999999997
4830,rf_starter_descriptors,1.0,2.1,2.0564000000000004
4873,rf_starter_descriptors,1.0,2.58,2.6125999999999987
4877,rf_starter_descriptors,1.0,2.32,3.1281999999999983
4894,rf_starter_descriptors,1.0,1.18,1.6707999999999996
4899,rf_starter_descriptors,1.0,1.08,1.2575999999999998
4901,rf_starter_descriptors,1.0,0.96,0.8181999999999996
4903,rf_starter_descriptors,1.0,1.58,1.0515999999999999
4908,rf_starter_descriptors,1.0,1.02,0.916399999999999
4919,rf_starter_descriptors,1.0,3.86,2.754200000000001
4932,rf_starter_descriptors,1.0,2.0,1.5607999999999995
4937,rf_starter_descriptors,1.0,1.7,1.1652
4941,rf_starter_descriptors,1.0,1.68,1.5362000000000007
4945,rf_starter_descriptors,1.0,3.12,2.9454000000000025
4947,rf_starter_descriptors,1.0,1.24,1.1329999999999991
4965,rf_starter_descriptors,1.0,1.22,1.4335999999999995
4982,rf_starter_descriptors,1.0,0.58,1.0670000000000008
4983,rf_starter_descriptors,1.0,2.7,2.3243999999999976
4997,rf_starter_descriptors,1.0,1.28,1.293400000000001
5001,rf_starter_descriptors,1.0,1.42,0.9275999999999995
5010,rf_starter_descriptors,1.0,2.52,1.7587999999999995
5012,rf_starter_descriptors,1.0,1.58,1.4008
5025,rf_starter_descriptors,1.0,1.04,1.0000000000000007
5041,rf_starter_descriptors,1.0,1.8,1.2331999999999999
5043,rf_starter_descriptors,1.0,1.08,1.6906000000000008
5057,rf_starter_descriptors,1.0,1.44,1.7755999999999985
5058,rf_starter_descriptors,1.0,0.7,1.2259999999999993
5064,rf_starter_descriptors,1.0,1.28,1.3676
5096,rf_starter_descriptors,1.0,4.36,1.3115999999999999
5097,rf_starter_descriptors,1.0,2.5,1.738800000000001
5101,rf_starter_descriptors,1.0,3.74,3.4496000000000024
5108,rf_starter_descriptors,1.0,1.22,1.5911999999999993
5152,rf_starter_descriptors,1.0,2.76,3.1224000000000003
5156,rf_starter_descriptors,1.0,1.4,1.0760000000000005
5167,rf_starter_descriptors,1.0,0.56,1.3420000000000007
5176,rf_starter_descriptors,1.0,1.46,1.2385999999999995
5182,rf_starter_descriptors,1.0,2.68,2.7234000000000007
5184,rf_starter_descriptors,1.0,1.18,1.1797999999999995
5197,rf_starter_descriptors,1.0,1.74,2.3040000000000003
5208,rf_starter_descriptors,1.0,1.14,1.292799999999999
5213,rf_starter_descriptors,1.0,2.1,1.5204
5216,rf_starter_descriptors,1.0,2.08,2.3546000000000014
5218,rf_starter_descriptors,1.0,0.62,0.6052000000000005
5219,rf_starter_descriptors,1.0,2.18,1.5988000000000004
5258,rf_starter_descriptors,1.0,0.86,2.1955999999999998
5268,rf_starter_descriptors,1.0,1.58,1.4143999999999997
5275,rf_starter_descriptors,1.0,0.46,2.1544000000000016
5279,rf_starter_descriptors,1.0,2.48,1.7032000000000014
5282,rf_starter_descriptors,1.0,2.06,1.8587999999999993
5288,rf_starter_descriptors,1.0,2.68,2.0884000000000005
5295,rf_starter_descriptors,1.0,1.04,1.1316000000000006
5298,rf_starter_descriptors,1.0,1.5,2.4950000000000014
5331,rf_starter_descriptors,1.0,1.56,1.5698000000000014
5335,rf_starter_descriptors,1.0,0.62,1.06
5339,rf_starter_descriptors,1.0,2.64,1.688999999999999
5348,rf_starter_descriptors,1.0,1.68,1.6070000000000013
5350,rf_starter_descriptors,1.0,0.42,0.7909999999999998
5356,rf_starter_descriptors,1.0,1.84,1.6363999999999999
5372,rf_starter_descriptors,1.0,2.42,1.889799999999999
5389,rf_starter_descriptors,1.0,0.96,1.118200000000001
5393,rf_starter_descriptors,1.0,3.0,2.1075999999999993
5403,rf_starter_descriptors,1.0,1.9,1.5814000000000008
5409,rf_starter_descriptors,1.0,0.66,1.1274000000000002
5412,rf_starter_descriptors,1.0,0.72,1.1180000000000003
5415,rf_starter_descriptors,1.0,2.38,2.387799999999999
5455,rf_starter_descriptors,1.0,1.04,1.0236000000000005
5481,rf_starter_descriptors,1.0,1.56,1.3781999999999994
5491,rf_starter_descriptors,1.0,1.12,1.4494
5492,rf_starter_descriptors,1.0,1.88,1.0622000000000005
5493,rf_starter_descriptors,1.0,1.46,1.3646000000000007
5497,rf_starter_descriptors,1.0,0.9,1.3588
5503,rf_starter_descriptors,1.0,1.48,1.8320000000000018
5509,rf_starter_descriptors,1.0,1.22,0.9724000000000007
5512,rf_starter_descriptors,1.0,1.18,1.9646000000000003
5514,rf_starter_descriptors,1.0,1.48,1.1909999999999994
5535,rf_starter_descriptors,1.0,1.34,1.0866
5574,rf_starter_descriptors,1.0,1.62,1.0702
5599,rf_starter_descriptors,1.0,1.32,1.1178000000000001
5602,rf_starter_descriptors,1.0,0.68,1.1419999999999992
5616,rf_starter_descriptors,1.0,1.02,0.6966000000000002
5617,rf_starter_descriptors,1.0,0.92,0.9271999999999997
5635,rf_starter_descriptors,1.0,1.08,2.279
5669,rf_starter_descriptors,1.0,2.6,1.1779999999999995
5680,rf_starter_descriptors,1.0,0.34,1.135000000000001
5688,rf_starter_descriptors,1.0,1.4,1.141200000000001
5706,rf_starter_descriptors,1.0,0.74,1.1542000000000003
5727,rf_starter_descriptors,1.0,0.3,1.1404000000000007
5729,rf_starter_descriptors,1.0,1.08,1.0934000000000001
5748,rf_starter_descriptors,1.0,1.12,1.2659999999999996
5757,rf_starter_descriptors,1.0,1.38,1.2871999999999997
5769,rf_starter_descriptors,1.0,0.94,0.9471999999999998
5822,rf_starter_descriptors,1.0,1.02,1.0051999999999999
5839,rf_starter_descriptors,1.0,0.88,1.631000000000001
5842,rf_starter_descriptors,1.0,2.62,2.3202000000000016
5857,rf_starter_descriptors,1.0,1.44,1.7373999999999996
5868,rf_starter_descriptors,1.0,2.3,2.0172000000000008
5883,rf_starter_descriptors,1.0,1.5,2.7451999999999996
5905,rf_starter_descriptors,1.0,1.3,0.9521999999999998
5906,rf_starter_descriptors,1.0,3.06,1.8255999999999994
5909,rf_starter_descriptors,1.0,1.16,1.0023999999999993
5910,rf_starter_descriptors,1.0,0.3,0.9382000000000003
5930,rf_starter_descriptors,1.0,2.4,1.9213999999999996
5939,rf_starter_descriptors,1.0,1.06,1.1307999999999994
5950,rf_starter_descriptors,1.0,0.4,1.0786000000000011
5960,rf_starter_descriptors,1.0,0.32,0.8608
5996,rf_starter_descriptors,1.0,0.5,1.1012000000000002
6002,rf_starter_descriptors,1.0,0.68,1.4712000000000003
6009,rf_starter_descriptors,1.0,1.72,1.5836
6015,rf_starter_descriptors,1.0,2.98,3.0261999999999993
6021,rf_starter_descriptors,1.0,0.68,1.9211999999999998
6052,rf_starter_descriptors,1.0,1.52,1.0062
6056,rf_starter_descriptors,1.0,1.8,2.1624000000000017
6057,rf_starter_descriptors,1.0,2.42,1.7945999999999998
6062,rf_starter_descriptors,1.0,1.96,2.719399999999999
6065,rf_starter_descriptors,1.0,1.42,1.3921999999999994
6081,rf_starter_descriptors,1.0,1.18,1.3018000000000007
6092,rf_starter_descriptors,1.0,0.54,1.1734000000000007
6103,rf_starter_descriptors,1.0,1.46,1.0215999999999994
6106,rf_starter_descriptors,1.0,1.1,1.4637999999999998
6114,rf_starter_descriptors,1.0,1.94,1.0300000000000005
6121,rf_starter_descriptors,1.0,0.86,1.1194000000000006
6123,rf_starter_descriptors,1.0,1.58,1.5240000000000002
6137,rf_starter_descriptors,1.0,0.62,1.1761999999999986
6142,rf_starter_descriptors,1.0,0.68,0.992000000000001
6156,rf_starter_descriptors,1.0,0.7,0.9204000000000004
6164,rf_starter_descriptors,1.0,1.12,0.9479999999999991
6167,rf_starter_descriptors,1.0,1.5,1.3116000000000008
6177,rf_starter_descriptors,1.0,2.68,2.5927999999999995
6189,rf_starter_descriptors,1.0,1.02,0.916799999999999
6192,rf_starter_descriptors,1.0,0.54,1.4385999999999999
6220,rf_starter_descriptors,1.0,1.14,1.0367999999999995
6234,rf_starter_descriptors,1.0,1.38,1.697400000000001
6268,rf_starter_descriptors,1.0,0.82,0.9808000000000004
6281,rf_starter_descriptors,1.0,0.76,1.3777999999999997
6285,rf_starter_descriptors,1.0,0.8,1.1086000000000005
6293,rf_starter_descriptors,1.0,1.36,1.5354
6294,rf_starter_descriptors,1.0,0.74,2.2338000000000005
6295,rf_starter_descriptors,1.0,1.78,2.312999999999999
6314,rf_starter_descriptors,1.0,1.12,1.354
6324,rf_starter_descriptors,1.0,2.0,1.6673999999999998
6343,rf_starter_descriptors,1.0,1.82,1.1280000000000003
6352,rf_starter_descriptors,1.0,1.08,1.4569999999999996
6354,rf_starter_descriptors,1.0,2.1,1.4861999999999989
6357,rf_starter_descriptors,1.0,1.46,1.5042000000000006
6358,rf_starter_descriptors,1.0,1.08,1.4952000000000008
6403,rf_starter_descriptors,1.0,1.6,2.0635999999999983
6407,rf_starter_descriptors,1.0,2.7,2.9772
6415,rf_starter_descriptors,1.0,1.76,2.1620000000000013
6420,rf_starter_descriptors,1.0,1.16,1.2004000000000004
6421,rf_starter_descriptors,1.0,1.64,1.2038000000000002
6432,rf_starter_descriptors,1.0,0.8,1.0698
6444,rf_starter_descriptors,1.0,0.48,1.534
6448,rf_starter_descriptors,1.0,2.88,2.0826
6451,rf_starter_descriptors,1.0,1.3,1.9146000000000014
6453,rf_starter_descriptors,1.0,1.0,1.7381999999999993
6466,rf_starter_descriptors,1.0,0.36,0.7698000000000004
6471,rf_starter_descriptors,1.0,1.44,1.0595999999999997
6472,rf_starter_descriptors,1.0,0.62,1.2477999999999998
6476,rf_starter_descriptors,1.0,1.72,1.5344000000000002
6480,rf_starter_descriptors,1.0,1.38,1.1854000000000007
6483,rf_starter_descriptors,1.0,1.58,1.5244000000000006
6488,rf_starter_descriptors,1.0,1.44,1.1804000000000003
6493,rf_starter_descriptors,1.0,1.98,1.2848
6497,rf_starter_descriptors,1.0,1.9,1.7872000000000006
6506,rf_starter_descriptors,1.0,0.62,1.2863999999999987
6508,rf_starter_descriptors,1.0,0.78,0.9296000000000002
6511,rf_starter_descriptors,1.0,0.84,1.1014000000000004
6512,rf_starter_descriptors,1.0,1.72,1.1547999999999994
6514,rf_starter_descriptors,1.0,0.62,1.3724000000000003
6516,rf_starter_descriptors,1.0,2.78,1.810600000000002
6541,rf_starter_descriptors,1.0,2.48,2.150399999999999
6586,rf_starter_descriptors,1.0,0.56,0.8889999999999993
6590,rf_starter_descriptors,1.0,0.22,0.9676000000000005
6630,rf_starter_descriptors,1.0,1.66,1.4372000000000003
6631,rf_starter_descriptors,1.0,0.88,1.4365999999999999
6646,rf_starter_descriptors,1.0,0.96,0.7987999999999994
6647,rf_starter_descriptors,1.0,1.48,1.319400000000001
6665,rf_starter_descriptors,1.0,2.22,0.8074000000000003
6680,rf_starter_descriptors,1.0,1.66,1.0380000000000003
6708,rf_starter_descriptors,1.0,1.2,1.0981999999999998
6734,rf_starter_descriptors,1.0,2.22,2.0102000000000015
6741,rf_starter_descriptors,1.0,1.78,1.630800000000001
6746,rf_starter_descriptors,1.0,0.66,1.2847999999999997
6750,rf_starter_descriptors,1.0,2.52,2.1673999999999993
6753,rf_starter_descriptors,1.0,1.3,1.2671999999999997
6761,rf_starter_descriptors,1.0,1.5,1.5552000000000001
6769,rf_starter_descriptors,1.0,2.16,1.8903999999999996
6810,rf_starter_descriptors,1.0,2.5,1.7030000000000018
6824,rf_starter_descriptors,1.0,1.22,0.9804000000000002
6826,rf_starter_descriptors,1.0,0.38,1.1382000000000003
6829,rf_starter_descriptors,1.0,1.42,1.5674000000000003
6836,rf_starter_descriptors,1.0,0.36,1.3234000000000006
6842,rf_starter_descriptors,1.0,1.88,1.5663999999999996
6846,rf_starter_descriptors,1.0,0.56,0.9002000000000001
6850,rf_starter_descriptors,1.0,0.66,1.2234
6871,rf_starter_descriptors,1.0,1.94,1.4284000000000006
6884,rf_starter_descriptors,1.0,0.96,1.6305999999999992
6913,rf_starter_descriptors,1.0,1.5,1.662599999999999
6925,rf_starter_descriptors,1.0,2.38,1.4020000000000004
6940,rf_starter_descriptors,1.0,3.4,3.365600000000002
6955,rf_starter_descriptors,1.0,0.92,0.9221999999999997
6975,rf_starter_descriptors,1.0,1.38,1.3948000000000003
6987,rf_starter_descriptors,1.0,1.22,1.0204
7010,rf_starter_descriptors,1.0,1.48,1.401200000000001
7017,rf_starter_descriptors,1.0,0.92,1.4022000000000003
7027,rf_starter_descriptors,1.0,0.66,0.3974000000000001
7035,rf_starter_descriptors,1.0,2.26,1.2264000000000004
7058,rf_starter_descriptors,1.0,2.1,2.512399999999999
7061,rf_starter_descriptors,1.0,0.7,0.8258000000000004
7065,rf_starter_descriptors,1.0,1.78,1.3765999999999996
7067,rf_starter_descriptors,1.0,1.16,1.1427999999999998
7069,rf_starter_descriptors,1.0,2.08,1.823199999999999
7073,rf_starter_descriptors,1.0,2.4,2.1542
7074,rf_starter_descriptors,1.0,0.76,1.2481999999999995
7088,rf_starter_descriptors,1.0,0.94,1.2776000000000012
7128,rf_starter_descriptors,1.0,0.46,0.8778000000000005
7166,rf_starter_descriptors,1.0,1.14,1.439
7178,rf_starter_descriptors,1.0,1.5,1.3192000000000002
7193,rf_starter_descriptors,1.0,2.14,1.2168000000000005
7194,rf_starter_descriptors,1.0,1.44,1.3810000000000004
7209,rf_starter_descriptors,1.0,2.06,1.8299999999999992
7218,rf_starter_descriptors,1.0,0.78,1.4235999999999986
7221,rf_starter_descriptors,1.0,0.0,1.3128
7234,rf_starter_descriptors,1.0,1.36,1.1284000000000005
7255,rf_starter_descriptors,1.0,3.12,2.092600000000002
7256,rf_starter_descriptors,1.0,0.46,1.3119999999999996
7257,rf_starter_descriptors,1.0,0.16,0.7674
7264,rf_starter_descriptors,1.0,1.7,1.67
7265,rf_starter_descriptors,1.0,2.1,2.0579999999999994
7281,rf_starter_descriptors,1.0,1.08,0.9184000000000004
7282,rf_starter_descriptors,1.0,0.76,0.8765999999999997
7285,rf_starter_descriptors,1.0,0.84,1.2286000000000001
7293,rf_starter_descriptors,1.0,1.0,0.9793999999999996
7297,rf_starter_descriptors,1.0,2.26,2.498600000000001
7303,rf_starter_descriptors,1.0,2.3,2.3922000000000008
7320,rf_starter_descriptors,1.0,0.94,0.9631999999999988
7334,rf_starter_descriptors,1.0,1.2,1.1976
7342,rf_starter_descriptors,1.0,2.34,1.6944
7346,rf_starter_descriptors,1.0,2.84,2.475600000000002
7347,rf_starter_descriptors,1.0,1.78,1.7121999999999984
7349,rf_starter_descriptors,1.0,1.4,2.1394000000000024
7359,rf_starter_descriptors,1.0,1.84,1.6146000000000003
7365,rf_starter_descriptors,1.0,1.26,1.1758000000000015
7375,rf_starter_descriptors,1.0,1.96,1.827200000000001
7396,rf_starter_descriptors,1.0,1.82,2.0751999999999997
7405,rf_starter_descriptors,1.0,1.6,1.5187999999999995
7410,rf_starter_descriptors,1.0,1.76,1.4574000000000005
7415,rf_starter_descriptors,1.0,-0.24,0.2880000000000003
7425,rf_starter_descriptors,1.0,0.26,1.1045999999999996
7456,rf_starter_descriptors,1.0,1.86,1.4317999999999997
7458,rf_starter_descriptors,1.0,1.38,1.460200000000001
7469,rf_starter_descriptors,1.0,1.98,1.6673999999999984
7482,rf_starter_descriptors,1.0,1.14,1.4493999999999998
7500,rf_starter_descriptors,1.0,1.36,1.2792000000000003
7516,rf_starter_descriptors,1.0,1.44,1.6796000000000009
7543,rf_starter_descriptors,1.0,1.7,1.9379999999999986
7547,rf_starter_descriptors,1.0,1.52,1.656800000000001
7549,rf_starter_descriptors,1.0,1.5,1.6906000000000003
7560,rf_starter_descriptors,1.0,2.36,2.5280000000000014
7570,rf_starter_descriptors,1.0,0.34,1.3717999999999992
7571,rf_starter_descriptors,1.0,1.44,1.1055999999999995
7591,rf_starter_descriptors,1.0,1.54,2.3176000000000014
7598,rf_starter_descriptors,1.0,1.0,1.1269999999999996
7603,rf_starter_descriptors,1.0,1.82,1.0873999999999997
7608,rf_starter_descriptors,1.0,1.44,1.2823999999999998
7617,rf_starter_descriptors,1.0,1.18,1.8290000000000006
7621,rf_starter_descriptors,1.0,1.5,1.5648000000000002
7643,rf_starter_descriptors,1.0,1.02,1.3424000000000005
7652,rf_starter_descriptors,1.0,1.48,1.3649999999999998
7664,rf_starter_descriptors,1.0,1.54,1.2124000000000001
7670,rf_starter_descriptors,1.0,1.54,1.9116000000000013
7679,rf_starter_descriptors,1.0,3.62,2.9691999999999994
7690,rf_starter_descriptors,1.0,1.7,1.4737999999999993
7725,rf_starter_descriptors,1.0,1.12,0.5751999999999995
7728,rf_starter_descriptors,1.0,1.34,1.5737999999999999
7729,rf_starter_descriptors,1.0,1.48,1.722999999999999
7737,rf_starter_descriptors,1.0,0.84,0.9688000000000003
7745,rf_starter_descriptors,1.0,1.5,0.9723999999999999
7747,rf_starter_descriptors,1.0,1.2,1.1283999999999994
7752,rf_starter_descriptors,1.0,1.68,1.4240000000000002
7773,rf_starter_descriptors,1.0,1.26,1.8087999999999997
7777,rf_starter_descriptors,1.0,1.28,1.2037999999999993
7780,rf_starter_descriptors,1.0,1.64,1.2308000000000006
7791,rf_starter_descriptors,1.0,1.58,1.2226
7803,rf_starter_descriptors,1.0,1.1,1.0806000000000002
7812,rf_starter_descriptors,1.0,1.58,2.2444000000000024
7828,rf_starter_descriptors,1.0,1.84,1.5604000000000005
7830,rf_starter_descriptors,1.0,1.76,1.860599999999999
7870,rf_starter_descriptors,1.0,1.08,1.0482000000000011
7890,rf_starter_descriptors,1.0,1.38,1.4253999999999996
7891,rf_starter_descriptors,1.0,1.98,0.898
7894,rf_starter_descriptors,1.0,2.84,2.5716
7898,rf_starter_descriptors,1.0,1.04,2.1848000000000014
7899,rf_starter_descriptors,1.0,1.0,1.1978000000000002
7908,rf_starter_descriptors,1.0,0.8,1.0073999999999999
7924,rf_starter_descriptors,1.0,0.88,1.1524000000000005
7927,rf_starter_descriptors,1.0,1.48,1.4149999999999991
7929,rf_starter_descriptors,1.0,1.34,1.2743999999999993
7941,rf_starter_descriptors,1.0,0.76,1.5865999999999998
7955,rf_starter_descriptors,1.0,1.54,1.3214000000000008
7966,rf_starter_descriptors,1.0,1.08,1.1146000000000011
7973,rf_starter_descriptors,1.0,1.8,1.6897999999999995
7982,rf_starter_descriptors,1.0,1.72,1.5094000000000014
8022,rf_starter_descriptors,1.0,3.26,2.0473999999999988
8025,rf_starter_descriptors,1.0,2.32,2.5803999999999996
8028,rf_starter_descriptors,1.0,1.32,0.9967999999999992
8035,rf_starter_descriptors,1.0,1.54,1.3976000000000002
8060,rf_starter_descriptors,1.0,1.26,1.0322000000000005
8068,rf_starter_descriptors,1.0,2.3,3.1749999999999985
8073,rf_starter_descriptors,1.0,0.94,1.1513999999999995
8074,rf_starter_descriptors,1.0,0.8,1.3268000000000004
8086,rf_starter_descriptors,1.0,0.9,1.7344000000000006
8094,rf_starter_descriptors,1.0,2.98,2.323800000000002
8108,rf_starter_descriptors,1.0,1.56,1.7058000000000002
8125,rf_starter_descriptors,1.0,2.46,2.660200000000001
8146,rf_starter_descriptors,1.0,0.5,1.4845999999999995
8148,rf_starter_descriptors,1.0,1.42,1.031400000000001
8180,rf_starter_descriptors,1.0,1.94,1.4904
8183,rf_starter_descriptors,1.0,1.84,1.9848000000000017
8187,rf_starter_descriptors,1.0,1.52,1.4936
8189,rf_starter_descriptors,1.0,2.32,1.8052000000000012
8197,rf_starter_descriptors,1.0,1.48,1.3335999999999988
8207,rf_starter_descriptors,1.0,0.76,1.2491999999999992
8227,rf_starter_descriptors,1.0,1.88,1.5986000000000002
8229,rf_starter_descriptors,1.0,1.66,1.432199999999999
8242,rf_starter_descriptors,1.0,1.24,1.5101999999999993
8246,rf_starter_descriptors,1.0,2.04,2.6212000000000013
8263,rf_starter_descriptors,1.0,1.66,1.5774000000000006
8269,rf_starter_descriptors,1.0,1.3,1.1363999999999996
8276,rf_starter_descriptors,1.0,0.86,1.4458000000000004
8289,rf_starter_descriptors,1.0,0.86,0.980200000000001
8296,rf_starter_descriptors,1.0,2.66,2.6373999999999995
8299,rf_starter_descriptors,1.0,1.7,1.5524000000000004
8313,rf_starter_descriptors,1.0,4.04,3.2093999999999983
8329,rf_starter_descriptors,1.0,1.46,1.3755999999999993
8335,rf_starter_descriptors,1.0,1.94,1.7570000000000006
8343,rf_starter_descriptors,1.0,0.7,0.9958000000000005
8345,rf_starter_descriptors,1.0,0.52,1.5354
8350,rf_starter_descriptors,1.0,2.2,2.038800000000001
8359,rf_starter_descriptors,1.0,1.88,1.4094
8367,rf_starter_descriptors,1.0,0.62,1.1721999999999995
8377,rf_starter_descriptors,1.0,0.66,1.4611999999999994
8387,rf_starter_descriptors,1.0,1.42,1.1058
8402,rf_starter_descriptors,1.0,0.96,1.5749999999999995
8409,rf_starter_descriptors,1.0,1.32,1.4849999999999994
8414,rf_starter_descriptors,1.0,1.38,0.9587999999999991
8422,rf_starter_descriptors,1.0,1.0,0.9408000000000001
8446,rf_starter_descriptors,1.0,2.52,1.7174000000000011
8455,rf_starter_descriptors,1.0,0.7,1.3538
8457,rf_starter_descriptors,1.0,0.56,0.8056000000000002
8458,rf_starter_descriptors,1.0,1.32,1.3675999999999997
8464,rf_starter_descriptors,1.0,2.94,1.789199999999999
8487,rf_starter_descriptors,1.0,0.52,0.9252000000000004
8508,rf_starter_descriptors,1.0,0.76,1.080999999999999
8511,rf_starter_descriptors,1.0,1.3,1.111999999999999
8517,rf_starter_descriptors,1.0,1.54,1.4151999999999996
8537,rf_starter_descriptors,1.0,2.18,1.7954000000000008
8538,rf_starter_descriptors,1.0,1.38,1.2670000000000012
8568,rf_starter_descriptors,1.0,1.86,1.2234
8586,rf_starter_descriptors,1.0,1.82,1.3718000000000001
8608,rf_starter_descriptors,1.0,1.16,0.9981999999999996
8610,rf_starter_descriptors,1.0,0.54,0.9824
8615,rf_starter_descriptors,1.0,0.34,0.6404000000000001
8618,rf_starter_descriptors,1.0,1.98,1.8150000000000008
8620,rf_starter_descriptors,1.0,1.84,1.6088000000000002
8634,rf_starter_descriptors,1.0,1.68,1.6492000000000007
8636,rf_starter_descriptors,1.0,1.32,1.3375999999999992
8663,rf_starter_descriptors,1.0,1.76,1.7442000000000004
8678,rf_starter_descriptors,1.0,1.92,1.913400000000001
8682,rf_starter_descriptors,1.0,0.92,1.3290000000000006
8683,rf_starter_descriptors,1.0,0.36,1.4324000000000001
8695,rf_starter_descriptors,1.0,0.86,1.0356000000000003
8697,rf_starter_descriptors,1.0,1.38,1.1124000000000003
8708,rf_starter_descriptors,1.0,1.3,1.668600000000001
8712,rf_starter_descriptors,1.0,1.32,1.2484
8713,rf_starter_descriptors,1.0,0.1,1.4959999999999996
8718,rf_starter_descriptors,1.0,1.14,1.5002000000000009
8720,rf_starter_descriptors,1.0,1.48,1.3380000000000003
8723,rf_starter_descriptors,1.0,0.9,0.9698000000000002
8738,rf_starter_descriptors,1.0,0.82,1.3575999999999993
8744,rf_starter_descriptors,1.0,0.76,1.135600000000001
8746,rf_starter_descriptors,1.0,0.22,1.4352000000000005
8768,rf_starter_descriptors,1.0,1.76,1.4150000000000014
8779,rf_starter_descriptors,1.0,3.88,3.003200000000001
8782,rf_starter_descriptors,1.0,2.46,2.1173999999999986
8783,rf_starter_descriptors,1.0,2.8,2.343800000000001
8785,rf_starter_descriptors,1.0,1.56,1.822599999999998
8797,rf_starter_descriptors,1.0,0.12,0.9202000000000001
8814,rf_starter_descriptors,1.0,2.56,2.2741999999999987
8843,rf_starter_descriptors,1.0,1.52,2.6474000000000006
8868,rf_starter_descriptors,1.0,1.18,1.1820000000000004
8878,rf_starter_descriptors,1.0,1.72,1.6847999999999996
8916,rf_starter_descriptors,1.0,1.22,0.8854000000000007
8923,rf_starter_descriptors,1.0,1.42,1.0700000000000005
8925,rf_starter_descriptors,1.0,3.94,2.8812
8927,rf_starter_descriptors,1.0,1.34,1.5072000000000003
8948,rf_starter_descriptors,1.0,1.26,0.8178000000000003
8953,rf_starter_descriptors,1.0,1.66,1.4789999999999994
8973,rf_starter_descriptors,1.0,1.3,1.3995999999999993
8984,rf_starter_descriptors,1.0,1.12,0.9699999999999998
8986,rf_starter_descriptors,1.0,1.02,0.9949999999999997
8992,rf_starter_descriptors,1.0,1.48,1.9240000000000002
9003,rf_starter_descriptors,1.0,2.14,1.2858000000000007
9012,rf_starter_descriptors,1.0,1.38,1.2901999999999998
9013,rf_starter_descriptors,1.0,0.88,1.8235999999999999
9032,rf_starter_descriptors,1.0,1.72,1.5802000000000007
9038,rf_starter_descriptors,1.0,1.9,1.884600000000001
9045,rf_starter_descriptors,1.0,1.28,2.080600000000001
9049,rf_starter_descriptors,1.0,0.78,0.6374000000000004
9062,rf_starter_descriptors,1.0,1.14,1.3115999999999999
9065,rf_starter_descriptors,1.0,2.76,2.8152000000000026
9080,rf_starter_descriptors,1.0,1.34,0.9926000000000001
9096,rf_starter_descriptors,1.0,1.1,0.9010000000000001
9100,rf_starter_descriptors,1.0,2.8,1.7332000000000014
9105,rf_starter_descriptors,1.0,1.2,1.2325999999999993
9113,rf_starter_descriptors,1.0,1.38,1.3226
9115,rf_starter_descriptors,1.0,0.54,1.1327999999999994
9124,rf_starter_descriptors,1.0,0.72,0.8520000000000008
9129,rf_starter_descriptors,1.0,3.7,2.4390000000000014
9139,rf_starter_descriptors,1.0,1.0,1.7882000000000007
9154,rf_starter_descriptors,1.0,1.78,2.0582
9191,rf_starter_descriptors,1.0,1.64,1.8573999999999997
9196,rf_starter_descriptors,1.0,1.72,1.3096000000000012
9207,rf_starter_descriptors,1.0,3.52,2.630799999999999
9212,rf_starter_descriptors,1.0,1.36,1.5161999999999989
9221,rf_starter_descriptors,1.0,0.92,0.8240000000000006
9238,rf_starter_descriptors,1.0,1.22,1.3882000000000003
9240,rf_starter_descriptors,1.0,1.84,1.9400000000000006
9242,rf_starter_descriptors,1.0,4.08,2.7362
9254,rf_starter_descriptors,1.0,2.2,1.3761999999999992
9277,rf_starter_descriptors,1.0,0.42,2.3153999999999972
9283,rf_starter_descriptors,1.0,0.14,0.7048000000000003
9285,rf_starter_descriptors,1.0,2.48,2.2884000000000007
9294,rf_starter_descriptors,1.0,1.84,2.3093999999999992
9296,rf_starter_descriptors,1.0,1.58,1.1990000000000007
9307,rf_starter_descriptors,1.0,0.7,1.2324000000000004
9312,rf_starter_descriptors,1.0,2.3,2.9280000000000013
9322,rf_starter_descriptors,1.0,2.1,1.2440000000000015
9340,rf_starter_descriptors,1.0,2.3,1.9625999999999997
9341,rf_starter_descriptors,1.0,1.8,1.2919999999999994
9351,rf_starter_descriptors,1.0,1.12,0.9321999999999995
9352,rf_starter_descriptors,1.0,2.14,2.4042000000000012
9353,rf_starter_descriptors,1.0,3.02,1.6852000000000007
9356,rf_starter_descriptors,1.0,1.12,0.9241999999999997
9357,rf_starter_descriptors,1.0,0.82,1.5688000000000013
9376,rf_starter_descriptors,1.0,1.98,1.5509999999999997
9377,rf_starter_descriptors,1.0,2.26,1.8780000000000001
9396,rf_starter_descriptors,1.0,0.82,0.9963999999999996
9397,rf_starter_descriptors,1.0,4.24,2.0240000000000005
9422,rf_starter_descriptors,1.0,1.7,1.388
9425,rf_starter_descriptors,1.0,2.4,1.6889999999999992
9432,rf_starter_descriptors,1.0,0.68,0.6198000000000005
9438,rf_starter_descriptors,1.0,2.58,1.7531999999999994
9439,rf_starter_descriptors,1.0,0.92,1.4756000000000002
9440,rf_starter_descriptors,1.0,1.22,1.2115999999999991
9465,rf_starter_descriptors,1.0,1.72,1.4875999999999991
9480,rf_starter_descriptors,1.0,2.14,1.4094
9481,rf_starter_descriptors,1.0,2.92,2.585200000000001
9506,rf_starter_descriptors,1.0,1.52,1.5322000000000018
9508,rf_starter_descriptors,1.0,2.16,1.6713999999999987
9519,rf_starter_descriptors,1.0,1.58,1.4071999999999991
9520,rf_starter_descriptors,1.0,1.28,1.8237999999999979
9522,rf_starter_descriptors,1.0,2.18,1.527999999999999
9529,rf_starter_descriptors,1.0,0.68,1.702199999999999
9535,rf_starter_descriptors,1.0,1.78,1.5576
9536,rf_starter_descriptors,1.0,1.16,1.4390000000000003
9538,rf_starter_descriptors,1.0,0.56,0.9534000000000005
9561,rf_starter_descriptors,1.0,1.7,1.4562
9572,rf_starter_descriptors,1.0,1.28,1.3611999999999997
9576,rf_starter_descriptors,1.0,1.58,1.8437999999999997
9601,rf_starter_descriptors,1.0,1.4,1.8154000000000001
9602,rf_starter_descriptors,1.0,1.92,1.6292000000000002
9607,rf_starter_descriptors,1.0,0.2,0.8940000000000005
9608,rf_starter_descriptors,1.0,0.12,1.4948
9610,rf_starter_descriptors,1.0,0.46,1.0180000000000005
9614,rf_starter_descriptors,1.0,0.38,1.2367999999999992
9615,rf_starter_descriptors,1.0,1.86,1.5835999999999992
9623,rf_starter_descriptors,1.0,1.52,2.2883999999999993
9635,rf_starter_descriptors,1.0,1.94,1.9526000000000006
9638,rf_starter_descriptors,1.0,1.96,1.687400000000001
9647,rf_starter_descriptors,1.0,0.42,2.019199999999999
9657,rf_starter_descriptors,1.0,1.64,1.3130000000000002
9694,rf_starter_descriptors,1.0,2.66,2.4213999999999984
9722,rf_starter_descriptors,1.0,2.82,1.8049999999999995
9734,rf_starter_descriptors,1.0,1.26,1.3778000000000004
9773,rf_starter_descriptors,1.0,0.62,1.1104
9781,rf_starter_descriptors,1.0,2.1,1.849
9800,rf_starter_descriptors,1.0,0.86,1.0147999999999997
9803,rf_starter_descriptors,1.0,0.64,1.335399999999999
9808,rf_starter_descriptors,1.0,1.78,1.3202000000000005
9809,rf_starter_descriptors,1.0,2.34,2.295600000000001
9812,rf_starter_descriptors,1.0,0.82,1.3997999999999984
9826,rf_starter_descriptors,1.0,1.8,1.7363999999999995
9832,rf_starter_descriptors,1.0,2.5,1.9170000000000007
9835,rf_starter_descriptors,1.0,1.64,1.0996
9837,rf_starter_descriptors,1.0,1.38,1.0718
9842,rf_starter_descriptors,1.0,1.1,1.2130000000000003
9852,rf_starter_descriptors,1.0,1.72,1.2451999999999999
9861,rf_starter_descriptors,1.0,1.6,1.523200000000001
9871,rf_starter_descriptors,1.0,1.26,1.2452
9888,rf_starter_descriptors,1.0,1.22,1.8276
9903,rf_starter_descriptors,1.0,1.48,1.3492000000000006
9906,rf_starter_descriptors,1.0,1.78,1.5224000000000002
9908,rf_starter_descriptors,1.0,0.66,0.9073999999999998
9912,rf_starter_descriptors,1.0,1.46,1.2357999999999998
9933,rf_starter_descriptors,1.0,1.92,2.6803999999999992
9936,rf_starter_descriptors,1.0,2.74,2.2061999999999986
10000,rf_starter_descriptors,1.0,1.9,1.0781999999999987
10009,rf_starter_descriptors,1.0,1.14,1.8076000000000005
10019,rf_starter_descriptors,1.0,0.68,2.629199999999999
10020,rf_starter_descriptors,1.0,0.56,1.1059999999999999
10033,rf_starter_descriptors,1.0,1.36,1.4157999999999995
10037,rf_starter_descriptors,1.0,0.7,1.2040000000000004
10057,rf_starter_descriptors,1.0,0.24,0.8236000000000001
10077,rf_starter_descriptors,1.0,0.66,1.2651999999999999
10079,rf_starter_descriptors,1.0,2.1,1.8419999999999999
10084,rf_starter_descriptors,1.0,1.32,2.0674000000000006
10087,rf_starter_descriptors,1.0,2.54,2.0732000000000004
10088,rf_starter_descriptors,1.0,1.8,1.0756000000000001
10095,rf_starter_descriptors,1.0,2.16,1.4307999999999992
10096,rf_starter_descriptors,1.0,1.66,1.5959999999999996
10103,rf_starter_descriptors,1.0,2.58,2.762600000000001
10123,rf_starter_descriptors,1.0,1.7,2.065000000000002
10135,rf_starter_descriptors,1.0,1.8,1.6027999999999991
10138,rf_starter_descriptors,1.0,2.0,1.975199999999999
10146,rf_starter_descriptors,1.0,1.16,1.1810000000000005
10158,rf_starter_descriptors,1.0,0.64,1.5675999999999997
10160,rf_starter_descriptors,1.0,2.1,1.6269999999999998
10163,rf_starter_descriptors,1.0,1.86,1.2249999999999996
10169,rf_starter_descriptors,1.0,2.36,1.8278000000000016
10173,rf_starter_descriptors,1.0,1.5,1.3980000000000001
10174,rf_starter_descriptors,1.0,1.9,1.9608000000000003
10191,rf_starter_descriptors,1.0,2.38,1.2678000000000014
10199,rf_starter_descriptors,1.0,0.52,1.375000000000001
10208,rf_starter_descriptors,1.0,1.14,1.4661999999999997
10211,rf_starter_descriptors,1.0,0.98,1.5304
10212,rf_starter_descriptors,1.0,2.48,2.0972000000000004
10216,rf_starter_descriptors,1.0,1.54,1.988199999999999
10218,rf_starter_descriptors,1.0,2.34,2.273
10258,rf_starter_descriptors,1.0,1.78,2.7688
10259,rf_starter_descriptors,1.0,1.62,1.6232
10282,rf_starter_descriptors,1.0,0.62,0.988799999999999
10284,rf_starter_descriptors,1.0,1.82,2.0425999999999993
10305,rf_starter_descriptors,1.0,2.18,1.7009999999999994
10306,rf_starter_descriptors,1.0,0.98,1.044800000000001
10318,rf_starter_descriptors,1.0,0.5,0.8230000000000001
10326,rf_starter_descriptors,1.0,1.52,1.4142000000000001
10327,rf_starter_descriptors,1.0,1.44,1.4121999999999983
10331,rf_starter_descriptors,1.0,1.3,1.1313999999999995
10340,rf_starter_descriptors,1.0,1.6,1.6613999999999995
10348,rf_starter_descriptors,1.0,1.88,1.3775999999999988
10350,rf_starter_descriptors,1.0,1.3,0.9882000000000005
10351,rf_starter_descriptors,1.0,1.66,1.545799999999999
10374,rf_starter_descriptors,1.0,0.92,1.0934
10377,rf_starter_descriptors,1.0,1.04,1.2568000000000001
10384,rf_starter_descriptors,1.0,0.8,0.5598000000000003
10389,rf_starter_descriptors,1.0,0.7,0.7879999999999998
10400,rf_starter_descriptors,1.0,1.6,1.4502000000000013
10420,rf_starter_descriptors,1.0,1.42,1.701199999999999
10423,rf_starter_descriptors,1.0,1.48,1.6452000000000004
10428,rf_starter_descriptors,1.0,3.4,1.9864000000000002
10461,rf_starter_descriptors,1.0,0.9,1.1876000000000007
10484,rf_starter_descriptors,1.0,0.5,0.8175999999999998
10491,rf_starter_descriptors,1.0,3.32,2.505
10505,rf_starter_descriptors,1.0,2.26,1.9284000000000008
10514,rf_starter_descriptors,1.0,1.54,1.3945999999999998
10515,rf_starter_descriptors,1.0,0.84,1.1183999999999998
10543,rf_starter_descriptors,1.0,2.42,1.1865999999999999
10580,rf_starter_descriptors,1.0,1.3,1.1391999999999993
10591,rf_starter_descriptors,1.0,1.52,1.6322000000000008
10594,rf_starter_descriptors,1.0,0.82,0.9348000000000003
10600,rf_starter_descriptors,1.0,0.8,0.9459999999999994
10605,rf_starter_descriptors,1.0,2.26,1.6455999999999988
10610,rf_starter_descriptors,1.0,1.86,1.8013999999999992
10614,rf_starter_descriptors,1.0,1.3,1.1764000000000001
10618,rf_starter_descriptors,1.0,3.44,1.7084000000000006
10619,rf_starter_descriptors,1.0,1.16,1.448200000000001
10627,rf_starter_descriptors,1.0,1.1,1.1818000000000004
10632,rf_starter_descriptors,1.0,0.8,0.8832000000000007
10634,rf_starter_descriptors,1.0,3.68,2.218199999999998
10639,rf_starter_descriptors,1.0,-0.16,0.6306
10644,rf_starter_descriptors,1.0,2.6,1.2663999999999989
10647,rf_starter_descriptors,1.0,1.38,1.9565999999999988
10654,rf_starter_descriptors,1.0,2.0,1.6415999999999988
10659,rf_starter_descriptors,1.0,1.6,0.9284000000000006
10660,rf_starter_descriptors,1.0,2.32,2.3263999999999982
10665,rf_starter_descriptors,1.0,1.6,1.9357999999999995
10666,rf_starter_descriptors,1.0,0.18,0.5602000000000007
10667,rf_starter_descriptors,1.0,1.14,1.1293999999999995
10707,rf_starter_descriptors,1.0,0.96,1.241600000000001
10725,rf_starter_descriptors,1.0,1.2,1.2812000000000003
10729,rf_starter_descriptors,1.0,2.1,2.3108
10742,rf_starter_descriptors,1.0,2.48,1.7994000000000006
10761,rf_starter_descriptors,1.0,2.82,1.4676000000000013
10780,rf_starter_descriptors,1.0,1.98,1.6565999999999996
10823,rf_starter_descriptors,1.0,1.48,1.6575999999999989
10826,rf_starter_descriptors,1.0,2.72,1.8814
10841,rf_starter_descriptors,1.0,0.9,0.8984000000000002
10846,rf_starter_descriptors,1.0,1.02,1.6334
10851,rf_starter_descriptors,1.0,1.28,1.3508000000000002
10854,rf_starter_descriptors,1.0,0.3,1.4616000000000011
10866,rf_starter_descriptors,1.0,4.18,2.096000000000001
10868,rf_starter_descriptors,1.0,2.14,1.7728000000000004
10873,rf_starter_descriptors,1.0,1.22,1.1111999999999993
10894,rf_starter_descriptors,1.0,1.58,1.5308000000000004
10902,rf_starter_descriptors,1.0,2.8,3.0720000000000023
10912,rf_starter_descriptors,1.0,0.22,1.6513999999999993
10925,rf_starter_descriptors,1.0,1.56,2.191400000000001
10926,rf_starter_descriptors,1.0,0.48,1.1756000000000002
10927,rf_starter_descriptors,1.0,0.28,1.5638000000000007
10956,rf_starter_descriptors,1.0,1.24,0.9131999999999992
10971,rf_starter_descriptors,1.0,2.1,1.393399999999998
10977,rf_starter_descriptors,1.0,1.2,0.8336000000000002
10983,rf_starter_descriptors,1.0,2.3,1.9146000000000003
10987,rf_starter_descriptors,1.0,1.42,1.182800000000001
10991,rf_starter_descriptors,1.0,0.44,1.0744
10996,rf_starter_descriptors,1.0,0.64,0.8089999999999999
11031,rf_starter_descriptors,1.0,0.56,0.8338000000000001
11033,rf_starter_descriptors,1.0,1.62,2.0443999999999996
11035,rf_starter_descriptors,1.0,0.94,1.1046000000000002
11037,rf_starter_descriptors,1.0,1.54,1.6156000000000017
11040,rf_starter_descriptors,1.0,1.26,1.5025999999999997
11042,rf_starter_descriptors,1.0,1.04,0.9921999999999997
11044,rf_starter_descriptors,1.0,1.02,1.8647999999999998
11065,rf_starter_descriptors,1.0,0.94,1.3862
11082,rf_starter_descriptors,1.0,1.22,1.691600000000001
11095,rf_starter_descriptors,1.0,0.1,0.9786000000000008
11102,rf_starter_descriptors,1.0,0.4,1.305800000000001
11107,rf_starter_descriptors,1.0,0.48,1.1709999999999992
11109,rf_starter_descriptors,1.0,1.64,2.4754000000000023
11113,rf_starter_descriptors,1.0,1.2,0.5911999999999995
11115,rf_starter_descriptors,1.0,1.14,1.1707999999999992
11148,rf_starter_descriptors,1.0,1.36,1.067199999999999
11163,rf_starter_descriptors,1.0,2.8,2.2861999999999973
11190,rf_starter_descriptors,1.0,1.64,0.8754000000000005
11196,rf_starter_descriptors,1.0,1.04,1.2662000000000002
11201,rf_starter_descriptors,1.0,1.54,1.7736
11212,rf_starter_descriptors,1.0,2.6,1.6288000000000011
11227,rf_starter_descriptors,1.0,3.36,2.3407999999999993
11230,rf_starter_descriptors,1.0,0.12,1.1252000000000002
11231,rf_starter_descriptors,1.0,1.38,1.249600000000001
11267,rf_starter_descriptors,1.0,0.78,0.8244000000000004
11268,rf_starter_descriptors,1.0,-0.04,0.6476000000000003
11274,rf_starter_descriptors,1.0,1.64,1.6327999999999991
11277,rf_starter_descriptors,1.0,1.2,1.3723999999999992
11285,rf_starter_descriptors,1.0,1.36,1.1764000000000001
11289,rf_starter_descriptors,1.0,1.94,2.237200000000001
11301,rf_starter_descriptors,1.0,1.88,1.4925999999999986
11311,rf_starter_descriptors,1.0,1.88,1.314
11323,rf_starter_descriptors,1.0,1.5,1.678200000000001
11326,rf_starter_descriptors,1.0,1.08,1.2177999999999993
11332,rf_starter_descriptors,1.0,1.46,1.4836
11334,rf_starter_descriptors,1.0,1.74,1.3134000000000003
11342,rf_starter_descriptors,1.0,2.16,2.2326000000000006
11349,rf_starter_descriptors,1.0,2.2,1.167999999999999
11362,rf_starter_descriptors,1.0,1.92,1.5515999999999994
11368,rf_starter_descriptors,1.0,0.76,1.158999999999999
11385,rf_starter_descriptors,1.0,1.54,1.5975999999999997
11387,rf_starter_descriptors,1.0,0.66,0.8762000000000002
11390,rf_starter_descriptors,1.0,1.46,1.3322000000000005
11398,rf_starter_descriptors,1.0,0.98,1.0226
11417,rf_starter_descriptors,1.0,1.66,1.6186000000000005
11418,rf_starter_descriptors,1.0,1.86,1.575
11433,rf_starter_descriptors,1.0,0.46,1.4692000000000005
11443,rf_starter_descriptors,1.0,0.48,0.6516000000000004
11451,rf_starter_descriptors,1.0,1.24,1.204
11452,rf_starter_descriptors,1.0,2.02,1.8062
11456,rf_starter_descriptors,1.0,1.04,1.5896000000000023
11458,rf_starter_descriptors,1.0,0.8,1.2552000000000003
11466,rf_starter_descriptors,1.0,2.54,2.358599999999999
11468,rf_starter_descriptors,1.0,1.88,2.0097999999999985
11472,rf_starter_descriptors,1.0,2.96,1.2572000000000003
11482,rf_starter_descriptors,1.0,0.86,0.9579999999999994
11484,rf_starter_descriptors,1.0,1.52,1.5443999999999993
11487,rf_starter_descriptors,1.0,1.04,1.2076000000000007
11490,rf_starter_descriptors,1.0,1.62,1.4744000000000002
11500,rf_starter_descriptors,1.0,0.74,1.3627999999999993
11515,rf_starter_descriptors,1.0,0.66,1.1546
11516,rf_starter_descriptors,1.0,1.34,0.8529999999999995
11519,rf_starter_descriptors,1.0,1.62,1.6011999999999986
11520,rf_starter_descriptors,1.0,0.58,1.1018000000000006
11527,rf_starter_descriptors,1.0,2.8,3.2172
11529,rf_starter_descriptors,1.0,2.7,2.6064
11538,rf_starter_descriptors,1.0,0.46,0.8335999999999996
11540,rf_starter_descriptors,1.0,2.1,1.6420000000000008
11589,rf_starter_descriptors,1.0,1.06,1.4514000000000007
11592,rf_starter_descriptors,1.0,1.14,1.2862
11593,rf_starter_descriptors,1.0,1.42,1.0723999999999991
11601,rf_starter_descriptors,1.0,0.52,1.0916
11614,rf_starter_descriptors,1.0,1.2,1.0081999999999995
11621,rf_starter_descriptors,1.0,1.02,1.0319999999999996
11624,rf_starter_descriptors,1.0,1.44,1.6701999999999995
11628,rf_starter_descriptors,1.0,1.5,2.1368000000000014
11634,rf_starter_descriptors,1.0,0.96,1.0739999999999987
11639,rf_starter_descriptors,1.0,1.0,1.0191999999999994
11649,rf_starter_descriptors,1.0,1.2,1.1283999999999992
11659,rf_starter_descriptors,1.0,2.4,2.0998000000000014
11661,rf_starter_descriptors,1.0,1.66,1.478600000000001
11665,rf_starter_descriptors,1.0,1.5,1.8459999999999994
11669,rf_starter_descriptors,1.0,1.2,1.3548
11696,rf_starter_descriptors,1.0,2.64,1.3860000000000006
11697,rf_starter_descriptors,1.0,2.12,1.9591999999999996
11699,rf_starter_descriptors,1.0,1.3,1.5242000000000002
11712,rf_starter_descriptors,1.0,1.46,1.6852000000000011
11714,rf_starter_descriptors,1.0,0.68,0.8794
11725,rf_starter_descriptors,1.0,0.8,1.9486
11753,rf_starter_descriptors,1.0,1.04,1.0186
11760,rf_starter_descriptors,1.0,1.14,0.9193999999999994
11769,rf_starter_descriptors,1.0,1.74,1.8086000000000004
11780,rf_starter_descriptors,1.0,1.22,1.3026000000000002
11786,rf_starter_descriptors,1.0,1.1,1.1416000000000004
11792,rf_starter_descriptors,1.0,3.62,2.649800000000001
11793,rf_starter_descriptors,1.0,1.12,1.293600000000001
11795,rf_starter_descriptors,1.0,1.64,1.3726000000000003
11806,rf_starter_descriptors,1.0,1.68,1.5445999999999989
11821,rf_starter_descriptors,1.0,1.1,1.2149999999999999
11824,rf_starter_descriptors,1.0,1.12,2.1460000000000012
11826,rf_starter_descriptors,1.0,0.48,0.6962
11827,rf_starter_descriptors,1.0,2.36,1.674599999999999
11828,rf_starter_descriptors,1.0,1.78,1.6052000000000017
11876,rf_starter_descriptors,1.0,1.48,1.3909999999999996
11877,rf_starter_descriptors,1.0,3.02,1.8437999999999997
11910,rf_starter_descriptors,1.0,0.6,0.9291999999999999
11919,rf_starter_descriptors,1.0,1.36,1.8438000000000003
11921,rf_starter_descriptors,1.0,1.22,1.021800000000001
11953,rf_starter_descriptors,1.0,1.02,2.277999999999998
11956,rf_starter_descriptors,1.0,1.58,1.9646000000000003
11971,rf_starter_descriptors,1.0,2.6,2.596399999999999
11979,rf_starter_descriptors,1.0,1.96,1.2808000000000004
12011,rf_starter_descriptors,1.0,1.4,1.442600000000001
12021,rf_starter_descriptors,1.0,1.2,1.0961999999999998
12028,rf_starter_descriptors,1.0,0.8,1.008
12042,rf_starter_descriptors,1.0,1.28,1.0002000000000006
12044,rf_starter_descriptors,1.0,3.0,1.7893999999999992
12063,rf_starter_descriptors,1.0,0.72,0.8430000000000004
12065,rf_starter_descriptors,1.0,0.84,2.1971999999999987
12093,rf_starter_descriptors,1.0,2.08,1.8213999999999988
12118,rf_starter_descriptors,1.0,1.18,1.1823999999999983
12120,rf_starter_descriptors,1.0,0.84,0.9365999999999994
12121,rf_starter_descriptors,1.0,1.8,2.0310000000000015
12130,rf_starter_descriptors,1.0,1.08,0.7992
12136,rf_starter_descriptors,1.0,1.9,1.8048000000000004
12149,rf_starter_descriptors,1.0,1.26,1.3631999999999997
12153,rf_starter_descriptors,1.0,1.06,1.7483999999999997
12162,rf_starter_descriptors,1.0,1.88,2.6904000000000012
12166,rf_starter_descriptors,1.0,5.16,3.363399999999997
12168,rf_starter_descriptors,1.0,1.4,1.4509999999999998
12173,rf_starter_descriptors,1.0,2.62,2.489200000000001
12178,rf_starter_descriptors,1.0,1.46,1.114199999999999
12191,rf_starter_descriptors,1.0,0.68,1.4015999999999997
12203,rf_starter_descriptors,1.0,-0.02,1.242200000000001
12208,rf_starter_descriptors,1.0,0.44,1.0858000000000005
12216,rf_starter_descriptors,1.0,1.48,1.3744
12217,rf_starter_descriptors,1.0,-0.02,1.1202000000000003
12225,rf_starter_descriptors,1.0,1.68,1.6690000000000007
12264,rf_starter_descriptors,1.0,1.86,1.6592000000000002
12273,rf_starter_descriptors,1.0,0.52,1.2567999999999997
12276,rf_starter_descriptors,1.0,1.18,1.3989999999999987
12279,rf_starter_descriptors,1.0,1.48,0.9231999999999997
12310,rf_starter_descriptors,1.0,3.04,2.386200000000001
12317,rf_starter_descriptors,1.0,0.76,0.9883999999999996
12367,rf_starter_descriptors,1.0,1.42,2.4564000000000004
12398,rf_starter_descriptors,1.0,1.24,1.4930000000000003
12406,rf_starter_descriptors,1.0,1.66,1.9897999999999993
12412,rf_starter_descriptors,1.0,1.72,1.4248000000000005
12415,rf_starter_descriptors,1.0,0.82,1.2996000000000008
12420,rf_starter_descriptors,1.0,1.1,1.699
12452,rf_starter_descriptors,1.0,1.5,1.2227999999999992
12454,rf_starter_descriptors,1.0,0.76,1.3001999999999998
12474,rf_starter_descriptors,1.0,2.26,2.592000000000001
12476,rf_starter_descriptors,1.0,1.34,0.9473999999999998
12482,rf_starter_descriptors,1.0,0.96,1.3219999999999998
12491,rf_starter_descriptors,1.0,0.44,1.0397999999999998
12493,rf_starter_descriptors,1.0,1.98,1.0324000000000004
12509,rf_starter_descriptors,1.0,1.42,1.3499999999999988
12521,rf_starter_descriptors,1.0,1.92,1.4651999999999996
12551,rf_starter_descriptors,1.0,1.18,1.4861999999999997
12554,rf_starter_descriptors,1.0,0.46,1.3735999999999995
12562,rf_starter_descriptors,1.0,1.8,1.7452000000000003
12583,rf_starter_descriptors,1.0,1.38,1.3089999999999997
12600,rf_starter_descriptors,1.0,1.0,1.1305999999999987
12638,rf_starter_descriptors,1.0,2.92,2.545200000000001
12646,rf_starter_descriptors,1.0,0.78,1.1991999999999994
12662,rf_starter_descriptors,1.0,1.6,1.3619999999999997
12663,rf_starter_descriptors,1.0,3.32,1.6032000000000008
12667,rf_starter_descriptors,1.0,2.14,1.3584000000000005
12685,rf_starter_descriptors,1.0,1.5,1.3384000000000003
12687,rf_starter_descriptors,1.0,0.86,1.2930000000000004
12702,rf_starter_descriptors,1.0,0.52,1.4932000000000007
12717,rf_starter_descriptors,1.0,0.74,0.9295999999999993
12724,rf_starter_descriptors,1.0,1.52,1.5571999999999995
12729,rf_starter_descriptors,1.0,3.2,2.5401999999999987
12734,rf_starter_descriptors,1.0,4.42,3.027200000000001
12736,rf_starter_descriptors,1.0,1.68,1.7288000000000008
12737,rf_starter_descriptors,1.0,1.6,0.8220000000000003
12754,rf_starter_descriptors,1.0,2.84,2.490600000000003
12756,rf_starter_descriptors,1.0,2.02,1.9294
12760,rf_starter_descriptors,1.0,1.72,1.8844000000000012
12789,rf_starter_descriptors,1.0,1.28,1.0515999999999999
12791,rf_starter_descriptors,1.0,1.44,1.3944
12798,rf_starter_descriptors,1.0,1.58,1.8157999999999979
12809,rf_starter_descriptors,1.0,1.26,1.1832000000000007
12815,rf_starter_descriptors,1.0,1.68,1.5323999999999989
12817,rf_starter_descriptors,1.0,0.86,0.948
12821,rf_starter_descriptors,1.0,0.8,0.9424000000000011
12837,rf_starter_descriptors,1.0,1.06,1.3737999999999997
12847,rf_starter_descriptors,1.0,2.6,2.3634000000000004
12851,rf_starter_descriptors,1.0,0.42,1.3898000000000008
12852,rf_starter_descriptors,1.0,0.82,1.1480000000000006
12858,rf_starter_descriptors,1.0,4.32,1.9123999999999992
12862,rf_starter_descriptors,1.0,1.86,1.4765999999999995
12863,rf_starter_descriptors,1.0,1.26,1.4254
12891,rf_starter_descriptors,1.0,2.14,1.5494000000000006
12917,rf_starter_descriptors,1.0,2.42,2.9325999999999977
12946,rf_starter_descriptors,1.0,1.14,1.2096
12957,rf_starter_descriptors,1.0,1.28,1.1457999999999995
12967,rf_starter_descriptors,1.0,1.8,1.4120000000000008
12977,rf_starter_descriptors,1.0,1.58,1.2802
12994,rf_starter_descriptors,1.0,1.16,1.6925999999999999
12998,rf_starter_descriptors,1.0,1.32,2.2156000000000007
13011,rf_starter_descriptors,1.0,1.14,1.3869999999999993
13020,rf_starter_descriptors,1.0,1.14,1.3758000000000004
13032,rf_starter_descriptors,1.0,0.78,1.0443999999999998
13035,rf_starter_descriptors,1.0,0.72,1.358200000000001
13043,rf_starter_descriptors,1.0,1.52,1.2191999999999996
13044,rf_starter_descriptors,1.0,1.74,1.0386000000000002
13056,rf_starter_descriptors,1.0,1.5,2.106399999999998
13059,rf_starter_descriptors,1.0,0.74,0.6803999999999992
13073,rf_starter_descriptors,1.0,0.92,1.4828000000000008
13085,rf_starter_descriptors,1.0,1.46,1.3584
13090,rf_starter_descriptors,1.0,1.56,1.9779999999999986
13108,rf_starter_descriptors,1.0,1.64,1.8777999999999997
13109,rf_starter_descriptors,1.0,1.14,0.6330000000000002
13113,rf_starter_descriptors,1.0,1.58,1.2466
13120,rf_starter_descriptors,1.0,1.42,1.3414000000000004
13125,rf_starter_descriptors,1.0,1.18,1.2816
13139,rf_starter_descriptors,1.0,1.12,0.7382000000000002
13143,rf_starter_descriptors,1.0,1.86,1.8293999999999997
13159,rf_starter_descriptors,1.0,1.5,1.1009999999999998
13163,rf_starter_descriptors,1.0,0.42,0.9570000000000007
13179,rf_starter_descriptors,1.0,1.62,1.8567999999999996
13194,rf_starter_descriptors,1.0,1.76,1.9062000000000012
13203,rf_starter_descriptors,1.0,0.94,1.3917999999999993
13206,rf_starter_descriptors,1.0,0.76,0.8557999999999999
13215,rf_starter_descriptors,1.0,2.28,1.6024
13216,rf_starter_descriptors,1.0,1.52,1.1288000000000002
13234,rf_starter_descriptors,1.0,1.34,1.4725999999999988
13236,rf_starter_descriptors,1.0,0.72,1.1896000000000002
13240,rf_starter_descriptors,1.0,1.84,1.7761999999999996
13242,rf_starter_descriptors,1.0,1.2,1.303199999999999
13243,rf_starter_descriptors,1.0,1.96,1.5910000000000002
13246,rf_starter_descriptors,1.0,1.6,1.0979999999999999
13262,rf_starter_descriptors,1.0,4.0,2.5116
13280,rf_starter_descriptors,1.0,2.24,2.031
13311,rf_starter_descriptors,1.0,0.48,0.9899999999999998
13326,rf_starter_descriptors,1.0,1.46,1.1559999999999997
13337,rf_starter_descriptors,1.0,0.1,0.6106000000000008
13338,rf_starter_descriptors,1.0,2.92,1.4146000000000003
13344,rf_starter_descriptors,1.0,1.2,1.7432000000000014
13350,rf_starter_descriptors,1.0,2.06,1.2546000000000008
13354,rf_starter_descriptors,1.0,1.42,1.6347999999999987
13358,rf_starter_descriptors,1.0,1.94,1.4361999999999997
13361,rf_starter_descriptors,1.0,2.74,2.3178
13363,rf_starter_descriptors,1.0,1.68,1.4841999999999993
13391,rf_starter_descriptors,1.0,1.44,1.8672
13395,rf_starter_descriptors,1.0,1.54,1.4425999999999988
13413,rf_starter_descriptors,1.0,2.0,1.1893999999999998
13436,rf_starter_descriptors,1.0,1.36,1.1494
13480,rf_starter_descriptors,1.0,1.18,1.4690000000000005
13485,rf_starter_descriptors,1.0,1.32,1.3928000000000005
13487,rf_starter_descriptors,1.0,1.52,1.8389999999999997
13493,rf_starter_descriptors,1.0,1.1,1.4131999999999991
13499,rf_starter_descriptors,1.0,1.42,1.2088000000000008
13500,rf_starter_descriptors,1.0,1.5,1.1186
13503,rf_starter_descriptors,1.0,0.32,1.3808
13510,rf_starter_descriptors,1.0,1.32,1.4236000000000002
13519,rf_starter_descriptors,1.0,0.68,0.9105999999999997
13537,rf_starter_descriptors,1.0,1.36,1.2281999999999988
13544,rf_starter_descriptors,1.0,1.42,1.9462000000000013
13549,rf_starter_descriptors,1.0,0.44,1.044200000000001
13561,rf_starter_descriptors,1.0,0.2,0.9546000000000001
13588,rf_starter_descriptors,1.0,1.8,2.423600000000001
13589,rf_starter_descriptors,1.0,1.24,0.9398000000000003
13592,rf_starter_descriptors,1.0,0.42,1.1717999999999988
13593,rf_starter_descriptors,1.0,0.7,1.213200000000001
13596,rf_starter_descriptors,1.0,1.14,1.238800000000001
13609,rf_starter_descriptors,1.0,3.66,2.4687999999999994
13621,rf_starter_descriptors,1.0,2.22,1.5229999999999988
13644,rf_starter_descriptors,1.0,1.48,1.1629999999999994
13661,rf_starter_descriptors,1.0,1.92,1.8583999999999992
13670,rf_starter_descriptors,1.0,1.58,1.6084000000000018
13674,rf_starter_descriptors,1.0,1.58,1.3029999999999995
13685,rf_starter_descriptors,1.0,0.1,0.9523999999999999
13686,rf_starter_descriptors,1.0,1.08,1.2217999999999993
13693,rf_starter_descriptors,1.0,0.52,1.3379999999999999
13696,rf_starter_descriptors,1.0,2.12,1.4269999999999996
13707,rf_starter_descriptors,1.0,1.74,1.6163999999999994
13710,rf_starter_descriptors,1.0,1.34,2.331399999999999
13711,rf_starter_descriptors,1.0,1.08,0.8542000000000001
13713,rf_starter_descriptors,1.0,3.94,2.738400000000002
13714,rf_starter_descriptors,1.0,2.18,1.0042000000000002
13728,rf_starter_descriptors,1.0,1.1,1.5276000000000005
13752,rf_starter_descriptors,1.0,1.92,2.3535999999999997
13761,rf_starter_descriptors,1.0,1.8,1.4288000000000005
13768,rf_starter_descriptors,1.0,1.88,1.7824000000000004
13770,rf_starter_descriptors,1.0,1.58,1.5758
13780,rf_starter_descriptors,1.0,1.04,1.0002000000000002
13783,rf_starter_descriptors,1.0,1.42,0.8885999999999997
13798,rf_starter_descriptors,1.0,0.58,1.9817999999999985
13814,rf_starter_descriptors,1.0,0.36,1.2119999999999995
13824,rf_starter_descriptors,1.0,2.8,1.2558000000000005
13829,rf_starter_descriptors,1.0,1.52,1.5739999999999994
13838,rf_starter_descriptors,1.0,1.32,1.1913999999999998
13839,rf_starter_descriptors,1.0,2.14,2.6231999999999984
13846,rf_starter_descriptors,1.0,1.74,1.5507999999999997
13848,rf_starter_descriptors,1.0,1.78,1.0643999999999993
13861,rf_starter_descriptors,1.0,1.42,1.1584000000000005
13865,rf_starter_descriptors,1.0,1.3,0.9429999999999992
13870,rf_starter_descriptors,1.0,1.34,1.9532000000000012
13880,rf_starter_descriptors,1.0,1.0,1.0286
13881,rf_starter_descriptors,1.0,1.56,1.4835999999999996
13893,rf_starter_descriptors,1.0,1.56,1.6964
13896,rf_starter_descriptors,1.0,0.36,0.7464000000000003
13903,rf_starter_descriptors,1.0,1.56,1.9129999999999987
13909,rf_starter_descriptors,1.0,0.44,0.9523999999999998
13920,rf_starter_descriptors,1.0,1.56,1.3735999999999988
13928,rf_starter_descriptors,1.0,1.06,1.3155999999999992
13930,rf_starter_descriptors,1.0,1.94,1.447000000000001
13933,rf_starter_descriptors,1.0,0.84,1.2241999999999988
13934,rf_starter_descriptors,1.0,1.4,1.1976000000000013
13936,rf_starter_descriptors,1.0,1.16,1.1330000000000011
13941,rf_starter_descriptors,1.0,1.0,1.0477999999999998
13945,rf_starter_descriptors,1.0,1.74,1.4450000000000003
13952,rf_starter_descriptors,1.0,1.3,1.1028000000000002
13955,rf_starter_descriptors,1.0,1.9,1.4069999999999998
13961,rf_starter_descriptors,1.0,0.96,1.5609999999999993
13962,rf_starter_descriptors,1.0,1.76,1.0757999999999994
13969,rf_starter_descriptors,1.0,1.94,1.4517999999999998
13970,rf_starter_descriptors,1.0,1.94,1.4336000000000015
13980,rf_starter_descriptors,1.0,0.42,1.6918000000000006
13988,rf_starter_descriptors,1.0,1.78,1.5656000000000008
13996,rf_starter_descriptors,1.0,0.78,1.4888000000000003
14000,rf_starter_descriptors,1.0,0.64,1.3436000000000003
14005,rf_starter_descriptors,1.0,1.34,1.4302
14009,rf_starter_descriptors,1.0,0.5,1.0078000000000003
14010,rf_starter_descriptors,1.0,1.24,1.0404
14016,rf_starter_descriptors,1.0,1.26,1.0946
14017,rf_starter_descriptors,1.0,2.3,2.4038000000000013
14018,rf_starter_descriptors,1.0,1.14,1.0401999999999996
14020,rf_starter_descriptors,1.0,1.06,1.3070000000000004
14028,rf_starter_descriptors,1.0,2.42,1.5591999999999997
14030,rf_starter_descriptors,1.0,1.64,1.4
14034,rf_starter_descriptors,1.0,1.52,1.7320000000000007
14062,rf_starter_descriptors,1.0,0.12,0.7301999999999994
14079,rf_starter_descriptors,1.0,0.94,1.0070000000000001
14086,rf_starter_descriptors,1.0,0.34,0.966399999999999
14092,rf_starter_descriptors,1.0,0.42,0.7889999999999999
14104,rf_starter_descriptors,1.0,1.5,1.3709999999999996
14114,rf_starter_descriptors,1.0,2.52,1.7760000000000002
14130,rf_starter_descriptors,1.0,1.14,1.3828000000000003
14132,rf_starter_descriptors,1.0,0.7,1.616999999999999
14135,rf_starter_descriptors,1.0,0.6,1.113800000000001
14153,rf_starter_descriptors,1.0,0.82,1.1109999999999993
14155,rf_starter_descriptors,1.0,1.9,1.6768000000000018
14166,rf_starter_descriptors,1.0,1.7,1.8492
14169,rf_starter_descriptors,1.0,0.76,1.3322000000000005
14171,rf_starter_descriptors,1.0,0.58,0.8734000000000005
14174,rf_starter_descriptors,1.0,1.46,1.497
14179,rf_starter_descriptors,1.0,1.06,0.9891999999999999
14201,rf_starter_descriptors,1.0,1.98,0.9706000000000007
14205,rf_starter_descriptors,1.0,1.34,1.2502000000000009
14206,rf_starter_descriptors,1.0,1.6,1.1385999999999994
14229,rf_starter_descriptors,1.0,1.18,0.7623999999999995
14241,rf_starter_descriptors,1.0,0.92,0.9943999999999998
14255,rf_starter_descriptors,1.0,1.82,1.1979999999999997
14269,rf_starter_descriptors,1.0,1.8,1.3391999999999993
14292,rf_starter_descriptors,1.0,1.36,0.9899999999999995
14298,rf_starter_descriptors,1.0,1.26,1.3340000000000005
14305,rf_starter_descriptors,1.0,1.32,1.2652000000000003
14318,rf_starter_descriptors,1.0,0.28,0.676
14320,rf_starter_descriptors,1.0,1.42,1.3536
14340,rf_starter_descriptors,1.0,1.5,1.4089999999999996
14343,rf_starter_descriptors,1.0,0.82,0.9876000000000004
14346,rf_starter_descriptors,1.0,1.06,0.9216000000000001
14350,rf_starter_descriptors,1.0,0.06,0.7920000000000001
14351,rf_starter_descriptors,1.0,4.26,1.1074000000000004
14376,rf_starter_descriptors,1.0,1.74,1.0913999999999988
14392,rf_starter_descriptors,1.0,1.94,1.4733999999999992
14395,rf_starter_descriptors,1.0,0.9,1.3987999999999994
14397,rf_starter_descriptors,1.0,1.44,1.6430000000000013
14402,rf_starter_descriptors,1.0,0.88,1.1500000000000004
14413,rf_starter_descriptors,1.0,2.74,2.7758
14417,rf_starter_descriptors,1.0,1.32,1.1152000000000006
14418,rf_starter_descriptors,1.0,0.78,0.8815999999999998
14425,rf_starter_descriptors,1.0,0.66,1.5896000000000003
14433,rf_starter_descriptors,1.0,1.54,1.6031999999999993
14440,rf_starter_descriptors,1.0,2.6,2.460200000000001
14441,rf_starter_descriptors,1.0,1.56,1.5523999999999996
14448,rf_starter_descriptors,1.0,0.68,0.7489999999999999
14459,rf_starter_descriptors,1.0,1.68,1.4653999999999998
14483,rf_starter_descriptors,1.0,2.52,1.2710000000000004
14492,rf_starter_descriptors,1.0,1.04,0.8947999999999994
14495,rf_starter_descriptors,1.0,2.06,1.0745999999999993
14517,rf_starter_descriptors,1.0,1.22,1.174599999999999
14524,rf_starter_descriptors,1.0,2.08,2.625800000000001
14534,rf_starter_descriptors,1.0,1.14,1.341
14552,rf_starter_descriptors,1.0,0.72,1.0293999999999994
14553,rf_starter_descriptors,1.0,2.82,2.6012000000000004
14561,rf_starter_descriptors,1.0,1.46,2.274800000000001
14563,rf_starter_descriptors,1.0,1.54,1.5547999999999988
14565,rf_starter_descriptors,1.0,0.88,1.1516000000000006
14567,rf_starter_descriptors,1.0,1.72,1.2822000000000005
14568,rf_starter_descriptors,1.0,0.98,1.0092000000000008
14569,rf_starter_descriptors,1.0,2.72,2.2537999999999996
14571,rf_starter_descriptors,1.0,1.54,1.2184000000000004
14581,rf_starter_descriptors,1.0,1.78,1.7650000000000006
14621,rf_starter_descriptors,1.0,1.74,0.8423999999999994
14646,rf_starter_descriptors,1.0,0.58,1.4595999999999991
14654,rf_starter_descriptors,1.0,0.68,1.2344000000000002
14665,rf_starter_descriptors,1.0,2.8,2.4031999999999987
14700,rf_starter_descriptors,1.0,0.44,0.9825999999999995
14710,rf_starter_descriptors,1.0,0.78,1.0435999999999992
14714,rf_starter_descriptors,1.0,1.2,1.2570000000000012
14724,rf_starter_descriptors,1.0,1.54,1.6226000000000012
14726,rf_starter_descriptors,1.0,0.52,1.3642000000000005
14732,rf_starter_descriptors,1.0,0.82,1.3682000000000003
14734,rf_starter_descriptors,1.0,1.34,1.5593999999999997
14749,rf_starter_descriptors,1.0,1.88,2.0879999999999987
14757,rf_starter_descriptors,1.0,1.26,1.8355999999999997
14777,rf_starter_descriptors,1.0,0.86,0.9429999999999994
14779,rf_starter_descriptors,1.0,1.42,1.4208
14780,rf_starter_descriptors,1.0,1.6,1.4393999999999993
14788,rf_starter_descriptors,1.0,0.58,0.9482000000000005
14793,rf_starter_descriptors,1.0,0.94,1.0243999999999993
14812,rf_starter_descriptors,1.0,0.88,1.1702000000000004
14816,rf_starter_descriptors,1.0,1.12,1.7204
14847,rf_starter_descriptors,1.0,0.7,0.7828
14849,rf_starter_descriptors,1.0,3.9,1.6099999999999997
14852,rf_starter_descriptors,1.0,1.16,1.0722
14869,rf_starter_descriptors,1.0,1.06,0.9133999999999999
14887,rf_starter_descriptors,1.0,1.34,0.9802000000000006
14901,rf_starter_descriptors,1.0,1.4,1.0110000000000001
14905,rf_starter_descriptors,1.0,1.38,1.2251999999999998
14908,rf_starter_descriptors,1.0,1.14,1.6990000000000007
14918,rf_starter_descriptors,1.0,2.3,1.5492000000000001
14924,rf_starter_descriptors,1.0,1.54,2.436000000000001
14925,rf_starter_descriptors,1.0,1.56,1.2241999999999993
14951,rf_starter_descriptors,1.0,0.14,1.5881999999999996
14959,rf_starter_descriptors,1.0,0.22,1.4176
14970,rf_starter_descriptors,1.0,1.6,1.8072000000000008
14978,rf_starter_descriptors,1.0,2.72,2.6801999999999997
14980,rf_starter_descriptors,1.0,0.56,0.9757999999999992
14983,rf_starter_descriptors,1.0,0.88,1.1589999999999996
14985,rf_starter_descriptors,1.0,0.5,0.934
14992,rf_starter_descriptors,1.0,1.02,1.1769999999999994
15000,rf_starter_descriptors,1.0,1.3,1.4677999999999998
15015,rf_starter_descriptors,1.0,1.28,1.3401999999999996
15030,rf_starter_descriptors,1.0,1.88,2.4104000000000014
15039,rf_starter_descriptors,1.0,2.58,2.365999999999999
15042,rf_starter_descriptors,1.0,1.96,1.471199999999999
15044,rf_starter_descriptors,1.0,2.46,2.187800000000001
15056,rf_starter_descriptors,1.0,1.0,1.097
15058,rf_starter_descriptors,1.0,1.56,1.4522000000000004
15076,rf_starter_descriptors,1.0,0.9,1.1352000000000002
15077,rf_starter_descriptors,1.0,2.84,2.332599999999999
15089,rf_starter_descriptors,1.0,1.82,1.3938000000000001
15093,rf_starter_descriptors,1.0,1.14,1.1715999999999998
15103,rf_starter_descriptors,1.0,1.18,0.7635999999999994
15130,rf_starter_descriptors,1.0,0.68,1.0092000000000005
15151,rf_starter_descriptors,1.0,0.44,1.9209999999999974
15154,rf_starter_descriptors,1.0,0.6,0.5838000000000007
15171,rf_starter_descriptors,1.0,0.98,1.0937999999999999
15187,rf_starter_descriptors,1.0,1.76,1.7360000000000009
15201,rf_starter_descriptors,1.0,1.58,1.2176
15218,rf_starter_descriptors,1.0,3.58,2.3426
15259,rf_starter_descriptors,1.0,0.9,0.9948000000000006
15278,rf_starter_descriptors,1.0,1.48,0.9897999999999995
15281,rf_starter_descriptors,1.0,2.1,1.4774000000000003
15323,rf_starter_descriptors,1.0,0.34,0.2075999999999999
15324,rf_starter_descriptors,1.0,1.32,1.8093999999999997
15331,rf_starter_descriptors,1.0,1.18,1.4005999999999998
15343,rf_starter_descriptors,1.0,1.06,1.5392000000000003
15349,rf_starter_descriptors,1.0,1.56,1.6656000000000009
15350,rf_starter_descriptors,1.0,1.08,0.8719999999999996
15352,rf_starter_descriptors,1.0,0.98,1.0336000000000007
15370,rf_starter_descriptors,1.0,1.48,1.6951999999999996
15377,rf_starter_descriptors,1.0,2.04,1.9167999999999998
15379,rf_starter_descriptors,1.0,1.24,1.671200000000001
15414,rf_starter_descriptors,1.0,1.14,2.230599999999999
15418,rf_starter_descriptors,1.0,1.52,1.1323999999999999
15430,rf_starter_descriptors,1.0,0.96,1.1802000000000001
15439,rf_starter_descriptors,1.0,1.64,0.8715999999999999
15455,rf_starter_descriptors,1.0,2.88,1.3331999999999993
15456,rf_starter_descriptors,1.0,1.04,1.4110000000000005
15463,rf_starter_descriptors,1.0,0.92,1.1103999999999994
15464,rf_starter_descriptors,1.0,1.42,1.5548
15471,rf_starter_descriptors,1.0,1.3,0.9399999999999996
15492,rf_starter_descriptors,1.0,0.86,1.0322000000000013
15500,rf_starter_descriptors,1.0,0.74,1.0970000000000006
15505,rf_starter_descriptors,1.0,1.06,0.6593999999999997
15525,rf_starter_descriptors,1.0,1.1,1.3401999999999998
15535,rf_starter_descriptors,1.0,0.94,1.063399999999999
15540,rf_starter_descriptors,1.0,0.62,1.1350000000000002
15543,rf_starter_descriptors,1.0,0.96,2.0139999999999993
15545,rf_starter_descriptors,1.0,2.34,2.0874000000000015
15546,rf_starter_descriptors,1.0,1.16,1.2318000000000002
15555,rf_starter_descriptors,1.0,1.0,0.9553999999999992
15560,rf_starter_descriptors,1.0,1.98,1.7789999999999995
15567,rf_starter_descriptors,1.0,0.26,0.9938000000000006
15572,rf_starter_descriptors,1.0,2.24,1.0374000000000008
15587,rf_starter_descriptors,1.0,0.86,1.0048000000000001
15597,rf_starter_descriptors,1.0,1.34,0.8028000000000004
15603,rf_starter_descriptors,1.0,2.12,1.7689999999999995
15632,rf_starter_descriptors,1.0,2.24,2.0140000000000002
15633,rf_starter_descriptors,1.0,1.28,1.1198000000000001
15634,rf_starter_descriptors,1.0,1.52,2.3945999999999996
15645,rf_starter_descriptors,1.0,1.56,1.4736000000000005
15669,rf_starter_descriptors,1.0,1.04,1.0353999999999999
15683,rf_starter_descriptors,1.0,2.32,1.8862000000000012
15684,rf_starter_descriptors,1.0,0.88,1.5251999999999994
15704,rf_starter_descriptors,1.0,1.66,1.5773999999999992
15711,rf_starter_descriptors,1.0,0.96,1.2755999999999996
15713,rf_starter_descriptors,1.0,0.4,1.5503999999999993
15723,rf_starter_descriptors,1.0,1.46,1.0452000000000004
15729,rf_starter_descriptors,1.0,2.16,1.9534000000000014
15730,rf_starter_descriptors,1.0,2.46,1.783599999999999
15733,rf_starter_descriptors,1.0,1.2,1.12
15760,rf_starter_descriptors,1.0,1.14,1.1663999999999994
15784,rf_starter_descriptors,1.0,1.68,1.5834000000000004
15792,rf_starter_descriptors,1.0,2.96,2.357199999999999
15821,rf_starter_descriptors,1.0,1.44,1.0148000000000001
15824,rf_starter_descriptors,1.0,0.98,1.3476000000000001
15832,rf_starter_descriptors,1.0,0.7,1.1193999999999997
15864,rf_starter_descriptors,1.0,2.56,1.4382000000000008
15891,rf_starter_descriptors,1.0,1.64,1.9553999999999983
15902,rf_starter_descriptors,1.0,3.18,2.271
15911,rf_starter_descriptors,1.0,2.38,1.9201999999999992
15917,rf_starter_descriptors,1.0,2.02,1.584
15919,rf_starter_descriptors,1.0,0.58,0.6808000000000001
15920,rf_starter_descriptors,1.0,0.56,1.7837999999999985
15929,rf_starter_descriptors,1.0,1.74,1.5816000000000006
15941,rf_starter_descriptors,1.0,1.98,2.039200000000002
15954,rf_starter_descriptors,1.0,1.72,1.2610000000000006
15955,rf_starter_descriptors,1.0,2.48,1.9436000000000002
15974,rf_starter_descriptors,1.0,1.66,1.521400000000001
15987,rf_starter_descriptors,1.0,1.32,1.8705999999999998
15989,rf_starter_descriptors,1.0,0.66,1.0127999999999997
16002,rf_starter_descriptors,1.0,3.1,1.3840000000000001
16027,rf_starter_descriptors,1.0,1.0,0.9356000000000003
16029,rf_starter_descriptors,1.0,0.96,1.8537999999999994
16033,rf_starter_descriptors,1.0,3.64,2.412599999999999
16044,rf_starter_descriptors,1.0,2.16,1.905400000000001
16052,rf_starter_descriptors,1.0,1.44,1.0510000000000002
16074,rf_starter_descriptors,1.0,1.36,1.6144000000000007
16092,rf_starter_descriptors,1.0,1.54,1.3590000000000009
16101,rf_starter_descriptors,1.0,1.34,1.2864000000000002
16108,rf_starter_descriptors,1.0,1.24,1.6810000000000014
16109,rf_starter_descriptors,1.0,1.0,0.6806
16110,rf_starter_descriptors,1.0,1.16,1.9310000000000007
16124,rf_starter_descriptors,1.0,0.68,1.3855999999999997
16128,rf_starter_descriptors,1.0,1.16,1.9254000000000007
16139,rf_starter_descriptors,1.0,1.24,0.9342000000000003
16140,rf_starter_descriptors,1.0,1.98,1.6514000000000015
16152,rf_starter_descriptors,1.0,1.32,1.2926000000000002
16156,rf_starter_descriptors,1.0,2.46,2.0721999999999987
16162,rf_starter_descriptors,1.0,0.7,0.9242000000000004
16164,rf_starter_descriptors,1.0,2.44,2.6808000000000005
16170,rf_starter_descriptors,1.0,1.56,1.6470000000000002
16183,rf_starter_descriptors,1.0,0.82,1.1295999999999997
16197,rf_starter_descriptors,1.0,1.3,1.2773999999999999
16206,rf_starter_descriptors,1.0,1.28,1.263799999999999
16238,rf_starter_descriptors,1.0,1.08,1.2153999999999998
16249,rf_starter_descriptors,1.0,0.32,1.4446
16256,rf_starter_descriptors,1.0,0.94,0.9653999999999993
16268,rf_starter_descriptors,1.0,0.32,0.7826
16273,rf_starter_descriptors,1.0,0.68,1.9644000000000006
16280,rf_starter_descriptors,1.0,1.06,1.2008
16285,rf_starter_descriptors,1.0,1.78,1.8238000000000003
16302,rf_starter_descriptors,1.0,0.46,1.8503999999999998
16324,rf_starter_descriptors,1.0,1.88,1.5394000000000003
16331,rf_starter_descriptors,1.0,1.92,1.1564000000000005
16335,rf_starter_descriptors,1.0,1.54,1.104399999999999
16373,rf_starter_descriptors,1.0,0.76,1.3102000000000005
16381,rf_starter_descriptors,1.0,1.64,1.4132000000000005
16382,rf_starter_descriptors,1.0,0.58,0.7269999999999994
16406,rf_starter_descriptors,1.0,1.74,1.5172000000000003
16416,rf_starter_descriptors,1.0,0.58,1.1438000000000001
16424,rf_starter_descriptors,1.0,2.6,1.9088000000000014
16425,rf_starter_descriptors,1.0,2.62,2.9055999999999993
16427,rf_starter_descriptors,1.0,0.96,0.8846000000000003
16429,rf_starter_descriptors,1.0,2.22,1.8133999999999992
16430,rf_starter_descriptors,1.0,1.14,1.2326000000000006
16440,rf_starter_descriptors,1.0,2.02,1.3327999999999995
16455,rf_starter_descriptors,1.0,1.68,1.7496000000000018
16461,rf_starter_descriptors,1.0,1.04,0.9293999999999998
16468,rf_starter_descriptors,1.0,0.98,1.596999999999999
16508,rf_starter_descriptors,1.0,1.76,1.0716000000000006
16522,rf_starter_descriptors,1.0,1.82,1.6757999999999986
16544,rf_starter_descriptors,1.0,1.52,1.4640000000000013
16545,rf_starter_descriptors,1.0,0.7,1.3157999999999987
16547,rf_starter_descriptors,1.0,2.62,3.1338000000000017
16555,rf_starter_descriptors,1.0,1.7,0.5773999999999999
16568,rf_starter_descriptors,1.0,0.74,1.014
16569,rf_starter_descriptors,1.0,1.08,1.125799999999999
16584,rf_starter_descriptors,1.0,0.72,0.8290000000000005
16586,rf_starter_descriptors,1.0,0.56,1.6425999999999994
16587,rf_starter_descriptors,1.0,0.86,0.8886
16592,rf_starter_descriptors,1.0,1.12,1.8306
16598,rf_starter_descriptors,1.0,2.18,1.8802000000000012
16603,rf_starter_descriptors,1.0,1.02,1.2610000000000001
16611,rf_starter_descriptors,1.0,4.2,3.156599999999999
16612,rf_starter_descriptors,1.0,2.2,1.645999999999999
16626,rf_starter_descriptors,1.0,1.26,1.4750000000000005
16628,rf_starter_descriptors,1.0,1.34,1.7172
16643,rf_starter_descriptors,1.0,1.14,1.2514000000000005
16650,rf_starter_descriptors,1.0,0.9,1.0304000000000004
16657,rf_starter_descriptors,1.0,1.66,1.7406000000000004
16659,rf_starter_descriptors,1.0,2.26,1.7174000000000023
16669,rf_starter_descriptors,1.0,0.54,1.411599999999999
16687,rf_starter_descriptors,1.0,0.9,1.3167999999999986
16693,rf_starter_descriptors,1.0,2.06,1.495999999999999
16700,rf_starter_descriptors,1.0,1.96,1.6515999999999988
16717,rf_starter_descriptors,1.0,0.9,0.8822000000000001
16723,rf_starter_descriptors,1.0,0.46,0.9897999999999999
16725,rf_starter_descriptors,1.0,1.3,1.2804000000000002
16728,rf_starter_descriptors,1.0,1.98,1.2402
16738,rf_starter_descriptors,1.0,0.92,1.2294000000000014
16739,rf_starter_descriptors,1.0,1.94,1.4003999999999999
16747,rf_starter_descriptors,1.0,0.46,2.105799999999999
16752,rf_starter_descriptors,1.0,0.54,1.062799999999999
16760,rf_starter_descriptors,1.0,0.46,0.7252000000000005
16761,rf_starter_descriptors,1.0,2.02,1.4099999999999995
16787,rf_starter_descriptors,1.0,2.02,2.023599999999999
16795,rf_starter_descriptors,1.0,0.66,0.8043999999999997
16807,rf_starter_descriptors,1.0,1.28,0.9027999999999998
16811,rf_starter_descriptors,1.0,1.14,0.9946000000000003
16813,rf_starter_descriptors,1.0,1.86,1.3290000000000006
16831,rf_starter_descriptors,1.0,1.06,1.2145999999999992
16841,rf_starter_descriptors,1.0,1.46,1.5748000000000015
16846,rf_starter_descriptors,1.0,1.62,1.4664000000000008
16848,rf_starter_descriptors,1.0,1.54,1.8259999999999994
16852,rf_starter_descriptors,1.0,0.66,0.9001999999999994
16872,rf_starter_descriptors,1.0,0.98,1.4180000000000006
16876,rf_starter_descriptors,1.0,1.08,1.5499999999999994
16879,rf_starter_descriptors,1.0,0.92,1.3468
16898,rf_starter_descriptors,1.0,1.26,1.3777999999999997
16930,rf_starter_descriptors,1.0,0.64,2.1562
16933,rf_starter_descriptors,1.0,0.6,0.9285999999999993
16946,rf_starter_descriptors,1.0,1.2,1.0949999999999995
16949,rf_starter_descriptors,1.0,1.58,1.6998000000000006
16954,rf_starter_descriptors,1.0,2.96,2.9997999999999996
16956,rf_starter_descriptors,1.0,0.4,0.7784000000000002
16960,rf_starter_descriptors,1.0,1.02,1.2432000000000014
16981,rf_starter_descriptors,1.0,1.74,1.5038000000000005
16982,rf_starter_descriptors,1.0,0.34,0.8215999999999997
16984,rf_starter_descriptors,1.0,1.6,1.456
16989,rf_starter_descriptors,1.0,3.24,2.168399999999998
16993,rf_starter_descriptors,1.0,1.3,1.1216000000000002
17000,rf_starter_descriptors,1.0,1.08,1.5956000000000004
17001,rf_starter_descriptors,1.0,1.68,2.3076000000000008
17006,rf_starter_descriptors,1.0,1.08,1.281400000000001
17019,rf_starter_descriptors,1.0,0.86,0.9633999999999995
17036,rf_starter_descriptors,1.0,1.66,1.4026000000000007
17051,rf_starter_descriptors,1.0,0.74,1.185999999999999
17063,rf_starter_descriptors,1.0,1.62,1.3187999999999998
17068,rf_starter_descriptors,1.0,1.68,1.6490000000000007
17073,rf_starter_descriptors,1.0,0.9,1.3581999999999994
17074,rf_starter_descriptors,1.0,0.78,1.0579999999999996
17104,rf_starter_descriptors,1.0,1.46,1.356200000000001
17105,rf_starter_descriptors,1.0,1.92,1.4755999999999998
17107,rf_starter_descriptors,1.0,0.2,1.0691999999999993
17121,rf_starter_descriptors,1.0,0.78,0.7005999999999998
17129,rf_starter_descriptors,1.0,1.46,1.198800000000001
17142,rf_starter_descriptors,1.0,1.52,1.1689999999999998
17147,rf_starter_descriptors,1.0,1.18,1.3819999999999997
17152,rf_starter_descriptors,1.0,1.24,1.7338000000000011
17155,rf_starter_descriptors,1.0,0.68,1.4879999999999987
17194,rf_starter_descriptors,1.0,1.22,1.7857999999999998
17206,rf_starter_descriptors,1.0,1.52,1.9050000000000018
17209,rf_starter_descriptors,1.0,2.56,1.972199999999998
17219,rf_starter_descriptors,1.0,0.26,0.7438000000000006
17241,rf_starter_descriptors,1.0,1.04,1.5025999999999997
17263,rf_starter_descriptors,1.0,0.94,1.3105999999999989
17287,rf_starter_descriptors,1.0,3.1,2.469
17291,rf_starter_descriptors,1.0,1.32,1.3078000000000005
17303,rf_starter_descriptors,1.0,1.28,1.1588000000000016
17311,rf_starter_descriptors,1.0,1.28,1.5871999999999995
17313,rf_starter_descriptors,1.0,2.36,1.2940000000000007
17314,rf_starter_descriptors,1.0,1.82,1.6481999999999999
17320,rf_starter_descriptors,1.0,1.32,1.0236000000000007
17324,rf_starter_descriptors,1.0,4.66,2.7811999999999997
17335,rf_starter_descriptors,1.0,1.72,1.2047999999999996
17340,rf_starter_descriptors,1.0,0.54,0.5997999999999997
17346,rf_starter_descriptors,1.0,0.8,0.8717999999999997
17354,rf_starter_descriptors,1.0,1.36,1.7210000000000008
17356,rf_starter_descriptors,1.0,1.14,1.0328
17375,rf_starter_descriptors,1.0,1.0,1.3046
17377,rf_starter_descriptors,1.0,1.08,1.0620000000000003
17389,rf_starter_descriptors,1.0,1.3,1.1121999999999992
17392,rf_starter_descriptors,1.0,0.36,0.9169999999999994
17406,rf_starter_descriptors,1.0,2.14,1.8044000000000013
17418,rf_starter_descriptors,1.0,0.92,2.547200000000002
17457,rf_starter_descriptors,1.0,2.08,1.7244000000000017
17466,rf_starter_descriptors,1.0,1.8,1.6457999999999995
17489,rf_starter_descriptors,1.0,1.04,1.2174
17491,rf_starter_descriptors,1.0,1.06,1.4550000000000005
17519,rf_starter_descriptors,1.0,1.28,1.1129999999999989
17525,rf_starter_descriptors,1.0,0.88,1.2588000000000004
17528,rf_starter_descriptors,1.0,3.76,1.2222
17529,rf_starter_descriptors,1.0,0.64,0.9520000000000003
17540,rf_starter_descriptors,1.0,0.92,1.0899999999999996
17545,rf_starter_descriptors,1.0,0.92,1.2386
17554,rf_starter_descriptors,1.0,1.8,1.9856000000000007
17558,rf_starter_descriptors,1.0,1.08,1.324800000000001
17572,rf_starter_descriptors,1.0,1.62,1.4324
17575,rf_starter_descriptors,1.0,0.34,0.8790000000000003
17589,rf_starter_descriptors,1.0,0.74,0.8276000000000008
17599,rf_starter_descriptors,1.0,2.04,1.8432000000000008
17607,rf_starter_descriptors,1.0,1.26,1.5165999999999988
17611,rf_starter_descriptors,1.0,1.44,1.3087999999999997
17615,rf_starter_descriptors,1.0,1.74,1.7915999999999987
17618,rf_starter_descriptors,1.0,1.08,1.2274000000000007
17626,rf_starter_descriptors,1.0,2.18,1.3452000000000004
17631,rf_starter_descriptors,1.0,1.8,1.6619999999999993
17632,rf_starter_descriptors,1.0,1.38,1.4298000000000002
17645,rf_starter_descriptors,1.0,0.76,1.0146000000000008
17658,rf_starter_descriptors,1.0,0.5,1.0510000000000004
17661,rf_starter_descriptors,1.0,1.48,2.6562000000000006
17690,rf_starter_descriptors,1.0,1.58,1.3420000000000007
17697,rf_starter_descriptors,1.0,0.8,1.1670000000000007
17700,rf_starter_descriptors,1.0,1.66,1.4474
17708,rf_starter_descriptors,1.0,2.18,1.5807999999999995
17713,rf_starter_descriptors,1.0,1.94,1.4240000000000004
17730,rf_starter_descriptors,1.0,2.12,1.9843999999999997
17775,rf_starter_descriptors,1.0,1.46,1.6709999999999994
17776,rf_starter_descriptors,1.0,1.34,2.0997999999999992
17779,rf_starter_descriptors,1.0,3.66,3.221999999999998
17788,rf_starter_descriptors,1.0,2.54,1.9668000000000003
17796,rf_starter_descriptors,1.0,1.82,1.9517999999999986
17803,rf_starter_descriptors,1.0,1.78,1.6295999999999995
17804,rf_starter_descriptors,1.0,1.84,2.094
17824,rf_starter_descriptors,1.0,1.06,1.0236000000000003
17829,rf_starter_descriptors,1.0,1.6,1.3573999999999993
17832,rf_starter_descriptors,1.0,1.7,2.0592000000000015
17839,rf_starter_descriptors,1.0,1.72,1.4534000000000007
17859,rf_starter_descriptors,1.0,1.1,1.8025999999999995
17863,rf_starter_descriptors,1.0,0.56,1.4881999999999989
17886,rf_starter_descriptors,1.0,1.34,1.0156
17910,rf_starter_descriptors,1.0,0.58,0.8308000000000006
17922,rf_starter_descriptors,1.0,2.64,1.7467999999999995
17943,rf_starter_descriptors,1.0,1.64,1.0643999999999998
17965,rf_starter_descriptors,1.0,1.22,1.0568
17987,rf_starter_descriptors,1.0,1.84,1.0282000000000002
17988,rf_starter_descriptors,1.0,0.84,1.000199999999999
17995,rf_starter_descriptors,1.0,0.84,1.4109999999999994
17998,rf_starter_descriptors,1.0,1.96,2.894800000000002
18005,rf_starter_descriptors,1.0,1.7,1.7811999999999995
18010,rf_starter_descriptors,1.0,1.1,1.6718000000000004
18011,rf_starter_descriptors,1.0,1.22,1.1235999999999997
18023,rf_starter_descriptors,1.0,0.38,1.1180000000000014
18029,rf_starter_descriptors,1.0,0.92,1.3548000000000002
18043,rf_starter_descriptors,1.0,1.56,1.3613999999999995
18045,rf_starter_descriptors,1.0,1.86,1.8355999999999995
18048,rf_starter_descriptors,1.0,1.56,1.6881999999999997
18049,rf_starter_descriptors,1.0,1.04,1.1910000000000014
18057,rf_starter_descriptors,1.0,1.3,1.4526000000000001
18059,rf_starter_descriptors,1.0,1.32,1.7569999999999992
18064,rf_starter_descriptors,1.0,1.6,1.4993999999999994
18075,rf_starter_descriptors,1.0,1.48,1.731199999999999
18076,rf_starter_descriptors,1.0,1.68,0.9938000000000006
18093,rf_starter_descriptors,1.0,1.06,1.3416
18096,rf_starter_descriptors,1.0,-0.14,0.27459999999999996
18105,rf_starter_descriptors,1.0,1.9,1.6368000000000003
18114,rf_starter_descriptors,1.0,0.58,1.4521999999999995
18116,rf_starter_descriptors,1.0,1.46,1.4546000000000003
18119,rf_starter_descriptors,1.0,0.38,0.7451999999999999
18121,rf_starter_descriptors,1.0,1.42,1.807800000000001
18137,rf_starter_descriptors,1.0,0.62,1.3334000000000006
18169,rf_starter_descriptors,1.0,0.88,1.8252000000000015
18175,rf_starter_descriptors,1.0,1.38,1.6558000000000004
18196,rf_starter_descriptors,1.0,2.02,1.5064000000000006
18216,rf_starter_descriptors,1.0,2.76,2.7021999999999995
18220,rf_starter_descriptors,1.0,1.36,1.317199999999999
18223,rf_starter_descriptors,1.0,1.24,1.2493999999999996
18230,rf_starter_descriptors,1.0,0.58,2.0358000000000005
18232,rf_starter_descriptors,1.0,1.42,1.2182
18233,rf_starter_descriptors,1.0,1.6,1.8291999999999993
18264,rf_starter_descriptors,1.0,0.68,1.1333999999999995
18268,rf_starter_descriptors,1.0,2.38,1.5706
18271,rf_starter_descriptors,1.0,1.74,2.6426
18280,rf_starter_descriptors,1.0,0.68,0.8066000000000005
18283,rf_starter_descriptors,1.0,3.08,1.7944
18302,rf_starter_descriptors,1.0,1.08,1.0580000000000005
18305,rf_starter_descriptors,1.0,2.02,1.6432000000000004
18309,rf_starter_descriptors,1.0,1.36,1.1143999999999994
18333,rf_starter_descriptors,1.0,1.06,1.9429999999999992
18335,rf_starter_descriptors,1.0,1.22,1.2922000000000011
18354,rf_starter_descriptors,1.0,0.2,1.1294000000000002
18356,rf_starter_descriptors,1.0,1.92,1.5228000000000006
18364,rf_starter_descriptors,1.0,1.68,1.9528000000000012
18370,rf_starter_descriptors,1.0,1.24,1.0803999999999991
18381,rf_starter_descriptors,1.0,1.02,1.1283999999999998
18410,rf_starter_descriptors,1.0,0.56,1.4743999999999995
18432,rf_starter_descriptors,1.0,0.98,1.4285999999999999
18449,rf_starter_descriptors,1.0,1.94,1.156800000000001
18452,rf_starter_descriptors,1.0,0.72,1.0111999999999999
18463,rf_starter_descriptors,1.0,1.06,1.1953999999999994
18500,rf_starter_descriptors,1.0,1.94,2.1405999999999996
18510,rf_starter_descriptors,1.0,2.56,2.4839999999999995
18527,rf_starter_descriptors,1.0,1.96,1.3810000000000002
18530,rf_starter_descriptors,1.0,1.46,1.935200000000001
18537,rf_starter_descriptors,1.0,1.36,0.9693999999999994
18541,rf_starter_descriptors,1.0,1.74,1.4631999999999998
18543,rf_starter_descriptors,1.0,2.3,2.129200000000002
18576,rf_starter_descriptors,1.0,1.16,0.9836000000000006
18580,rf_starter_descriptors,1.0,0.78,1.0616000000000008
18581,rf_starter_descriptors,1.0,2.3,2.1054000000000017
18589,rf_starter_descriptors,1.0,2.44,2.5502
18603,rf_starter_descriptors,1.0,2.64,2.7870000000000017
18611,rf_starter_descriptors,1.0,1.08,1.1387999999999991
18616,rf_starter_descriptors,1.0,1.42,1.3594
18630,rf_starter_descriptors,1.0,1.64,1.6492000000000004
18639,rf_starter_descriptors,1.0,1.3,0.9378
18642,rf_starter_descriptors,1.0,0.72,1.6170000000000002
18658,rf_starter_descriptors,1.0,2.08,1.905399999999999
18665,rf_starter_descriptors,1.0,1.48,0.6253999999999998
18691,rf_starter_descriptors,1.0,2.26,1.5631999999999997
18693,rf_starter_descriptors,1.0,1.4,1.0200000000000002
18706,rf_starter_descriptors,1.0,1.32,1.6761999999999995
18719,rf_starter_descriptors,1.0,0.94,0.8478000000000008
18732,rf_starter_descriptors,1.0,1.0,1.2808000000000004
18759,rf_starter_descriptors,1.0,1.98,1.697199999999999
18775,rf_starter_descriptors,1.0,3.36,2.350199999999999
18776,rf_starter_descriptors,1.0,2.0,1.8211999999999986
18806,rf_starter_descriptors,1.0,-0.24,1.2012000000000003
18846,rf_starter_descriptors,1.0,1.74,0.9865999999999997
18847,rf_starter_descriptors,1.0,1.52,1.2589999999999986
18851,rf_starter_descriptors,1.0,1.06,1.3411999999999995
18862,rf_starter_descriptors,1.0,0.68,1.0332000000000001
18870,rf_starter_descriptors,1.0,2.78,2.4335999999999998
18891,rf_starter_descriptors,1.0,0.9,2.411
18899,rf_starter_descriptors,1.0,1.82,1.4544
26,dummy_mean,0.25,1.18,1.467685381355932
27,dummy_mean,0.25,1.24,1.467685381355932
40,dummy_mean,0.25,1.16,1.467685381355932
45,dummy_mean,0.25,0.6,1.467685381355932
69,dummy_mean,0.25,3.34,1.467685381355932
72,dummy_mean,0.25,0.82,1.467685381355932
103,dummy_mean,0.25,0.42,1.467685381355932
115,dummy_mean,0.25,1.04,1.467685381355932
134,dummy_mean,0.25,0.56,1.467685381355932
136,dummy_mean,0.25,1.5,1.467685381355932
137,dummy_mean,0.25,1.6,1.467685381355932
155,dummy_mean,0.25,1.28,1.467685381355932
158,dummy_mean,0.25,2.48,1.467685381355932
169,dummy_mean,0.25,-0.04,1.467685381355932
171,dummy_mean,0.25,0.72,1.467685381355932
179,dummy_mean,0.25,3.44,1.467685381355932
183,dummy_mean,0.25,2.02,1.467685381355932
188,dummy_mean,0.25,2.54,1.467685381355932
199,dummy_mean,0.25,1.48,1.467685381355932
206,dummy_mean,0.25,1.1,1.467685381355932
211,dummy_mean,0.25,2.1,1.467685381355932
212,dummy_mean,0.25,1.46,1.467685381355932
220,dummy_mean,0.25,0.92,1.467685381355932
221,dummy_mean,0.25,0.58,1.467685381355932
224,dummy_mean,0.25,0.64,1.467685381355932
228,dummy_mean,0.25,0.82,1.467685381355932
249,dummy_mean,0.25,1.74,1.467685381355932
255,dummy_mean,0.25,2.14,1.467685381355932
258,dummy_mean,0.25,1.2,1.467685381355932
266,dummy_mean,0.25,1.04,1.467685381355932
301,dummy_mean,0.25,0.86,1.467685381355932
305,dummy_mean,0.25,0.8,1.467685381355932
322,dummy_mean,0.25,1.62,1.467685381355932
324,dummy_mean,0.25,1.16,1.467685381355932
337,dummy_mean,0.25,0.78,1.467685381355932
338,dummy_mean,0.25,1.72,1.467685381355932
345,dummy_mean,0.25,1.22,1.467685381355932
362,dummy_mean,0.25,0.38,1.467685381355932
364,dummy_mean,0.25,1.54,1.467685381355932
366,dummy_mean,0.25,0.5,1.467685381355932
372,dummy_mean,0.25,1.48,1.467685381355932
374,dummy_mean,0.25,1.28,1.467685381355932
376,dummy_mean,0.25,1.9,1.467685381355932
380,dummy_mean,0.25,2.28,1.467685381355932
387,dummy_mean,0.25,2.02,1.467685381355932
393,dummy_mean,0.25,1.12,1.467685381355932
417,dummy_mean,0.25,1.5,1.467685381355932
418,dummy_mean,0.25,1.26,1.467685381355932
433,dummy_mean,0.25,2.32,1.467685381355932
438,dummy_mean,0.25,1.3,1.467685381355932
442,dummy_mean,0.25,1.9,1.467685381355932
451,dummy_mean,0.25,2.44,1.467685381355932
455,dummy_mean,0.25,2.9,1.467685381355932
458,dummy_mean,0.25,1.22,1.467685381355932
466,dummy_mean,0.25,1.66,1.467685381355932
470,dummy_mean,0.25,0.84,1.467685381355932
472,dummy_mean,0.25,0.84,1.467685381355932
476,dummy_mean,0.25,0.72,1.467685381355932
505,dummy_mean,0.25,1.26,1.467685381355932
511,dummy_mean,0.25,1.24,1.467685381355932
512,dummy_mean,0.25,-0.2,1.467685381355932
515,dummy_mean,0.25,0.32,1.467685381355932
521,dummy_mean,0.25,1.3,1.467685381355932
532,dummy_mean,0.25,1.78,1.467685381355932
559,dummy_mean,0.25,2.6,1.467685381355932
564,dummy_mean,0.25,1.26,1.467685381355932
578,dummy_mean,0.25,1.28,1.467685381355932
583,dummy_mean,0.25,0.88,1.467685381355932
591,dummy_mean,0.25,0.4,1.467685381355932
595,dummy_mean,0.25,1.66,1.467685381355932
598,dummy_mean,0.25,2.08,1.467685381355932
614,dummy_mean,0.25,2.66,1.467685381355932
616,dummy_mean,0.25,-0.06,1.467685381355932
626,dummy_mean,0.25,1.52,1.467685381355932
649,dummy_mean,0.25,0.68,1.467685381355932
668,dummy_mean,0.25,1.28,1.467685381355932
675,dummy_mean,0.25,3.02,1.467685381355932
678,dummy_mean,0.25,0.9,1.467685381355932
688,dummy_mean,0.25,0.76,1.467685381355932
730,dummy_mean,0.25,1.68,1.467685381355932
732,dummy_mean,0.25,0.4,1.467685381355932
734,dummy_mean,0.25,1.32,1.467685381355932
735,dummy_mean,0.25,0.8,1.467685381355932
743,dummy_mean,0.25,1.64,1.467685381355932
766,dummy_mean,0.25,1.88,1.467685381355932
767,dummy_mean,0.25,1.58,1.467685381355932
778,dummy_mean,0.25,1.04,1.467685381355932
787,dummy_mean,0.25,3.56,1.467685381355932
788,dummy_mean,0.25,3.04,1.467685381355932
790,dummy_mean,0.25,2.16,1.467685381355932
816,dummy_mean,0.25,1.06,1.467685381355932
817,dummy_mean,0.25,0.56,1.467685381355932
818,dummy_mean,0.25,1.08,1.467685381355932
849,dummy_mean,0.25,1.38,1.467685381355932
863,dummy_mean,0.25,1.58,1.467685381355932
868,dummy_mean,0.25,1.2,1.467685381355932
872,dummy_mean,0.25,0.8,1.467685381355932
891,dummy_mean,0.25,1.02,1.467685381355932
894,dummy_mean,0.25,1.58,1.467685381355932
905,dummy_mean,0.25,1.48,1.467685381355932
913,dummy_mean,0.25,1.18,1.467685381355932
921,dummy_mean,0.25,1.9,1.467685381355932
922,dummy_mean,0.25,2.58,1.467685381355932
940,dummy_mean,0.25,0.72,1.467685381355932
950,dummy_mean,0.25,1.0,1.467685381355932
955,dummy_mean,0.25,1.32,1.467685381355932
995,dummy_mean,0.25,0.68,1.467685381355932
1004,dummy_mean,0.25,0.72,1.467685381355932
1010,dummy_mean,0.25,2.3,1.467685381355932
1011,dummy_mean,0.25,3.42,1.467685381355932
1012,dummy_mean,0.25,1.02,1.467685381355932
1018,dummy_mean,0.25,1.52,1.467685381355932
1058,dummy_mean,0.25,1.2,1.467685381355932
1059,dummy_mean,0.25,0.96,1.467685381355932
1061,dummy_mean,0.25,0.7,1.467685381355932
1065,dummy_mean,0.25,1.46,1.467685381355932
1069,dummy_mean,0.25,0.74,1.467685381355932
1074,dummy_mean,0.25,1.42,1.467685381355932
1098,dummy_mean,0.25,0.8,1.467685381355932
1114,dummy_mean,0.25,1.02,1.467685381355932
1116,dummy_mean,0.25,1.58,1.467685381355932
1122,dummy_mean,0.25,0.48,1.467685381355932
1125,dummy_mean,0.25,0.56,1.467685381355932
1133,dummy_mean,0.25,0.64,1.467685381355932
1137,dummy_mean,0.25,1.26,1.467685381355932
1151,dummy_mean,0.25,1.44,1.467685381355932
1153,dummy_mean,0.25,0.72,1.467685381355932
1159,dummy_mean,0.25,1.86,1.467685381355932
1161,dummy_mean,0.25,1.28,1.467685381355932
1176,dummy_mean,0.25,1.6,1.467685381355932
1177,dummy_mean,0.25,0.46,1.467685381355932
1185,dummy_mean,0.25,2.14,1.467685381355932
1203,dummy_mean,0.25,1.18,1.467685381355932
1207,dummy_mean,0.25,0.46,1.467685381355932
1223,dummy_mean,0.25,2.22,1.467685381355932
1235,dummy_mean,0.25,1.6,1.467685381355932
1252,dummy_mean,0.25,1.84,1.467685381355932
1268,dummy_mean,0.25,1.34,1.467685381355932
1270,dummy_mean,0.25,1.5,1.467685381355932
1283,dummy_mean,0.25,2.4,1.467685381355932
1296,dummy_mean,0.25,1.86,1.467685381355932
1297,dummy_mean,0.25,1.48,1.467685381355932
1309,dummy_mean,0.25,1.84,1.467685381355932
1324,dummy_mean,0.25,1.22,1.467685381355932
1335,dummy_mean,0.25,1.76,1.467685381355932
1343,dummy_mean,0.25,2.02,1.467685381355932
1365,dummy_mean,0.25,2.2,1.467685381355932
1373,dummy_mean,0.25,0.64,1.467685381355932
1378,dummy_mean,0.25,2.1,1.467685381355932
1381,dummy_mean,0.25,1.9,1.467685381355932
1382,dummy_mean,0.25,2.36,1.467685381355932
1391,dummy_mean,0.25,1.92,1.467685381355932
1406,dummy_mean,0.25,1.58,1.467685381355932
1419,dummy_mean,0.25,1.4,1.467685381355932
1432,dummy_mean,0.25,0.98,1.467685381355932
1433,dummy_mean,0.25,1.36,1.467685381355932
1436,dummy_mean,0.25,2.5,1.467685381355932
1452,dummy_mean,0.25,0.84,1.467685381355932
1473,dummy_mean,0.25,1.0,1.467685381355932
1479,dummy_mean,0.25,1.1,1.467685381355932
1488,dummy_mean,0.25,1.04,1.467685381355932
1492,dummy_mean,0.25,1.14,1.467685381355932
1499,dummy_mean,0.25,2.24,1.467685381355932
1500,dummy_mean,0.25,2.02,1.467685381355932
1525,dummy_mean,0.25,1.24,1.467685381355932
1534,dummy_mean,0.25,1.4,1.467685381355932
1548,dummy_mean,0.25,1.12,1.467685381355932
1555,dummy_mean,0.25,1.3,1.467685381355932
1565,dummy_mean,0.25,1.34,1.467685381355932
1599,dummy_mean,0.25,1.02,1.467685381355932
1604,dummy_mean,0.25,0.26,1.467685381355932
1612,dummy_mean,0.25,2.44,1.467685381355932
1630,dummy_mean,0.25,0.58,1.467685381355932
1631,dummy_mean,0.25,1.36,1.467685381355932
1635,dummy_mean,0.25,0.38,1.467685381355932
1637,dummy_mean,0.25,1.38,1.467685381355932
1659,dummy_mean,0.25,1.34,1.467685381355932
1664,dummy_mean,0.25,2.8,1.467685381355932
1673,dummy_mean,0.25,0.4,1.467685381355932
1676,dummy_mean,0.25,1.0,1.467685381355932
1678,dummy_mean,0.25,0.96,1.467685381355932
1689,dummy_mean,0.25,1.46,1.467685381355932
1709,dummy_mean,0.25,0.6,1.467685381355932
1716,dummy_mean,0.25,2.34,1.467685381355932
1720,dummy_mean,0.25,1.68,1.467685381355932
1744,dummy_mean,0.25,2.12,1.467685381355932
1746,dummy_mean,0.25,1.7,1.467685381355932
1760,dummy_mean,0.25,2.98,1.467685381355932
1763,dummy_mean,0.25,0.88,1.467685381355932
1770,dummy_mean,0.25,0.96,1.467685381355932
1773,dummy_mean,0.25,1.94,1.467685381355932
1806,dummy_mean,0.25,0.94,1.467685381355932
1811,dummy_mean,0.25,0.98,1.467685381355932
1815,dummy_mean,0.25,2.02,1.467685381355932
1825,dummy_mean,0.25,1.4,1.467685381355932
1831,dummy_mean,0.25,0.72,1.467685381355932
1842,dummy_mean,0.25,0.94,1.467685381355932
1844,dummy_mean,0.25,1.02,1.467685381355932
1849,dummy_mean,0.25,1.24,1.467685381355932
1852,dummy_mean,0.25,0.36,1.467685381355932
1881,dummy_mean,0.25,2.1,1.467685381355932
1882,dummy_mean,0.25,1.8,1.467685381355932
1907,dummy_mean,0.25,1.22,1.467685381355932
1912,dummy_mean,0.25,1.26,1.467685381355932
1924,dummy_mean,0.25,2.0,1.467685381355932
1925,dummy_mean,0.25,3.26,1.467685381355932
1929,dummy_mean,0.25,0.5,1.467685381355932
1944,dummy_mean,0.25,0.62,1.467685381355932
1956,dummy_mean,0.25,1.36,1.467685381355932
1967,dummy_mean,0.25,1.1,1.467685381355932
1977,dummy_mean,0.25,1.76,1.467685381355932
1983,dummy_mean,0.25,1.16,1.467685381355932
1993,dummy_mean,0.25,1.76,1.467685381355932
1999,dummy_mean,0.25,1.22,1.467685381355932
2007,dummy_mean,0.25,-0.26,1.467685381355932
2009,dummy_mean,0.25,1.1,1.467685381355932
2045,dummy_mean,0.25,0.96,1.467685381355932
2072,dummy_mean,0.25,1.32,1.467685381355932
2077,dummy_mean,0.25,0.76,1.467685381355932
2090,dummy_mean,0.25,0.66,1.467685381355932
2120,dummy_mean,0.25,0.72,1.467685381355932
2131,dummy_mean,0.25,0.18,1.467685381355932
2134,dummy_mean,0.25,3.18,1.467685381355932
2145,dummy_mean,0.25,1.6,1.467685381355932
2153,dummy_mean,0.25,2.0,1.467685381355932
2161,dummy_mean,0.25,3.44,1.467685381355932
2166,dummy_mean,0.25,1.46,1.467685381355932
2167,dummy_mean,0.25,2.98,1.467685381355932
2197,dummy_mean,0.25,3.1,1.467685381355932
2229,dummy_mean,0.25,1.0,1.467685381355932
2235,dummy_mean,0.25,0.78,1.467685381355932
2237,dummy_mean,0.25,2.22,1.467685381355932
2254,dummy_mean,0.25,1.24,1.467685381355932
2262,dummy_mean,0.25,1.22,1.467685381355932
2298,dummy_mean,0.25,1.52,1.467685381355932
2301,dummy_mean,0.25,4.0,1.467685381355932
2305,dummy_mean,0.25,2.84,1.467685381355932
2310,dummy_mean,0.25,0.24,1.467685381355932
2322,dummy_mean,0.25,1.22,1.467685381355932
2335,dummy_mean,0.25,1.68,1.467685381355932
2345,dummy_mean,0.25,0.84,1.467685381355932
2349,dummy_mean,0.25,0.62,1.467685381355932
2357,dummy_mean,0.25,0.94,1.467685381355932
2360,dummy_mean,0.25,1.82,1.467685381355932
2363,dummy_mean,0.25,1.2,1.467685381355932
2380,dummy_mean,0.25,2.3,1.467685381355932
2385,dummy_mean,0.25,1.78,1.467685381355932
2386,dummy_mean,0.25,1.12,1.467685381355932
2396,dummy_mean,0.25,0.94,1.467685381355932
2397,dummy_mean,0.25,1.1,1.467685381355932
2408,dummy_mean,0.25,1.26,1.467685381355932
2412,dummy_mean,0.25,0.78,1.467685381355932
2414,dummy_mean,0.25,0.76,1.467685381355932
2424,dummy_mean,0.25,1.3,1.467685381355932
2453,dummy_mean,0.25,3.1,1.467685381355932
2485,dummy_mean,0.25,2.82,1.467685381355932
2509,dummy_mean,0.25,0.7,1.467685381355932
2527,dummy_mean,0.25,1.28,1.467685381355932
2554,dummy_mean,0.25,3.26,1.467685381355932
2569,dummy_mean,0.25,0.96,1.467685381355932
2590,dummy_mean,0.25,1.08,1.467685381355932
2623,dummy_mean,0.25,2.0,1.467685381355932
2630,dummy_mean,0.25,1.0,1.467685381355932
2632,dummy_mean,0.25,2.36,1.467685381355932
2635,dummy_mean,0.25,2.18,1.467685381355932
2647,dummy_mean,0.25,1.0,1.467685381355932
2657,dummy_mean,0.25,2.44,1.467685381355932
2665,dummy_mean,0.25,0.76,1.467685381355932
2690,dummy_mean,0.25,1.96,1.467685381355932
2705,dummy_mean,0.25,0.6,1.467685381355932
2715,dummy_mean,0.25,2.16,1.467685381355932
2747,dummy_mean,0.25,1.34,1.467685381355932
2752,dummy_mean,0.25,1.44,1.467685381355932
2764,dummy_mean,0.25,0.88,1.467685381355932
2767,dummy_mean,0.25,1.68,1.467685381355932
2777,dummy_mean,0.25,1.94,1.467685381355932
2782,dummy_mean,0.25,1.24,1.467685381355932
2792,dummy_mean,0.25,2.1,1.467685381355932
2799,dummy_mean,0.25,1.16,1.467685381355932
2800,dummy_mean,0.25,2.26,1.467685381355932
2809,dummy_mean,0.25,1.64,1.467685381355932
2812,dummy_mean,0.25,-0.58,1.467685381355932
2826,dummy_mean,0.25,1.3,1.467685381355932
2836,dummy_mean,0.25,2.6,1.467685381355932
2837,dummy_mean,0.25,1.1,1.467685381355932
2843,dummy_mean,0.25,1.88,1.467685381355932
2849,dummy_mean,0.25,1.2,1.467685381355932
2854,dummy_mean,0.25,1.88,1.467685381355932
2856,dummy_mean,0.25,1.4,1.467685381355932
2864,dummy_mean,0.25,1.82,1.467685381355932
2872,dummy_mean,0.25,-0.06,1.467685381355932
2881,dummy_mean,0.25,1.26,1.467685381355932
2882,dummy_mean,0.25,1.08,1.467685381355932
2886,dummy_mean,0.25,0.94,1.467685381355932
2887,dummy_mean,0.25,1.94,1.467685381355932
2912,dummy_mean,0.25,0.6,1.467685381355932
2916,dummy_mean,0.25,1.56,1.467685381355932
2928,dummy_mean,0.25,1.46,1.467685381355932
2935,dummy_mean,0.25,1.48,1.467685381355932
2957,dummy_mean,0.25,1.06,1.467685381355932
2972,dummy_mean,0.25,0.1,1.467685381355932
2975,dummy_mean,0.25,0.56,1.467685381355932
2976,dummy_mean,0.25,1.06,1.467685381355932
2993,dummy_mean,0.25,1.58,1.467685381355932
2997,dummy_mean,0.25,0.5,1.467685381355932
3002,dummy_mean,0.25,2.16,1.467685381355932
3012,dummy_mean,0.25,0.9,1.467685381355932
3025,dummy_mean,0.25,2.42,1.467685381355932
3037,dummy_mean,0.25,1.48,1.467685381355932
3048,dummy_mean,0.25,0.48,1.467685381355932
3050,dummy_mean,0.25,1.32,1.467685381355932
3063,dummy_mean,0.25,1.28,1.467685381355932
3106,dummy_mean,0.25,0.42,1.467685381355932
3115,dummy_mean,0.25,1.6,1.467685381355932
3127,dummy_mean,0.25,1.04,1.467685381355932
3129,dummy_mean,0.25,2.04,1.467685381355932
3130,dummy_mean,0.25,2.76,1.467685381355932
3141,dummy_mean,0.25,0.74,1.467685381355932
3143,dummy_mean,0.25,1.82,1.467685381355932
3186,dummy_mean,0.25,1.62,1.467685381355932
3207,dummy_mean,0.25,1.38,1.467685381355932
3238,dummy_mean,0.25,1.54,1.467685381355932
3240,dummy_mean,0.25,1.08,1.467685381355932
3253,dummy_mean,0.25,1.56,1.467685381355932
3255,dummy_mean,0.25,0.2,1.467685381355932
3272,dummy_mean,0.25,2.32,1.467685381355932
3286,dummy_mean,0.25,0.7,1.467685381355932
3293,dummy_mean,0.25,1.5,1.467685381355932
3296,dummy_mean,0.25,1.52,1.467685381355932
3309,dummy_mean,0.25,0.64,1.467685381355932
3310,dummy_mean,0.25,0.94,1.467685381355932
3314,dummy_mean,0.25,1.4,1.467685381355932
3342,dummy_mean,0.25,0.78,1.467685381355932
3356,dummy_mean,0.25,0.76,1.467685381355932
3359,dummy_mean,0.25,0.5,1.467685381355932
3360,dummy_mean,0.25,1.26,1.467685381355932
3362,dummy_mean,0.25,0.92,1.467685381355932
3374,dummy_mean,0.25,0.84,1.467685381355932
3389,dummy_mean,0.25,1.28,1.467685381355932
3390,dummy_mean,0.25,0.82,1.467685381355932
3400,dummy_mean,0.25,1.18,1.467685381355932
3402,dummy_mean,0.25,0.96,1.467685381355932
3407,dummy_mean,0.25,1.04,1.467685381355932
3423,dummy_mean,0.25,1.32,1.467685381355932
3430,dummy_mean,0.25,3.12,1.467685381355932
3434,dummy_mean,0.25,1.52,1.467685381355932
3465,dummy_mean,0.25,1.8,1.467685381355932
3498,dummy_mean,0.25,1.08,1.467685381355932
3532,dummy_mean,0.25,1.06,1.467685381355932
3557,dummy_mean,0.25,0.6,1.467685381355932
3558,dummy_mean,0.25,0.78,1.467685381355932
3569,dummy_mean,0.25,1.42,1.467685381355932
3570,dummy_mean,0.25,2.66,1.467685381355932
3582,dummy_mean,0.25,1.68,1.467685381355932
3584,dummy_mean,0.25,1.16,1.467685381355932
3585,dummy_mean,0.25,2.34,1.467685381355932
3627,dummy_mean,0.25,1.34,1.467685381355932
3647,dummy_mean,0.25,2.0,1.467685381355932
3653,dummy_mean,0.25,0.66,1.467685381355932
3662,dummy_mean,0.25,3.2,1.467685381355932
3671,dummy_mean,0.25,1.22,1.467685381355932
3684,dummy_mean,0.25,0.36,1.467685381355932
3685,dummy_mean,0.25,1.54,1.467685381355932
3686,dummy_mean,0.25,1.16,1.467685381355932
3687,dummy_mean,0.25,2.08,1.467685381355932
3688,dummy_mean,0.25,1.38,1.467685381355932
3689,dummy_mean,0.25,1.7,1.467685381355932
3691,dummy_mean,0.25,0.7,1.467685381355932
3696,dummy_mean,0.25,1.58,1.467685381355932
3714,dummy_mean,0.25,3.48,1.467685381355932
3717,dummy_mean,0.25,2.54,1.467685381355932
3721,dummy_mean,0.25,1.94,1.467685381355932
3725,dummy_mean,0.25,2.88,1.467685381355932
3734,dummy_mean,0.25,1.22,1.467685381355932
3741,dummy_mean,0.25,1.48,1.467685381355932
3742,dummy_mean,0.25,2.3,1.467685381355932
3750,dummy_mean,0.25,2.88,1.467685381355932
3756,dummy_mean,0.25,2.14,1.467685381355932
3768,dummy_mean,0.25,1.14,1.467685381355932
3770,dummy_mean,0.25,0.74,1.467685381355932
3800,dummy_mean,0.25,0.82,1.467685381355932
3822,dummy_mean,0.25,2.2,1.467685381355932
3823,dummy_mean,0.25,1.7,1.467685381355932
3837,dummy_mean,0.25,0.78,1.467685381355932
3839,dummy_mean,0.25,0.94,1.467685381355932
3856,dummy_mean,0.25,1.34,1.467685381355932
3865,dummy_mean,0.25,1.94,1.467685381355932
3892,dummy_mean,0.25,1.12,1.467685381355932
3904,dummy_mean,0.25,1.2,1.467685381355932
3914,dummy_mean,0.25,0.48,1.467685381355932
3923,dummy_mean,0.25,2.4,1.467685381355932
3927,dummy_mean,0.25,1.3,1.467685381355932
3948,dummy_mean,0.25,1.78,1.467685381355932
3961,dummy_mean,0.25,-0.1,1.467685381355932
3962,dummy_mean,0.25,1.72,1.467685381355932
3984,dummy_mean,0.25,1.2,1.467685381355932
3995,dummy_mean,0.25,1.36,1.467685381355932
4000,dummy_mean,0.25,1.2,1.467685381355932
4005,dummy_mean,0.25,1.62,1.467685381355932
4021,dummy_mean,0.25,1.32,1.467685381355932
4043,dummy_mean,0.25,2.9,1.467685381355932
4044,dummy_mean,0.25,0.8,1.467685381355932
4050,dummy_mean,0.25,2.0,1.467685381355932
4057,dummy_mean,0.25,1.52,1.467685381355932
4073,dummy_mean,0.25,1.98,1.467685381355932
4074,dummy_mean,0.25,0.6,1.467685381355932
4075,dummy_mean,0.25,1.62,1.467685381355932
4083,dummy_mean,0.25,0.98,1.467685381355932
4106,dummy_mean,0.25,1.44,1.467685381355932
4135,dummy_mean,0.25,1.04,1.467685381355932
4144,dummy_mean,0.25,0.98,1.467685381355932
4202,dummy_mean,0.25,1.22,1.467685381355932
4211,dummy_mean,0.25,1.18,1.467685381355932
4221,dummy_mean,0.25,0.94,1.467685381355932
4227,dummy_mean,0.25,3.98,1.467685381355932
4238,dummy_mean,0.25,1.04,1.467685381355932
4244,dummy_mean,0.25,0.24,1.467685381355932
4255,dummy_mean,0.25,1.16,1.467685381355932
4256,dummy_mean,0.25,1.64,1.467685381355932
4257,dummy_mean,0.25,1.34,1.467685381355932
4277,dummy_mean,0.25,2.26,1.467685381355932
4281,dummy_mean,0.25,2.34,1.467685381355932
4284,dummy_mean,0.25,0.7,1.467685381355932
4289,dummy_mean,0.25,3.66,1.467685381355932
4346,dummy_mean,0.25,2.1,1.467685381355932
4349,dummy_mean,0.25,1.4,1.467685381355932
4352,dummy_mean,0.25,1.8,1.467685381355932
4376,dummy_mean,0.25,2.62,1.467685381355932
4412,dummy_mean,0.25,0.18,1.467685381355932
4429,dummy_mean,0.25,2.0,1.467685381355932
4438,dummy_mean,0.25,3.22,1.467685381355932
4440,dummy_mean,0.25,1.18,1.467685381355932
4444,dummy_mean,0.25,1.42,1.467685381355932
4445,dummy_mean,0.25,0.48,1.467685381355932
4458,dummy_mean,0.25,1.36,1.467685381355932
4467,dummy_mean,0.25,3.02,1.467685381355932
4472,dummy_mean,0.25,2.24,1.467685381355932
4482,dummy_mean,0.25,1.1,1.467685381355932
4491,dummy_mean,0.25,1.02,1.467685381355932
4504,dummy_mean,0.25,1.62,1.467685381355932
4512,dummy_mean,0.25,1.34,1.467685381355932
4520,dummy_mean,0.25,1.52,1.467685381355932
4522,dummy_mean,0.25,1.38,1.467685381355932
4526,dummy_mean,0.25,1.84,1.467685381355932
4535,dummy_mean,0.25,0.74,1.467685381355932
4545,dummy_mean,0.25,0.8,1.467685381355932
4547,dummy_mean,0.25,0.44,1.467685381355932
4551,dummy_mean,0.25,1.32,1.467685381355932
4555,dummy_mean,0.25,0.94,1.467685381355932
4569,dummy_mean,0.25,1.64,1.467685381355932
4573,dummy_mean,0.25,1.04,1.467685381355932
4574,dummy_mean,0.25,0.38,1.467685381355932
4581,dummy_mean,0.25,1.96,1.467685381355932
4615,dummy_mean,0.25,2.3,1.467685381355932
4631,dummy_mean,0.25,1.74,1.467685381355932
4632,dummy_mean,0.25,0.84,1.467685381355932
4642,dummy_mean,0.25,0.84,1.467685381355932
4671,dummy_mean,0.25,1.02,1.467685381355932
4673,dummy_mean,0.25,4.34,1.467685381355932
4676,dummy_mean,0.25,0.68,1.467685381355932
4677,dummy_mean,0.25,1.42,1.467685381355932
4684,dummy_mean,0.25,1.08,1.467685381355932
4720,dummy_mean,0.25,3.54,1.467685381355932
4724,dummy_mean,0.25,1.8,1.467685381355932
4730,dummy_mean,0.25,1.54,1.467685381355932
4744,dummy_mean,0.25,1.96,1.467685381355932
4753,dummy_mean,0.25,1.2,1.467685381355932
4754,dummy_mean,0.25,1.36,1.467685381355932
4769,dummy_mean,0.25,1.42,1.467685381355932
4781,dummy_mean,0.25,0.86,1.467685381355932
4795,dummy_mean,0.25,1.06,1.467685381355932
4802,dummy_mean,0.25,1.56,1.467685381355932
4806,dummy_mean,0.25,1.52,1.467685381355932
4812,dummy_mean,0.25,0.6,1.467685381355932
4814,dummy_mean,0.25,1.66,1.467685381355932
4828,dummy_mean,0.25,1.78,1.467685381355932
4830,dummy_mean,0.25,2.1,1.467685381355932
4873,dummy_mean,0.25,2.58,1.467685381355932
4877,dummy_mean,0.25,2.32,1.467685381355932
4894,dummy_mean,0.25,1.18,1.467685381355932
4899,dummy_mean,0.25,1.08,1.467685381355932
4901,dummy_mean,0.25,0.96,1.467685381355932
4903,dummy_mean,0.25,1.58,1.467685381355932
4908,dummy_mean,0.25,1.02,1.467685381355932
4919,dummy_mean,0.25,3.86,1.467685381355932
4932,dummy_mean,0.25,2.0,1.467685381355932
4937,dummy_mean,0.25,1.7,1.467685381355932
4941,dummy_mean,0.25,1.68,1.467685381355932
4945,dummy_mean,0.25,3.12,1.467685381355932
4947,dummy_mean,0.25,1.24,1.467685381355932
4965,dummy_mean,0.25,1.22,1.467685381355932
4982,dummy_mean,0.25,0.58,1.467685381355932
4983,dummy_mean,0.25,2.7,1.467685381355932
4997,dummy_mean,0.25,1.28,1.467685381355932
5001,dummy_mean,0.25,1.42,1.467685381355932
5010,dummy_mean,0.25,2.52,1.467685381355932
5012,dummy_mean,0.25,1.58,1.467685381355932
5025,dummy_mean,0.25,1.04,1.467685381355932
5041,dummy_mean,0.25,1.8,1.467685381355932
5043,dummy_mean,0.25,1.08,1.467685381355932
5057,dummy_mean,0.25,1.44,1.467685381355932
5058,dummy_mean,0.25,0.7,1.467685381355932
5064,dummy_mean,0.25,1.28,1.467685381355932
5096,dummy_mean,0.25,4.36,1.467685381355932
5097,dummy_mean,0.25,2.5,1.467685381355932
5101,dummy_mean,0.25,3.74,1.467685381355932
5108,dummy_mean,0.25,1.22,1.467685381355932
5152,dummy_mean,0.25,2.76,1.467685381355932
5156,dummy_mean,0.25,1.4,1.467685381355932
5167,dummy_mean,0.25,0.56,1.467685381355932
5176,dummy_mean,0.25,1.46,1.467685381355932
5182,dummy_mean,0.25,2.68,1.467685381355932
5184,dummy_mean,0.25,1.18,1.467685381355932
5197,dummy_mean,0.25,1.74,1.467685381355932
5208,dummy_mean,0.25,1.14,1.467685381355932
5213,dummy_mean,0.25,2.1,1.467685381355932
5216,dummy_mean,0.25,2.08,1.467685381355932
5218,dummy_mean,0.25,0.62,1.467685381355932
5219,dummy_mean,0.25,2.18,1.467685381355932
5258,dummy_mean,0.25,0.86,1.467685381355932
5268,dummy_mean,0.25,1.58,1.467685381355932
5275,dummy_mean,0.25,0.46,1.467685381355932
5279,dummy_mean,0.25,2.48,1.467685381355932
5282,dummy_mean,0.25,2.06,1.467685381355932
5288,dummy_mean,0.25,2.68,1.467685381355932
5295,dummy_mean,0.25,1.04,1.467685381355932
5298,dummy_mean,0.25,1.5,1.467685381355932
5331,dummy_mean,0.25,1.56,1.467685381355932
5335,dummy_mean,0.25,0.62,1.467685381355932
5339,dummy_mean,0.25,2.64,1.467685381355932
5348,dummy_mean,0.25,1.68,1.467685381355932
5350,dummy_mean,0.25,0.42,1.467685381355932
5356,dummy_mean,0.25,1.84,1.467685381355932
5372,dummy_mean,0.25,2.42,1.467685381355932
5389,dummy_mean,0.25,0.96,1.467685381355932
5393,dummy_mean,0.25,3.0,1.467685381355932
5403,dummy_mean,0.25,1.9,1.467685381355932
5409,dummy_mean,0.25,0.66,1.467685381355932
5412,dummy_mean,0.25,0.72,1.467685381355932
5415,dummy_mean,0.25,2.38,1.467685381355932
5455,dummy_mean,0.25,1.04,1.467685381355932
5481,dummy_mean,0.25,1.56,1.467685381355932
5491,dummy_mean,0.25,1.12,1.467685381355932
5492,dummy_mean,0.25,1.88,1.467685381355932
5493,dummy_mean,0.25,1.46,1.467685381355932
5497,dummy_mean,0.25,0.9,1.467685381355932
5503,dummy_mean,0.25,1.48,1.467685381355932
5509,dummy_mean,0.25,1.22,1.467685381355932
5512,dummy_mean,0.25,1.18,1.467685381355932
5514,dummy_mean,0.25,1.48,1.467685381355932
5535,dummy_mean,0.25,1.34,1.467685381355932
5574,dummy_mean,0.25,1.62,1.467685381355932
5599,dummy_mean,0.25,1.32,1.467685381355932
5602,dummy_mean,0.25,0.68,1.467685381355932
5616,dummy_mean,0.25,1.02,1.467685381355932
5617,dummy_mean,0.25,0.92,1.467685381355932
5635,dummy_mean,0.25,1.08,1.467685381355932
5669,dummy_mean,0.25,2.6,1.467685381355932
5680,dummy_mean,0.25,0.34,1.467685381355932
5688,dummy_mean,0.25,1.4,1.467685381355932
5706,dummy_mean,0.25,0.74,1.467685381355932
5727,dummy_mean,0.25,0.3,1.467685381355932
5729,dummy_mean,0.25,1.08,1.467685381355932
5748,dummy_mean,0.25,1.12,1.467685381355932
5757,dummy_mean,0.25,1.38,1.467685381355932
5769,dummy_mean,0.25,0.94,1.467685381355932
5822,dummy_mean,0.25,1.02,1.467685381355932
5839,dummy_mean,0.25,0.88,1.467685381355932
5842,dummy_mean,0.25,2.62,1.467685381355932
5857,dummy_mean,0.25,1.44,1.467685381355932
5868,dummy_mean,0.25,2.3,1.467685381355932
5883,dummy_mean,0.25,1.5,1.467685381355932
5905,dummy_mean,0.25,1.3,1.467685381355932
5906,dummy_mean,0.25,3.06,1.467685381355932
5909,dummy_mean,0.25,1.16,1.467685381355932
5910,dummy_mean,0.25,0.3,1.467685381355932
5930,dummy_mean,0.25,2.4,1.467685381355932
5939,dummy_mean,0.25,1.06,1.467685381355932
5950,dummy_mean,0.25,0.4,1.467685381355932
5960,dummy_mean,0.25,0.32,1.467685381355932
5996,dummy_mean,0.25,0.5,1.467685381355932
6002,dummy_mean,0.25,0.68,1.467685381355932
6009,dummy_mean,0.25,1.72,1.467685381355932
6015,dummy_mean,0.25,2.98,1.467685381355932
6021,dummy_mean,0.25,0.68,1.467685381355932
6052,dummy_mean,0.25,1.52,1.467685381355932
6056,dummy_mean,0.25,1.8,1.467685381355932
6057,dummy_mean,0.25,2.42,1.467685381355932
6062,dummy_mean,0.25,1.96,1.467685381355932
6065,dummy_mean,0.25,1.42,1.467685381355932
6081,dummy_mean,0.25,1.18,1.467685381355932
6092,dummy_mean,0.25,0.54,1.467685381355932
6103,dummy_mean,0.25,1.46,1.467685381355932
6106,dummy_mean,0.25,1.1,1.467685381355932
6114,dummy_mean,0.25,1.94,1.467685381355932
6121,dummy_mean,0.25,0.86,1.467685381355932
6123,dummy_mean,0.25,1.58,1.467685381355932
6137,dummy_mean,0.25,0.62,1.467685381355932
6142,dummy_mean,0.25,0.68,1.467685381355932
6156,dummy_mean,0.25,0.7,1.467685381355932
6164,dummy_mean,0.25,1.12,1.467685381355932
6167,dummy_mean,0.25,1.5,1.467685381355932
6177,dummy_mean,0.25,2.68,1.467685381355932
6189,dummy_mean,0.25,1.02,1.467685381355932
6192,dummy_mean,0.25,0.54,1.467685381355932
6220,dummy_mean,0.25,1.14,1.467685381355932
6234,dummy_mean,0.25,1.38,1.467685381355932
6268,dummy_mean,0.25,0.82,1.467685381355932
6281,dummy_mean,0.25,0.76,1.467685381355932
6285,dummy_mean,0.25,0.8,1.467685381355932
6293,dummy_mean,0.25,1.36,1.467685381355932
6294,dummy_mean,0.25,0.74,1.467685381355932
6295,dummy_mean,0.25,1.78,1.467685381355932
6314,dummy_mean,0.25,1.12,1.467685381355932
6324,dummy_mean,0.25,2.0,1.467685381355932
6343,dummy_mean,0.25,1.82,1.467685381355932
6352,dummy_mean,0.25,1.08,1.467685381355932
6354,dummy_mean,0.25,2.1,1.467685381355932
6357,dummy_mean,0.25,1.46,1.467685381355932
6358,dummy_mean,0.25,1.08,1.467685381355932
6403,dummy_mean,0.25,1.6,1.467685381355932
6407,dummy_mean,0.25,2.7,1.467685381355932
6415,dummy_mean,0.25,1.76,1.467685381355932
6420,dummy_mean,0.25,1.16,1.467685381355932
6421,dummy_mean,0.25,1.64,1.467685381355932
6432,dummy_mean,0.25,0.8,1.467685381355932
6444,dummy_mean,0.25,0.48,1.467685381355932
6448,dummy_mean,0.25,2.88,1.467685381355932
6451,dummy_mean,0.25,1.3,1.467685381355932
6453,dummy_mean,0.25,1.0,1.467685381355932
6466,dummy_mean,0.25,0.36,1.467685381355932
6471,dummy_mean,0.25,1.44,1.467685381355932
6472,dummy_mean,0.25,0.62,1.467685381355932
6476,dummy_mean,0.25,1.72,1.467685381355932
6480,dummy_mean,0.25,1.38,1.467685381355932
6483,dummy_mean,0.25,1.58,1.467685381355932
6488,dummy_mean,0.25,1.44,1.467685381355932
6493,dummy_mean,0.25,1.98,1.467685381355932
6497,dummy_mean,0.25,1.9,1.467685381355932
6506,dummy_mean,0.25,0.62,1.467685381355932
6508,dummy_mean,0.25,0.78,1.467685381355932
6511,dummy_mean,0.25,0.84,1.467685381355932
6512,dummy_mean,0.25,1.72,1.467685381355932
6514,dummy_mean,0.25,0.62,1.467685381355932
6516,dummy_mean,0.25,2.78,1.467685381355932
6541,dummy_mean,0.25,2.48,1.467685381355932
6586,dummy_mean,0.25,0.56,1.467685381355932
6590,dummy_mean,0.25,0.22,1.467685381355932
6630,dummy_mean,0.25,1.66,1.467685381355932
6631,dummy_mean,0.25,0.88,1.467685381355932
6646,dummy_mean,0.25,0.96,1.467685381355932
6647,dummy_mean,0.25,1.48,1.467685381355932
6665,dummy_mean,0.25,2.22,1.467685381355932
6680,dummy_mean,0.25,1.66,1.467685381355932
6708,dummy_mean,0.25,1.2,1.467685381355932
6734,dummy_mean,0.25,2.22,1.467685381355932
6741,dummy_mean,0.25,1.78,1.467685381355932
6746,dummy_mean,0.25,0.66,1.467685381355932
6750,dummy_mean,0.25,2.52,1.467685381355932
6753,dummy_mean,0.25,1.3,1.467685381355932
6761,dummy_mean,0.25,1.5,1.467685381355932
6769,dummy_mean,0.25,2.16,1.467685381355932
6810,dummy_mean,0.25,2.5,1.467685381355932
6824,dummy_mean,0.25,1.22,1.467685381355932
6826,dummy_mean,0.25,0.38,1.467685381355932
6829,dummy_mean,0.25,1.42,1.467685381355932
6836,dummy_mean,0.25,0.36,1.467685381355932
6842,dummy_mean,0.25,1.88,1.467685381355932
6846,dummy_mean,0.25,0.56,1.467685381355932
6850,dummy_mean,0.25,0.66,1.467685381355932
6871,dummy_mean,0.25,1.94,1.467685381355932
6884,dummy_mean,0.25,0.96,1.467685381355932
6913,dummy_mean,0.25,1.5,1.467685381355932
6925,dummy_mean,0.25,2.38,1.467685381355932
6940,dummy_mean,0.25,3.4,1.467685381355932
6955,dummy_mean,0.25,0.92,1.467685381355932
6975,dummy_mean,0.25,1.38,1.467685381355932
6987,dummy_mean,0.25,1.22,1.467685381355932
7010,dummy_mean,0.25,1.48,1.467685381355932
7017,dummy_mean,0.25,0.92,1.467685381355932
7027,dummy_mean,0.25,0.66,1.467685381355932
7035,dummy_mean,0.25,2.26,1.467685381355932
7058,dummy_mean,0.25,2.1,1.467685381355932
7061,dummy_mean,0.25,0.7,1.467685381355932
7065,dummy_mean,0.25,1.78,1.467685381355932
7067,dummy_mean,0.25,1.16,1.467685381355932
7069,dummy_mean,0.25,2.08,1.467685381355932
7073,dummy_mean,0.25,2.4,1.467685381355932
7074,dummy_mean,0.25,0.76,1.467685381355932
7088,dummy_mean,0.25,0.94,1.467685381355932
7128,dummy_mean,0.25,0.46,1.467685381355932
7166,dummy_mean,0.25,1.14,1.467685381355932
7178,dummy_mean,0.25,1.5,1.467685381355932
7193,dummy_mean,0.25,2.14,1.467685381355932
7194,dummy_mean,0.25,1.44,1.467685381355932
7209,dummy_mean,0.25,2.06,1.467685381355932
7218,dummy_mean,0.25,0.78,1.467685381355932
7221,dummy_mean,0.25,0.0,1.467685381355932
7234,dummy_mean,0.25,1.36,1.467685381355932
7255,dummy_mean,0.25,3.12,1.467685381355932
7256,dummy_mean,0.25,0.46,1.467685381355932
7257,dummy_mean,0.25,0.16,1.467685381355932
7264,dummy_mean,0.25,1.7,1.467685381355932
7265,dummy_mean,0.25,2.1,1.467685381355932
7281,dummy_mean,0.25,1.08,1.467685381355932
7282,dummy_mean,0.25,0.76,1.467685381355932
7285,dummy_mean,0.25,0.84,1.467685381355932
7293,dummy_mean,0.25,1.0,1.467685381355932
7297,dummy_mean,0.25,2.26,1.467685381355932
7303,dummy_mean,0.25,2.3,1.467685381355932
7320,dummy_mean,0.25,0.94,1.467685381355932
7334,dummy_mean,0.25,1.2,1.467685381355932
7342,dummy_mean,0.25,2.34,1.467685381355932
7346,dummy_mean,0.25,2.84,1.467685381355932
7347,dummy_mean,0.25,1.78,1.467685381355932
7349,dummy_mean,0.25,1.4,1.467685381355932
7359,dummy_mean,0.25,1.84,1.467685381355932
7365,dummy_mean,0.25,1.26,1.467685381355932
7375,dummy_mean,0.25,1.96,1.467685381355932
7396,dummy_mean,0.25,1.82,1.467685381355932
7405,dummy_mean,0.25,1.6,1.467685381355932
7410,dummy_mean,0.25,1.76,1.467685381355932
7415,dummy_mean,0.25,-0.24,1.467685381355932
7425,dummy_mean,0.25,0.26,1.467685381355932
7456,dummy_mean,0.25,1.86,1.467685381355932
7458,dummy_mean,0.25,1.38,1.467685381355932
7469,dummy_mean,0.25,1.98,1.467685381355932
7482,dummy_mean,0.25,1.14,1.467685381355932
7500,dummy_mean,0.25,1.36,1.467685381355932
7516,dummy_mean,0.25,1.44,1.467685381355932
7543,dummy_mean,0.25,1.7,1.467685381355932
7547,dummy_mean,0.25,1.52,1.467685381355932
7549,dummy_mean,0.25,1.5,1.467685381355932
7560,dummy_mean,0.25,2.36,1.467685381355932
7570,dummy_mean,0.25,0.34,1.467685381355932
7571,dummy_mean,0.25,1.44,1.467685381355932
7591,dummy_mean,0.25,1.54,1.467685381355932
7598,dummy_mean,0.25,1.0,1.467685381355932
7603,dummy_mean,0.25,1.82,1.467685381355932
7608,dummy_mean,0.25,1.44,1.467685381355932
7617,dummy_mean,0.25,1.18,1.467685381355932
7621,dummy_mean,0.25,1.5,1.467685381355932
7643,dummy_mean,0.25,1.02,1.467685381355932
7652,dummy_mean,0.25,1.48,1.467685381355932
7664,dummy_mean,0.25,1.54,1.467685381355932
7670,dummy_mean,0.25,1.54,1.467685381355932
7679,dummy_mean,0.25,3.62,1.467685381355932
7690,dummy_mean,0.25,1.7,1.467685381355932
7725,dummy_mean,0.25,1.12,1.467685381355932
7728,dummy_mean,0.25,1.34,1.467685381355932
7729,dummy_mean,0.25,1.48,1.467685381355932
7737,dummy_mean,0.25,0.84,1.467685381355932
7745,dummy_mean,0.25,1.5,1.467685381355932
7747,dummy_mean,0.25,1.2,1.467685381355932
7752,dummy_mean,0.25,1.68,1.467685381355932
7773,dummy_mean,0.25,1.26,1.467685381355932
7777,dummy_mean,0.25,1.28,1.467685381355932
7780,dummy_mean,0.25,1.64,1.467685381355932
7791,dummy_mean,0.25,1.58,1.467685381355932
7803,dummy_mean,0.25,1.1,1.467685381355932
7812,dummy_mean,0.25,1.58,1.467685381355932
7828,dummy_mean,0.25,1.84,1.467685381355932
7830,dummy_mean,0.25,1.76,1.467685381355932
7870,dummy_mean,0.25,1.08,1.467685381355932
7890,dummy_mean,0.25,1.38,1.467685381355932
7891,dummy_mean,0.25,1.98,1.467685381355932
7894,dummy_mean,0.25,2.84,1.467685381355932
7898,dummy_mean,0.25,1.04,1.467685381355932
7899,dummy_mean,0.25,1.0,1.467685381355932
7908,dummy_mean,0.25,0.8,1.467685381355932
7924,dummy_mean,0.25,0.88,1.467685381355932
7927,dummy_mean,0.25,1.48,1.467685381355932
7929,dummy_mean,0.25,1.34,1.467685381355932
7941,dummy_mean,0.25,0.76,1.467685381355932
7955,dummy_mean,0.25,1.54,1.467685381355932
7966,dummy_mean,0.25,1.08,1.467685381355932
7973,dummy_mean,0.25,1.8,1.467685381355932
7982,dummy_mean,0.25,1.72,1.467685381355932
8022,dummy_mean,0.25,3.26,1.467685381355932
8025,dummy_mean,0.25,2.32,1.467685381355932
8028,dummy_mean,0.25,1.32,1.467685381355932
8035,dummy_mean,0.25,1.54,1.467685381355932
8060,dummy_mean,0.25,1.26,1.467685381355932
8068,dummy_mean,0.25,2.3,1.467685381355932
8073,dummy_mean,0.25,0.94,1.467685381355932
8074,dummy_mean,0.25,0.8,1.467685381355932
8086,dummy_mean,0.25,0.9,1.467685381355932
8094,dummy_mean,0.25,2.98,1.467685381355932
8108,dummy_mean,0.25,1.56,1.467685381355932
8125,dummy_mean,0.25,2.46,1.467685381355932
8146,dummy_mean,0.25,0.5,1.467685381355932
8148,dummy_mean,0.25,1.42,1.467685381355932
8180,dummy_mean,0.25,1.94,1.467685381355932
8183,dummy_mean,0.25,1.84,1.467685381355932
8187,dummy_mean,0.25,1.52,1.467685381355932
8189,dummy_mean,0.25,2.32,1.467685381355932
8197,dummy_mean,0.25,1.48,1.467685381355932
8207,dummy_mean,0.25,0.76,1.467685381355932
8227,dummy_mean,0.25,1.88,1.467685381355932
8229,dummy_mean,0.25,1.66,1.467685381355932
8242,dummy_mean,0.25,1.24,1.467685381355932
8246,dummy_mean,0.25,2.04,1.467685381355932
8263,dummy_mean,0.25,1.66,1.467685381355932
8269,dummy_mean,0.25,1.3,1.467685381355932
8276,dummy_mean,0.25,0.86,1.467685381355932
8289,dummy_mean,0.25,0.86,1.467685381355932
8296,dummy_mean,0.25,2.66,1.467685381355932
8299,dummy_mean,0.25,1.7,1.467685381355932
8313,dummy_mean,0.25,4.04,1.467685381355932
8329,dummy_mean,0.25,1.46,1.467685381355932
8335,dummy_mean,0.25,1.94,1.467685381355932
8343,dummy_mean,0.25,0.7,1.467685381355932
8345,dummy_mean,0.25,0.52,1.467685381355932
8350,dummy_mean,0.25,2.2,1.467685381355932
8359,dummy_mean,0.25,1.88,1.467685381355932
8367,dummy_mean,0.25,0.62,1.467685381355932
8377,dummy_mean,0.25,0.66,1.467685381355932
8387,dummy_mean,0.25,1.42,1.467685381355932
8402,dummy_mean,0.25,0.96,1.467685381355932
8409,dummy_mean,0.25,1.32,1.467685381355932
8414,dummy_mean,0.25,1.38,1.467685381355932
8422,dummy_mean,0.25,1.0,1.467685381355932
8446,dummy_mean,0.25,2.52,1.467685381355932
8455,dummy_mean,0.25,0.7,1.467685381355932
8457,dummy_mean,0.25,0.56,1.467685381355932
8458,dummy_mean,0.25,1.32,1.467685381355932
8464,dummy_mean,0.25,2.94,1.467685381355932
8487,dummy_mean,0.25,0.52,1.467685381355932
8508,dummy_mean,0.25,0.76,1.467685381355932
8511,dummy_mean,0.25,1.3,1.467685381355932
8517,dummy_mean,0.25,1.54,1.467685381355932
8537,dummy_mean,0.25,2.18,1.467685381355932
8538,dummy_mean,0.25,1.38,1.467685381355932
8568,dummy_mean,0.25,1.86,1.467685381355932
8586,dummy_mean,0.25,1.82,1.467685381355932
8608,dummy_mean,0.25,1.16,1.467685381355932
8610,dummy_mean,0.25,0.54,1.467685381355932
8615,dummy_mean,0.25,0.34,1.467685381355932
8618,dummy_mean,0.25,1.98,1.467685381355932
8620,dummy_mean,0.25,1.84,1.467685381355932
8634,dummy_mean,0.25,1.68,1.467685381355932
8636,dummy_mean,0.25,1.32,1.467685381355932
8663,dummy_mean,0.25,1.76,1.467685381355932
8678,dummy_mean,0.25,1.92,1.467685381355932
8682,dummy_mean,0.25,0.92,1.467685381355932
8683,dummy_mean,0.25,0.36,1.467685381355932
8695,dummy_mean,0.25,0.86,1.467685381355932
8697,dummy_mean,0.25,1.38,1.467685381355932
8708,dummy_mean,0.25,1.3,1.467685381355932
8712,dummy_mean,0.25,1.32,1.467685381355932
8713,dummy_mean,0.25,0.1,1.467685381355932
8718,dummy_mean,0.25,1.14,1.467685381355932
8720,dummy_mean,0.25,1.48,1.467685381355932
8723,dummy_mean,0.25,0.9,1.467685381355932
8738,dummy_mean,0.25,0.82,1.467685381355932
8744,dummy_mean,0.25,0.76,1.467685381355932
8746,dummy_mean,0.25,0.22,1.467685381355932
8768,dummy_mean,0.25,1.76,1.467685381355932
8779,dummy_mean,0.25,3.88,1.467685381355932
8782,dummy_mean,0.25,2.46,1.467685381355932
8783,dummy_mean,0.25,2.8,1.467685381355932
8785,dummy_mean,0.25,1.56,1.467685381355932
8797,dummy_mean,0.25,0.12,1.467685381355932
8814,dummy_mean,0.25,2.56,1.467685381355932
8843,dummy_mean,0.25,1.52,1.467685381355932
8868,dummy_mean,0.25,1.18,1.467685381355932
8878,dummy_mean,0.25,1.72,1.467685381355932
8916,dummy_mean,0.25,1.22,1.467685381355932
8923,dummy_mean,0.25,1.42,1.467685381355932
8925,dummy_mean,0.25,3.94,1.467685381355932
8927,dummy_mean,0.25,1.34,1.467685381355932
8948,dummy_mean,0.25,1.26,1.467685381355932
8953,dummy_mean,0.25,1.66,1.467685381355932
8973,dummy_mean,0.25,1.3,1.467685381355932
8984,dummy_mean,0.25,1.12,1.467685381355932
8986,dummy_mean,0.25,1.02,1.467685381355932
8992,dummy_mean,0.25,1.48,1.467685381355932
9003,dummy_mean,0.25,2.14,1.467685381355932
9012,dummy_mean,0.25,1.38,1.467685381355932
9013,dummy_mean,0.25,0.88,1.467685381355932
9032,dummy_mean,0.25,1.72,1.467685381355932
9038,dummy_mean,0.25,1.9,1.467685381355932
9045,dummy_mean,0.25,1.28,1.467685381355932
9049,dummy_mean,0.25,0.78,1.467685381355932
9062,dummy_mean,0.25,1.14,1.467685381355932
9065,dummy_mean,0.25,2.76,1.467685381355932
9080,dummy_mean,0.25,1.34,1.467685381355932
9096,dummy_mean,0.25,1.1,1.467685381355932
9100,dummy_mean,0.25,2.8,1.467685381355932
9105,dummy_mean,0.25,1.2,1.467685381355932
9113,dummy_mean,0.25,1.38,1.467685381355932
9115,dummy_mean,0.25,0.54,1.467685381355932
9124,dummy_mean,0.25,0.72,1.467685381355932
9129,dummy_mean,0.25,3.7,1.467685381355932
9139,dummy_mean,0.25,1.0,1.467685381355932
9154,dummy_mean,0.25,1.78,1.467685381355932
9191,dummy_mean,0.25,1.64,1.467685381355932
9196,dummy_mean,0.25,1.72,1.467685381355932
9207,dummy_mean,0.25,3.52,1.467685381355932
9212,dummy_mean,0.25,1.36,1.467685381355932
9221,dummy_mean,0.25,0.92,1.467685381355932
9238,dummy_mean,0.25,1.22,1.467685381355932
9240,dummy_mean,0.25,1.84,1.467685381355932
9242,dummy_mean,0.25,4.08,1.467685381355932
9254,dummy_mean,0.25,2.2,1.467685381355932
9277,dummy_mean,0.25,0.42,1.467685381355932
9283,dummy_mean,0.25,0.14,1.467685381355932
9285,dummy_mean,0.25,2.48,1.467685381355932
9294,dummy_mean,0.25,1.84,1.467685381355932
9296,dummy_mean,0.25,1.58,1.467685381355932
9307,dummy_mean,0.25,0.7,1.467685381355932
9312,dummy_mean,0.25,2.3,1.467685381355932
9322,dummy_mean,0.25,2.1,1.467685381355932
9340,dummy_mean,0.25,2.3,1.467685381355932
9341,dummy_mean,0.25,1.8,1.467685381355932
9351,dummy_mean,0.25,1.12,1.467685381355932
9352,dummy_mean,0.25,2.14,1.467685381355932
9353,dummy_mean,0.25,3.02,1.467685381355932
9356,dummy_mean,0.25,1.12,1.467685381355932
9357,dummy_mean,0.25,0.82,1.467685381355932
9376,dummy_mean,0.25,1.98,1.467685381355932
9377,dummy_mean,0.25,2.26,1.467685381355932
9396,dummy_mean,0.25,0.82,1.467685381355932
9397,dummy_mean,0.25,4.24,1.467685381355932
9422,dummy_mean,0.25,1.7,1.467685381355932
9425,dummy_mean,0.25,2.4,1.467685381355932
9432,dummy_mean,0.25,0.68,1.467685381355932
9438,dummy_mean,0.25,2.58,1.467685381355932
9439,dummy_mean,0.25,0.92,1.467685381355932
9440,dummy_mean,0.25,1.22,1.467685381355932
9465,dummy_mean,0.25,1.72,1.467685381355932
9480,dummy_mean,0.25,2.14,1.467685381355932
9481,dummy_mean,0.25,2.92,1.467685381355932
9506,dummy_mean,0.25,1.52,1.467685381355932
9508,dummy_mean,0.25,2.16,1.467685381355932
9519,dummy_mean,0.25,1.58,1.467685381355932
9520,dummy_mean,0.25,1.28,1.467685381355932
9522,dummy_mean,0.25,2.18,1.467685381355932
9529,dummy_mean,0.25,0.68,1.467685381355932
9535,dummy_mean,0.25,1.78,1.467685381355932
9536,dummy_mean,0.25,1.16,1.467685381355932
9538,dummy_mean,0.25,0.56,1.467685381355932
9561,dummy_mean,0.25,1.7,1.467685381355932
9572,dummy_mean,0.25,1.28,1.467685381355932
9576,dummy_mean,0.25,1.58,1.467685381355932
9601,dummy_mean,0.25,1.4,1.467685381355932
9602,dummy_mean,0.25,1.92,1.467685381355932
9607,dummy_mean,0.25,0.2,1.467685381355932
9608,dummy_mean,0.25,0.12,1.467685381355932
9610,dummy_mean,0.25,0.46,1.467685381355932
9614,dummy_mean,0.25,0.38,1.467685381355932
9615,dummy_mean,0.25,1.86,1.467685381355932
9623,dummy_mean,0.25,1.52,1.467685381355932
9635,dummy_mean,0.25,1.94,1.467685381355932
9638,dummy_mean,0.25,1.96,1.467685381355932
9647,dummy_mean,0.25,0.42,1.467685381355932
9657,dummy_mean,0.25,1.64,1.467685381355932
9694,dummy_mean,0.25,2.66,1.467685381355932
9722,dummy_mean,0.25,2.82,1.467685381355932
9734,dummy_mean,0.25,1.26,1.467685381355932
9773,dummy_mean,0.25,0.62,1.467685381355932
9781,dummy_mean,0.25,2.1,1.467685381355932
9800,dummy_mean,0.25,0.86,1.467685381355932
9803,dummy_mean,0.25,0.64,1.467685381355932
9808,dummy_mean,0.25,1.78,1.467685381355932
9809,dummy_mean,0.25,2.34,1.467685381355932
9812,dummy_mean,0.25,0.82,1.467685381355932
9826,dummy_mean,0.25,1.8,1.467685381355932
9832,dummy_mean,0.25,2.5,1.467685381355932
9835,dummy_mean,0.25,1.64,1.467685381355932
9837,dummy_mean,0.25,1.38,1.467685381355932
9842,dummy_mean,0.25,1.1,1.467685381355932
9852,dummy_mean,0.25,1.72,1.467685381355932
9861,dummy_mean,0.25,1.6,1.467685381355932
9871,dummy_mean,0.25,1.26,1.467685381355932
9888,dummy_mean,0.25,1.22,1.467685381355932
9903,dummy_mean,0.25,1.48,1.467685381355932
9906,dummy_mean,0.25,1.78,1.467685381355932
9908,dummy_mean,0.25,0.66,1.467685381355932
9912,dummy_mean,0.25,1.46,1.467685381355932
9933,dummy_mean,0.25,1.92,1.467685381355932
9936,dummy_mean,0.25,2.74,1.467685381355932
10000,dummy_mean,0.25,1.9,1.467685381355932
10009,dummy_mean,0.25,1.14,1.467685381355932
10019,dummy_mean,0.25,0.68,1.467685381355932
10020,dummy_mean,0.25,0.56,1.467685381355932
10033,dummy_mean,0.25,1.36,1.467685381355932
10037,dummy_mean,0.25,0.7,1.467685381355932
10057,dummy_mean,0.25,0.24,1.467685381355932
10077,dummy_mean,0.25,0.66,1.467685381355932
10079,dummy_mean,0.25,2.1,1.467685381355932
10084,dummy_mean,0.25,1.32,1.467685381355932
10087,dummy_mean,0.25,2.54,1.467685381355932
10088,dummy_mean,0.25,1.8,1.467685381355932
10095,dummy_mean,0.25,2.16,1.467685381355932
10096,dummy_mean,0.25,1.66,1.467685381355932
10103,dummy_mean,0.25,2.58,1.467685381355932
10123,dummy_mean,0.25,1.7,1.467685381355932
10135,dummy_mean,0.25,1.8,1.467685381355932
10138,dummy_mean,0.25,2.0,1.467685381355932
10146,dummy_mean,0.25,1.16,1.467685381355932
10158,dummy_mean,0.25,0.64,1.467685381355932
10160,dummy_mean,0.25,2.1,1.467685381355932
10163,dummy_mean,0.25,1.86,1.467685381355932
10169,dummy_mean,0.25,2.36,1.467685381355932
10173,dummy_mean,0.25,1.5,1.467685381355932
10174,dummy_mean,0.25,1.9,1.467685381355932
10191,dummy_mean,0.25,2.38,1.467685381355932
10199,dummy_mean,0.25,0.52,1.467685381355932
10208,dummy_mean,0.25,1.14,1.467685381355932
10211,dummy_mean,0.25,0.98,1.467685381355932
10212,dummy_mean,0.25,2.48,1.467685381355932
10216,dummy_mean,0.25,1.54,1.467685381355932
10218,dummy_mean,0.25,2.34,1.467685381355932
10258,dummy_mean,0.25,1.78,1.467685381355932
10259,dummy_mean,0.25,1.62,1.467685381355932
10282,dummy_mean,0.25,0.62,1.467685381355932
10284,dummy_mean,0.25,1.82,1.467685381355932
10305,dummy_mean,0.25,2.18,1.467685381355932
10306,dummy_mean,0.25,0.98,1.467685381355932
10318,dummy_mean,0.25,0.5,1.467685381355932
10326,dummy_mean,0.25,1.52,1.467685381355932
10327,dummy_mean,0.25,1.44,1.467685381355932
10331,dummy_mean,0.25,1.3,1.467685381355932
10340,dummy_mean,0.25,1.6,1.467685381355932
10348,dummy_mean,0.25,1.88,1.467685381355932
10350,dummy_mean,0.25,1.3,1.467685381355932
10351,dummy_mean,0.25,1.66,1.467685381355932
10374,dummy_mean,0.25,0.92,1.467685381355932
10377,dummy_mean,0.25,1.04,1.467685381355932
10384,dummy_mean,0.25,0.8,1.467685381355932
10389,dummy_mean,0.25,0.7,1.467685381355932
10400,dummy_mean,0.25,1.6,1.467685381355932
10420,dummy_mean,0.25,1.42,1.467685381355932
10423,dummy_mean,0.25,1.48,1.467685381355932
10428,dummy_mean,0.25,3.4,1.467685381355932
10461,dummy_mean,0.25,0.9,1.467685381355932
10484,dummy_mean,0.25,0.5,1.467685381355932
10491,dummy_mean,0.25,3.32,1.467685381355932
10505,dummy_mean,0.25,2.26,1.467685381355932
10514,dummy_mean,0.25,1.54,1.467685381355932
10515,dummy_mean,0.25,0.84,1.467685381355932
10543,dummy_mean,0.25,2.42,1.467685381355932
10580,dummy_mean,0.25,1.3,1.467685381355932
10591,dummy_mean,0.25,1.52,1.467685381355932
10594,dummy_mean,0.25,0.82,1.467685381355932
10600,dummy_mean,0.25,0.8,1.467685381355932
10605,dummy_mean,0.25,2.26,1.467685381355932
10610,dummy_mean,0.25,1.86,1.467685381355932
10614,dummy_mean,0.25,1.3,1.467685381355932
10618,dummy_mean,0.25,3.44,1.467685381355932
10619,dummy_mean,0.25,1.16,1.467685381355932
10627,dummy_mean,0.25,1.1,1.467685381355932
10632,dummy_mean,0.25,0.8,1.467685381355932
10634,dummy_mean,0.25,3.68,1.467685381355932
10639,dummy_mean,0.25,-0.16,1.467685381355932
10644,dummy_mean,0.25,2.6,1.467685381355932
10647,dummy_mean,0.25,1.38,1.467685381355932
10654,dummy_mean,0.25,2.0,1.467685381355932
10659,dummy_mean,0.25,1.6,1.467685381355932
10660,dummy_mean,0.25,2.32,1.467685381355932
10665,dummy_mean,0.25,1.6,1.467685381355932
10666,dummy_mean,0.25,0.18,1.467685381355932
10667,dummy_mean,0.25,1.14,1.467685381355932
10707,dummy_mean,0.25,0.96,1.467685381355932
10725,dummy_mean,0.25,1.2,1.467685381355932
10729,dummy_mean,0.25,2.1,1.467685381355932
10742,dummy_mean,0.25,2.48,1.467685381355932
10761,dummy_mean,0.25,2.82,1.467685381355932
10780,dummy_mean,0.25,1.98,1.467685381355932
10823,dummy_mean,0.25,1.48,1.467685381355932
10826,dummy_mean,0.25,2.72,1.467685381355932
10841,dummy_mean,0.25,0.9,1.467685381355932
10846,dummy_mean,0.25,1.02,1.467685381355932
10851,dummy_mean,0.25,1.28,1.467685381355932
10854,dummy_mean,0.25,0.3,1.467685381355932
10866,dummy_mean,0.25,4.18,1.467685381355932
10868,dummy_mean,0.25,2.14,1.467685381355932
10873,dummy_mean,0.25,1.22,1.467685381355932
10894,dummy_mean,0.25,1.58,1.467685381355932
10902,dummy_mean,0.25,2.8,1.467685381355932
10912,dummy_mean,0.25,0.22,1.467685381355932
10925,dummy_mean,0.25,1.56,1.467685381355932
10926,dummy_mean,0.25,0.48,1.467685381355932
10927,dummy_mean,0.25,0.28,1.467685381355932
10956,dummy_mean,0.25,1.24,1.467685381355932
10971,dummy_mean,0.25,2.1,1.467685381355932
10977,dummy_mean,0.25,1.2,1.467685381355932
10983,dummy_mean,0.25,2.3,1.467685381355932
10987,dummy_mean,0.25,1.42,1.467685381355932
10991,dummy_mean,0.25,0.44,1.467685381355932
10996,dummy_mean,0.25,0.64,1.467685381355932
11031,dummy_mean,0.25,0.56,1.467685381355932
11033,dummy_mean,0.25,1.62,1.467685381355932
11035,dummy_mean,0.25,0.94,1.467685381355932
11037,dummy_mean,0.25,1.54,1.467685381355932
11040,dummy_mean,0.25,1.26,1.467685381355932
11042,dummy_mean,0.25,1.04,1.467685381355932
11044,dummy_mean,0.25,1.02,1.467685381355932
11065,dummy_mean,0.25,0.94,1.467685381355932
11082,dummy_mean,0.25,1.22,1.467685381355932
11095,dummy_mean,0.25,0.1,1.467685381355932
11102,dummy_mean,0.25,0.4,1.467685381355932
11107,dummy_mean,0.25,0.48,1.467685381355932
11109,dummy_mean,0.25,1.64,1.467685381355932
11113,dummy_mean,0.25,1.2,1.467685381355932
11115,dummy_mean,0.25,1.14,1.467685381355932
11148,dummy_mean,0.25,1.36,1.467685381355932
11163,dummy_mean,0.25,2.8,1.467685381355932
11190,dummy_mean,0.25,1.64,1.467685381355932
11196,dummy_mean,0.25,1.04,1.467685381355932
11201,dummy_mean,0.25,1.54,1.467685381355932
11212,dummy_mean,0.25,2.6,1.467685381355932
11227,dummy_mean,0.25,3.36,1.467685381355932
11230,dummy_mean,0.25,0.12,1.467685381355932
11231,dummy_mean,0.25,1.38,1.467685381355932
11267,dummy_mean,0.25,0.78,1.467685381355932
11268,dummy_mean,0.25,-0.04,1.467685381355932
11274,dummy_mean,0.25,1.64,1.467685381355932
11277,dummy_mean,0.25,1.2,1.467685381355932
11285,dummy_mean,0.25,1.36,1.467685381355932
11289,dummy_mean,0.25,1.94,1.467685381355932
11301,dummy_mean,0.25,1.88,1.467685381355932
11311,dummy_mean,0.25,1.88,1.467685381355932
11323,dummy_mean,0.25,1.5,1.467685381355932
11326,dummy_mean,0.25,1.08,1.467685381355932
11332,dummy_mean,0.25,1.46,1.467685381355932
11334,dummy_mean,0.25,1.74,1.467685381355932
11342,dummy_mean,0.25,2.16,1.467685381355932
11349,dummy_mean,0.25,2.2,1.467685381355932
11362,dummy_mean,0.25,1.92,1.467685381355932
11368,dummy_mean,0.25,0.76,1.467685381355932
11385,dummy_mean,0.25,1.54,1.467685381355932
11387,dummy_mean,0.25,0.66,1.467685381355932
11390,dummy_mean,0.25,1.46,1.467685381355932
11398,dummy_mean,0.25,0.98,1.467685381355932
11417,dummy_mean,0.25,1.66,1.467685381355932
11418,dummy_mean,0.25,1.86,1.467685381355932
11433,dummy_mean,0.25,0.46,1.467685381355932
11443,dummy_mean,0.25,0.48,1.467685381355932
11451,dummy_mean,0.25,1.24,1.467685381355932
11452,dummy_mean,0.25,2.02,1.467685381355932
11456,dummy_mean,0.25,1.04,1.467685381355932
11458,dummy_mean,0.25,0.8,1.467685381355932
11466,dummy_mean,0.25,2.54,1.467685381355932
11468,dummy_mean,0.25,1.88,1.467685381355932
11472,dummy_mean,0.25,2.96,1.467685381355932
11482,dummy_mean,0.25,0.86,1.467685381355932
11484,dummy_mean,0.25,1.52,1.467685381355932
11487,dummy_mean,0.25,1.04,1.467685381355932
11490,dummy_mean,0.25,1.62,1.467685381355932
11500,dummy_mean,0.25,0.74,1.467685381355932
11515,dummy_mean,0.25,0.66,1.467685381355932
11516,dummy_mean,0.25,1.34,1.467685381355932
11519,dummy_mean,0.25,1.62,1.467685381355932
11520,dummy_mean,0.25,0.58,1.467685381355932
11527,dummy_mean,0.25,2.8,1.467685381355932
11529,dummy_mean,0.25,2.7,1.467685381355932
11538,dummy_mean,0.25,0.46,1.467685381355932
11540,dummy_mean,0.25,2.1,1.467685381355932
11589,dummy_mean,0.25,1.06,1.467685381355932
11592,dummy_mean,0.25,1.14,1.467685381355932
11593,dummy_mean,0.25,1.42,1.467685381355932
11601,dummy_mean,0.25,0.52,1.467685381355932
11614,dummy_mean,0.25,1.2,1.467685381355932
11621,dummy_mean,0.25,1.02,1.467685381355932
11624,dummy_mean,0.25,1.44,1.467685381355932
11628,dummy_mean,0.25,1.5,1.467685381355932
11634,dummy_mean,0.25,0.96,1.467685381355932
11639,dummy_mean,0.25,1.0,1.467685381355932
11649,dummy_mean,0.25,1.2,1.467685381355932
11659,dummy_mean,0.25,2.4,1.467685381355932
11661,dummy_mean,0.25,1.66,1.467685381355932
11665,dummy_mean,0.25,1.5,1.467685381355932
11669,dummy_mean,0.25,1.2,1.467685381355932
11696,dummy_mean,0.25,2.64,1.467685381355932
11697,dummy_mean,0.25,2.12,1.467685381355932
11699,dummy_mean,0.25,1.3,1.467685381355932
11712,dummy_mean,0.25,1.46,1.467685381355932
11714,dummy_mean,0.25,0.68,1.467685381355932
11725,dummy_mean,0.25,0.8,1.467685381355932
11753,dummy_mean,0.25,1.04,1.467685381355932
11760,dummy_mean,0.25,1.14,1.467685381355932
11769,dummy_mean,0.25,1.74,1.467685381355932
11780,dummy_mean,0.25,1.22,1.467685381355932
11786,dummy_mean,0.25,1.1,1.467685381355932
11792,dummy_mean,0.25,3.62,1.467685381355932
11793,dummy_mean,0.25,1.12,1.467685381355932
11795,dummy_mean,0.25,1.64,1.467685381355932
11806,dummy_mean,0.25,1.68,1.467685381355932
11821,dummy_mean,0.25,1.1,1.467685381355932
11824,dummy_mean,0.25,1.12,1.467685381355932
11826,dummy_mean,0.25,0.48,1.467685381355932
11827,dummy_mean,0.25,2.36,1.467685381355932
11828,dummy_mean,0.25,1.78,1.467685381355932
11876,dummy_mean,0.25,1.48,1.467685381355932
11877,dummy_mean,0.25,3.02,1.467685381355932
11910,dummy_mean,0.25,0.6,1.467685381355932
11919,dummy_mean,0.25,1.36,1.467685381355932
11921,dummy_mean,0.25,1.22,1.467685381355932
11953,dummy_mean,0.25,1.02,1.467685381355932
11956,dummy_mean,0.25,1.58,1.467685381355932
11971,dummy_mean,0.25,2.6,1.467685381355932
11979,dummy_mean,0.25,1.96,1.467685381355932
12011,dummy_mean,0.25,1.4,1.467685381355932
12021,dummy_mean,0.25,1.2,1.467685381355932
12028,dummy_mean,0.25,0.8,1.467685381355932
12042,dummy_mean,0.25,1.28,1.467685381355932
12044,dummy_mean,0.25,3.0,1.467685381355932
12063,dummy_mean,0.25,0.72,1.467685381355932
12065,dummy_mean,0.25,0.84,1.467685381355932
12093,dummy_mean,0.25,2.08,1.467685381355932
12118,dummy_mean,0.25,1.18,1.467685381355932
12120,dummy_mean,0.25,0.84,1.467685381355932
12121,dummy_mean,0.25,1.8,1.467685381355932
12130,dummy_mean,0.25,1.08,1.467685381355932
12136,dummy_mean,0.25,1.9,1.467685381355932
12149,dummy_mean,0.25,1.26,1.467685381355932
12153,dummy_mean,0.25,1.06,1.467685381355932
12162,dummy_mean,0.25,1.88,1.467685381355932
12166,dummy_mean,0.25,5.16,1.467685381355932
12168,dummy_mean,0.25,1.4,1.467685381355932
12173,dummy_mean,0.25,2.62,1.467685381355932
12178,dummy_mean,0.25,1.46,1.467685381355932
12191,dummy_mean,0.25,0.68,1.467685381355932
12203,dummy_mean,0.25,-0.02,1.467685381355932
12208,dummy_mean,0.25,0.44,1.467685381355932
12216,dummy_mean,0.25,1.48,1.467685381355932
12217,dummy_mean,0.25,-0.02,1.467685381355932
12225,dummy_mean,0.25,1.68,1.467685381355932
12264,dummy_mean,0.25,1.86,1.467685381355932
12273,dummy_mean,0.25,0.52,1.467685381355932
12276,dummy_mean,0.25,1.18,1.467685381355932
12279,dummy_mean,0.25,1.48,1.467685381355932
12310,dummy_mean,0.25,3.04,1.467685381355932
12317,dummy_mean,0.25,0.76,1.467685381355932
12367,dummy_mean,0.25,1.42,1.467685381355932
12398,dummy_mean,0.25,1.24,1.467685381355932
12406,dummy_mean,0.25,1.66,1.467685381355932
12412,dummy_mean,0.25,1.72,1.467685381355932
12415,dummy_mean,0.25,0.82,1.467685381355932
12420,dummy_mean,0.25,1.1,1.467685381355932
12452,dummy_mean,0.25,1.5,1.467685381355932
12454,dummy_mean,0.25,0.76,1.467685381355932
12474,dummy_mean,0.25,2.26,1.467685381355932
12476,dummy_mean,0.25,1.34,1.467685381355932
12482,dummy_mean,0.25,0.96,1.467685381355932
12491,dummy_mean,0.25,0.44,1.467685381355932
12493,dummy_mean,0.25,1.98,1.467685381355932
12509,dummy_mean,0.25,1.42,1.467685381355932
12521,dummy_mean,0.25,1.92,1.467685381355932
12551,dummy_mean,0.25,1.18,1.467685381355932
12554,dummy_mean,0.25,0.46,1.467685381355932
12562,dummy_mean,0.25,1.8,1.467685381355932
12583,dummy_mean,0.25,1.38,1.467685381355932
12600,dummy_mean,0.25,1.0,1.467685381355932
12638,dummy_mean,0.25,2.92,1.467685381355932
12646,dummy_mean,0.25,0.78,1.467685381355932
12662,dummy_mean,0.25,1.6,1.467685381355932
12663,dummy_mean,0.25,3.32,1.467685381355932
12667,dummy_mean,0.25,2.14,1.467685381355932
12685,dummy_mean,0.25,1.5,1.467685381355932
12687,dummy_mean,0.25,0.86,1.467685381355932
12702,dummy_mean,0.25,0.52,1.467685381355932
12717,dummy_mean,0.25,0.74,1.467685381355932
12724,dummy_mean,0.25,1.52,1.467685381355932
12729,dummy_mean,0.25,3.2,1.467685381355932
12734,dummy_mean,0.25,4.42,1.467685381355932
12736,dummy_mean,0.25,1.68,1.467685381355932
12737,dummy_mean,0.25,1.6,1.467685381355932
12754,dummy_mean,0.25,2.84,1.467685381355932
12756,dummy_mean,0.25,2.02,1.467685381355932
12760,dummy_mean,0.25,1.72,1.467685381355932
12789,dummy_mean,0.25,1.28,1.467685381355932
12791,dummy_mean,0.25,1.44,1.467685381355932
12798,dummy_mean,0.25,1.58,1.467685381355932
12809,dummy_mean,0.25,1.26,1.467685381355932
12815,dummy_mean,0.25,1.68,1.467685381355932
12817,dummy_mean,0.25,0.86,1.467685381355932
12821,dummy_mean,0.25,0.8,1.467685381355932
12837,dummy_mean,0.25,1.06,1.467685381355932
12847,dummy_mean,0.25,2.6,1.467685381355932
12851,dummy_mean,0.25,0.42,1.467685381355932
12852,dummy_mean,0.25,0.82,1.467685381355932
12858,dummy_mean,0.25,4.32,1.467685381355932
12862,dummy_mean,0.25,1.86,1.467685381355932
12863,dummy_mean,0.25,1.26,1.467685381355932
12891,dummy_mean,0.25,2.14,1.467685381355932
12917,dummy_mean,0.25,2.42,1.467685381355932
12946,dummy_mean,0.25,1.14,1.467685381355932
12957,dummy_mean,0.25,1.28,1.467685381355932
12967,dummy_mean,0.25,1.8,1.467685381355932
12977,dummy_mean,0.25,1.58,1.467685381355932
12994,dummy_mean,0.25,1.16,1.467685381355932
12998,dummy_mean,0.25,1.32,1.467685381355932
13011,dummy_mean,0.25,1.14,1.467685381355932
13020,dummy_mean,0.25,1.14,1.467685381355932
13032,dummy_mean,0.25,0.78,1.467685381355932
13035,dummy_mean,0.25,0.72,1.467685381355932
13043,dummy_mean,0.25,1.52,1.467685381355932
13044,dummy_mean,0.25,1.74,1.467685381355932
13056,dummy_mean,0.25,1.5,1.467685381355932
13059,dummy_mean,0.25,0.74,1.467685381355932
13073,dummy_mean,0.25,0.92,1.467685381355932
13085,dummy_mean,0.25,1.46,1.467685381355932
13090,dummy_mean,0.25,1.56,1.467685381355932
13108,dummy_mean,0.25,1.64,1.467685381355932
13109,dummy_mean,0.25,1.14,1.467685381355932
13113,dummy_mean,0.25,1.58,1.467685381355932
13120,dummy_mean,0.25,1.42,1.467685381355932
13125,dummy_mean,0.25,1.18,1.467685381355932
13139,dummy_mean,0.25,1.12,1.467685381355932
13143,dummy_mean,0.25,1.86,1.467685381355932
13159,dummy_mean,0.25,1.5,1.467685381355932
13163,dummy_mean,0.25,0.42,1.467685381355932
13179,dummy_mean,0.25,1.62,1.467685381355932
13194,dummy_mean,0.25,1.76,1.467685381355932
13203,dummy_mean,0.25,0.94,1.467685381355932
13206,dummy_mean,0.25,0.76,1.467685381355932
13215,dummy_mean,0.25,2.28,1.467685381355932
13216,dummy_mean,0.25,1.52,1.467685381355932
13234,dummy_mean,0.25,1.34,1.467685381355932
13236,dummy_mean,0.25,0.72,1.467685381355932
13240,dummy_mean,0.25,1.84,1.467685381355932
13242,dummy_mean,0.25,1.2,1.467685381355932
13243,dummy_mean,0.25,1.96,1.467685381355932
13246,dummy_mean,0.25,1.6,1.467685381355932
13262,dummy_mean,0.25,4.0,1.467685381355932
13280,dummy_mean,0.25,2.24,1.467685381355932
13311,dummy_mean,0.25,0.48,1.467685381355932
13326,dummy_mean,0.25,1.46,1.467685381355932
13337,dummy_mean,0.25,0.1,1.467685381355932
13338,dummy_mean,0.25,2.92,1.467685381355932
13344,dummy_mean,0.25,1.2,1.467685381355932
13350,dummy_mean,0.25,2.06,1.467685381355932
13354,dummy_mean,0.25,1.42,1.467685381355932
13358,dummy_mean,0.25,1.94,1.467685381355932
13361,dummy_mean,0.25,2.74,1.467685381355932
13363,dummy_mean,0.25,1.68,1.467685381355932
13391,dummy_mean,0.25,1.44,1.467685381355932
13395,dummy_mean,0.25,1.54,1.467685381355932
13413,dummy_mean,0.25,2.0,1.467685381355932
13436,dummy_mean,0.25,1.36,1.467685381355932
13480,dummy_mean,0.25,1.18,1.467685381355932
13485,dummy_mean,0.25,1.32,1.467685381355932
13487,dummy_mean,0.25,1.52,1.467685381355932
13493,dummy_mean,0.25,1.1,1.467685381355932
13499,dummy_mean,0.25,1.42,1.467685381355932
13500,dummy_mean,0.25,1.5,1.467685381355932
13503,dummy_mean,0.25,0.32,1.467685381355932
13510,dummy_mean,0.25,1.32,1.467685381355932
13519,dummy_mean,0.25,0.68,1.467685381355932
13537,dummy_mean,0.25,1.36,1.467685381355932
13544,dummy_mean,0.25,1.42,1.467685381355932
13549,dummy_mean,0.25,0.44,1.467685381355932
13561,dummy_mean,0.25,0.2,1.467685381355932
13588,dummy_mean,0.25,1.8,1.467685381355932
13589,dummy_mean,0.25,1.24,1.467685381355932
13592,dummy_mean,0.25,0.42,1.467685381355932
13593,dummy_mean,0.25,0.7,1.467685381355932
13596,dummy_mean,0.25,1.14,1.467685381355932
13609,dummy_mean,0.25,3.66,1.467685381355932
13621,dummy_mean,0.25,2.22,1.467685381355932
13644,dummy_mean,0.25,1.48,1.467685381355932
13661,dummy_mean,0.25,1.92,1.467685381355932
13670,dummy_mean,0.25,1.58,1.467685381355932
13674,dummy_mean,0.25,1.58,1.467685381355932
13685,dummy_mean,0.25,0.1,1.467685381355932
13686,dummy_mean,0.25,1.08,1.467685381355932
13693,dummy_mean,0.25,0.52,1.467685381355932
13696,dummy_mean,0.25,2.12,1.467685381355932
13707,dummy_mean,0.25,1.74,1.467685381355932
13710,dummy_mean,0.25,1.34,1.467685381355932
13711,dummy_mean,0.25,1.08,1.467685381355932
13713,dummy_mean,0.25,3.94,1.467685381355932
13714,dummy_mean,0.25,2.18,1.467685381355932
13728,dummy_mean,0.25,1.1,1.467685381355932
13752,dummy_mean,0.25,1.92,1.467685381355932
13761,dummy_mean,0.25,1.8,1.467685381355932
13768,dummy_mean,0.25,1.88,1.467685381355932
13770,dummy_mean,0.25,1.58,1.467685381355932
13780,dummy_mean,0.25,1.04,1.467685381355932
13783,dummy_mean,0.25,1.42,1.467685381355932
13798,dummy_mean,0.25,0.58,1.467685381355932
13814,dummy_mean,0.25,0.36,1.467685381355932
13824,dummy_mean,0.25,2.8,1.467685381355932
13829,dummy_mean,0.25,1.52,1.467685381355932
13838,dummy_mean,0.25,1.32,1.467685381355932
13839,dummy_mean,0.25,2.14,1.467685381355932
13846,dummy_mean,0.25,1.74,1.467685381355932
13848,dummy_mean,0.25,1.78,1.467685381355932
13861,dummy_mean,0.25,1.42,1.467685381355932
13865,dummy_mean,0.25,1.3,1.467685381355932
13870,dummy_mean,0.25,1.34,1.467685381355932
13880,dummy_mean,0.25,1.0,1.467685381355932
13881,dummy_mean,0.25,1.56,1.467685381355932
13893,dummy_mean,0.25,1.56,1.467685381355932
13896,dummy_mean,0.25,0.36,1.467685381355932
13903,dummy_mean,0.25,1.56,1.467685381355932
13909,dummy_mean,0.25,0.44,1.467685381355932
13920,dummy_mean,0.25,1.56,1.467685381355932
13928,dummy_mean,0.25,1.06,1.467685381355932
13930,dummy_mean,0.25,1.94,1.467685381355932
13933,dummy_mean,0.25,0.84,1.467685381355932
13934,dummy_mean,0.25,1.4,1.467685381355932
13936,dummy_mean,0.25,1.16,1.467685381355932
13941,dummy_mean,0.25,1.0,1.467685381355932
13945,dummy_mean,0.25,1.74,1.467685381355932
13952,dummy_mean,0.25,1.3,1.467685381355932
13955,dummy_mean,0.25,1.9,1.467685381355932
13961,dummy_mean,0.25,0.96,1.467685381355932
13962,dummy_mean,0.25,1.76,1.467685381355932
13969,dummy_mean,0.25,1.94,1.467685381355932
13970,dummy_mean,0.25,1.94,1.467685381355932
13980,dummy_mean,0.25,0.42,1.467685381355932
13988,dummy_mean,0.25,1.78,1.467685381355932
13996,dummy_mean,0.25,0.78,1.467685381355932
14000,dummy_mean,0.25,0.64,1.467685381355932
14005,dummy_mean,0.25,1.34,1.467685381355932
14009,dummy_mean,0.25,0.5,1.467685381355932
14010,dummy_mean,0.25,1.24,1.467685381355932
14016,dummy_mean,0.25,1.26,1.467685381355932
14017,dummy_mean,0.25,2.3,1.467685381355932
14018,dummy_mean,0.25,1.14,1.467685381355932
14020,dummy_mean,0.25,1.06,1.467685381355932
14028,dummy_mean,0.25,2.42,1.467685381355932
14030,dummy_mean,0.25,1.64,1.467685381355932
14034,dummy_mean,0.25,1.52,1.467685381355932
14062,dummy_mean,0.25,0.12,1.467685381355932
14079,dummy_mean,0.25,0.94,1.467685381355932
14086,dummy_mean,0.25,0.34,1.467685381355932
14092,dummy_mean,0.25,0.42,1.467685381355932
14104,dummy_mean,0.25,1.5,1.467685381355932
14114,dummy_mean,0.25,2.52,1.467685381355932
14130,dummy_mean,0.25,1.14,1.467685381355932
14132,dummy_mean,0.25,0.7,1.467685381355932
14135,dummy_mean,0.25,0.6,1.467685381355932
14153,dummy_mean,0.25,0.82,1.467685381355932
14155,dummy_mean,0.25,1.9,1.467685381355932
14166,dummy_mean,0.25,1.7,1.467685381355932
14169,dummy_mean,0.25,0.76,1.467685381355932
14171,dummy_mean,0.25,0.58,1.467685381355932
14174,dummy_mean,0.25,1.46,1.467685381355932
14179,dummy_mean,0.25,1.06,1.467685381355932
14201,dummy_mean,0.25,1.98,1.467685381355932
14205,dummy_mean,0.25,1.34,1.467685381355932
14206,dummy_mean,0.25,1.6,1.467685381355932
14229,dummy_mean,0.25,1.18,1.467685381355932
14241,dummy_mean,0.25,0.92,1.467685381355932
14255,dummy_mean,0.25,1.82,1.467685381355932
14269,dummy_mean,0.25,1.8,1.467685381355932
14292,dummy_mean,0.25,1.36,1.467685381355932
14298,dummy_mean,0.25,1.26,1.467685381355932
14305,dummy_mean,0.25,1.32,1.467685381355932
14318,dummy_mean,0.25,0.28,1.467685381355932
14320,dummy_mean,0.25,1.42,1.467685381355932
14340,dummy_mean,0.25,1.5,1.467685381355932
14343,dummy_mean,0.25,0.82,1.467685381355932
14346,dummy_mean,0.25,1.06,1.467685381355932
14350,dummy_mean,0.25,0.06,1.467685381355932
14351,dummy_mean,0.25,4.26,1.467685381355932
14376,dummy_mean,0.25,1.74,1.467685381355932
14392,dummy_mean,0.25,1.94,1.467685381355932
14395,dummy_mean,0.25,0.9,1.467685381355932
14397,dummy_mean,0.25,1.44,1.467685381355932
14402,dummy_mean,0.25,0.88,1.467685381355932
14413,dummy_mean,0.25,2.74,1.467685381355932
14417,dummy_mean,0.25,1.32,1.467685381355932
14418,dummy_mean,0.25,0.78,1.467685381355932
14425,dummy_mean,0.25,0.66,1.467685381355932
14433,dummy_mean,0.25,1.54,1.467685381355932
14440,dummy_mean,0.25,2.6,1.467685381355932
14441,dummy_mean,0.25,1.56,1.467685381355932
14448,dummy_mean,0.25,0.68,1.467685381355932
14459,dummy_mean,0.25,1.68,1.467685381355932
14483,dummy_mean,0.25,2.52,1.467685381355932
14492,dummy_mean,0.25,1.04,1.467685381355932
14495,dummy_mean,0.25,2.06,1.467685381355932
14517,dummy_mean,0.25,1.22,1.467685381355932
14524,dummy_mean,0.25,2.08,1.467685381355932
14534,dummy_mean,0.25,1.14,1.467685381355932
14552,dummy_mean,0.25,0.72,1.467685381355932
14553,dummy_mean,0.25,2.82,1.467685381355932
14561,dummy_mean,0.25,1.46,1.467685381355932
14563,dummy_mean,0.25,1.54,1.467685381355932
14565,dummy_mean,0.25,0.88,1.467685381355932
14567,dummy_mean,0.25,1.72,1.467685381355932
14568,dummy_mean,0.25,0.98,1.467685381355932
14569,dummy_mean,0.25,2.72,1.467685381355932
14571,dummy_mean,0.25,1.54,1.467685381355932
14581,dummy_mean,0.25,1.78,1.467685381355932
14621,dummy_mean,0.25,1.74,1.467685381355932
14646,dummy_mean,0.25,0.58,1.467685381355932
14654,dummy_mean,0.25,0.68,1.467685381355932
14665,dummy_mean,0.25,2.8,1.467685381355932
14700,dummy_mean,0.25,0.44,1.467685381355932
14710,dummy_mean,0.25,0.78,1.467685381355932
14714,dummy_mean,0.25,1.2,1.467685381355932
14724,dummy_mean,0.25,1.54,1.467685381355932
14726,dummy_mean,0.25,0.52,1.467685381355932
14732,dummy_mean,0.25,0.82,1.467685381355932
14734,dummy_mean,0.25,1.34,1.467685381355932
14749,dummy_mean,0.25,1.88,1.467685381355932
14757,dummy_mean,0.25,1.26,1.467685381355932
14777,dummy_mean,0.25,0.86,1.467685381355932
14779,dummy_mean,0.25,1.42,1.467685381355932
14780,dummy_mean,0.25,1.6,1.467685381355932
14788,dummy_mean,0.25,0.58,1.467685381355932
14793,dummy_mean,0.25,0.94,1.467685381355932
14812,dummy_mean,0.25,0.88,1.467685381355932
14816,dummy_mean,0.25,1.12,1.467685381355932
14847,dummy_mean,0.25,0.7,1.467685381355932
14849,dummy_mean,0.25,3.9,1.467685381355932
14852,dummy_mean,0.25,1.16,1.467685381355932
14869,dummy_mean,0.25,1.06,1.467685381355932
14887,dummy_mean,0.25,1.34,1.467685381355932
14901,dummy_mean,0.25,1.4,1.467685381355932
14905,dummy_mean,0.25,1.38,1.467685381355932
14908,dummy_mean,0.25,1.14,1.467685381355932
14918,dummy_mean,0.25,2.3,1.467685381355932
14924,dummy_mean,0.25,1.54,1.467685381355932
14925,dummy_mean,0.25,1.56,1.467685381355932
14951,dummy_mean,0.25,0.14,1.467685381355932
14959,dummy_mean,0.25,0.22,1.467685381355932
14970,dummy_mean,0.25,1.6,1.467685381355932
14978,dummy_mean,0.25,2.72,1.467685381355932
14980,dummy_mean,0.25,0.56,1.467685381355932
14983,dummy_mean,0.25,0.88,1.467685381355932
14985,dummy_mean,0.25,0.5,1.467685381355932
14992,dummy_mean,0.25,1.02,1.467685381355932
15000,dummy_mean,0.25,1.3,1.467685381355932
15015,dummy_mean,0.25,1.28,1.467685381355932
15030,dummy_mean,0.25,1.88,1.467685381355932
15039,dummy_mean,0.25,2.58,1.467685381355932
15042,dummy_mean,0.25,1.96,1.467685381355932
15044,dummy_mean,0.25,2.46,1.467685381355932
15056,dummy_mean,0.25,1.0,1.467685381355932
15058,dummy_mean,0.25,1.56,1.467685381355932
15076,dummy_mean,0.25,0.9,1.467685381355932
15077,dummy_mean,0.25,2.84,1.467685381355932
15089,dummy_mean,0.25,1.82,1.467685381355932
15093,dummy_mean,0.25,1.14,1.467685381355932
15103,dummy_mean,0.25,1.18,1.467685381355932
15130,dummy_mean,0.25,0.68,1.467685381355932
15151,dummy_mean,0.25,0.44,1.467685381355932
15154,dummy_mean,0.25,0.6,1.467685381355932
15171,dummy_mean,0.25,0.98,1.467685381355932
15187,dummy_mean,0.25,1.76,1.467685381355932
15201,dummy_mean,0.25,1.58,1.467685381355932
15218,dummy_mean,0.25,3.58,1.467685381355932
15259,dummy_mean,0.25,0.9,1.467685381355932
15278,dummy_mean,0.25,1.48,1.467685381355932
15281,dummy_mean,0.25,2.1,1.467685381355932
15323,dummy_mean,0.25,0.34,1.467685381355932
15324,dummy_mean,0.25,1.32,1.467685381355932
15331,dummy_mean,0.25,1.18,1.467685381355932
15343,dummy_mean,0.25,1.06,1.467685381355932
15349,dummy_mean,0.25,1.56,1.467685381355932
15350,dummy_mean,0.25,1.08,1.467685381355932
15352,dummy_mean,0.25,0.98,1.467685381355932
15370,dummy_mean,0.25,1.48,1.467685381355932
15377,dummy_mean,0.25,2.04,1.467685381355932
15379,dummy_mean,0.25,1.24,1.467685381355932
15414,dummy_mean,0.25,1.14,1.467685381355932
15418,dummy_mean,0.25,1.52,1.467685381355932
15430,dummy_mean,0.25,0.96,1.467685381355932
15439,dummy_mean,0.25,1.64,1.467685381355932
15455,dummy_mean,0.25,2.88,1.467685381355932
15456,dummy_mean,0.25,1.04,1.467685381355932
15463,dummy_mean,0.25,0.92,1.467685381355932
15464,dummy_mean,0.25,1.42,1.467685381355932
15471,dummy_mean,0.25,1.3,1.467685381355932
15492,dummy_mean,0.25,0.86,1.467685381355932
15500,dummy_mean,0.25,0.74,1.467685381355932
15505,dummy_mean,0.25,1.06,1.467685381355932
15525,dummy_mean,0.25,1.1,1.467685381355932
15535,dummy_mean,0.25,0.94,1.467685381355932
15540,dummy_mean,0.25,0.62,1.467685381355932
15543,dummy_mean,0.25,0.96,1.467685381355932
15545,dummy_mean,0.25,2.34,1.467685381355932
15546,dummy_mean,0.25,1.16,1.467685381355932
15555,dummy_mean,0.25,1.0,1.467685381355932
15560,dummy_mean,0.25,1.98,1.467685381355932
15567,dummy_mean,0.25,0.26,1.467685381355932
15572,dummy_mean,0.25,2.24,1.467685381355932
15587,dummy_mean,0.25,0.86,1.467685381355932
15597,dummy_mean,0.25,1.34,1.467685381355932
15603,dummy_mean,0.25,2.12,1.467685381355932
15632,dummy_mean,0.25,2.24,1.467685381355932
15633,dummy_mean,0.25,1.28,1.467685381355932
15634,dummy_mean,0.25,1.52,1.467685381355932
15645,dummy_mean,0.25,1.56,1.467685381355932
15669,dummy_mean,0.25,1.04,1.467685381355932
15683,dummy_mean,0.25,2.32,1.467685381355932
15684,dummy_mean,0.25,0.88,1.467685381355932
15704,dummy_mean,0.25,1.66,1.467685381355932
15711,dummy_mean,0.25,0.96,1.467685381355932
15713,dummy_mean,0.25,0.4,1.467685381355932
15723,dummy_mean,0.25,1.46,1.467685381355932
15729,dummy_mean,0.25,2.16,1.467685381355932
15730,dummy_mean,0.25,2.46,1.467685381355932
15733,dummy_mean,0.25,1.2,1.467685381355932
15760,dummy_mean,0.25,1.14,1.467685381355932
15784,dummy_mean,0.25,1.68,1.467685381355932
15792,dummy_mean,0.25,2.96,1.467685381355932
15821,dummy_mean,0.25,1.44,1.467685381355932
15824,dummy_mean,0.25,0.98,1.467685381355932
15832,dummy_mean,0.25,0.7,1.467685381355932
15864,dummy_mean,0.25,2.56,1.467685381355932
15891,dummy_mean,0.25,1.64,1.467685381355932
15902,dummy_mean,0.25,3.18,1.467685381355932
15911,dummy_mean,0.25,2.38,1.467685381355932
15917,dummy_mean,0.25,2.02,1.467685381355932
15919,dummy_mean,0.25,0.58,1.467685381355932
15920,dummy_mean,0.25,0.56,1.467685381355932
15929,dummy_mean,0.25,1.74,1.467685381355932
15941,dummy_mean,0.25,1.98,1.467685381355932
15954,dummy_mean,0.25,1.72,1.467685381355932
15955,dummy_mean,0.25,2.48,1.467685381355932
15974,dummy_mean,0.25,1.66,1.467685381355932
15987,dummy_mean,0.25,1.32,1.467685381355932
15989,dummy_mean,0.25,0.66,1.467685381355932
16002,dummy_mean,0.25,3.1,1.467685381355932
16027,dummy_mean,0.25,1.0,1.467685381355932
16029,dummy_mean,0.25,0.96,1.467685381355932
16033,dummy_mean,0.25,3.64,1.467685381355932
16044,dummy_mean,0.25,2.16,1.467685381355932
16052,dummy_mean,0.25,1.44,1.467685381355932
16074,dummy_mean,0.25,1.36,1.467685381355932
16092,dummy_mean,0.25,1.54,1.467685381355932
16101,dummy_mean,0.25,1.34,1.467685381355932
16108,dummy_mean,0.25,1.24,1.467685381355932
16109,dummy_mean,0.25,1.0,1.467685381355932
16110,dummy_mean,0.25,1.16,1.467685381355932
16124,dummy_mean,0.25,0.68,1.467685381355932
16128,dummy_mean,0.25,1.16,1.467685381355932
16139,dummy_mean,0.25,1.24,1.467685381355932
16140,dummy_mean,0.25,1.98,1.467685381355932
16152,dummy_mean,0.25,1.32,1.467685381355932
16156,dummy_mean,0.25,2.46,1.467685381355932
16162,dummy_mean,0.25,0.7,1.467685381355932
16164,dummy_mean,0.25,2.44,1.467685381355932
16170,dummy_mean,0.25,1.56,1.467685381355932
16183,dummy_mean,0.25,0.82,1.467685381355932
16197,dummy_mean,0.25,1.3,1.467685381355932
16206,dummy_mean,0.25,1.28,1.467685381355932
16238,dummy_mean,0.25,1.08,1.467685381355932
16249,dummy_mean,0.25,0.32,1.467685381355932
16256,dummy_mean,0.25,0.94,1.467685381355932
16268,dummy_mean,0.25,0.32,1.467685381355932
16273,dummy_mean,0.25,0.68,1.467685381355932
16280,dummy_mean,0.25,1.06,1.467685381355932
16285,dummy_mean,0.25,1.78,1.467685381355932
16302,dummy_mean,0.25,0.46,1.467685381355932
16324,dummy_mean,0.25,1.88,1.467685381355932
16331,dummy_mean,0.25,1.92,1.467685381355932
16335,dummy_mean,0.25,1.54,1.467685381355932
16373,dummy_mean,0.25,0.76,1.467685381355932
16381,dummy_mean,0.25,1.64,1.467685381355932
16382,dummy_mean,0.25,0.58,1.467685381355932
16406,dummy_mean,0.25,1.74,1.467685381355932
16416,dummy_mean,0.25,0.58,1.467685381355932
16424,dummy_mean,0.25,2.6,1.467685381355932
16425,dummy_mean,0.25,2.62,1.467685381355932
16427,dummy_mean,0.25,0.96,1.467685381355932
16429,dummy_mean,0.25,2.22,1.467685381355932
16430,dummy_mean,0.25,1.14,1.467685381355932
16440,dummy_mean,0.25,2.02,1.467685381355932
16455,dummy_mean,0.25,1.68,1.467685381355932
16461,dummy_mean,0.25,1.04,1.467685381355932
16468,dummy_mean,0.25,0.98,1.467685381355932
16508,dummy_mean,0.25,1.76,1.467685381355932
16522,dummy_mean,0.25,1.82,1.467685381355932
16544,dummy_mean,0.25,1.52,1.467685381355932
16545,dummy_mean,0.25,0.7,1.467685381355932
16547,dummy_mean,0.25,2.62,1.467685381355932
16555,dummy_mean,0.25,1.7,1.467685381355932
16568,dummy_mean,0.25,0.74,1.467685381355932
16569,dummy_mean,0.25,1.08,1.467685381355932
16584,dummy_mean,0.25,0.72,1.467685381355932
16586,dummy_mean,0.25,0.56,1.467685381355932
16587,dummy_mean,0.25,0.86,1.467685381355932
16592,dummy_mean,0.25,1.12,1.467685381355932
16598,dummy_mean,0.25,2.18,1.467685381355932
16603,dummy_mean,0.25,1.02,1.467685381355932
16611,dummy_mean,0.25,4.2,1.467685381355932
16612,dummy_mean,0.25,2.2,1.467685381355932
16626,dummy_mean,0.25,1.26,1.467685381355932
16628,dummy_mean,0.25,1.34,1.467685381355932
16643,dummy_mean,0.25,1.14,1.467685381355932
16650,dummy_mean,0.25,0.9,1.467685381355932
16657,dummy_mean,0.25,1.66,1.467685381355932
16659,dummy_mean,0.25,2.26,1.467685381355932
16669,dummy_mean,0.25,0.54,1.467685381355932
16687,dummy_mean,0.25,0.9,1.467685381355932
16693,dummy_mean,0.25,2.06,1.467685381355932
16700,dummy_mean,0.25,1.96,1.467685381355932
16717,dummy_mean,0.25,0.9,1.467685381355932
16723,dummy_mean,0.25,0.46,1.467685381355932
16725,dummy_mean,0.25,1.3,1.467685381355932
16728,dummy_mean,0.25,1.98,1.467685381355932
16738,dummy_mean,0.25,0.92,1.467685381355932
16739,dummy_mean,0.25,1.94,1.467685381355932
16747,dummy_mean,0.25,0.46,1.467685381355932
16752,dummy_mean,0.25,0.54,1.467685381355932
16760,dummy_mean,0.25,0.46,1.467685381355932
16761,dummy_mean,0.25,2.02,1.467685381355932
16787,dummy_mean,0.25,2.02,1.467685381355932
16795,dummy_mean,0.25,0.66,1.467685381355932
16807,dummy_mean,0.25,1.28,1.467685381355932
16811,dummy_mean,0.25,1.14,1.467685381355932
16813,dummy_mean,0.25,1.86,1.467685381355932
16831,dummy_mean,0.25,1.06,1.467685381355932
16841,dummy_mean,0.25,1.46,1.467685381355932
16846,dummy_mean,0.25,1.62,1.467685381355932
16848,dummy_mean,0.25,1.54,1.467685381355932
16852,dummy_mean,0.25,0.66,1.467685381355932
16872,dummy_mean,0.25,0.98,1.467685381355932
16876,dummy_mean,0.25,1.08,1.467685381355932
16879,dummy_mean,0.25,0.92,1.467685381355932
16898,dummy_mean,0.25,1.26,1.467685381355932
16930,dummy_mean,0.25,0.64,1.467685381355932
16933,dummy_mean,0.25,0.6,1.467685381355932
16946,dummy_mean,0.25,1.2,1.467685381355932
16949,dummy_mean,0.25,1.58,1.467685381355932
16954,dummy_mean,0.25,2.96,1.467685381355932
16956,dummy_mean,0.25,0.4,1.467685381355932
16960,dummy_mean,0.25,1.02,1.467685381355932
16981,dummy_mean,0.25,1.74,1.467685381355932
16982,dummy_mean,0.25,0.34,1.467685381355932
16984,dummy_mean,0.25,1.6,1.467685381355932
16989,dummy_mean,0.25,3.24,1.467685381355932
16993,dummy_mean,0.25,1.3,1.467685381355932
17000,dummy_mean,0.25,1.08,1.467685381355932
17001,dummy_mean,0.25,1.68,1.467685381355932
17006,dummy_mean,0.25,1.08,1.467685381355932
17019,dummy_mean,0.25,0.86,1.467685381355932
17036,dummy_mean,0.25,1.66,1.467685381355932
17051,dummy_mean,0.25,0.74,1.467685381355932
17063,dummy_mean,0.25,1.62,1.467685381355932
17068,dummy_mean,0.25,1.68,1.467685381355932
17073,dummy_mean,0.25,0.9,1.467685381355932
17074,dummy_mean,0.25,0.78,1.467685381355932
17104,dummy_mean,0.25,1.46,1.467685381355932
17105,dummy_mean,0.25,1.92,1.467685381355932
17107,dummy_mean,0.25,0.2,1.467685381355932
17121,dummy_mean,0.25,0.78,1.467685381355932
17129,dummy_mean,0.25,1.46,1.467685381355932
17142,dummy_mean,0.25,1.52,1.467685381355932
17147,dummy_mean,0.25,1.18,1.467685381355932
17152,dummy_mean,0.25,1.24,1.467685381355932
17155,dummy_mean,0.25,0.68,1.467685381355932
17194,dummy_mean,0.25,1.22,1.467685381355932
17206,dummy_mean,0.25,1.52,1.467685381355932
17209,dummy_mean,0.25,2.56,1.467685381355932
17219,dummy_mean,0.25,0.26,1.467685381355932
17241,dummy_mean,0.25,1.04,1.467685381355932
17263,dummy_mean,0.25,0.94,1.467685381355932
17287,dummy_mean,0.25,3.1,1.467685381355932
17291,dummy_mean,0.25,1.32,1.467685381355932
17303,dummy_mean,0.25,1.28,1.467685381355932
17311,dummy_mean,0.25,1.28,1.467685381355932
17313,dummy_mean,0.25,2.36,1.467685381355932
17314,dummy_mean,0.25,1.82,1.467685381355932
17320,dummy_mean,0.25,1.32,1.467685381355932
17324,dummy_mean,0.25,4.66,1.467685381355932
17335,dummy_mean,0.25,1.72,1.467685381355932
17340,dummy_mean,0.25,0.54,1.467685381355932
17346,dummy_mean,0.25,0.8,1.467685381355932
17354,dummy_mean,0.25,1.36,1.467685381355932
17356,dummy_mean,0.25,1.14,1.467685381355932
17375,dummy_mean,0.25,1.0,1.467685381355932
17377,dummy_mean,0.25,1.08,1.467685381355932
17389,dummy_mean,0.25,1.3,1.467685381355932
17392,dummy_mean,0.25,0.36,1.467685381355932
17406,dummy_mean,0.25,2.14,1.467685381355932
17418,dummy_mean,0.25,0.92,1.467685381355932
17457,dummy_mean,0.25,2.08,1.467685381355932
17466,dummy_mean,0.25,1.8,1.467685381355932
17489,dummy_mean,0.25,1.04,1.467685381355932
17491,dummy_mean,0.25,1.06,1.467685381355932
17519,dummy_mean,0.25,1.28,1.467685381355932
17525,dummy_mean,0.25,0.88,1.467685381355932
17528,dummy_mean,0.25,3.76,1.467685381355932
17529,dummy_mean,0.25,0.64,1.467685381355932
17540,dummy_mean,0.25,0.92,1.467685381355932
17545,dummy_mean,0.25,0.92,1.467685381355932
17554,dummy_mean,0.25,1.8,1.467685381355932
17558,dummy_mean,0.25,1.08,1.467685381355932
17572,dummy_mean,0.25,1.62,1.467685381355932
17575,dummy_mean,0.25,0.34,1.467685381355932
17589,dummy_mean,0.25,0.74,1.467685381355932
17599,dummy_mean,0.25,2.04,1.467685381355932
17607,dummy_mean,0.25,1.26,1.467685381355932
17611,dummy_mean,0.25,1.44,1.467685381355932
17615,dummy_mean,0.25,1.74,1.467685381355932
17618,dummy_mean,0.25,1.08,1.467685381355932
17626,dummy_mean,0.25,2.18,1.467685381355932
17631,dummy_mean,0.25,1.8,1.467685381355932
17632,dummy_mean,0.25,1.38,1.467685381355932
17645,dummy_mean,0.25,0.76,1.467685381355932
17658,dummy_mean,0.25,0.5,1.467685381355932
17661,dummy_mean,0.25,1.48,1.467685381355932
17690,dummy_mean,0.25,1.58,1.467685381355932
17697,dummy_mean,0.25,0.8,1.467685381355932
17700,dummy_mean,0.25,1.66,1.467685381355932
17708,dummy_mean,0.25,2.18,1.467685381355932
17713,dummy_mean,0.25,1.94,1.467685381355932
17730,dummy_mean,0.25,2.12,1.467685381355932
17775,dummy_mean,0.25,1.46,1.467685381355932
17776,dummy_mean,0.25,1.34,1.467685381355932
17779,dummy_mean,0.25,3.66,1.467685381355932
17788,dummy_mean,0.25,2.54,1.467685381355932
17796,dummy_mean,0.25,1.82,1.467685381355932
17803,dummy_mean,0.25,1.78,1.467685381355932
17804,dummy_mean,0.25,1.84,1.467685381355932
17824,dummy_mean,0.25,1.06,1.467685381355932
17829,dummy_mean,0.25,1.6,1.467685381355932
17832,dummy_mean,0.25,1.7,1.467685381355932
17839,dummy_mean,0.25,1.72,1.467685381355932
17859,dummy_mean,0.25,1.1,1.467685381355932
17863,dummy_mean,0.25,0.56,1.467685381355932
17886,dummy_mean,0.25,1.34,1.467685381355932
17910,dummy_mean,0.25,0.58,1.467685381355932
17922,dummy_mean,0.25,2.64,1.467685381355932
17943,dummy_mean,0.25,1.64,1.467685381355932
17965,dummy_mean,0.25,1.22,1.467685381355932
17987,dummy_mean,0.25,1.84,1.467685381355932
17988,dummy_mean,0.25,0.84,1.467685381355932
17995,dummy_mean,0.25,0.84,1.467685381355932
17998,dummy_mean,0.25,1.96,1.467685381355932
18005,dummy_mean,0.25,1.7,1.467685381355932
18010,dummy_mean,0.25,1.1,1.467685381355932
18011,dummy_mean,0.25,1.22,1.467685381355932
18023,dummy_mean,0.25,0.38,1.467685381355932
18029,dummy_mean,0.25,0.92,1.467685381355932
18043,dummy_mean,0.25,1.56,1.467685381355932
18045,dummy_mean,0.25,1.86,1.467685381355932
18048,dummy_mean,0.25,1.56,1.467685381355932
18049,dummy_mean,0.25,1.04,1.467685381355932
18057,dummy_mean,0.25,1.3,1.467685381355932
18059,dummy_mean,0.25,1.32,1.467685381355932
18064,dummy_mean,0.25,1.6,1.467685381355932
18075,dummy_mean,0.25,1.48,1.467685381355932
18076,dummy_mean,0.25,1.68,1.467685381355932
18093,dummy_mean,0.25,1.06,1.467685381355932
18096,dummy_mean,0.25,-0.14,1.467685381355932
18105,dummy_mean,0.25,1.9,1.467685381355932
18114,dummy_mean,0.25,0.58,1.467685381355932
18116,dummy_mean,0.25,1.46,1.467685381355932
18119,dummy_mean,0.25,0.38,1.467685381355932
18121,dummy_mean,0.25,1.42,1.467685381355932
18137,dummy_mean,0.25,0.62,1.467685381355932
18169,dummy_mean,0.25,0.88,1.467685381355932
18175,dummy_mean,0.25,1.38,1.467685381355932
18196,dummy_mean,0.25,2.02,1.467685381355932
18216,dummy_mean,0.25,2.76,1.467685381355932
18220,dummy_mean,0.25,1.36,1.467685381355932
18223,dummy_mean,0.25,1.24,1.467685381355932
18230,dummy_mean,0.25,0.58,1.467685381355932
18232,dummy_mean,0.25,1.42,1.467685381355932
18233,dummy_mean,0.25,1.6,1.467685381355932
18264,dummy_mean,0.25,0.68,1.467685381355932
18268,dummy_mean,0.25,2.38,1.467685381355932
18271,dummy_mean,0.25,1.74,1.467685381355932
18280,dummy_mean,0.25,0.68,1.467685381355932
18283,dummy_mean,0.25,3.08,1.467685381355932
18302,dummy_mean,0.25,1.08,1.467685381355932
18305,dummy_mean,0.25,2.02,1.467685381355932
18309,dummy_mean,0.25,1.36,1.467685381355932
18333,dummy_mean,0.25,1.06,1.467685381355932
18335,dummy_mean,0.25,1.22,1.467685381355932
18354,dummy_mean,0.25,0.2,1.467685381355932
18356,dummy_mean,0.25,1.92,1.467685381355932
18364,dummy_mean,0.25,1.68,1.467685381355932
18370,dummy_mean,0.25,1.24,1.467685381355932
18381,dummy_mean,0.25,1.02,1.467685381355932
18410,dummy_mean,0.25,0.56,1.467685381355932
18432,dummy_mean,0.25,0.98,1.467685381355932
18449,dummy_mean,0.25,1.94,1.467685381355932
18452,dummy_mean,0.25,0.72,1.467685381355932
18463,dummy_mean,0.25,1.06,1.467685381355932
18500,dummy_mean,0.25,1.94,1.467685381355932
18510,dummy_mean,0.25,2.56,1.467685381355932
18527,dummy_mean,0.25,1.96,1.467685381355932
18530,dummy_mean,0.25,1.46,1.467685381355932
18537,dummy_mean,0.25,1.36,1.467685381355932
18541,dummy_mean,0.25,1.74,1.467685381355932
18543,dummy_mean,0.25,2.3,1.467685381355932
18576,dummy_mean,0.25,1.16,1.467685381355932
18580,dummy_mean,0.25,0.78,1.467685381355932
18581,dummy_mean,0.25,2.3,1.467685381355932
18589,dummy_mean,0.25,2.44,1.467685381355932
18603,dummy_mean,0.25,2.64,1.467685381355932
18611,dummy_mean,0.25,1.08,1.467685381355932
18616,dummy_mean,0.25,1.42,1.467685381355932
18630,dummy_mean,0.25,1.64,1.467685381355932
18639,dummy_mean,0.25,1.3,1.467685381355932
18642,dummy_mean,0.25,0.72,1.467685381355932
18658,dummy_mean,0.25,2.08,1.467685381355932
18665,dummy_mean,0.25,1.48,1.467685381355932
18691,dummy_mean,0.25,2.26,1.467685381355932
18693,dummy_mean,0.25,1.4,1.467685381355932
18706,dummy_mean,0.25,1.32,1.467685381355932
18719,dummy_mean,0.25,0.94,1.467685381355932
18732,dummy_mean,0.25,1.0,1.467685381355932
18759,dummy_mean,0.25,1.98,1.467685381355932
18775,dummy_mean,0.25,3.36,1.467685381355932
18776,dummy_mean,0.25,2.0,1.467685381355932
18806,dummy_mean,0.25,-0.24,1.467685381355932
18846,dummy_mean,0.25,1.74,1.467685381355932
18847,dummy_mean,0.25,1.52,1.467685381355932
18851,dummy_mean,0.25,1.06,1.467685381355932
18862,dummy_mean,0.25,0.68,1.467685381355932
18870,dummy_mean,0.25,2.78,1.467685381355932
18891,dummy_mean,0.25,0.9,1.467685381355932
18899,dummy_mean,0.25,1.82,1.467685381355932
26,rf_starter_descriptors,0.25,1.18,0.8528
27,rf_starter_descriptors,0.25,1.24,1.1613999999999998
40,rf_starter_descriptors,0.25,1.16,1.6355999999999995
45,rf_starter_descriptors,0.25,0.6,0.5794000000000004
69,rf_starter_descriptors,0.25,3.34,1.9573999999999996
72,rf_starter_descriptors,0.25,0.82,1.4273999999999998
103,rf_starter_descriptors,0.25,0.42,1.3111999999999988
115,rf_starter_descriptors,0.25,1.04,1.574
134,rf_starter_descriptors,0.25,0.56,0.9957999999999995
136,rf_starter_descriptors,0.25,1.5,1.7156000000000002
137,rf_starter_descriptors,0.25,1.6,1.744799999999999
155,rf_starter_descriptors,0.25,1.28,2.7492
158,rf_starter_descriptors,0.25,2.48,2.1914000000000002
169,rf_starter_descriptors,0.25,-0.04,1.2934
171,rf_starter_descriptors,0.25,0.72,1.2199999999999995
179,rf_starter_descriptors,0.25,3.44,2.140599999999999
183,rf_starter_descriptors,0.25,2.02,1.7456000000000012
188,rf_starter_descriptors,0.25,2.54,1.743600000000001
199,rf_starter_descriptors,0.25,1.48,1.3817999999999997
206,rf_starter_descriptors,0.25,1.1,1.910600000000002
211,rf_starter_descriptors,0.25,2.1,1.6111999999999997
212,rf_starter_descriptors,0.25,1.46,1.4628000000000003
220,rf_starter_descriptors,0.25,0.92,1.1963999999999997
221,rf_starter_descriptors,0.25,0.58,1.0061999999999984
224,rf_starter_descriptors,0.25,0.64,1.653200000000001
228,rf_starter_descriptors,0.25,0.82,0.8545999999999995
249,rf_starter_descriptors,0.25,1.74,2.4240000000000013
255,rf_starter_descriptors,0.25,2.14,1.3693999999999995
258,rf_starter_descriptors,0.25,1.2,1.246
266,rf_starter_descriptors,0.25,1.04,2.0709999999999993
301,rf_starter_descriptors,0.25,0.86,0.49699999999999983
305,rf_starter_descriptors,0.25,0.8,0.9622000000000013
322,rf_starter_descriptors,0.25,1.62,1.2335999999999998
324,rf_starter_descriptors,0.25,1.16,1.3721999999999996
337,rf_starter_descriptors,0.25,0.78,1.354600000000001
338,rf_starter_descriptors,0.25,1.72,2.1178000000000012
345,rf_starter_descriptors,0.25,1.22,1.3757999999999992
362,rf_starter_descriptors,0.25,0.38,1.2853999999999997
364,rf_starter_descriptors,0.25,1.54,0.5516000000000003
366,rf_starter_descriptors,0.25,0.5,1.013600000000001
372,rf_starter_descriptors,0.25,1.48,0.9461999999999996
374,rf_starter_descriptors,0.25,1.28,1.6102000000000003
376,rf_starter_descriptors,0.25,1.9,0.9655999999999995
380,rf_starter_descriptors,0.25,2.28,2.0126000000000017
387,rf_starter_descriptors,0.25,2.02,1.3646000000000003
393,rf_starter_descriptors,0.25,1.12,1.3223999999999996
417,rf_starter_descriptors,0.25,1.5,1.6148000000000018
418,rf_starter_descriptors,0.25,1.26,1.4317999999999989
433,rf_starter_descriptors,0.25,2.32,1.8016000000000008
438,rf_starter_descriptors,0.25,1.3,1.5114
442,rf_starter_descriptors,0.25,1.9,1.910000000000001
451,rf_starter_descriptors,0.25,2.44,2.390800000000001
455,rf_starter_descriptors,0.25,2.9,2.3257999999999988
458,rf_starter_descriptors,0.25,1.22,1.7338000000000005
466,rf_starter_descriptors,0.25,1.66,1.1101999999999999
470,rf_starter_descriptors,0.25,0.84,1.4436000000000007
472,rf_starter_descriptors,0.25,0.84,1.2487999999999992
476,rf_starter_descriptors,0.25,0.72,0.8574
505,rf_starter_descriptors,0.25,1.26,1.1841999999999986
511,rf_starter_descriptors,0.25,1.24,1.2941999999999987
512,rf_starter_descriptors,0.25,-0.2,1.084999999999999
515,rf_starter_descriptors,0.25,0.32,1.2118000000000002
521,rf_starter_descriptors,0.25,1.3,2.777800000000001
532,rf_starter_descriptors,0.25,1.78,1.4026000000000007
559,rf_starter_descriptors,0.25,2.6,1.6543999999999999
564,rf_starter_descriptors,0.25,1.26,1.3847999999999994
578,rf_starter_descriptors,0.25,1.28,1.1469999999999998
583,rf_starter_descriptors,0.25,0.88,1.853799999999998
591,rf_starter_descriptors,0.25,0.4,0.8663999999999997
595,rf_starter_descriptors,0.25,1.66,1.8801999999999992
598,rf_starter_descriptors,0.25,2.08,2.1657999999999986
614,rf_starter_descriptors,0.25,2.66,1.8073999999999986
616,rf_starter_descriptors,0.25,-0.06,1.6318000000000001
626,rf_starter_descriptors,0.25,1.52,1.5703999999999996
649,rf_starter_descriptors,0.25,0.68,0.7338
668,rf_starter_descriptors,0.25,1.28,1.6006000000000002
675,rf_starter_descriptors,0.25,3.02,1.809799999999999
678,rf_starter_descriptors,0.25,0.9,1.122
688,rf_starter_descriptors,0.25,0.76,0.7812
730,rf_starter_descriptors,0.25,1.68,1.3044000000000004
732,rf_starter_descriptors,0.25,0.4,0.4686
734,rf_starter_descriptors,0.25,1.32,1.7966
735,rf_starter_descriptors,0.25,0.8,0.6596000000000001
743,rf_starter_descriptors,0.25,1.64,1.0822000000000003
766,rf_starter_descriptors,0.25,1.88,0.902400000000001
767,rf_starter_descriptors,0.25,1.58,1.4501999999999997
778,rf_starter_descriptors,0.25,1.04,0.9716
787,rf_starter_descriptors,0.25,3.56,2.0010000000000003
788,rf_starter_descriptors,0.25,3.04,1.5147999999999993
790,rf_starter_descriptors,0.25,2.16,1.7242000000000004
816,rf_starter_descriptors,0.25,1.06,1.7067999999999999
817,rf_starter_descriptors,0.25,0.56,1.2704
818,rf_starter_descriptors,0.25,1.08,0.9351999999999991
849,rf_starter_descriptors,0.25,1.38,1.1974
863,rf_starter_descriptors,0.25,1.58,1.3240000000000007
868,rf_starter_descriptors,0.25,1.2,0.9057999999999994
872,rf_starter_descriptors,0.25,0.8,1.0632000000000004
891,rf_starter_descriptors,0.25,1.02,0.8621999999999999
894,rf_starter_descriptors,0.25,1.58,1.1791999999999994
905,rf_starter_descriptors,0.25,1.48,1.267199999999999
913,rf_starter_descriptors,0.25,1.18,1.4396000000000013
921,rf_starter_descriptors,0.25,1.9,1.4137999999999993
922,rf_starter_descriptors,0.25,2.58,1.6236
940,rf_starter_descriptors,0.25,0.72,1.8112000000000004
950,rf_starter_descriptors,0.25,1.0,0.9792000000000008
955,rf_starter_descriptors,0.25,1.32,1.342999999999999
995,rf_starter_descriptors,0.25,0.68,1.3380000000000003
1004,rf_starter_descriptors,0.25,0.72,1.0228000000000004
1010,rf_starter_descriptors,0.25,2.3,1.1656
1011,rf_starter_descriptors,0.25,3.42,2.632199999999999
1012,rf_starter_descriptors,0.25,1.02,1.0751999999999997
1018,rf_starter_descriptors,0.25,1.52,1.3068000000000013
1058,rf_starter_descriptors,0.25,1.2,1.1762000000000001
1059,rf_starter_descriptors,0.25,0.96,1.4434000000000018
1061,rf_starter_descriptors,0.25,0.7,1.1266000000000003
1065,rf_starter_descriptors,0.25,1.46,1.5107999999999993
1069,rf_starter_descriptors,0.25,0.74,1.4878
1074,rf_starter_descriptors,0.25,1.42,1.354999999999999
1098,rf_starter_descriptors,0.25,0.8,0.8807999999999998
1114,rf_starter_descriptors,0.25,1.02,1.3562000000000005
1116,rf_starter_descriptors,0.25,1.58,1.3667999999999996
1122,rf_starter_descriptors,0.25,0.48,1.2342
1125,rf_starter_descriptors,0.25,0.56,1.2236000000000005
1133,rf_starter_descriptors,0.25,0.64,0.8742000000000003
1137,rf_starter_descriptors,0.25,1.26,1.257
1151,rf_starter_descriptors,0.25,1.44,2.5339999999999985
1153,rf_starter_descriptors,0.25,0.72,1.0745999999999991
1159,rf_starter_descriptors,0.25,1.86,1.5729999999999982
1161,rf_starter_descriptors,0.25,1.28,1.3718000000000001
1176,rf_starter_descriptors,0.25,1.6,1.8284
1177,rf_starter_descriptors,0.25,0.46,0.8590000000000002
1185,rf_starter_descriptors,0.25,2.14,2.5144000000000006
1203,rf_starter_descriptors,0.25,1.18,1.4072000000000005
1207,rf_starter_descriptors,0.25,0.46,1.5216
1223,rf_starter_descriptors,0.25,2.22,1.7671999999999994
1235,rf_starter_descriptors,0.25,1.6,1.2614000000000005
1252,rf_starter_descriptors,0.25,1.84,1.6489999999999998
1268,rf_starter_descriptors,0.25,1.34,1.2358000000000002
1270,rf_starter_descriptors,0.25,1.5,1.0987999999999998
1283,rf_starter_descriptors,0.25,2.4,2.4356
1296,rf_starter_descriptors,0.25,1.86,1.7334000000000005
1297,rf_starter_descriptors,0.25,1.48,2.1676000000000015
1309,rf_starter_descriptors,0.25,1.84,1.4278000000000006
1324,rf_starter_descriptors,0.25,1.22,1.3811999999999998
1335,rf_starter_descriptors,0.25,1.76,0.9356000000000005
1343,rf_starter_descriptors,0.25,2.02,2.694600000000002
1365,rf_starter_descriptors,0.25,2.2,2.106199999999999
1373,rf_starter_descriptors,0.25,0.64,1.0379999999999996
1378,rf_starter_descriptors,0.25,2.1,0.8994000000000001
1381,rf_starter_descriptors,0.25,1.9,1.2124000000000001
1382,rf_starter_descriptors,0.25,2.36,2.4066000000000027
1391,rf_starter_descriptors,0.25,1.92,1.5308000000000002
1406,rf_starter_descriptors,0.25,1.58,1.3738
1419,rf_starter_descriptors,0.25,1.4,1.5641999999999994
1432,rf_starter_descriptors,0.25,0.98,2.2514000000000003
1433,rf_starter_descriptors,0.25,1.36,1.5042000000000002
1436,rf_starter_descriptors,0.25,2.5,1.5140000000000002
1452,rf_starter_descriptors,0.25,0.84,0.917199999999999
1473,rf_starter_descriptors,0.25,1.0,1.0753999999999997
1479,rf_starter_descriptors,0.25,1.1,1.5068000000000006
1488,rf_starter_descriptors,0.25,1.04,1.0804000000000011
1492,rf_starter_descriptors,0.25,1.14,1.3083999999999998
1499,rf_starter_descriptors,0.25,2.24,2.172
1500,rf_starter_descriptors,0.25,2.02,2.4734000000000016
1525,rf_starter_descriptors,0.25,1.24,1.3900000000000006
1534,rf_starter_descriptors,0.25,1.4,1.0484000000000002
1548,rf_starter_descriptors,0.25,1.12,1.2930000000000006
1555,rf_starter_descriptors,0.25,1.3,1.234
1565,rf_starter_descriptors,0.25,1.34,1.3415999999999995
1599,rf_starter_descriptors,0.25,1.02,1.1341999999999994
1604,rf_starter_descriptors,0.25,0.26,1.3142000000000005
1612,rf_starter_descriptors,0.25,2.44,1.716
1630,rf_starter_descriptors,0.25,0.58,0.9998
1631,rf_starter_descriptors,0.25,1.36,1.0066000000000004
1635,rf_starter_descriptors,0.25,0.38,0.6521999999999996
1637,rf_starter_descriptors,0.25,1.38,0.7016000000000006
1659,rf_starter_descriptors,0.25,1.34,2.2443999999999966
1664,rf_starter_descriptors,0.25,2.8,1.9572
1673,rf_starter_descriptors,0.25,0.4,1.3457999999999997
1676,rf_starter_descriptors,0.25,1.0,1.6860000000000006
1678,rf_starter_descriptors,0.25,0.96,1.0414000000000008
1689,rf_starter_descriptors,0.25,1.46,1.6882000000000013
1709,rf_starter_descriptors,0.25,0.6,0.9392
1716,rf_starter_descriptors,0.25,2.34,2.097399999999999
1720,rf_starter_descriptors,0.25,1.68,0.9136000000000004
1744,rf_starter_descriptors,0.25,2.12,1.6468
1746,rf_starter_descriptors,0.25,1.7,1.9967999999999977
1760,rf_starter_descriptors,0.25,2.98,2.2914000000000017
1763,rf_starter_descriptors,0.25,0.88,1.5094000000000003
1770,rf_starter_descriptors,0.25,0.96,1.2294000000000003
1773,rf_starter_descriptors,0.25,1.94,1.8181999999999983
1806,rf_starter_descriptors,0.25,0.94,1.0992000000000006
1811,rf_starter_descriptors,0.25,0.98,2.1456
1815,rf_starter_descriptors,0.25,2.02,1.6763999999999997
1825,rf_starter_descriptors,0.25,1.4,1.3217999999999992
1831,rf_starter_descriptors,0.25,0.72,1.3974000000000002
1842,rf_starter_descriptors,0.25,0.94,1.4874
1844,rf_starter_descriptors,0.25,1.02,1.4496
1849,rf_starter_descriptors,0.25,1.24,1.1994000000000016
1852,rf_starter_descriptors,0.25,0.36,0.9279999999999998
1881,rf_starter_descriptors,0.25,2.1,1.955200000000001
1882,rf_starter_descriptors,0.25,1.8,1.036999999999999
1907,rf_starter_descriptors,0.25,1.22,1.5949999999999998
1912,rf_starter_descriptors,0.25,1.26,2.4606000000000003
1924,rf_starter_descriptors,0.25,2.0,1.2236000000000011
1925,rf_starter_descriptors,0.25,3.26,2.531599999999999
1929,rf_starter_descriptors,0.25,0.5,1.1523999999999994
1944,rf_starter_descriptors,0.25,0.62,0.9450000000000002
1956,rf_starter_descriptors,0.25,1.36,1.702600000000001
1967,rf_starter_descriptors,0.25,1.1,1.7372000000000007
1977,rf_starter_descriptors,0.25,1.76,1.374000000000001
1983,rf_starter_descriptors,0.25,1.16,1.815200000000001
1993,rf_starter_descriptors,0.25,1.76,1.9410000000000014
1999,rf_starter_descriptors,0.25,1.22,1.7645999999999993
2007,rf_starter_descriptors,0.25,-0.26,0.962800000000001
2009,rf_starter_descriptors,0.25,1.1,1.1095999999999995
2045,rf_starter_descriptors,0.25,0.96,0.8286000000000001
2072,rf_starter_descriptors,0.25,1.32,1.4694
2077,rf_starter_descriptors,0.25,0.76,1.0840000000000005
2090,rf_starter_descriptors,0.25,0.66,0.9774000000000005
2120,rf_starter_descriptors,0.25,0.72,1.6671999999999991
2131,rf_starter_descriptors,0.25,0.18,1.1686000000000003
2134,rf_starter_descriptors,0.25,3.18,1.867999999999999
2145,rf_starter_descriptors,0.25,1.6,1.3599999999999983
2153,rf_starter_descriptors,0.25,2.0,1.5388000000000017
2161,rf_starter_descriptors,0.25,3.44,2.095
2166,rf_starter_descriptors,0.25,1.46,1.4866
2167,rf_starter_descriptors,0.25,2.98,2.3953999999999978
2197,rf_starter_descriptors,0.25,3.1,2.0442
2229,rf_starter_descriptors,0.25,1.0,1.7020000000000002
2235,rf_starter_descriptors,0.25,0.78,1.4066
2237,rf_starter_descriptors,0.25,2.22,2.5421999999999993
2254,rf_starter_descriptors,0.25,1.24,1.7220000000000004
2262,rf_starter_descriptors,0.25,1.22,1.514
2298,rf_starter_descriptors,0.25,1.52,2.0839999999999996
2301,rf_starter_descriptors,0.25,4.0,1.4651999999999996
2305,rf_starter_descriptors,0.25,2.84,1.6220000000000006
2310,rf_starter_descriptors,0.25,0.24,1.0158
2322,rf_starter_descriptors,0.25,1.22,1.1836000000000007
2335,rf_starter_descriptors,0.25,1.68,1.9472000000000003
2345,rf_starter_descriptors,0.25,0.84,1.0995999999999997
2349,rf_starter_descriptors,0.25,0.62,0.7622000000000004
2357,rf_starter_descriptors,0.25,0.94,1.2859999999999994
2360,rf_starter_descriptors,0.25,1.82,1.2306
2363,rf_starter_descriptors,0.25,1.2,1.2797999999999994
2380,rf_starter_descriptors,0.25,2.3,1.399399999999999
2385,rf_starter_descriptors,0.25,1.78,1.2779999999999994
2386,rf_starter_descriptors,0.25,1.12,0.9192000000000006
2396,rf_starter_descriptors,0.25,0.94,1.1615999999999993
2397,rf_starter_descriptors,0.25,1.1,1.3312
2408,rf_starter_descriptors,0.25,1.26,1.1565999999999996
2412,rf_starter_descriptors,0.25,0.78,1.6898000000000004
2414,rf_starter_descriptors,0.25,0.76,1.011799999999998
2424,rf_starter_descriptors,0.25,1.3,1.7594000000000012
2453,rf_starter_descriptors,0.25,3.1,1.3032
2485,rf_starter_descriptors,0.25,2.82,2.9278000000000035
2509,rf_starter_descriptors,0.25,0.7,0.7612000000000001
2527,rf_starter_descriptors,0.25,1.28,1.4002000000000003
2554,rf_starter_descriptors,0.25,3.26,2.3366
2569,rf_starter_descriptors,0.25,0.96,0.9483999999999998
2590,rf_starter_descriptors,0.25,1.08,1.5638000000000005
2623,rf_starter_descriptors,0.25,2.0,1.5137999999999996
2630,rf_starter_descriptors,0.25,1.0,2.24
2632,rf_starter_descriptors,0.25,2.36,3.2689999999999997
2635,rf_starter_descriptors,0.25,2.18,1.6898000000000013
2647,rf_starter_descriptors,0.25,1.0,1.4770000000000012
2657,rf_starter_descriptors,0.25,2.44,2.2559999999999993
2665,rf_starter_descriptors,0.25,0.76,1.7210000000000008
2690,rf_starter_descriptors,0.25,1.96,1.3738000000000001
2705,rf_starter_descriptors,0.25,0.6,1.2175999999999998
2715,rf_starter_descriptors,0.25,2.16,1.7832
2747,rf_starter_descriptors,0.25,1.34,1.242399999999999
2752,rf_starter_descriptors,0.25,1.44,0.9823999999999998
2764,rf_starter_descriptors,0.25,0.88,1.0381999999999991
2767,rf_starter_descriptors,0.25,1.68,2.3328
2777,rf_starter_descriptors,0.25,1.94,1.7444000000000002
2782,rf_starter_descriptors,0.25,1.24,1.5834000000000001
2792,rf_starter_descriptors,0.25,2.1,1.5241999999999998
2799,rf_starter_descriptors,0.25,1.16,1.3511999999999977
2800,rf_starter_descriptors,0.25,2.26,2.8976000000000006
2809,rf_starter_descriptors,0.25,1.64,1.258
2812,rf_starter_descriptors,0.25,-0.58,1.2329999999999994
2826,rf_starter_descriptors,0.25,1.3,1.2451999999999999
2836,rf_starter_descriptors,0.25,2.6,1.8174000000000001
2837,rf_starter_descriptors,0.25,1.1,1.0106000000000006
2843,rf_starter_descriptors,0.25,1.88,1.6622000000000003
2849,rf_starter_descriptors,0.25,1.2,1.5727999999999995
2854,rf_starter_descriptors,0.25,1.88,1.5866000000000002
2856,rf_starter_descriptors,0.25,1.4,1.934400000000001
2864,rf_starter_descriptors,0.25,1.82,1.6762000000000006
2872,rf_starter_descriptors,0.25,-0.06,1.0989999999999995
2881,rf_starter_descriptors,0.25,1.26,1.3427999999999995
2882,rf_starter_descriptors,0.25,1.08,1.1668000000000007
2886,rf_starter_descriptors,0.25,0.94,1.3119999999999987
2887,rf_starter_descriptors,0.25,1.94,1.2404000000000004
2912,rf_starter_descriptors,0.25,0.6,1.4285999999999996
2916,rf_starter_descriptors,0.25,1.56,1.2522
2928,rf_starter_descriptors,0.25,1.46,1.1002000000000005
2935,rf_starter_descriptors,0.25,1.48,2.4226000000000014
2957,rf_starter_descriptors,0.25,1.06,1.6966000000000017
2972,rf_starter_descriptors,0.25,0.1,1.4662000000000008
2975,rf_starter_descriptors,0.25,0.56,0.9022
2976,rf_starter_descriptors,0.25,1.06,1.652599999999999
2993,rf_starter_descriptors,0.25,1.58,1.817
2997,rf_starter_descriptors,0.25,0.5,1.2638
3002,rf_starter_descriptors,0.25,2.16,1.533200000000001
3012,rf_starter_descriptors,0.25,0.9,1.4878000000000007
3025,rf_starter_descriptors,0.25,2.42,1.649000000000001
3037,rf_starter_descriptors,0.25,1.48,1.2806
3048,rf_starter_descriptors,0.25,0.48,1.036599999999999
3050,rf_starter_descriptors,0.25,1.32,1.2656
3063,rf_starter_descriptors,0.25,1.28,1.7441999999999993
3106,rf_starter_descriptors,0.25,0.42,0.9722
3115,rf_starter_descriptors,0.25,1.6,0.8402000000000011
3127,rf_starter_descriptors,0.25,1.04,1.3993999999999989
3129,rf_starter_descriptors,0.25,2.04,1.7291999999999994
3130,rf_starter_descriptors,0.25,2.76,1.3507999999999987
3141,rf_starter_descriptors,0.25,0.74,0.9253999999999994
3143,rf_starter_descriptors,0.25,1.82,1.8319999999999994
3186,rf_starter_descriptors,0.25,1.62,1.6011999999999993
3207,rf_starter_descriptors,0.25,1.38,0.6640000000000001
3238,rf_starter_descriptors,0.25,1.54,1.8612
3240,rf_starter_descriptors,0.25,1.08,1.5072000000000008
3253,rf_starter_descriptors,0.25,1.56,1.1328000000000003
3255,rf_starter_descriptors,0.25,0.2,0.7171999999999997
3272,rf_starter_descriptors,0.25,2.32,1.7438000000000013
3286,rf_starter_descriptors,0.25,0.7,1.5836000000000008
3293,rf_starter_descriptors,0.25,1.5,1.3152
3296,rf_starter_descriptors,0.25,1.52,1.2979999999999998
3309,rf_starter_descriptors,0.25,0.64,1.3951999999999996
3310,rf_starter_descriptors,0.25,0.94,1.4106
3314,rf_starter_descriptors,0.25,1.4,1.0711999999999997
3342,rf_starter_descriptors,0.25,0.78,1.0209999999999995
3356,rf_starter_descriptors,0.25,0.76,0.8528000000000003
3359,rf_starter_descriptors,0.25,0.5,1.7101999999999995
3360,rf_starter_descriptors,0.25,1.26,1.2841999999999987
3362,rf_starter_descriptors,0.25,0.92,1.1334000000000004
3374,rf_starter_descriptors,0.25,0.84,1.1411999999999995
3389,rf_starter_descriptors,0.25,1.28,1.3204000000000014
3390,rf_starter_descriptors,0.25,0.82,1.0785999999999991
3400,rf_starter_descriptors,0.25,1.18,1.4003999999999988
3402,rf_starter_descriptors,0.25,0.96,1.1218000000000006
3407,rf_starter_descriptors,0.25,1.04,0.9154000000000003
3423,rf_starter_descriptors,0.25,1.32,1.4455999999999996
3430,rf_starter_descriptors,0.25,3.12,2.4337999999999993
3434,rf_starter_descriptors,0.25,1.52,1.2846000000000004
3465,rf_starter_descriptors,0.25,1.8,1.4223999999999999
3498,rf_starter_descriptors,0.25,1.08,1.358
3532,rf_starter_descriptors,0.25,1.06,2.342
3557,rf_starter_descriptors,0.25,0.6,1.2078
3558,rf_starter_descriptors,0.25,0.78,1.1882000000000004
3569,rf_starter_descriptors,0.25,1.42,0.9668000000000001
3570,rf_starter_descriptors,0.25,2.66,1.7338000000000005
3582,rf_starter_descriptors,0.25,1.68,1.4433999999999996
3584,rf_starter_descriptors,0.25,1.16,2.4773999999999994
3585,rf_starter_descriptors,0.25,2.34,1.608799999999999
3627,rf_starter_descriptors,0.25,1.34,1.1623999999999985
3647,rf_starter_descriptors,0.25,2.0,2.361400000000001
3653,rf_starter_descriptors,0.25,0.66,1.098200000000001
3662,rf_starter_descriptors,0.25,3.2,3.1001999999999987
3671,rf_starter_descriptors,0.25,1.22,1.4461999999999995
3684,rf_starter_descriptors,0.25,0.36,1.1162000000000007
3685,rf_starter_descriptors,0.25,1.54,1.7676000000000007
3686,rf_starter_descriptors,0.25,1.16,1.406000000000001
3687,rf_starter_descriptors,0.25,2.08,1.0219999999999994
3688,rf_starter_descriptors,0.25,1.38,1.5368000000000013
3689,rf_starter_descriptors,0.25,1.7,1.5797999999999994
3691,rf_starter_descriptors,0.25,0.7,1.352800000000001
3696,rf_starter_descriptors,0.25,1.58,1.4668000000000003
3714,rf_starter_descriptors,0.25,3.48,1.3576
3717,rf_starter_descriptors,0.25,2.54,1.730800000000001
3721,rf_starter_descriptors,0.25,1.94,1.6341999999999999
3725,rf_starter_descriptors,0.25,2.88,3.0238000000000027
3734,rf_starter_descriptors,0.25,1.22,1.2694000000000007
3741,rf_starter_descriptors,0.25,1.48,1.2727999999999993
3742,rf_starter_descriptors,0.25,2.3,1.2994000000000006
3750,rf_starter_descriptors,0.25,2.88,0.7459999999999998
3756,rf_starter_descriptors,0.25,2.14,2.2777999999999987
3768,rf_starter_descriptors,0.25,1.14,1.2991999999999992
3770,rf_starter_descriptors,0.25,0.74,0.7139999999999997
3800,rf_starter_descriptors,0.25,0.82,1.3113999999999997
3822,rf_starter_descriptors,0.25,2.2,2.1386000000000003
3823,rf_starter_descriptors,0.25,1.7,1.3722000000000005
3837,rf_starter_descriptors,0.25,0.78,1.1749999999999994
3839,rf_starter_descriptors,0.25,0.94,1.097
3856,rf_starter_descriptors,0.25,1.34,1.7187999999999999
3865,rf_starter_descriptors,0.25,1.94,1.8583999999999992
3892,rf_starter_descriptors,0.25,1.12,1.1338000000000006
3904,rf_starter_descriptors,0.25,1.2,1.2674000000000003
3914,rf_starter_descriptors,0.25,0.48,0.7099999999999997
3923,rf_starter_descriptors,0.25,2.4,2.209599999999999
3927,rf_starter_descriptors,0.25,1.3,1.4085999999999996
3948,rf_starter_descriptors,0.25,1.78,2.4678000000000018
3961,rf_starter_descriptors,0.25,-0.1,0.7162000000000002
3962,rf_starter_descriptors,0.25,1.72,1.7316000000000003
3984,rf_starter_descriptors,0.25,1.2,1.5668
3995,rf_starter_descriptors,0.25,1.36,1.2189999999999999
4000,rf_starter_descriptors,0.25,1.2,1.3218000000000003
4005,rf_starter_descriptors,0.25,1.62,1.6208000000000005
4021,rf_starter_descriptors,0.25,1.32,1.2755999999999992
4043,rf_starter_descriptors,0.25,2.9,2.0402
4044,rf_starter_descriptors,0.25,0.8,1.5611999999999993
4050,rf_starter_descriptors,0.25,2.0,2.155599999999997
4057,rf_starter_descriptors,0.25,1.52,1.5131999999999999
4073,rf_starter_descriptors,0.25,1.98,1.4361999999999995
4074,rf_starter_descriptors,0.25,0.6,1.2793999999999994
4075,rf_starter_descriptors,0.25,1.62,1.0731999999999997
4083,rf_starter_descriptors,0.25,0.98,1.3056
4106,rf_starter_descriptors,0.25,1.44,1.7416
4135,rf_starter_descriptors,0.25,1.04,1.1134000000000004
4144,rf_starter_descriptors,0.25,0.98,1.2483999999999995
4202,rf_starter_descriptors,0.25,1.22,1.101399999999999
4211,rf_starter_descriptors,0.25,1.18,1.2768000000000008
4221,rf_starter_descriptors,0.25,0.94,1.2257999999999998
4227,rf_starter_descriptors,0.25,3.98,1.4254
4238,rf_starter_descriptors,0.25,1.04,1.0404
4244,rf_starter_descriptors,0.25,0.24,1.0515999999999996
4255,rf_starter_descriptors,0.25,1.16,0.7725999999999995
4256,rf_starter_descriptors,0.25,1.64,1.660600000000001
4257,rf_starter_descriptors,0.25,1.34,1.1688
4277,rf_starter_descriptors,0.25,2.26,1.9580000000000004
4281,rf_starter_descriptors,0.25,2.34,0.9768000000000003
4284,rf_starter_descriptors,0.25,0.7,1.7879999999999998
4289,rf_starter_descriptors,0.25,3.66,2.1815999999999987
4346,rf_starter_descriptors,0.25,2.1,2.5923999999999996
4349,rf_starter_descriptors,0.25,1.4,1.0570000000000004
4352,rf_starter_descriptors,0.25,1.8,1.7230000000000019
4376,rf_starter_descriptors,0.25,2.62,2.4726
4412,rf_starter_descriptors,0.25,0.18,1.2042000000000004
4429,rf_starter_descriptors,0.25,2.0,1.2471999999999996
4438,rf_starter_descriptors,0.25,3.22,1.4211999999999998
4440,rf_starter_descriptors,0.25,1.18,1.5434000000000012
4444,rf_starter_descriptors,0.25,1.42,1.4225999999999999
4445,rf_starter_descriptors,0.25,0.48,0.7400000000000004
4458,rf_starter_descriptors,0.25,1.36,1.2003999999999992
4467,rf_starter_descriptors,0.25,3.02,1.8148000000000002
4472,rf_starter_descriptors,0.25,2.24,1.3715999999999995
4482,rf_starter_descriptors,0.25,1.1,1.1638000000000008
4491,rf_starter_descriptors,0.25,1.02,0.3324000000000001
4504,rf_starter_descriptors,0.25,1.62,1.8296000000000001
4512,rf_starter_descriptors,0.25,1.34,1.088600000000001
4520,rf_starter_descriptors,0.25,1.52,2.0729999999999995
4522,rf_starter_descriptors,0.25,1.38,0.8798000000000006
4526,rf_starter_descriptors,0.25,1.84,1.2073999999999991
4535,rf_starter_descriptors,0.25,0.74,1.5739999999999994
4545,rf_starter_descriptors,0.25,0.8,1.0558000000000007
4547,rf_starter_descriptors,0.25,0.44,1.1430000000000002
4551,rf_starter_descriptors,0.25,1.32,1.1627999999999992
4555,rf_starter_descriptors,0.25,0.94,1.0746000000000002
4569,rf_starter_descriptors,0.25,1.64,1.7312000000000005
4573,rf_starter_descriptors,0.25,1.04,1.2894000000000008
4574,rf_starter_descriptors,0.25,0.38,0.985
4581,rf_starter_descriptors,0.25,1.96,2.4819999999999998
4615,rf_starter_descriptors,0.25,2.3,1.3237999999999996
4631,rf_starter_descriptors,0.25,1.74,1.3255999999999992
4632,rf_starter_descriptors,0.25,0.84,0.8933999999999997
4642,rf_starter_descriptors,0.25,0.84,0.8939999999999998
4671,rf_starter_descriptors,0.25,1.02,1.0864
4673,rf_starter_descriptors,0.25,4.34,2.188800000000001
4676,rf_starter_descriptors,0.25,0.68,0.7648000000000001
4677,rf_starter_descriptors,0.25,1.42,1.4550000000000016
4684,rf_starter_descriptors,0.25,1.08,1.3053999999999994
4720,rf_starter_descriptors,0.25,3.54,2.3550000000000013
4724,rf_starter_descriptors,0.25,1.8,1.6779999999999984
4730,rf_starter_descriptors,0.25,1.54,1.1971999999999996
4744,rf_starter_descriptors,0.25,1.96,1.1805999999999996
4753,rf_starter_descriptors,0.25,1.2,1.3751999999999993
4754,rf_starter_descriptors,0.25,1.36,1.6846
4769,rf_starter_descriptors,0.25,1.42,1.2599999999999985
4781,rf_starter_descriptors,0.25,0.86,0.8744000000000003
4795,rf_starter_descriptors,0.25,1.06,1.0994000000000002
4802,rf_starter_descriptors,0.25,1.56,1.5767999999999993
4806,rf_starter_descriptors,0.25,1.52,0.9597999999999999
4812,rf_starter_descriptors,0.25,0.6,1.4558000000000002
4814,rf_starter_descriptors,0.25,1.66,1.6722000000000004
4828,rf_starter_descriptors,0.25,1.78,1.3153999999999995
4830,rf_starter_descriptors,0.25,2.1,1.7386000000000001
4873,rf_starter_descriptors,0.25,2.58,1.8867999999999983
4877,rf_starter_descriptors,0.25,2.32,3.0873999999999984
4894,rf_starter_descriptors,0.25,1.18,1.7575999999999994
4899,rf_starter_descriptors,0.25,1.08,1.479400000000001
4901,rf_starter_descriptors,0.25,0.96,0.972400000000001
4903,rf_starter_descriptors,0.25,1.58,0.9580000000000005
4908,rf_starter_descriptors,0.25,1.02,1.4601999999999997
4919,rf_starter_descriptors,0.25,3.86,2.2831999999999995
4932,rf_starter_descriptors,0.25,2.0,1.1260000000000006
4937,rf_starter_descriptors,0.25,1.7,1.1642000000000012
4941,rf_starter_descriptors,0.25,1.68,1.3004000000000002
4945,rf_starter_descriptors,0.25,3.12,3.031000000000002
4947,rf_starter_descriptors,0.25,1.24,1.1118000000000003
4965,rf_starter_descriptors,0.25,1.22,1.4523999999999992
4982,rf_starter_descriptors,0.25,0.58,0.7645999999999998
4983,rf_starter_descriptors,0.25,2.7,2.3417999999999974
4997,rf_starter_descriptors,0.25,1.28,1.2218000000000002
5001,rf_starter_descriptors,0.25,1.42,0.8717999999999995
5010,rf_starter_descriptors,0.25,2.52,1.7389999999999992
5012,rf_starter_descriptors,0.25,1.58,1.368
5025,rf_starter_descriptors,0.25,1.04,1.2645999999999993
5041,rf_starter_descriptors,0.25,1.8,1.0734000000000004
5043,rf_starter_descriptors,0.25,1.08,1.6118000000000017
5057,rf_starter_descriptors,0.25,1.44,1.8338000000000008
5058,rf_starter_descriptors,0.25,0.7,1.3861999999999994
5064,rf_starter_descriptors,0.25,1.28,1.7634000000000005
5096,rf_starter_descriptors,0.25,4.36,1.9114000000000004
5097,rf_starter_descriptors,0.25,2.5,1.8804000000000005
5101,rf_starter_descriptors,0.25,3.74,2.955999999999999
5108,rf_starter_descriptors,0.25,1.22,1.7348
5152,rf_starter_descriptors,0.25,2.76,2.9354
5156,rf_starter_descriptors,0.25,1.4,1.1076000000000001
5167,rf_starter_descriptors,0.25,0.56,1.0513999999999997
5176,rf_starter_descriptors,0.25,1.46,1.2903999999999995
5182,rf_starter_descriptors,0.25,2.68,2.254200000000001
5184,rf_starter_descriptors,0.25,1.18,1.2695999999999998
5197,rf_starter_descriptors,0.25,1.74,1.7096000000000005
5208,rf_starter_descriptors,0.25,1.14,1.3233999999999992
5213,rf_starter_descriptors,0.25,2.1,1.4567999999999983
5216,rf_starter_descriptors,0.25,2.08,1.9688000000000003
5218,rf_starter_descriptors,0.25,0.62,0.7296000000000004
5219,rf_starter_descriptors,0.25,2.18,1.9472000000000012
5258,rf_starter_descriptors,0.25,0.86,2.2958000000000007
5268,rf_starter_descriptors,0.25,1.58,1.1768000000000007
5275,rf_starter_descriptors,0.25,0.46,2.1682000000000023
5279,rf_starter_descriptors,0.25,2.48,1.6213999999999995
5282,rf_starter_descriptors,0.25,2.06,1.4646000000000006
5288,rf_starter_descriptors,0.25,2.68,2.1353999999999993
5295,rf_starter_descriptors,0.25,1.04,1.2106
5298,rf_starter_descriptors,0.25,1.5,2.6752000000000016
5331,rf_starter_descriptors,0.25,1.56,1.6534000000000004
5335,rf_starter_descriptors,0.25,0.62,1.1483999999999996
5339,rf_starter_descriptors,0.25,2.64,1.6854000000000005
5348,rf_starter_descriptors,0.25,1.68,1.9776000000000002
5350,rf_starter_descriptors,0.25,0.42,1.0022
5356,rf_starter_descriptors,0.25,1.84,1.4091999999999998
5372,rf_starter_descriptors,0.25,2.42,1.5837999999999999
5389,rf_starter_descriptors,0.25,0.96,1.518999999999999
5393,rf_starter_descriptors,0.25,3.0,2.1229999999999993
5403,rf_starter_descriptors,0.25,1.9,1.4920000000000002
5409,rf_starter_descriptors,0.25,0.66,1.2480000000000002
5412,rf_starter_descriptors,0.25,0.72,0.8583999999999996
5415,rf_starter_descriptors,0.25,2.38,2.752399999999999
5455,rf_starter_descriptors,0.25,1.04,0.9662000000000002
5481,rf_starter_descriptors,0.25,1.56,1.2343999999999993
5491,rf_starter_descriptors,0.25,1.12,1.4299999999999997
5492,rf_starter_descriptors,0.25,1.88,0.9284
5493,rf_starter_descriptors,0.25,1.46,1.307399999999999
5497,rf_starter_descriptors,0.25,0.9,1.2037999999999993
5503,rf_starter_descriptors,0.25,1.48,1.3982000000000006
5509,rf_starter_descriptors,0.25,1.22,1.0946000000000007
5512,rf_starter_descriptors,0.25,1.18,1.8664000000000005
5514,rf_starter_descriptors,0.25,1.48,1.1269999999999996
5535,rf_starter_descriptors,0.25,1.34,1.1394000000000006
5574,rf_starter_descriptors,0.25,1.62,0.6887999999999996
5599,rf_starter_descriptors,0.25,1.32,1.1594000000000002
5602,rf_starter_descriptors,0.25,0.68,1.2422
5616,rf_starter_descriptors,0.25,1.02,1.0728000000000004
5617,rf_starter_descriptors,0.25,0.92,0.9647999999999999
5635,rf_starter_descriptors,0.25,1.08,2.089200000000001
5669,rf_starter_descriptors,0.25,2.6,1.7788000000000002
5680,rf_starter_descriptors,0.25,0.34,0.709
5688,rf_starter_descriptors,0.25,1.4,1.1424
5706,rf_starter_descriptors,0.25,0.74,0.9540000000000003
5727,rf_starter_descriptors,0.25,0.3,1.1964000000000012
5729,rf_starter_descriptors,0.25,1.08,0.6031999999999995
5748,rf_starter_descriptors,0.25,1.12,1.2052000000000005
5757,rf_starter_descriptors,0.25,1.38,1.2319999999999995
5769,rf_starter_descriptors,0.25,0.94,0.8205999999999999
5822,rf_starter_descriptors,0.25,1.02,1.043
5839,rf_starter_descriptors,0.25,0.88,1.7744000000000006
5842,rf_starter_descriptors,0.25,2.62,1.9498000000000004
5857,rf_starter_descriptors,0.25,1.44,1.8635999999999995
5868,rf_starter_descriptors,0.25,2.3,2.141000000000002
5883,rf_starter_descriptors,0.25,1.5,2.4884000000000026
5905,rf_starter_descriptors,0.25,1.3,0.9645999999999995
5906,rf_starter_descriptors,0.25,3.06,2.1867999999999967
5909,rf_starter_descriptors,0.25,1.16,1.0469999999999995
5910,rf_starter_descriptors,0.25,0.3,0.9885999999999993
5930,rf_starter_descriptors,0.25,2.4,1.9334
5939,rf_starter_descriptors,0.25,1.06,1.0583999999999996
5950,rf_starter_descriptors,0.25,0.4,0.8286000000000007
5960,rf_starter_descriptors,0.25,0.32,0.9874
5996,rf_starter_descriptors,0.25,0.5,1.1688000000000003
6002,rf_starter_descriptors,0.25,0.68,1.5132000000000003
6009,rf_starter_descriptors,0.25,1.72,1.2684
6015,rf_starter_descriptors,0.25,2.98,2.9828
6021,rf_starter_descriptors,0.25,0.68,1.7816000000000007
6052,rf_starter_descriptors,0.25,1.52,1.0017999999999998
6056,rf_starter_descriptors,0.25,1.8,1.8770000000000013
6057,rf_starter_descriptors,0.25,2.42,1.7046000000000003
6062,rf_starter_descriptors,0.25,1.96,2.5031999999999983
6065,rf_starter_descriptors,0.25,1.42,1.5731999999999993
6081,rf_starter_descriptors,0.25,1.18,1.369200000000001
6092,rf_starter_descriptors,0.25,0.54,1.4805999999999995
6103,rf_starter_descriptors,0.25,1.46,1.1175999999999988
6106,rf_starter_descriptors,0.25,1.1,1.7272000000000005
6114,rf_starter_descriptors,0.25,1.94,1.0260000000000005
6121,rf_starter_descriptors,0.25,0.86,0.7406000000000001
6123,rf_starter_descriptors,0.25,1.58,1.6866000000000008
6137,rf_starter_descriptors,0.25,0.62,1.1591999999999991
6142,rf_starter_descriptors,0.25,0.68,0.9712000000000007
6156,rf_starter_descriptors,0.25,0.7,0.8768
6164,rf_starter_descriptors,0.25,1.12,1.042999999999999
6167,rf_starter_descriptors,0.25,1.5,1.1942000000000004
6177,rf_starter_descriptors,0.25,2.68,2.0506
6189,rf_starter_descriptors,0.25,1.02,0.9835999999999998
6192,rf_starter_descriptors,0.25,0.54,1.2065999999999995
6220,rf_starter_descriptors,0.25,1.14,1.1117999999999997
6234,rf_starter_descriptors,0.25,1.38,1.4979999999999998
6268,rf_starter_descriptors,0.25,0.82,1.2764000000000004
6281,rf_starter_descriptors,0.25,0.76,1.9108000000000018
6285,rf_starter_descriptors,0.25,0.8,0.9222000000000008
6293,rf_starter_descriptors,0.25,1.36,1.5456
6294,rf_starter_descriptors,0.25,0.74,2.0972000000000013
6295,rf_starter_descriptors,0.25,1.78,2.131800000000001
6314,rf_starter_descriptors,0.25,1.12,1.4383999999999995
6324,rf_starter_descriptors,0.25,2.0,1.783
6343,rf_starter_descriptors,0.25,1.82,1.741200000000001
6352,rf_starter_descriptors,0.25,1.08,1.3841999999999997
6354,rf_starter_descriptors,0.25,2.1,1.238200000000001
6357,rf_starter_descriptors,0.25,1.46,1.8747999999999991
6358,rf_starter_descriptors,0.25,1.08,1.5467999999999997
6403,rf_starter_descriptors,0.25,1.6,2.048199999999998
6407,rf_starter_descriptors,0.25,2.7,3.285
6415,rf_starter_descriptors,0.25,1.76,1.6302000000000008
6420,rf_starter_descriptors,0.25,1.16,0.8844
6421,rf_starter_descriptors,0.25,1.64,1.2803999999999993
6432,rf_starter_descriptors,0.25,0.8,1.3117999999999992
6444,rf_starter_descriptors,0.25,0.48,1.3300000000000003
6448,rf_starter_descriptors,0.25,2.88,1.8250000000000002
6451,rf_starter_descriptors,0.25,1.3,1.6345999999999992
6453,rf_starter_descriptors,0.25,1.0,1.6358000000000006
6466,rf_starter_descriptors,0.25,0.36,0.7240000000000003
6471,rf_starter_descriptors,0.25,1.44,1.2568000000000004
6472,rf_starter_descriptors,0.25,0.62,0.973
6476,rf_starter_descriptors,0.25,1.72,1.5702
6480,rf_starter_descriptors,0.25,1.38,1.3744000000000003
6483,rf_starter_descriptors,0.25,1.58,1.5084
6488,rf_starter_descriptors,0.25,1.44,1.3057999999999998
6493,rf_starter_descriptors,0.25,1.98,1.5641999999999994
6497,rf_starter_descriptors,0.25,1.9,1.3581999999999994
6506,rf_starter_descriptors,0.25,0.62,1.5173999999999999
6508,rf_starter_descriptors,0.25,0.78,1.1038
6511,rf_starter_descriptors,0.25,0.84,1.1361999999999997
6512,rf_starter_descriptors,0.25,1.72,1.283
6514,rf_starter_descriptors,0.25,0.62,1.9678000000000007
6516,rf_starter_descriptors,0.25,2.78,2.667600000000001
6541,rf_starter_descriptors,0.25,2.48,1.846799999999998
6586,rf_starter_descriptors,0.25,0.56,0.9687999999999996
6590,rf_starter_descriptors,0.25,0.22,0.8863999999999999
6630,rf_starter_descriptors,0.25,1.66,1.4428
6631,rf_starter_descriptors,0.25,0.88,0.8211999999999997
6646,rf_starter_descriptors,0.25,0.96,0.6968000000000001
6647,rf_starter_descriptors,0.25,1.48,1.2238000000000009
6665,rf_starter_descriptors,0.25,2.22,0.8826000000000009
6680,rf_starter_descriptors,0.25,1.66,0.8632000000000001
6708,rf_starter_descriptors,0.25,1.2,1.1258000000000006
6734,rf_starter_descriptors,0.25,2.22,1.7476000000000007
6741,rf_starter_descriptors,0.25,1.78,1.6383999999999983
6746,rf_starter_descriptors,0.25,0.66,1.2710000000000006
6750,rf_starter_descriptors,0.25,2.52,1.9994000000000003
6753,rf_starter_descriptors,0.25,1.3,1.1933999999999998
6761,rf_starter_descriptors,0.25,1.5,1.2588000000000004
6769,rf_starter_descriptors,0.25,2.16,2.137399999999999
6810,rf_starter_descriptors,0.25,2.5,1.5512000000000006
6824,rf_starter_descriptors,0.25,1.22,0.9984000000000003
6826,rf_starter_descriptors,0.25,0.38,1.2399999999999998
6829,rf_starter_descriptors,0.25,1.42,1.5830000000000013
6836,rf_starter_descriptors,0.25,0.36,1.2920000000000007
6842,rf_starter_descriptors,0.25,1.88,1.6926000000000014
6846,rf_starter_descriptors,0.25,0.56,0.7852000000000002
6850,rf_starter_descriptors,0.25,0.66,1.3184000000000002
6871,rf_starter_descriptors,0.25,1.94,1.9260000000000006
6884,rf_starter_descriptors,0.25,0.96,1.7671999999999988
6913,rf_starter_descriptors,0.25,1.5,1.6828000000000003
6925,rf_starter_descriptors,0.25,2.38,1.3511999999999997
6940,rf_starter_descriptors,0.25,3.4,1.6365999999999994
6955,rf_starter_descriptors,0.25,0.92,1.103599999999999
6975,rf_starter_descriptors,0.25,1.38,1.1999999999999995
6987,rf_starter_descriptors,0.25,1.22,0.8439999999999995
7010,rf_starter_descriptors,0.25,1.48,1.3823999999999996
7017,rf_starter_descriptors,0.25,0.92,1.3090000000000004
7027,rf_starter_descriptors,0.25,0.66,1.0253999999999996
7035,rf_starter_descriptors,0.25,2.26,1.3546
7058,rf_starter_descriptors,0.25,2.1,2.1151999999999997
7061,rf_starter_descriptors,0.25,0.7,1.0161999999999993
7065,rf_starter_descriptors,0.25,1.78,1.2604000000000017
7067,rf_starter_descriptors,0.25,1.16,0.9112000000000002
7069,rf_starter_descriptors,0.25,2.08,1.7218
7073,rf_starter_descriptors,0.25,2.4,1.8692000000000004
7074,rf_starter_descriptors,0.25,0.76,1.3785999999999998
7088,rf_starter_descriptors,0.25,0.94,1.7175999999999996
7128,rf_starter_descriptors,0.25,0.46,1.3406000000000002
7166,rf_starter_descriptors,0.25,1.14,1.3762
7178,rf_starter_descriptors,0.25,1.5,1.4294000000000011
7193,rf_starter_descriptors,0.25,2.14,0.9818000000000003
7194,rf_starter_descriptors,0.25,1.44,1.5649999999999997
7209,rf_starter_descriptors,0.25,2.06,1.905199999999999
7218,rf_starter_descriptors,0.25,0.78,1.1637999999999997
7221,rf_starter_descriptors,0.25,0.0,1.1946000000000003
7234,rf_starter_descriptors,0.25,1.36,1.1774000000000013
7255,rf_starter_descriptors,0.25,3.12,2.3382000000000005
7256,rf_starter_descriptors,0.25,0.46,0.8489999999999995
7257,rf_starter_descriptors,0.25,0.16,0.8768000000000004
7264,rf_starter_descriptors,0.25,1.7,1.7325999999999993
7265,rf_starter_descriptors,0.25,2.1,1.7185999999999988
7281,rf_starter_descriptors,0.25,1.08,0.8938000000000003
7282,rf_starter_descriptors,0.25,0.76,1.1868000000000005
7285,rf_starter_descriptors,0.25,0.84,1.1710000000000005
7293,rf_starter_descriptors,0.25,1.0,1.1544000000000012
7297,rf_starter_descriptors,0.25,2.26,2.4262
7303,rf_starter_descriptors,0.25,2.3,2.3018000000000005
7320,rf_starter_descriptors,0.25,0.94,1.4376
7334,rf_starter_descriptors,0.25,1.2,1.3905999999999992
7342,rf_starter_descriptors,0.25,2.34,1.7502000000000004
7346,rf_starter_descriptors,0.25,2.84,1.9574000000000007
7347,rf_starter_descriptors,0.25,1.78,1.6918000000000006
7349,rf_starter_descriptors,0.25,1.4,2.381400000000001
7359,rf_starter_descriptors,0.25,1.84,1.5718
7365,rf_starter_descriptors,0.25,1.26,1.1623999999999999
7375,rf_starter_descriptors,0.25,1.96,1.7593999999999992
7396,rf_starter_descriptors,0.25,1.82,1.9360000000000013
7405,rf_starter_descriptors,0.25,1.6,1.3972000000000007
7410,rf_starter_descriptors,0.25,1.76,1.394600000000001
7415,rf_starter_descriptors,0.25,-0.24,0.924
7425,rf_starter_descriptors,0.25,0.26,1.1576
7456,rf_starter_descriptors,0.25,1.86,1.5833999999999997
7458,rf_starter_descriptors,0.25,1.38,1.215000000000001
7469,rf_starter_descriptors,0.25,1.98,1.5006
7482,rf_starter_descriptors,0.25,1.14,1.455
7500,rf_starter_descriptors,0.25,1.36,1.3630000000000004
7516,rf_starter_descriptors,0.25,1.44,1.4092000000000002
7543,rf_starter_descriptors,0.25,1.7,1.9483999999999988
7547,rf_starter_descriptors,0.25,1.52,1.6050000000000009
7549,rf_starter_descriptors,0.25,1.5,1.465200000000001
7560,rf_starter_descriptors,0.25,2.36,2.284200000000001
7570,rf_starter_descriptors,0.25,0.34,1.3396000000000001
7571,rf_starter_descriptors,0.25,1.44,1.1471999999999996
7591,rf_starter_descriptors,0.25,1.54,2.0128000000000004
7598,rf_starter_descriptors,0.25,1.0,1.3492000000000002
7603,rf_starter_descriptors,0.25,1.82,1.0853999999999997
7608,rf_starter_descriptors,0.25,1.44,1.4310000000000005
7617,rf_starter_descriptors,0.25,1.18,2.1268
7621,rf_starter_descriptors,0.25,1.5,1.4137999999999997
7643,rf_starter_descriptors,0.25,1.02,1.2449999999999997
7652,rf_starter_descriptors,0.25,1.48,1.6858000000000004
7664,rf_starter_descriptors,0.25,1.54,1.2779999999999998
7670,rf_starter_descriptors,0.25,1.54,1.8648000000000018
7679,rf_starter_descriptors,0.25,3.62,2.8042000000000002
7690,rf_starter_descriptors,0.25,1.7,1.3120000000000003
7725,rf_starter_descriptors,0.25,1.12,0.8434000000000001
7728,rf_starter_descriptors,0.25,1.34,1.5604000000000005
7729,rf_starter_descriptors,0.25,1.48,1.6816000000000004
7737,rf_starter_descriptors,0.25,0.84,1.0416000000000005
7745,rf_starter_descriptors,0.25,1.5,0.9247999999999996
7747,rf_starter_descriptors,0.25,1.2,1.2740000000000002
7752,rf_starter_descriptors,0.25,1.68,1.7045999999999992
7773,rf_starter_descriptors,0.25,1.26,1.4388000000000007
7777,rf_starter_descriptors,0.25,1.28,1.2181999999999993
7780,rf_starter_descriptors,0.25,1.64,1.1124
7791,rf_starter_descriptors,0.25,1.58,1.1224000000000003
7803,rf_starter_descriptors,0.25,1.1,1.1588000000000007
7812,rf_starter_descriptors,0.25,1.58,1.9346000000000014
7828,rf_starter_descriptors,0.25,1.84,1.4881999999999997
7830,rf_starter_descriptors,0.25,1.76,1.8172000000000004
7870,rf_starter_descriptors,0.25,1.08,1.0928000000000009
7890,rf_starter_descriptors,0.25,1.38,1.3164000000000013
7891,rf_starter_descriptors,0.25,1.98,1.0460000000000007
7894,rf_starter_descriptors,0.25,2.84,2.4438000000000004
7898,rf_starter_descriptors,0.25,1.04,1.999600000000001
7899,rf_starter_descriptors,0.25,1.0,1.1130000000000007
7908,rf_starter_descriptors,0.25,0.8,1.0822000000000005
7924,rf_starter_descriptors,0.25,0.88,1.1795999999999993
7927,rf_starter_descriptors,0.25,1.48,1.3109999999999993
7929,rf_starter_descriptors,0.25,1.34,1.0072000000000003
7941,rf_starter_descriptors,0.25,0.76,1.723799999999999
7955,rf_starter_descriptors,0.25,1.54,1.2604
7966,rf_starter_descriptors,0.25,1.08,1.5213999999999988
7973,rf_starter_descriptors,0.25,1.8,1.7478000000000007
7982,rf_starter_descriptors,0.25,1.72,1.3567999999999998
8022,rf_starter_descriptors,0.25,3.26,2.1563999999999997
8025,rf_starter_descriptors,0.25,2.32,2.2204
8028,rf_starter_descriptors,0.25,1.32,1.340599999999999
8035,rf_starter_descriptors,0.25,1.54,1.3964000000000005
8060,rf_starter_descriptors,0.25,1.26,1.2036
8068,rf_starter_descriptors,0.25,2.3,2.0145999999999997
8073,rf_starter_descriptors,0.25,0.94,1.0783999999999998
8074,rf_starter_descriptors,0.25,0.8,1.2910000000000008
8086,rf_starter_descriptors,0.25,0.9,1.8922000000000008
8094,rf_starter_descriptors,0.25,2.98,1.9074000000000009
8108,rf_starter_descriptors,0.25,1.56,1.5393999999999997
8125,rf_starter_descriptors,0.25,2.46,2.7695999999999974
8146,rf_starter_descriptors,0.25,0.5,1.7952000000000004
8148,rf_starter_descriptors,0.25,1.42,1.0124000000000002
8180,rf_starter_descriptors,0.25,1.94,1.4494000000000002
8183,rf_starter_descriptors,0.25,1.84,1.5645999999999995
8187,rf_starter_descriptors,0.25,1.52,1.9474000000000005
8189,rf_starter_descriptors,0.25,2.32,1.6693999999999993
8197,rf_starter_descriptors,0.25,1.48,1.1788000000000003
8207,rf_starter_descriptors,0.25,0.76,1.3108000000000002
8227,rf_starter_descriptors,0.25,1.88,1.496800000000001
8229,rf_starter_descriptors,0.25,1.66,1.4942
8242,rf_starter_descriptors,0.25,1.24,1.1869999999999996
8246,rf_starter_descriptors,0.25,2.04,2.472800000000002
8263,rf_starter_descriptors,0.25,1.66,1.822
8269,rf_starter_descriptors,0.25,1.3,1.7260000000000009
8276,rf_starter_descriptors,0.25,0.86,1.418
8289,rf_starter_descriptors,0.25,0.86,0.9076000000000006
8296,rf_starter_descriptors,0.25,2.66,1.6347999999999994
8299,rf_starter_descriptors,0.25,1.7,1.378799999999999
8313,rf_starter_descriptors,0.25,4.04,3.247
8329,rf_starter_descriptors,0.25,1.46,1.2257999999999996
8335,rf_starter_descriptors,0.25,1.94,2.0507999999999984
8343,rf_starter_descriptors,0.25,0.7,1.0136
8345,rf_starter_descriptors,0.25,0.52,1.2858000000000007
8350,rf_starter_descriptors,0.25,2.2,1.7467999999999997
8359,rf_starter_descriptors,0.25,1.88,1.3023999999999993
8367,rf_starter_descriptors,0.25,0.62,1.1010000000000004
8377,rf_starter_descriptors,0.25,0.66,1.3548000000000007
8387,rf_starter_descriptors,0.25,1.42,1.3792
8402,rf_starter_descriptors,0.25,0.96,1.7420000000000002
8409,rf_starter_descriptors,0.25,1.32,1.2294000000000005
8414,rf_starter_descriptors,0.25,1.38,1.1609999999999994
8422,rf_starter_descriptors,0.25,1.0,1.0606000000000007
8446,rf_starter_descriptors,0.25,2.52,1.2202000000000006
8455,rf_starter_descriptors,0.25,0.7,1.3418000000000003
8457,rf_starter_descriptors,0.25,0.56,0.8562000000000001
8458,rf_starter_descriptors,0.25,1.32,1.5617999999999994
8464,rf_starter_descriptors,0.25,2.94,1.8365999999999998
8487,rf_starter_descriptors,0.25,0.52,1.1547999999999994
8508,rf_starter_descriptors,0.25,0.76,1.0715999999999994
8511,rf_starter_descriptors,0.25,1.3,1.0768000000000009
8517,rf_starter_descriptors,0.25,1.54,1.2721999999999998
8537,rf_starter_descriptors,0.25,2.18,1.5754
8538,rf_starter_descriptors,0.25,1.38,1.2744000000000009
8568,rf_starter_descriptors,0.25,1.86,0.7993999999999999
8586,rf_starter_descriptors,0.25,1.82,0.7265999999999996
8608,rf_starter_descriptors,0.25,1.16,1.3865999999999996
8610,rf_starter_descriptors,0.25,0.54,1.1963999999999992
8615,rf_starter_descriptors,0.25,0.34,0.6741999999999995
8618,rf_starter_descriptors,0.25,1.98,1.7680000000000005
8620,rf_starter_descriptors,0.25,1.84,1.4563999999999995
8634,rf_starter_descriptors,0.25,1.68,1.6615999999999993
8636,rf_starter_descriptors,0.25,1.32,1.4786
8663,rf_starter_descriptors,0.25,1.76,1.7438000000000002
8678,rf_starter_descriptors,0.25,1.92,1.6609999999999991
8682,rf_starter_descriptors,0.25,0.92,1.5645999999999995
8683,rf_starter_descriptors,0.25,0.36,1.2656
8695,rf_starter_descriptors,0.25,0.86,0.9318000000000002
8697,rf_starter_descriptors,0.25,1.38,1.3945999999999996
8708,rf_starter_descriptors,0.25,1.3,1.5558000000000007
8712,rf_starter_descriptors,0.25,1.32,1.2559999999999996
8713,rf_starter_descriptors,0.25,0.1,0.8894000000000004
8718,rf_starter_descriptors,0.25,1.14,1.4406000000000003
8720,rf_starter_descriptors,0.25,1.48,1.6300000000000003
8723,rf_starter_descriptors,0.25,0.9,0.8252000000000004
8738,rf_starter_descriptors,0.25,0.82,1.2826000000000002
8744,rf_starter_descriptors,0.25,0.76,1.4165999999999996
8746,rf_starter_descriptors,0.25,0.22,1.4518000000000004
8768,rf_starter_descriptors,0.25,1.76,1.3008000000000006
8779,rf_starter_descriptors,0.25,3.88,3.358599999999999
8782,rf_starter_descriptors,0.25,2.46,2.0543999999999984
8783,rf_starter_descriptors,0.25,2.8,2.6546000000000025
8785,rf_starter_descriptors,0.25,1.56,1.6212
8797,rf_starter_descriptors,0.25,0.12,0.9943999999999998
8814,rf_starter_descriptors,0.25,2.56,2.114800000000001
8843,rf_starter_descriptors,0.25,1.52,2.3878000000000013
8868,rf_starter_descriptors,0.25,1.18,1.2454000000000007
8878,rf_starter_descriptors,0.25,1.72,1.5449999999999986
8916,rf_starter_descriptors,0.25,1.22,0.891600000000001
8923,rf_starter_descriptors,0.25,1.42,0.9276000000000002
8925,rf_starter_descriptors,0.25,3.94,2.985400000000002
8927,rf_starter_descriptors,0.25,1.34,1.2218000000000004
8948,rf_starter_descriptors,0.25,1.26,0.8810000000000002
8953,rf_starter_descriptors,0.25,1.66,1.4042000000000003
8973,rf_starter_descriptors,0.25,1.3,1.6558000000000002
8984,rf_starter_descriptors,0.25,1.12,1.0992000000000002
8986,rf_starter_descriptors,0.25,1.02,0.9305999999999994
8992,rf_starter_descriptors,0.25,1.48,1.9621999999999986
9003,rf_starter_descriptors,0.25,2.14,1.624
9012,rf_starter_descriptors,0.25,1.38,1.2324000000000006
9013,rf_starter_descriptors,0.25,0.88,1.9880000000000009
9032,rf_starter_descriptors,0.25,1.72,1.6213999999999984
9038,rf_starter_descriptors,0.25,1.9,1.8332000000000008
9045,rf_starter_descriptors,0.25,1.28,1.8446
9049,rf_starter_descriptors,0.25,0.78,0.9891999999999996
9062,rf_starter_descriptors,0.25,1.14,1.2389999999999997
9065,rf_starter_descriptors,0.25,2.76,2.7248000000000006
9080,rf_starter_descriptors,0.25,1.34,1.1752000000000005
9096,rf_starter_descriptors,0.25,1.1,0.9413999999999997
9100,rf_starter_descriptors,0.25,2.8,1.4928000000000008
9105,rf_starter_descriptors,0.25,1.2,1.1623999999999983
9113,rf_starter_descriptors,0.25,1.38,1.2241999999999997
9115,rf_starter_descriptors,0.25,0.54,0.7423999999999995
9124,rf_starter_descriptors,0.25,0.72,0.9940000000000007
9129,rf_starter_descriptors,0.25,3.7,2.5512000000000015
9139,rf_starter_descriptors,0.25,1.0,1.7556000000000003
9154,rf_starter_descriptors,0.25,1.78,2.2940000000000014
9191,rf_starter_descriptors,0.25,1.64,2.202799999999999
9196,rf_starter_descriptors,0.25,1.72,1.1908000000000014
9207,rf_starter_descriptors,0.25,3.52,2.363199999999999
9212,rf_starter_descriptors,0.25,1.36,1.4418000000000004
9221,rf_starter_descriptors,0.25,0.92,0.7818000000000004
9238,rf_starter_descriptors,0.25,1.22,1.4928
9240,rf_starter_descriptors,0.25,1.84,2.059800000000001
9242,rf_starter_descriptors,0.25,4.08,2.845
9254,rf_starter_descriptors,0.25,2.2,1.4417999999999989
9277,rf_starter_descriptors,0.25,0.42,1.984199999999999
9283,rf_starter_descriptors,0.25,0.14,1.133000000000002
9285,rf_starter_descriptors,0.25,2.48,1.9330000000000005
9294,rf_starter_descriptors,0.25,1.84,1.8248
9296,rf_starter_descriptors,0.25,1.58,1.1278000000000008
9307,rf_starter_descriptors,0.25,0.7,1.156399999999999
9312,rf_starter_descriptors,0.25,2.3,3.1316
9322,rf_starter_descriptors,0.25,2.1,1.0947999999999998
9340,rf_starter_descriptors,0.25,2.3,1.973
9341,rf_starter_descriptors,0.25,1.8,1.1040000000000005
9351,rf_starter_descriptors,0.25,1.12,0.9383999999999993
9352,rf_starter_descriptors,0.25,2.14,2.2978000000000014
9353,rf_starter_descriptors,0.25,3.02,1.7134000000000003
9356,rf_starter_descriptors,0.25,1.12,1.2475999999999994
9357,rf_starter_descriptors,0.25,0.82,1.497
9376,rf_starter_descriptors,0.25,1.98,1.365399999999999
9377,rf_starter_descriptors,0.25,2.26,1.9778000000000031
9396,rf_starter_descriptors,0.25,0.82,0.7501999999999996
9397,rf_starter_descriptors,0.25,4.24,1.9801999999999997
9422,rf_starter_descriptors,0.25,1.7,1.2626
9425,rf_starter_descriptors,0.25,2.4,1.6536
9432,rf_starter_descriptors,0.25,0.68,0.7820000000000001
9438,rf_starter_descriptors,0.25,2.58,1.666799999999999
9439,rf_starter_descriptors,0.25,0.92,1.9557999999999995
9440,rf_starter_descriptors,0.25,1.22,1.3054
9465,rf_starter_descriptors,0.25,1.72,1.1459999999999995
9480,rf_starter_descriptors,0.25,2.14,1.8156
9481,rf_starter_descriptors,0.25,2.92,2.474600000000002
9506,rf_starter_descriptors,0.25,1.52,2.5491999999999995
9508,rf_starter_descriptors,0.25,2.16,1.6833999999999996
9519,rf_starter_descriptors,0.25,1.58,1.1179999999999983
9520,rf_starter_descriptors,0.25,1.28,1.8585999999999994
9522,rf_starter_descriptors,0.25,2.18,1.4457999999999995
9529,rf_starter_descriptors,0.25,0.68,1.5574000000000001
9535,rf_starter_descriptors,0.25,1.78,1.357000000000001
9536,rf_starter_descriptors,0.25,1.16,1.6320000000000006
9538,rf_starter_descriptors,0.25,0.56,1.0752000000000002
9561,rf_starter_descriptors,0.25,1.7,1.5076000000000003
9572,rf_starter_descriptors,0.25,1.28,1.2758
9576,rf_starter_descriptors,0.25,1.58,1.8562000000000014
9601,rf_starter_descriptors,0.25,1.4,1.7882000000000002
9602,rf_starter_descriptors,0.25,1.92,1.815800000000001
9607,rf_starter_descriptors,0.25,0.2,1.2151999999999998
9608,rf_starter_descriptors,0.25,0.12,1.345
9610,rf_starter_descriptors,0.25,0.46,1.3424000000000007
9614,rf_starter_descriptors,0.25,0.38,1.4152
9615,rf_starter_descriptors,0.25,1.86,1.403000000000001
9623,rf_starter_descriptors,0.25,1.52,2.3457999999999974
9635,rf_starter_descriptors,0.25,1.94,1.6134
9638,rf_starter_descriptors,0.25,1.96,1.909799999999998
9647,rf_starter_descriptors,0.25,0.42,1.7041999999999995
9657,rf_starter_descriptors,0.25,1.64,1.4182
9694,rf_starter_descriptors,0.25,2.66,3.166000000000001
9722,rf_starter_descriptors,0.25,2.82,1.929400000000001
9734,rf_starter_descriptors,0.25,1.26,1.7984
9773,rf_starter_descriptors,0.25,0.62,1.141
9781,rf_starter_descriptors,0.25,2.1,1.9875999999999976
9800,rf_starter_descriptors,0.25,0.86,1.2453999999999994
9803,rf_starter_descriptors,0.25,0.64,1.1271999999999993
9808,rf_starter_descriptors,0.25,1.78,1.2883999999999995
9809,rf_starter_descriptors,0.25,2.34,2.1252000000000004
9812,rf_starter_descriptors,0.25,0.82,1.2165999999999997
9826,rf_starter_descriptors,0.25,1.8,1.4314000000000002
9832,rf_starter_descriptors,0.25,2.5,1.9251999999999996
9835,rf_starter_descriptors,0.25,1.64,1.1843999999999997
9837,rf_starter_descriptors,0.25,1.38,0.8016
9842,rf_starter_descriptors,0.25,1.1,1.0593999999999992
9852,rf_starter_descriptors,0.25,1.72,1.2297999999999998
9861,rf_starter_descriptors,0.25,1.6,1.8136000000000012
9871,rf_starter_descriptors,0.25,1.26,1.2070000000000005
9888,rf_starter_descriptors,0.25,1.22,1.8730000000000009
9903,rf_starter_descriptors,0.25,1.48,1.2506000000000004
9906,rf_starter_descriptors,0.25,1.78,1.6833999999999998
9908,rf_starter_descriptors,0.25,0.66,1.5218000000000003
9912,rf_starter_descriptors,0.25,1.46,1.2983999999999998
9933,rf_starter_descriptors,0.25,1.92,3.139800000000002
9936,rf_starter_descriptors,0.25,2.74,2.0609999999999995
10000,rf_starter_descriptors,0.25,1.9,1.7468000000000001
10009,rf_starter_descriptors,0.25,1.14,2.1242000000000005
10019,rf_starter_descriptors,0.25,0.68,2.565800000000002
10020,rf_starter_descriptors,0.25,0.56,1.1323999999999992
10033,rf_starter_descriptors,0.25,1.36,1.5889999999999997
10037,rf_starter_descriptors,0.25,0.7,0.8331999999999994
10057,rf_starter_descriptors,0.25,0.24,0.9068000000000004
10077,rf_starter_descriptors,0.25,0.66,1.2545999999999993
10079,rf_starter_descriptors,0.25,2.1,1.6882000000000008
10084,rf_starter_descriptors,0.25,1.32,1.9243999999999988
10087,rf_starter_descriptors,0.25,2.54,1.7046000000000012
10088,rf_starter_descriptors,0.25,1.8,1.2382000000000009
10095,rf_starter_descriptors,0.25,2.16,1.4436000000000013
10096,rf_starter_descriptors,0.25,1.66,1.4202000000000006
10103,rf_starter_descriptors,0.25,2.58,2.0765999999999996
10123,rf_starter_descriptors,0.25,1.7,2.298599999999999
10135,rf_starter_descriptors,0.25,1.8,1.4107999999999996
10138,rf_starter_descriptors,0.25,2.0,1.8727999999999998
10146,rf_starter_descriptors,0.25,1.16,1.0244000000000002
10158,rf_starter_descriptors,0.25,0.64,1.6682000000000008
10160,rf_starter_descriptors,0.25,2.1,1.5697999999999999
10163,rf_starter_descriptors,0.25,1.86,1.3311999999999997
10169,rf_starter_descriptors,0.25,2.36,1.7034000000000002
10173,rf_starter_descriptors,0.25,1.5,1.4953999999999994
10174,rf_starter_descriptors,0.25,1.9,1.5948
10191,rf_starter_descriptors,0.25,2.38,1.0754000000000006
10199,rf_starter_descriptors,0.25,0.52,1.0173999999999994
10208,rf_starter_descriptors,0.25,1.14,1.3272000000000004
10211,rf_starter_descriptors,0.25,0.98,1.2545999999999997
10212,rf_starter_descriptors,0.25,2.48,2.1712000000000016
10216,rf_starter_descriptors,0.25,1.54,1.7105999999999995
10218,rf_starter_descriptors,0.25,2.34,1.4088
10258,rf_starter_descriptors,0.25,1.78,2.6608000000000023
10259,rf_starter_descriptors,0.25,1.62,1.5122
10282,rf_starter_descriptors,0.25,0.62,1.0551999999999992
10284,rf_starter_descriptors,0.25,1.82,2.1786000000000016
10305,rf_starter_descriptors,0.25,2.18,1.1787999999999998
10306,rf_starter_descriptors,0.25,0.98,1.0262000000000002
10318,rf_starter_descriptors,0.25,0.5,0.7816
10326,rf_starter_descriptors,0.25,1.52,1.3276000000000001
10327,rf_starter_descriptors,0.25,1.44,2.0622
10331,rf_starter_descriptors,0.25,1.3,0.9523999999999995
10340,rf_starter_descriptors,0.25,1.6,1.675399999999999
10348,rf_starter_descriptors,0.25,1.88,1.572999999999999
10350,rf_starter_descriptors,0.25,1.3,1.0085999999999995
10351,rf_starter_descriptors,0.25,1.66,1.5977999999999983
10374,rf_starter_descriptors,0.25,0.92,1.161999999999999
10377,rf_starter_descriptors,0.25,1.04,1.3251999999999997
10384,rf_starter_descriptors,0.25,0.8,0.7510000000000006
10389,rf_starter_descriptors,0.25,0.7,0.6659999999999999
10400,rf_starter_descriptors,0.25,1.6,1.4216
10420,rf_starter_descriptors,0.25,1.42,1.8641999999999987
10423,rf_starter_descriptors,0.25,1.48,1.6360000000000001
10428,rf_starter_descriptors,0.25,3.4,1.9094000000000007
10461,rf_starter_descriptors,0.25,0.9,1.2551999999999996
10484,rf_starter_descriptors,0.25,0.5,0.9491999999999997
10491,rf_starter_descriptors,0.25,3.32,2.390399999999999
10505,rf_starter_descriptors,0.25,2.26,1.5742000000000005
10514,rf_starter_descriptors,0.25,1.54,1.5121999999999993
10515,rf_starter_descriptors,0.25,0.84,1.2245999999999995
10543,rf_starter_descriptors,0.25,2.42,1.2901999999999998
10580,rf_starter_descriptors,0.25,1.3,1.3375999999999981
10591,rf_starter_descriptors,0.25,1.52,1.6583999999999994
10594,rf_starter_descriptors,0.25,0.82,0.8388000000000001
10600,rf_starter_descriptors,0.25,0.8,1.2074
10605,rf_starter_descriptors,0.25,2.26,1.444999999999998
10610,rf_starter_descriptors,0.25,1.86,1.8749999999999998
10614,rf_starter_descriptors,0.25,1.3,1.0772
10618,rf_starter_descriptors,0.25,3.44,1.5226
10619,rf_starter_descriptors,0.25,1.16,1.0324000000000009
10627,rf_starter_descriptors,0.25,1.1,1.2158000000000002
10632,rf_starter_descriptors,0.25,0.8,0.935600000000001
10634,rf_starter_descriptors,0.25,3.68,2.2798000000000003
10639,rf_starter_descriptors,0.25,-0.16,0.5688
10644,rf_starter_descriptors,0.25,2.6,0.7343999999999988
10647,rf_starter_descriptors,0.25,1.38,1.5948
10654,rf_starter_descriptors,0.25,2.0,1.5972000000000008
10659,rf_starter_descriptors,0.25,1.6,0.9388000000000004
10660,rf_starter_descriptors,0.25,2.32,2.6957999999999975
10665,rf_starter_descriptors,0.25,1.6,1.9835999999999994
10666,rf_starter_descriptors,0.25,0.18,0.8600000000000003
10667,rf_starter_descriptors,0.25,1.14,0.9847999999999992
10707,rf_starter_descriptors,0.25,0.96,1.320200000000001
10725,rf_starter_descriptors,0.25,1.2,1.3823999999999996
10729,rf_starter_descriptors,0.25,2.1,1.8820000000000006
10742,rf_starter_descriptors,0.25,2.48,2.0801999999999996
10761,rf_starter_descriptors,0.25,2.82,1.1762000000000004
10780,rf_starter_descriptors,0.25,1.98,1.6005999999999994
10823,rf_starter_descriptors,0.25,1.48,1.4406000000000003
10826,rf_starter_descriptors,0.25,2.72,2.021199999999999
10841,rf_starter_descriptors,0.25,0.9,1.0889999999999995
10846,rf_starter_descriptors,0.25,1.02,1.5715999999999997
10851,rf_starter_descriptors,0.25,1.28,1.320800000000001
10854,rf_starter_descriptors,0.25,0.3,1.3741999999999992
10866,rf_starter_descriptors,0.25,4.18,2.097
10868,rf_starter_descriptors,0.25,2.14,1.6865999999999979
10873,rf_starter_descriptors,0.25,1.22,1.2713999999999992
10894,rf_starter_descriptors,0.25,1.58,1.4470000000000007
10902,rf_starter_descriptors,0.25,2.8,2.8874
10912,rf_starter_descriptors,0.25,0.22,1.8330000000000002
10925,rf_starter_descriptors,0.25,1.56,2.1396000000000024
10926,rf_starter_descriptors,0.25,0.48,1.2365999999999995
10927,rf_starter_descriptors,0.25,0.28,1.3223999999999996
10956,rf_starter_descriptors,0.25,1.24,1.1833999999999996
10971,rf_starter_descriptors,0.25,2.1,1.4383999999999997
10977,rf_starter_descriptors,0.25,1.2,0.698
10983,rf_starter_descriptors,0.25,2.3,1.6895999999999998
10987,rf_starter_descriptors,0.25,1.42,1.0248000000000002
10991,rf_starter_descriptors,0.25,0.44,1.1718000000000002
10996,rf_starter_descriptors,0.25,0.64,1.069999999999999
11031,rf_starter_descriptors,0.25,0.56,0.9590000000000011
11033,rf_starter_descriptors,0.25,1.62,2.181200000000001
11035,rf_starter_descriptors,0.25,0.94,1.0761999999999994
11037,rf_starter_descriptors,0.25,1.54,1.5136000000000007
11040,rf_starter_descriptors,0.25,1.26,1.5948000000000002
11042,rf_starter_descriptors,0.25,1.04,0.8416000000000001
11044,rf_starter_descriptors,0.25,1.02,1.8218
11065,rf_starter_descriptors,0.25,0.94,1.3582000000000003
11082,rf_starter_descriptors,0.25,1.22,1.9016000000000022
11095,rf_starter_descriptors,0.25,0.1,0.9316
11102,rf_starter_descriptors,0.25,0.4,1.1089999999999995
11107,rf_starter_descriptors,0.25,0.48,1.3543999999999992
11109,rf_starter_descriptors,0.25,1.64,1.8552000000000015
11113,rf_starter_descriptors,0.25,1.2,0.9748000000000002
11115,rf_starter_descriptors,0.25,1.14,1.1063999999999994
11148,rf_starter_descriptors,0.25,1.36,1.0055999999999992
11163,rf_starter_descriptors,0.25,2.8,2.023200000000001
11190,rf_starter_descriptors,0.25,1.64,0.6409999999999998
11196,rf_starter_descriptors,0.25,1.04,1.2256000000000011
11201,rf_starter_descriptors,0.25,1.54,1.7699999999999991
11212,rf_starter_descriptors,0.25,2.6,2.0115999999999996
11227,rf_starter_descriptors,0.25,3.36,2.0040000000000004
11230,rf_starter_descriptors,0.25,0.12,1.1085999999999998
11231,rf_starter_descriptors,0.25,1.38,1.1592000000000002
11267,rf_starter_descriptors,0.25,0.78,1.0259999999999996
11268,rf_starter_descriptors,0.25,-0.04,0.9018
11274,rf_starter_descriptors,0.25,1.64,1.9130000000000007
11277,rf_starter_descriptors,0.25,1.2,1.2545999999999995
11285,rf_starter_descriptors,0.25,1.36,1.4487999999999992
11289,rf_starter_descriptors,0.25,1.94,1.7080000000000006
11301,rf_starter_descriptors,0.25,1.88,1.194
11311,rf_starter_descriptors,0.25,1.88,1.3630000000000004
11323,rf_starter_descriptors,0.25,1.5,1.9964000000000004
11326,rf_starter_descriptors,0.25,1.08,1.6107999999999993
11332,rf_starter_descriptors,0.25,1.46,1.369
11334,rf_starter_descriptors,0.25,1.74,1.0174000000000003
11342,rf_starter_descriptors,0.25,2.16,1.977399999999999
11349,rf_starter_descriptors,0.25,2.2,1.4011999999999991
11362,rf_starter_descriptors,0.25,1.92,1.1543999999999992
11368,rf_starter_descriptors,0.25,0.76,0.9305999999999998
11385,rf_starter_descriptors,0.25,1.54,1.6424000000000003
11387,rf_starter_descriptors,0.25,0.66,0.9470000000000002
11390,rf_starter_descriptors,0.25,1.46,1.2162000000000006
11398,rf_starter_descriptors,0.25,0.98,0.7706000000000002
11417,rf_starter_descriptors,0.25,1.66,1.3385999999999996
11418,rf_starter_descriptors,0.25,1.86,1.5788
11433,rf_starter_descriptors,0.25,0.46,2.274
11443,rf_starter_descriptors,0.25,0.48,0.8400000000000003
11451,rf_starter_descriptors,0.25,1.24,1.3175999999999999
11452,rf_starter_descriptors,0.25,2.02,1.8713999999999995
11456,rf_starter_descriptors,0.25,1.04,1.3788000000000002
11458,rf_starter_descriptors,0.25,0.8,1.6708000000000005
11466,rf_starter_descriptors,0.25,2.54,2.7990000000000013
11468,rf_starter_descriptors,0.25,1.88,1.8778
11472,rf_starter_descriptors,0.25,2.96,1.2650000000000001
11482,rf_starter_descriptors,0.25,0.86,0.5495999999999998
11484,rf_starter_descriptors,0.25,1.52,1.3387999999999998
11487,rf_starter_descriptors,0.25,1.04,1.2156000000000002
11490,rf_starter_descriptors,0.25,1.62,1.7058000000000009
11500,rf_starter_descriptors,0.25,0.74,1.3632000000000004
11515,rf_starter_descriptors,0.25,0.66,1.3612000000000015
11516,rf_starter_descriptors,0.25,1.34,0.8972000000000001
11519,rf_starter_descriptors,0.25,1.62,1.5699999999999994
11520,rf_starter_descriptors,0.25,0.58,1.3346000000000005
11527,rf_starter_descriptors,0.25,2.8,3.046799999999999
11529,rf_starter_descriptors,0.25,2.7,2.4122
11538,rf_starter_descriptors,0.25,0.46,0.9927999999999993
11540,rf_starter_descriptors,0.25,2.1,1.697599999999999
11589,rf_starter_descriptors,0.25,1.06,1.4091999999999996
11592,rf_starter_descriptors,0.25,1.14,1.6251999999999993
11593,rf_starter_descriptors,0.25,1.42,1.5607999999999995
11601,rf_starter_descriptors,0.25,0.52,1.0299999999999994
11614,rf_starter_descriptors,0.25,1.2,1.1892
11621,rf_starter_descriptors,0.25,1.02,0.9843999999999997
11624,rf_starter_descriptors,0.25,1.44,1.7942000000000005
11628,rf_starter_descriptors,0.25,1.5,1.3298000000000014
11634,rf_starter_descriptors,0.25,0.96,1.0637999999999996
11639,rf_starter_descriptors,0.25,1.0,1.0793999999999995
11649,rf_starter_descriptors,0.25,1.2,1.0882000000000003
11659,rf_starter_descriptors,0.25,2.4,2.028
11661,rf_starter_descriptors,0.25,1.66,1.4880000000000007
11665,rf_starter_descriptors,0.25,1.5,1.7806000000000008
11669,rf_starter_descriptors,0.25,1.2,1.2824
11696,rf_starter_descriptors,0.25,2.64,1.2488
11697,rf_starter_descriptors,0.25,2.12,1.9497999999999993
11699,rf_starter_descriptors,0.25,1.3,1.8656000000000006
11712,rf_starter_descriptors,0.25,1.46,1.8254000000000017
11714,rf_starter_descriptors,0.25,0.68,1.1347999999999998
11725,rf_starter_descriptors,0.25,0.8,1.5428000000000008
11753,rf_starter_descriptors,0.25,1.04,1.0969999999999986
11760,rf_starter_descriptors,0.25,1.14,0.8218
11769,rf_starter_descriptors,0.25,1.74,1.8876000000000008
11780,rf_starter_descriptors,0.25,1.22,1.3793999999999997
11786,rf_starter_descriptors,0.25,1.1,1.0974
11792,rf_starter_descriptors,0.25,3.62,3.0399999999999996
11793,rf_starter_descriptors,0.25,1.12,1.2719999999999991
11795,rf_starter_descriptors,0.25,1.64,1.3152000000000004
11806,rf_starter_descriptors,0.25,1.68,1.4897999999999996
11821,rf_starter_descriptors,0.25,1.1,1.7132000000000003
11824,rf_starter_descriptors,0.25,1.12,1.8954000000000009
11826,rf_starter_descriptors,0.25,0.48,1.0788000000000009
11827,rf_starter_descriptors,0.25,2.36,1.2681999999999989
11828,rf_starter_descriptors,0.25,1.78,1.6714000000000016
11876,rf_starter_descriptors,0.25,1.48,1.2416000000000007
11877,rf_starter_descriptors,0.25,3.02,1.9197999999999995
11910,rf_starter_descriptors,0.25,0.6,1.1402000000000003
11919,rf_starter_descriptors,0.25,1.36,1.9879999999999993
11921,rf_starter_descriptors,0.25,1.22,0.9106000000000003
11953,rf_starter_descriptors,0.25,1.02,2.044800000000001
11956,rf_starter_descriptors,0.25,1.58,1.9058000000000004
11971,rf_starter_descriptors,0.25,2.6,2.7111999999999994
11979,rf_starter_descriptors,0.25,1.96,1.2782
12011,rf_starter_descriptors,0.25,1.4,1.341000000000001
12021,rf_starter_descriptors,0.25,1.2,1.5060000000000004
12028,rf_starter_descriptors,0.25,0.8,1.3622000000000005
12042,rf_starter_descriptors,0.25,1.28,1.1064
12044,rf_starter_descriptors,0.25,3.0,1.6195999999999995
12063,rf_starter_descriptors,0.25,0.72,0.8072000000000004
12065,rf_starter_descriptors,0.25,0.84,2.3383999999999987
12093,rf_starter_descriptors,0.25,2.08,1.7112000000000007
12118,rf_starter_descriptors,0.25,1.18,1.132999999999999
12120,rf_starter_descriptors,0.25,0.84,1.3027999999999997
12121,rf_starter_descriptors,0.25,1.8,1.8008000000000015
12130,rf_starter_descriptors,0.25,1.08,0.8856000000000005
12136,rf_starter_descriptors,0.25,1.9,1.9438
12149,rf_starter_descriptors,0.25,1.26,1.4939999999999998
12153,rf_starter_descriptors,0.25,1.06,2.1282
12162,rf_starter_descriptors,0.25,1.88,2.4802000000000013
12166,rf_starter_descriptors,0.25,5.16,2.8644000000000016
12168,rf_starter_descriptors,0.25,1.4,1.4567999999999999
12173,rf_starter_descriptors,0.25,2.62,2.8420000000000014
12178,rf_starter_descriptors,0.25,1.46,1.2694
12191,rf_starter_descriptors,0.25,0.68,1.2949999999999995
12203,rf_starter_descriptors,0.25,-0.02,1.2306000000000008
12208,rf_starter_descriptors,0.25,0.44,1.0282
12216,rf_starter_descriptors,0.25,1.48,1.2413999999999998
12217,rf_starter_descriptors,0.25,-0.02,1.1286000000000007
12225,rf_starter_descriptors,0.25,1.68,1.7240000000000015
12264,rf_starter_descriptors,0.25,1.86,1.874599999999998
12273,rf_starter_descriptors,0.25,0.52,1.2345999999999997
12276,rf_starter_descriptors,0.25,1.18,1.5777999999999994
12279,rf_starter_descriptors,0.25,1.48,1.1189999999999996
12310,rf_starter_descriptors,0.25,3.04,2.024600000000001
12317,rf_starter_descriptors,0.25,0.76,1.0890000000000002
12367,rf_starter_descriptors,0.25,1.42,2.2066000000000003
12398,rf_starter_descriptors,0.25,1.24,1.7328000000000008
12406,rf_starter_descriptors,0.25,1.66,1.8483999999999987
12412,rf_starter_descriptors,0.25,1.72,1.5480000000000005
12415,rf_starter_descriptors,0.25,0.82,1.0805999999999996
12420,rf_starter_descriptors,0.25,1.1,1.665799999999999
12452,rf_starter_descriptors,0.25,1.5,1.5656000000000012
12454,rf_starter_descriptors,0.25,0.76,1.0176000000000007
12474,rf_starter_descriptors,0.25,2.26,2.9891999999999994
12476,rf_starter_descriptors,0.25,1.34,1.2184
12482,rf_starter_descriptors,0.25,0.96,1.2289999999999996
12491,rf_starter_descriptors,0.25,0.44,0.8460000000000004
12493,rf_starter_descriptors,0.25,1.98,1.3514
12509,rf_starter_descriptors,0.25,1.42,1.2077999999999995
12521,rf_starter_descriptors,0.25,1.92,1.0962
12551,rf_starter_descriptors,0.25,1.18,1.4745999999999997
12554,rf_starter_descriptors,0.25,0.46,1.5935999999999992
12562,rf_starter_descriptors,0.25,1.8,1.3736000000000002
12583,rf_starter_descriptors,0.25,1.38,1.1373999999999993
12600,rf_starter_descriptors,0.25,1.0,1.0737999999999992
12638,rf_starter_descriptors,0.25,2.92,2.6834000000000016
12646,rf_starter_descriptors,0.25,0.78,1.1205999999999994
12662,rf_starter_descriptors,0.25,1.6,1.4597999999999995
12663,rf_starter_descriptors,0.25,3.32,1.8779999999999983
12667,rf_starter_descriptors,0.25,2.14,1.2444000000000013
12685,rf_starter_descriptors,0.25,1.5,1.2980000000000007
12687,rf_starter_descriptors,0.25,0.86,1.618599999999998
12702,rf_starter_descriptors,0.25,0.52,1.5677999999999996
12717,rf_starter_descriptors,0.25,0.74,0.8914
12724,rf_starter_descriptors,0.25,1.52,1.3970000000000011
12729,rf_starter_descriptors,0.25,3.2,1.8075999999999997
12734,rf_starter_descriptors,0.25,4.42,2.3891999999999984
12736,rf_starter_descriptors,0.25,1.68,1.7739999999999987
12737,rf_starter_descriptors,0.25,1.6,1.1146000000000003
12754,rf_starter_descriptors,0.25,2.84,1.8370000000000006
12756,rf_starter_descriptors,0.25,2.02,1.9050000000000002
12760,rf_starter_descriptors,0.25,1.72,1.7854000000000005
12789,rf_starter_descriptors,0.25,1.28,1.3262
12791,rf_starter_descriptors,0.25,1.44,1.1674000000000007
12798,rf_starter_descriptors,0.25,1.58,1.6847999999999996
12809,rf_starter_descriptors,0.25,1.26,0.8872000000000004
12815,rf_starter_descriptors,0.25,1.68,1.5297999999999987
12817,rf_starter_descriptors,0.25,0.86,1.153600000000001
12821,rf_starter_descriptors,0.25,0.8,0.8324000000000003
12837,rf_starter_descriptors,0.25,1.06,1.2781999999999998
12847,rf_starter_descriptors,0.25,2.6,1.8735999999999993
12851,rf_starter_descriptors,0.25,0.42,1.729599999999999
12852,rf_starter_descriptors,0.25,0.82,1.2454000000000003
12858,rf_starter_descriptors,0.25,4.32,1.5935999999999984
12862,rf_starter_descriptors,0.25,1.86,1.2007999999999994
12863,rf_starter_descriptors,0.25,1.26,1.3965999999999994
12891,rf_starter_descriptors,0.25,2.14,1.8732000000000004
12917,rf_starter_descriptors,0.25,2.42,2.891599999999999
12946,rf_starter_descriptors,0.25,1.14,1.3509999999999998
12957,rf_starter_descriptors,0.25,1.28,1.1135999999999995
12967,rf_starter_descriptors,0.25,1.8,1.5744000000000005
12977,rf_starter_descriptors,0.25,1.58,1.3519999999999999
12994,rf_starter_descriptors,0.25,1.16,1.345799999999999
12998,rf_starter_descriptors,0.25,1.32,1.8154000000000001
13011,rf_starter_descriptors,0.25,1.14,1.4447999999999996
13020,rf_starter_descriptors,0.25,1.14,1.3299999999999996
13032,rf_starter_descriptors,0.25,0.78,0.9377999999999999
13035,rf_starter_descriptors,0.25,0.72,1.6198
13043,rf_starter_descriptors,0.25,1.52,1.2359999999999993
13044,rf_starter_descriptors,0.25,1.74,1.0909999999999995
13056,rf_starter_descriptors,0.25,1.5,1.9363999999999972
13059,rf_starter_descriptors,0.25,0.74,1.0477999999999994
13073,rf_starter_descriptors,0.25,0.92,1.1565999999999992
13085,rf_starter_descriptors,0.25,1.46,1.337200000000001
13090,rf_starter_descriptors,0.25,1.56,1.7511999999999994
13108,rf_starter_descriptors,0.25,1.64,1.9574000000000011
13109,rf_starter_descriptors,0.25,1.14,1.1965999999999994
13113,rf_starter_descriptors,0.25,1.58,1.3157999999999996
13120,rf_starter_descriptors,0.25,1.42,1.3130000000000004
13125,rf_starter_descriptors,0.25,1.18,2.143999999999997
13139,rf_starter_descriptors,0.25,1.12,0.7410000000000002
13143,rf_starter_descriptors,0.25,1.86,1.5881999999999998
13159,rf_starter_descriptors,0.25,1.5,1.1994000000000002
13163,rf_starter_descriptors,0.25,0.42,0.9907999999999998
13179,rf_starter_descriptors,0.25,1.62,1.5926000000000016
13194,rf_starter_descriptors,0.25,1.76,1.6422000000000003
13203,rf_starter_descriptors,0.25,0.94,1.2323999999999986
13206,rf_starter_descriptors,0.25,0.76,1.1182
13215,rf_starter_descriptors,0.25,2.28,1.577
13216,rf_starter_descriptors,0.25,1.52,1.2286
13234,rf_starter_descriptors,0.25,1.34,1.3612000000000009
13236,rf_starter_descriptors,0.25,0.72,1.295399999999999
13240,rf_starter_descriptors,0.25,1.84,1.7086000000000008
13242,rf_starter_descriptors,0.25,1.2,1.1693999999999982
13243,rf_starter_descriptors,0.25,1.96,1.5663999999999996
13246,rf_starter_descriptors,0.25,1.6,1.0034
13262,rf_starter_descriptors,0.25,4.0,1.6365999999999996
13280,rf_starter_descriptors,0.25,2.24,1.905400000000002
13311,rf_starter_descriptors,0.25,0.48,0.8179999999999997
13326,rf_starter_descriptors,0.25,1.46,1.1464
13337,rf_starter_descriptors,0.25,0.1,0.9600000000000002
13338,rf_starter_descriptors,0.25,2.92,1.9937999999999991
13344,rf_starter_descriptors,0.25,1.2,1.3239999999999994
13350,rf_starter_descriptors,0.25,2.06,2.0073999999999996
13354,rf_starter_descriptors,0.25,1.42,1.6234000000000006
13358,rf_starter_descriptors,0.25,1.94,1.6290000000000007
13361,rf_starter_descriptors,0.25,2.74,1.9700000000000009
13363,rf_starter_descriptors,0.25,1.68,1.4879999999999984
13391,rf_starter_descriptors,0.25,1.44,2.2048
13395,rf_starter_descriptors,0.25,1.54,1.3107999999999986
13413,rf_starter_descriptors,0.25,2.0,0.9547999999999998
13436,rf_starter_descriptors,0.25,1.36,1.049200000000001
13480,rf_starter_descriptors,0.25,1.18,1.4942000000000006
13485,rf_starter_descriptors,0.25,1.32,1.6318000000000004
13487,rf_starter_descriptors,0.25,1.52,1.1967999999999988
13493,rf_starter_descriptors,0.25,1.1,1.734800000000001
13499,rf_starter_descriptors,0.25,1.42,1.1221999999999999
13500,rf_starter_descriptors,0.25,1.5,1.2163999999999995
13503,rf_starter_descriptors,0.25,0.32,1.0916
13510,rf_starter_descriptors,0.25,1.32,1.4877999999999998
13519,rf_starter_descriptors,0.25,0.68,1.3485999999999998
13537,rf_starter_descriptors,0.25,1.36,1.2540000000000002
13544,rf_starter_descriptors,0.25,1.42,1.8104000000000016
13549,rf_starter_descriptors,0.25,0.44,1.2783999999999995
13561,rf_starter_descriptors,0.25,0.2,1.2494000000000005
13588,rf_starter_descriptors,0.25,1.8,2.685599999999999
13589,rf_starter_descriptors,0.25,1.24,0.9973999999999998
13592,rf_starter_descriptors,0.25,0.42,1.3013999999999988
13593,rf_starter_descriptors,0.25,0.7,1.6214000000000004
13596,rf_starter_descriptors,0.25,1.14,1.273600000000001
13609,rf_starter_descriptors,0.25,3.66,2.6614000000000018
13621,rf_starter_descriptors,0.25,2.22,1.8028000000000004
13644,rf_starter_descriptors,0.25,1.48,1.314399999999999
13661,rf_starter_descriptors,0.25,1.92,2.0194000000000014
13670,rf_starter_descriptors,0.25,1.58,1.3458
13674,rf_starter_descriptors,0.25,1.58,1.201
13685,rf_starter_descriptors,0.25,0.1,1.1546000000000012
13686,rf_starter_descriptors,0.25,1.08,1.3373999999999997
13693,rf_starter_descriptors,0.25,0.52,1.4669999999999999
13696,rf_starter_descriptors,0.25,2.12,1.5613999999999992
13707,rf_starter_descriptors,0.25,1.74,1.6414000000000002
13710,rf_starter_descriptors,0.25,1.34,2.1764000000000006
13711,rf_starter_descriptors,0.25,1.08,1.0987999999999989
13713,rf_starter_descriptors,0.25,3.94,2.4089999999999994
13714,rf_starter_descriptors,0.25,2.18,0.9854000000000005
13728,rf_starter_descriptors,0.25,1.1,1.6124000000000016
13752,rf_starter_descriptors,0.25,1.92,1.6458000000000002
13761,rf_starter_descriptors,0.25,1.8,1.1966000000000003
13768,rf_starter_descriptors,0.25,1.88,1.8861999999999994
13770,rf_starter_descriptors,0.25,1.58,1.5942000000000005
13780,rf_starter_descriptors,0.25,1.04,1.3588000000000005
13783,rf_starter_descriptors,0.25,1.42,0.8315999999999996
13798,rf_starter_descriptors,0.25,0.58,2.460199999999999
13814,rf_starter_descriptors,0.25,0.36,1.4095999999999997
13824,rf_starter_descriptors,0.25,2.8,1.2748000000000006
13829,rf_starter_descriptors,0.25,1.52,1.3197999999999994
13838,rf_starter_descriptors,0.25,1.32,1.4662000000000004
13839,rf_starter_descriptors,0.25,2.14,2.109799999999999
13846,rf_starter_descriptors,0.25,1.74,1.6304000000000005
13848,rf_starter_descriptors,0.25,1.78,1.2725999999999993
13861,rf_starter_descriptors,0.25,1.42,0.9752
13865,rf_starter_descriptors,0.25,1.3,1.1306
13870,rf_starter_descriptors,0.25,1.34,1.7435999999999978
13880,rf_starter_descriptors,0.25,1.0,1.0331999999999995
13881,rf_starter_descriptors,0.25,1.56,1.4421999999999995
13893,rf_starter_descriptors,0.25,1.56,1.4920000000000004
13896,rf_starter_descriptors,0.25,0.36,0.7068000000000003
13903,rf_starter_descriptors,0.25,1.56,1.9427999999999994
13909,rf_starter_descriptors,0.25,0.44,0.8793999999999994
13920,rf_starter_descriptors,0.25,1.56,1.0931999999999997
13928,rf_starter_descriptors,0.25,1.06,1.3903999999999999
13930,rf_starter_descriptors,0.25,1.94,1.5013999999999998
13933,rf_starter_descriptors,0.25,0.84,1.428599999999999
13934,rf_starter_descriptors,0.25,1.4,1.4626000000000008
13936,rf_starter_descriptors,0.25,1.16,1.2928
13941,rf_starter_descriptors,0.25,1.0,1.2669999999999997
13945,rf_starter_descriptors,0.25,1.74,1.4226000000000005
13952,rf_starter_descriptors,0.25,1.3,1.2052000000000005
13955,rf_starter_descriptors,0.25,1.9,1.3895999999999997
13961,rf_starter_descriptors,0.25,0.96,1.5666000000000009
13962,rf_starter_descriptors,0.25,1.76,0.8288000000000001
13969,rf_starter_descriptors,0.25,1.94,1.3989999999999996
13970,rf_starter_descriptors,0.25,1.94,1.1659999999999997
13980,rf_starter_descriptors,0.25,0.42,1.4501999999999997
13988,rf_starter_descriptors,0.25,1.78,1.5622000000000014
13996,rf_starter_descriptors,0.25,0.78,1.5902
14000,rf_starter_descriptors,0.25,0.64,1.6558
14005,rf_starter_descriptors,0.25,1.34,1.2484
14009,rf_starter_descriptors,0.25,0.5,1.0248000000000006
14010,rf_starter_descriptors,0.25,1.24,1.1559999999999997
14016,rf_starter_descriptors,0.25,1.26,1.1378000000000004
14017,rf_starter_descriptors,0.25,2.3,2.1226000000000003
14018,rf_starter_descriptors,0.25,1.14,1.0577999999999999
14020,rf_starter_descriptors,0.25,1.06,1.2537999999999994
14028,rf_starter_descriptors,0.25,2.42,1.8634000000000006
14030,rf_starter_descriptors,0.25,1.64,1.2242
14034,rf_starter_descriptors,0.25,1.52,1.5485999999999993
14062,rf_starter_descriptors,0.25,0.12,1.014200000000001
14079,rf_starter_descriptors,0.25,0.94,1.0717999999999988
14086,rf_starter_descriptors,0.25,0.34,0.9317999999999995
14092,rf_starter_descriptors,0.25,0.42,1.0554000000000014
14104,rf_starter_descriptors,0.25,1.5,1.288
14114,rf_starter_descriptors,0.25,2.52,1.8651999999999995
14130,rf_starter_descriptors,0.25,1.14,1.1001999999999992
14132,rf_starter_descriptors,0.25,0.7,1.5983999999999994
14135,rf_starter_descriptors,0.25,0.6,0.8513999999999998
14153,rf_starter_descriptors,0.25,0.82,1.1292000000000002
14155,rf_starter_descriptors,0.25,1.9,1.6918
14166,rf_starter_descriptors,0.25,1.7,1.2473999999999987
14169,rf_starter_descriptors,0.25,0.76,1.2836
14171,rf_starter_descriptors,0.25,0.58,0.9829999999999999
14174,rf_starter_descriptors,0.25,1.46,1.443
14179,rf_starter_descriptors,0.25,1.06,0.9183999999999998
14201,rf_starter_descriptors,0.25,1.98,1.3666000000000005
14205,rf_starter_descriptors,0.25,1.34,1.1576
14206,rf_starter_descriptors,0.25,1.6,1.5635999999999992
14229,rf_starter_descriptors,0.25,1.18,2.1324000000000005
14241,rf_starter_descriptors,0.25,0.92,1.1308000000000005
14255,rf_starter_descriptors,0.25,1.82,0.8874000000000002
14269,rf_starter_descriptors,0.25,1.8,1.3005999999999995
14292,rf_starter_descriptors,0.25,1.36,1.0851999999999993
14298,rf_starter_descriptors,0.25,1.26,1.161799999999999
14305,rf_starter_descriptors,0.25,1.32,1.1357999999999997
14318,rf_starter_descriptors,0.25,0.28,0.5825999999999997
14320,rf_starter_descriptors,0.25,1.42,1.1023999999999998
14340,rf_starter_descriptors,0.25,1.5,1.4373999999999996
14343,rf_starter_descriptors,0.25,0.82,1.1028000000000007
14346,rf_starter_descriptors,0.25,1.06,1.0890000000000004
14350,rf_starter_descriptors,0.25,0.06,0.9555999999999998
14351,rf_starter_descriptors,0.25,4.26,1.0388000000000002
14376,rf_starter_descriptors,0.25,1.74,1.412
14392,rf_starter_descriptors,0.25,1.94,1.1819999999999997
14395,rf_starter_descriptors,0.25,0.9,1.3924000000000003
14397,rf_starter_descriptors,0.25,1.44,1.6002
14402,rf_starter_descriptors,0.25,0.88,0.9724000000000008
14413,rf_starter_descriptors,0.25,2.74,2.6521999999999997
14417,rf_starter_descriptors,0.25,1.32,1.3496000000000004
14418,rf_starter_descriptors,0.25,0.78,0.8669999999999999
14425,rf_starter_descriptors,0.25,0.66,1.3087999999999993
14433,rf_starter_descriptors,0.25,1.54,1.5887999999999989
14440,rf_starter_descriptors,0.25,2.6,2.575200000000001
14441,rf_starter_descriptors,0.25,1.56,1.604599999999999
14448,rf_starter_descriptors,0.25,0.68,0.9153999999999999
14459,rf_starter_descriptors,0.25,1.68,1.3812000000000004
14483,rf_starter_descriptors,0.25,2.52,1.2824000000000004
14492,rf_starter_descriptors,0.25,1.04,1.2637999999999991
14495,rf_starter_descriptors,0.25,2.06,1.0704
14517,rf_starter_descriptors,0.25,1.22,1.1059999999999999
14524,rf_starter_descriptors,0.25,2.08,2.6635999999999997
14534,rf_starter_descriptors,0.25,1.14,1.5091999999999999
14552,rf_starter_descriptors,0.25,0.72,0.9370000000000002
14553,rf_starter_descriptors,0.25,2.82,3.0697999999999994
14561,rf_starter_descriptors,0.25,1.46,2.6112
14563,rf_starter_descriptors,0.25,1.54,1.7187999999999997
14565,rf_starter_descriptors,0.25,0.88,1.2292000000000005
14567,rf_starter_descriptors,0.25,1.72,1.0036000000000005
14568,rf_starter_descriptors,0.25,0.98,1.0892000000000006
14569,rf_starter_descriptors,0.25,2.72,1.4238000000000002
14571,rf_starter_descriptors,0.25,1.54,1.1054000000000004
14581,rf_starter_descriptors,0.25,1.78,1.4786000000000004
14621,rf_starter_descriptors,0.25,1.74,1.1629999999999996
14646,rf_starter_descriptors,0.25,0.58,1.3833999999999997
14654,rf_starter_descriptors,0.25,0.68,1.1741999999999992
14665,rf_starter_descriptors,0.25,2.8,2.275199999999999
14700,rf_starter_descriptors,0.25,0.44,0.8079999999999999
14710,rf_starter_descriptors,0.25,0.78,1.1469999999999994
14714,rf_starter_descriptors,0.25,1.2,1.5688000000000009
14724,rf_starter_descriptors,0.25,1.54,1.4442000000000004
14726,rf_starter_descriptors,0.25,0.52,1.337
14732,rf_starter_descriptors,0.25,0.82,1.2540000000000007
14734,rf_starter_descriptors,0.25,1.34,1.4267999999999992
14749,rf_starter_descriptors,0.25,1.88,2.171399999999999
14757,rf_starter_descriptors,0.25,1.26,1.5782000000000003
14777,rf_starter_descriptors,0.25,0.86,0.947799999999999
14779,rf_starter_descriptors,0.25,1.42,1.4167999999999998
14780,rf_starter_descriptors,0.25,1.6,1.3100000000000003
14788,rf_starter_descriptors,0.25,0.58,1.3941999999999997
14793,rf_starter_descriptors,0.25,0.94,0.9482000000000004
14812,rf_starter_descriptors,0.25,0.88,1.1892000000000003
14816,rf_starter_descriptors,0.25,1.12,1.3141999999999998
14847,rf_starter_descriptors,0.25,0.7,0.7985999999999998
14849,rf_starter_descriptors,0.25,3.9,2.021000000000002
14852,rf_starter_descriptors,0.25,1.16,1.3795999999999997
14869,rf_starter_descriptors,0.25,1.06,1.0532000000000001
14887,rf_starter_descriptors,0.25,1.34,1.0315999999999994
14901,rf_starter_descriptors,0.25,1.4,1.1327999999999996
14905,rf_starter_descriptors,0.25,1.38,1.087199999999999
14908,rf_starter_descriptors,0.25,1.14,1.5250000000000004
14918,rf_starter_descriptors,0.25,2.3,1.5782000000000007
14924,rf_starter_descriptors,0.25,1.54,1.7928000000000008
14925,rf_starter_descriptors,0.25,1.56,1.4031999999999993
14951,rf_starter_descriptors,0.25,0.14,1.760000000000001
14959,rf_starter_descriptors,0.25,0.22,0.9174
14970,rf_starter_descriptors,0.25,1.6,1.7263999999999995
14978,rf_starter_descriptors,0.25,2.72,2.9349999999999996
14980,rf_starter_descriptors,0.25,0.56,1.2985999999999993
14983,rf_starter_descriptors,0.25,0.88,1.0985999999999994
14985,rf_starter_descriptors,0.25,0.5,0.9877999999999999
14992,rf_starter_descriptors,0.25,1.02,1.2637999999999994
15000,rf_starter_descriptors,0.25,1.3,1.5666000000000009
15015,rf_starter_descriptors,0.25,1.28,1.2249999999999999
15030,rf_starter_descriptors,0.25,1.88,2.5252000000000008
15039,rf_starter_descriptors,0.25,2.58,2.129800000000001
15042,rf_starter_descriptors,0.25,1.96,1.2185999999999997
15044,rf_starter_descriptors,0.25,2.46,2.169200000000002
15056,rf_starter_descriptors,0.25,1.0,0.9642000000000002
15058,rf_starter_descriptors,0.25,1.56,1.4686000000000001
15076,rf_starter_descriptors,0.25,0.9,1.055
15077,rf_starter_descriptors,0.25,2.84,2.9748000000000014
15089,rf_starter_descriptors,0.25,1.82,0.7985999999999998
15093,rf_starter_descriptors,0.25,1.14,1.083399999999999
15103,rf_starter_descriptors,0.25,1.18,1.0127999999999995
15130,rf_starter_descriptors,0.25,0.68,1.4040000000000001
15151,rf_starter_descriptors,0.25,0.44,1.5396
15154,rf_starter_descriptors,0.25,0.6,0.7972000000000006
15171,rf_starter_descriptors,0.25,0.98,0.7081999999999996
15187,rf_starter_descriptors,0.25,1.76,1.6532000000000004
15201,rf_starter_descriptors,0.25,1.58,1.1617999999999995
15218,rf_starter_descriptors,0.25,3.58,2.8262000000000005
15259,rf_starter_descriptors,0.25,0.9,0.8330000000000003
15278,rf_starter_descriptors,0.25,1.48,1.4072000000000005
15281,rf_starter_descriptors,0.25,2.1,1.4845999999999995
15323,rf_starter_descriptors,0.25,0.34,0.2125999999999999
15324,rf_starter_descriptors,0.25,1.32,2.0188
15331,rf_starter_descriptors,0.25,1.18,1.5275999999999998
15343,rf_starter_descriptors,0.25,1.06,1.541400000000001
15349,rf_starter_descriptors,0.25,1.56,1.6728
15350,rf_starter_descriptors,0.25,1.08,0.9839999999999999
15352,rf_starter_descriptors,0.25,0.98,1.0008
15370,rf_starter_descriptors,0.25,1.48,1.6609999999999994
15377,rf_starter_descriptors,0.25,2.04,1.7142000000000002
15379,rf_starter_descriptors,0.25,1.24,1.514
15414,rf_starter_descriptors,0.25,1.14,2.1133999999999995
15418,rf_starter_descriptors,0.25,1.52,1.3005999999999998
15430,rf_starter_descriptors,0.25,0.96,1.4061999999999995
15439,rf_starter_descriptors,0.25,1.64,1.1547999999999998
15455,rf_starter_descriptors,0.25,2.88,1.4707999999999997
15456,rf_starter_descriptors,0.25,1.04,1.1838000000000013
15463,rf_starter_descriptors,0.25,0.92,1.1865999999999999
15464,rf_starter_descriptors,0.25,1.42,1.6387999999999996
15471,rf_starter_descriptors,0.25,1.3,0.9081999999999997
15492,rf_starter_descriptors,0.25,0.86,0.9632000000000006
15500,rf_starter_descriptors,0.25,0.74,1.0916
15505,rf_starter_descriptors,0.25,1.06,0.6853999999999999
15525,rf_starter_descriptors,0.25,1.1,1.4130000000000005
15535,rf_starter_descriptors,0.25,0.94,1.2843999999999998
15540,rf_starter_descriptors,0.25,0.62,1.0209999999999986
15543,rf_starter_descriptors,0.25,0.96,1.6919999999999995
15545,rf_starter_descriptors,0.25,2.34,1.920000000000002
15546,rf_starter_descriptors,0.25,1.16,1.3277999999999994
15555,rf_starter_descriptors,0.25,1.0,0.9824000000000005
15560,rf_starter_descriptors,0.25,1.98,1.3370000000000004
15567,rf_starter_descriptors,0.25,0.26,0.733
15572,rf_starter_descriptors,0.25,2.24,1.0669999999999997
15587,rf_starter_descriptors,0.25,0.86,1.028
15597,rf_starter_descriptors,0.25,1.34,0.9914000000000003
15603,rf_starter_descriptors,0.25,2.12,2.1956000000000007
15632,rf_starter_descriptors,0.25,2.24,1.7937999999999994
15633,rf_starter_descriptors,0.25,1.28,1.3244000000000011
15634,rf_starter_descriptors,0.25,1.52,2.5334
15645,rf_starter_descriptors,0.25,1.56,1.3934
15669,rf_starter_descriptors,0.25,1.04,1.0672000000000004
15683,rf_starter_descriptors,0.25,2.32,1.9134000000000002
15684,rf_starter_descriptors,0.25,0.88,1.5146000000000004
15704,rf_starter_descriptors,0.25,1.66,1.7754000000000003
15711,rf_starter_descriptors,0.25,0.96,1.1518
15713,rf_starter_descriptors,0.25,0.4,1.2646000000000008
15723,rf_starter_descriptors,0.25,1.46,1.3423999999999998
15729,rf_starter_descriptors,0.25,2.16,1.6486
15730,rf_starter_descriptors,0.25,2.46,1.6979999999999995
15733,rf_starter_descriptors,0.25,1.2,1.026
15760,rf_starter_descriptors,0.25,1.14,1.2918000000000012
15784,rf_starter_descriptors,0.25,1.68,1.474799999999999
15792,rf_starter_descriptors,0.25,2.96,2.2176
15821,rf_starter_descriptors,0.25,1.44,1.1588
15824,rf_starter_descriptors,0.25,0.98,1.4232
15832,rf_starter_descriptors,0.25,0.7,1.0592000000000004
15864,rf_starter_descriptors,0.25,2.56,1.7872000000000015
15891,rf_starter_descriptors,0.25,1.64,1.6901999999999995
15902,rf_starter_descriptors,0.25,3.18,1.8455999999999997
15911,rf_starter_descriptors,0.25,2.38,1.4820000000000013
15917,rf_starter_descriptors,0.25,2.02,1.5506000000000022
15919,rf_starter_descriptors,0.25,0.58,0.9974000000000003
15920,rf_starter_descriptors,0.25,0.56,1.715
15929,rf_starter_descriptors,0.25,1.74,1.3525999999999991
15941,rf_starter_descriptors,0.25,1.98,1.939200000000001
15954,rf_starter_descriptors,0.25,1.72,1.6849999999999996
15955,rf_starter_descriptors,0.25,2.48,1.8210000000000008
15974,rf_starter_descriptors,0.25,1.66,1.5390000000000008
15987,rf_starter_descriptors,0.25,1.32,1.7105999999999995
15989,rf_starter_descriptors,0.25,0.66,1.0927999999999995
16002,rf_starter_descriptors,0.25,3.1,1.8045999999999995
16027,rf_starter_descriptors,0.25,1.0,1.0642
16029,rf_starter_descriptors,0.25,0.96,2.1183999999999985
16033,rf_starter_descriptors,0.25,3.64,2.194799999999999
16044,rf_starter_descriptors,0.25,2.16,2.144200000000001
16052,rf_starter_descriptors,0.25,1.44,0.9728
16074,rf_starter_descriptors,0.25,1.36,1.5536000000000003
16092,rf_starter_descriptors,0.25,1.54,1.1729999999999996
16101,rf_starter_descriptors,0.25,1.34,1.3483999999999992
16108,rf_starter_descriptors,0.25,1.24,1.7728000000000008
16109,rf_starter_descriptors,0.25,1.0,0.8700000000000003
16110,rf_starter_descriptors,0.25,1.16,1.9016000000000008
16124,rf_starter_descriptors,0.25,0.68,1.2388
16128,rf_starter_descriptors,0.25,1.16,1.9962000000000026
16139,rf_starter_descriptors,0.25,1.24,1.0598
16140,rf_starter_descriptors,0.25,1.98,1.5714000000000004
16152,rf_starter_descriptors,0.25,1.32,1.2512000000000005
16156,rf_starter_descriptors,0.25,2.46,2.253799999999997
16162,rf_starter_descriptors,0.25,0.7,0.8132000000000005
16164,rf_starter_descriptors,0.25,2.44,2.8800000000000017
16170,rf_starter_descriptors,0.25,1.56,1.6592000000000013
16183,rf_starter_descriptors,0.25,0.82,1.17
16197,rf_starter_descriptors,0.25,1.3,1.4836
16206,rf_starter_descriptors,0.25,1.28,1.3371999999999995
16238,rf_starter_descriptors,0.25,1.08,1.231200000000001
16249,rf_starter_descriptors,0.25,0.32,1.7114000000000003
16256,rf_starter_descriptors,0.25,0.94,1.6211999999999989
16268,rf_starter_descriptors,0.25,0.32,0.6158000000000009
16273,rf_starter_descriptors,0.25,0.68,2.0016000000000007
16280,rf_starter_descriptors,0.25,1.06,1.1762000000000001
16285,rf_starter_descriptors,0.25,1.78,1.3454000000000006
16302,rf_starter_descriptors,0.25,0.46,1.9462000000000006
16324,rf_starter_descriptors,0.25,1.88,1.6457999999999993
16331,rf_starter_descriptors,0.25,1.92,1.1606
16335,rf_starter_descriptors,0.25,1.54,1.2753999999999996
16373,rf_starter_descriptors,0.25,0.76,1.2544000000000006
16381,rf_starter_descriptors,0.25,1.64,1.4310000000000005
16382,rf_starter_descriptors,0.25,0.58,0.993399999999999
16406,rf_starter_descriptors,0.25,1.74,1.4695999999999998
16416,rf_starter_descriptors,0.25,0.58,1.1906
16424,rf_starter_descriptors,0.25,2.6,2.1462000000000008
16425,rf_starter_descriptors,0.25,2.62,2.7250000000000005
16427,rf_starter_descriptors,0.25,0.96,0.9099999999999998
16429,rf_starter_descriptors,0.25,2.22,1.6551999999999993
16430,rf_starter_descriptors,0.25,1.14,1.0181999999999995
16440,rf_starter_descriptors,0.25,2.02,1.3758000000000001
16455,rf_starter_descriptors,0.25,1.68,1.8098000000000014
16461,rf_starter_descriptors,0.25,1.04,1.066
16468,rf_starter_descriptors,0.25,0.98,1.6902000000000001
16508,rf_starter_descriptors,0.25,1.76,1.3143999999999998
16522,rf_starter_descriptors,0.25,1.82,1.2365999999999995
16544,rf_starter_descriptors,0.25,1.52,1.7545999999999995
16545,rf_starter_descriptors,0.25,0.7,0.9790000000000002
16547,rf_starter_descriptors,0.25,2.62,3.4830000000000005
16555,rf_starter_descriptors,0.25,1.7,0.8598000000000002
16568,rf_starter_descriptors,0.25,0.74,1.0710000000000008
16569,rf_starter_descriptors,0.25,1.08,1.2915999999999994
16584,rf_starter_descriptors,0.25,0.72,1.1204000000000003
16586,rf_starter_descriptors,0.25,0.56,1.2717999999999992
16587,rf_starter_descriptors,0.25,0.86,0.9976000000000002
16592,rf_starter_descriptors,0.25,1.12,1.6023999999999996
16598,rf_starter_descriptors,0.25,2.18,1.7418000000000007
16603,rf_starter_descriptors,0.25,1.02,1.2046000000000006
16611,rf_starter_descriptors,0.25,4.2,2.7802
16612,rf_starter_descriptors,0.25,2.2,1.9035999999999993
16626,rf_starter_descriptors,0.25,1.26,1.9393999999999998
16628,rf_starter_descriptors,0.25,1.34,1.604199999999999
16643,rf_starter_descriptors,0.25,1.14,0.7820000000000004
16650,rf_starter_descriptors,0.25,0.9,1.1069999999999993
16657,rf_starter_descriptors,0.25,1.66,1.9071999999999991
16659,rf_starter_descriptors,0.25,2.26,1.8776
16669,rf_starter_descriptors,0.25,0.54,0.8500000000000004
16687,rf_starter_descriptors,0.25,0.9,1.6087999999999991
16693,rf_starter_descriptors,0.25,2.06,1.574199999999999
16700,rf_starter_descriptors,0.25,1.96,1.6547999999999985
16717,rf_starter_descriptors,0.25,0.9,1.1925999999999999
16723,rf_starter_descriptors,0.25,0.46,0.8758000000000001
16725,rf_starter_descriptors,0.25,1.3,1.3158000000000003
16728,rf_starter_descriptors,0.25,1.98,1.1569999999999998
16738,rf_starter_descriptors,0.25,0.92,1.2711999999999999
16739,rf_starter_descriptors,0.25,1.94,1.173799999999999
16747,rf_starter_descriptors,0.25,0.46,2.1840000000000015
16752,rf_starter_descriptors,0.25,0.54,1.2038000000000004
16760,rf_starter_descriptors,0.25,0.46,1.2903999999999995
16761,rf_starter_descriptors,0.25,2.02,1.4584000000000001
16787,rf_starter_descriptors,0.25,2.02,1.8356000000000001
16795,rf_starter_descriptors,0.25,0.66,0.8513999999999998
16807,rf_starter_descriptors,0.25,1.28,0.9349999999999997
16811,rf_starter_descriptors,0.25,1.14,1.2589999999999995
16813,rf_starter_descriptors,0.25,1.86,1.097600000000001
16831,rf_starter_descriptors,0.25,1.06,1.0869999999999995
16841,rf_starter_descriptors,0.25,1.46,1.9104000000000014
16846,rf_starter_descriptors,0.25,1.62,1.5113999999999999
16848,rf_starter_descriptors,0.25,1.54,1.8108000000000004
16852,rf_starter_descriptors,0.25,0.66,0.9507999999999993
16872,rf_starter_descriptors,0.25,0.98,1.3962
16876,rf_starter_descriptors,0.25,1.08,1.314199999999999
16879,rf_starter_descriptors,0.25,0.92,1.2287999999999994
16898,rf_starter_descriptors,0.25,1.26,0.9859999999999998
16930,rf_starter_descriptors,0.25,0.64,1.9347999999999994
16933,rf_starter_descriptors,0.25,0.6,0.9117999999999998
16946,rf_starter_descriptors,0.25,1.2,1.3529999999999995
16949,rf_starter_descriptors,0.25,1.58,1.4641999999999993
16954,rf_starter_descriptors,0.25,2.96,2.6143999999999976
16956,rf_starter_descriptors,0.25,0.4,0.7458000000000005
16960,rf_starter_descriptors,0.25,1.02,1.1847999999999994
16981,rf_starter_descriptors,0.25,1.74,1.709199999999999
16982,rf_starter_descriptors,0.25,0.34,0.9997999999999994
16984,rf_starter_descriptors,0.25,1.6,1.3960000000000006
16989,rf_starter_descriptors,0.25,3.24,1.6969999999999985
16993,rf_starter_descriptors,0.25,1.3,1.1413999999999995
17000,rf_starter_descriptors,0.25,1.08,1.6844000000000015
17001,rf_starter_descriptors,0.25,1.68,1.8958000000000002
17006,rf_starter_descriptors,0.25,1.08,1.5526000000000004
17019,rf_starter_descriptors,0.25,0.86,0.9227999999999994
17036,rf_starter_descriptors,0.25,1.66,0.9810000000000002
17051,rf_starter_descriptors,0.25,0.74,1.2763999999999998
17063,rf_starter_descriptors,0.25,1.62,1.3554000000000004
17068,rf_starter_descriptors,0.25,1.68,1.796200000000001
17073,rf_starter_descriptors,0.25,0.9,1.1812
17074,rf_starter_descriptors,0.25,0.78,0.9627999999999999
17104,rf_starter_descriptors,0.25,1.46,1.3923999999999987
17105,rf_starter_descriptors,0.25,1.92,1.4618000000000004
17107,rf_starter_descriptors,0.25,0.2,1.3557999999999983
17121,rf_starter_descriptors,0.25,0.78,0.8489999999999999
17129,rf_starter_descriptors,0.25,1.46,0.9930000000000001
17142,rf_starter_descriptors,0.25,1.52,1.2429999999999999
17147,rf_starter_descriptors,0.25,1.18,1.4925999999999997
17152,rf_starter_descriptors,0.25,1.24,1.8626000000000003
17155,rf_starter_descriptors,0.25,0.68,1.6549999999999991
17194,rf_starter_descriptors,0.25,1.22,1.6948000000000005
17206,rf_starter_descriptors,0.25,1.52,1.875400000000001
17209,rf_starter_descriptors,0.25,2.56,1.543199999999999
17219,rf_starter_descriptors,0.25,0.26,1.0170000000000003
17241,rf_starter_descriptors,0.25,1.04,1.2378000000000002
17263,rf_starter_descriptors,0.25,0.94,1.4111999999999998
17287,rf_starter_descriptors,0.25,3.1,2.2560000000000002
17291,rf_starter_descriptors,0.25,1.32,1.2464000000000006
17303,rf_starter_descriptors,0.25,1.28,1.1571999999999998
17311,rf_starter_descriptors,0.25,1.28,1.5032000000000003
17313,rf_starter_descriptors,0.25,2.36,0.9520000000000001
17314,rf_starter_descriptors,0.25,1.82,1.653399999999999
17320,rf_starter_descriptors,0.25,1.32,1.0496000000000003
17324,rf_starter_descriptors,0.25,4.66,2.6283999999999996
17335,rf_starter_descriptors,0.25,1.72,1.1689999999999996
17340,rf_starter_descriptors,0.25,0.54,0.6411999999999993
17346,rf_starter_descriptors,0.25,0.8,1.2362000000000009
17354,rf_starter_descriptors,0.25,1.36,1.6562000000000001
17356,rf_starter_descriptors,0.25,1.14,0.9318000000000002
17375,rf_starter_descriptors,0.25,1.0,1.2642000000000013
17377,rf_starter_descriptors,0.25,1.08,1.4245999999999999
17389,rf_starter_descriptors,0.25,1.3,1.3233999999999995
17392,rf_starter_descriptors,0.25,0.36,1.0546000000000009
17406,rf_starter_descriptors,0.25,2.14,1.6542000000000001
17418,rf_starter_descriptors,0.25,0.92,2.2662000000000004
17457,rf_starter_descriptors,0.25,2.08,1.418399999999999
17466,rf_starter_descriptors,0.25,1.8,1.5277999999999998
17489,rf_starter_descriptors,0.25,1.04,1.5237999999999994
17491,rf_starter_descriptors,0.25,1.06,1.851400000000002
17519,rf_starter_descriptors,0.25,1.28,1.2133999999999991
17525,rf_starter_descriptors,0.25,0.88,1.430200000000001
17528,rf_starter_descriptors,0.25,3.76,1.375999999999999
17529,rf_starter_descriptors,0.25,0.64,0.6923999999999999
17540,rf_starter_descriptors,0.25,0.92,1.2294
17545,rf_starter_descriptors,0.25,0.92,1.5348000000000002
17554,rf_starter_descriptors,0.25,1.8,1.4430000000000005
17558,rf_starter_descriptors,0.25,1.08,1.0266
17572,rf_starter_descriptors,0.25,1.62,1.3414
17575,rf_starter_descriptors,0.25,0.34,1.0422000000000007
17589,rf_starter_descriptors,0.25,0.74,0.8141999999999995
17599,rf_starter_descriptors,0.25,2.04,1.7068000000000003
17607,rf_starter_descriptors,0.25,1.26,1.6965999999999992
17611,rf_starter_descriptors,0.25,1.44,1.228999999999999
17615,rf_starter_descriptors,0.25,1.74,1.7707999999999995
17618,rf_starter_descriptors,0.25,1.08,1.3002
17626,rf_starter_descriptors,0.25,2.18,1.5097999999999994
17631,rf_starter_descriptors,0.25,1.8,1.8285999999999993
17632,rf_starter_descriptors,0.25,1.38,1.8939999999999995
17645,rf_starter_descriptors,0.25,0.76,0.8294000000000002
17658,rf_starter_descriptors,0.25,0.5,1.0554000000000001
17661,rf_starter_descriptors,0.25,1.48,1.9826000000000001
17690,rf_starter_descriptors,0.25,1.58,1.2462
17697,rf_starter_descriptors,0.25,0.8,1.3749999999999993
17700,rf_starter_descriptors,0.25,1.66,1.5250000000000008
17708,rf_starter_descriptors,0.25,2.18,1.7018
17713,rf_starter_descriptors,0.25,1.94,1.0865999999999993
17730,rf_starter_descriptors,0.25,2.12,1.6551999999999996
17775,rf_starter_descriptors,0.25,1.46,2.3954
17776,rf_starter_descriptors,0.25,1.34,2.2036000000000002
17779,rf_starter_descriptors,0.25,3.66,2.7377999999999987
17788,rf_starter_descriptors,0.25,2.54,2.0500000000000003
17796,rf_starter_descriptors,0.25,1.82,1.651200000000001
17803,rf_starter_descriptors,0.25,1.78,1.6463999999999999
17804,rf_starter_descriptors,0.25,1.84,2.2007999999999988
17824,rf_starter_descriptors,0.25,1.06,0.9648000000000004
17829,rf_starter_descriptors,0.25,1.6,1.4936
17832,rf_starter_descriptors,0.25,1.7,2.2969999999999993
17839,rf_starter_descriptors,0.25,1.72,2.0354000000000014
17859,rf_starter_descriptors,0.25,1.1,1.6299999999999997
17863,rf_starter_descriptors,0.25,0.56,1.456
17886,rf_starter_descriptors,0.25,1.34,1.0716000000000003
17910,rf_starter_descriptors,0.25,0.58,0.6234000000000001
17922,rf_starter_descriptors,0.25,2.64,1.5137999999999996
17943,rf_starter_descriptors,0.25,1.64,1.0823999999999998
17965,rf_starter_descriptors,0.25,1.22,0.9156000000000009
17987,rf_starter_descriptors,0.25,1.84,1.0756000000000001
17988,rf_starter_descriptors,0.25,0.84,1.5819999999999994
17995,rf_starter_descriptors,0.25,0.84,1.6825999999999994
17998,rf_starter_descriptors,0.25,1.96,2.8057999999999987
18005,rf_starter_descriptors,0.25,1.7,2.040599999999999
18010,rf_starter_descriptors,0.25,1.1,1.6316000000000002
18011,rf_starter_descriptors,0.25,1.22,1.2143999999999988
18023,rf_starter_descriptors,0.25,0.38,1.0762
18029,rf_starter_descriptors,0.25,0.92,1.3076000000000005
18043,rf_starter_descriptors,0.25,1.56,1.3337999999999994
18045,rf_starter_descriptors,0.25,1.86,2.0199999999999987
18048,rf_starter_descriptors,0.25,1.56,1.5683999999999982
18049,rf_starter_descriptors,0.25,1.04,1.1072000000000002
18057,rf_starter_descriptors,0.25,1.3,1.7556000000000014
18059,rf_starter_descriptors,0.25,1.32,1.3715999999999997
18064,rf_starter_descriptors,0.25,1.6,1.2750000000000004
18075,rf_starter_descriptors,0.25,1.48,1.8013999999999997
18076,rf_starter_descriptors,0.25,1.68,1.2582000000000002
18093,rf_starter_descriptors,0.25,1.06,1.5497999999999994
18096,rf_starter_descriptors,0.25,-0.14,1.0817999999999994
18105,rf_starter_descriptors,0.25,1.9,1.5054000000000014
18114,rf_starter_descriptors,0.25,0.58,1.381
18116,rf_starter_descriptors,0.25,1.46,1.4432000000000003
18119,rf_starter_descriptors,0.25,0.38,0.8160000000000005
18121,rf_starter_descriptors,0.25,1.42,1.494
18137,rf_starter_descriptors,0.25,0.62,1.3753999999999997
18169,rf_starter_descriptors,0.25,0.88,1.8956000000000008
18175,rf_starter_descriptors,0.25,1.38,1.8892000000000004
18196,rf_starter_descriptors,0.25,2.02,1.4041999999999997
18216,rf_starter_descriptors,0.25,2.76,2.619799999999998
18220,rf_starter_descriptors,0.25,1.36,1.291
18223,rf_starter_descriptors,0.25,1.24,1.2498000000000005
18230,rf_starter_descriptors,0.25,0.58,1.4657999999999993
18232,rf_starter_descriptors,0.25,1.42,1.1786000000000008
18233,rf_starter_descriptors,0.25,1.6,1.5715999999999999
18264,rf_starter_descriptors,0.25,0.68,1.2129999999999992
18268,rf_starter_descriptors,0.25,2.38,1.5397999999999996
18271,rf_starter_descriptors,0.25,1.74,2.1001999999999996
18280,rf_starter_descriptors,0.25,0.68,0.8914
18283,rf_starter_descriptors,0.25,3.08,1.846200000000001
18302,rf_starter_descriptors,0.25,1.08,1.193
18305,rf_starter_descriptors,0.25,2.02,1.6019999999999994
18309,rf_starter_descriptors,0.25,1.36,1.0135999999999998
18333,rf_starter_descriptors,0.25,1.06,1.7517999999999987
18335,rf_starter_descriptors,0.25,1.22,1.4038000000000006
18354,rf_starter_descriptors,0.25,0.2,1.1568000000000003
18356,rf_starter_descriptors,0.25,1.92,2.1734000000000013
18364,rf_starter_descriptors,0.25,1.68,2.079600000000001
18370,rf_starter_descriptors,0.25,1.24,1.3644000000000005
18381,rf_starter_descriptors,0.25,1.02,1.145799999999999
18410,rf_starter_descriptors,0.25,0.56,1.4471999999999996
18432,rf_starter_descriptors,0.25,0.98,1.4917999999999991
18449,rf_starter_descriptors,0.25,1.94,1.8333999999999988
18452,rf_starter_descriptors,0.25,0.72,1.1537999999999995
18463,rf_starter_descriptors,0.25,1.06,1.2032000000000003
18500,rf_starter_descriptors,0.25,1.94,2.2502000000000013
18510,rf_starter_descriptors,0.25,2.56,2.7280000000000006
18527,rf_starter_descriptors,0.25,1.96,1.7913999999999992
18530,rf_starter_descriptors,0.25,1.46,1.6618000000000006
18537,rf_starter_descriptors,0.25,1.36,0.8214000000000001
18541,rf_starter_descriptors,0.25,1.74,1.2550000000000003
18543,rf_starter_descriptors,0.25,2.3,1.5917999999999994
18576,rf_starter_descriptors,0.25,1.16,0.9966000000000002
18580,rf_starter_descriptors,0.25,0.78,1.138199999999999
18581,rf_starter_descriptors,0.25,2.3,1.824000000000001
18589,rf_starter_descriptors,0.25,2.44,3.0153999999999983
18603,rf_starter_descriptors,0.25,2.64,2.6385999999999994
18611,rf_starter_descriptors,0.25,1.08,1.1825999999999985
18616,rf_starter_descriptors,0.25,1.42,1.6617999999999993
18630,rf_starter_descriptors,0.25,1.64,1.6164
18639,rf_starter_descriptors,0.25,1.3,1.0786
18642,rf_starter_descriptors,0.25,0.72,2.0606
18658,rf_starter_descriptors,0.25,2.08,1.9131999999999991
18665,rf_starter_descriptors,0.25,1.48,0.8664000000000002
18691,rf_starter_descriptors,0.25,2.26,1.4820000000000007
18693,rf_starter_descriptors,0.25,1.4,1.3587999999999993
18706,rf_starter_descriptors,0.25,1.32,1.5598000000000007
18719,rf_starter_descriptors,0.25,0.94,0.8574000000000004
18732,rf_starter_descriptors,0.25,1.0,0.9048
18759,rf_starter_descriptors,0.25,1.98,1.2963999999999996
18775,rf_starter_descriptors,0.25,3.36,2.282000000000001
18776,rf_starter_descriptors,0.25,2.0,1.732599999999998
18806,rf_starter_descriptors,0.25,-0.24,1.152000000000001
18846,rf_starter_descriptors,0.25,1.74,1.3252000000000002
18847,rf_starter_descriptors,0.25,1.52,1.5799999999999996
18851,rf_starter_descriptors,0.25,1.06,1.0506
18862,rf_starter_descriptors,0.25,0.68,1.0356000000000005
18870,rf_starter_descriptors,0.25,2.78,1.9425999999999994
18891,rf_starter_descriptors,0.25,0.9,2.873
18899,rf_starter_descriptors,0.25,1.82,1.2578000000000003
