sample_id,split_strategy,metric,nearest_train_sample_id,nearest_train_composition_distance,target
3,random_iid,cosine,16713,3.3306690738754696e-16,1.24
6,random_iid,cosine,407,0.08831538832289654,1.56
19,random_iid,cosine,3331,1.1102230246251565e-16,0.46
35,random_iid,cosine,6816,1.1102230246251565e-16,1.3
42,random_iid,cosine,9690,1.1102230246251565e-16,1.4
47,random_iid,cosine,4323,1.1102230246251565e-16,0.7
57,random_iid,cosine,14460,2.220446049250313e-16,0.84
59,random_iid,cosine,9690,0.08831538832289654,0.64
72,random_iid,cosine,17943,1.1102230246251565e-16,0.82
88,random_iid,cosine,13469,1.1102230246251565e-16,0.62
101,random_iid,cosine,14839,0.07549967295795157,1.48
103,random_iid,cosine,15730,1.1102230246251565e-16,0.42
119,random_iid,cosine,16213,2.220446049250313e-16,1.7
123,random_iid,cosine,7165,2.220446049250313e-16,1.0
127,random_iid,cosine,2860,0.08831538832289643,0.48
134,random_iid,cosine,503,0.15484574527148354,0.56
137,random_iid,cosine,7908,2.220446049250313e-16,1.6
169,random_iid,cosine,13945,2.220446049250313e-16,-0.04
200,random_iid,cosine,2303,0.08831538832289654,2.18
217,random_iid,cosine,15957,2.220446049250313e-16,1.42
247,random_iid,cosine,16379,0.0,0.84
251,random_iid,cosine,488,2.220446049250313e-16,0.14
273,random_iid,cosine,8411,0.08013378899220025,0.92
286,random_iid,cosine,3878,0.15484574527148354,1.14
290,random_iid,cosine,17997,1.1102230246251565e-16,1.22
291,random_iid,cosine,10694,2.220446049250313e-16,2.66
313,random_iid,cosine,4201,1.1102230246251565e-16,0.82
322,random_iid,cosine,8073,2.220446049250313e-16,1.62
323,random_iid,cosine,3346,2.220446049250313e-16,0.42
326,random_iid,cosine,12147,2.220446049250313e-16,0.32
327,random_iid,cosine,6645,1.1102230246251565e-16,1.18
344,random_iid,cosine,3036,0.08831538832289654,1.46
351,random_iid,cosine,18692,1.1102230246251565e-16,1.62
361,random_iid,cosine,10233,0.0,0.8
379,random_iid,cosine,1781,3.3306690738754696e-16,2.4
387,random_iid,cosine,15832,2.220446049250313e-16,2.02
401,random_iid,cosine,15743,2.220446049250313e-16,0.88
409,random_iid,cosine,798,0.15484574527148354,1.42
410,random_iid,cosine,1893,1.1102230246251565e-16,1.0
423,random_iid,cosine,1690,2.220446049250313e-16,0.98
424,random_iid,cosine,8175,2.220446049250313e-16,1.9
438,random_iid,cosine,15331,3.3306690738754696e-16,1.3
450,random_iid,cosine,15109,1.1102230246251565e-16,1.2
460,random_iid,cosine,3199,1.1102230246251565e-16,1.0
467,random_iid,cosine,13302,0.0,0.08
476,random_iid,cosine,872,0.0,0.72
485,random_iid,cosine,14315,1.1102230246251565e-16,0.84
487,random_iid,cosine,2490,2.220446049250313e-16,0.6
542,random_iid,cosine,14589,0.08831538832289654,2.46
549,random_iid,cosine,10059,0.07549967295795157,0.88
553,random_iid,cosine,9790,2.220446049250313e-16,2.56
558,random_iid,cosine,17510,2.220446049250313e-16,1.26
563,random_iid,cosine,15799,3.3306690738754696e-16,1.62
576,random_iid,cosine,4264,2.220446049250313e-16,2.2
608,random_iid,cosine,3804,2.220446049250313e-16,1.4
621,random_iid,cosine,7977,2.220446049250313e-16,1.5
635,random_iid,cosine,11961,1.1102230246251565e-16,0.96
651,random_iid,cosine,9160,0.0,2.28
657,random_iid,cosine,3167,0.11111111111111116,1.26
705,random_iid,cosine,12468,1.1102230246251565e-16,1.0
707,random_iid,cosine,7810,1.1102230246251565e-16,0.64
708,random_iid,cosine,11755,2.220446049250313e-16,0.88
715,random_iid,cosine,6478,1.1102230246251565e-16,1.98
729,random_iid,cosine,1543,2.220446049250313e-16,0.5
733,random_iid,cosine,12557,1.1102230246251565e-16,2.86
736,random_iid,cosine,8643,1.1102230246251565e-16,1.8
744,random_iid,cosine,7789,1.1102230246251565e-16,1.28
751,random_iid,cosine,11263,1.1102230246251565e-16,1.38
795,random_iid,cosine,4028,0.08831538832289643,0.56
817,random_iid,cosine,1631,3.3306690738754696e-16,0.56
820,random_iid,cosine,5642,2.220446049250313e-16,1.5
828,random_iid,cosine,17579,1.1102230246251565e-16,2.26
852,random_iid,cosine,565,2.220446049250313e-16,2.46
856,random_iid,cosine,1542,1.1102230246251565e-16,1.4
878,random_iid,cosine,2789,0.08831538832289654,2.66
927,random_iid,cosine,588,0.15484574527148354,0.32
928,random_iid,cosine,446,2.220446049250313e-16,0.66
936,random_iid,cosine,4554,2.220446049250313e-16,0.84
960,random_iid,cosine,1299,3.3306690738754696e-16,1.12
963,random_iid,cosine,11248,1.1102230246251565e-16,1.62
967,random_iid,cosine,2089,0.08831538832289654,1.58
970,random_iid,cosine,7914,1.1102230246251565e-16,1.28
971,random_iid,cosine,2926,0.07549967295795157,2.2
977,random_iid,cosine,1636,2.220446049250313e-16,1.24
980,random_iid,cosine,5252,1.1102230246251565e-16,1.42
1020,random_iid,cosine,18888,2.220446049250313e-16,0.72
1023,random_iid,cosine,11611,2.220446049250313e-16,1.46
1026,random_iid,cosine,16716,2.220446049250313e-16,2.56
1027,random_iid,cosine,12346,2.220446049250313e-16,1.38
1034,random_iid,cosine,3863,0.0,0.72
1035,random_iid,cosine,250,0.08831538832289643,1.28
1066,random_iid,cosine,7033,2.220446049250313e-16,1.24
1071,random_iid,cosine,11562,2.220446049250313e-16,1.6
1084,random_iid,cosine,17039,0.0,2.42
1086,random_iid,cosine,1041,1.1102230246251565e-16,0.6
1087,random_iid,cosine,5485,0.08831538832289654,0.9
1092,random_iid,cosine,17461,2.220446049250313e-16,0.9
1114,random_iid,cosine,16728,2.220446049250313e-16,1.02
1144,random_iid,cosine,16435,3.3306690738754696e-16,2.02
1147,random_iid,cosine,2424,0.08013378899220025,2.66
1157,random_iid,cosine,798,0.15484574527148354,3.72
1158,random_iid,cosine,4437,2.220446049250313e-16,2.24
1162,random_iid,cosine,12578,1.1102230246251565e-16,0.98
1163,random_iid,cosine,13884,2.220446049250313e-16,2.88
1182,random_iid,cosine,17304,1.1102230246251565e-16,0.46
1199,random_iid,cosine,12375,2.220446049250313e-16,2.24
1213,random_iid,cosine,5399,0.08831538832289643,1.48
1261,random_iid,cosine,11214,1.1102230246251565e-16,1.4
1272,random_iid,cosine,12318,0.08831538832289654,1.16
1290,random_iid,cosine,3288,0.08831538832289654,1.46
1297,random_iid,cosine,6021,2.220446049250313e-16,1.48
1303,random_iid,cosine,5660,2.220446049250313e-16,2.28
1321,random_iid,cosine,5074,2.220446049250313e-16,1.18
1323,random_iid,cosine,11574,0.08013378899220025,2.54
1328,random_iid,cosine,17743,0.0,0.12
1346,random_iid,cosine,8694,2.220446049250313e-16,2.52
1347,random_iid,cosine,10860,1.1102230246251565e-16,1.38
1350,random_iid,cosine,5573,1.1102230246251565e-16,1.38
1383,random_iid,cosine,1677,0.08831538832289643,0.66
1396,random_iid,cosine,8915,0.0,1.56
1397,random_iid,cosine,3700,1.1102230246251565e-16,1.18
1419,random_iid,cosine,14779,0.0,1.4
1427,random_iid,cosine,7278,1.1102230246251565e-16,3.78
1429,random_iid,cosine,180,0.11808289631180324,1.94
1430,random_iid,cosine,11149,0.0,0.62
1444,random_iid,cosine,305,0.08831538832289643,2.44
1450,random_iid,cosine,7406,2.220446049250313e-16,0.86
1453,random_iid,cosine,7059,1.1102230246251565e-16,0.78
1456,random_iid,cosine,6351,0.08831538832289643,1.64
1493,random_iid,cosine,10492,2.220446049250313e-16,1.04
1510,random_iid,cosine,5168,2.220446049250313e-16,1.84
1512,random_iid,cosine,15680,0.08831538832289654,0.94
1527,random_iid,cosine,4540,2.220446049250313e-16,0.82
1554,random_iid,cosine,9890,1.1102230246251565e-16,1.0
1557,random_iid,cosine,14909,2.220446049250313e-16,1.0
1580,random_iid,cosine,9212,0.08013378899220025,1.88
1599,random_iid,cosine,16721,0.08013378899220014,1.02
1611,random_iid,cosine,11109,0.08831538832289643,1.16
1624,random_iid,cosine,7937,2.220446049250313e-16,0.94
1632,random_iid,cosine,1398,0.15484574527148354,1.02
1640,random_iid,cosine,11400,1.1102230246251565e-16,0.82
1697,random_iid,cosine,10769,0.08831538832289643,0.62
1704,random_iid,cosine,13116,1.1102230246251565e-16,2.56
1705,random_iid,cosine,956,2.220446049250313e-16,0.94
1710,random_iid,cosine,18084,2.220446049250313e-16,1.74
1712,random_iid,cosine,14767,2.220446049250313e-16,2.62
1722,random_iid,cosine,1435,0.15484574527148354,1.42
1729,random_iid,cosine,17003,2.220446049250313e-16,1.04
1730,random_iid,cosine,15294,2.220446049250313e-16,1.52
1747,random_iid,cosine,5470,0.08831538832289654,0.54
1768,random_iid,cosine,11165,2.220446049250313e-16,1.36
1804,random_iid,cosine,6124,2.220446049250313e-16,0.52
1807,random_iid,cosine,1149,0.08013378899220025,2.22
1838,random_iid,cosine,15680,0.08831538832289654,1.28
1862,random_iid,cosine,5978,0.08013378899220025,0.68
1869,random_iid,cosine,14518,0.07549967295795157,0.9
1901,random_iid,cosine,4764,0.08831538832289643,0.7
1905,random_iid,cosine,14564,2.220446049250313e-16,1.34
1944,random_iid,cosine,26,3.3306690738754696e-16,0.62
1952,random_iid,cosine,16389,0.0,0.22
1957,random_iid,cosine,3158,2.220446049250313e-16,2.22
1981,random_iid,cosine,9035,0.08831538832289654,1.96
1983,random_iid,cosine,15757,0.08831538832289654,1.16
2008,random_iid,cosine,18383,1.1102230246251565e-16,1.62
2020,random_iid,cosine,6461,2.220446049250313e-16,2.04
2026,random_iid,cosine,13064,0.08831538832289643,0.82
2043,random_iid,cosine,6058,2.220446049250313e-16,0.66
2066,random_iid,cosine,17464,2.220446049250313e-16,0.72
2078,random_iid,cosine,6749,3.3306690738754696e-16,1.12
2111,random_iid,cosine,1816,0.15484574527148354,1.56
2112,random_iid,cosine,6266,1.1102230246251565e-16,2.36
2117,random_iid,cosine,1267,2.220446049250313e-16,1.6
2119,random_iid,cosine,11788,2.220446049250313e-16,1.0
2127,random_iid,cosine,8701,2.220446049250313e-16,1.84
2129,random_iid,cosine,7776,3.3306690738754696e-16,1.24
2136,random_iid,cosine,12625,1.1102230246251565e-16,1.32
2145,random_iid,cosine,12756,2.220446049250313e-16,1.6
2152,random_iid,cosine,11707,0.0,0.82
2167,random_iid,cosine,1452,1.1102230246251565e-16,2.98
2174,random_iid,cosine,4626,3.3306690738754696e-16,2.36
2177,random_iid,cosine,4729,2.220446049250313e-16,1.36
2189,random_iid,cosine,12848,2.220446049250313e-16,1.44
2214,random_iid,cosine,6381,2.220446049250313e-16,2.9
2221,random_iid,cosine,4077,1.1102230246251565e-16,0.22
2232,random_iid,cosine,10285,0.08831538832289643,2.0
2238,random_iid,cosine,3649,2.220446049250313e-16,0.84
2247,random_iid,cosine,4151,0.07549967295795157,0.56
2250,random_iid,cosine,11134,0.08831538832289643,1.46
2255,random_iid,cosine,3534,3.3306690738754696e-16,0.7
2266,random_iid,cosine,3082,1.1102230246251565e-16,1.88
2267,random_iid,cosine,3317,1.1102230246251565e-16,1.16
2270,random_iid,cosine,180,0.11808289631180324,1.46
2271,random_iid,cosine,7174,2.220446049250313e-16,1.46
2279,random_iid,cosine,6765,0.08831538832289654,1.26
2281,random_iid,cosine,12271,2.220446049250313e-16,1.98
2298,random_iid,cosine,5275,2.220446049250313e-16,1.52
2300,random_iid,cosine,1941,0.15484574527148354,1.16
2301,random_iid,cosine,63,0.08013378899220025,4.0
2308,random_iid,cosine,61,2.220446049250313e-16,1.82
2312,random_iid,cosine,7003,2.220446049250313e-16,1.74
2315,random_iid,cosine,6369,2.220446049250313e-16,0.82
2319,random_iid,cosine,4943,2.220446049250313e-16,0.98
2325,random_iid,cosine,11054,1.1102230246251565e-16,1.7
2334,random_iid,cosine,17053,2.220446049250313e-16,0.38
2360,random_iid,cosine,4555,2.220446049250313e-16,1.82
2388,random_iid,cosine,9841,2.220446049250313e-16,2.92
2392,random_iid,cosine,2818,2.220446049250313e-16,0.74
2403,random_iid,cosine,9830,0.0,1.64
2405,random_iid,cosine,18138,0.0,2.14
2408,random_iid,cosine,6871,2.220446049250313e-16,1.26
2414,random_iid,cosine,18611,2.220446049250313e-16,0.76
2439,random_iid,cosine,9972,0.07549967295795157,0.84
2445,random_iid,cosine,17945,1.1102230246251565e-16,1.0
2448,random_iid,cosine,3007,1.1102230246251565e-16,0.78
2458,random_iid,cosine,11016,0.08831538832289643,0.26
2480,random_iid,cosine,3206,2.220446049250313e-16,2.36
2483,random_iid,cosine,11004,3.3306690738754696e-16,0.58
2485,random_iid,cosine,6352,1.1102230246251565e-16,2.82
2495,random_iid,cosine,1621,0.08831538832289654,1.34
2498,random_iid,cosine,14256,2.220446049250313e-16,0.6
2501,random_iid,cosine,10576,2.220446049250313e-16,2.4
2503,random_iid,cosine,16530,1.1102230246251565e-16,1.2
2516,random_iid,cosine,9673,0.0,1.24
2519,random_iid,cosine,13446,1.1102230246251565e-16,1.62
2534,random_iid,cosine,14597,2.220446049250313e-16,0.82
2540,random_iid,cosine,5292,1.1102230246251565e-16,0.86
2554,random_iid,cosine,12208,1.1102230246251565e-16,3.26
2583,random_iid,cosine,1677,0.08831538832289643,1.34
2585,random_iid,cosine,18651,2.220446049250313e-16,1.52
2589,random_iid,cosine,16753,2.220446049250313e-16,0.96
2602,random_iid,cosine,533,2.220446049250313e-16,1.3
2605,random_iid,cosine,4914,2.220446049250313e-16,1.88
2609,random_iid,cosine,18767,1.1102230246251565e-16,1.22
2614,random_iid,cosine,3097,1.1102230246251565e-16,1.42
2616,random_iid,cosine,11441,2.220446049250313e-16,2.0
2626,random_iid,cosine,458,0.08831538832289654,1.46
2635,random_iid,cosine,4890,0.08831538832289643,2.18
2647,random_iid,cosine,9100,2.220446049250313e-16,1.0
2662,random_iid,cosine,10367,0.08013378899220025,1.46
2676,random_iid,cosine,13836,2.220446049250313e-16,0.76
2677,random_iid,cosine,215,2.220446049250313e-16,1.28
2678,random_iid,cosine,11586,1.1102230246251565e-16,2.12
2680,random_iid,cosine,14864,2.220446049250313e-16,2.66
2684,random_iid,cosine,14904,2.220446049250313e-16,1.9
2697,random_iid,cosine,11542,0.0,2.0
2698,random_iid,cosine,371,0.08831538832289643,0.92
2704,random_iid,cosine,15718,1.1102230246251565e-16,1.24
2712,random_iid,cosine,11038,0.08013378899220025,1.3
2730,random_iid,cosine,16845,2.220446049250313e-16,1.46
2740,random_iid,cosine,3814,0.08013378899220025,1.16
2771,random_iid,cosine,4535,0.08831538832289643,0.94
2796,random_iid,cosine,9516,2.220446049250313e-16,2.76
2797,random_iid,cosine,10745,2.220446049250313e-16,1.14
2805,random_iid,cosine,17420,1.1102230246251565e-16,1.4
2826,random_iid,cosine,7342,2.220446049250313e-16,1.3
2848,random_iid,cosine,16362,2.220446049250313e-16,1.8
2856,random_iid,cosine,2621,0.15484574527148354,1.4
2862,random_iid,cosine,15410,1.1102230246251565e-16,0.56
2878,random_iid,cosine,3840,2.220446049250313e-16,2.96
2879,random_iid,cosine,8339,2.220446049250313e-16,1.78
2929,random_iid,cosine,1380,0.0,1.08
2937,random_iid,cosine,1130,2.220446049250313e-16,2.2
2948,random_iid,cosine,18508,2.220446049250313e-16,1.24
2954,random_iid,cosine,14185,2.220446049250313e-16,1.48
2958,random_iid,cosine,15610,2.220446049250313e-16,1.26
2959,random_iid,cosine,18541,0.08013378899220014,1.54
2968,random_iid,cosine,650,0.08013378899220025,2.42
2974,random_iid,cosine,5592,1.1102230246251565e-16,0.72
2981,random_iid,cosine,17931,2.220446049250313e-16,0.84
2998,random_iid,cosine,17742,2.220446049250313e-16,2.14
3011,random_iid,cosine,7600,0.0,1.64
3015,random_iid,cosine,6996,1.1102230246251565e-16,2.24
3023,random_iid,cosine,2528,1.1102230246251565e-16,0.98
3043,random_iid,cosine,14601,0.08831538832289654,1.22
3048,random_iid,cosine,2396,2.220446049250313e-16,0.48
3059,random_iid,cosine,18816,0.0,3.44
3073,random_iid,cosine,12690,3.3306690738754696e-16,2.14
3077,random_iid,cosine,17345,1.1102230246251565e-16,1.56
3105,random_iid,cosine,4834,1.1102230246251565e-16,1.84
3106,random_iid,cosine,4043,2.220446049250313e-16,0.42
3128,random_iid,cosine,8995,1.1102230246251565e-16,1.34
3165,random_iid,cosine,3543,1.1102230246251565e-16,1.34
3169,random_iid,cosine,10462,1.1102230246251565e-16,4.58
3194,random_iid,cosine,5542,2.220446049250313e-16,2.82
3200,random_iid,cosine,11374,1.1102230246251565e-16,1.22
3207,random_iid,cosine,10972,0.08831538832289654,1.38
3230,random_iid,cosine,4224,2.220446049250313e-16,2.12
3233,random_iid,cosine,9342,1.1102230246251565e-16,3.1
3234,random_iid,cosine,7764,2.220446049250313e-16,0.78
3245,random_iid,cosine,713,2.220446049250313e-16,1.46
3248,random_iid,cosine,6976,1.1102230246251565e-16,1.06
3263,random_iid,cosine,16779,0.08831538832289643,0.48
3268,random_iid,cosine,11009,2.220446049250313e-16,1.34
3274,random_iid,cosine,10512,0.0,0.34
3282,random_iid,cosine,1677,1.1102230246251565e-16,0.46
3287,random_iid,cosine,13283,2.220446049250313e-16,1.58
3295,random_iid,cosine,5641,2.220446049250313e-16,1.78
3298,random_iid,cosine,11238,2.220446049250313e-16,0.42
3310,random_iid,cosine,3915,0.08831538832289654,0.94
3323,random_iid,cosine,8141,2.220446049250313e-16,1.14
3341,random_iid,cosine,7844,1.1102230246251565e-16,0.0
3350,random_iid,cosine,2964,0.0,1.6
3352,random_iid,cosine,9102,2.220446049250313e-16,1.54
3353,random_iid,cosine,1909,2.220446049250313e-16,0.34
3379,random_iid,cosine,14491,2.220446049250313e-16,2.1
3421,random_iid,cosine,6297,2.220446049250313e-16,0.3
3425,random_iid,cosine,14133,2.220446049250313e-16,2.16
3429,random_iid,cosine,18221,1.1102230246251565e-16,1.7
3461,random_iid,cosine,7203,2.220446049250313e-16,2.12
3468,random_iid,cosine,15728,1.1102230246251565e-16,1.28
3472,random_iid,cosine,6087,0.08013378899220025,2.58
3477,random_iid,cosine,12527,2.220446049250313e-16,0.1
3485,random_iid,cosine,18534,2.220446049250313e-16,1.96
3486,random_iid,cosine,17453,2.220446049250313e-16,1.58
3526,random_iid,cosine,4343,0.08831538832289654,2.2
3528,random_iid,cosine,15422,2.220446049250313e-16,3.0
3532,random_iid,cosine,10282,2.220446049250313e-16,1.06
3545,random_iid,cosine,9051,0.08013378899220014,0.2
3547,random_iid,cosine,3726,0.08831538832289654,1.6
3562,random_iid,cosine,13931,2.220446049250313e-16,1.38
3570,random_iid,cosine,564,1.1102230246251565e-16,2.66
3572,random_iid,cosine,2303,0.08831538832289654,1.74
3585,random_iid,cosine,4504,1.1102230246251565e-16,2.34
3588,random_iid,cosine,8982,2.220446049250313e-16,2.94
3608,random_iid,cosine,14910,0.0,0.76
3616,random_iid,cosine,16778,2.220446049250313e-16,2.02
3617,random_iid,cosine,18063,1.1102230246251565e-16,2.34
3623,random_iid,cosine,16552,3.3306690738754696e-16,1.98
3635,random_iid,cosine,9375,1.1102230246251565e-16,0.64
3651,random_iid,cosine,5305,1.1102230246251565e-16,2.9
3656,random_iid,cosine,13790,0.08831538832289654,0.98
3684,random_iid,cosine,7209,1.1102230246251565e-16,0.36
3703,random_iid,cosine,16165,1.1102230246251565e-16,1.32
3704,random_iid,cosine,13053,2.220446049250313e-16,1.32
3707,random_iid,cosine,2650,2.220446049250313e-16,2.64
3721,random_iid,cosine,7873,0.08831538832289643,1.94
3725,random_iid,cosine,9778,0.08831538832289654,2.88
3733,random_iid,cosine,5300,1.1102230246251565e-16,1.3
3739,random_iid,cosine,625,2.220446049250313e-16,3.46
3746,random_iid,cosine,1378,0.15484574527148354,1.4
3753,random_iid,cosine,4029,0.08831538832289654,1.28
3755,random_iid,cosine,5718,2.220446049250313e-16,1.44
3776,random_iid,cosine,2755,2.220446049250313e-16,1.58
3781,random_iid,cosine,4059,2.220446049250313e-16,1.28
3788,random_iid,cosine,6557,0.08013378899220025,2.04
3798,random_iid,cosine,9683,2.220446049250313e-16,0.56
3821,random_iid,cosine,4080,0.15484574527148354,0.96
3844,random_iid,cosine,4326,0.0,2.94
3848,random_iid,cosine,9393,1.1102230246251565e-16,-0.08
3851,random_iid,cosine,2268,0.0,0.94
3857,random_iid,cosine,5882,2.220446049250313e-16,0.9
3860,random_iid,cosine,10680,1.1102230246251565e-16,1.36
3865,random_iid,cosine,5975,0.07549967295795157,1.94
3886,random_iid,cosine,9125,2.220446049250313e-16,0.7
3894,random_iid,cosine,6713,2.220446049250313e-16,0.4
3910,random_iid,cosine,165,1.1102230246251565e-16,0.86
3919,random_iid,cosine,5823,0.08831538832289643,0.08
3934,random_iid,cosine,15965,3.3306690738754696e-16,2.8
3938,random_iid,cosine,5240,0.08831538832289643,2.26
3948,random_iid,cosine,11448,0.07549967295795157,1.78
3974,random_iid,cosine,11317,2.220446049250313e-16,2.74
3975,random_iid,cosine,3749,0.15484574527148354,1.24
3984,random_iid,cosine,1230,0.15484574527148354,1.2
4010,random_iid,cosine,8401,0.08831538832289643,0.56
4032,random_iid,cosine,2944,0.08831538832289643,2.3
4046,random_iid,cosine,1740,2.220446049250313e-16,1.1
4049,random_iid,cosine,2659,1.1102230246251565e-16,2.26
4058,random_iid,cosine,2313,1.1102230246251565e-16,1.24
4061,random_iid,cosine,1471,2.220446049250313e-16,1.46
4069,random_iid,cosine,3098,3.3306690738754696e-16,1.68
4073,random_iid,cosine,158,0.08013378899220025,1.98
4093,random_iid,cosine,8584,2.220446049250313e-16,2.34
4097,random_iid,cosine,8690,1.1102230246251565e-16,1.48
4101,random_iid,cosine,14233,2.220446049250313e-16,1.32
4105,random_iid,cosine,9613,0.08013378899220025,3.9
4110,random_iid,cosine,2374,0.15484574527148354,1.88
4115,random_iid,cosine,11719,1.1102230246251565e-16,0.76
4126,random_iid,cosine,5541,0.0,2.48
4128,random_iid,cosine,9747,0.08831538832289643,1.46
4149,random_iid,cosine,5530,2.220446049250313e-16,1.82
4153,random_iid,cosine,14844,2.220446049250313e-16,1.12
4156,random_iid,cosine,18727,1.1102230246251565e-16,2.56
4166,random_iid,cosine,2367,2.220446049250313e-16,1.78
4178,random_iid,cosine,5684,1.1102230246251565e-16,1.86
4193,random_iid,cosine,5967,2.220446049250313e-16,0.44
4205,random_iid,cosine,10187,2.220446049250313e-16,1.5
4245,random_iid,cosine,12540,2.220446049250313e-16,2.14
4269,random_iid,cosine,1968,2.220446049250313e-16,1.58
4286,random_iid,cosine,5931,1.1102230246251565e-16,2.04
4291,random_iid,cosine,15883,0.08831538832289654,0.62
4304,random_iid,cosine,5323,0.08831538832289643,1.92
4318,random_iid,cosine,9040,1.1102230246251565e-16,1.92
4325,random_iid,cosine,16035,0.08831538832289654,1.62
4328,random_iid,cosine,3509,2.220446049250313e-16,2.08
4333,random_iid,cosine,15482,1.1102230246251565e-16,1.86
4338,random_iid,cosine,3239,2.220446049250313e-16,2.14
4339,random_iid,cosine,13273,1.1102230246251565e-16,1.68
4344,random_iid,cosine,789,2.220446049250313e-16,2.98
4351,random_iid,cosine,461,1.1102230246251565e-16,1.26
4375,random_iid,cosine,13172,1.1102230246251565e-16,1.22
4385,random_iid,cosine,6644,2.220446049250313e-16,1.14
4393,random_iid,cosine,13921,0.0,1.0
4400,random_iid,cosine,10226,2.220446049250313e-16,1.14
4401,random_iid,cosine,17584,2.220446049250313e-16,1.0
4407,random_iid,cosine,5111,0.08831538832289643,1.22
4411,random_iid,cosine,5297,1.1102230246251565e-16,0.88
4438,random_iid,cosine,5288,2.220446049250313e-16,3.22
4445,random_iid,cosine,10057,1.1102230246251565e-16,0.48
4462,random_iid,cosine,6175,0.08831538832289643,0.72
4475,random_iid,cosine,5795,1.1102230246251565e-16,2.42
4488,random_iid,cosine,15159,0.08013378899220025,2.5
4501,random_iid,cosine,7997,2.220446049250313e-16,0.78
4510,random_iid,cosine,1571,0.07549967295795157,0.96
4525,random_iid,cosine,2457,0.08831538832289643,1.74
4547,random_iid,cosine,15212,0.08831538832289654,0.44
4548,random_iid,cosine,18689,2.220446049250313e-16,1.92
4572,random_iid,cosine,4892,1.1102230246251565e-16,1.68
4574,random_iid,cosine,689,0.08013378899220025,0.38
4577,random_iid,cosine,1928,0.08831538832289643,1.9
4590,random_iid,cosine,11016,0.08831538832289643,1.16
4596,random_iid,cosine,15472,0.0,2.6
4600,random_iid,cosine,11494,0.08831538832289643,1.84
4602,random_iid,cosine,10529,1.1102230246251565e-16,2.42
4614,random_iid,cosine,13381,0.0,1.94
4618,random_iid,cosine,12125,2.220446049250313e-16,1.1
4629,random_iid,cosine,12400,0.08831538832289654,0.68
4634,random_iid,cosine,3800,0.08831538832289643,1.24
4638,random_iid,cosine,10997,1.1102230246251565e-16,0.8
4667,random_iid,cosine,15977,0.0,0.22
4693,random_iid,cosine,18241,2.220446049250313e-16,1.08
4706,random_iid,cosine,9709,2.220446049250313e-16,1.48
4720,random_iid,cosine,7608,0.08831538832289643,3.54
4730,random_iid,cosine,689,0.08013378899220025,1.54
4731,random_iid,cosine,9613,0.08013378899220025,2.42
4738,random_iid,cosine,13064,0.08831538832289643,2.06
4739,random_iid,cosine,9916,0.0,0.58
4743,random_iid,cosine,1089,0.08013378899220014,0.02
4762,random_iid,cosine,510,2.220446049250313e-16,1.34
4771,random_iid,cosine,12261,1.1102230246251565e-16,1.1
4788,random_iid,cosine,7317,2.220446049250313e-16,1.64
4822,random_iid,cosine,4952,2.220446049250313e-16,0.26
4824,random_iid,cosine,5796,2.220446049250313e-16,1.4
4828,random_iid,cosine,13783,1.1102230246251565e-16,1.78
4836,random_iid,cosine,3673,2.220446049250313e-16,2.4
4843,random_iid,cosine,11124,0.15484574527148354,1.54
4856,random_iid,cosine,7114,0.0,1.38
4860,random_iid,cosine,1195,2.220446049250313e-16,0.1
4881,random_iid,cosine,7653,1.1102230246251565e-16,0.44
4884,random_iid,cosine,7097,2.220446049250313e-16,0.42
4899,random_iid,cosine,16841,2.220446049250313e-16,1.08
4909,random_iid,cosine,11401,1.1102230246251565e-16,2.12
4918,random_iid,cosine,5679,1.1102230246251565e-16,3.64
4929,random_iid,cosine,4780,2.220446049250313e-16,0.96
4935,random_iid,cosine,2784,1.1102230246251565e-16,0.96
4936,random_iid,cosine,9972,0.08013378899220025,-0.42
4954,random_iid,cosine,2348,2.220446049250313e-16,0.96
4973,random_iid,cosine,15550,2.220446049250313e-16,0.84
4977,random_iid,cosine,18095,0.0,2.2
4981,random_iid,cosine,8382,1.1102230246251565e-16,1.6
4982,random_iid,cosine,136,2.220446049250313e-16,0.58
4983,random_iid,cosine,4376,1.1102230246251565e-16,2.7
4989,random_iid,cosine,10511,1.1102230246251565e-16,2.0
4999,random_iid,cosine,14123,3.3306690738754696e-16,0.98
5000,random_iid,cosine,13560,0.08831538832289654,1.22
5019,random_iid,cosine,427,0.07549967295795157,1.76
5020,random_iid,cosine,5340,0.15484574527148354,1.1
5022,random_iid,cosine,12590,2.220446049250313e-16,0.42
5026,random_iid,cosine,12912,3.3306690738754696e-16,1.26
5028,random_iid,cosine,15143,1.1102230246251565e-16,0.52
5035,random_iid,cosine,17508,1.1102230246251565e-16,1.18
5038,random_iid,cosine,491,0.08831538832289643,1.8
5069,random_iid,cosine,1621,0.08831538832289654,1.98
5094,random_iid,cosine,9212,0.08013378899220014,1.02
5106,random_iid,cosine,12082,2.220446049250313e-16,1.98
5107,random_iid,cosine,1625,0.08013378899220025,1.2
5112,random_iid,cosine,12446,1.1102230246251565e-16,1.8
5116,random_iid,cosine,945,2.220446049250313e-16,0.16
5118,random_iid,cosine,15719,3.3306690738754696e-16,0.8
5129,random_iid,cosine,17306,2.220446049250313e-16,0.62
5133,random_iid,cosine,11217,0.08831538832289643,3.42
5148,random_iid,cosine,18670,1.1102230246251565e-16,1.08
5170,random_iid,cosine,3915,1.1102230246251565e-16,2.76
5182,random_iid,cosine,9242,1.1102230246251565e-16,2.68
5186,random_iid,cosine,16071,2.220446049250313e-16,1.82
5194,random_iid,cosine,17980,2.220446049250313e-16,3.48
5195,random_iid,cosine,17840,1.1102230246251565e-16,1.76
5203,random_iid,cosine,17515,0.0,1.44
5217,random_iid,cosine,650,0.08013378899220025,1.38
5219,random_iid,cosine,364,1.1102230246251565e-16,2.18
5224,random_iid,cosine,5831,2.220446049250313e-16,0.86
5230,random_iid,cosine,2944,0.08831538832289643,1.06
5267,random_iid,cosine,11153,2.220446049250313e-16,0.84
5280,random_iid,cosine,2032,0.08831538832289643,1.04
5282,random_iid,cosine,4440,1.1102230246251565e-16,2.06
5337,random_iid,cosine,15104,2.220446049250313e-16,0.82
5343,random_iid,cosine,612,1.1102230246251565e-16,1.04
5348,random_iid,cosine,11665,1.1102230246251565e-16,1.68
5358,random_iid,cosine,4370,2.220446049250313e-16,1.52
5363,random_iid,cosine,6353,2.220446049250313e-16,0.88
5380,random_iid,cosine,2610,1.1102230246251565e-16,1.72
5386,random_iid,cosine,6606,1.1102230246251565e-16,1.86
5391,random_iid,cosine,17485,2.220446049250313e-16,2.34
5416,random_iid,cosine,16985,2.220446049250313e-16,1.82
5421,random_iid,cosine,4617,1.1102230246251565e-16,2.44
5426,random_iid,cosine,74,2.220446049250313e-16,0.86
5441,random_iid,cosine,9565,1.1102230246251565e-16,1.2
5446,random_iid,cosine,14875,2.220446049250313e-16,1.32
5458,random_iid,cosine,6513,3.3306690738754696e-16,2.72
5460,random_iid,cosine,17736,2.220446049250313e-16,1.58
5465,random_iid,cosine,10904,2.220446049250313e-16,1.08
5466,random_iid,cosine,5710,2.220446049250313e-16,1.2
5474,random_iid,cosine,9179,2.220446049250313e-16,1.28
5483,random_iid,cosine,16881,2.220446049250313e-16,1.24
5496,random_iid,cosine,6197,2.220446049250313e-16,0.5
5514,random_iid,cosine,8615,2.220446049250313e-16,1.48
5527,random_iid,cosine,9244,2.220446049250313e-16,2.26
5537,random_iid,cosine,10769,0.08831538832289643,1.48
5547,random_iid,cosine,17652,2.220446049250313e-16,0.78
5548,random_iid,cosine,11359,0.0,2.1
5549,random_iid,cosine,9628,2.220446049250313e-16,1.16
5564,random_iid,cosine,489,2.220446049250313e-16,1.28
5568,random_iid,cosine,3716,2.220446049250313e-16,0.58
5572,random_iid,cosine,16142,1.1102230246251565e-16,0.98
5589,random_iid,cosine,12035,1.1102230246251565e-16,1.14
5597,random_iid,cosine,535,0.15484574527148354,1.26
5620,random_iid,cosine,7891,0.08013378899220025,0.7
5654,random_iid,cosine,14660,1.1102230246251565e-16,2.7
5659,random_iid,cosine,18225,2.220446049250313e-16,2.56
5671,random_iid,cosine,7100,1.1102230246251565e-16,1.9
5683,random_iid,cosine,13034,2.220446049250313e-16,1.34
5701,random_iid,cosine,394,1.1102230246251565e-16,1.04
5707,random_iid,cosine,17401,2.220446049250313e-16,1.24
5709,random_iid,cosine,4337,2.220446049250313e-16,1.48
5732,random_iid,cosine,18779,2.220446049250313e-16,1.4
5748,random_iid,cosine,1924,2.220446049250313e-16,1.12
5761,random_iid,cosine,397,0.15484574527148354,1.48
5762,random_iid,cosine,11099,0.0,0.8
5764,random_iid,cosine,12678,2.220446049250313e-16,0.96
5770,random_iid,cosine,5893,0.08831538832289643,1.54
5786,random_iid,cosine,11835,2.220446049250313e-16,2.34
5787,random_iid,cosine,7905,0.08831538832289654,1.48
5800,random_iid,cosine,1572,1.1102230246251565e-16,1.98
5803,random_iid,cosine,5322,0.08831538832289643,2.86
5814,random_iid,cosine,7262,2.220446049250313e-16,0.34
5815,random_iid,cosine,16832,2.220446049250313e-16,1.66
5833,random_iid,cosine,12393,0.07549967295795157,1.46
5841,random_iid,cosine,3510,0.0,2.36
5847,random_iid,cosine,12204,2.220446049250313e-16,1.66
5849,random_iid,cosine,17483,2.220446049250313e-16,1.64
5858,random_iid,cosine,6621,2.220446049250313e-16,0.98
5862,random_iid,cosine,6689,0.08013378899220025,1.62
5863,random_iid,cosine,2673,0.0,1.42
5885,random_iid,cosine,11638,2.220446049250313e-16,0.96
5888,random_iid,cosine,13045,2.220446049250313e-16,2.08
5894,random_iid,cosine,5431,0.08013378899220025,2.4
5915,random_iid,cosine,14389,2.220446049250313e-16,0.64
5921,random_iid,cosine,11109,0.08831538832289643,0.74
5927,random_iid,cosine,18875,2.220446049250313e-16,0.32
5928,random_iid,cosine,9617,2.220446049250313e-16,2.2
5937,random_iid,cosine,3833,1.1102230246251565e-16,2.02
5942,random_iid,cosine,317,1.1102230246251565e-16,2.32
5954,random_iid,cosine,11972,2.220446049250313e-16,1.6
5963,random_iid,cosine,9640,2.220446049250313e-16,2.22
5971,random_iid,cosine,5895,0.08831538832289654,2.62
5990,random_iid,cosine,14839,0.11808289631180324,2.52
6027,random_iid,cosine,8969,2.220446049250313e-16,0.28
6029,random_iid,cosine,11189,1.1102230246251565e-16,1.02
6051,random_iid,cosine,2424,0.08013378899220025,0.92
6053,random_iid,cosine,12981,2.220446049250313e-16,1.04
6062,random_iid,cosine,5384,0.08013378899220014,1.96
6063,random_iid,cosine,16051,1.1102230246251565e-16,1.32
6067,random_iid,cosine,17710,2.220446049250313e-16,1.32
6070,random_iid,cosine,9036,2.220446049250313e-16,1.06
6074,random_iid,cosine,5329,2.220446049250313e-16,1.48
6084,random_iid,cosine,10045,2.220446049250313e-16,3.2
6110,random_iid,cosine,5322,0.08831538832289643,1.16
6118,random_iid,cosine,7122,2.220446049250313e-16,1.18
6128,random_iid,cosine,966,1.1102230246251565e-16,1.2
6164,random_iid,cosine,12232,0.08831538832289654,1.12
6179,random_iid,cosine,11823,0.0,0.42
6193,random_iid,cosine,18713,1.1102230246251565e-16,0.66
6220,random_iid,cosine,6542,0.11808289631180324,1.14
6246,random_iid,cosine,13292,2.220446049250313e-16,1.1
6252,random_iid,cosine,1485,1.1102230246251565e-16,0.92
6253,random_iid,cosine,11325,1.1102230246251565e-16,1.46
6258,random_iid,cosine,415,2.220446049250313e-16,2.3
6267,random_iid,cosine,17819,3.3306690738754696e-16,0.74
6271,random_iid,cosine,17818,1.1102230246251565e-16,3.3
6275,random_iid,cosine,7904,1.1102230246251565e-16,1.98
6299,random_iid,cosine,1813,2.220446049250313e-16,1.68
6315,random_iid,cosine,17192,0.08831538832289654,1.04
6329,random_iid,cosine,3398,1.1102230246251565e-16,1.86
6345,random_iid,cosine,5244,2.220446049250313e-16,0.6
6348,random_iid,cosine,8201,2.220446049250313e-16,1.6
6355,random_iid,cosine,16212,1.1102230246251565e-16,1.82
6367,random_iid,cosine,8651,3.3306690738754696e-16,4.36
6389,random_iid,cosine,14462,0.07549967295795157,1.66
6392,random_iid,cosine,9370,2.220446049250313e-16,1.68
6402,random_iid,cosine,3279,1.1102230246251565e-16,1.7
6405,random_iid,cosine,9023,0.08013378899220014,2.76
6417,random_iid,cosine,5111,0.08831538832289643,2.04
6423,random_iid,cosine,4363,1.1102230246251565e-16,1.52
6425,random_iid,cosine,1674,1.1102230246251565e-16,0.72
6440,random_iid,cosine,7324,1.1102230246251565e-16,1.5
6442,random_iid,cosine,5309,0.0,1.6
6444,random_iid,cosine,1548,2.220446049250313e-16,0.48
6455,random_iid,cosine,10790,2.220446049250313e-16,1.0
6462,random_iid,cosine,5948,0.0,1.1
6472,random_iid,cosine,8323,0.08831538832289643,0.62
6492,random_iid,cosine,225,2.220446049250313e-16,0.86
6504,random_iid,cosine,13742,2.220446049250313e-16,2.64
6508,random_iid,cosine,5491,2.220446049250313e-16,0.78
6512,random_iid,cosine,689,0.08013378899220025,1.72
6515,random_iid,cosine,13551,1.1102230246251565e-16,0.9
6517,random_iid,cosine,12232,1.1102230246251565e-16,0.26
6527,random_iid,cosine,3010,2.220446049250313e-16,2.16
6532,random_iid,cosine,10740,2.220446049250313e-16,1.62
6544,random_iid,cosine,15578,2.220446049250313e-16,2.26
6550,random_iid,cosine,3726,0.08831538832289654,1.14
6577,random_iid,cosine,3645,2.220446049250313e-16,0.98
6580,random_iid,cosine,4603,3.3306690738754696e-16,0.94
6584,random_iid,cosine,17193,0.0,2.84
6590,random_iid,cosine,8843,2.220446049250313e-16,0.22
6600,random_iid,cosine,12483,1.1102230246251565e-16,1.62
6601,random_iid,cosine,10510,2.220446049250313e-16,0.86
6602,random_iid,cosine,18856,1.1102230246251565e-16,1.38
6608,random_iid,cosine,6638,1.1102230246251565e-16,1.74
6632,random_iid,cosine,12025,2.220446049250313e-16,1.16
6641,random_iid,cosine,18547,2.220446049250313e-16,2.24
6647,random_iid,cosine,4144,2.220446049250313e-16,1.48
6660,random_iid,cosine,12219,2.220446049250313e-16,0.54
6685,random_iid,cosine,14200,2.220446049250313e-16,0.96
6705,random_iid,cosine,12318,0.08831538832289654,1.88
6717,random_iid,cosine,3291,2.220446049250313e-16,0.88
6723,random_iid,cosine,12602,2.220446049250313e-16,1.74
6733,random_iid,cosine,4188,1.1102230246251565e-16,1.46
6734,random_iid,cosine,15039,2.220446049250313e-16,2.22
6735,random_iid,cosine,14522,0.0,1.5
6740,random_iid,cosine,4904,0.0,0.96
6741,random_iid,cosine,13969,2.220446049250313e-16,1.78
6758,random_iid,cosine,5995,2.220446049250313e-16,1.48
6759,random_iid,cosine,6408,1.1102230246251565e-16,0.76
6762,random_iid,cosine,998,2.220446049250313e-16,1.58
6778,random_iid,cosine,7214,1.1102230246251565e-16,2.3
6788,random_iid,cosine,2157,2.220446049250313e-16,2.28
6804,random_iid,cosine,9288,2.220446049250313e-16,1.06
6808,random_iid,cosine,2097,2.220446049250313e-16,1.02
6812,random_iid,cosine,9696,3.3306690738754696e-16,1.04
6813,random_iid,cosine,924,0.08831538832289643,1.86
6814,random_iid,cosine,1134,2.220446049250313e-16,0.5
6826,random_iid,cosine,186,0.15484574527148354,0.38
6832,random_iid,cosine,844,1.1102230246251565e-16,0.9
6834,random_iid,cosine,7940,1.1102230246251565e-16,3.1
6863,random_iid,cosine,3148,0.08831538832289654,2.92
6879,random_iid,cosine,1178,1.1102230246251565e-16,1.54
6880,random_iid,cosine,8919,2.220446049250313e-16,1.04
6907,random_iid,cosine,10662,2.220446049250313e-16,1.6
6913,random_iid,cosine,15962,0.08831538832289643,1.5
6918,random_iid,cosine,12253,2.220446049250313e-16,0.7
6925,random_iid,cosine,2590,1.1102230246251565e-16,2.38
6926,random_iid,cosine,14518,0.08013378899220025,1.44
6934,random_iid,cosine,1522,1.1102230246251565e-16,1.1
6955,random_iid,cosine,13955,2.220446049250313e-16,0.92
6956,random_iid,cosine,4382,3.3306690738754696e-16,3.1
6958,random_iid,cosine,6640,0.11808289631180324,1.74
6975,random_iid,cosine,6493,1.1102230246251565e-16,1.38
7020,random_iid,cosine,17014,0.0,0.34
7021,random_iid,cosine,4,2.220446049250313e-16,2.2
7046,random_iid,cosine,4383,0.08831538832289654,1.32
7047,random_iid,cosine,18164,0.0,1.12
7053,random_iid,cosine,5175,0.08831538832289643,2.12
7066,random_iid,cosine,541,0.0,1.5
7074,random_iid,cosine,13693,0.0,0.76
7078,random_iid,cosine,1647,1.1102230246251565e-16,2.92
7089,random_iid,cosine,578,0.07549967295795157,1.9
7132,random_iid,cosine,10136,1.1102230246251565e-16,0.78
7138,random_iid,cosine,8915,0.08831538832289643,1.74
7139,random_iid,cosine,535,0.15484574527148354,1.7
7167,random_iid,cosine,11356,2.220446049250313e-16,3.14
7168,random_iid,cosine,11383,0.08831538832289654,1.52
7172,random_iid,cosine,2629,1.1102230246251565e-16,1.84
7180,random_iid,cosine,8159,2.220446049250313e-16,1.48
7191,random_iid,cosine,15921,1.1102230246251565e-16,2.26
7198,random_iid,cosine,18003,3.3306690738754696e-16,1.9
7221,random_iid,cosine,4941,2.220446049250313e-16,0.0
7229,random_iid,cosine,18207,2.220446049250313e-16,0.7
7250,random_iid,cosine,9613,0.08013378899220025,4.14
7270,random_iid,cosine,14518,0.08013378899220025,1.68
7273,random_iid,cosine,18166,1.1102230246251565e-16,3.26
7276,random_iid,cosine,13336,0.0,0.4
7285,random_iid,cosine,9615,1.1102230246251565e-16,0.84
7289,random_iid,cosine,17725,1.1102230246251565e-16,2.6
7298,random_iid,cosine,6229,2.220446049250313e-16,1.12
7300,random_iid,cosine,8368,3.3306690738754696e-16,1.46
7302,random_iid,cosine,16457,2.220446049250313e-16,1.98
7306,random_iid,cosine,3957,2.220446049250313e-16,1.42
7315,random_iid,cosine,108,2.220446049250313e-16,2.92
7319,random_iid,cosine,7563,0.15484574527148354,0.76
7333,random_iid,cosine,5071,2.220446049250313e-16,0.72
7335,random_iid,cosine,9677,2.220446049250313e-16,1.4
7337,random_iid,cosine,5802,2.220446049250313e-16,0.72
7341,random_iid,cosine,9546,3.3306690738754696e-16,3.84
7346,random_iid,cosine,18048,1.1102230246251565e-16,2.84
7348,random_iid,cosine,2084,2.220446049250313e-16,0.72
7353,random_iid,cosine,18852,2.220446049250313e-16,1.6
7369,random_iid,cosine,90,0.08831538832289654,1.1
7375,random_iid,cosine,11540,0.0,1.96
7380,random_iid,cosine,10751,2.220446049250313e-16,1.52
7405,random_iid,cosine,9105,1.1102230246251565e-16,1.6
7414,random_iid,cosine,10131,1.1102230246251565e-16,1.9
7417,random_iid,cosine,7411,1.1102230246251565e-16,0.74
7428,random_iid,cosine,9815,0.0,2.54
7477,random_iid,cosine,4402,1.1102230246251565e-16,1.98
7499,random_iid,cosine,15515,2.220446049250313e-16,1.66
7506,random_iid,cosine,15978,0.08831538832289654,0.52
7540,random_iid,cosine,14008,1.1102230246251565e-16,1.58
7541,random_iid,cosine,6971,0.07549967295795157,1.58
7550,random_iid,cosine,1995,0.08831538832289643,1.48
7554,random_iid,cosine,8570,2.220446049250313e-16,2.66
7555,random_iid,cosine,5823,0.08831538832289643,1.34
7562,random_iid,cosine,18405,0.0,2.96
7567,random_iid,cosine,3621,1.1102230246251565e-16,1.24
7589,random_iid,cosine,13602,2.220446049250313e-16,1.28
7590,random_iid,cosine,15869,2.220446049250313e-16,0.88
7592,random_iid,cosine,9246,2.220446049250313e-16,1.78
7596,random_iid,cosine,2037,1.1102230246251565e-16,1.62
7599,random_iid,cosine,3503,1.1102230246251565e-16,1.7
7623,random_iid,cosine,17868,2.220446049250313e-16,2.8
7626,random_iid,cosine,13879,2.220446049250313e-16,1.7
7639,random_iid,cosine,8754,2.220446049250313e-16,0.64
7656,random_iid,cosine,8271,2.220446049250313e-16,0.86
7672,random_iid,cosine,17333,2.220446049250313e-16,2.08
7726,random_iid,cosine,6087,0.08013378899220025,2.66
7729,random_iid,cosine,14351,1.1102230246251565e-16,1.48
7735,random_iid,cosine,17267,2.220446049250313e-16,2.54
7747,random_iid,cosine,7608,0.08831538832289643,1.2
7753,random_iid,cosine,7742,0.0,2.08
7765,random_iid,cosine,3825,2.220446049250313e-16,2.08
7779,random_iid,cosine,10789,2.220446049250313e-16,1.7
7781,random_iid,cosine,2992,3.3306690738754696e-16,1.9
7782,random_iid,cosine,2209,0.0,0.56
7791,random_iid,cosine,13215,1.1102230246251565e-16,1.58
7794,random_iid,cosine,5183,2.220446049250313e-16,1.76
7802,random_iid,cosine,8553,3.3306690738754696e-16,1.12
7803,random_iid,cosine,6971,0.11808289631180324,1.1
7814,random_iid,cosine,8893,1.1102230246251565e-16,1.52
7820,random_iid,cosine,11791,2.220446049250313e-16,1.06
7822,random_iid,cosine,5823,0.08831538832289643,1.14
7827,random_iid,cosine,11676,1.1102230246251565e-16,1.52
7831,random_iid,cosine,17982,1.1102230246251565e-16,3.3
7836,random_iid,cosine,10896,2.220446049250313e-16,1.18
7840,random_iid,cosine,1055,2.220446049250313e-16,0.9
7882,random_iid,cosine,11775,0.0,0.28
7884,random_iid,cosine,8237,2.220446049250313e-16,0.84
7885,random_iid,cosine,13107,2.220446049250313e-16,1.42
7886,random_iid,cosine,13575,2.220446049250313e-16,1.5
7889,random_iid,cosine,15549,3.3306690738754696e-16,1.08
7894,random_iid,cosine,14350,2.220446049250313e-16,2.84
7897,random_iid,cosine,6101,2.220446049250313e-16,1.84
7898,random_iid,cosine,17491,2.220446049250313e-16,1.04
7922,random_iid,cosine,8674,2.220446049250313e-16,0.56
7930,random_iid,cosine,3413,3.3306690738754696e-16,0.5
7934,random_iid,cosine,603,2.220446049250313e-16,0.82
7944,random_iid,cosine,12210,1.1102230246251565e-16,0.84
7945,random_iid,cosine,7841,2.220446049250313e-16,2.86
7946,random_iid,cosine,12826,1.1102230246251565e-16,2.12
7948,random_iid,cosine,2182,1.1102230246251565e-16,2.4
7976,random_iid,cosine,6523,0.08831538832289643,1.06
7998,random_iid,cosine,1669,2.220446049250313e-16,2.12
8013,random_iid,cosine,11093,2.220446049250313e-16,2.7
8018,random_iid,cosine,1399,2.220446049250313e-16,0.58
8020,random_iid,cosine,2063,2.220446049250313e-16,2.82
8028,random_iid,cosine,17017,0.08831538832289654,1.32
8031,random_iid,cosine,8034,2.220446049250313e-16,1.6
8056,random_iid,cosine,3824,2.220446049250313e-16,1.22
8057,random_iid,cosine,17612,1.1102230246251565e-16,2.9
8076,random_iid,cosine,158,0.08013378899220025,2.26
8087,random_iid,cosine,6210,1.1102230246251565e-16,1.04
8103,random_iid,cosine,4380,0.15484574527148354,1.1
8108,random_iid,cosine,2235,0.15484574527148354,1.56
8124,random_iid,cosine,10721,1.1102230246251565e-16,1.28
8126,random_iid,cosine,14308,2.220446049250313e-16,1.88
8137,random_iid,cosine,8248,0.08013378899220025,2.92
8165,random_iid,cosine,6176,2.220446049250313e-16,2.16
8188,random_iid,cosine,14788,0.08831538832289654,0.76
8192,random_iid,cosine,6966,2.220446049250313e-16,1.46
8197,random_iid,cosine,4281,2.220446049250313e-16,1.48
8206,random_iid,cosine,17294,2.220446049250313e-16,1.6
8225,random_iid,cosine,18284,1.1102230246251565e-16,3.7
8227,random_iid,cosine,14812,2.220446049250313e-16,1.88
8231,random_iid,cosine,2187,0.08831538832289643,2.1
8233,random_iid,cosine,15438,1.1102230246251565e-16,2.2
8239,random_iid,cosine,11962,2.220446049250313e-16,0.82
8250,random_iid,cosine,17439,1.1102230246251565e-16,2.52
8253,random_iid,cosine,239,3.3306690738754696e-16,3.7
8254,random_iid,cosine,1524,0.08831538832289654,0.96
8268,random_iid,cosine,11987,2.220446049250313e-16,1.02
8285,random_iid,cosine,1828,2.220446049250313e-16,1.38
8287,random_iid,cosine,1067,3.3306690738754696e-16,0.86
8292,random_iid,cosine,3604,1.1102230246251565e-16,0.42
8295,random_iid,cosine,17095,0.08831538832289643,0.74
8309,random_iid,cosine,9613,0.08013378899220025,4.5
8317,random_iid,cosine,2597,1.1102230246251565e-16,2.6
8344,random_iid,cosine,7288,0.08831538832289643,1.58
8351,random_iid,cosine,1655,2.220446049250313e-16,1.08
8364,random_iid,cosine,18162,1.1102230246251565e-16,1.86
8369,random_iid,cosine,16672,0.08831538832289643,1.36
8374,random_iid,cosine,1377,0.08831538832289654,1.56
8375,random_iid,cosine,5512,0.08831538832289643,0.12
8395,random_iid,cosine,17350,1.1102230246251565e-16,2.46
8396,random_iid,cosine,3148,0.08831538832289654,1.22
8404,random_iid,cosine,17820,0.08013378899220014,0.8
8416,random_iid,cosine,9754,0.0,2.7
8441,random_iid,cosine,18488,1.1102230246251565e-16,1.84
8443,random_iid,cosine,5772,3.3306690738754696e-16,0.9
8453,random_iid,cosine,12987,2.220446049250313e-16,0.84
8466,random_iid,cosine,6168,3.3306690738754696e-16,0.98
8481,random_iid,cosine,9609,0.08013378899220025,1.58
8482,random_iid,cosine,555,1.1102230246251565e-16,2.16
8484,random_iid,cosine,5366,2.220446049250313e-16,0.74
8485,random_iid,cosine,5482,0.0,1.58
8494,random_iid,cosine,5013,1.1102230246251565e-16,2.0
8507,random_iid,cosine,13905,2.220446049250313e-16,1.88
8510,random_iid,cosine,4226,0.0,0.96
8523,random_iid,cosine,2073,0.08831538832289654,0.72
8527,random_iid,cosine,14744,0.08831538832289654,1.82
8530,random_iid,cosine,18663,2.220446049250313e-16,1.08
8541,random_iid,cosine,6593,1.1102230246251565e-16,1.24
8545,random_iid,cosine,2926,0.08013378899220025,2.38
8546,random_iid,cosine,362,0.08831538832289654,0.7
8562,random_iid,cosine,10566,0.0,1.64
8583,random_iid,cosine,14070,1.1102230246251565e-16,2.66
8590,random_iid,cosine,7546,1.1102230246251565e-16,0.78
8599,random_iid,cosine,2188,1.1102230246251565e-16,0.94
8603,random_iid,cosine,11124,0.15484574527148354,1.18
8608,random_iid,cosine,7929,2.220446049250313e-16,1.16
8618,random_iid,cosine,14169,1.1102230246251565e-16,1.98
8620,random_iid,cosine,14440,1.1102230246251565e-16,1.84
8626,random_iid,cosine,13598,2.220446049250313e-16,1.02
8649,random_iid,cosine,3099,2.220446049250313e-16,1.76
8658,random_iid,cosine,5340,0.15484574527148354,3.0
8668,random_iid,cosine,5828,1.1102230246251565e-16,1.18
8678,random_iid,cosine,337,2.220446049250313e-16,1.92
8692,random_iid,cosine,16305,2.220446049250313e-16,1.5
8696,random_iid,cosine,12473,1.1102230246251565e-16,2.16
8704,random_iid,cosine,8638,3.3306690738754696e-16,2.34
8710,random_iid,cosine,2692,3.3306690738754696e-16,1.3
8723,random_iid,cosine,10667,3.3306690738754696e-16,0.9
8725,random_iid,cosine,9921,0.08013378899220025,1.56
8729,random_iid,cosine,7248,0.08831538832289654,1.82
8735,random_iid,cosine,7427,2.220446049250313e-16,0.96
8748,random_iid,cosine,4517,2.220446049250313e-16,0.74
8805,random_iid,cosine,5678,2.220446049250313e-16,0.5
8815,random_iid,cosine,7775,2.220446049250313e-16,0.7
8818,random_iid,cosine,8070,2.220446049250313e-16,0.5
8821,random_iid,cosine,15046,1.1102230246251565e-16,0.46
8825,random_iid,cosine,15421,0.0,1.48
8833,random_iid,cosine,15563,2.220446049250313e-16,0.36
8842,random_iid,cosine,7799,2.220446049250313e-16,1.24
8845,random_iid,cosine,5240,0.08831538832289643,1.1
8852,random_iid,cosine,3679,2.220446049250313e-16,1.24
8854,random_iid,cosine,17099,1.1102230246251565e-16,0.96
8871,random_iid,cosine,8499,1.1102230246251565e-16,2.02
8896,random_iid,cosine,3834,2.220446049250313e-16,1.68
8904,random_iid,cosine,821,0.15484574527148354,2.14
8922,random_iid,cosine,14494,1.1102230246251565e-16,1.76
8930,random_iid,cosine,12377,1.1102230246251565e-16,1.82
8948,random_iid,cosine,4202,2.220446049250313e-16,1.26
8952,random_iid,cosine,10053,0.08831538832289654,1.4
8980,random_iid,cosine,10246,2.220446049250313e-16,1.64
8983,random_iid,cosine,15227,2.220446049250313e-16,3.18
8993,random_iid,cosine,12759,2.220446049250313e-16,1.5
9006,random_iid,cosine,16085,1.1102230246251565e-16,1.12
9054,random_iid,cosine,6756,1.1102230246251565e-16,1.34
9056,random_iid,cosine,12006,1.1102230246251565e-16,2.34
9058,random_iid,cosine,3294,2.220446049250313e-16,0.5
9071,random_iid,cosine,4299,0.08013378899220025,1.1
9086,random_iid,cosine,6689,0.08013378899220025,0.5
9109,random_iid,cosine,3408,2.220446049250313e-16,1.72
9140,random_iid,cosine,9875,2.220446049250313e-16,2.0
9149,random_iid,cosine,5981,2.220446049250313e-16,1.4
9150,random_iid,cosine,896,1.1102230246251565e-16,1.62
9153,random_iid,cosine,12971,2.220446049250313e-16,0.6
9156,random_iid,cosine,4844,2.220446049250313e-16,0.48
9187,random_iid,cosine,2428,0.0,2.08
9192,random_iid,cosine,2286,2.220446049250313e-16,0.6
9193,random_iid,cosine,10764,2.220446049250313e-16,0.68
9210,random_iid,cosine,9913,2.220446049250313e-16,1.44
9228,random_iid,cosine,10229,2.220446049250313e-16,1.66
9234,random_iid,cosine,6433,1.1102230246251565e-16,2.26
9249,random_iid,cosine,12723,2.220446049250313e-16,1.76
9250,random_iid,cosine,17915,1.1102230246251565e-16,2.98
9251,random_iid,cosine,16255,2.220446049250313e-16,2.18
9262,random_iid,cosine,2780,2.220446049250313e-16,0.44
9282,random_iid,cosine,312,2.220446049250313e-16,1.34
9286,random_iid,cosine,9151,0.08831538832289654,0.6
9303,random_iid,cosine,12041,2.220446049250313e-16,1.68
9313,random_iid,cosine,14518,0.08013378899220025,0.18
9328,random_iid,cosine,4835,1.1102230246251565e-16,1.4
9331,random_iid,cosine,17178,2.220446049250313e-16,0.48
9334,random_iid,cosine,12968,1.1102230246251565e-16,1.9
9340,random_iid,cosine,8969,0.15484574527148354,2.3
9345,random_iid,cosine,268,1.1102230246251565e-16,0.98
9358,random_iid,cosine,738,2.220446049250313e-16,0.6
9386,random_iid,cosine,18538,2.220446049250313e-16,1.46
9391,random_iid,cosine,4764,0.08831538832289643,1.5
9394,random_iid,cosine,13850,2.220446049250313e-16,1.0
9397,random_iid,cosine,614,1.1102230246251565e-16,4.24
9403,random_iid,cosine,12626,2.220446049250313e-16,2.84
9418,random_iid,cosine,8401,0.08831538832289643,1.4
9441,random_iid,cosine,12954,0.08831538832289643,1.02
9463,random_iid,cosine,17689,2.220446049250313e-16,0.64
9483,random_iid,cosine,1449,2.220446049250313e-16,2.18
9500,random_iid,cosine,10285,0.08831538832289643,1.26
9502,random_iid,cosine,3985,3.3306690738754696e-16,0.4
9509,random_iid,cosine,3878,0.15484574527148354,1.4
9511,random_iid,cosine,5534,2.220446049250313e-16,1.52
9512,random_iid,cosine,6563,2.220446049250313e-16,0.84
9515,random_iid,cosine,9147,2.220446049250313e-16,1.2
9525,random_iid,cosine,8262,2.220446049250313e-16,1.92
9537,random_iid,cosine,9063,1.1102230246251565e-16,0.64
9545,random_iid,cosine,15801,2.220446049250313e-16,1.34
9561,random_iid,cosine,17320,2.220446049250313e-16,1.7
9585,random_iid,cosine,11572,1.1102230246251565e-16,0.9
9594,random_iid,cosine,8965,0.0,1.2
9598,random_iid,cosine,1625,0.07549967295795157,1.74
9610,random_iid,cosine,1934,0.08831538832289654,0.46
9618,random_iid,cosine,10712,2.220446049250313e-16,0.36
9619,random_iid,cosine,15964,2.220446049250313e-16,0.78
9620,random_iid,cosine,13293,1.1102230246251565e-16,1.16
9632,random_iid,cosine,1714,0.08831538832289643,1.2
9659,random_iid,cosine,15806,2.220446049250313e-16,1.76
9660,random_iid,cosine,4299,0.08013378899220025,1.06
9676,random_iid,cosine,3458,2.220446049250313e-16,0.44
9701,random_iid,cosine,1738,1.1102230246251565e-16,2.26
9710,random_iid,cosine,4395,2.220446049250313e-16,1.42
9723,random_iid,cosine,3121,2.220446049250313e-16,3.32
9740,random_iid,cosine,4150,2.220446049250313e-16,1.44
9742,random_iid,cosine,17620,2.220446049250313e-16,1.38
9771,random_iid,cosine,18729,2.220446049250313e-16,0.7
9801,random_iid,cosine,4298,0.0,3.28
9804,random_iid,cosine,4763,0.08831538832289654,0.98
9826,random_iid,cosine,1763,1.1102230246251565e-16,1.8
9827,random_iid,cosine,11435,2.220446049250313e-16,1.06
9834,random_iid,cosine,12841,1.1102230246251565e-16,2.42
9840,random_iid,cosine,6559,0.08831538832289643,0.66
9842,random_iid,cosine,10103,2.220446049250313e-16,1.1
9849,random_iid,cosine,426,0.08831538832289643,1.8
9853,random_iid,cosine,14624,1.1102230246251565e-16,1.28
9857,random_iid,cosine,4357,2.220446049250313e-16,2.8
9861,random_iid,cosine,10158,2.220446049250313e-16,1.6
9871,random_iid,cosine,7973,1.1102230246251565e-16,1.26
9904,random_iid,cosine,13191,1.1102230246251565e-16,2.12
9920,random_iid,cosine,2939,0.07549967295795157,1.32
9923,random_iid,cosine,10888,2.220446049250313e-16,0.92
9924,random_iid,cosine,9433,0.0,1.4
9936,random_iid,cosine,12967,2.220446049250313e-16,2.74
9962,random_iid,cosine,16443,0.0,1.76
9967,random_iid,cosine,16779,0.08831538832289643,1.0
9970,random_iid,cosine,1377,0.08831538832289654,1.46
9977,random_iid,cosine,14652,2.220446049250313e-16,0.8
9987,random_iid,cosine,4939,2.220446049250313e-16,1.28
9995,random_iid,cosine,2402,3.3306690738754696e-16,0.86
9998,random_iid,cosine,13599,1.1102230246251565e-16,1.28
10002,random_iid,cosine,17962,0.0,3.5
10007,random_iid,cosine,16169,2.220446049250313e-16,1.8
10008,random_iid,cosine,15114,1.1102230246251565e-16,1.56
10011,random_iid,cosine,6233,2.220446049250313e-16,0.44
10029,random_iid,cosine,10426,0.0,2.04
10032,random_iid,cosine,4640,2.220446049250313e-16,2.0
10044,random_iid,cosine,671,1.1102230246251565e-16,1.38
10052,random_iid,cosine,11852,2.220446049250313e-16,0.86
10074,random_iid,cosine,1687,0.0,2.12
10080,random_iid,cosine,18652,2.220446049250313e-16,1.46
10083,random_iid,cosine,15113,2.220446049250313e-16,3.1
10091,random_iid,cosine,11179,2.220446049250313e-16,0.74
10113,random_iid,cosine,13999,2.220446049250313e-16,2.38
10120,random_iid,cosine,8847,1.1102230246251565e-16,1.46
10140,random_iid,cosine,17055,1.1102230246251565e-16,1.42
10144,random_iid,cosine,18189,1.1102230246251565e-16,1.14
10146,random_iid,cosine,14255,1.1102230246251565e-16,1.16
10159,random_iid,cosine,7259,0.08013378899220025,1.82
10175,random_iid,cosine,12658,0.11111111111111116,3.54
10199,random_iid,cosine,8299,2.220446049250313e-16,0.52
10219,random_iid,cosine,7817,1.1102230246251565e-16,1.32
10231,random_iid,cosine,9043,2.220446049250313e-16,3.44
10239,random_iid,cosine,13450,2.220446049250313e-16,1.5
10242,random_iid,cosine,6570,2.220446049250313e-16,3.2
10299,random_iid,cosine,8486,1.1102230246251565e-16,1.12
10306,random_iid,cosine,83,0.15484574527148354,0.98
10312,random_iid,cosine,8379,1.1102230246251565e-16,3.54
10323,random_iid,cosine,9495,2.220446049250313e-16,1.4
10325,random_iid,cosine,18849,2.220446049250313e-16,1.56
10331,random_iid,cosine,10117,0.08013378899220025,1.3
10334,random_iid,cosine,5202,1.1102230246251565e-16,1.5
10356,random_iid,cosine,12231,0.08831538832289654,2.7
10370,random_iid,cosine,12231,1.1102230246251565e-16,2.3
10373,random_iid,cosine,5737,2.220446049250313e-16,1.38
10385,random_iid,cosine,8550,2.220446049250313e-16,1.28
10430,random_iid,cosine,2965,2.220446049250313e-16,1.2
10431,random_iid,cosine,8884,2.220446049250313e-16,1.72
10435,random_iid,cosine,493,1.1102230246251565e-16,1.6
10437,random_iid,cosine,8019,0.0,1.4
10440,random_iid,cosine,14313,1.1102230246251565e-16,3.14
10443,random_iid,cosine,8879,0.08831538832289654,1.84
10448,random_iid,cosine,3826,0.08831538832289643,2.14
10466,random_iid,cosine,2278,1.1102230246251565e-16,3.28
10481,random_iid,cosine,14592,3.3306690738754696e-16,0.42
10493,random_iid,cosine,10451,1.1102230246251565e-16,2.16
10496,random_iid,cosine,3789,1.1102230246251565e-16,4.56
10501,random_iid,cosine,9393,0.08831538832289654,0.34
10505,random_iid,cosine,1149,0.08013378899220025,2.26
10513,random_iid,cosine,5396,2.220446049250313e-16,2.2
10532,random_iid,cosine,17119,1.1102230246251565e-16,1.92
10540,random_iid,cosine,9023,0.08013378899220014,2.1
10548,random_iid,cosine,1507,2.220446049250313e-16,1.88
10567,random_iid,cosine,12951,0.08831538832289643,1.22
10590,random_iid,cosine,13915,0.08831538832289654,1.06
10605,random_iid,cosine,8878,2.220446049250313e-16,2.26
10607,random_iid,cosine,5431,0.08013378899220025,1.08
10615,random_iid,cosine,4082,2.220446049250313e-16,1.14
10630,random_iid,cosine,1100,2.220446049250313e-16,2.96
10638,random_iid,cosine,3021,2.220446049250313e-16,1.42
10718,random_iid,cosine,633,2.220446049250313e-16,1.52
10722,random_iid,cosine,5181,0.0,0.98
10726,random_iid,cosine,15976,0.08831538832289654,1.32
10731,random_iid,cosine,1320,2.220446049250313e-16,2.24
10734,random_iid,cosine,5431,0.08013378899220025,1.02
10735,random_iid,cosine,2996,2.220446049250313e-16,1.02
10739,random_iid,cosine,2438,1.1102230246251565e-16,1.48
10761,random_iid,cosine,8446,1.1102230246251565e-16,2.82
10774,random_iid,cosine,140,0.0,-0.1
10782,random_iid,cosine,14910,0.08831538832289643,0.72
10786,random_iid,cosine,9031,0.08831538832289643,0.78
10796,random_iid,cosine,1141,0.0,1.8
10801,random_iid,cosine,2039,1.1102230246251565e-16,1.68
10807,random_iid,cosine,4850,1.1102230246251565e-16,0.6
10824,random_iid,cosine,17770,2.220446049250313e-16,0.78
10830,random_iid,cosine,3939,2.220446049250313e-16,1.52
10836,random_iid,cosine,1797,0.15484574527148354,4.06
10865,random_iid,cosine,13765,1.1102230246251565e-16,0.74
10871,random_iid,cosine,5384,0.08013378899220014,0.4
10876,random_iid,cosine,6112,0.0,2.02
10884,random_iid,cosine,9770,2.220446049250313e-16,1.64
10887,random_iid,cosine,13025,2.220446049250313e-16,1.44
10892,random_iid,cosine,16058,2.220446049250313e-16,1.02
10898,random_iid,cosine,9004,0.08831538832289643,0.74
10901,random_iid,cosine,10280,2.220446049250313e-16,0.04
10931,random_iid,cosine,11038,0.07549967295795157,1.14
10933,random_iid,cosine,13911,0.07549967295795157,1.76
10935,random_iid,cosine,5601,3.3306690738754696e-16,1.4
10944,random_iid,cosine,13340,2.220446049250313e-16,1.32
10977,random_iid,cosine,3407,2.220446049250313e-16,1.2
10995,random_iid,cosine,7706,3.3306690738754696e-16,0.28
11018,random_iid,cosine,7845,3.3306690738754696e-16,1.08
11019,random_iid,cosine,5361,2.220446049250313e-16,1.04
11037,random_iid,cosine,13988,2.220446049250313e-16,1.54
11039,random_iid,cosine,1339,0.08831538832289654,0.82
11044,random_iid,cosine,6295,2.220446049250313e-16,1.02
11050,random_iid,cosine,18911,2.220446049250313e-16,2.18
11066,random_iid,cosine,1149,0.08013378899220025,1.72
11072,random_iid,cosine,17505,1.1102230246251565e-16,1.06
11074,random_iid,cosine,8328,2.220446049250313e-16,1.24
11078,random_iid,cosine,6175,0.08831538832289643,1.48
11090,random_iid,cosine,14048,2.220446049250313e-16,1.78
11091,random_iid,cosine,7310,1.1102230246251565e-16,0.88
11097,random_iid,cosine,5164,2.220446049250313e-16,3.94
11098,random_iid,cosine,6487,2.220446049250313e-16,4.62
11127,random_iid,cosine,813,1.1102230246251565e-16,1.02
11148,random_iid,cosine,158,0.08013378899220025,1.36
11155,random_iid,cosine,1146,3.3306690738754696e-16,0.88
11160,random_iid,cosine,10817,0.0,2.5
11162,random_iid,cosine,4749,2.220446049250313e-16,1.12
11178,random_iid,cosine,18598,2.220446049250313e-16,0.86
11187,random_iid,cosine,17712,1.1102230246251565e-16,1.44
11195,random_iid,cosine,12184,2.220446049250313e-16,2.64
11206,random_iid,cosine,17831,1.1102230246251565e-16,1.8
11225,random_iid,cosine,4647,0.11808289631180324,2.14
11250,random_iid,cosine,5920,1.1102230246251565e-16,2.46
11267,random_iid,cosine,2235,0.15484574527148354,0.78
11270,random_iid,cosine,9267,1.1102230246251565e-16,0.86
11275,random_iid,cosine,1520,2.220446049250313e-16,0.8
11282,random_iid,cosine,7640,0.0,1.3
11287,random_iid,cosine,12422,0.08831538832289654,1.8
11292,random_iid,cosine,9870,2.220446049250313e-16,0.8
11293,random_iid,cosine,874,2.220446049250313e-16,1.24
11311,random_iid,cosine,3129,1.1102230246251565e-16,1.88
11313,random_iid,cosine,6304,1.1102230246251565e-16,1.14
11315,random_iid,cosine,1378,0.15484574527148354,3.48
11316,random_iid,cosine,2536,2.220446049250313e-16,1.2
11335,random_iid,cosine,17749,3.3306690738754696e-16,0.92
11369,random_iid,cosine,5681,0.08831538832289654,0.56
11379,random_iid,cosine,8865,1.1102230246251565e-16,1.4
11387,random_iid,cosine,921,2.220446049250313e-16,0.66
11391,random_iid,cosine,3380,1.1102230246251565e-16,2.42
11398,random_iid,cosine,3356,2.220446049250313e-16,0.98
11399,random_iid,cosine,491,0.0,1.72
11423,random_iid,cosine,4849,1.1102230246251565e-16,1.86
11427,random_iid,cosine,6616,1.1102230246251565e-16,2.4
11429,random_iid,cosine,18034,2.220446049250313e-16,2.86
11432,random_iid,cosine,4053,1.1102230246251565e-16,0.88
11453,random_iid,cosine,3539,0.08831538832289654,2.36
11457,random_iid,cosine,11139,2.220446049250313e-16,1.82
11465,random_iid,cosine,18469,1.1102230246251565e-16,1.16
11504,random_iid,cosine,5521,1.1102230246251565e-16,1.74
11511,random_iid,cosine,2950,2.220446049250313e-16,1.0
11518,random_iid,cosine,10489,1.1102230246251565e-16,1.34
11529,random_iid,cosine,13713,1.1102230246251565e-16,2.7
11545,random_iid,cosine,2032,0.08831538832289643,2.38
11567,random_iid,cosine,14642,2.220446049250313e-16,1.18
11615,random_iid,cosine,15972,1.1102230246251565e-16,1.72
11631,random_iid,cosine,259,1.1102230246251565e-16,0.84
11633,random_iid,cosine,821,0.15484574527148354,1.82
11658,random_iid,cosine,1276,2.220446049250313e-16,0.82
11668,random_iid,cosine,9142,2.220446049250313e-16,3.92
11675,random_iid,cosine,5160,3.3306690738754696e-16,0.38
11682,random_iid,cosine,7815,1.1102230246251565e-16,1.28
11696,random_iid,cosine,306,0.08831538832289654,2.64
11698,random_iid,cosine,14265,1.1102230246251565e-16,1.56
11702,random_iid,cosine,17183,1.1102230246251565e-16,1.28
11712,random_iid,cosine,8125,2.220446049250313e-16,1.46
11717,random_iid,cosine,16784,0.0,4.46
11753,random_iid,cosine,955,2.220446049250313e-16,1.04
11770,random_iid,cosine,12362,2.220446049250313e-16,0.74
11776,random_iid,cosine,4250,2.220446049250313e-16,1.1
11778,random_iid,cosine,1714,0.08831538832289643,2.14
11797,random_iid,cosine,11341,1.1102230246251565e-16,0.76
11799,random_iid,cosine,12845,1.1102230246251565e-16,1.12
11804,random_iid,cosine,2488,2.220446049250313e-16,1.12
11807,random_iid,cosine,14083,2.220446049250313e-16,0.84
11811,random_iid,cosine,3575,2.220446049250313e-16,0.72
11816,random_iid,cosine,15855,2.220446049250313e-16,2.24
11817,random_iid,cosine,17239,1.1102230246251565e-16,1.8
11825,random_iid,cosine,14708,0.08831538832289654,1.26
11830,random_iid,cosine,974,1.1102230246251565e-16,2.5
11838,random_iid,cosine,2472,2.220446049250313e-16,2.26
11866,random_iid,cosine,1164,0.08831538832289643,0.7
11868,random_iid,cosine,17972,3.3306690738754696e-16,1.56
11872,random_iid,cosine,8008,1.1102230246251565e-16,3.2
11877,random_iid,cosine,17713,0.0,3.02
11885,random_iid,cosine,6689,0.08013378899220025,0.94
11890,random_iid,cosine,9168,1.1102230246251565e-16,1.32
11896,random_iid,cosine,17724,0.07549967295795157,2.22
11914,random_iid,cosine,2208,2.220446049250313e-16,1.14
11915,random_iid,cosine,6684,1.1102230246251565e-16,2.5
11921,random_iid,cosine,8923,1.1102230246251565e-16,1.22
11928,random_iid,cosine,8621,2.220446049250313e-16,2.3
11930,random_iid,cosine,1319,1.1102230246251565e-16,1.72
11935,random_iid,cosine,1410,2.220446049250313e-16,1.0
11937,random_iid,cosine,11352,0.0,2.28
11940,random_iid,cosine,17266,2.220446049250313e-16,2.22
11977,random_iid,cosine,14443,1.1102230246251565e-16,0.74
11981,random_iid,cosine,5897,2.220446049250313e-16,1.32
11983,random_iid,cosine,15963,3.3306690738754696e-16,0.94
12000,random_iid,cosine,1306,2.220446049250313e-16,1.78
12004,random_iid,cosine,1906,1.1102230246251565e-16,0.92
12011,random_iid,cosine,1203,1.1102230246251565e-16,1.4
12019,random_iid,cosine,4586,2.220446049250313e-16,0.88
12022,random_iid,cosine,3288,0.08831538832289654,0.28
12034,random_iid,cosine,10059,0.11808289631180324,0.66
12038,random_iid,cosine,11218,2.220446049250313e-16,0.18
12073,random_iid,cosine,8044,2.220446049250313e-16,0.94
12079,random_iid,cosine,9022,0.0,1.36
12084,random_iid,cosine,8105,2.220446049250313e-16,1.12
12104,random_iid,cosine,6243,2.220446049250313e-16,0.04
12120,random_iid,cosine,14392,2.220446049250313e-16,0.84
12138,random_iid,cosine,3320,2.220446049250313e-16,2.3
12139,random_iid,cosine,16892,1.1102230246251565e-16,0.68
12143,random_iid,cosine,4685,3.3306690738754696e-16,2.04
12159,random_iid,cosine,5978,0.08013378899220025,1.2
12162,random_iid,cosine,10258,2.220446049250313e-16,1.88
12176,random_iid,cosine,99,0.08831538832289643,2.1
12179,random_iid,cosine,10188,0.0,0.54
12181,random_iid,cosine,4008,1.1102230246251565e-16,2.82
12194,random_iid,cosine,2955,2.220446049250313e-16,1.88
12195,random_iid,cosine,14788,0.08831538832289654,0.44
12243,random_iid,cosine,15239,2.220446049250313e-16,1.12
12252,random_iid,cosine,9136,2.220446049250313e-16,1.48
12264,random_iid,cosine,11081,0.08013378899220025,1.86
12270,random_iid,cosine,13851,1.1102230246251565e-16,0.34
12273,random_iid,cosine,5616,2.220446049250313e-16,0.52
12276,random_iid,cosine,3171,0.08013378899220014,1.18
12277,random_iid,cosine,11223,2.220446049250313e-16,1.34
12285,random_iid,cosine,9214,2.220446049250313e-16,0.92
12301,random_iid,cosine,6087,0.08013378899220025,1.98
12303,random_iid,cosine,1625,0.08013378899220025,1.36
12307,random_iid,cosine,158,0.08013378899220025,2.34
12313,random_iid,cosine,150,2.220446049250313e-16,0.56
12314,random_iid,cosine,14601,0.08831538832289654,0.5
12319,random_iid,cosine,11990,0.0,1.0
12320,random_iid,cosine,2162,2.220446049250313e-16,0.78
12349,random_iid,cosine,14808,2.220446049250313e-16,1.72
12365,random_iid,cosine,8473,1.1102230246251565e-16,1.68
12366,random_iid,cosine,3302,0.15484574527148354,1.48
12374,random_iid,cosine,1853,3.3306690738754696e-16,1.9
12379,random_iid,cosine,2368,2.220446049250313e-16,1.48
12406,random_iid,cosine,11592,1.1102230246251565e-16,1.66
12412,random_iid,cosine,3037,2.220446049250313e-16,1.72
12416,random_iid,cosine,12864,1.1102230246251565e-16,0.96
12437,random_iid,cosine,2244,2.220446049250313e-16,0.94
12439,random_iid,cosine,6311,1.1102230246251565e-16,1.04
12456,random_iid,cosine,1154,0.08831538832289643,1.1
12461,random_iid,cosine,15988,1.1102230246251565e-16,0.9
12475,random_iid,cosine,2863,1.1102230246251565e-16,0.88
12484,random_iid,cosine,6107,0.08831538832289654,0.86
12487,random_iid,cosine,4229,1.1102230246251565e-16,1.38
12490,random_iid,cosine,1467,1.1102230246251565e-16,1.26
12492,random_iid,cosine,17750,2.220446049250313e-16,1.94
12510,random_iid,cosine,5272,0.08831538832289643,1.3
12511,random_iid,cosine,3232,0.08831538832289654,1.42
12523,random_iid,cosine,15927,1.1102230246251565e-16,1.66
12534,random_iid,cosine,14095,0.0,1.88
12536,random_iid,cosine,15159,0.08013378899220025,2.18
12537,random_iid,cosine,4890,0.0,2.84
12546,random_iid,cosine,12799,1.1102230246251565e-16,2.38
12555,random_iid,cosine,17175,1.1102230246251565e-16,1.76
12560,random_iid,cosine,9609,0.07549967295795157,1.34
12562,random_iid,cosine,3785,0.08831538832289643,1.8
12570,random_iid,cosine,12738,1.1102230246251565e-16,0.86
12574,random_iid,cosine,5676,2.220446049250313e-16,0.92
12577,random_iid,cosine,1898,2.220446049250313e-16,1.26
12584,random_iid,cosine,14300,2.220446049250313e-16,1.46
12593,random_iid,cosine,11256,2.220446049250313e-16,2.1
12596,random_iid,cosine,689,0.07549967295795157,1.12
12614,random_iid,cosine,7004,1.1102230246251565e-16,1.28
12616,random_iid,cosine,16517,2.220446049250313e-16,1.46
12618,random_iid,cosine,10483,0.0,1.58
12634,random_iid,cosine,1615,2.220446049250313e-16,2.56
12635,random_iid,cosine,15714,0.0,1.54
12636,random_iid,cosine,16483,2.220446049250313e-16,3.58
12655,random_iid,cosine,11507,2.220446049250313e-16,1.52
12656,random_iid,cosine,12331,2.220446049250313e-16,1.0
12687,random_iid,cosine,8414,1.1102230246251565e-16,0.86
12727,random_iid,cosine,11662,2.220446049250313e-16,1.08
12730,random_iid,cosine,9747,0.08831538832289643,0.98
12767,random_iid,cosine,343,2.220446049250313e-16,2.98
12785,random_iid,cosine,6837,2.220446049250313e-16,1.12
12787,random_iid,cosine,1077,0.0,0.78
12792,random_iid,cosine,13196,1.1102230246251565e-16,1.78
12797,random_iid,cosine,14363,0.0,1.08
12802,random_iid,cosine,6565,2.220446049250313e-16,3.52
12804,random_iid,cosine,18541,0.08013378899220014,1.62
12811,random_iid,cosine,13321,1.1102230246251565e-16,1.36
12814,random_iid,cosine,9430,1.1102230246251565e-16,1.22
12822,random_iid,cosine,16801,2.220446049250313e-16,3.4
12881,random_iid,cosine,18565,0.0,1.66
12885,random_iid,cosine,1445,2.220446049250313e-16,0.8
12896,random_iid,cosine,17014,0.08831538832289643,0.7
12897,random_iid,cosine,9484,0.0,1.88
12899,random_iid,cosine,8173,2.220446049250313e-16,1.4
12900,random_iid,cosine,6217,1.1102230246251565e-16,1.6
12920,random_iid,cosine,16345,1.1102230246251565e-16,0.6
12928,random_iid,cosine,4735,1.1102230246251565e-16,1.02
12932,random_iid,cosine,7511,0.08831538832289654,1.36
12947,random_iid,cosine,5837,0.0,1.44
12970,random_iid,cosine,10293,1.1102230246251565e-16,1.68
13003,random_iid,cosine,12339,1.1102230246251565e-16,2.28
13004,random_iid,cosine,1650,2.220446049250313e-16,1.24
13010,random_iid,cosine,1691,2.220446049250313e-16,1.34
13015,random_iid,cosine,5049,1.1102230246251565e-16,1.38
13022,random_iid,cosine,3462,2.220446049250313e-16,0.9
13029,random_iid,cosine,6999,2.220446049250313e-16,1.22
13044,random_iid,cosine,8323,0.08831538832289643,1.74
13068,random_iid,cosine,2447,2.220446049250313e-16,2.98
13082,random_iid,cosine,9820,2.220446049250313e-16,0.94
13096,random_iid,cosine,8411,0.08013378899220025,1.68
13098,random_iid,cosine,4218,2.220446049250313e-16,2.04
13100,random_iid,cosine,11988,1.1102230246251565e-16,2.0
13173,random_iid,cosine,7968,0.08831538832289654,1.22
13174,random_iid,cosine,1478,0.08831538832289654,1.16
13195,random_iid,cosine,12488,2.220446049250313e-16,1.16
13201,random_iid,cosine,17499,2.220446049250313e-16,1.18
13204,random_iid,cosine,10315,2.220446049250313e-16,3.2
13205,random_iid,cosine,15386,2.220446049250313e-16,1.46
13212,random_iid,cosine,2451,1.1102230246251565e-16,1.76
13241,random_iid,cosine,15163,1.1102230246251565e-16,1.54
13253,random_iid,cosine,10262,1.1102230246251565e-16,1.1
13275,random_iid,cosine,1407,0.08831538832289643,0.96
13310,random_iid,cosine,10737,3.3306690738754696e-16,0.9
13313,random_iid,cosine,12954,0.08831538832289643,0.94
13316,random_iid,cosine,9031,0.08831538832289643,0.58
13325,random_iid,cosine,9811,1.1102230246251565e-16,0.7
13328,random_iid,cosine,14628,2.220446049250313e-16,1.0
13332,random_iid,cosine,15596,2.220446049250313e-16,1.5
13335,random_iid,cosine,18909,3.3306690738754696e-16,0.88
13337,random_iid,cosine,3923,2.220446049250313e-16,0.1
13338,random_iid,cosine,4523,0.08831538832289654,2.92
13346,random_iid,cosine,181,1.1102230246251565e-16,1.8
13361,random_iid,cosine,8387,2.220446049250313e-16,2.74
13362,random_iid,cosine,4718,1.1102230246251565e-16,1.7
13369,random_iid,cosine,13790,1.1102230246251565e-16,0.56
13376,random_iid,cosine,12110,2.220446049250313e-16,1.22
13396,random_iid,cosine,14929,2.220446049250313e-16,0.06
13397,random_iid,cosine,9044,2.220446049250313e-16,2.46
13398,random_iid,cosine,14187,3.3306690738754696e-16,1.42
13406,random_iid,cosine,3300,0.0,1.66
13416,random_iid,cosine,100,1.1102230246251565e-16,2.64
13418,random_iid,cosine,18661,2.220446049250313e-16,0.56
13431,random_iid,cosine,5079,1.1102230246251565e-16,1.74
13436,random_iid,cosine,9281,0.08831538832289643,1.36
13447,random_iid,cosine,5323,0.08831538832289643,0.42
13454,random_iid,cosine,6961,2.220446049250313e-16,1.72
13473,random_iid,cosine,10014,0.0,1.48
13483,random_iid,cosine,4038,2.220446049250313e-16,0.4
13491,random_iid,cosine,13001,1.1102230246251565e-16,1.82
13508,random_iid,cosine,391,0.15484574527148354,3.56
13522,random_iid,cosine,4666,2.220446049250313e-16,3.42
13524,random_iid,cosine,7580,0.0,0.5
13529,random_iid,cosine,13552,1.1102230246251565e-16,3.58
13556,random_iid,cosine,12335,2.220446049250313e-16,1.64
13566,random_iid,cosine,5105,2.220446049250313e-16,1.74
13582,random_iid,cosine,8585,1.1102230246251565e-16,1.58
13590,random_iid,cosine,4001,2.220446049250313e-16,2.96
13604,random_iid,cosine,15516,2.220446049250313e-16,2.36
13613,random_iid,cosine,9212,0.08013378899220014,1.56
13619,random_iid,cosine,5384,0.08013378899220025,2.12
13626,random_iid,cosine,112,0.08831538832289654,1.46
13637,random_iid,cosine,650,0.08013378899220025,2.24
13639,random_iid,cosine,1504,1.1102230246251565e-16,2.56
13641,random_iid,cosine,4347,2.220446049250313e-16,1.24
13646,random_iid,cosine,9122,2.220446049250313e-16,1.22
13648,random_iid,cosine,17088,0.0,1.32
13649,random_iid,cosine,6072,0.0,0.94
13651,random_iid,cosine,14214,2.220446049250313e-16,0.3
13658,random_iid,cosine,12776,2.220446049250313e-16,0.98
13666,random_iid,cosine,6825,2.220446049250313e-16,0.88
13668,random_iid,cosine,2311,0.11808289631180324,1.1
13672,random_iid,cosine,18101,0.0,1.5
13683,random_iid,cosine,7866,1.1102230246251565e-16,0.18
13684,random_iid,cosine,2944,0.08831538832289643,1.36
13685,random_iid,cosine,9506,2.220446049250313e-16,0.1
13696,random_iid,cosine,995,2.220446049250313e-16,2.12
13706,random_iid,cosine,9894,3.3306690738754696e-16,1.12
13710,random_iid,cosine,9294,1.1102230246251565e-16,1.34
13736,random_iid,cosine,8915,0.08831538832289643,1.12
13755,random_iid,cosine,9816,1.1102230246251565e-16,0.8
13799,random_iid,cosine,2055,1.1102230246251565e-16,1.28
13814,random_iid,cosine,14788,1.1102230246251565e-16,0.36
13824,random_iid,cosine,224,2.220446049250313e-16,2.8
13829,random_iid,cosine,9212,0.08013378899220025,1.52
13835,random_iid,cosine,3814,0.08013378899220014,0.5
13837,random_iid,cosine,13492,2.220446049250313e-16,1.68
13848,random_iid,cosine,8035,1.1102230246251565e-16,1.78
13852,random_iid,cosine,16035,0.08831538832289654,2.28
13853,random_iid,cosine,11448,0.07549967295795157,1.72
13861,random_iid,cosine,18537,2.220446049250313e-16,1.42
13876,random_iid,cosine,5431,0.08013378899220025,1.86
13880,random_iid,cosine,17697,3.3306690738754696e-16,1.0
13892,random_iid,cosine,6559,0.08831538832289643,1.16
13903,random_iid,cosine,171,0.0,1.56
13920,random_iid,cosine,11332,2.220446049250313e-16,1.56
13934,random_iid,cosine,796,0.08831538832289654,1.4
13940,random_iid,cosine,3307,1.1102230246251565e-16,1.94
13953,random_iid,cosine,15325,2.220446049250313e-16,1.72
13954,random_iid,cosine,7360,1.1102230246251565e-16,1.46
13958,random_iid,cosine,15236,2.220446049250313e-16,0.96
13967,random_iid,cosine,3790,2.220446049250313e-16,0.84
13987,random_iid,cosine,2187,0.08831538832289643,1.02
14004,random_iid,cosine,5583,2.220446049250313e-16,2.0
14006,random_iid,cosine,10872,2.220446049250313e-16,1.44
14013,random_iid,cosine,14479,2.220446049250313e-16,0.5
14018,random_iid,cosine,2837,1.1102230246251565e-16,1.14
14032,random_iid,cosine,6351,0.08831538832289643,1.0
14038,random_iid,cosine,18265,2.220446049250313e-16,1.1
14044,random_iid,cosine,5177,2.220446049250313e-16,2.08
14045,random_iid,cosine,453,0.08831538832289654,1.22
14064,random_iid,cosine,3787,2.220446049250313e-16,0.84
14067,random_iid,cosine,540,2.220446049250313e-16,1.44
14076,random_iid,cosine,5653,2.220446049250313e-16,1.2
14090,random_iid,cosine,2653,0.08831538832289643,0.98
14128,random_iid,cosine,1431,0.0,2.0
14132,random_iid,cosine,2131,2.220446049250313e-16,0.7
14142,random_iid,cosine,3756,0.08831538832289654,2.04
14147,random_iid,cosine,5823,1.1102230246251565e-16,1.46
14159,random_iid,cosine,9212,0.08013378899220025,1.72
14173,random_iid,cosine,11180,2.220446049250313e-16,3.7
14190,random_iid,cosine,2079,2.220446049250313e-16,2.62
14198,random_iid,cosine,8533,2.220446049250313e-16,1.86
14209,random_iid,cosine,7688,2.220446049250313e-16,1.44
14213,random_iid,cosine,10981,2.220446049250313e-16,1.08
14248,random_iid,cosine,8047,2.220446049250313e-16,1.02
14266,random_iid,cosine,18884,2.220446049250313e-16,1.26
14272,random_iid,cosine,1254,1.1102230246251565e-16,1.88
14273,random_iid,cosine,15671,1.1102230246251565e-16,1.94
14279,random_iid,cosine,18363,1.1102230246251565e-16,0.96
14316,random_iid,cosine,6248,2.220446049250313e-16,0.76
14322,random_iid,cosine,3014,0.0,3.06
14327,random_iid,cosine,18319,2.220446049250313e-16,1.28
14333,random_iid,cosine,7938,2.220446049250313e-16,1.82
14335,random_iid,cosine,13667,2.220446049250313e-16,0.52
14336,random_iid,cosine,14438,1.1102230246251565e-16,1.66
14344,random_iid,cosine,1585,0.08831538832289643,1.76
14353,random_iid,cosine,3882,3.3306690738754696e-16,1.04
14368,random_iid,cosine,3393,1.1102230246251565e-16,1.94
14374,random_iid,cosine,1120,2.220446049250313e-16,1.66
14375,random_iid,cosine,1164,0.08831538832289643,0.94
14381,random_iid,cosine,13611,2.220446049250313e-16,1.58
14383,random_iid,cosine,16840,0.0,1.42
14384,random_iid,cosine,1868,1.1102230246251565e-16,2.18
14395,random_iid,cosine,10826,2.220446049250313e-16,0.9
14399,random_iid,cosine,13790,0.08831538832289654,1.46
14400,random_iid,cosine,16672,0.08831538832289643,2.54
14417,random_iid,cosine,11042,2.220446049250313e-16,1.32
14429,random_iid,cosine,11142,2.220446049250313e-16,1.02
14441,random_iid,cosine,1324,2.220446049250313e-16,1.56
14448,random_iid,cosine,12241,0.08831538832289643,0.68
14450,random_iid,cosine,6625,1.1102230246251565e-16,1.38
14455,random_iid,cosine,6195,2.220446049250313e-16,1.94
14461,random_iid,cosine,10116,0.08831538832289654,0.74
14465,random_iid,cosine,9687,2.220446049250313e-16,1.12
14492,random_iid,cosine,15278,2.220446049250313e-16,1.04
14493,random_iid,cosine,18479,2.220446049250313e-16,2.14
14503,random_iid,cosine,5453,0.15484574527148354,2.4
14511,random_iid,cosine,6386,0.08831538832289643,0.4
14520,random_iid,cosine,14486,0.08013378899220014,0.28
14525,random_iid,cosine,2,2.220446049250313e-16,1.02
14526,random_iid,cosine,1995,0.0,3.26
14539,random_iid,cosine,15618,3.3306690738754696e-16,1.7
14554,random_iid,cosine,11043,2.220446049250313e-16,1.0
14569,random_iid,cosine,13838,0.0,2.72
14586,random_iid,cosine,3084,1.1102230246251565e-16,2.36
14602,random_iid,cosine,8408,1.1102230246251565e-16,1.78
14606,random_iid,cosine,18502,2.220446049250313e-16,2.06
14613,random_iid,cosine,12951,0.0,2.18
14617,random_iid,cosine,302,0.0,0.86
14633,random_iid,cosine,18150,0.08831538832289643,1.46
14651,random_iid,cosine,11808,2.220446049250313e-16,1.18
14658,random_iid,cosine,6791,2.220446049250313e-16,2.82
14676,random_iid,cosine,758,3.3306690738754696e-16,1.66
14682,random_iid,cosine,2073,0.08831538832289654,0.68
14685,random_iid,cosine,15141,2.220446049250313e-16,1.3
14689,random_iid,cosine,6612,0.08831538832289643,2.14
14691,random_iid,cosine,1692,2.220446049250313e-16,0.5
14699,random_iid,cosine,13715,1.1102230246251565e-16,2.04
14702,random_iid,cosine,16512,0.08013378899220025,1.36
14714,random_iid,cosine,1638,0.08831538832289654,1.2
14718,random_iid,cosine,14653,0.08831538832289654,2.18
14726,random_iid,cosine,8269,2.220446049250313e-16,0.52
14731,random_iid,cosine,3785,0.0,2.0
14735,random_iid,cosine,3991,2.220446049250313e-16,0.92
14736,random_iid,cosine,9972,0.08013378899220025,2.46
14739,random_iid,cosine,4763,0.08831538832289654,1.14
14741,random_iid,cosine,5611,2.220446049250313e-16,2.5
14752,random_iid,cosine,8336,0.0,1.14
14759,random_iid,cosine,5272,0.0,0.76
14761,random_iid,cosine,6845,1.1102230246251565e-16,0.84
14763,random_iid,cosine,12114,2.220446049250313e-16,1.04
14771,random_iid,cosine,4374,0.08831538832289654,1.5
14782,random_iid,cosine,3994,3.3306690738754696e-16,1.14
14783,random_iid,cosine,7905,0.08831538832289654,1.76
14787,random_iid,cosine,3902,0.08013378899220014,1.48
14807,random_iid,cosine,1129,2.220446049250313e-16,2.32
14809,random_iid,cosine,10230,0.0,0.28
14814,random_iid,cosine,14490,1.1102230246251565e-16,1.08
14822,random_iid,cosine,16147,2.220446049250313e-16,1.3
14825,random_iid,cosine,2873,1.1102230246251565e-16,1.24
14838,random_iid,cosine,2944,0.08831538832289643,1.16
14840,random_iid,cosine,2220,2.220446049250313e-16,0.94
14847,random_iid,cosine,1089,0.07549967295795157,0.7
14850,random_iid,cosine,14307,0.0,0.54
14853,random_iid,cosine,9921,0.08013378899220025,1.22
14854,random_iid,cosine,2001,2.220446049250313e-16,2.8
14861,random_iid,cosine,11447,1.1102230246251565e-16,2.28
14866,random_iid,cosine,17492,0.08831538832289643,2.12
14902,random_iid,cosine,16487,2.220446049250313e-16,1.68
14903,random_iid,cosine,14240,2.220446049250313e-16,1.5
14905,random_iid,cosine,11115,1.1102230246251565e-16,1.38
14913,random_iid,cosine,11768,3.3306690738754696e-16,3.74
14917,random_iid,cosine,1019,0.08831538832289654,0.7
14923,random_iid,cosine,15602,2.220446049250313e-16,1.64
14938,random_iid,cosine,2178,1.1102230246251565e-16,1.88
14946,random_iid,cosine,2033,1.1102230246251565e-16,1.12
14953,random_iid,cosine,15950,1.1102230246251565e-16,0.84
14955,random_iid,cosine,12744,0.08831538832289643,0.84
14983,random_iid,cosine,11876,3.3306690738754696e-16,0.88
14994,random_iid,cosine,2524,2.220446049250313e-16,1.22
14995,random_iid,cosine,985,1.1102230246251565e-16,2.88
15010,random_iid,cosine,12037,2.220446049250313e-16,1.14
15015,random_iid,cosine,1262,0.08831538832289643,1.28
15016,random_iid,cosine,11124,0.15484574527148354,2.06
15045,random_iid,cosine,16038,0.0,0.44
15054,random_iid,cosine,9823,2.220446049250313e-16,1.04
15067,random_iid,cosine,11616,2.220446049250313e-16,0.54
15103,random_iid,cosine,16544,1.1102230246251565e-16,1.18
15108,random_iid,cosine,7530,2.220446049250313e-16,1.06
15116,random_iid,cosine,12091,2.220446049250313e-16,1.42
15120,random_iid,cosine,8310,3.3306690738754696e-16,1.1
15121,random_iid,cosine,1700,2.220446049250313e-16,2.72
15123,random_iid,cosine,4747,1.1102230246251565e-16,1.98
15126,random_iid,cosine,13625,2.220446049250313e-16,1.18
15139,random_iid,cosine,5502,1.1102230246251565e-16,1.44
15150,random_iid,cosine,6710,1.1102230246251565e-16,1.2
15161,random_iid,cosine,2598,2.220446049250313e-16,3.34
15186,random_iid,cosine,9474,2.220446049250313e-16,0.6
15196,random_iid,cosine,13614,1.1102230246251565e-16,2.18
15204,random_iid,cosine,7259,0.08013378899220014,1.3
15211,random_iid,cosine,2446,1.1102230246251565e-16,1.12
15214,random_iid,cosine,1816,0.15484574527148354,0.72
15218,random_iid,cosine,14174,0.0,3.58
15219,random_iid,cosine,14225,2.220446049250313e-16,1.64
15231,random_iid,cosine,10812,2.220446049250313e-16,0.66
15262,random_iid,cosine,6896,1.1102230246251565e-16,3.04
15288,random_iid,cosine,10402,2.220446049250313e-16,1.28
15290,random_iid,cosine,1771,0.08831538832289654,0.92
15293,random_iid,cosine,7625,2.220446049250313e-16,0.68
15296,random_iid,cosine,371,0.08831538832289643,2.92
15298,random_iid,cosine,9669,1.1102230246251565e-16,0.94
15300,random_iid,cosine,10945,2.220446049250313e-16,1.6
15310,random_iid,cosine,6001,2.220446049250313e-16,1.46
15361,random_iid,cosine,13721,1.1102230246251565e-16,0.1
15362,random_iid,cosine,9195,1.1102230246251565e-16,1.1
15377,random_iid,cosine,10096,2.220446049250313e-16,2.04
15389,random_iid,cosine,3422,1.1102230246251565e-16,2.76
15405,random_iid,cosine,9682,2.220446049250313e-16,1.48
15423,random_iid,cosine,13460,1.1102230246251565e-16,1.96
15448,random_iid,cosine,10471,1.1102230246251565e-16,1.6
15450,random_iid,cosine,14432,2.220446049250313e-16,1.82
15455,random_iid,cosine,15492,2.220446049250313e-16,2.88
15461,random_iid,cosine,7223,1.1102230246251565e-16,1.38
15474,random_iid,cosine,9802,2.220446049250313e-16,1.98
15479,random_iid,cosine,9543,2.220446049250313e-16,1.18
15489,random_iid,cosine,9271,1.1102230246251565e-16,1.4
15491,random_iid,cosine,9982,1.1102230246251565e-16,1.04
15510,random_iid,cosine,2627,1.1102230246251565e-16,1.08
15528,random_iid,cosine,11081,0.08013378899220025,1.94
15538,random_iid,cosine,16766,1.1102230246251565e-16,1.22
15542,random_iid,cosine,11383,1.1102230246251565e-16,0.76
15556,random_iid,cosine,1836,1.1102230246251565e-16,2.14
15567,random_iid,cosine,13413,2.220446049250313e-16,0.26
15568,random_iid,cosine,6607,1.1102230246251565e-16,1.24
15570,random_iid,cosine,10126,2.220446049250313e-16,0.68
15590,random_iid,cosine,17812,0.08013378899220025,0.84
15617,random_iid,cosine,7259,0.08013378899220025,1.1
15619,random_iid,cosine,622,2.220446049250313e-16,3.22
15626,random_iid,cosine,10686,2.220446049250313e-16,1.62
15628,random_iid,cosine,6576,1.1102230246251565e-16,0.76
15633,random_iid,cosine,3814,0.08013378899220014,1.28
15648,random_iid,cosine,9,3.3306690738754696e-16,1.26
15660,random_iid,cosine,15623,1.1102230246251565e-16,1.06
15667,random_iid,cosine,18821,2.220446049250313e-16,3.32
15672,random_iid,cosine,12001,1.1102230246251565e-16,2.66
15676,random_iid,cosine,11917,0.08831538832289654,2.26
15687,random_iid,cosine,8337,1.1102230246251565e-16,1.68
15689,random_iid,cosine,10779,1.1102230246251565e-16,2.22
15692,random_iid,cosine,11051,1.1102230246251565e-16,1.9
15693,random_iid,cosine,5456,3.3306690738754696e-16,1.3
15695,random_iid,cosine,11049,3.3306690738754696e-16,1.92
15709,random_iid,cosine,6531,2.220446049250313e-16,1.48
15737,random_iid,cosine,7790,0.0,0.98
15744,random_iid,cosine,663,2.220446049250313e-16,2.32
15771,random_iid,cosine,4687,2.220446049250313e-16,1.86
15786,random_iid,cosine,11533,1.1102230246251565e-16,2.08
15791,random_iid,cosine,568,2.220446049250313e-16,1.4
15792,random_iid,cosine,14062,2.220446049250313e-16,2.96
15802,random_iid,cosine,6087,0.08013378899220025,2.48
15804,random_iid,cosine,1732,0.08831538832289643,2.1
15818,random_iid,cosine,1928,0.08831538832289643,0.6
15821,random_iid,cosine,4256,2.220446049250313e-16,1.44
15849,random_iid,cosine,1375,1.1102230246251565e-16,1.7
15865,random_iid,cosine,3726,0.08831538832289654,1.1
15872,random_iid,cosine,17812,0.08013378899220025,1.68
15875,random_iid,cosine,6288,0.07549967295795157,1.52
15877,random_iid,cosine,3302,0.15484574527148354,1.34
15878,random_iid,cosine,18860,2.220446049250313e-16,1.96
15879,random_iid,cosine,17120,2.220446049250313e-16,1.44
15903,random_iid,cosine,6821,0.08831538832289643,0.8
15905,random_iid,cosine,1660,2.220446049250313e-16,2.98
15911,random_iid,cosine,12121,1.1102230246251565e-16,2.38
15912,random_iid,cosine,1734,2.220446049250313e-16,0.78
15916,random_iid,cosine,793,1.1102230246251565e-16,1.36
15926,random_iid,cosine,11756,2.220446049250313e-16,1.0
15928,random_iid,cosine,16275,0.08831538832289643,-0.06
15937,random_iid,cosine,14475,2.220446049250313e-16,0.92
15961,random_iid,cosine,17382,3.3306690738754696e-16,1.08
15973,random_iid,cosine,14860,2.220446049250313e-16,1.24
15994,random_iid,cosine,4213,0.08831538832289654,1.68
15998,random_iid,cosine,12351,2.220446049250313e-16,0.6
16003,random_iid,cosine,5021,2.220446049250313e-16,0.88
16004,random_iid,cosine,18682,3.3306690738754696e-16,2.2
16007,random_iid,cosine,13816,2.220446049250313e-16,1.1
16008,random_iid,cosine,11587,1.1102230246251565e-16,1.98
16016,random_iid,cosine,11728,2.220446049250313e-16,0.38
16026,random_iid,cosine,5431,0.08013378899220025,1.88
16047,random_iid,cosine,10416,1.1102230246251565e-16,1.74
16055,random_iid,cosine,11111,2.220446049250313e-16,0.62
16057,random_iid,cosine,4765,2.220446049250313e-16,1.3
16060,random_iid,cosine,4698,2.220446049250313e-16,1.8
16061,random_iid,cosine,3737,3.3306690738754696e-16,0.76
16067,random_iid,cosine,15008,2.220446049250313e-16,1.7
16075,random_iid,cosine,7354,2.220446049250313e-16,1.32
16078,random_iid,cosine,12604,2.220446049250313e-16,1.6
16095,random_iid,cosine,953,0.08831538832289643,0.6
16101,random_iid,cosine,83,0.15484574527148354,1.34
16110,random_iid,cosine,9277,2.220446049250313e-16,1.16
16128,random_iid,cosine,15962,0.08831538832289643,1.16
16139,random_iid,cosine,2657,1.1102230246251565e-16,1.24
16153,random_iid,cosine,17162,2.220446049250313e-16,1.18
16167,random_iid,cosine,15673,2.220446049250313e-16,1.2
16171,random_iid,cosine,15371,3.3306690738754696e-16,0.9
16172,random_iid,cosine,17014,0.08831538832289643,1.46
16176,random_iid,cosine,17046,2.220446049250313e-16,0.74
16180,random_iid,cosine,13349,2.220446049250313e-16,2.3
16194,random_iid,cosine,18618,1.1102230246251565e-16,2.54
16208,random_iid,cosine,5375,1.1102230246251565e-16,1.08
16222,random_iid,cosine,17854,2.220446049250313e-16,1.88
16228,random_iid,cosine,16715,2.220446049250313e-16,0.34
16229,random_iid,cosine,12648,2.220446049250313e-16,3.7
16234,random_iid,cosine,17095,0.0,0.64
16240,random_iid,cosine,390,0.08831538832289643,1.78
16242,random_iid,cosine,15586,0.0,1.34
16245,random_iid,cosine,1625,0.08013378899220025,1.62
16251,random_iid,cosine,8990,0.0,0.82
16253,random_iid,cosine,3061,2.220446049250313e-16,2.14
16262,random_iid,cosine,2733,1.1102230246251565e-16,1.44
16268,random_iid,cosine,4491,1.1102230246251565e-16,0.32
16269,random_iid,cosine,6470,0.08831538832289654,0.54
16277,random_iid,cosine,835,0.0,1.98
16279,random_iid,cosine,10053,0.08831538832289654,1.2
16289,random_iid,cosine,6056,0.15484574527148354,2.08
16296,random_iid,cosine,983,1.1102230246251565e-16,3.36
16301,random_iid,cosine,6081,0.15484574527148354,1.08
16325,random_iid,cosine,16931,2.220446049250313e-16,2.54
16331,random_iid,cosine,5384,0.08013378899220014,1.92
16337,random_iid,cosine,4523,1.1102230246251565e-16,2.32
16340,random_iid,cosine,16407,1.1102230246251565e-16,1.8
16343,random_iid,cosine,14935,0.08831538832289643,0.9
16344,random_iid,cosine,13867,2.220446049250313e-16,1.1
16361,random_iid,cosine,9609,0.08013378899220025,2.7
16382,random_iid,cosine,5295,2.220446049250313e-16,0.58
16399,random_iid,cosine,18172,0.0,2.2
16418,random_iid,cosine,7275,2.220446049250313e-16,2.78
16426,random_iid,cosine,8210,2.220446049250313e-16,2.04
16427,random_iid,cosine,10367,0.07549967295795157,0.96
16439,random_iid,cosine,3826,0.08831538832289643,1.76
16441,random_iid,cosine,12953,2.220446049250313e-16,0.94
16459,random_iid,cosine,18917,1.1102230246251565e-16,1.36
16467,random_iid,cosine,9041,1.1102230246251565e-16,1.82
16468,random_iid,cosine,15757,0.08831538832289654,0.98
16510,random_iid,cosine,14373,2.220446049250313e-16,3.7
16541,random_iid,cosine,13093,1.1102230246251565e-16,1.94
16545,random_iid,cosine,6064,0.08831538832289654,0.7
16559,random_iid,cosine,14618,0.0,1.4
16566,random_iid,cosine,17096,1.1102230246251565e-16,1.94
16573,random_iid,cosine,16022,2.220446049250313e-16,0.98
16574,random_iid,cosine,1764,2.220446049250313e-16,1.48
16581,random_iid,cosine,3960,0.08831538832289654,1.6
16584,random_iid,cosine,15000,2.220446049250313e-16,0.72
16588,random_iid,cosine,6317,2.220446049250313e-16,0.8
16591,random_iid,cosine,6774,2.220446049250313e-16,1.38
16598,random_iid,cosine,2621,0.15484574527148354,2.18
16605,random_iid,cosine,18167,0.0,1.22
16611,random_iid,cosine,14978,0.0,4.2
16614,random_iid,cosine,11008,3.3306690738754696e-16,1.62
16628,random_iid,cosine,6234,2.220446049250313e-16,1.34
16637,random_iid,cosine,18235,1.1102230246251565e-16,1.48
16638,random_iid,cosine,8544,2.220446049250313e-16,0.82
16640,random_iid,cosine,14325,1.1102230246251565e-16,3.98
16641,random_iid,cosine,12990,1.1102230246251565e-16,2.14
16643,random_iid,cosine,7058,2.220446049250313e-16,1.14
16656,random_iid,cosine,14101,2.220446049250313e-16,1.18
16660,random_iid,cosine,7632,2.220446049250313e-16,1.74
16668,random_iid,cosine,10129,2.220446049250313e-16,0.8
16671,random_iid,cosine,7303,0.11111111111111116,2.68
16679,random_iid,cosine,2729,1.1102230246251565e-16,0.82
16680,random_iid,cosine,3288,1.1102230246251565e-16,2.36
16684,random_iid,cosine,4940,1.1102230246251565e-16,1.32
16727,random_iid,cosine,4847,2.220446049250313e-16,0.68
16733,random_iid,cosine,5675,0.0,1.78
16738,random_iid,cosine,8718,1.1102230246251565e-16,0.92
16742,random_iid,cosine,1317,1.1102230246251565e-16,2.62
16743,random_iid,cosine,14087,2.220446049250313e-16,0.84
16746,random_iid,cosine,13791,2.220446049250313e-16,2.02
16758,random_iid,cosine,12921,1.1102230246251565e-16,1.34
16761,random_iid,cosine,2945,0.08831538832289643,2.02
16785,random_iid,cosine,5399,0.08831538832289643,0.82
16792,random_iid,cosine,362,0.08831538832289654,1.18
16796,random_iid,cosine,205,3.3306690738754696e-16,2.04
16799,random_iid,cosine,12400,0.08831538832289654,0.6
16808,random_iid,cosine,1903,1.1102230246251565e-16,1.58
16816,random_iid,cosine,13189,2.220446049250313e-16,1.4
16820,random_iid,cosine,453,0.08831538832289654,0.4
16823,random_iid,cosine,1505,1.1102230246251565e-16,1.94
16854,random_iid,cosine,5806,0.15484574527148354,3.6
16861,random_iid,cosine,15246,1.1102230246251565e-16,2.18
16869,random_iid,cosine,13538,2.220446049250313e-16,0.84
16870,random_iid,cosine,1291,2.220446049250313e-16,2.44
16883,random_iid,cosine,5397,0.08831538832289643,1.0
16916,random_iid,cosine,18363,0.08831538832289654,0.92
16919,random_iid,cosine,10224,0.08831538832289654,1.0
16927,random_iid,cosine,11054,0.08831538832289654,0.7
16929,random_iid,cosine,5485,0.08831538832289654,1.3
16949,random_iid,cosine,6497,1.1102230246251565e-16,1.58
16968,random_iid,cosine,17716,2.220446049250313e-16,1.24
16970,random_iid,cosine,6530,1.1102230246251565e-16,1.56
16971,random_iid,cosine,9270,2.220446049250313e-16,1.66
16972,random_iid,cosine,15906,3.3306690738754696e-16,1.36
16989,random_iid,cosine,7027,2.220446049250313e-16,3.24
17011,random_iid,cosine,3908,0.0,2.0
17028,random_iid,cosine,2538,1.1102230246251565e-16,1.0
17034,random_iid,cosine,17412,2.220446049250313e-16,0.86
17042,random_iid,cosine,4080,0.15484574527148354,2.54
17060,random_iid,cosine,6279,1.1102230246251565e-16,1.52
17062,random_iid,cosine,9326,0.0,1.88
17104,random_iid,cosine,3714,0.0,1.46
17113,random_iid,cosine,11530,2.220446049250313e-16,2.3
17121,random_iid,cosine,8367,2.220446049250313e-16,0.78
17122,random_iid,cosine,11081,0.08013378899220025,1.74
17132,random_iid,cosine,2541,0.0,-0.04
17149,random_iid,cosine,3749,0.15484574527148354,2.28
17165,random_iid,cosine,15279,2.220446049250313e-16,1.8
17169,random_iid,cosine,407,1.1102230246251565e-16,1.2
17170,random_iid,cosine,12231,0.08831538832289654,1.38
17171,random_iid,cosine,3539,0.08831538832289654,1.9
17186,random_iid,cosine,15976,1.1102230246251565e-16,2.74
17191,random_iid,cosine,1089,0.08013378899220025,0.92
17194,random_iid,cosine,18706,0.0,1.22
17195,random_iid,cosine,3470,2.220446049250313e-16,2.9
17201,random_iid,cosine,9721,1.1102230246251565e-16,1.82
17210,random_iid,cosine,9764,3.3306690738754696e-16,2.22
17219,random_iid,cosine,11466,0.0,0.26
17244,random_iid,cosine,1255,2.220446049250313e-16,1.4
17268,random_iid,cosine,601,1.1102230246251565e-16,1.16
17292,random_iid,cosine,6529,1.1102230246251565e-16,1.0
17344,random_iid,cosine,7394,3.3306690738754696e-16,0.96
17349,random_iid,cosine,1703,1.1102230246251565e-16,1.28
17362,random_iid,cosine,110,2.220446049250313e-16,0.6
17363,random_iid,cosine,16133,3.3306690738754696e-16,1.74
17379,random_iid,cosine,17719,1.1102230246251565e-16,1.42
17380,random_iid,cosine,18489,1.1102230246251565e-16,1.78
17385,random_iid,cosine,9427,3.3306690738754696e-16,1.48
17390,random_iid,cosine,13443,1.1102230246251565e-16,0.52
17414,random_iid,cosine,3550,1.1102230246251565e-16,1.04
17419,random_iid,cosine,2005,2.220446049250313e-16,1.8
17431,random_iid,cosine,18808,0.0,1.02
17451,random_iid,cosine,14769,1.1102230246251565e-16,1.44
17452,random_iid,cosine,1887,2.220446049250313e-16,0.68
17457,random_iid,cosine,12203,2.220446049250313e-16,2.08
17463,random_iid,cosine,8700,0.0,1.74
17467,random_iid,cosine,8062,2.220446049250313e-16,1.06
17481,random_iid,cosine,7438,2.220446049250313e-16,0.96
17484,random_iid,cosine,10804,2.220446049250313e-16,1.04
17488,random_iid,cosine,1577,1.1102230246251565e-16,1.6
17490,random_iid,cosine,1643,1.1102230246251565e-16,1.2
17493,random_iid,cosine,7968,0.08831538832289654,1.46
17497,random_iid,cosine,16018,1.1102230246251565e-16,2.46
17511,random_iid,cosine,10788,2.220446049250313e-16,1.2
17535,random_iid,cosine,6319,0.0,1.98
17536,random_iid,cosine,4213,0.08831538832289654,1.6
17542,random_iid,cosine,709,2.220446049250313e-16,2.02
17544,random_iid,cosine,12035,0.08831538832289643,1.08
17554,random_iid,cosine,1149,0.08013378899220025,1.8
17560,random_iid,cosine,6566,1.1102230246251565e-16,2.34
17592,random_iid,cosine,10408,2.220446049250313e-16,1.44
17596,random_iid,cosine,7336,0.11111111111111116,1.48
17597,random_iid,cosine,14505,2.220446049250313e-16,1.0
17598,random_iid,cosine,9760,1.1102230246251565e-16,1.24
17603,random_iid,cosine,5806,0.15484574527148354,0.94
17608,random_iid,cosine,3299,0.08013378899220014,1.34
17619,random_iid,cosine,17735,2.220446049250313e-16,1.62
17621,random_iid,cosine,12400,0.08831538832289654,0.88
17623,random_iid,cosine,7288,0.08831538832289643,1.08
17628,random_iid,cosine,7079,0.08831538832289654,0.36
17637,random_iid,cosine,6087,0.08013378899220025,1.74
17642,random_iid,cosine,17845,2.220446049250313e-16,0.98
17647,random_iid,cosine,13104,2.220446049250313e-16,0.18
17658,random_iid,cosine,7591,2.220446049250313e-16,0.5
17678,random_iid,cosine,5978,0.07549967295795157,0.8
17703,random_iid,cosine,14663,0.0,1.96
17707,random_iid,cosine,5397,0.08831538832289643,0.88
17729,random_iid,cosine,14423,2.220446049250313e-16,1.5
17731,random_iid,cosine,5957,1.1102230246251565e-16,0.7
17738,random_iid,cosine,8577,0.08831538832289654,1.22
17761,random_iid,cosine,748,1.1102230246251565e-16,1.3
17788,random_iid,cosine,6537,0.11808289631180324,2.54
17789,random_iid,cosine,1649,2.220446049250313e-16,1.12
17825,random_iid,cosine,4096,0.08831538832289654,1.32
17827,random_iid,cosine,2920,0.08831538832289643,1.44
17847,random_iid,cosine,11366,1.1102230246251565e-16,0.68
17851,random_iid,cosine,16681,0.08831538832289643,0.98
17864,random_iid,cosine,8602,2.220446049250313e-16,0.84
17871,random_iid,cosine,2640,1.1102230246251565e-16,1.3
17885,random_iid,cosine,13160,2.220446049250313e-16,0.44
17892,random_iid,cosine,407,0.08831538832289654,1.36
17898,random_iid,cosine,8684,1.1102230246251565e-16,1.18
17925,random_iid,cosine,6763,0.15484574527148354,2.02
17926,random_iid,cosine,5457,2.220446049250313e-16,2.16
17927,random_iid,cosine,821,0.15484574527148354,1.02
17932,random_iid,cosine,8879,0.08831538832289654,1.32
17939,random_iid,cosine,7862,2.220446049250313e-16,1.8
17950,random_iid,cosine,3541,0.08831538832289654,3.92
17970,random_iid,cosine,5172,0.0,1.66
17974,random_iid,cosine,535,0.15484574527148354,1.18
17989,random_iid,cosine,39,1.1102230246251565e-16,1.32
18004,random_iid,cosine,16497,2.220446049250313e-16,1.1
18022,random_iid,cosine,8450,0.11111111111111116,1.36
18024,random_iid,cosine,14556,2.220446049250313e-16,2.88
18043,random_iid,cosine,10259,2.220446049250313e-16,1.56
18080,random_iid,cosine,16948,2.220446049250313e-16,1.3
18113,random_iid,cosine,16601,2.220446049250313e-16,1.58
18114,random_iid,cosine,2975,0.0,0.58
18123,random_iid,cosine,9671,0.0,0.96
18127,random_iid,cosine,18648,2.220446049250313e-16,0.72
18128,random_iid,cosine,6724,2.220446049250313e-16,1.48
18130,random_iid,cosine,13972,2.220446049250313e-16,1.2
18145,random_iid,cosine,17876,2.220446049250313e-16,1.62
18149,random_iid,cosine,5978,0.08013378899220025,0.72
18171,random_iid,cosine,3412,1.1102230246251565e-16,2.16
18191,random_iid,cosine,11721,2.220446049250313e-16,0.76
18208,random_iid,cosine,13339,1.1102230246251565e-16,1.66
18217,random_iid,cosine,7188,0.08831538832289654,1.4
18226,random_iid,cosine,17711,1.1102230246251565e-16,0.76
18229,random_iid,cosine,5652,2.220446049250313e-16,1.1
18230,random_iid,cosine,17206,3.3306690738754696e-16,0.58
18234,random_iid,cosine,8716,0.08831538832289654,0.68
18251,random_iid,cosine,3490,1.1102230246251565e-16,0.42
18253,random_iid,cosine,13131,3.3306690738754696e-16,1.7
18255,random_iid,cosine,8341,2.220446049250313e-16,1.58
18275,random_iid,cosine,3479,0.0,0.32
18280,random_iid,cosine,10117,0.08013378899220025,0.68
18282,random_iid,cosine,8,2.220446049250313e-16,0.78
18289,random_iid,cosine,17820,0.08013378899220014,1.62
18291,random_iid,cosine,3765,2.220446049250313e-16,1.14
18295,random_iid,cosine,18811,2.220446049250313e-16,1.64
18328,random_iid,cosine,11278,2.220446049250313e-16,1.56
18337,random_iid,cosine,1029,2.220446049250313e-16,0.38
18344,random_iid,cosine,6107,1.1102230246251565e-16,1.04
18345,random_iid,cosine,9518,0.0,1.16
18350,random_iid,cosine,7972,1.1102230246251565e-16,2.06
18356,random_iid,cosine,4812,2.220446049250313e-16,1.92
18362,random_iid,cosine,9690,0.08831538832289654,0.72
18364,random_iid,cosine,521,1.1102230246251565e-16,1.68
18370,random_iid,cosine,13752,0.0,1.24
18376,random_iid,cosine,6594,2.220446049250313e-16,1.1
18378,random_iid,cosine,13554,1.1102230246251565e-16,1.98
18386,random_iid,cosine,16392,1.1102230246251565e-16,0.28
18397,random_iid,cosine,16120,2.220446049250313e-16,3.12
18423,random_iid,cosine,2502,2.220446049250313e-16,0.8
18432,random_iid,cosine,1638,0.08831538832289654,0.98
18433,random_iid,cosine,12275,2.220446049250313e-16,1.22
18437,random_iid,cosine,10770,2.220446049250313e-16,0.66
18439,random_iid,cosine,16275,0.08831538832289643,2.42
18457,random_iid,cosine,6661,2.220446049250313e-16,2.48
18478,random_iid,cosine,17033,2.220446049250313e-16,0.32
18492,random_iid,cosine,3783,2.220446049250313e-16,1.18
18504,random_iid,cosine,4521,2.220446049250313e-16,1.52
18513,random_iid,cosine,7953,1.1102230246251565e-16,1.04
18518,random_iid,cosine,4789,0.08831538832289654,0.38
18520,random_iid,cosine,13101,2.220446049250313e-16,0.66
18523,random_iid,cosine,8149,2.220446049250313e-16,0.92
18533,random_iid,cosine,17883,2.220446049250313e-16,1.12
18546,random_iid,cosine,2928,0.08831538832289643,1.7
18554,random_iid,cosine,836,1.1102230246251565e-16,2.28
18566,random_iid,cosine,2222,2.220446049250313e-16,2.24
18579,random_iid,cosine,637,3.3306690738754696e-16,1.18
18595,random_iid,cosine,17480,2.220446049250313e-16,0.64
18596,random_iid,cosine,13183,1.1102230246251565e-16,1.4
18605,random_iid,cosine,7491,1.1102230246251565e-16,1.18
18608,random_iid,cosine,9347,0.0,0.66
18610,random_iid,cosine,11038,0.08013378899220014,1.46
18629,random_iid,cosine,14518,0.08013378899220025,0.9
18655,random_iid,cosine,10072,2.220446049250313e-16,1.88
18658,random_iid,cosine,470,1.1102230246251565e-16,2.08
18665,random_iid,cosine,12821,2.220446049250313e-16,1.48
18673,random_iid,cosine,3275,2.220446049250313e-16,2.62
18676,random_iid,cosine,1982,2.220446049250313e-16,1.12
18679,random_iid,cosine,4266,1.1102230246251565e-16,2.14
18680,random_iid,cosine,13532,3.3306690738754696e-16,1.02
18693,random_iid,cosine,3653,2.220446049250313e-16,1.4
18694,random_iid,cosine,7833,2.220446049250313e-16,1.0
18717,random_iid,cosine,8213,1.1102230246251565e-16,0.18
18726,random_iid,cosine,5834,2.220446049250313e-16,1.12
18743,random_iid,cosine,16672,0.0,2.14
18752,random_iid,cosine,9817,2.220446049250313e-16,0.48
18755,random_iid,cosine,6130,2.220446049250313e-16,0.98
18758,random_iid,cosine,958,0.15484574527148354,1.46
18763,random_iid,cosine,7563,0.15484574527148354,1.46
18766,random_iid,cosine,10217,3.3306690738754696e-16,0.98
18775,random_iid,cosine,10972,0.08831538832289654,3.36
18776,random_iid,cosine,5906,2.220446049250313e-16,2.0
18781,random_iid,cosine,1302,1.1102230246251565e-16,2.4
18786,random_iid,cosine,556,2.220446049250313e-16,1.66
18794,random_iid,cosine,14745,1.1102230246251565e-16,1.98
18800,random_iid,cosine,13560,0.08831538832289654,1.94
18810,random_iid,cosine,8787,0.08013378899220025,1.38
18818,random_iid,cosine,17095,0.08831538832289643,1.1
18819,random_iid,cosine,8946,1.1102230246251565e-16,1.46
18850,random_iid,cosine,14506,1.1102230246251565e-16,1.84
18858,random_iid,cosine,1269,2.220446049250313e-16,0.8
18885,random_iid,cosine,7615,2.220446049250313e-16,0.7
18902,random_iid,cosine,65,1.1102230246251565e-16,2.78
18904,random_iid,cosine,5587,1.1102230246251565e-16,2.36
18924,random_iid,cosine,1238,2.220446049250313e-16,2.12
18926,random_iid,cosine,18092,1.1102230246251565e-16,2.48
3,random_iid,euclidean,16713,0.0,1.24
6,random_iid,euclidean,154,0.28284271247461895,1.56
19,random_iid,euclidean,3331,0.0,0.46
35,random_iid,euclidean,6816,0.0,1.3
42,random_iid,euclidean,9690,1.0536712127723509e-08,1.4
47,random_iid,euclidean,4323,0.0,0.7
57,random_iid,euclidean,14460,0.0,0.84
59,random_iid,euclidean,15,0.28284271247461895,0.64
72,random_iid,euclidean,17943,1.0536712127723509e-08,0.82
88,random_iid,euclidean,13469,0.0,0.62
101,random_iid,euclidean,18767,0.28284271247461895,1.48
103,random_iid,euclidean,15730,1.0536712127723509e-08,0.42
119,random_iid,euclidean,16213,0.0,1.7
123,random_iid,euclidean,7165,0.0,1.0
127,random_iid,euclidean,185,0.28284271247461895,0.48
134,random_iid,euclidean,20,0.282842712474619,0.56
137,random_iid,euclidean,7908,0.0,1.6
169,random_iid,euclidean,13945,0.0,-0.04
200,random_iid,euclidean,166,0.28284271247461895,2.18
217,random_iid,euclidean,15957,0.0,1.42
247,random_iid,euclidean,16379,1.0536712127723509e-08,0.84
251,random_iid,euclidean,488,0.0,0.14
273,random_iid,euclidean,7135,0.2828427124746191,0.92
286,random_iid,euclidean,516,0.282842712474619,1.14
290,random_iid,euclidean,17997,1.4901161193847656e-08,1.22
291,random_iid,euclidean,10694,0.0,2.66
313,random_iid,euclidean,4201,0.0,0.82
322,random_iid,euclidean,8073,0.0,1.62
323,random_iid,euclidean,3346,0.0,0.42
326,random_iid,euclidean,12147,0.0,0.32
327,random_iid,euclidean,6645,1.0536712127723509e-08,1.18
344,random_iid,euclidean,74,0.28284271247461895,1.46
351,random_iid,euclidean,18692,1.4901161193847656e-08,1.62
361,random_iid,euclidean,10233,1.0536712127723509e-08,0.8
379,random_iid,euclidean,1781,0.0,2.4
387,random_iid,euclidean,15832,0.0,2.02
401,random_iid,euclidean,15743,0.0,0.88
409,random_iid,euclidean,798,0.282842712474619,1.42
410,random_iid,euclidean,1893,0.0,1.0
423,random_iid,euclidean,1690,0.0,0.98
424,random_iid,euclidean,8175,0.0,1.9
438,random_iid,euclidean,15331,0.0,1.3
450,random_iid,euclidean,15109,1.0536712127723509e-08,1.2
460,random_iid,euclidean,3199,1.4901161193847656e-08,1.0
467,random_iid,euclidean,13302,1.0536712127723509e-08,0.08
476,random_iid,euclidean,872,1.0536712127723509e-08,0.72
485,random_iid,euclidean,14315,1.0536712127723509e-08,0.84
487,random_iid,euclidean,2490,0.0,0.6
542,random_iid,euclidean,64,0.28284271247461895,2.46
549,random_iid,euclidean,6501,0.28284271247461895,0.88
553,random_iid,euclidean,9790,0.0,2.56
558,random_iid,euclidean,17510,0.0,1.26
563,random_iid,euclidean,15799,0.0,1.62
576,random_iid,euclidean,4264,0.0,2.2
608,random_iid,euclidean,3804,0.0,1.4
621,random_iid,euclidean,7977,0.0,1.5
635,random_iid,euclidean,11961,0.0,0.96
651,random_iid,euclidean,9160,0.0,2.28
657,random_iid,euclidean,550,0.2828427124746191,1.26
705,random_iid,euclidean,12468,1.4901161193847656e-08,1.0
707,random_iid,euclidean,7810,1.4901161193847656e-08,0.64
708,random_iid,euclidean,11755,0.0,0.88
715,random_iid,euclidean,6478,1.4901161193847656e-08,1.98
729,random_iid,euclidean,1543,0.0,0.5
733,random_iid,euclidean,12557,1.4901161193847656e-08,2.86
736,random_iid,euclidean,8643,1.4901161193847656e-08,1.8
744,random_iid,euclidean,7789,1.0536712127723509e-08,1.28
751,random_iid,euclidean,11263,0.0,1.38
795,random_iid,euclidean,135,0.28284271247461895,0.56
817,random_iid,euclidean,1631,0.0,0.56
820,random_iid,euclidean,5642,0.0,1.5
828,random_iid,euclidean,17579,1.0536712127723509e-08,2.26
852,random_iid,euclidean,565,0.0,2.46
856,random_iid,euclidean,1542,0.0,1.4
878,random_iid,euclidean,11,0.28284271247461895,2.66
927,random_iid,euclidean,588,0.282842712474619,0.32
928,random_iid,euclidean,446,0.0,0.66
936,random_iid,euclidean,4554,0.0,0.84
960,random_iid,euclidean,1299,0.0,1.12
963,random_iid,euclidean,11248,0.0,1.62
967,random_iid,euclidean,93,0.28284271247461895,1.58
970,random_iid,euclidean,7914,0.0,1.28
971,random_iid,euclidean,398,0.2828427124746191,2.2
977,random_iid,euclidean,1636,0.0,1.24
980,random_iid,euclidean,5252,1.4901161193847656e-08,1.42
1020,random_iid,euclidean,18888,0.0,0.72
1023,random_iid,euclidean,11611,0.0,1.46
1026,random_iid,euclidean,16716,0.0,2.56
1027,random_iid,euclidean,12346,0.0,1.38
1034,random_iid,euclidean,3863,0.0,0.72
1035,random_iid,euclidean,40,0.28284271247461895,1.28
1066,random_iid,euclidean,7033,0.0,1.24
1071,random_iid,euclidean,11562,0.0,1.6
1084,random_iid,euclidean,17039,1.0536712127723509e-08,2.42
1086,random_iid,euclidean,1041,1.4901161193847656e-08,0.6
1087,random_iid,euclidean,33,0.28284271247461895,0.9
1092,random_iid,euclidean,17461,0.0,0.9
1114,random_iid,euclidean,16728,0.0,1.02
1144,random_iid,euclidean,16435,0.0,2.02
1147,random_iid,euclidean,982,0.28284271247461906,2.66
1157,random_iid,euclidean,798,0.282842712474619,3.72
1158,random_iid,euclidean,4437,0.0,2.24
1162,random_iid,euclidean,12578,0.0,0.98
1163,random_iid,euclidean,13884,0.0,2.88
1182,random_iid,euclidean,17304,1.4901161193847656e-08,0.46
1199,random_iid,euclidean,12375,0.0,2.24
1213,random_iid,euclidean,25,0.28284271247461895,1.48
1261,random_iid,euclidean,11214,0.0,1.4
1272,random_iid,euclidean,111,0.28284271247461895,1.16
1290,random_iid,euclidean,120,0.28284271247461895,1.46
1297,random_iid,euclidean,6021,0.0,1.48
1303,random_iid,euclidean,5660,0.0,2.28
1321,random_iid,euclidean,5074,0.0,1.18
1323,random_iid,euclidean,3685,0.2828427124746191,2.54
1328,random_iid,euclidean,17743,1.0536712127723509e-08,0.12
1346,random_iid,euclidean,8694,0.0,2.52
1347,random_iid,euclidean,10860,1.0536712127723509e-08,1.38
1350,random_iid,euclidean,5573,1.0536712127723509e-08,1.38
1383,random_iid,euclidean,40,0.28284271247461895,0.66
1396,random_iid,euclidean,8915,1.0536712127723509e-08,1.56
1397,random_iid,euclidean,3700,0.0,1.18
1419,random_iid,euclidean,14779,1.0536712127723509e-08,1.4
1427,random_iid,euclidean,7278,1.0536712127723509e-08,3.78
1429,random_iid,euclidean,74,0.28284271247461895,1.94
1430,random_iid,euclidean,11149,0.0,0.62
1444,random_iid,euclidean,38,0.28284271247461895,2.44
1450,random_iid,euclidean,7406,0.0,0.86
1453,random_iid,euclidean,7059,1.0536712127723509e-08,0.78
1456,random_iid,euclidean,152,0.28284271247461895,1.64
1493,random_iid,euclidean,10492,0.0,1.04
1510,random_iid,euclidean,5168,0.0,1.84
1512,random_iid,euclidean,32,0.28284271247461895,0.94
1527,random_iid,euclidean,4540,0.0,0.82
1554,random_iid,euclidean,9890,0.0,1.0
1557,random_iid,euclidean,14909,0.0,1.0
1580,random_iid,euclidean,389,0.2828427124746191,1.88
1599,random_iid,euclidean,1688,0.28284271247461906,1.02
1611,random_iid,euclidean,316,0.28284271247461895,1.16
1624,random_iid,euclidean,7937,0.0,0.94
1632,random_iid,euclidean,1398,0.282842712474619,1.02
1640,random_iid,euclidean,11400,0.0,0.82
1697,random_iid,euclidean,60,0.28284271247461895,0.62
1704,random_iid,euclidean,13116,1.0536712127723509e-08,2.56
1705,random_iid,euclidean,956,0.0,0.94
1710,random_iid,euclidean,18084,0.0,1.74
1712,random_iid,euclidean,14767,0.0,2.62
1722,random_iid,euclidean,1435,0.282842712474619,1.42
1729,random_iid,euclidean,17003,0.0,1.04
1730,random_iid,euclidean,15294,0.0,1.52
1747,random_iid,euclidean,40,0.28284271247461895,0.54
1768,random_iid,euclidean,11165,0.0,1.36
1804,random_iid,euclidean,6124,0.0,0.52
1807,random_iid,euclidean,164,0.28284271247461895,2.22
1838,random_iid,euclidean,32,0.28284271247461895,1.28
1862,random_iid,euclidean,508,0.2828427124746191,0.68
1869,random_iid,euclidean,156,0.2828427124746191,0.9
1901,random_iid,euclidean,7,0.28284271247461895,0.7
1905,random_iid,euclidean,14564,0.0,1.34
1944,random_iid,euclidean,26,0.0,0.62
1952,random_iid,euclidean,16389,1.0536712127723509e-08,0.22
1957,random_iid,euclidean,3158,0.0,2.22
1981,random_iid,euclidean,114,0.28284271247461895,1.96
1983,random_iid,euclidean,198,0.28284271247461895,1.16
2008,random_iid,euclidean,18383,1.0536712127723509e-08,1.62
2020,random_iid,euclidean,6461,0.0,2.04
2026,random_iid,euclidean,219,0.28284271247461895,0.82
2043,random_iid,euclidean,6058,0.0,0.66
2066,random_iid,euclidean,17464,0.0,0.72
2078,random_iid,euclidean,6749,0.0,1.12
2111,random_iid,euclidean,1816,0.282842712474619,1.56
2112,random_iid,euclidean,6266,0.0,2.36
2117,random_iid,euclidean,1267,0.0,1.6
2119,random_iid,euclidean,11788,0.0,1.0
2127,random_iid,euclidean,8701,0.0,1.84
2129,random_iid,euclidean,7776,0.0,1.24
2136,random_iid,euclidean,12625,1.0536712127723509e-08,1.32
2145,random_iid,euclidean,12756,0.0,1.6
2152,random_iid,euclidean,11707,1.0536712127723509e-08,0.82
2167,random_iid,euclidean,1452,0.0,2.98
2174,random_iid,euclidean,4626,0.0,2.36
2177,random_iid,euclidean,4729,0.0,1.36
2189,random_iid,euclidean,12848,0.0,1.44
2214,random_iid,euclidean,6381,0.0,2.9
2221,random_iid,euclidean,4077,1.0536712127723509e-08,0.22
2232,random_iid,euclidean,49,0.28284271247461895,2.0
2238,random_iid,euclidean,3649,0.0,0.84
2247,random_iid,euclidean,1044,0.28284271247461895,0.56
2250,random_iid,euclidean,41,0.28284271247461895,1.46
2255,random_iid,euclidean,3534,0.0,0.7
2266,random_iid,euclidean,3082,1.0536712127723509e-08,1.88
2267,random_iid,euclidean,3317,1.4901161193847656e-08,1.16
2270,random_iid,euclidean,74,0.28284271247461895,1.46
2271,random_iid,euclidean,7174,0.0,1.46
2279,random_iid,euclidean,104,0.28284271247461895,1.26
2281,random_iid,euclidean,12271,0.0,1.98
2298,random_iid,euclidean,5275,0.0,1.52
2300,random_iid,euclidean,1941,0.282842712474619,1.16
2301,random_iid,euclidean,1857,0.28284271247461895,4.0
2308,random_iid,euclidean,61,0.0,1.82
2312,random_iid,euclidean,7003,0.0,1.74
2315,random_iid,euclidean,6369,0.0,0.82
2319,random_iid,euclidean,4943,0.0,0.98
2325,random_iid,euclidean,11054,1.4901161193847656e-08,1.7
2334,random_iid,euclidean,17053,0.0,0.38
2360,random_iid,euclidean,4555,0.0,1.82
2388,random_iid,euclidean,9841,0.0,2.92
2392,random_iid,euclidean,2818,0.0,0.74
2403,random_iid,euclidean,9830,0.0,1.64
2405,random_iid,euclidean,18138,1.0536712127723509e-08,2.14
2408,random_iid,euclidean,6871,0.0,1.26
2414,random_iid,euclidean,18611,0.0,0.76
2439,random_iid,euclidean,186,0.2828427124746191,0.84
2445,random_iid,euclidean,17945,0.0,1.0
2448,random_iid,euclidean,3007,0.0,0.78
2458,random_iid,euclidean,166,0.28284271247461895,0.26
2480,random_iid,euclidean,3206,0.0,2.36
2483,random_iid,euclidean,11004,0.0,0.58
2485,random_iid,euclidean,6352,0.0,2.82
2495,random_iid,euclidean,10,0.28284271247461895,1.34
2498,random_iid,euclidean,14256,0.0,0.6
2501,random_iid,euclidean,10576,0.0,2.4
2503,random_iid,euclidean,16530,0.0,1.2
2516,random_iid,euclidean,9673,1.0536712127723509e-08,1.24
2519,random_iid,euclidean,13446,1.4901161193847656e-08,1.62
2534,random_iid,euclidean,14597,0.0,0.82
2540,random_iid,euclidean,5292,1.4901161193847656e-08,0.86
2554,random_iid,euclidean,12208,0.0,3.26
2583,random_iid,euclidean,40,0.28284271247461895,1.34
2585,random_iid,euclidean,18651,0.0,1.52
2589,random_iid,euclidean,16753,0.0,0.96
2602,random_iid,euclidean,533,0.0,1.3
2605,random_iid,euclidean,4914,0.0,1.88
2609,random_iid,euclidean,18767,0.0,1.22
2614,random_iid,euclidean,3097,0.0,1.42
2616,random_iid,euclidean,11441,0.0,2.0
2626,random_iid,euclidean,44,0.28284271247461895,1.46
2635,random_iid,euclidean,198,0.28284271247461895,2.18
2647,random_iid,euclidean,9100,0.0,1.0
2662,random_iid,euclidean,148,0.28284271247461906,1.46
2676,random_iid,euclidean,13836,0.0,0.76
2677,random_iid,euclidean,215,0.0,1.28
2678,random_iid,euclidean,11586,0.0,2.12
2680,random_iid,euclidean,14864,0.0,2.66
2684,random_iid,euclidean,14904,0.0,1.9
2697,random_iid,euclidean,11542,1.0536712127723509e-08,2.0
2698,random_iid,euclidean,7,0.28284271247461895,0.92
2704,random_iid,euclidean,15718,1.0536712127723509e-08,1.24
2712,random_iid,euclidean,1472,0.28284271247461906,1.3
2730,random_iid,euclidean,16845,0.0,1.46
2740,random_iid,euclidean,341,0.28284271247461906,1.16
2771,random_iid,euclidean,26,0.28284271247461895,0.94
2796,random_iid,euclidean,9516,0.0,2.76
2797,random_iid,euclidean,10745,0.0,1.14
2805,random_iid,euclidean,17420,1.0536712127723509e-08,1.4
2826,random_iid,euclidean,7342,0.0,1.3
2848,random_iid,euclidean,16362,0.0,1.8
2856,random_iid,euclidean,2621,0.282842712474619,1.4
2862,random_iid,euclidean,15410,0.0,0.56
2878,random_iid,euclidean,3840,0.0,2.96
2879,random_iid,euclidean,8339,0.0,1.78
2929,random_iid,euclidean,1380,1.0536712127723509e-08,1.08
2937,random_iid,euclidean,1130,0.0,2.2
2948,random_iid,euclidean,18508,0.0,1.24
2954,random_iid,euclidean,14185,0.0,1.48
2958,random_iid,euclidean,15610,0.0,1.26
2959,random_iid,euclidean,1426,0.28284271247461906,1.54
2968,random_iid,euclidean,650,0.28284271247461906,2.42
2974,random_iid,euclidean,5592,0.0,0.72
2981,random_iid,euclidean,17931,0.0,0.84
2998,random_iid,euclidean,17742,0.0,2.14
3011,random_iid,euclidean,7600,1.0536712127723509e-08,1.64
3015,random_iid,euclidean,6996,0.0,2.24
3023,random_iid,euclidean,2528,0.0,0.98
3043,random_iid,euclidean,55,0.28284271247461895,1.22
3048,random_iid,euclidean,2396,0.0,0.48
3059,random_iid,euclidean,18816,0.0,3.44
3073,random_iid,euclidean,12690,0.0,2.14
3077,random_iid,euclidean,17345,0.0,1.56
3105,random_iid,euclidean,4834,0.0,1.84
3106,random_iid,euclidean,4043,0.0,0.42
3128,random_iid,euclidean,8995,0.0,1.34
3165,random_iid,euclidean,3543,1.0536712127723509e-08,1.34
3169,random_iid,euclidean,10462,0.0,4.58
3194,random_iid,euclidean,5542,0.0,2.82
3200,random_iid,euclidean,11374,0.0,1.22
3207,random_iid,euclidean,60,0.28284271247461895,1.38
3230,random_iid,euclidean,4224,0.0,2.12
3233,random_iid,euclidean,9342,0.0,3.1
3234,random_iid,euclidean,7764,0.0,0.78
3245,random_iid,euclidean,713,0.0,1.46
3248,random_iid,euclidean,6976,0.0,1.06
3263,random_iid,euclidean,284,0.28284271247461895,0.48
3268,random_iid,euclidean,11009,0.0,1.34
3274,random_iid,euclidean,10512,1.0536712127723509e-08,0.34
3282,random_iid,euclidean,1677,1.0536712127723509e-08,0.46
3287,random_iid,euclidean,13283,0.0,1.58
3295,random_iid,euclidean,5641,0.0,1.78
3298,random_iid,euclidean,11238,0.0,0.42
3310,random_iid,euclidean,220,0.28284271247461895,0.94
3323,random_iid,euclidean,8141,0.0,1.14
3341,random_iid,euclidean,7844,1.0536712127723509e-08,0.0
3350,random_iid,euclidean,2964,1.0536712127723509e-08,1.6
3352,random_iid,euclidean,9102,0.0,1.54
3353,random_iid,euclidean,1909,0.0,0.34
3379,random_iid,euclidean,14491,0.0,2.1
3421,random_iid,euclidean,6297,0.0,0.3
3425,random_iid,euclidean,14133,0.0,2.16
3429,random_iid,euclidean,18221,1.0536712127723509e-08,1.7
3461,random_iid,euclidean,7203,0.0,2.12
3468,random_iid,euclidean,15728,0.0,1.28
3472,random_iid,euclidean,403,0.2828427124746191,2.58
3477,random_iid,euclidean,12527,0.0,0.1
3485,random_iid,euclidean,18534,0.0,1.96
3486,random_iid,euclidean,17453,0.0,1.58
3526,random_iid,euclidean,4,0.28284271247461895,2.2
3528,random_iid,euclidean,15422,0.0,3.0
3532,random_iid,euclidean,10282,0.0,1.06
3545,random_iid,euclidean,1108,0.28284271247461906,0.2
3547,random_iid,euclidean,7,0.28284271247461895,1.6
3562,random_iid,euclidean,13931,0.0,1.38
3570,random_iid,euclidean,564,0.0,2.66
3572,random_iid,euclidean,166,0.28284271247461895,1.74
3585,random_iid,euclidean,4504,0.0,2.34
3588,random_iid,euclidean,8982,0.0,2.94
3608,random_iid,euclidean,14910,1.0536712127723509e-08,0.76
3616,random_iid,euclidean,16778,0.0,2.02
3617,random_iid,euclidean,18063,1.4901161193847656e-08,2.34
3623,random_iid,euclidean,16552,0.0,1.98
3635,random_iid,euclidean,9375,1.0536712127723509e-08,0.64
3651,random_iid,euclidean,5305,1.0536712127723509e-08,2.9
3656,random_iid,euclidean,133,0.28284271247461895,0.98
3684,random_iid,euclidean,7209,0.0,0.36
3703,random_iid,euclidean,16165,1.0536712127723509e-08,1.32
3704,random_iid,euclidean,13053,0.0,1.32
3707,random_iid,euclidean,2650,0.0,2.64
3721,random_iid,euclidean,94,0.28284271247461895,1.94
3725,random_iid,euclidean,70,0.28284271247461895,2.88
3733,random_iid,euclidean,5300,0.0,1.3
3739,random_iid,euclidean,625,0.0,3.46
3746,random_iid,euclidean,1378,0.282842712474619,1.4
3753,random_iid,euclidean,11,0.28284271247461895,1.28
3755,random_iid,euclidean,5718,0.0,1.44
3776,random_iid,euclidean,2755,0.0,1.58
3781,random_iid,euclidean,4059,0.0,1.28
3788,random_iid,euclidean,794,0.2828427124746191,2.04
3798,random_iid,euclidean,9683,0.0,0.56
3821,random_iid,euclidean,2401,0.282842712474619,0.96
3844,random_iid,euclidean,4326,0.0,2.94
3848,random_iid,euclidean,9393,1.0536712127723509e-08,-0.08
3851,random_iid,euclidean,2268,1.0536712127723509e-08,0.94
3857,random_iid,euclidean,5882,0.0,0.9
3860,random_iid,euclidean,10680,1.4901161193847656e-08,1.36
3865,random_iid,euclidean,75,0.28284271247461895,1.94
3886,random_iid,euclidean,9125,0.0,0.7
3894,random_iid,euclidean,6713,0.0,0.4
3910,random_iid,euclidean,165,0.0,0.86
3919,random_iid,euclidean,45,0.28284271247461895,0.08
3934,random_iid,euclidean,15965,0.0,2.8
3938,random_iid,euclidean,113,0.28284271247461895,2.26
3948,random_iid,euclidean,81,0.2828427124746191,1.78
3974,random_iid,euclidean,11317,0.0,2.74
3975,random_iid,euclidean,3749,0.282842712474619,1.24
3984,random_iid,euclidean,1230,0.282842712474619,1.2
4010,random_iid,euclidean,175,0.28284271247461895,0.56
4032,random_iid,euclidean,10,0.28284271247461895,2.3
4046,random_iid,euclidean,1740,0.0,1.1
4049,random_iid,euclidean,2659,1.0536712127723509e-08,2.26
4058,random_iid,euclidean,2313,0.0,1.24
4061,random_iid,euclidean,1471,0.0,1.46
4069,random_iid,euclidean,3098,0.0,1.68
4073,random_iid,euclidean,158,0.2828427124746191,1.98
4093,random_iid,euclidean,8584,0.0,2.34
4097,random_iid,euclidean,8690,0.0,1.48
4101,random_iid,euclidean,14233,0.0,1.32
4105,random_iid,euclidean,1857,0.2828427124746191,3.9
4110,random_iid,euclidean,2374,0.282842712474619,1.88
4115,random_iid,euclidean,11719,1.0536712127723509e-08,0.76
4126,random_iid,euclidean,5541,1.0536712127723509e-08,2.48
4128,random_iid,euclidean,45,0.28284271247461895,1.46
4149,random_iid,euclidean,5530,0.0,1.82
4153,random_iid,euclidean,14844,0.0,1.12
4156,random_iid,euclidean,18727,1.0536712127723509e-08,2.56
4166,random_iid,euclidean,2367,0.0,1.78
4178,random_iid,euclidean,5684,1.4901161193847656e-08,1.86
4193,random_iid,euclidean,5967,0.0,0.44
4205,random_iid,euclidean,10187,0.0,1.5
4245,random_iid,euclidean,12540,0.0,2.14
4269,random_iid,euclidean,1968,0.0,1.58
4286,random_iid,euclidean,5931,1.0536712127723509e-08,2.04
4291,random_iid,euclidean,177,0.28284271247461895,0.62
4304,random_iid,euclidean,25,0.28284271247461895,1.92
4318,random_iid,euclidean,9040,1.4901161193847656e-08,1.92
4325,random_iid,euclidean,13,0.28284271247461895,1.62
4328,random_iid,euclidean,3509,0.0,2.08
4333,random_iid,euclidean,15482,0.0,1.86
4338,random_iid,euclidean,3239,0.0,2.14
4339,random_iid,euclidean,13273,0.0,1.68
4344,random_iid,euclidean,789,0.0,2.98
4351,random_iid,euclidean,461,0.0,1.26
4375,random_iid,euclidean,13172,0.0,1.22
4385,random_iid,euclidean,6644,0.0,1.14
4393,random_iid,euclidean,13921,1.0536712127723509e-08,1.0
4400,random_iid,euclidean,10226,0.0,1.14
4401,random_iid,euclidean,17584,0.0,1.0
4407,random_iid,euclidean,114,0.28284271247461895,1.22
4411,random_iid,euclidean,5297,0.0,0.88
4438,random_iid,euclidean,5288,0.0,3.22
4445,random_iid,euclidean,10057,1.0536712127723509e-08,0.48
4462,random_iid,euclidean,135,0.28284271247461895,0.72
4475,random_iid,euclidean,5795,1.4901161193847656e-08,2.42
4488,random_iid,euclidean,1262,0.28284271247461906,2.5
4501,random_iid,euclidean,7997,0.0,0.78
4510,random_iid,euclidean,6946,0.28284271247461895,0.96
4525,random_iid,euclidean,163,0.28284271247461895,1.74
4547,random_iid,euclidean,4,0.28284271247461895,0.44
4548,random_iid,euclidean,18689,0.0,1.92
4572,random_iid,euclidean,4892,0.0,1.68
4574,random_iid,euclidean,689,0.28284271247461906,0.38
4577,random_iid,euclidean,41,0.28284271247461895,1.9
4590,random_iid,euclidean,166,0.28284271247461895,1.16
4596,random_iid,euclidean,15472,1.0536712127723509e-08,2.6
4600,random_iid,euclidean,94,0.28284271247461895,1.84
4602,random_iid,euclidean,10529,0.0,2.42
4614,random_iid,euclidean,13381,1.0536712127723509e-08,1.94
4618,random_iid,euclidean,12125,0.0,1.1
4629,random_iid,euclidean,13,0.28284271247461895,0.68
4634,random_iid,euclidean,168,0.28284271247461895,1.24
4638,random_iid,euclidean,10997,0.0,0.8
4667,random_iid,euclidean,15977,0.0,0.22
4693,random_iid,euclidean,18241,0.0,1.08
4706,random_iid,euclidean,9709,0.0,1.48
4720,random_iid,euclidean,143,0.28284271247461895,3.54
4730,random_iid,euclidean,689,0.28284271247461906,1.54
4731,random_iid,euclidean,696,0.2828427124746191,2.42
4738,random_iid,euclidean,81,0.28284271247461895,2.06
4739,random_iid,euclidean,9916,1.0536712127723509e-08,0.58
4743,random_iid,euclidean,1089,0.28284271247461906,0.02
4762,random_iid,euclidean,510,0.0,1.34
4771,random_iid,euclidean,12261,1.0536712127723509e-08,1.1
4788,random_iid,euclidean,7317,0.0,1.64
4822,random_iid,euclidean,4952,0.0,0.26
4824,random_iid,euclidean,5796,0.0,1.4
4828,random_iid,euclidean,13783,1.0536712127723509e-08,1.78
4836,random_iid,euclidean,3673,0.0,2.4
4843,random_iid,euclidean,5099,0.282842712474619,1.54
4856,random_iid,euclidean,7114,1.0536712127723509e-08,1.38
4860,random_iid,euclidean,1195,0.0,0.1
4881,random_iid,euclidean,7653,1.0536712127723509e-08,0.44
4884,random_iid,euclidean,7097,0.0,0.42
4899,random_iid,euclidean,16841,0.0,1.08
4909,random_iid,euclidean,11401,1.0536712127723509e-08,2.12
4918,random_iid,euclidean,5679,1.0536712127723509e-08,3.64
4929,random_iid,euclidean,4780,0.0,0.96
4935,random_iid,euclidean,2784,1.4901161193847656e-08,0.96
4936,random_iid,euclidean,1031,0.28284271247461906,-0.42
4954,random_iid,euclidean,2348,0.0,0.96
4973,random_iid,euclidean,15550,0.0,0.84
4977,random_iid,euclidean,18095,1.0536712127723509e-08,2.2
4981,random_iid,euclidean,8382,0.0,1.6
4982,random_iid,euclidean,136,0.0,0.58
4983,random_iid,euclidean,4376,1.4901161193847656e-08,2.7
4989,random_iid,euclidean,10511,1.4901161193847656e-08,2.0
4999,random_iid,euclidean,14123,0.0,0.98
5000,random_iid,euclidean,166,0.28284271247461895,1.22
5019,random_iid,euclidean,418,0.2828427124746191,1.76
5020,random_iid,euclidean,5340,0.282842712474619,1.1
5022,random_iid,euclidean,12590,0.0,0.42
5026,random_iid,euclidean,12912,0.0,1.26
5028,random_iid,euclidean,15143,0.0,0.52
5035,random_iid,euclidean,17508,0.0,1.18
5038,random_iid,euclidean,38,0.28284271247461895,1.8
5069,random_iid,euclidean,10,0.28284271247461895,1.98
5094,random_iid,euclidean,1454,0.28284271247461906,1.02
5106,random_iid,euclidean,12082,0.0,1.98
5107,random_iid,euclidean,75,0.2828427124746191,1.2
5112,random_iid,euclidean,12446,0.0,1.8
5116,random_iid,euclidean,945,0.0,0.16
5118,random_iid,euclidean,15719,0.0,0.8
5129,random_iid,euclidean,17306,0.0,0.62
5133,random_iid,euclidean,175,0.28284271247461895,3.42
5148,random_iid,euclidean,18670,0.0,1.08
5170,random_iid,euclidean,3915,0.0,2.76
5182,random_iid,euclidean,9242,1.0536712127723509e-08,2.68
5186,random_iid,euclidean,16071,0.0,1.82
5194,random_iid,euclidean,17980,0.0,3.48
5195,random_iid,euclidean,17840,0.0,1.76
5203,random_iid,euclidean,17515,1.0536712127723509e-08,1.44
5217,random_iid,euclidean,650,0.28284271247461906,1.38
5219,random_iid,euclidean,364,1.4901161193847656e-08,2.18
5224,random_iid,euclidean,5831,0.0,0.86
5230,random_iid,euclidean,10,0.28284271247461895,1.06
5267,random_iid,euclidean,11153,0.0,0.84
5280,random_iid,euclidean,113,0.28284271247461895,1.04
5282,random_iid,euclidean,4440,0.0,2.06
5337,random_iid,euclidean,15104,0.0,0.82
5343,random_iid,euclidean,612,1.0536712127723509e-08,1.04
5348,random_iid,euclidean,11665,0.0,1.68
5358,random_iid,euclidean,4370,0.0,1.52
5363,random_iid,euclidean,6353,0.0,0.88
5380,random_iid,euclidean,2610,0.0,1.72
5386,random_iid,euclidean,6606,1.4901161193847656e-08,1.86
5391,random_iid,euclidean,17485,0.0,2.34
5416,random_iid,euclidean,16985,0.0,1.82
5421,random_iid,euclidean,4617,1.0536712127723509e-08,2.44
5426,random_iid,euclidean,74,0.0,0.86
5441,random_iid,euclidean,9565,1.0536712127723509e-08,1.2
5446,random_iid,euclidean,14875,0.0,1.32
5458,random_iid,euclidean,6513,0.0,2.72
5460,random_iid,euclidean,17736,0.0,1.58
5465,random_iid,euclidean,10904,0.0,1.08
5466,random_iid,euclidean,5710,0.0,1.2
5474,random_iid,euclidean,9179,0.0,1.28
5483,random_iid,euclidean,16881,0.0,1.24
5496,random_iid,euclidean,6197,0.0,0.5
5514,random_iid,euclidean,8615,0.0,1.48
5527,random_iid,euclidean,9244,0.0,2.26
5537,random_iid,euclidean,60,0.28284271247461895,1.48
5547,random_iid,euclidean,17652,0.0,0.78
5548,random_iid,euclidean,11359,0.0,2.1
5549,random_iid,euclidean,9628,0.0,1.16
5564,random_iid,euclidean,489,0.0,1.28
5568,random_iid,euclidean,3716,0.0,0.58
5572,random_iid,euclidean,16142,0.0,0.98
5589,random_iid,euclidean,12035,1.4901161193847656e-08,1.14
5597,random_iid,euclidean,535,0.282842712474619,1.26
5620,random_iid,euclidean,1472,0.28284271247461906,0.7
5654,random_iid,euclidean,14660,0.0,2.7
5659,random_iid,euclidean,18225,0.0,2.56
5671,random_iid,euclidean,7100,0.0,1.9
5683,random_iid,euclidean,13034,0.0,1.34
5701,random_iid,euclidean,394,0.0,1.04
5707,random_iid,euclidean,17401,0.0,1.24
5709,random_iid,euclidean,4337,0.0,1.48
5732,random_iid,euclidean,18779,0.0,1.4
5748,random_iid,euclidean,1924,0.0,1.12
5761,random_iid,euclidean,397,0.282842712474619,1.48
5762,random_iid,euclidean,11099,1.0536712127723509e-08,0.8
5764,random_iid,euclidean,12678,0.0,0.96
5770,random_iid,euclidean,133,0.28284271247461895,1.54
5786,random_iid,euclidean,11835,0.0,2.34
5787,random_iid,euclidean,92,0.28284271247461895,1.48
5800,random_iid,euclidean,1572,0.0,1.98
5803,random_iid,euclidean,9,0.28284271247461895,2.86
5814,random_iid,euclidean,7262,0.0,0.34
5815,random_iid,euclidean,16832,0.0,1.66
5833,random_iid,euclidean,205,0.2828427124746191,1.46
5841,random_iid,euclidean,3510,1.0536712127723509e-08,2.36
5847,random_iid,euclidean,12204,0.0,1.66
5849,random_iid,euclidean,17483,0.0,1.64
5858,random_iid,euclidean,6621,0.0,0.98
5862,random_iid,euclidean,75,0.2828427124746191,1.62
5863,random_iid,euclidean,2673,1.0536712127723509e-08,1.42
5885,random_iid,euclidean,11638,0.0,0.96
5888,random_iid,euclidean,13045,0.0,2.08
5894,random_iid,euclidean,75,0.2828427124746191,2.4
5915,random_iid,euclidean,14389,0.0,0.64
5921,random_iid,euclidean,316,0.28284271247461895,0.74
5927,random_iid,euclidean,18875,0.0,0.32
5928,random_iid,euclidean,9617,0.0,2.2
5937,random_iid,euclidean,3833,0.0,2.02
5942,random_iid,euclidean,317,0.0,2.32
5954,random_iid,euclidean,11972,0.0,1.6
5963,random_iid,euclidean,9640,0.0,2.22
5971,random_iid,euclidean,214,0.28284271247461895,2.62
5990,random_iid,euclidean,120,0.28284271247461895,2.52
6027,random_iid,euclidean,8969,0.0,0.28
6029,random_iid,euclidean,11189,1.0536712127723509e-08,1.02
6051,random_iid,euclidean,982,0.2828427124746191,0.92
6053,random_iid,euclidean,12981,0.0,1.04
6062,random_iid,euclidean,653,0.28284271247461906,1.96
6063,random_iid,euclidean,16051,1.0536712127723509e-08,1.32
6067,random_iid,euclidean,17710,0.0,1.32
6070,random_iid,euclidean,9036,0.0,1.06
6074,random_iid,euclidean,5329,0.0,1.48
6084,random_iid,euclidean,10045,0.0,3.2
6110,random_iid,euclidean,9,0.28284271247461895,1.16
6118,random_iid,euclidean,7122,0.0,1.18
6128,random_iid,euclidean,966,1.0536712127723509e-08,1.2
6164,random_iid,euclidean,209,0.28284271247461895,1.12
6179,random_iid,euclidean,11823,0.0,0.42
6193,random_iid,euclidean,18713,1.0536712127723509e-08,0.66
6220,random_iid,euclidean,157,0.282842712474619,1.14
6246,random_iid,euclidean,13292,0.0,1.1
6252,random_iid,euclidean,1485,0.0,0.92
6253,random_iid,euclidean,11325,1.0536712127723509e-08,1.46
6258,random_iid,euclidean,415,0.0,2.3
6267,random_iid,euclidean,17819,0.0,0.74
6271,random_iid,euclidean,17818,0.0,3.3
6275,random_iid,euclidean,7904,1.0536712127723509e-08,1.98
6299,random_iid,euclidean,1813,0.0,1.68
6315,random_iid,euclidean,10,0.28284271247461895,1.04
6329,random_iid,euclidean,3398,0.0,1.86
6345,random_iid,euclidean,5244,0.0,0.6
6348,random_iid,euclidean,8201,0.0,1.6
6355,random_iid,euclidean,16212,0.0,1.82
6367,random_iid,euclidean,8651,0.0,4.36
6389,random_iid,euclidean,226,0.2828427124746191,1.66
6392,random_iid,euclidean,9370,0.0,1.68
6402,random_iid,euclidean,3279,1.4901161193847656e-08,1.7
6405,random_iid,euclidean,5423,0.28284271247461906,2.76
6417,random_iid,euclidean,114,0.28284271247461895,2.04
6423,random_iid,euclidean,4363,1.0536712127723509e-08,1.52
6425,random_iid,euclidean,1674,0.0,0.72
6440,random_iid,euclidean,7324,0.0,1.5
6442,random_iid,euclidean,5309,1.0536712127723509e-08,1.6
6444,random_iid,euclidean,1548,0.0,0.48
6455,random_iid,euclidean,10790,0.0,1.0
6462,random_iid,euclidean,5948,1.0536712127723509e-08,1.1
6472,random_iid,euclidean,108,0.28284271247461895,0.62
6492,random_iid,euclidean,225,0.0,0.86
6504,random_iid,euclidean,13742,0.0,2.64
6508,random_iid,euclidean,5491,0.0,0.78
6512,random_iid,euclidean,689,0.28284271247461906,1.72
6515,random_iid,euclidean,13551,0.0,0.9
6517,random_iid,euclidean,12232,1.0536712127723509e-08,0.26
6527,random_iid,euclidean,3010,0.0,2.16
6532,random_iid,euclidean,10740,0.0,1.62
6544,random_iid,euclidean,15578,0.0,2.26
6550,random_iid,euclidean,7,0.28284271247461895,1.14
6577,random_iid,euclidean,3645,0.0,0.98
6580,random_iid,euclidean,4603,0.0,0.94
6584,random_iid,euclidean,17193,1.0536712127723509e-08,2.84
6590,random_iid,euclidean,8843,0.0,0.22
6600,random_iid,euclidean,12483,1.4901161193847656e-08,1.62
6601,random_iid,euclidean,10510,0.0,0.86
6602,random_iid,euclidean,18856,0.0,1.38
6608,random_iid,euclidean,6638,1.4901161193847656e-08,1.74
6632,random_iid,euclidean,12025,0.0,1.16
6641,random_iid,euclidean,18547,0.0,2.24
6647,random_iid,euclidean,4144,0.0,1.48
6660,random_iid,euclidean,12219,0.0,0.54
6685,random_iid,euclidean,14200,0.0,0.96
6705,random_iid,euclidean,111,0.28284271247461895,1.88
6717,random_iid,euclidean,3291,0.0,0.88
6723,random_iid,euclidean,12602,0.0,1.74
6733,random_iid,euclidean,4188,0.0,1.46
6734,random_iid,euclidean,15039,0.0,2.22
6735,random_iid,euclidean,14522,0.0,1.5
6740,random_iid,euclidean,4904,1.0536712127723509e-08,0.96
6741,random_iid,euclidean,13969,0.0,1.78
6758,random_iid,euclidean,5995,0.0,1.48
6759,random_iid,euclidean,6408,1.0536712127723509e-08,0.76
6762,random_iid,euclidean,998,0.0,1.58
6778,random_iid,euclidean,7214,0.0,2.3
6788,random_iid,euclidean,2157,0.0,2.28
6804,random_iid,euclidean,9288,0.0,1.06
6808,random_iid,euclidean,2097,0.0,1.02
6812,random_iid,euclidean,9696,0.0,1.04
6813,random_iid,euclidean,60,0.28284271247461895,1.86
6814,random_iid,euclidean,1134,0.0,0.5
6826,random_iid,euclidean,186,0.282842712474619,0.38
6832,random_iid,euclidean,844,1.0536712127723509e-08,0.9
6834,random_iid,euclidean,7940,0.0,3.1
6863,random_iid,euclidean,81,0.28284271247461895,2.92
6879,random_iid,euclidean,1178,0.0,1.54
6880,random_iid,euclidean,8919,0.0,1.04
6907,random_iid,euclidean,10662,0.0,1.6
6913,random_iid,euclidean,7,0.28284271247461895,1.5
6918,random_iid,euclidean,12253,0.0,0.7
6925,random_iid,euclidean,2590,1.0536712127723509e-08,2.38
6926,random_iid,euclidean,5185,0.2828427124746191,1.44
6934,random_iid,euclidean,1522,0.0,1.1
6955,random_iid,euclidean,13955,0.0,0.92
6956,random_iid,euclidean,4382,0.0,3.1
6958,random_iid,euclidean,43,0.282842712474619,1.74
6975,random_iid,euclidean,6493,0.0,1.38
7020,random_iid,euclidean,17014,1.0536712127723509e-08,0.34
7021,random_iid,euclidean,4,0.0,2.2
7046,random_iid,euclidean,114,0.28284271247461895,1.32
7047,random_iid,euclidean,18164,1.0536712127723509e-08,1.12
7053,random_iid,euclidean,94,0.28284271247461895,2.12
7066,random_iid,euclidean,541,1.0536712127723509e-08,1.5
7074,random_iid,euclidean,13693,1.0536712127723509e-08,0.76
7078,random_iid,euclidean,1647,0.0,2.92
7089,random_iid,euclidean,1262,0.28284271247461895,1.9
7132,random_iid,euclidean,10136,0.0,0.78
7138,random_iid,euclidean,114,0.28284271247461895,1.74
7139,random_iid,euclidean,535,0.282842712474619,1.7
7167,random_iid,euclidean,11356,0.0,3.14
7168,random_iid,euclidean,4,0.28284271247461895,1.52
7172,random_iid,euclidean,2629,1.4901161193847656e-08,1.84
7180,random_iid,euclidean,8159,0.0,1.48
7191,random_iid,euclidean,15921,1.4901161193847656e-08,2.26
7198,random_iid,euclidean,18003,0.0,1.9
7221,random_iid,euclidean,4941,0.0,0.0
7229,random_iid,euclidean,18207,0.0,0.7
7250,random_iid,euclidean,1857,0.2828427124746191,4.14
7270,random_iid,euclidean,552,0.2828427124746191,1.68
7273,random_iid,euclidean,18166,0.0,3.26
7276,random_iid,euclidean,13336,1.0536712127723509e-08,0.4
7285,random_iid,euclidean,9615,1.4901161193847656e-08,0.84
7289,random_iid,euclidean,17725,1.0536712127723509e-08,2.6
7298,random_iid,euclidean,6229,0.0,1.12
7300,random_iid,euclidean,8368,0.0,1.46
7302,random_iid,euclidean,16457,0.0,1.98
7306,random_iid,euclidean,3957,0.0,1.42
7315,random_iid,euclidean,108,0.0,2.92
7319,random_iid,euclidean,6316,0.282842712474619,0.76
7333,random_iid,euclidean,5071,0.0,0.72
7335,random_iid,euclidean,9677,0.0,1.4
7337,random_iid,euclidean,5802,0.0,0.72
7341,random_iid,euclidean,9546,0.0,3.84
7346,random_iid,euclidean,18048,0.0,2.84
7348,random_iid,euclidean,2084,0.0,0.72
7353,random_iid,euclidean,18852,0.0,1.6
7369,random_iid,euclidean,415,0.28284271247461895,1.1
7375,random_iid,euclidean,11540,1.0536712127723509e-08,1.96
7380,random_iid,euclidean,10751,0.0,1.52
7405,random_iid,euclidean,9105,0.0,1.6
7414,random_iid,euclidean,10131,1.4901161193847656e-08,1.9
7417,random_iid,euclidean,7411,0.0,0.74
7428,random_iid,euclidean,9815,0.0,2.54
7477,random_iid,euclidean,4402,0.0,1.98
7499,random_iid,euclidean,15515,0.0,1.66
7506,random_iid,euclidean,40,0.28284271247461895,0.52
7540,random_iid,euclidean,14008,1.4901161193847656e-08,1.58
7541,random_iid,euclidean,7520,0.28284271247461895,1.58
7550,random_iid,euclidean,60,0.28284271247461895,1.48
7554,random_iid,euclidean,8570,0.0,2.66
7555,random_iid,euclidean,45,0.28284271247461895,1.34
7562,random_iid,euclidean,18405,1.0536712127723509e-08,2.96
7567,random_iid,euclidean,3621,0.0,1.24
7589,random_iid,euclidean,13602,0.0,1.28
7590,random_iid,euclidean,15869,0.0,0.88
7592,random_iid,euclidean,9246,0.0,1.78
7596,random_iid,euclidean,2037,0.0,1.62
7599,random_iid,euclidean,3503,1.0536712127723509e-08,1.7
7623,random_iid,euclidean,17868,0.0,2.8
7626,random_iid,euclidean,13879,0.0,1.7
7639,random_iid,euclidean,8754,0.0,0.64
7656,random_iid,euclidean,8271,0.0,0.86
7672,random_iid,euclidean,17333,0.0,2.08
7726,random_iid,euclidean,3499,0.2828427124746191,2.66
7729,random_iid,euclidean,14351,1.4901161193847656e-08,1.48
7735,random_iid,euclidean,17267,0.0,2.54
7747,random_iid,euclidean,143,0.28284271247461895,1.2
7753,random_iid,euclidean,7742,0.0,2.08
7765,random_iid,euclidean,3825,0.0,2.08
7779,random_iid,euclidean,10789,0.0,1.7
7781,random_iid,euclidean,2992,0.0,1.9
7782,random_iid,euclidean,2209,1.0536712127723509e-08,0.56
7791,random_iid,euclidean,13215,0.0,1.58
7794,random_iid,euclidean,5183,0.0,1.76
7802,random_iid,euclidean,8553,0.0,1.12
7803,random_iid,euclidean,49,0.28284271247461895,1.1
7814,random_iid,euclidean,8893,0.0,1.52
7820,random_iid,euclidean,11791,0.0,1.06
7822,random_iid,euclidean,156,0.28284271247461895,1.14
7827,random_iid,euclidean,11676,0.0,1.52
7831,random_iid,euclidean,17982,1.0536712127723509e-08,3.3
7836,random_iid,euclidean,10896,0.0,1.18
7840,random_iid,euclidean,1055,0.0,0.9
7882,random_iid,euclidean,11775,0.0,0.28
7884,random_iid,euclidean,8237,0.0,0.84
7885,random_iid,euclidean,13107,0.0,1.42
7886,random_iid,euclidean,13575,0.0,1.5
7889,random_iid,euclidean,15549,0.0,1.08
7894,random_iid,euclidean,14350,0.0,2.84
7897,random_iid,euclidean,6101,0.0,1.84
7898,random_iid,euclidean,17491,0.0,1.04
7922,random_iid,euclidean,8674,0.0,0.56
7930,random_iid,euclidean,3413,0.0,0.5
7934,random_iid,euclidean,603,0.0,0.82
7944,random_iid,euclidean,12210,1.0536712127723509e-08,0.84
7945,random_iid,euclidean,7841,0.0,2.86
7946,random_iid,euclidean,12826,1.0536712127723509e-08,2.12
7948,random_iid,euclidean,2182,1.4901161193847656e-08,2.4
7976,random_iid,euclidean,15,0.28284271247461895,1.06
7998,random_iid,euclidean,1669,0.0,2.12
8013,random_iid,euclidean,11093,0.0,2.7
8018,random_iid,euclidean,1399,0.0,0.58
8020,random_iid,euclidean,2063,0.0,2.82
8028,random_iid,euclidean,86,0.28284271247461895,1.32
8031,random_iid,euclidean,8034,0.0,1.6
8056,random_iid,euclidean,3824,0.0,1.22
8057,random_iid,euclidean,17612,0.0,2.9
8076,random_iid,euclidean,158,0.2828427124746191,2.26
8087,random_iid,euclidean,6210,0.0,1.04
8103,random_iid,euclidean,4380,0.282842712474619,1.1
8108,random_iid,euclidean,2235,0.282842712474619,1.56
8124,random_iid,euclidean,10721,1.0536712127723509e-08,1.28
8126,random_iid,euclidean,14308,0.0,1.88
8137,random_iid,euclidean,3226,0.2828427124746191,2.92
8165,random_iid,euclidean,6176,0.0,2.16
8188,random_iid,euclidean,7,0.28284271247461895,0.76
8192,random_iid,euclidean,6966,0.0,1.46
8197,random_iid,euclidean,4281,0.0,1.48
8206,random_iid,euclidean,17294,0.0,1.6
8225,random_iid,euclidean,18284,0.0,3.7
8227,random_iid,euclidean,14812,0.0,1.88
8231,random_iid,euclidean,38,0.28284271247461895,2.1
8233,random_iid,euclidean,15438,1.0536712127723509e-08,2.2
8239,random_iid,euclidean,11962,0.0,0.82
8250,random_iid,euclidean,17439,0.0,2.52
8253,random_iid,euclidean,239,0.0,3.7
8254,random_iid,euclidean,284,0.28284271247461895,0.96
8268,random_iid,euclidean,11987,0.0,1.02
8285,random_iid,euclidean,1828,0.0,1.38
8287,random_iid,euclidean,1067,0.0,0.86
8292,random_iid,euclidean,3604,1.4901161193847656e-08,0.42
8295,random_iid,euclidean,133,0.28284271247461895,0.74
8309,random_iid,euclidean,2652,0.28284271247461906,4.5
8317,random_iid,euclidean,2597,1.0536712127723509e-08,2.6
8344,random_iid,euclidean,74,0.28284271247461895,1.58
8351,random_iid,euclidean,1655,0.0,1.08
8364,random_iid,euclidean,18162,0.0,1.86
8369,random_iid,euclidean,141,0.28284271247461895,1.36
8374,random_iid,euclidean,219,0.28284271247461895,1.56
8375,random_iid,euclidean,45,0.28284271247461895,0.12
8395,random_iid,euclidean,17350,1.0536712127723509e-08,2.46
8396,random_iid,euclidean,81,0.28284271247461895,1.22
8404,random_iid,euclidean,206,0.28284271247461906,0.8
8416,random_iid,euclidean,9754,1.0536712127723509e-08,2.7
8441,random_iid,euclidean,18488,1.0536712127723509e-08,1.84
8443,random_iid,euclidean,5772,0.0,0.9
8453,random_iid,euclidean,12987,0.0,0.84
8466,random_iid,euclidean,6168,0.0,0.98
8481,random_iid,euclidean,206,0.28284271247461895,1.58
8482,random_iid,euclidean,555,0.0,2.16
8484,random_iid,euclidean,5366,0.0,0.74
8485,random_iid,euclidean,5482,0.0,1.58
8494,random_iid,euclidean,5013,0.0,2.0
8507,random_iid,euclidean,13905,0.0,1.88
8510,random_iid,euclidean,4226,1.0536712127723509e-08,0.96
8523,random_iid,euclidean,25,0.28284271247461895,0.72
8527,random_iid,euclidean,2,0.28284271247461895,1.82
8530,random_iid,euclidean,18663,0.0,1.08
8541,random_iid,euclidean,6593,0.0,1.24
8545,random_iid,euclidean,886,0.2828427124746191,2.38
8546,random_iid,euclidean,40,0.28284271247461895,0.7
8562,random_iid,euclidean,10566,1.0536712127723509e-08,1.64
8583,random_iid,euclidean,14070,0.0,2.66
8590,random_iid,euclidean,7546,1.0536712127723509e-08,0.78
8599,random_iid,euclidean,2188,1.0536712127723509e-08,0.94
8603,random_iid,euclidean,5099,0.282842712474619,1.18
8608,random_iid,euclidean,7929,0.0,1.16
8618,random_iid,euclidean,14169,1.0536712127723509e-08,1.98
8620,random_iid,euclidean,14440,1.4901161193847656e-08,1.84
8626,random_iid,euclidean,13598,0.0,1.02
8649,random_iid,euclidean,3099,0.0,1.76
8658,random_iid,euclidean,5340,0.282842712474619,3.0
8668,random_iid,euclidean,5828,1.4901161193847656e-08,1.18
8678,random_iid,euclidean,337,0.0,1.92
8692,random_iid,euclidean,16305,0.0,1.5
8696,random_iid,euclidean,12473,1.4901161193847656e-08,2.16
8704,random_iid,euclidean,8638,0.0,2.34
8710,random_iid,euclidean,2692,0.0,1.3
8723,random_iid,euclidean,10667,0.0,0.9
8725,random_iid,euclidean,2194,0.2828427124746191,1.56
8729,random_iid,euclidean,40,0.28284271247461895,1.82
8735,random_iid,euclidean,7427,0.0,0.96
8748,random_iid,euclidean,4517,0.0,0.74
8805,random_iid,euclidean,5678,0.0,0.5
8815,random_iid,euclidean,7775,0.0,0.7
8818,random_iid,euclidean,8070,0.0,0.5
8821,random_iid,euclidean,15046,1.0536712127723509e-08,0.46
8825,random_iid,euclidean,15421,0.0,1.48
8833,random_iid,euclidean,15563,0.0,0.36
8842,random_iid,euclidean,7799,0.0,1.24
8845,random_iid,euclidean,113,0.28284271247461895,1.1
8852,random_iid,euclidean,3679,0.0,1.24
8854,random_iid,euclidean,17099,0.0,0.96
8871,random_iid,euclidean,8499,1.0536712127723509e-08,2.02
8896,random_iid,euclidean,3834,0.0,1.68
8904,random_iid,euclidean,821,0.282842712474619,2.14
8922,random_iid,euclidean,14494,0.0,1.76
8930,random_iid,euclidean,12377,0.0,1.82
8948,random_iid,euclidean,4202,0.0,1.26
8952,random_iid,euclidean,113,0.28284271247461895,1.4
8980,random_iid,euclidean,10246,0.0,1.64
8983,random_iid,euclidean,15227,0.0,3.18
8993,random_iid,euclidean,12759,0.0,1.5
9006,random_iid,euclidean,16085,0.0,1.12
9054,random_iid,euclidean,6756,0.0,1.34
9056,random_iid,euclidean,12006,0.0,2.34
9058,random_iid,euclidean,3294,0.0,0.5
9071,random_iid,euclidean,1688,0.2828427124746191,1.1
9086,random_iid,euclidean,2852,0.28284271247461906,0.5
9109,random_iid,euclidean,3408,0.0,1.72
9140,random_iid,euclidean,9875,0.0,2.0
9149,random_iid,euclidean,5981,0.0,1.4
9150,random_iid,euclidean,896,1.0536712127723509e-08,1.62
9153,random_iid,euclidean,12971,0.0,0.6
9156,random_iid,euclidean,4844,0.0,0.48
9187,random_iid,euclidean,2428,1.0536712127723509e-08,2.08
9192,random_iid,euclidean,2286,0.0,0.6
9193,random_iid,euclidean,10764,0.0,0.68
9210,random_iid,euclidean,9913,0.0,1.44
9228,random_iid,euclidean,10229,0.0,1.66
9234,random_iid,euclidean,6433,0.0,2.26
9249,random_iid,euclidean,12723,0.0,1.76
9250,random_iid,euclidean,17915,0.0,2.98
9251,random_iid,euclidean,16255,0.0,2.18
9262,random_iid,euclidean,2780,0.0,0.44
9282,random_iid,euclidean,312,0.0,1.34
9286,random_iid,euclidean,201,0.28284271247461895,0.6
9303,random_iid,euclidean,12041,0.0,1.68
9313,random_iid,euclidean,555,0.2828427124746191,0.18
9328,random_iid,euclidean,4835,1.0536712127723509e-08,1.4
9331,random_iid,euclidean,17178,0.0,0.48
9334,random_iid,euclidean,12968,0.0,1.9
9340,random_iid,euclidean,8969,0.282842712474619,2.3
9345,random_iid,euclidean,268,1.4901161193847656e-08,0.98
9358,random_iid,euclidean,738,0.0,0.6
9386,random_iid,euclidean,18538,0.0,1.46
9391,random_iid,euclidean,7,0.28284271247461895,1.5
9394,random_iid,euclidean,13850,0.0,1.0
9397,random_iid,euclidean,614,1.0536712127723509e-08,4.24
9403,random_iid,euclidean,12626,0.0,2.84
9418,random_iid,euclidean,175,0.28284271247461895,1.4
9441,random_iid,euclidean,9,0.28284271247461895,1.02
9463,random_iid,euclidean,17689,0.0,0.64
9483,random_iid,euclidean,1449,0.0,2.18
9500,random_iid,euclidean,49,0.28284271247461895,1.26
9502,random_iid,euclidean,3985,0.0,0.4
9509,random_iid,euclidean,516,0.282842712474619,1.4
9511,random_iid,euclidean,5534,0.0,1.52
9512,random_iid,euclidean,6563,0.0,0.84
9515,random_iid,euclidean,9147,0.0,1.2
9525,random_iid,euclidean,8262,0.0,1.92
9537,random_iid,euclidean,9063,1.0536712127723509e-08,0.64
9545,random_iid,euclidean,15801,0.0,1.34
9561,random_iid,euclidean,17320,0.0,1.7
9585,random_iid,euclidean,11572,0.0,0.9
9594,random_iid,euclidean,8965,1.0536712127723509e-08,1.2
9598,random_iid,euclidean,177,0.2828427124746191,1.74
9610,random_iid,euclidean,81,0.28284271247461895,0.46
9618,random_iid,euclidean,10712,0.0,0.36
9619,random_iid,euclidean,15964,0.0,0.78
9620,random_iid,euclidean,13293,0.0,1.16
9632,random_iid,euclidean,49,0.28284271247461895,1.2
9659,random_iid,euclidean,15806,0.0,1.76
9660,random_iid,euclidean,4299,0.2828427124746191,1.06
9676,random_iid,euclidean,3458,0.0,0.44
9701,random_iid,euclidean,1738,1.4901161193847656e-08,2.26
9710,random_iid,euclidean,4395,0.0,1.42
9723,random_iid,euclidean,3121,0.0,3.32
9740,random_iid,euclidean,4150,0.0,1.44
9742,random_iid,euclidean,17620,0.0,1.38
9771,random_iid,euclidean,18729,0.0,0.7
9801,random_iid,euclidean,4298,1.0536712127723509e-08,3.28
9804,random_iid,euclidean,154,0.28284271247461895,0.98
9826,random_iid,euclidean,1763,0.0,1.8
9827,random_iid,euclidean,11435,0.0,1.06
9834,random_iid,euclidean,12841,1.0536712127723509e-08,2.42
9840,random_iid,euclidean,221,0.28284271247461895,0.66
9842,random_iid,euclidean,10103,0.0,1.1
9849,random_iid,euclidean,68,0.28284271247461895,1.8
9853,random_iid,euclidean,14624,0.0,1.28
9857,random_iid,euclidean,4357,0.0,2.8
9861,random_iid,euclidean,10158,0.0,1.6
9871,random_iid,euclidean,7973,0.0,1.26
9904,random_iid,euclidean,13191,0.0,2.12
9920,random_iid,euclidean,136,0.2828427124746191,1.32
9923,random_iid,euclidean,10888,0.0,0.92
9924,random_iid,euclidean,9433,1.0536712127723509e-08,1.4
9936,random_iid,euclidean,12967,0.0,2.74
9962,random_iid,euclidean,16443,1.0536712127723509e-08,1.76
9967,random_iid,euclidean,284,0.28284271247461895,1.0
9970,random_iid,euclidean,219,0.28284271247461895,1.46
9977,random_iid,euclidean,14652,0.0,0.8
9987,random_iid,euclidean,4939,0.0,1.28
9995,random_iid,euclidean,2402,0.0,0.86
9998,random_iid,euclidean,13599,0.0,1.28
10002,random_iid,euclidean,17962,1.0536712127723509e-08,3.5
10007,random_iid,euclidean,16169,0.0,1.8
10008,random_iid,euclidean,15114,0.0,1.56
10011,random_iid,euclidean,6233,0.0,0.44
10029,random_iid,euclidean,10426,1.0536712127723509e-08,2.04
10032,random_iid,euclidean,4640,0.0,2.0
10044,random_iid,euclidean,671,0.0,1.38
10052,random_iid,euclidean,11852,0.0,0.86
10074,random_iid,euclidean,1687,0.0,2.12
10080,random_iid,euclidean,18652,0.0,1.46
10083,random_iid,euclidean,15113,0.0,3.1
10091,random_iid,euclidean,11179,0.0,0.74
10113,random_iid,euclidean,13999,0.0,2.38
10120,random_iid,euclidean,8847,0.0,1.46
10140,random_iid,euclidean,17055,0.0,1.42
10144,random_iid,euclidean,18189,0.0,1.14
10146,random_iid,euclidean,14255,1.4901161193847656e-08,1.16
10159,random_iid,euclidean,1742,0.2828427124746191,1.82
10175,random_iid,euclidean,297,0.2828427124746191,3.54
10199,random_iid,euclidean,8299,0.0,0.52
10219,random_iid,euclidean,7817,0.0,1.32
10231,random_iid,euclidean,9043,0.0,3.44
10239,random_iid,euclidean,13450,0.0,1.5
10242,random_iid,euclidean,6570,0.0,3.2
10299,random_iid,euclidean,8486,0.0,1.12
10306,random_iid,euclidean,83,0.282842712474619,0.98
10312,random_iid,euclidean,8379,1.4901161193847656e-08,3.54
10323,random_iid,euclidean,9495,0.0,1.4
10325,random_iid,euclidean,18849,0.0,1.56
10331,random_iid,euclidean,75,0.2828427124746191,1.3
10334,random_iid,euclidean,5202,1.0536712127723509e-08,1.5
10356,random_iid,euclidean,9,0.28284271247461895,2.7
10370,random_iid,euclidean,12231,1.4901161193847656e-08,2.3
10373,random_iid,euclidean,5737,0.0,1.38
10385,random_iid,euclidean,8550,0.0,1.28
10430,random_iid,euclidean,2965,0.0,1.2
10431,random_iid,euclidean,8884,0.0,1.72
10435,random_iid,euclidean,493,1.4901161193847656e-08,1.6
10437,random_iid,euclidean,8019,1.0536712127723509e-08,1.4
10440,random_iid,euclidean,14313,0.0,3.14
10443,random_iid,euclidean,70,0.28284271247461895,1.84
10448,random_iid,euclidean,147,0.28284271247461895,2.14
10466,random_iid,euclidean,2278,1.0536712127723509e-08,3.28
10481,random_iid,euclidean,14592,0.0,0.42
10493,random_iid,euclidean,10451,0.0,2.16
10496,random_iid,euclidean,3789,1.0536712127723509e-08,4.56
10501,random_iid,euclidean,78,0.28284271247461895,0.34
10505,random_iid,euclidean,1083,0.2828427124746191,2.26
10513,random_iid,euclidean,5396,0.0,2.2
10532,random_iid,euclidean,17119,0.0,1.92
10540,random_iid,euclidean,5423,0.28284271247461906,2.1
10548,random_iid,euclidean,1507,0.0,1.88
10567,random_iid,euclidean,94,0.28284271247461895,1.22
10590,random_iid,euclidean,106,0.28284271247461895,1.06
10605,random_iid,euclidean,8878,0.0,2.26
10607,random_iid,euclidean,75,0.2828427124746191,1.08
10615,random_iid,euclidean,4082,0.0,1.14
10630,random_iid,euclidean,1100,0.0,2.96
10638,random_iid,euclidean,3021,0.0,1.42
10718,random_iid,euclidean,633,0.0,1.52
10722,random_iid,euclidean,5181,0.0,0.98
10726,random_iid,euclidean,205,0.28284271247461895,1.32
10731,random_iid,euclidean,1320,0.0,2.24
10734,random_iid,euclidean,798,0.2828427124746191,1.02
10735,random_iid,euclidean,2996,0.0,1.02
10739,random_iid,euclidean,2438,0.0,1.48
10761,random_iid,euclidean,8446,1.4901161193847656e-08,2.82
10774,random_iid,euclidean,140,1.0536712127723509e-08,-0.1
10782,random_iid,euclidean,122,0.28284271247461895,0.72
10786,random_iid,euclidean,135,0.28284271247461895,0.78
10796,random_iid,euclidean,1141,0.0,1.8
10801,random_iid,euclidean,2039,1.4901161193847656e-08,1.68
10807,random_iid,euclidean,4850,1.0536712127723509e-08,0.6
10824,random_iid,euclidean,17770,0.0,0.78
10830,random_iid,euclidean,3939,0.0,1.52
10836,random_iid,euclidean,1797,0.282842712474619,4.06
10865,random_iid,euclidean,13765,0.0,0.74
10871,random_iid,euclidean,531,0.28284271247461906,0.4
10876,random_iid,euclidean,6112,1.0536712127723509e-08,2.02
10884,random_iid,euclidean,9770,0.0,1.64
10887,random_iid,euclidean,13025,0.0,1.44
10892,random_iid,euclidean,16058,0.0,1.02
10898,random_iid,euclidean,2,0.28284271247461895,0.74
10901,random_iid,euclidean,10280,0.0,0.04
10931,random_iid,euclidean,405,0.2828427124746191,1.14
10933,random_iid,euclidean,40,0.2828427124746191,1.76
10935,random_iid,euclidean,5601,0.0,1.4
10944,random_iid,euclidean,13340,0.0,1.32
10977,random_iid,euclidean,3407,0.0,1.2
10995,random_iid,euclidean,7706,0.0,0.28
11018,random_iid,euclidean,7845,0.0,1.08
11019,random_iid,euclidean,5361,0.0,1.04
11037,random_iid,euclidean,13988,0.0,1.54
11039,random_iid,euclidean,68,0.28284271247461895,0.82
11044,random_iid,euclidean,6295,0.0,1.02
11050,random_iid,euclidean,18911,0.0,2.18
11066,random_iid,euclidean,1149,0.2828427124746191,1.72
11072,random_iid,euclidean,17505,1.4901161193847656e-08,1.06
11074,random_iid,euclidean,8328,0.0,1.24
11078,random_iid,euclidean,135,0.28284271247461895,1.48
11090,random_iid,euclidean,14048,0.0,1.78
11091,random_iid,euclidean,7310,0.0,0.88
11097,random_iid,euclidean,5164,0.0,3.94
11098,random_iid,euclidean,6487,0.0,4.62
11127,random_iid,euclidean,813,0.0,1.02
11148,random_iid,euclidean,158,0.2828427124746191,1.36
11155,random_iid,euclidean,1146,0.0,0.88
11160,random_iid,euclidean,10817,0.0,2.5
11162,random_iid,euclidean,4749,0.0,1.12
11178,random_iid,euclidean,18598,0.0,0.86
11187,random_iid,euclidean,17712,1.4901161193847656e-08,1.44
11195,random_iid,euclidean,12184,0.0,2.64
11206,random_iid,euclidean,17831,1.4901161193847656e-08,1.8
11225,random_iid,euclidean,5,0.282842712474619,2.14
11250,random_iid,euclidean,5920,1.4901161193847656e-08,2.46
11267,random_iid,euclidean,2235,0.282842712474619,0.78
11270,random_iid,euclidean,9267,0.0,0.86
11275,random_iid,euclidean,1520,0.0,0.8
11282,random_iid,euclidean,7640,1.0536712127723509e-08,1.3
11287,random_iid,euclidean,153,0.28284271247461895,1.8
11292,random_iid,euclidean,9870,0.0,0.8
11293,random_iid,euclidean,874,0.0,1.24
11311,random_iid,euclidean,3129,1.4901161193847656e-08,1.88
11313,random_iid,euclidean,6304,0.0,1.14
11315,random_iid,euclidean,1378,0.282842712474619,3.48
11316,random_iid,euclidean,2536,0.0,1.2
11335,random_iid,euclidean,17749,0.0,0.92
11369,random_iid,euclidean,156,0.28284271247461895,0.56
11379,random_iid,euclidean,8865,0.0,1.4
11387,random_iid,euclidean,921,0.0,0.66
11391,random_iid,euclidean,3380,0.0,2.42
11398,random_iid,euclidean,3356,0.0,0.98
11399,random_iid,euclidean,491,1.0536712127723509e-08,1.72
11423,random_iid,euclidean,4849,1.4901161193847656e-08,1.86
11427,random_iid,euclidean,6616,1.0536712127723509e-08,2.4
11429,random_iid,euclidean,18034,0.0,2.86
11432,random_iid,euclidean,4053,1.4901161193847656e-08,0.88
11453,random_iid,euclidean,226,0.28284271247461895,2.36
11457,random_iid,euclidean,11139,0.0,1.82
11465,random_iid,euclidean,18469,1.0536712127723509e-08,1.16
11504,random_iid,euclidean,5521,1.0536712127723509e-08,1.74
11511,random_iid,euclidean,2950,0.0,1.0
11518,random_iid,euclidean,10489,0.0,1.34
11529,random_iid,euclidean,13713,1.0536712127723509e-08,2.7
11545,random_iid,euclidean,113,0.28284271247461895,2.38
11567,random_iid,euclidean,14642,0.0,1.18
11615,random_iid,euclidean,15972,1.4901161193847656e-08,1.72
11631,random_iid,euclidean,259,0.0,0.84
11633,random_iid,euclidean,821,0.282842712474619,1.82
11658,random_iid,euclidean,1276,0.0,0.82
11668,random_iid,euclidean,9142,0.0,3.92
11675,random_iid,euclidean,5160,0.0,0.38
11682,random_iid,euclidean,7815,1.0536712127723509e-08,1.28
11696,random_iid,euclidean,153,0.28284271247461895,2.64
11698,random_iid,euclidean,14265,0.0,1.56
11702,random_iid,euclidean,17183,0.0,1.28
11712,random_iid,euclidean,8125,0.0,1.46
11717,random_iid,euclidean,16784,1.0536712127723509e-08,4.46
11753,random_iid,euclidean,955,0.0,1.04
11770,random_iid,euclidean,12362,0.0,0.74
11776,random_iid,euclidean,4250,0.0,1.1
11778,random_iid,euclidean,49,0.28284271247461895,2.14
11797,random_iid,euclidean,11341,0.0,0.76
11799,random_iid,euclidean,12845,0.0,1.12
11804,random_iid,euclidean,2488,0.0,1.12
11807,random_iid,euclidean,14083,0.0,0.84
11811,random_iid,euclidean,3575,0.0,0.72
11816,random_iid,euclidean,15855,0.0,2.24
11817,random_iid,euclidean,17239,1.4901161193847656e-08,1.8
11825,random_iid,euclidean,185,0.28284271247461895,1.26
11830,random_iid,euclidean,974,1.4901161193847656e-08,2.5
11838,random_iid,euclidean,2472,0.0,2.26
11866,random_iid,euclidean,55,0.28284271247461895,0.7
11868,random_iid,euclidean,17972,0.0,1.56
11872,random_iid,euclidean,8008,1.0536712127723509e-08,3.2
11877,random_iid,euclidean,17713,1.0536712127723509e-08,3.02
11885,random_iid,euclidean,75,0.2828427124746191,0.94
11890,random_iid,euclidean,9168,1.0536712127723509e-08,1.32
11896,random_iid,euclidean,166,0.2828427124746191,2.22
11914,random_iid,euclidean,2208,0.0,1.14
11915,random_iid,euclidean,6684,0.0,2.5
11921,random_iid,euclidean,8923,1.0536712127723509e-08,1.22
11928,random_iid,euclidean,8621,0.0,2.3
11930,random_iid,euclidean,1319,0.0,1.72
11935,random_iid,euclidean,1410,0.0,1.0
11937,random_iid,euclidean,11352,0.0,2.28
11940,random_iid,euclidean,17266,0.0,2.22
11977,random_iid,euclidean,14443,0.0,0.74
11981,random_iid,euclidean,5897,0.0,1.32
11983,random_iid,euclidean,15963,0.0,0.94
12000,random_iid,euclidean,1306,0.0,1.78
12004,random_iid,euclidean,1906,0.0,0.92
12011,random_iid,euclidean,1203,0.0,1.4
12019,random_iid,euclidean,4586,0.0,0.88
12022,random_iid,euclidean,120,0.28284271247461895,0.28
12034,random_iid,euclidean,41,0.28284271247461895,0.66
12038,random_iid,euclidean,11218,0.0,0.18
12073,random_iid,euclidean,8044,0.0,0.94
12079,random_iid,euclidean,9022,1.0536712127723509e-08,1.36
12084,random_iid,euclidean,8105,0.0,1.12
12104,random_iid,euclidean,6243,0.0,0.04
12120,random_iid,euclidean,14392,0.0,0.84
12138,random_iid,euclidean,3320,0.0,2.3
12139,random_iid,euclidean,16892,0.0,0.68
12143,random_iid,euclidean,4685,0.0,2.04
12159,random_iid,euclidean,3671,0.28284271247461906,1.2
12162,random_iid,euclidean,10258,0.0,1.88
12176,random_iid,euclidean,86,0.28284271247461895,2.1
12179,random_iid,euclidean,10188,1.0536712127723509e-08,0.54
12181,random_iid,euclidean,4008,1.4901161193847656e-08,2.82
12194,random_iid,euclidean,2955,0.0,1.88
12195,random_iid,euclidean,7,0.28284271247461895,0.44
12243,random_iid,euclidean,15239,0.0,1.12
12252,random_iid,euclidean,9136,0.0,1.48
12264,random_iid,euclidean,317,0.28284271247461906,1.86
12270,random_iid,euclidean,13851,1.0536712127723509e-08,0.34
12273,random_iid,euclidean,5616,0.0,0.52
12276,random_iid,euclidean,1619,0.28284271247461906,1.18
12277,random_iid,euclidean,11223,0.0,1.34
12285,random_iid,euclidean,9214,0.0,0.92
12301,random_iid,euclidean,3499,0.28284271247461906,1.98
12303,random_iid,euclidean,148,0.2828427124746191,1.36
12307,random_iid,euclidean,158,0.2828427124746191,2.34
12313,random_iid,euclidean,150,0.0,0.56
12314,random_iid,euclidean,55,0.28284271247461895,0.5
12319,random_iid,euclidean,11990,0.0,1.0
12320,random_iid,euclidean,2162,0.0,0.78
12349,random_iid,euclidean,14808,0.0,1.72
12365,random_iid,euclidean,8473,1.0536712127723509e-08,1.68
12366,random_iid,euclidean,1111,0.282842712474619,1.48
12374,random_iid,euclidean,1853,0.0,1.9
12379,random_iid,euclidean,2368,0.0,1.48
12406,random_iid,euclidean,11592,1.0536712127723509e-08,1.66
12412,random_iid,euclidean,3037,0.0,1.72
12416,random_iid,euclidean,12864,0.0,0.96
12437,random_iid,euclidean,2244,0.0,0.94
12439,random_iid,euclidean,6311,0.0,1.04
12456,random_iid,euclidean,58,0.28284271247461895,1.1
12461,random_iid,euclidean,15988,0.0,0.9
12475,random_iid,euclidean,2863,0.0,0.88
12484,random_iid,euclidean,282,0.28284271247461895,0.86
12487,random_iid,euclidean,4229,1.4901161193847656e-08,1.38
12490,random_iid,euclidean,1467,0.0,1.26
12492,random_iid,euclidean,17750,0.0,1.94
12510,random_iid,euclidean,13,0.28284271247461895,1.3
12511,random_iid,euclidean,174,0.28284271247461895,1.42
12523,random_iid,euclidean,15927,0.0,1.66
12534,random_iid,euclidean,14095,1.0536712127723509e-08,1.88
12536,random_iid,euclidean,1262,0.28284271247461906,2.18
12537,random_iid,euclidean,4890,0.0,2.84
12546,random_iid,euclidean,12799,1.0536712127723509e-08,2.38
12555,random_iid,euclidean,17175,1.0536712127723509e-08,1.76
12560,random_iid,euclidean,198,0.2828427124746191,1.34
12562,random_iid,euclidean,60,0.28284271247461895,1.8
12570,random_iid,euclidean,12738,0.0,0.86
12574,random_iid,euclidean,5676,0.0,0.92
12577,random_iid,euclidean,1898,0.0,1.26
12584,random_iid,euclidean,14300,0.0,1.46
12593,random_iid,euclidean,11256,0.0,2.1
12596,random_iid,euclidean,3253,0.28284271247461895,1.12
12614,random_iid,euclidean,7004,0.0,1.28
12616,random_iid,euclidean,16517,0.0,1.46
12618,random_iid,euclidean,10483,1.0536712127723509e-08,1.58
12634,random_iid,euclidean,1615,0.0,2.56
12635,random_iid,euclidean,15714,1.0536712127723509e-08,1.54
12636,random_iid,euclidean,16483,0.0,3.58
12655,random_iid,euclidean,11507,0.0,1.52
12656,random_iid,euclidean,12331,0.0,1.0
12687,random_iid,euclidean,8414,0.0,0.86
12727,random_iid,euclidean,11662,0.0,1.08
12730,random_iid,euclidean,45,0.28284271247461895,0.98
12767,random_iid,euclidean,343,0.0,2.98
12785,random_iid,euclidean,6837,0.0,1.12
12787,random_iid,euclidean,1077,0.0,0.78
12792,random_iid,euclidean,13196,0.0,1.78
12797,random_iid,euclidean,14363,0.0,1.08
12802,random_iid,euclidean,6565,0.0,3.52
12804,random_iid,euclidean,1426,0.28284271247461906,1.62
12811,random_iid,euclidean,13321,1.0536712127723509e-08,1.36
12814,random_iid,euclidean,9430,1.0536712127723509e-08,1.22
12822,random_iid,euclidean,16801,0.0,3.4
12881,random_iid,euclidean,18565,0.0,1.66
12885,random_iid,euclidean,1445,0.0,0.8
12896,random_iid,euclidean,104,0.28284271247461895,0.7
12897,random_iid,euclidean,9484,1.0536712127723509e-08,1.88
12899,random_iid,euclidean,8173,0.0,1.4
12900,random_iid,euclidean,6217,1.0536712127723509e-08,1.6
12920,random_iid,euclidean,16345,0.0,0.6
12928,random_iid,euclidean,4735,0.0,1.02
12932,random_iid,euclidean,83,0.28284271247461895,1.36
12947,random_iid,euclidean,5837,1.0536712127723509e-08,1.44
12970,random_iid,euclidean,10293,1.0536712127723509e-08,1.68
13003,random_iid,euclidean,12339,0.0,2.28
13004,random_iid,euclidean,1650,0.0,1.24
13010,random_iid,euclidean,1691,0.0,1.34
13015,random_iid,euclidean,5049,1.4901161193847656e-08,1.38
13022,random_iid,euclidean,3462,0.0,0.9
13029,random_iid,euclidean,6999,0.0,1.22
13044,random_iid,euclidean,108,0.28284271247461895,1.74
13068,random_iid,euclidean,2447,0.0,2.98
13082,random_iid,euclidean,9820,0.0,0.94
13096,random_iid,euclidean,7135,0.2828427124746191,1.68
13098,random_iid,euclidean,4218,0.0,2.04
13100,random_iid,euclidean,11988,0.0,2.0
13173,random_iid,euclidean,41,0.28284271247461895,1.22
13174,random_iid,euclidean,226,0.28284271247461895,1.16
13195,random_iid,euclidean,12488,0.0,1.16
13201,random_iid,euclidean,17499,0.0,1.18
13204,random_iid,euclidean,10315,0.0,3.2
13205,random_iid,euclidean,15386,0.0,1.46
13212,random_iid,euclidean,2451,1.4901161193847656e-08,1.76
13241,random_iid,euclidean,15163,1.0536712127723509e-08,1.54
13253,random_iid,euclidean,10262,0.0,1.1
13275,random_iid,euclidean,68,0.28284271247461895,0.96
13310,random_iid,euclidean,10737,0.0,0.9
13313,random_iid,euclidean,9,0.28284271247461895,0.94
13316,random_iid,euclidean,135,0.28284271247461895,0.58
13325,random_iid,euclidean,9811,0.0,0.7
13328,random_iid,euclidean,14628,0.0,1.0
13332,random_iid,euclidean,15596,0.0,1.5
13335,random_iid,euclidean,18909,0.0,0.88
13337,random_iid,euclidean,3923,0.0,0.1
13338,random_iid,euclidean,120,0.28284271247461895,2.92
13346,random_iid,euclidean,181,0.0,1.8
13361,random_iid,euclidean,8387,0.0,2.74
13362,random_iid,euclidean,4718,0.0,1.7
13369,random_iid,euclidean,13790,1.4901161193847656e-08,0.56
13376,random_iid,euclidean,12110,0.0,1.22
13396,random_iid,euclidean,14929,0.0,0.06
13397,random_iid,euclidean,9044,0.0,2.46
13398,random_iid,euclidean,14187,0.0,1.42
13406,random_iid,euclidean,3300,1.0536712127723509e-08,1.66
13416,random_iid,euclidean,100,0.0,2.64
13418,random_iid,euclidean,18661,0.0,0.56
13431,random_iid,euclidean,5079,0.0,1.74
13436,random_iid,euclidean,45,0.28284271247461895,1.36
13447,random_iid,euclidean,25,0.28284271247461895,0.42
13454,random_iid,euclidean,6961,0.0,1.72
13473,random_iid,euclidean,10014,1.0536712127723509e-08,1.48
13483,random_iid,euclidean,4038,0.0,0.4
13491,random_iid,euclidean,13001,0.0,1.82
13508,random_iid,euclidean,391,0.282842712474619,3.56
13522,random_iid,euclidean,4666,0.0,3.42
13524,random_iid,euclidean,7580,0.0,0.5
13529,random_iid,euclidean,13552,1.4901161193847656e-08,3.58
13556,random_iid,euclidean,12335,0.0,1.64
13566,random_iid,euclidean,5105,0.0,1.74
13582,random_iid,euclidean,8585,1.4901161193847656e-08,1.58
13590,random_iid,euclidean,4001,0.0,2.96
13604,random_iid,euclidean,15516,0.0,2.36
13613,random_iid,euclidean,1223,0.28284271247461906,1.56
13619,random_iid,euclidean,653,0.28284271247461906,2.12
13626,random_iid,euclidean,60,0.28284271247461895,1.46
13637,random_iid,euclidean,650,0.28284271247461895,2.24
13639,random_iid,euclidean,1504,0.0,2.56
13641,random_iid,euclidean,4347,0.0,1.24
13646,random_iid,euclidean,9122,0.0,1.22
13648,random_iid,euclidean,17088,0.0,1.32
13649,random_iid,euclidean,6072,1.0536712127723509e-08,0.94
13651,random_iid,euclidean,14214,0.0,0.3
13658,random_iid,euclidean,12776,0.0,0.98
13666,random_iid,euclidean,6825,0.0,0.88
13668,random_iid,euclidean,36,0.282842712474619,1.1
13672,random_iid,euclidean,18101,1.0536712127723509e-08,1.5
13683,random_iid,euclidean,7866,1.0536712127723509e-08,0.18
13684,random_iid,euclidean,104,0.28284271247461895,1.36
13685,random_iid,euclidean,9506,0.0,0.1
13696,random_iid,euclidean,995,0.0,2.12
13706,random_iid,euclidean,9894,0.0,1.12
13710,random_iid,euclidean,9294,1.0536712127723509e-08,1.34
13736,random_iid,euclidean,114,0.28284271247461895,1.12
13755,random_iid,euclidean,9816,1.4901161193847656e-08,0.8
13799,random_iid,euclidean,2055,1.4901161193847656e-08,1.28
13814,random_iid,euclidean,14788,1.4901161193847656e-08,0.36
13824,random_iid,euclidean,224,0.0,2.8
13829,random_iid,euclidean,1472,0.28284271247461906,1.52
13835,random_iid,euclidean,341,0.28284271247461906,0.5
13837,random_iid,euclidean,13492,0.0,1.68
13848,random_iid,euclidean,8035,1.4901161193847656e-08,1.78
13852,random_iid,euclidean,13,0.28284271247461895,2.28
13853,random_iid,euclidean,310,0.2828427124746191,1.72
13861,random_iid,euclidean,18537,0.0,1.42
13876,random_iid,euclidean,2295,0.2828427124746191,1.86
13880,random_iid,euclidean,17697,0.0,1.0
13892,random_iid,euclidean,221,0.28284271247461895,1.16
13903,random_iid,euclidean,171,0.0,1.56
13920,random_iid,euclidean,11332,0.0,1.56
13934,random_iid,euclidean,156,0.28284271247461895,1.4
13940,random_iid,euclidean,3307,1.0536712127723509e-08,1.94
13953,random_iid,euclidean,15325,0.0,1.72
13954,random_iid,euclidean,7360,0.0,1.46
13958,random_iid,euclidean,15236,0.0,0.96
13967,random_iid,euclidean,3790,0.0,0.84
13987,random_iid,euclidean,38,0.28284271247461895,1.02
14004,random_iid,euclidean,5583,0.0,2.0
14006,random_iid,euclidean,10872,0.0,1.44
14013,random_iid,euclidean,14479,0.0,0.5
14018,random_iid,euclidean,2837,0.0,1.14
14032,random_iid,euclidean,152,0.28284271247461895,1.0
14038,random_iid,euclidean,18265,0.0,1.1
14044,random_iid,euclidean,5177,0.0,2.08
14045,random_iid,euclidean,266,0.28284271247461895,1.22
14064,random_iid,euclidean,3787,0.0,0.84
14067,random_iid,euclidean,540,0.0,1.44
14076,random_iid,euclidean,5653,0.0,1.2
14090,random_iid,euclidean,55,0.28284271247461895,0.98
14128,random_iid,euclidean,1431,1.0536712127723509e-08,2.0
14132,random_iid,euclidean,2131,0.0,0.7
14142,random_iid,euclidean,8,0.28284271247461895,2.04
14147,random_iid,euclidean,5823,1.0536712127723509e-08,1.46
14159,random_iid,euclidean,389,0.2828427124746191,1.72
14173,random_iid,euclidean,11180,0.0,3.7
14190,random_iid,euclidean,2079,0.0,2.62
14198,random_iid,euclidean,8533,0.0,1.86
14209,random_iid,euclidean,7688,0.0,1.44
14213,random_iid,euclidean,10981,0.0,1.08
14248,random_iid,euclidean,8047,0.0,1.02
14266,random_iid,euclidean,18884,0.0,1.26
14272,random_iid,euclidean,1254,1.0536712127723509e-08,1.88
14273,random_iid,euclidean,15671,1.4901161193847656e-08,1.94
14279,random_iid,euclidean,18363,1.0536712127723509e-08,0.96
14316,random_iid,euclidean,6248,0.0,0.76
14322,random_iid,euclidean,3014,1.0536712127723509e-08,3.06
14327,random_iid,euclidean,18319,0.0,1.28
14333,random_iid,euclidean,7938,0.0,1.82
14335,random_iid,euclidean,13667,0.0,0.52
14336,random_iid,euclidean,14438,0.0,1.66
14344,random_iid,euclidean,21,0.28284271247461895,1.76
14353,random_iid,euclidean,3882,0.0,1.04
14368,random_iid,euclidean,3393,0.0,1.94
14374,random_iid,euclidean,1120,0.0,1.66
14375,random_iid,euclidean,55,0.28284271247461895,0.94
14381,random_iid,euclidean,13611,0.0,1.58
14383,random_iid,euclidean,16840,0.0,1.42
14384,random_iid,euclidean,1868,0.0,2.18
14395,random_iid,euclidean,10826,0.0,0.9
14399,random_iid,euclidean,133,0.28284271247461895,1.46
14400,random_iid,euclidean,141,0.28284271247461895,2.54
14417,random_iid,euclidean,11042,0.0,1.32
14429,random_iid,euclidean,11142,0.0,1.02
14441,random_iid,euclidean,1324,0.0,1.56
14448,random_iid,euclidean,26,0.28284271247461895,0.68
14450,random_iid,euclidean,6625,1.0536712127723509e-08,1.38
14455,random_iid,euclidean,6195,0.0,1.94
14461,random_iid,euclidean,219,0.28284271247461895,0.74
14465,random_iid,euclidean,9687,0.0,1.12
14492,random_iid,euclidean,15278,0.0,1.04
14493,random_iid,euclidean,18479,0.0,2.14
14503,random_iid,euclidean,5453,0.282842712474619,2.4
14511,random_iid,euclidean,49,0.28284271247461895,0.4
14520,random_iid,euclidean,106,0.28284271247461906,0.28
14525,random_iid,euclidean,2,0.0,1.02
14526,random_iid,euclidean,1995,1.0536712127723509e-08,3.26
14539,random_iid,euclidean,15618,0.0,1.7
14554,random_iid,euclidean,11043,0.0,1.0
14569,random_iid,euclidean,13838,1.0536712127723509e-08,2.72
14586,random_iid,euclidean,3084,0.0,2.36
14602,random_iid,euclidean,8408,0.0,1.78
14606,random_iid,euclidean,18502,0.0,2.06
14613,random_iid,euclidean,12951,1.0536712127723509e-08,2.18
14617,random_iid,euclidean,302,1.0536712127723509e-08,0.86
14633,random_iid,euclidean,175,0.28284271247461895,1.46
14651,random_iid,euclidean,11808,0.0,1.18
14658,random_iid,euclidean,6791,0.0,2.82
14676,random_iid,euclidean,758,0.0,1.66
14682,random_iid,euclidean,185,0.28284271247461895,0.68
14685,random_iid,euclidean,15141,0.0,1.3
14689,random_iid,euclidean,81,0.28284271247461895,2.14
14691,random_iid,euclidean,1692,0.0,0.5
14699,random_iid,euclidean,13715,1.4901161193847656e-08,2.04
14702,random_iid,euclidean,164,0.28284271247461895,1.36
14714,random_iid,euclidean,337,0.28284271247461895,1.2
14718,random_iid,euclidean,252,0.28284271247461895,2.18
14726,random_iid,euclidean,8269,0.0,0.52
14731,random_iid,euclidean,3785,1.0536712127723509e-08,2.0
14735,random_iid,euclidean,3991,0.0,0.92
14736,random_iid,euclidean,186,0.2828427124746191,2.46
14739,random_iid,euclidean,154,0.28284271247461895,1.14
14741,random_iid,euclidean,5611,0.0,2.5
14752,random_iid,euclidean,8336,1.0536712127723509e-08,1.14
14759,random_iid,euclidean,5272,1.0536712127723509e-08,0.76
14761,random_iid,euclidean,6845,0.0,0.84
14763,random_iid,euclidean,12114,0.0,1.04
14771,random_iid,euclidean,120,0.28284271247461895,1.5
14782,random_iid,euclidean,3994,0.0,1.14
14783,random_iid,euclidean,92,0.28284271247461895,1.76
14787,random_iid,euclidean,3902,0.28284271247461906,1.48
14807,random_iid,euclidean,1129,0.0,2.32
14809,random_iid,euclidean,10230,1.0536712127723509e-08,0.28
14814,random_iid,euclidean,14490,0.0,1.08
14822,random_iid,euclidean,16147,0.0,1.3
14825,random_iid,euclidean,2873,0.0,1.24
14838,random_iid,euclidean,104,0.28284271247461895,1.16
14840,random_iid,euclidean,2220,0.0,0.94
14847,random_iid,euclidean,5206,0.28284271247461895,0.7
14850,random_iid,euclidean,14307,0.0,0.54
14853,random_iid,euclidean,2194,0.2828427124746191,1.22
14854,random_iid,euclidean,2001,0.0,2.8
14861,random_iid,euclidean,11447,1.0536712127723509e-08,2.28
14866,random_iid,euclidean,45,0.28284271247461895,2.12
14902,random_iid,euclidean,16487,0.0,1.68
14903,random_iid,euclidean,14240,0.0,1.5
14905,random_iid,euclidean,11115,0.0,1.38
14913,random_iid,euclidean,11768,0.0,3.74
14917,random_iid,euclidean,26,0.28284271247461895,0.7
14923,random_iid,euclidean,15602,0.0,1.64
14938,random_iid,euclidean,2178,1.0536712127723509e-08,1.88
14946,random_iid,euclidean,2033,0.0,1.12
14953,random_iid,euclidean,15950,0.0,0.84
14955,random_iid,euclidean,154,0.28284271247461895,0.84
14983,random_iid,euclidean,11876,0.0,0.88
14994,random_iid,euclidean,2524,0.0,1.22
14995,random_iid,euclidean,985,1.0536712127723509e-08,2.88
15010,random_iid,euclidean,12037,0.0,1.14
15015,random_iid,euclidean,8,0.28284271247461895,1.28
15016,random_iid,euclidean,7165,0.282842712474619,2.06
15045,random_iid,euclidean,16038,1.0536712127723509e-08,0.44
15054,random_iid,euclidean,9823,0.0,1.04
15067,random_iid,euclidean,11616,0.0,0.54
15103,random_iid,euclidean,16544,0.0,1.18
15108,random_iid,euclidean,7530,0.0,1.06
15116,random_iid,euclidean,12091,0.0,1.42
15120,random_iid,euclidean,8310,0.0,1.1
15121,random_iid,euclidean,1700,0.0,2.72
15123,random_iid,euclidean,4747,1.0536712127723509e-08,1.98
15126,random_iid,euclidean,13625,0.0,1.18
15139,random_iid,euclidean,5502,0.0,1.44
15150,random_iid,euclidean,6710,1.0536712127723509e-08,1.2
15161,random_iid,euclidean,2598,0.0,3.34
15186,random_iid,euclidean,9474,0.0,0.6
15196,random_iid,euclidean,13614,0.0,2.18
15204,random_iid,euclidean,77,0.2828427124746191,1.3
15211,random_iid,euclidean,2446,0.0,1.12
15214,random_iid,euclidean,1816,0.282842712474619,0.72
15218,random_iid,euclidean,14174,0.0,3.58
15219,random_iid,euclidean,14225,0.0,1.64
15231,random_iid,euclidean,10812,0.0,0.66
15262,random_iid,euclidean,6896,1.0536712127723509e-08,3.04
15288,random_iid,euclidean,10402,0.0,1.28
15290,random_iid,euclidean,33,0.28284271247461895,0.92
15293,random_iid,euclidean,7625,0.0,0.68
15296,random_iid,euclidean,7,0.28284271247461895,2.92
15298,random_iid,euclidean,9669,1.4901161193847656e-08,0.94
15300,random_iid,euclidean,10945,0.0,1.6
15310,random_iid,euclidean,6001,0.0,1.46
15361,random_iid,euclidean,13721,1.0536712127723509e-08,0.1
15362,random_iid,euclidean,9195,1.4901161193847656e-08,1.1
15377,random_iid,euclidean,10096,0.0,2.04
15389,random_iid,euclidean,3422,0.0,2.76
15405,random_iid,euclidean,9682,0.0,1.48
15423,random_iid,euclidean,13460,1.4901161193847656e-08,1.96
15448,random_iid,euclidean,10471,0.0,1.6
15450,random_iid,euclidean,14432,0.0,1.82
15455,random_iid,euclidean,15492,0.0,2.88
15461,random_iid,euclidean,7223,0.0,1.38
15474,random_iid,euclidean,9802,0.0,1.98
15479,random_iid,euclidean,9543,0.0,1.18
15489,random_iid,euclidean,9271,1.4901161193847656e-08,1.4
15491,random_iid,euclidean,9982,0.0,1.04
15510,random_iid,euclidean,2627,1.0536712127723509e-08,1.08
15528,random_iid,euclidean,317,0.28284271247461906,1.94
15538,random_iid,euclidean,16766,0.0,1.22
15542,random_iid,euclidean,11383,1.0536712127723509e-08,0.76
15556,random_iid,euclidean,1836,1.0536712127723509e-08,2.14
15567,random_iid,euclidean,13413,0.0,0.26
15568,random_iid,euclidean,6607,0.0,1.24
15570,random_iid,euclidean,10126,0.0,0.68
15590,random_iid,euclidean,1472,0.28284271247461906,0.84
15617,random_iid,euclidean,1742,0.2828427124746191,1.1
15619,random_iid,euclidean,622,0.0,3.22
15626,random_iid,euclidean,10686,0.0,1.62
15628,random_iid,euclidean,6576,1.4901161193847656e-08,0.76
15633,random_iid,euclidean,341,0.28284271247461906,1.28
15648,random_iid,euclidean,9,0.0,1.26
15660,random_iid,euclidean,15623,0.0,1.06
15667,random_iid,euclidean,18821,0.0,3.32
15672,random_iid,euclidean,12001,0.0,2.66
15676,random_iid,euclidean,120,0.28284271247461895,2.26
15687,random_iid,euclidean,8337,0.0,1.68
15689,random_iid,euclidean,10779,1.4901161193847656e-08,2.22
15692,random_iid,euclidean,11051,0.0,1.9
15693,random_iid,euclidean,5456,0.0,1.3
15695,random_iid,euclidean,11049,0.0,1.92
15709,random_iid,euclidean,6531,0.0,1.48
15737,random_iid,euclidean,7790,1.4901161193847656e-08,0.98
15744,random_iid,euclidean,663,0.0,2.32
15771,random_iid,euclidean,4687,0.0,1.86
15786,random_iid,euclidean,11533,1.4901161193847656e-08,2.08
15791,random_iid,euclidean,568,0.0,1.4
15792,random_iid,euclidean,14062,0.0,2.96
15802,random_iid,euclidean,3499,0.2828427124746191,2.48
15804,random_iid,euclidean,135,0.28284271247461895,2.1
15818,random_iid,euclidean,41,0.28284271247461895,0.6
15821,random_iid,euclidean,4256,0.0,1.44
15849,random_iid,euclidean,1375,0.0,1.7
15865,random_iid,euclidean,32,0.28284271247461895,1.1
15872,random_iid,euclidean,1472,0.28284271247461906,1.68
15875,random_iid,euclidean,156,0.2828427124746191,1.52
15877,random_iid,euclidean,1111,0.282842712474619,1.34
15878,random_iid,euclidean,18860,0.0,1.96
15879,random_iid,euclidean,17120,0.0,1.44
15903,random_iid,euclidean,41,0.28284271247461895,0.8
15905,random_iid,euclidean,1660,0.0,2.98
15911,random_iid,euclidean,12121,1.0536712127723509e-08,2.38
15912,random_iid,euclidean,1734,0.0,0.78
15916,random_iid,euclidean,793,1.4901161193847656e-08,1.36
15926,random_iid,euclidean,11756,0.0,1.0
15928,random_iid,euclidean,21,0.28284271247461895,-0.06
15937,random_iid,euclidean,14475,0.0,0.92
15961,random_iid,euclidean,17382,0.0,1.08
15973,random_iid,euclidean,14860,0.0,1.24
15994,random_iid,euclidean,166,0.28284271247461895,1.68
15998,random_iid,euclidean,12351,0.0,0.6
16003,random_iid,euclidean,5021,0.0,0.88
16004,random_iid,euclidean,18682,0.0,2.2
16007,random_iid,euclidean,13816,0.0,1.1
16008,random_iid,euclidean,11587,0.0,1.98
16016,random_iid,euclidean,11728,0.0,0.38
16026,random_iid,euclidean,2859,0.2828427124746191,1.88
16047,random_iid,euclidean,10416,0.0,1.74
16055,random_iid,euclidean,11111,0.0,0.62
16057,random_iid,euclidean,4765,0.0,1.3
16060,random_iid,euclidean,4698,0.0,1.8
16061,random_iid,euclidean,3737,0.0,0.76
16067,random_iid,euclidean,15008,0.0,1.7
16075,random_iid,euclidean,7354,0.0,1.32
16078,random_iid,euclidean,12604,0.0,1.6
16095,random_iid,euclidean,218,0.28284271247461895,0.6
16101,random_iid,euclidean,83,0.282842712474619,1.34
16110,random_iid,euclidean,9277,0.0,1.16
16128,random_iid,euclidean,7,0.28284271247461895,1.16
16139,random_iid,euclidean,2657,1.0536712127723509e-08,1.24
16153,random_iid,euclidean,17162,0.0,1.18
16167,random_iid,euclidean,15673,0.0,1.2
16171,random_iid,euclidean,15371,0.0,0.9
16172,random_iid,euclidean,104,0.28284271247461895,1.46
16176,random_iid,euclidean,17046,0.0,0.74
16180,random_iid,euclidean,13349,0.0,2.3
16194,random_iid,euclidean,18618,0.0,2.54
16208,random_iid,euclidean,5375,0.0,1.08
16222,random_iid,euclidean,17854,0.0,1.88
16228,random_iid,euclidean,16715,0.0,0.34
16229,random_iid,euclidean,12648,0.0,3.7
16234,random_iid,euclidean,17095,1.0536712127723509e-08,0.64
16240,random_iid,euclidean,15,0.28284271247461895,1.78
16242,random_iid,euclidean,15586,1.0536712127723509e-08,1.34
16245,random_iid,euclidean,75,0.2828427124746191,1.62
16251,random_iid,euclidean,8990,1.0536712127723509e-08,0.82
16253,random_iid,euclidean,3061,0.0,2.14
16262,random_iid,euclidean,2733,0.0,1.44
16268,random_iid,euclidean,4491,1.4901161193847656e-08,0.32
16269,random_iid,euclidean,218,0.28284271247461895,0.54
16277,random_iid,euclidean,835,0.0,1.98
16279,random_iid,euclidean,113,0.28284271247461895,1.2
16289,random_iid,euclidean,6056,0.282842712474619,2.08
16296,random_iid,euclidean,983,0.0,3.36
16301,random_iid,euclidean,6081,0.282842712474619,1.08
16325,random_iid,euclidean,16931,0.0,2.54
16331,random_iid,euclidean,653,0.28284271247461906,1.92
16337,random_iid,euclidean,4523,1.0536712127723509e-08,2.32
16340,random_iid,euclidean,16407,0.0,1.8
16343,random_iid,euclidean,26,0.28284271247461895,0.9
16344,random_iid,euclidean,13867,0.0,1.1
16361,random_iid,euclidean,206,0.28284271247461895,2.7
16382,random_iid,euclidean,5295,0.0,0.58
16399,random_iid,euclidean,18172,1.0536712127723509e-08,2.2
16418,random_iid,euclidean,7275,0.0,2.78
16426,random_iid,euclidean,8210,0.0,2.04
16427,random_iid,euclidean,7045,0.28284271247461895,0.96
16439,random_iid,euclidean,147,0.28284271247461895,1.76
16441,random_iid,euclidean,12953,0.0,0.94
16459,random_iid,euclidean,18917,0.0,1.36
16467,random_iid,euclidean,9041,0.0,1.82
16468,random_iid,euclidean,198,0.28284271247461895,0.98
16510,random_iid,euclidean,14373,0.0,3.7
16541,random_iid,euclidean,13093,1.0536712127723509e-08,1.94
16545,random_iid,euclidean,83,0.28284271247461895,0.7
16559,random_iid,euclidean,14618,0.0,1.4
16566,random_iid,euclidean,17096,1.4901161193847656e-08,1.94
16573,random_iid,euclidean,16022,0.0,0.98
16574,random_iid,euclidean,1764,0.0,1.48
16581,random_iid,euclidean,10,0.28284271247461895,1.6
16584,random_iid,euclidean,15000,0.0,0.72
16588,random_iid,euclidean,6317,0.0,0.8
16591,random_iid,euclidean,6774,0.0,1.38
16598,random_iid,euclidean,2621,0.282842712474619,2.18
16605,random_iid,euclidean,18167,1.0536712127723509e-08,1.22
16611,random_iid,euclidean,14978,1.0536712127723509e-08,4.2
16614,random_iid,euclidean,11008,0.0,1.62
16628,random_iid,euclidean,6234,0.0,1.34
16637,random_iid,euclidean,18235,1.4901161193847656e-08,1.48
16638,random_iid,euclidean,8544,0.0,0.82
16640,random_iid,euclidean,14325,1.0536712127723509e-08,3.98
16641,random_iid,euclidean,12990,1.0536712127723509e-08,2.14
16643,random_iid,euclidean,7058,0.0,1.14
16656,random_iid,euclidean,14101,0.0,1.18
16660,random_iid,euclidean,7632,0.0,1.74
16668,random_iid,euclidean,10129,0.0,0.8
16671,random_iid,euclidean,9,0.2828427124746191,2.68
16679,random_iid,euclidean,2729,0.0,0.82
16680,random_iid,euclidean,3288,1.0536712127723509e-08,2.36
16684,random_iid,euclidean,4940,0.0,1.32
16727,random_iid,euclidean,4847,0.0,0.68
16733,random_iid,euclidean,5675,1.0536712127723509e-08,1.78
16738,random_iid,euclidean,8718,1.4901161193847656e-08,0.92
16742,random_iid,euclidean,1317,1.0536712127723509e-08,2.62
16743,random_iid,euclidean,14087,0.0,0.84
16746,random_iid,euclidean,13791,0.0,2.02
16758,random_iid,euclidean,12921,0.0,1.34
16761,random_iid,euclidean,8,0.28284271247461895,2.02
16785,random_iid,euclidean,25,0.28284271247461895,0.82
16792,random_iid,euclidean,40,0.28284271247461895,1.18
16796,random_iid,euclidean,205,0.0,2.04
16799,random_iid,euclidean,40,0.28284271247461895,0.6
16808,random_iid,euclidean,1903,1.0536712127723509e-08,1.58
16816,random_iid,euclidean,13189,0.0,1.4
16820,random_iid,euclidean,266,0.28284271247461895,0.4
16823,random_iid,euclidean,1505,0.0,1.94
16854,random_iid,euclidean,2401,0.282842712474619,3.6
16861,random_iid,euclidean,15246,0.0,2.18
16869,random_iid,euclidean,13538,0.0,0.84
16870,random_iid,euclidean,1291,0.0,2.44
16883,random_iid,euclidean,340,0.28284271247461895,1.0
16916,random_iid,euclidean,118,0.28284271247461895,0.92
16919,random_iid,euclidean,111,0.28284271247461895,1.0
16927,random_iid,euclidean,8,0.28284271247461895,0.7
16929,random_iid,euclidean,33,0.28284271247461895,1.3
16949,random_iid,euclidean,6497,0.0,1.58
16968,random_iid,euclidean,17716,0.0,1.24
16970,random_iid,euclidean,6530,0.0,1.56
16971,random_iid,euclidean,9270,0.0,1.66
16972,random_iid,euclidean,15906,0.0,1.36
16989,random_iid,euclidean,7027,0.0,3.24
17011,random_iid,euclidean,3908,1.0536712127723509e-08,2.0
17028,random_iid,euclidean,2538,0.0,1.0
17034,random_iid,euclidean,17412,0.0,0.86
17042,random_iid,euclidean,2401,0.282842712474619,2.54
17060,random_iid,euclidean,6279,1.4901161193847656e-08,1.52
17062,random_iid,euclidean,9326,1.0536712127723509e-08,1.88
17104,random_iid,euclidean,3714,1.0536712127723509e-08,1.46
17113,random_iid,euclidean,11530,0.0,2.3
17121,random_iid,euclidean,8367,0.0,0.78
17122,random_iid,euclidean,317,0.2828427124746191,1.74
17132,random_iid,euclidean,2541,1.0536712127723509e-08,-0.04
17149,random_iid,euclidean,3749,0.282842712474619,2.28
17165,random_iid,euclidean,15279,0.0,1.8
17169,random_iid,euclidean,407,1.0536712127723509e-08,1.2
17170,random_iid,euclidean,9,0.28284271247461895,1.38
17171,random_iid,euclidean,226,0.28284271247461895,1.9
17186,random_iid,euclidean,15976,1.0536712127723509e-08,2.74
17191,random_iid,euclidean,1089,0.28284271247461906,0.92
17194,random_iid,euclidean,18706,1.0536712127723509e-08,1.22
17195,random_iid,euclidean,3470,0.0,2.9
17201,random_iid,euclidean,9721,1.0536712127723509e-08,1.82
17210,random_iid,euclidean,9764,0.0,2.22
17219,random_iid,euclidean,11466,0.0,0.26
17244,random_iid,euclidean,1255,0.0,1.4
17268,random_iid,euclidean,601,0.0,1.16
17292,random_iid,euclidean,6529,0.0,1.0
17344,random_iid,euclidean,7394,0.0,0.96
17349,random_iid,euclidean,1703,1.0536712127723509e-08,1.28
17362,random_iid,euclidean,110,0.0,0.6
17363,random_iid,euclidean,16133,0.0,1.74
17379,random_iid,euclidean,17719,0.0,1.42
17380,random_iid,euclidean,18489,1.4901161193847656e-08,1.78
17385,random_iid,euclidean,9427,0.0,1.48
17390,random_iid,euclidean,13443,0.0,0.52
17414,random_iid,euclidean,3550,0.0,1.04
17419,random_iid,euclidean,2005,0.0,1.8
17431,random_iid,euclidean,18808,1.0536712127723509e-08,1.02
17451,random_iid,euclidean,14769,0.0,1.44
17452,random_iid,euclidean,1887,0.0,0.68
17457,random_iid,euclidean,12203,0.0,2.08
17463,random_iid,euclidean,8700,0.0,1.74
17467,random_iid,euclidean,8062,0.0,1.06
17481,random_iid,euclidean,7438,0.0,0.96
17484,random_iid,euclidean,10804,0.0,1.04
17488,random_iid,euclidean,1577,0.0,1.6
17490,random_iid,euclidean,1643,1.4901161193847656e-08,1.2
17493,random_iid,euclidean,41,0.28284271247461895,1.46
17497,random_iid,euclidean,16018,0.0,2.46
17511,random_iid,euclidean,10788,0.0,1.2
17535,random_iid,euclidean,6319,1.0536712127723509e-08,1.98
17536,random_iid,euclidean,166,0.28284271247461895,1.6
17542,random_iid,euclidean,709,0.0,2.02
17544,random_iid,euclidean,185,0.28284271247461895,1.08
17554,random_iid,euclidean,1083,0.2828427124746191,1.8
17560,random_iid,euclidean,6566,0.0,2.34
17592,random_iid,euclidean,10408,0.0,1.44
17596,random_iid,euclidean,107,0.2828427124746191,1.48
17597,random_iid,euclidean,14505,0.0,1.0
17598,random_iid,euclidean,9760,0.0,1.24
17603,random_iid,euclidean,2401,0.282842712474619,0.94
17608,random_iid,euclidean,341,0.28284271247461906,1.34
17619,random_iid,euclidean,17735,0.0,1.62
17621,random_iid,euclidean,13,0.28284271247461895,0.88
17623,random_iid,euclidean,74,0.28284271247461895,1.08
17628,random_iid,euclidean,64,0.28284271247461895,0.36
17637,random_iid,euclidean,2259,0.2828427124746191,1.74
17642,random_iid,euclidean,17845,0.0,0.98
17647,random_iid,euclidean,13104,0.0,0.18
17658,random_iid,euclidean,7591,0.0,0.5
17678,random_iid,euclidean,433,0.2828427124746191,0.8
17703,random_iid,euclidean,14663,1.0536712127723509e-08,1.96
17707,random_iid,euclidean,208,0.28284271247461895,0.88
17729,random_iid,euclidean,14423,0.0,1.5
17731,random_iid,euclidean,5957,0.0,0.7
17738,random_iid,euclidean,55,0.28284271247461895,1.22
17761,random_iid,euclidean,748,1.0536712127723509e-08,1.3
17788,random_iid,euclidean,33,0.28284271247461895,2.54
17789,random_iid,euclidean,1649,0.0,1.12
17825,random_iid,euclidean,15,0.28284271247461895,1.32
17827,random_iid,euclidean,93,0.28284271247461895,1.44
17847,random_iid,euclidean,11366,0.0,0.68
17851,random_iid,euclidean,79,0.28284271247461895,0.98
17864,random_iid,euclidean,8602,0.0,0.84
17871,random_iid,euclidean,2640,0.0,1.3
17885,random_iid,euclidean,13160,0.0,0.44
17892,random_iid,euclidean,154,0.28284271247461895,1.36
17898,random_iid,euclidean,8684,1.0536712127723509e-08,1.18
17925,random_iid,euclidean,1275,0.282842712474619,2.02
17926,random_iid,euclidean,5457,0.0,2.16
17927,random_iid,euclidean,821,0.282842712474619,1.02
17932,random_iid,euclidean,70,0.28284271247461895,1.32
17939,random_iid,euclidean,7862,0.0,1.8
17950,random_iid,euclidean,120,0.28284271247461895,3.92
17970,random_iid,euclidean,5172,1.0536712127723509e-08,1.66
17974,random_iid,euclidean,535,0.282842712474619,1.18
17989,random_iid,euclidean,39,0.0,1.32
18004,random_iid,euclidean,16497,0.0,1.1
18022,random_iid,euclidean,488,0.2828427124746191,1.36
18024,random_iid,euclidean,14556,0.0,2.88
18043,random_iid,euclidean,10259,0.0,1.56
18080,random_iid,euclidean,16948,0.0,1.3
18113,random_iid,euclidean,16601,0.0,1.58
18114,random_iid,euclidean,2975,1.0536712127723509e-08,0.58
18123,random_iid,euclidean,9671,0.0,0.96
18127,random_iid,euclidean,18648,0.0,0.72
18128,random_iid,euclidean,6724,0.0,1.48
18130,random_iid,euclidean,13972,0.0,1.2
18145,random_iid,euclidean,17876,0.0,1.62
18149,random_iid,euclidean,508,0.2828427124746191,0.72
18171,random_iid,euclidean,3412,0.0,2.16
18191,random_iid,euclidean,11721,0.0,0.76
18208,random_iid,euclidean,13339,0.0,1.66
18217,random_iid,euclidean,11,0.28284271247461895,1.4
18226,random_iid,euclidean,17711,1.0536712127723509e-08,0.76
18229,random_iid,euclidean,5652,0.0,1.1
18230,random_iid,euclidean,17206,0.0,0.58
18234,random_iid,euclidean,27,0.28284271247461895,0.68
18251,random_iid,euclidean,3490,1.0536712127723509e-08,0.42
18253,random_iid,euclidean,13131,0.0,1.7
18255,random_iid,euclidean,8341,0.0,1.58
18275,random_iid,euclidean,3479,1.4901161193847656e-08,0.32
18280,random_iid,euclidean,75,0.2828427124746191,0.68
18282,random_iid,euclidean,8,0.0,0.78
18289,random_iid,euclidean,206,0.28284271247461906,1.62
18291,random_iid,euclidean,3765,0.0,1.14
18295,random_iid,euclidean,18811,0.0,1.64
18328,random_iid,euclidean,11278,0.0,1.56
18337,random_iid,euclidean,1029,0.0,0.38
18344,random_iid,euclidean,6107,1.4901161193847656e-08,1.04
18345,random_iid,euclidean,9518,1.0536712127723509e-08,1.16
18350,random_iid,euclidean,7972,1.4901161193847656e-08,2.06
18356,random_iid,euclidean,4812,0.0,1.92
18362,random_iid,euclidean,15,0.28284271247461895,0.72
18364,random_iid,euclidean,521,1.0536712127723509e-08,1.68
18370,random_iid,euclidean,13752,1.0536712127723509e-08,1.24
18376,random_iid,euclidean,6594,0.0,1.1
18378,random_iid,euclidean,13554,1.0536712127723509e-08,1.98
18386,random_iid,euclidean,16392,1.0536712127723509e-08,0.28
18397,random_iid,euclidean,16120,0.0,3.12
18423,random_iid,euclidean,2502,0.0,0.8
18432,random_iid,euclidean,337,0.28284271247461895,0.98
18433,random_iid,euclidean,12275,0.0,1.22
18437,random_iid,euclidean,10770,0.0,0.66
18439,random_iid,euclidean,21,0.28284271247461895,2.42
18457,random_iid,euclidean,6661,0.0,2.48
18478,random_iid,euclidean,17033,0.0,0.32
18492,random_iid,euclidean,3783,0.0,1.18
18504,random_iid,euclidean,4521,0.0,1.52
18513,random_iid,euclidean,7953,0.0,1.04
18518,random_iid,euclidean,104,0.28284271247461895,0.38
18520,random_iid,euclidean,13101,0.0,0.66
18523,random_iid,euclidean,8149,0.0,0.92
18533,random_iid,euclidean,17883,0.0,1.12
18546,random_iid,euclidean,367,0.28284271247461895,1.7
18554,random_iid,euclidean,836,0.0,2.28
18566,random_iid,euclidean,2222,0.0,2.24
18579,random_iid,euclidean,637,0.0,1.18
18595,random_iid,euclidean,17480,0.0,0.64
18596,random_iid,euclidean,13183,0.0,1.4
18605,random_iid,euclidean,7491,0.0,1.18
18608,random_iid,euclidean,9347,1.0536712127723509e-08,0.66
18610,random_iid,euclidean,9756,0.28284271247461906,1.46
18629,random_iid,euclidean,5185,0.2828427124746191,0.9
18655,random_iid,euclidean,10072,0.0,1.88
18658,random_iid,euclidean,470,0.0,2.08
18665,random_iid,euclidean,12821,0.0,1.48
18673,random_iid,euclidean,3275,0.0,2.62
18676,random_iid,euclidean,1982,0.0,1.12
18679,random_iid,euclidean,4266,1.4901161193847656e-08,2.14
18680,random_iid,euclidean,13532,0.0,1.02
18693,random_iid,euclidean,3653,0.0,1.4
18694,random_iid,euclidean,7833,0.0,1.0
18717,random_iid,euclidean,8213,1.4901161193847656e-08,0.18
18726,random_iid,euclidean,5834,0.0,1.12
18743,random_iid,euclidean,16672,0.0,2.14
18752,random_iid,euclidean,9817,0.0,0.48
18755,random_iid,euclidean,6130,0.0,0.98
18758,random_iid,euclidean,958,0.282842712474619,1.46
18763,random_iid,euclidean,6316,0.282842712474619,1.46
18766,random_iid,euclidean,10217,0.0,0.98
18775,random_iid,euclidean,60,0.28284271247461895,3.36
18776,random_iid,euclidean,5906,0.0,2.0
18781,random_iid,euclidean,1302,0.0,2.4
18786,random_iid,euclidean,556,0.0,1.66
18794,random_iid,euclidean,14745,1.4901161193847656e-08,1.98
18800,random_iid,euclidean,166,0.28284271247461895,1.94
18810,random_iid,euclidean,365,0.28284271247461906,1.38
18818,random_iid,euclidean,133,0.28284271247461895,1.1
18819,random_iid,euclidean,8946,0.0,1.46
18850,random_iid,euclidean,14506,1.0536712127723509e-08,1.84
18858,random_iid,euclidean,1269,0.0,0.8
18885,random_iid,euclidean,7615,0.0,0.7
18902,random_iid,euclidean,65,0.0,2.78
18904,random_iid,euclidean,5587,1.0536712127723509e-08,2.36
18924,random_iid,euclidean,1238,0.0,2.12
18926,random_iid,euclidean,18092,1.0536712127723509e-08,2.48
5,group_reduced_formula,cosine,347,0.15484574527148354,1.48
19,group_reduced_formula,cosine,6958,0.15484574527148354,0.46
48,group_reduced_formula,cosine,2941,0.08013378899220025,2.84
55,group_reduced_formula,cosine,6357,0.11808289631180324,1.36
56,group_reduced_formula,cosine,3167,0.11808289631180324,1.78
59,group_reduced_formula,cosine,42,0.08831538832289654,0.64
70,group_reduced_formula,cosine,7870,0.11808289631180324,1.08
83,group_reduced_formula,cosine,3596,0.08831538832289643,0.96
91,group_reduced_formula,cosine,12024,0.08013378899220025,1.32
114,group_reduced_formula,cosine,5471,0.08831538832289643,1.3
127,group_reduced_formula,cosine,1273,0.11808289631180324,0.48
133,group_reduced_formula,cosine,15531,0.11808289631180324,1.14
150,group_reduced_formula,cosine,5574,0.08831538832289643,1.26
204,group_reduced_formula,cosine,3152,0.08831538832289654,4.18
220,group_reduced_formula,cosine,5185,0.08831538832289643,0.92
222,group_reduced_formula,cosine,11907,0.07549967295795157,1.16
225,group_reduced_formula,cosine,1097,0.11808289631180324,1.22
233,group_reduced_formula,cosine,158,0.08013378899220025,0.98
242,group_reduced_formula,cosine,1149,0.08013378899220025,1.98
252,group_reduced_formula,cosine,10457,0.08831538832289654,1.16
256,group_reduced_formula,cosine,1349,0.11808289631180324,1.08
261,group_reduced_formula,cosine,18021,0.11808289631180324,0.92
275,group_reduced_formula,cosine,6689,0.08013378899220025,1.14
279,group_reduced_formula,cosine,1149,0.08013378899220025,1.7
283,group_reduced_formula,cosine,514,0.15484574527148354,1.66
289,group_reduced_formula,cosine,16642,0.08831538832289654,1.02
295,group_reduced_formula,cosine,12797,0.08831538832289643,1.2
311,group_reduced_formula,cosine,10732,0.08831538832289643,3.84
314,group_reduced_formula,cosine,9145,0.15484574527148354,1.26
316,group_reduced_formula,cosine,9520,0.08831538832289643,0.3
319,group_reduced_formula,cosine,10863,0.08831538832289654,0.4
321,group_reduced_formula,cosine,3031,0.11808289631180324,1.74
327,group_reduced_formula,cosine,6288,0.08013378899220025,1.18
336,group_reduced_formula,cosine,101,0.08013378899220025,1.84
341,group_reduced_formula,cosine,3299,0.08013378899220014,1.08
361,group_reduced_formula,cosine,13671,0.08013378899220014,0.8
366,group_reduced_formula,cosine,4412,0.08831538832289643,0.5
378,group_reduced_formula,cosine,10467,0.11808289631180324,2.44
382,group_reduced_formula,cosine,15188,0.08831538832289654,1.96
387,group_reduced_formula,cosine,5511,0.08831538832289643,2.02
399,group_reduced_formula,cosine,8821,0.08831538832289654,1.02
422,group_reduced_formula,cosine,11106,0.08831538832289643,1.36
424,group_reduced_formula,cosine,7451,0.08831538832289643,1.9
445,group_reduced_formula,cosine,6087,0.08013378899220025,2.3
452,group_reduced_formula,cosine,3518,0.08831538832289643,1.44
478,group_reduced_formula,cosine,154,0.15484574527148354,1.88
490,group_reduced_formula,cosine,13912,0.08831538832289654,1.36
494,group_reduced_formula,cosine,829,0.08831538832289643,3.42
518,group_reduced_formula,cosine,10117,0.08013378899220025,0.84
524,group_reduced_formula,cosine,3812,0.11808289631180324,1.1
535,group_reduced_formula,cosine,10458,0.11808289631180324,1.16
559,group_reduced_formula,cosine,5975,0.11808289631180324,2.6
573,group_reduced_formula,cosine,4870,0.08831538832289643,1.22
589,group_reduced_formula,cosine,7831,0.08831538832289643,1.1
600,group_reduced_formula,cosine,101,0.08013378899220014,1.8
602,group_reduced_formula,cosine,2141,0.08831538832289654,1.52
605,group_reduced_formula,cosine,4510,0.08013378899220025,1.04
617,group_reduced_formula,cosine,2702,0.08831538832289654,0.76
627,group_reduced_formula,cosine,3902,0.08013378899220014,1.44
629,group_reduced_formula,cosine,1290,0.15484574527148354,0.6
630,group_reduced_formula,cosine,10992,0.08831538832289654,1.84
636,group_reduced_formula,cosine,4396,0.08831538832289643,1.88
638,group_reduced_formula,cosine,658,0.08831538832289643,0.94
649,group_reduced_formula,cosine,8661,0.11808289631180324,0.68
664,group_reduced_formula,cosine,12839,0.08013378899220014,1.82
667,group_reduced_formula,cosine,158,0.08013378899220025,2.02
670,group_reduced_formula,cosine,1089,0.08013378899220025,0.62
689,group_reduced_formula,cosine,3253,0.07549967295795157,1.18
692,group_reduced_formula,cosine,790,0.11808289631180324,1.94
693,group_reduced_formula,cosine,4412,0.08831538832289643,0.52
695,group_reduced_formula,cosine,3203,0.11111111111111116,2.46
699,group_reduced_formula,cosine,922,0.08831538832289654,1.18
704,group_reduced_formula,cosine,4800,0.08831538832289654,1.14
709,group_reduced_formula,cosine,6275,0.08831538832289654,2.0
719,group_reduced_formula,cosine,13781,0.08013378899220025,1.9
721,group_reduced_formula,cosine,1068,0.15484574527148354,2.1
753,group_reduced_formula,cosine,14039,0.08831538832289643,0.52
754,group_reduced_formula,cosine,1022,0.15484574527148354,1.3
793,group_reduced_formula,cosine,5978,0.08013378899220025,1.24
796,group_reduced_formula,cosine,2939,0.08013378899220025,1.2
812,group_reduced_formula,cosine,1131,0.15484574527148354,0.48
818,group_reduced_formula,cosine,16427,0.11808289631180324,1.08
832,group_reduced_formula,cosine,8844,0.08831538832289654,1.24
882,group_reduced_formula,cosine,158,0.08013378899220025,1.96
890,group_reduced_formula,cosine,9336,0.08831538832289654,0.56
892,group_reduced_formula,cosine,3063,0.08831538832289643,1.46
899,group_reduced_formula,cosine,8787,0.08013378899220025,0.66
904,group_reduced_formula,cosine,603,0.15484574527148354,1.66
945,group_reduced_formula,cosine,15677,0.08831538832289654,2.02
958,group_reduced_formula,cosine,6673,0.11808289631180324,1.4
959,group_reduced_formula,cosine,1567,0.11808289631180324,1.04
970,group_reduced_formula,cosine,678,0.15484574527148354,1.28
985,group_reduced_formula,cosine,2301,0.08013378899220025,2.66
992,group_reduced_formula,cosine,4897,0.08831538832289654,2.46
996,group_reduced_formula,cosine,6963,0.11808289631180324,1.28
997,group_reduced_formula,cosine,1139,0.11808289631180324,1.4
1004,group_reduced_formula,cosine,14171,0.08831538832289654,0.72
1020,group_reduced_formula,cosine,15199,0.08831538832289654,0.72
1027,group_reduced_formula,cosine,2086,0.08831538832289643,1.38
1032,group_reduced_formula,cosine,4441,0.08831538832289643,0.84
1037,group_reduced_formula,cosine,10370,0.08831538832289654,2.62
1047,group_reduced_formula,cosine,16356,0.11808289631180324,1.04
1058,group_reduced_formula,cosine,5978,0.08013378899220025,1.2
1059,group_reduced_formula,cosine,6689,0.08013378899220025,0.96
1070,group_reduced_formula,cosine,6125,0.08831538832289643,0.78
1078,group_reduced_formula,cosine,6093,0.08831538832289643,1.74
1106,group_reduced_formula,cosine,11817,0.08831538832289643,1.42
1112,group_reduced_formula,cosine,9870,0.15484574527148354,1.02
1125,group_reduced_formula,cosine,2717,0.08831538832289654,0.56
1129,group_reduced_formula,cosine,11881,0.08831538832289643,2.06
1135,group_reduced_formula,cosine,7349,0.08831538832289654,0.6
1159,group_reduced_formula,cosine,13781,0.08013378899220025,1.86
1180,group_reduced_formula,cosine,8849,0.08831538832289643,0.98
1181,group_reduced_formula,cosine,3171,0.08013378899220014,1.04
1204,group_reduced_formula,cosine,11574,0.08013378899220025,2.16
1220,group_reduced_formula,cosine,1662,0.08831538832289654,0.76
1221,group_reduced_formula,cosine,1495,0.15484574527148354,2.44
1240,group_reduced_formula,cosine,2168,0.08831538832289654,1.7
1247,group_reduced_formula,cosine,9120,0.08831538832289654,1.9
1248,group_reduced_formula,cosine,3604,0.08831538832289654,2.28
1274,group_reduced_formula,cosine,4828,0.08831538832289643,1.18
1330,group_reduced_formula,cosine,9870,0.15484574527148354,1.02
1331,group_reduced_formula,cosine,821,0.15484574527148354,1.4
1342,group_reduced_formula,cosine,10316,0.11808289631180324,0.42
1343,group_reduced_formula,cosine,5978,0.08013378899220025,2.02
1357,group_reduced_formula,cosine,16006,0.08013378899220025,1.92
1371,group_reduced_formula,cosine,971,0.11808289631180324,1.26
1377,group_reduced_formula,cosine,3865,0.08013378899220025,1.34
1393,group_reduced_formula,cosine,1626,0.15484574527148354,1.24
1404,group_reduced_formula,cosine,2173,0.08831538832289643,1.68
1405,group_reduced_formula,cosine,1569,0.08831538832289654,1.46
1408,group_reduced_formula,cosine,10779,0.08831538832289654,0.9
1414,group_reduced_formula,cosine,6093,0.08831538832289643,0.54
1415,group_reduced_formula,cosine,1762,0.15484574527148365,0.88
1421,group_reduced_formula,cosine,5521,0.08831538832289654,1.04
1430,group_reduced_formula,cosine,8411,0.08013378899220025,0.62
1453,group_reduced_formula,cosine,17366,0.08013378899220025,0.78
1464,group_reduced_formula,cosine,528,0.08831538832289643,1.52
1465,group_reduced_formula,cosine,7710,0.08831538832289654,1.42
1492,group_reduced_formula,cosine,3540,0.08831538832289654,1.14
1507,group_reduced_formula,cosine,2629,0.08831538832289654,1.92
1510,group_reduced_formula,cosine,4728,0.08831538832289654,1.84
1513,group_reduced_formula,cosine,15309,0.11808289631180324,1.52
1516,group_reduced_formula,cosine,650,0.08013378899220025,2.64
1519,group_reduced_formula,cosine,11174,0.08831538832289654,0.74
1520,group_reduced_formula,cosine,292,0.08831538832289654,1.64
1522,group_reduced_formula,cosine,1177,0.15484574527148354,0.94
1533,group_reduced_formula,cosine,14273,0.08831538832289654,0.46
1541,group_reduced_formula,cosine,1139,0.11808289631180324,2.1
1552,group_reduced_formula,cosine,8248,0.08013378899220025,2.88
1560,group_reduced_formula,cosine,1313,0.15484574527148354,1.46
1578,group_reduced_formula,cosine,2234,0.08831538832289643,1.58
1581,group_reduced_formula,cosine,6196,0.08831538832289643,2.04
1589,group_reduced_formula,cosine,11856,0.15484574527148354,3.06
1597,group_reduced_formula,cosine,4065,0.08831538832289654,1.1
1598,group_reduced_formula,cosine,1239,0.15484574527148354,0.98
1601,group_reduced_formula,cosine,101,0.08013378899220025,1.46
1607,group_reduced_formula,cosine,6939,0.08831538832289654,1.42
1609,group_reduced_formula,cosine,3497,0.08831538832289643,2.22
1628,group_reduced_formula,cosine,2301,0.08013378899220025,3.2
1648,group_reduced_formula,cosine,8045,0.08831538832289654,1.62
1652,group_reduced_formula,cosine,1376,0.15484574527148354,1.24
1663,group_reduced_formula,cosine,101,0.08013378899220025,1.18
1683,group_reduced_formula,cosine,3049,0.08831538832289654,1.94
1692,group_reduced_formula,cosine,6121,0.08831538832289654,1.1
1707,group_reduced_formula,cosine,4526,0.11808289631180324,2.0
1711,group_reduced_formula,cosine,4071,0.08831538832289643,1.14
1723,group_reduced_formula,cosine,11536,0.11808289631180324,1.36
1725,group_reduced_formula,cosine,4299,0.08013378899220025,1.84
1727,group_reduced_formula,cosine,4526,0.11808289631180324,1.76
1734,group_reduced_formula,cosine,11985,0.08831538832289654,0.98
1770,group_reduced_formula,cosine,6636,0.08013378899220025,0.96
1783,group_reduced_formula,cosine,2941,0.08013378899220025,1.68
1792,group_reduced_formula,cosine,3947,0.08831538832289643,1.6
1821,group_reduced_formula,cosine,1313,0.15484574527148354,1.46
1822,group_reduced_formula,cosine,5025,0.11808289631180324,0.18
1833,group_reduced_formula,cosine,427,0.08013378899220025,1.44
1848,group_reduced_formula,cosine,2762,0.11808289631180324,2.92
1856,group_reduced_formula,cosine,8606,0.08013378899220025,2.0
1868,group_reduced_formula,cosine,3171,0.08013378899220025,1.04
1875,group_reduced_formula,cosine,7831,0.08831538832289643,1.88
1881,group_reduced_formula,cosine,840,0.15484574527148354,2.1
1891,group_reduced_formula,cosine,10117,0.08013378899220025,1.74
1898,group_reduced_formula,cosine,9990,0.08831538832289643,0.94
1900,group_reduced_formula,cosine,9917,0.08831538832289654,1.34
1906,group_reduced_formula,cosine,18108,0.15484574527148354,0.78
1909,group_reduced_formula,cosine,1605,0.11808289631180324,1.72
1919,group_reduced_formula,cosine,7541,0.08013378899220014,1.04
1923,group_reduced_formula,cosine,3299,0.08013378899220014,0.98
1928,group_reduced_formula,cosine,7460,0.08013378899220014,1.78
1940,group_reduced_formula,cosine,5019,0.11808289631180324,2.08
1948,group_reduced_formula,cosine,3025,0.11808289631180324,2.04
1949,group_reduced_formula,cosine,1817,0.08831538832289654,1.2
1957,group_reduced_formula,cosine,12422,0.08831538832289654,2.22
1963,group_reduced_formula,cosine,2941,0.08013378899220025,1.16
1981,group_reduced_formula,cosine,1567,0.11808289631180324,1.96
2016,group_reduced_formula,cosine,10469,0.08013378899220014,1.44
2025,group_reduced_formula,cosine,2151,0.08831538832289654,2.64
2039,group_reduced_formula,cosine,9212,0.08013378899220025,1.28
2040,group_reduced_formula,cosine,5471,0.08831538832289643,1.2
2052,group_reduced_formula,cosine,2345,0.15484574527148354,1.18
2053,group_reduced_formula,cosine,8412,0.08013378899220025,3.36
2072,group_reduced_formula,cosine,11985,0.08831538832289654,1.32
2089,group_reduced_formula,cosine,4299,0.08013378899220025,1.9
2091,group_reduced_formula,cosine,7891,0.08013378899220025,1.3
2092,group_reduced_formula,cosine,4445,0.08831538832289654,0.62
2121,group_reduced_formula,cosine,4589,0.08831538832289654,1.7
2132,group_reduced_formula,cosine,3814,0.08013378899220025,1.56
2139,group_reduced_formula,cosine,4449,0.08831538832289643,0.98
2146,group_reduced_formula,cosine,4314,0.08831538832289654,0.22
2159,group_reduced_formula,cosine,2173,0.08831538832289643,2.72
2184,group_reduced_formula,cosine,12839,0.08013378899220014,2.34
2189,group_reduced_formula,cosine,13789,0.08831538832289643,1.44
2198,group_reduced_formula,cosine,1870,0.15484574527148354,1.26
2205,group_reduced_formula,cosine,11408,0.08831538832289654,0.5
2231,group_reduced_formula,cosine,1571,0.11808289631180324,1.0
2253,group_reduced_formula,cosine,15159,0.08013378899220025,0.96
2258,group_reduced_formula,cosine,4800,0.08831538832289654,1.58
2259,group_reduced_formula,cosine,9212,0.08013378899220025,1.82
2266,group_reduced_formula,cosine,10367,0.08013378899220025,1.88
2276,group_reduced_formula,cosine,2703,0.08831538832289643,1.52
2281,group_reduced_formula,cosine,8661,0.11808289631180324,1.98
2282,group_reduced_formula,cosine,2926,0.08013378899220025,3.26
2284,group_reduced_formula,cosine,7430,0.08831538832289643,1.76
2287,group_reduced_formula,cosine,2301,0.08013378899220025,2.64
2296,group_reduced_formula,cosine,2512,0.08831538832289643,1.36
2297,group_reduced_formula,cosine,9212,0.08013378899220025,1.5
2302,group_reduced_formula,cosine,11596,0.08831538832289654,2.02
2315,group_reduced_formula,cosine,7546,0.08831538832289654,0.82
2326,group_reduced_formula,cosine,263,0.08831538832289643,1.34
2334,group_reduced_formula,cosine,9227,0.08831538832289654,0.38
2340,group_reduced_formula,cosine,9051,0.08013378899220014,2.28
2342,group_reduced_formula,cosine,7710,0.08831538832289654,1.18
2351,group_reduced_formula,cosine,6087,0.08013378899220025,1.4
2383,group_reduced_formula,cosine,2014,0.15484574527148354,1.24
2391,group_reduced_formula,cosine,1089,0.08013378899220014,0.1
2440,group_reduced_formula,cosine,3915,0.08831538832289654,1.26
2451,group_reduced_formula,cosine,10068,0.08831538832289643,2.0
2462,group_reduced_formula,cosine,7007,0.08831538832289643,1.1
2466,group_reduced_formula,cosine,10992,0.08831538832289654,2.14
2471,group_reduced_formula,cosine,11704,0.08831538832289654,0.68
2474,group_reduced_formula,cosine,16291,0.08013378899220025,2.92
2476,group_reduced_formula,cosine,5181,0.08831538832289643,0.82
2481,group_reduced_formula,cosine,15531,0.11808289631180324,1.02
2503,group_reduced_formula,cosine,2783,0.15484574527148354,1.2
2516,group_reduced_formula,cosine,101,0.08013378899220014,1.24
2544,group_reduced_formula,cosine,4299,0.08013378899220025,1.54
2556,group_reduced_formula,cosine,2301,0.08013378899220025,2.68
2557,group_reduced_formula,cosine,3171,0.08013378899220025,1.04
2595,group_reduced_formula,cosine,9667,0.08013378899220025,0.98
2600,group_reduced_formula,cosine,3387,0.08831538832289643,1.56
2617,group_reduced_formula,cosine,3382,0.08831538832289654,2.58
2618,group_reduced_formula,cosine,2306,0.08831538832289654,1.54
2636,group_reduced_formula,cosine,1870,0.15484574527148354,2.18
2643,group_reduced_formula,cosine,2956,0.15484574527148354,2.6
2666,group_reduced_formula,cosine,4412,0.08831538832289643,1.04
2683,group_reduced_formula,cosine,13430,0.08831538832289643,1.42
2687,group_reduced_formula,cosine,12476,0.08831538832289654,1.44
2704,group_reduced_formula,cosine,6557,0.08013378899220025,1.24
2707,group_reduced_formula,cosine,9023,0.08013378899220025,2.76
2710,group_reduced_formula,cosine,353,0.08831538832289654,0.92
2713,group_reduced_formula,cosine,9808,0.15484574527148354,1.66
2721,group_reduced_formula,cosine,3667,0.08831538832289654,1.6
2723,group_reduced_formula,cosine,1688,0.08831538832289643,0.78
2729,group_reduced_formula,cosine,464,0.15484574527148354,2.34
2734,group_reduced_formula,cosine,3743,0.08831538832289643,1.36
2740,group_reduced_formula,cosine,3814,0.08013378899220025,1.16
2741,group_reduced_formula,cosine,2398,0.15484574527148354,0.9
2748,group_reduced_formula,cosine,148,0.08831538832289654,1.6
2773,group_reduced_formula,cosine,347,0.15484574527148354,1.56
2775,group_reduced_formula,cosine,12131,0.08831538832289654,1.84
2792,group_reduced_formula,cosine,10469,0.08013378899220025,2.1
2797,group_reduced_formula,cosine,9385,0.08831538832289643,1.14
2814,group_reduced_formula,cosine,816,0.08831538832289643,1.42
2829,group_reduced_formula,cosine,5077,0.08831538832289643,1.64
2831,group_reduced_formula,cosine,7710,0.08831538832289654,0.88
2835,group_reduced_formula,cosine,549,0.08013378899220025,0.52
2839,group_reduced_formula,cosine,9051,0.08013378899220025,0.92
2841,group_reduced_formula,cosine,4882,0.08831538832289654,1.7
2845,group_reduced_formula,cosine,3583,0.08013378899220014,2.2
2861,group_reduced_formula,cosine,14383,0.08831538832289643,1.2
2884,group_reduced_formula,cosine,13430,0.08831538832289643,3.54
2887,group_reduced_formula,cosine,794,0.08831538832289654,1.94
2897,group_reduced_formula,cosine,12214,0.11808289631180324,1.82
2909,group_reduced_formula,cosine,9188,0.15484574527148354,3.46
2927,group_reduced_formula,cosine,8075,0.08831538832289643,1.14
2933,group_reduced_formula,cosine,4380,0.15484574527148354,1.2
2942,group_reduced_formula,cosine,15159,0.08013378899220025,2.16
2943,group_reduced_formula,cosine,307,0.08831538832289654,1.72
2947,group_reduced_formula,cosine,2424,0.08013378899220025,0.44
2952,group_reduced_formula,cosine,9976,0.08831538832289643,1.1
2953,group_reduced_formula,cosine,13529,0.08831538832289654,1.48
2959,group_reduced_formula,cosine,18541,0.08013378899220014,1.54
2964,group_reduced_formula,cosine,3299,0.08013378899220014,1.68
2968,group_reduced_formula,cosine,650,0.08013378899220025,2.42
2989,group_reduced_formula,cosine,11907,0.08013378899220025,0.92
2996,group_reduced_formula,cosine,11585,0.08831538832289654,0.58
3004,group_reduced_formula,cosine,2234,0.08831538832289643,0.26
3021,group_reduced_formula,cosine,5025,0.11808289631180324,0.38
3022,group_reduced_formula,cosine,4510,0.08013378899220025,1.26
3041,group_reduced_formula,cosine,4570,0.08831538832289643,1.82
3045,group_reduced_formula,cosine,3743,0.08831538832289643,2.86
3054,group_reduced_formula,cosine,1077,0.08831538832289643,0.78
3082,group_reduced_formula,cosine,10367,0.08013378899220025,1.46
3093,group_reduced_formula,cosine,7710,0.08831538832289654,1.1
3128,group_reduced_formula,cosine,3383,0.15484574527148354,1.34
3149,group_reduced_formula,cosine,13781,0.08013378899220025,1.34
3158,group_reduced_formula,cosine,12422,0.08831538832289654,1.52
3164,group_reduced_formula,cosine,2512,0.08831538832289643,0.72
3181,group_reduced_formula,cosine,2760,0.08831538832289654,0.68
3184,group_reduced_formula,cosine,11704,0.08831538832289654,0.92
3195,group_reduced_formula,cosine,14000,0.08831538832289643,0.98
3220,group_reduced_formula,cosine,6689,0.08013378899220025,0.82
3222,group_reduced_formula,cosine,4380,0.15484574527148354,0.84
3223,group_reduced_formula,cosine,2086,0.08831538832289643,2.0
3238,group_reduced_formula,cosine,5670,0.15484574527148354,1.54
3244,group_reduced_formula,cosine,7259,0.08013378899220025,0.78
3252,group_reduced_formula,cosine,9972,0.08013378899220025,1.24
3258,group_reduced_formula,cosine,3662,0.08831538832289654,1.08
3272,group_reduced_formula,cosine,5185,0.08831538832289643,2.32
3275,group_reduced_formula,cosine,8618,0.08831538832289654,1.04
3278,group_reduced_formula,cosine,7891,0.08013378899220025,3.68
3281,group_reduced_formula,cosine,15789,0.08013378899220025,1.8
3298,group_reduced_formula,cosine,10059,0.11808289631180324,0.42
3324,group_reduced_formula,cosine,158,0.08013378899220025,2.18
3331,group_reduced_formula,cosine,6958,0.15484574527148354,2.7
3350,group_reduced_formula,cosine,3299,0.08013378899220014,1.6
3353,group_reduced_formula,cosine,1605,0.11808289631180324,0.34
3373,group_reduced_formula,cosine,8120,0.08831538832289643,0.48
3378,group_reduced_formula,cosine,427,0.08013378899220025,2.84
3381,group_reduced_formula,cosine,2247,0.08013378899220025,1.2
3385,group_reduced_formula,cosine,9305,0.11808289631180324,0.94
3389,group_reduced_formula,cosine,3248,0.08831538832289654,1.28
3391,group_reduced_formula,cosine,473,0.15484574527148354,0.56
3404,group_reduced_formula,cosine,6077,0.08831538832289654,0.76
3413,group_reduced_formula,cosine,13883,0.08831538832289643,0.56
3417,group_reduced_formula,cosine,2141,0.08831538832289654,1.02
3418,group_reduced_formula,cosine,13912,0.08831538832289654,0.86
3429,group_reduced_formula,cosine,101,0.08013378899220025,1.7
3442,group_reduced_formula,cosine,16356,0.11808289631180324,0.94
3451,group_reduced_formula,cosine,3080,0.15484574527148354,1.34
3454,group_reduced_formula,cosine,8849,0.08831538832289643,0.98
3461,group_reduced_formula,cosine,12811,0.08831538832289654,2.12
3490,group_reduced_formula,cosine,7460,0.08013378899220025,0.48
3491,group_reduced_formula,cosine,7030,0.15484574527148354,1.74
3492,group_reduced_formula,cosine,16721,0.08013378899220014,0.6
3493,group_reduced_formula,cosine,2247,0.08013378899220025,0.78
3502,group_reduced_formula,cosine,3865,0.08013378899220025,1.6
3504,group_reduced_formula,cosine,7507,0.08013378899220025,1.94
3522,group_reduced_formula,cosine,3583,0.08013378899220014,3.58
3530,group_reduced_formula,cosine,2859,0.08831538832289643,2.78
3541,group_reduced_formula,cosine,9023,0.08013378899220025,2.28
3558,group_reduced_formula,cosine,4412,0.08831538832289643,0.78
3562,group_reduced_formula,cosine,5848,0.08831538832289654,1.38
3569,group_reduced_formula,cosine,15666,0.08831538832289643,1.42
3580,group_reduced_formula,cosine,4299,0.08013378899220025,1.74
3581,group_reduced_formula,cosine,2686,0.15484574527148354,0.94
3592,group_reduced_formula,cosine,10117,0.08013378899220025,1.46
3614,group_reduced_formula,cosine,3853,0.08831538832289643,1.0
3642,group_reduced_formula,cosine,6777,0.08831538832289654,0.96
3679,group_reduced_formula,cosine,12805,0.08831538832289654,1.9
3681,group_reduced_formula,cosine,3518,0.08831538832289643,1.34
3690,group_reduced_formula,cosine,574,0.15484574527148354,1.58
3701,group_reduced_formula,cosine,4126,0.08831538832289643,1.18
3712,group_reduced_formula,cosine,2941,0.08013378899220025,2.7
3714,group_reduced_formula,cosine,8412,0.08013378899220025,3.48
3738,group_reduced_formula,cosine,4011,0.15484574527148354,1.54
3747,group_reduced_formula,cosine,6357,0.11808289631180324,1.4
3749,group_reduced_formula,cosine,6946,0.08831538832289643,1.12
3750,group_reduced_formula,cosine,9383,0.08831538832289643,2.88
3759,group_reduced_formula,cosine,1914,0.08831538832289643,3.22
3771,group_reduced_formula,cosine,9051,0.08013378899220025,1.06
3778,group_reduced_formula,cosine,15159,0.08013378899220025,1.72
3781,group_reduced_formula,cosine,4480,0.08831538832289643,1.28
3784,group_reduced_formula,cosine,3878,0.15484574527148354,0.96
3795,group_reduced_formula,cosine,10469,0.08013378899220014,1.06
3799,group_reduced_formula,cosine,7988,0.08831538832289643,0.92
3820,group_reduced_formula,cosine,7089,0.08013378899220025,1.2
3830,group_reduced_formula,cosine,12595,0.08831538832289643,1.0
3843,group_reduced_formula,cosine,2939,0.08013378899220025,1.96
3845,group_reduced_formula,cosine,4882,0.08831538832289654,0.98
3862,group_reduced_formula,cosine,3902,0.08013378899220025,1.88
3885,group_reduced_formula,cosine,9808,0.15484574527148354,1.8
3894,group_reduced_formula,cosine,16309,0.08831538832289643,0.4
3895,group_reduced_formula,cosine,224,0.15484574527148354,2.42
3903,group_reduced_formula,cosine,7541,0.08013378899220025,1.86
3912,group_reduced_formula,cosine,13579,0.15484574527148354,1.34
3913,group_reduced_formula,cosine,3677,0.15484574527148354,3.3
3949,group_reduced_formula,cosine,6064,0.08831538832289654,0.9
3961,group_reduced_formula,cosine,5978,0.08013378899220025,-0.1
4014,group_reduced_formula,cosine,3715,0.15484574527148354,1.5
4016,group_reduced_formula,cosine,1619,0.15484574527148354,1.54
4020,group_reduced_formula,cosine,11081,0.08013378899220025,1.42
4032,group_reduced_formula,cosine,2944,0.08831538832289643,2.3
4059,group_reduced_formula,cosine,4480,0.08831538832289643,2.62
4078,group_reduced_formula,cosine,2941,0.08013378899220025,3.72
4084,group_reduced_formula,cosine,8411,0.08013378899220025,0.36
4113,group_reduced_formula,cosine,12024,0.08013378899220025,1.0
4122,group_reduced_formula,cosine,10767,0.08831538832289654,2.68
4125,group_reduced_formula,cosine,8411,0.08013378899220025,0.3
4128,group_reduced_formula,cosine,2133,0.08831538832289643,1.46
4134,group_reduced_formula,cosine,4097,0.08831538832289654,1.74
4138,group_reduced_formula,cosine,1766,0.08831538832289654,1.8
4144,group_reduced_formula,cosine,3108,0.08831538832289654,0.98
4151,group_reduced_formula,cosine,2247,0.07549967295795157,0.78
4159,group_reduced_formula,cosine,9972,0.08013378899220025,-0.32
4163,group_reduced_formula,cosine,2038,0.08831538832289654,1.2
4175,group_reduced_formula,cosine,3439,0.07549967295795157,1.82
4192,group_reduced_formula,cosine,3604,0.08831538832289654,0.42
4194,group_reduced_formula,cosine,16035,0.08831538832289654,2.86
4231,group_reduced_formula,cosine,6963,0.11808289631180324,1.2
4232,group_reduced_formula,cosine,2188,0.08831538832289654,0.56
4233,group_reduced_formula,cosine,10897,0.11808289631180324,1.0
4235,group_reduced_formula,cosine,1708,0.15484574527148354,2.8
4236,group_reduced_formula,cosine,8844,0.08831538832289654,1.58
4244,group_reduced_formula,cosine,10897,0.11808289631180324,0.24
4246,group_reduced_formula,cosine,2345,0.15484574527148354,1.34
4248,group_reduced_formula,cosine,11720,0.08013378899220025,0.92
4257,group_reduced_formula,cosine,16721,0.08013378899220014,1.34
4258,group_reduced_formula,cosine,17596,0.07549967295795157,1.08
4307,group_reduced_formula,cosine,6777,0.08831538832289654,1.98
4312,group_reduced_formula,cosine,10705,0.08831538832289643,1.52
4317,group_reduced_formula,cosine,158,0.08013378899220025,1.82
4343,group_reduced_formula,cosine,14009,0.08013378899220025,1.42
4355,group_reduced_formula,cosine,6689,0.08013378899220025,1.88
4358,group_reduced_formula,cosine,7259,0.08013378899220025,0.66
4365,group_reduced_formula,cosine,4693,0.15484574527148354,1.5
4366,group_reduced_formula,cosine,3289,0.08831538832289643,0.86
4367,group_reduced_formula,cosine,3801,0.15484574527148365,0.76
4368,group_reduced_formula,cosine,14238,0.08831538832289643,2.72
4385,group_reduced_formula,cosine,4604,0.08831538832289654,1.14
4386,group_reduced_formula,cosine,971,0.11808289631180324,2.98
4389,group_reduced_formula,cosine,7891,0.08013378899220025,1.74
4398,group_reduced_formula,cosine,1760,0.11808289631180324,2.88
4401,group_reduced_formula,cosine,6952,0.08831538832289643,1.0
4418,group_reduced_formula,cosine,10042,0.08831538832289643,0.62
4422,group_reduced_formula,cosine,4761,0.15484574527148354,2.32
4487,group_reduced_formula,cosine,2424,0.08013378899220025,0.66
4490,group_reduced_formula,cosine,6557,0.08013378899220025,1.5
4500,group_reduced_formula,cosine,6380,0.08831538832289643,1.58
4502,group_reduced_formula,cosine,4225,0.15484574527148354,2.4
4512,group_reduced_formula,cosine,8414,0.08831538832289643,1.34
4522,group_reduced_formula,cosine,5299,0.08831538832289643,1.38
4534,group_reduced_formula,cosine,13579,0.15484574527148354,1.2
4539,group_reduced_formula,cosine,11856,0.15484574527148354,1.12
4545,group_reduced_formula,cosine,115,0.08831538832289643,0.8
4556,group_reduced_formula,cosine,4193,0.15484574527148354,0.9
4558,group_reduced_formula,cosine,4380,0.15484574527148354,1.16
4576,group_reduced_formula,cosine,8248,0.08013378899220025,1.84
4583,group_reduced_formula,cosine,10458,0.11808289631180324,0.8
4594,group_reduced_formula,cosine,9408,0.08831538832289643,0.36
4599,group_reduced_formula,cosine,657,0.11808289631180324,1.68
4641,group_reduced_formula,cosine,6015,0.08831538832289654,0.82
4674,group_reduced_formula,cosine,14307,0.08831538832289643,0.94
4687,group_reduced_formula,cosine,2219,0.08831538832289643,0.96
4702,group_reduced_formula,cosine,5521,0.08831538832289654,1.12
4717,group_reduced_formula,cosine,4286,0.08831538832289654,1.72
4725,group_reduced_formula,cosine,2424,0.08013378899220025,1.54
4749,group_reduced_formula,cosine,7643,0.08831538832289654,1.44
4753,group_reduced_formula,cosine,2673,0.08831538832289643,1.2
4757,group_reduced_formula,cosine,1863,0.15484574527148354,0.86
4760,group_reduced_formula,cosine,119,0.14285714285714302,0.42
4767,group_reduced_formula,cosine,1022,0.15484574527148354,1.8
4781,group_reduced_formula,cosine,549,0.08013378899220025,0.86
4786,group_reduced_formula,cosine,7640,0.08831538832289643,0.14
4788,group_reduced_formula,cosine,7968,0.08831538832289654,1.64
4794,group_reduced_formula,cosine,18098,0.11808289631180324,3.18
4839,group_reduced_formula,cosine,8606,0.08013378899220025,1.8
4853,group_reduced_formula,cosine,10927,0.08831538832289643,0.2
4881,group_reduced_formula,cosine,3583,0.08013378899220025,0.44
4886,group_reduced_formula,cosine,5431,0.08013378899220025,0.68
4903,group_reduced_formula,cosine,1863,0.15484574527148354,1.58
4904,group_reduced_formula,cosine,11907,0.08013378899220025,2.12
4905,group_reduced_formula,cosine,6689,0.08013378899220025,0.04
4910,group_reduced_formula,cosine,6557,0.08013378899220025,0.64
4913,group_reduced_formula,cosine,4589,0.08831538832289654,2.0
4922,group_reduced_formula,cosine,4314,0.08831538832289654,1.56
4927,group_reduced_formula,cosine,650,0.08013378899220025,2.88
4937,group_reduced_formula,cosine,8089,0.08831538832289654,1.7
4951,group_reduced_formula,cosine,11869,0.08831538832289643,1.72
4957,group_reduced_formula,cosine,10341,0.08831538832289654,1.72
4965,group_reduced_formula,cosine,15789,0.08013378899220025,1.22
4978,group_reduced_formula,cosine,9609,0.08013378899220025,1.82
4985,group_reduced_formula,cosine,1149,0.08013378899220025,1.92
5006,group_reduced_formula,cosine,9023,0.08013378899220014,2.48
5024,group_reduced_formula,cosine,2301,0.08013378899220025,3.56
5032,group_reduced_formula,cosine,371,0.08831538832289643,2.68
5035,group_reduced_formula,cosine,5345,0.15484574527148354,1.18
5039,group_reduced_formula,cosine,4526,0.11808289631180324,1.62
5041,group_reduced_formula,cosine,8089,0.08831538832289654,1.8
5044,group_reduced_formula,cosine,13781,0.08013378899220025,1.08
5047,group_reduced_formula,cosine,3388,0.08831538832289643,0.78
5051,group_reduced_formula,cosine,4065,0.08831538832289654,1.88
5059,group_reduced_formula,cosine,4510,0.08013378899220025,0.94
5061,group_reduced_formula,cosine,16291,0.08013378899220025,0.76
5076,group_reduced_formula,cosine,10188,0.08831538832289643,0.7
5078,group_reduced_formula,cosine,1108,0.08831538832289643,0.82
5082,group_reduced_formula,cosine,8579,0.08831538832289654,2.1
5084,group_reduced_formula,cosine,427,0.08013378899220025,1.78
5086,group_reduced_formula,cosine,11537,0.11808289631180324,0.72
5103,group_reduced_formula,cosine,13781,0.08013378899220025,2.5
5110,group_reduced_formula,cosine,12024,0.08013378899220025,0.94
5116,group_reduced_formula,cosine,15677,0.08831538832289654,0.16
5122,group_reduced_formula,cosine,4822,0.15484574527148354,0.74
5133,group_reduced_formula,cosine,11217,0.08831538832289643,3.42
5137,group_reduced_formula,cosine,14009,0.08013378899220025,-0.16
5144,group_reduced_formula,cosine,14789,0.11808289631180324,0.54
5152,group_reduced_formula,cosine,8061,0.11808289631180324,2.76
5157,group_reduced_formula,cosine,14839,0.11808289631180324,1.86
5166,group_reduced_formula,cosine,2236,0.11808289631180324,0.96
5168,group_reduced_formula,cosine,4728,0.08831538832289654,1.14
5175,group_reduced_formula,cosine,2424,0.08013378899220025,1.96
5192,group_reduced_formula,cosine,10705,0.08831538832289643,1.32
5195,group_reduced_formula,cosine,4888,0.15484574527148354,1.76
5201,group_reduced_formula,cosine,7430,0.08831538832289643,0.62
5211,group_reduced_formula,cosine,829,0.08831538832289643,1.3
5230,group_reduced_formula,cosine,2944,0.08831538832289643,1.06
5232,group_reduced_formula,cosine,18021,0.11808289631180324,1.36
5233,group_reduced_formula,cosine,4178,0.08831538832289654,0.96
5239,group_reduced_formula,cosine,4441,0.08831538832289643,1.92
5243,group_reduced_formula,cosine,15789,0.08013378899220025,1.24
5244,group_reduced_formula,cosine,5333,0.08831538832289643,1.36
5257,group_reduced_formula,cosine,10458,0.11808289631180324,2.24
5273,group_reduced_formula,cosine,4822,0.15484574527148354,1.66
5281,group_reduced_formula,cosine,7580,0.08831538832289643,1.9
5286,group_reduced_formula,cosine,9051,0.08013378899220014,1.14
5289,group_reduced_formula,cosine,12839,0.08013378899220014,2.08
5294,group_reduced_formula,cosine,1230,0.15484574527148354,0.52
5298,group_reduced_formula,cosine,9051,0.08013378899220025,1.5
5308,group_reduced_formula,cosine,4060,0.11808289631180324,1.98
5321,group_reduced_formula,cosine,10367,0.08013378899220025,1.02
5326,group_reduced_formula,cosine,3878,0.15484574527148354,1.2
5341,group_reduced_formula,cosine,8924,0.08831538832289643,0.9
5350,group_reduced_formula,cosine,17782,0.11808289631180324,0.42
5364,group_reduced_formula,cosine,5373,0.08831538832289643,3.34
5384,group_reduced_formula,cosine,11489,0.07549967295795157,1.52
5412,group_reduced_formula,cosine,1108,0.08831538832289643,0.72
5430,group_reduced_formula,cosine,3878,0.15484574527148354,1.44
5446,group_reduced_formula,cosine,97,0.08831538832289643,1.32
5448,group_reduced_formula,cosine,6179,0.08831538832289643,0.74
5454,group_reduced_formula,cosine,3237,0.08831538832289654,2.28
5456,group_reduced_formula,cosine,6938,0.11808289631180324,1.26
5496,group_reduced_formula,cosine,5447,0.08831538832289654,0.5
5507,group_reduced_formula,cosine,11206,0.08831538832289654,1.82
5517,group_reduced_formula,cosine,16721,0.08013378899220014,1.18
5518,group_reduced_formula,cosine,6015,0.08831538832289654,3.3
5545,group_reduced_formula,cosine,3583,0.08013378899220025,0.84
5548,group_reduced_formula,cosine,2939,0.08013378899220025,2.1
5557,group_reduced_formula,cosine,14039,0.08831538832289643,0.9
5587,group_reduced_formula,cosine,8248,0.08013378899220025,2.66
5598,group_reduced_formula,cosine,8606,0.08013378899220025,3.92
5600,group_reduced_formula,cosine,17553,0.08013378899220025,2.38
5606,group_reduced_formula,cosine,4380,0.15484574527148354,1.66
5608,group_reduced_formula,cosine,5949,0.15484574527148354,2.1
5615,group_reduced_formula,cosine,14279,0.08831538832289654,1.02
5632,group_reduced_formula,cosine,790,0.11808289631180324,1.96
5638,group_reduced_formula,cosine,2810,0.08831538832289643,1.82
5652,group_reduced_formula,cosine,7422,0.08831538832289654,1.3
5653,group_reduced_formula,cosine,18865,0.11808289631180324,1.8
5677,group_reduced_formula,cosine,3388,0.08831538832289643,1.38
5691,group_reduced_formula,cosine,5067,0.08831538832289643,0.94
5693,group_reduced_formula,cosine,10927,0.08831538832289643,0.42
5695,group_reduced_formula,cosine,1567,0.11808289631180324,0.32
5717,group_reduced_formula,cosine,1526,0.08831538832289654,0.8
5720,group_reduced_formula,cosine,15789,0.08013378899220025,1.86
5724,group_reduced_formula,cosine,12839,0.08013378899220014,1.28
5728,group_reduced_formula,cosine,5402,0.11808289631180324,1.08
5738,group_reduced_formula,cosine,9667,0.08013378899220025,0.34
5757,group_reduced_formula,cosine,1755,0.15484574527148354,1.38
5760,group_reduced_formula,cosine,6087,0.08013378899220025,1.98
5773,group_reduced_formula,cosine,3080,0.15484574527148354,1.9
5788,group_reduced_formula,cosine,2926,0.08013378899220025,1.86
5792,group_reduced_formula,cosine,5879,0.08831538832289654,1.88
5813,group_reduced_formula,cosine,8411,0.08013378899220025,1.4
5867,group_reduced_formula,cosine,821,0.15484574527148354,1.88
5868,group_reduced_formula,cosine,11448,0.08013378899220025,2.3
5881,group_reduced_formula,cosine,11448,0.08013378899220025,1.32
5887,group_reduced_formula,cosine,427,0.08013378899220025,1.88
5895,group_reduced_formula,cosine,11574,0.08013378899220025,0.96
5904,group_reduced_formula,cosine,7693,0.08831538832289654,2.34
5910,group_reduced_formula,cosine,4510,0.08013378899220025,0.3
5913,group_reduced_formula,cosine,7634,0.08831538832289643,1.16
5915,group_reduced_formula,cosine,7153,0.08831538832289654,0.64
5944,group_reduced_formula,cosine,15789,0.08013378899220025,1.8
5947,group_reduced_formula,cosine,8787,0.08013378899220025,0.62
5957,group_reduced_formula,cosine,2686,0.15484574527148354,1.92
5973,group_reduced_formula,cosine,6334,0.15484574527148354,1.44
5977,group_reduced_formula,cosine,1626,0.15484574527148354,0.72
5988,group_reduced_formula,cosine,549,0.08013378899220025,1.1
5991,group_reduced_formula,cosine,2540,0.08831538832289654,1.16
5995,group_reduced_formula,cosine,4060,0.11808289631180324,1.52
6002,group_reduced_formula,cosine,549,0.08013378899220025,0.68
6006,group_reduced_formula,cosine,2823,0.08831538832289654,1.14
6014,group_reduced_formula,cosine,7609,0.11808289631180324,0.98
6023,group_reduced_formula,cosine,6939,0.08831538832289654,1.18
6062,group_reduced_formula,cosine,2941,0.08013378899220025,1.96
6063,group_reduced_formula,cosine,12401,0.08013378899220025,1.32
6088,group_reduced_formula,cosine,10029,0.08831538832289643,2.24
6090,group_reduced_formula,cosine,2210,0.08831538832289654,1.14
6095,group_reduced_formula,cosine,14219,0.08831538832289654,1.06
6097,group_reduced_formula,cosine,6347,0.15484574527148354,0.76
6105,group_reduced_formula,cosine,1296,0.08831538832289643,1.6
6112,group_reduced_formula,cosine,9023,0.08013378899220014,4.86
6115,group_reduced_formula,cosine,7891,0.08013378899220025,2.04
6120,group_reduced_formula,cosine,12214,0.11808289631180324,1.02
6131,group_reduced_formula,cosine,10117,0.08013378899220025,0.48
6132,group_reduced_formula,cosine,9223,0.08831538832289654,1.46
6135,group_reduced_formula,cosine,2222,0.15484574527148354,1.48
6142,group_reduced_formula,cosine,4660,0.08831538832289654,0.68
6164,group_reduced_formula,cosine,6517,0.08831538832289654,1.12
6171,group_reduced_formula,cosine,3596,0.08831538832289643,1.38
6175,group_reduced_formula,cosine,16721,0.08013378899220014,1.78
6183,group_reduced_formula,cosine,221,0.15484574527148354,1.66
6197,group_reduced_formula,cosine,5447,0.08831538832289654,0.88
6203,group_reduced_formula,cosine,549,0.08013378899220025,0.98
6205,group_reduced_formula,cosine,6560,0.15484574527148354,1.0
6221,group_reduced_formula,cosine,1830,0.08831538832289643,0.32
6235,group_reduced_formula,cosine,8718,0.08831538832289654,1.1
6238,group_reduced_formula,cosine,1149,0.08013378899220025,1.62
6255,group_reduced_formula,cosine,4625,0.08831538832289654,0.98
6289,group_reduced_formula,cosine,2424,0.08013378899220025,1.56
6322,group_reduced_formula,cosine,2956,0.15484574527148354,0.38
6331,group_reduced_formula,cosine,4193,0.15484574527148354,0.88
6345,group_reduced_formula,cosine,5333,0.08831538832289643,0.6
6350,group_reduced_formula,cosine,9539,0.08831538832289643,1.76
6369,group_reduced_formula,cosine,7546,0.08831538832289654,0.48
6385,group_reduced_formula,cosine,4453,0.08831538832289654,0.9
6388,group_reduced_formula,cosine,3947,0.08831538832289643,1.62
6399,group_reduced_formula,cosine,4449,0.08831538832289643,1.0
6439,group_reduced_formula,cosine,3915,0.08831538832289654,1.7
6440,group_reduced_formula,cosine,15147,0.15484574527148354,1.5
6445,group_reduced_formula,cosine,5975,0.11808289631180324,1.32
6455,group_reduced_formula,cosine,171,0.08831538832289643,1.0
6465,group_reduced_formula,cosine,8411,0.08013378899220025,1.56
6472,group_reduced_formula,cosine,8323,0.08831538832289643,0.62
6476,group_reduced_formula,cosine,3024,0.08831538832289643,1.72
6483,group_reduced_formula,cosine,75,0.08831538832289654,1.58
6487,group_reduced_formula,cosine,9727,0.11808289631180324,1.82
6492,group_reduced_formula,cosine,1097,0.11808289631180324,0.86
6494,group_reduced_formula,cosine,14506,0.08831538832289654,1.14
6499,group_reduced_formula,cosine,6689,0.08013378899220025,0.86
6500,group_reduced_formula,cosine,4733,0.08831538832289654,1.22
6501,group_reduced_formula,cosine,549,0.08013378899220025,1.32
6524,group_reduced_formula,cosine,8645,0.08831538832289643,1.56
6530,group_reduced_formula,cosine,2686,0.15484574527148354,0.5
6544,group_reduced_formula,cosine,12438,0.08831538832289654,2.26
6545,group_reduced_formula,cosine,2382,0.08831538832289654,2.8
6553,group_reduced_formula,cosine,4828,0.08831538832289643,1.44
6584,group_reduced_formula,cosine,3650,0.08831538832289643,2.84
6601,group_reduced_formula,cosine,2717,0.08831538832289654,0.86
6609,group_reduced_formula,cosine,6846,0.15484574527148354,1.1
6613,group_reduced_formula,cosine,3662,0.08831538832289654,2.9
6644,group_reduced_formula,cosine,4604,0.08831538832289654,1.14
6645,group_reduced_formula,cosine,6288,0.08013378899220025,0.6
6647,group_reduced_formula,cosine,3108,0.08831538832289654,1.48
6654,group_reduced_formula,cosine,9047,0.08831538832289654,3.32
6655,group_reduced_formula,cosine,8696,0.08831538832289654,0.66
6660,group_reduced_formula,cosine,14383,0.08831538832289643,0.54
6690,group_reduced_formula,cosine,6557,0.08013378899220025,1.24
6692,group_reduced_formula,cosine,10176,0.11808289631180324,0.94
6695,group_reduced_formula,cosine,7027,0.15484574527148354,1.18
6710,group_reduced_formula,cosine,101,0.08013378899220025,1.34
6713,group_reduced_formula,cosine,16309,0.08831538832289643,3.08
6725,group_reduced_formula,cosine,6139,0.08831538832289654,2.56
6726,group_reduced_formula,cosine,6990,0.15484574527148354,1.04
6740,group_reduced_formula,cosine,11907,0.08013378899220025,0.96
6755,group_reduced_formula,cosine,16629,0.08831538832289643,0.72
6758,group_reduced_formula,cosine,4060,0.11808289631180324,1.48
6783,group_reduced_formula,cosine,10378,0.08831538832289654,1.16
6796,group_reduced_formula,cosine,13147,0.08831538832289643,0.88
6812,group_reduced_formula,cosine,6364,0.08831538832289643,1.04
6817,group_reduced_formula,cosine,14506,0.08831538832289654,1.32
6822,group_reduced_formula,cosine,7046,0.15484574527148354,1.7
6836,group_reduced_formula,cosine,5511,0.08831538832289643,0.36
6839,group_reduced_formula,cosine,11907,0.08013378899220025,0.78
6845,group_reduced_formula,cosine,3865,0.08013378899220025,2.48
6848,group_reduced_formula,cosine,2424,0.08013378899220025,-0.14
6854,group_reduced_formula,cosine,10341,0.08831538832289654,2.4
6870,group_reduced_formula,cosine,6064,0.08831538832289654,0.84
6875,group_reduced_formula,cosine,3865,0.07549967295795157,1.74
6881,group_reduced_formula,cosine,9758,0.08831538832289654,3.28
6887,group_reduced_formula,cosine,7367,0.08831538832289654,0.88
6893,group_reduced_formula,cosine,8821,0.08831538832289654,0.66
6914,group_reduced_formula,cosine,17106,0.08831538832289654,2.58
6917,group_reduced_formula,cosine,101,0.08013378899220025,2.0
6934,group_reduced_formula,cosine,1177,0.15484574527148354,1.1
6961,group_reduced_formula,cosine,10260,0.08831538832289654,-0.14
6970,group_reduced_formula,cosine,13968,0.08831538832289643,1.76
6987,group_reduced_formula,cosine,115,0.08831538832289643,1.22
7012,group_reduced_formula,cosine,1077,0.08831538832289643,1.72
7015,group_reduced_formula,cosine,3171,0.08013378899220014,0.2
7038,group_reduced_formula,cosine,464,0.15484574527148354,1.3
7043,group_reduced_formula,cosine,16356,0.11808289631180324,0.94
7050,group_reduced_formula,cosine,1097,0.07549967295795157,1.48
7059,group_reduced_formula,cosine,17366,0.08013378899220025,1.84
7082,group_reduced_formula,cosine,2424,0.08013378899220025,0.66
7138,group_reduced_formula,cosine,1396,0.08831538832289643,1.74
7155,group_reduced_formula,cosine,11081,0.08013378899220025,2.4
7161,group_reduced_formula,cosine,7259,0.08013378899220025,2.06
7171,group_reduced_formula,cosine,4510,0.08013378899220025,0.64
7180,group_reduced_formula,cosine,1594,0.08831538832289643,1.48
7181,group_reduced_formula,cosine,11110,0.08831538832289654,1.36
7182,group_reduced_formula,cosine,1149,0.08013378899220025,2.38
7183,group_reduced_formula,cosine,11110,0.08831538832289654,0.58
7194,group_reduced_formula,cosine,15789,0.08013378899220025,1.44
7203,group_reduced_formula,cosine,12811,0.08831538832289654,1.48
7204,group_reduced_formula,cosine,14778,0.08831538832289654,1.36
7213,group_reduced_formula,cosine,2941,0.08013378899220025,0.76
7217,group_reduced_formula,cosine,9051,0.08013378899220025,0.4
7218,group_reduced_formula,cosine,5299,0.08831538832289643,0.78
7223,group_reduced_formula,cosine,5226,0.15484574527148354,0.96
7229,group_reduced_formula,cosine,10094,0.08831538832289654,0.7
7240,group_reduced_formula,cosine,5296,0.15484574527148354,0.64
7261,group_reduced_formula,cosine,9212,0.08013378899220014,1.62
7264,group_reduced_formula,cosine,13781,0.08013378899220025,1.7
7275,group_reduced_formula,cosine,12442,0.08831538832289643,1.5
7279,group_reduced_formula,cosine,2670,0.08831538832289654,1.02
7280,group_reduced_formula,cosine,7612,0.15484574527148354,0.84
7299,group_reduced_formula,cosine,119,0.14285714285714302,2.68
7302,group_reduced_formula,cosine,2504,0.08831538832289643,1.98
7317,group_reduced_formula,cosine,7968,0.08831538832289654,1.44
7324,group_reduced_formula,cosine,15147,0.15484574527148354,0.54
7339,group_reduced_formula,cosine,10767,0.08831538832289654,1.52
7350,group_reduced_formula,cosine,3152,0.08831538832289654,2.06
7364,group_reduced_formula,cosine,549,0.08013378899220025,0.18
7373,group_reduced_formula,cosine,2941,0.08013378899220025,3.24
7384,group_reduced_formula,cosine,7609,0.11808289631180324,1.66
7386,group_reduced_formula,cosine,9667,0.08013378899220025,0.3
7403,group_reduced_formula,cosine,1863,0.15484574527148354,0.98
7414,group_reduced_formula,cosine,101,0.08013378899220025,1.9
7420,group_reduced_formula,cosine,3299,0.08013378899220025,1.74
7424,group_reduced_formula,cosine,4657,0.08831538832289654,0.1
7433,group_reduced_formula,cosine,7910,0.11808289631180324,3.6
7434,group_reduced_formula,cosine,273,0.08831538832289654,1.22
7439,group_reduced_formula,cosine,464,0.15484574527148354,1.04
7442,group_reduced_formula,cosine,103,0.08831538832289643,1.68
7448,group_reduced_formula,cosine,7259,0.08013378899220025,1.66
7456,group_reduced_formula,cosine,3878,0.15484574527148354,1.86
7459,group_reduced_formula,cosine,52,0.08831538832289654,0.56
7474,group_reduced_formula,cosine,13796,0.08831538832289654,1.1
7479,group_reduced_formula,cosine,10530,0.08831538832289643,0.18
7486,group_reduced_formula,cosine,6781,0.11808289631180324,1.04
7509,group_reduced_formula,cosine,15188,0.08831538832289654,1.08
7510,group_reduced_formula,cosine,8120,0.08831538832289643,2.74
7520,group_reduced_formula,cosine,7541,0.08013378899220025,2.36
7523,group_reduced_formula,cosine,6523,0.08831538832289643,1.74
7529,group_reduced_formula,cosine,11206,0.08831538832289654,2.02
7534,group_reduced_formula,cosine,6990,0.15484574527148354,1.98
7542,group_reduced_formula,cosine,10370,0.08831538832289654,1.04
7545,group_reduced_formula,cosine,4526,0.11808289631180324,1.4
7547,group_reduced_formula,cosine,75,0.08831538832289654,1.52
7570,group_reduced_formula,cosine,6517,0.08831538832289654,0.34
7571,group_reduced_formula,cosine,6357,0.11808289631180324,1.44
7575,group_reduced_formula,cosine,9212,0.08013378899220014,1.78
7586,group_reduced_formula,cosine,6689,0.08013378899220025,1.4
7589,group_reduced_formula,cosine,14603,0.08831538832289654,1.28
7591,group_reduced_formula,cosine,13554,0.08831538832289643,1.54
7605,group_reduced_formula,cosine,2301,0.08013378899220025,2.82
7619,group_reduced_formula,cosine,101,0.08013378899220014,2.9
7632,group_reduced_formula,cosine,1536,0.08831538832289643,1.36
7639,group_reduced_formula,cosine,16804,0.08831538832289654,0.64
7653,group_reduced_formula,cosine,3583,0.08013378899220025,2.7
7659,group_reduced_formula,cosine,1060,0.08831538832289654,1.38
7666,group_reduced_formula,cosine,2668,0.11808289631180324,1.14
7673,group_reduced_formula,cosine,17820,0.08013378899220014,2.14
7680,group_reduced_formula,cosine,2188,0.08831538832289654,0.98
7686,group_reduced_formula,cosine,1495,0.15484574527148354,1.24
7687,group_reduced_formula,cosine,854,0.15484574527148354,1.64
7694,group_reduced_formula,cosine,13218,0.08831538832289643,2.56
7696,group_reduced_formula,cosine,8066,0.08831538832289654,0.86
7708,group_reduced_formula,cosine,1089,0.08013378899220014,2.58
7723,group_reduced_formula,cosine,13252,0.08831538832289643,1.0
7732,group_reduced_formula,cosine,8645,0.08831538832289643,0.68
7739,group_reduced_formula,cosine,4299,0.08013378899220025,0.84
7742,group_reduced_formula,cosine,13781,0.08013378899220025,1.26
7748,group_reduced_formula,cosine,7259,0.08013378899220025,2.58
7753,group_reduced_formula,cosine,13781,0.08013378899220025,2.08
7791,group_reduced_formula,cosine,427,0.08013378899220025,1.58
7813,group_reduced_formula,cosine,12131,0.08831538832289654,1.82
7836,group_reduced_formula,cosine,2625,0.08831538832289643,1.18
7850,group_reduced_formula,cosine,12024,0.08013378899220025,1.72
7856,group_reduced_formula,cosine,1537,0.08831538832289654,0.86
7883,group_reduced_formula,cosine,1307,0.15484574527148354,1.04
7887,group_reduced_formula,cosine,2149,0.08831538832289654,3.46
7892,group_reduced_formula,cosine,5544,0.08831538832289654,1.44
7894,group_reduced_formula,cosine,3327,0.08831538832289654,2.84
7899,group_reduced_formula,cosine,7891,0.08013378899220025,1.0
7914,group_reduced_formula,cosine,678,0.15484574527148354,1.8
7928,group_reduced_formula,cosine,2283,0.08831538832289643,0.84
7930,group_reduced_formula,cosine,13883,0.08831538832289643,0.5
7952,group_reduced_formula,cosine,3521,0.11808289631180324,2.28
7962,group_reduced_formula,cosine,816,0.08831538832289643,1.0
7963,group_reduced_formula,cosine,1863,0.15484574527148354,1.24
7969,group_reduced_formula,cosine,17366,0.08013378899220025,1.14
7972,group_reduced_formula,cosine,427,0.08013378899220025,1.52
7987,group_reduced_formula,cosine,313,0.08831538832289654,1.38
8004,group_reduced_formula,cosine,6846,0.15484574527148354,2.64
8035,group_reduced_formula,cosine,16721,0.08013378899220025,1.54
8040,group_reduced_formula,cosine,4570,0.08831538832289643,2.12
8042,group_reduced_formula,cosine,2686,0.15484574527148354,1.54
8047,group_reduced_formula,cosine,12400,0.08831538832289654,1.02
8055,group_reduced_formula,cosine,5304,0.08831538832289643,1.36
8059,group_reduced_formula,cosine,362,0.08831538832289654,1.92
8092,group_reduced_formula,cosine,307,0.08831538832289654,1.34
8104,group_reduced_formula,cosine,3814,0.08013378899220014,1.06
8105,group_reduced_formula,cosine,13144,0.08831538832289654,1.24
8106,group_reduced_formula,cosine,2398,0.15484574527148354,1.62
8125,group_reduced_formula,cosine,1031,0.08831538832289643,2.46
8127,group_reduced_formula,cosine,1588,0.08831538832289643,1.8
8130,group_reduced_formula,cosine,10028,0.08831538832289654,2.24
8151,group_reduced_formula,cosine,18021,0.11808289631180324,0.84
8159,group_reduced_formula,cosine,1594,0.08831538832289643,1.46
8166,group_reduced_formula,cosine,6113,0.08831538832289643,1.1
8170,group_reduced_formula,cosine,603,0.15484574527148354,1.0
8175,group_reduced_formula,cosine,7451,0.08831538832289643,0.48
8190,group_reduced_formula,cosine,1087,0.15484574527148354,1.5
8194,group_reduced_formula,cosine,3364,0.15484574527148354,1.56
8203,group_reduced_formula,cosine,5058,0.11808289631180324,0.94
8205,group_reduced_formula,cosine,5960,0.15484574527148354,3.4
8264,group_reduced_formula,cosine,6334,0.15484574527148354,1.36
8272,group_reduced_formula,cosine,5077,0.08831538832289643,2.0
8274,group_reduced_formula,cosine,13252,0.08831538832289643,1.14
8276,group_reduced_formula,cosine,4439,0.15484574527148354,0.86
8277,group_reduced_formula,cosine,17596,0.11111111111111116,0.82
8298,group_reduced_formula,cosine,971,0.11808289631180324,1.62
8303,group_reduced_formula,cosine,7891,0.08013378899220025,2.88
8312,group_reduced_formula,cosine,7580,0.08831538832289643,0.5
8315,group_reduced_formula,cosine,2668,0.11808289631180324,1.86
8330,group_reduced_formula,cosine,16066,0.08831538832289654,1.54
8345,group_reduced_formula,cosine,11448,0.08013378899220025,0.52
8389,group_reduced_formula,cosine,3519,0.07549967295795157,1.8
8390,group_reduced_formula,cosine,12241,0.08831538832289643,1.18
8399,group_reduced_formula,cosine,2540,0.08831538832289654,1.86
8404,group_reduced_formula,cosine,17820,0.08013378899220014,0.8
8413,group_reduced_formula,cosine,4299,0.08013378899220025,1.52
8423,group_reduced_formula,cosine,9051,0.08013378899220014,0.74
8429,group_reduced_formula,cosine,5067,0.08831538832289643,0.9
8430,group_reduced_formula,cosine,7766,0.08831538832289643,0.46
8435,group_reduced_formula,cosine,9816,0.08831538832289643,0.88
8439,group_reduced_formula,cosine,8352,0.15484574527148354,1.3
8451,group_reduced_formula,cosine,3814,0.08013378899220025,1.66
8459,group_reduced_formula,cosine,6338,0.08831538832289654,1.14
8464,group_reduced_formula,cosine,3024,0.08831538832289643,2.94
8483,group_reduced_formula,cosine,7634,0.08831538832289643,0.68
8487,group_reduced_formula,cosine,4047,0.08831538832289643,0.52
8489,group_reduced_formula,cosine,313,0.08831538832289654,1.22
8499,group_reduced_formula,cosine,7891,0.08013378899220025,2.52
8529,group_reduced_formula,cosine,4178,0.08831538832289654,1.84
8538,group_reduced_formula,cosine,121,0.15484574527148354,1.38
8574,group_reduced_formula,cosine,4109,0.08831538832289654,1.54
8575,group_reduced_formula,cosine,7541,0.08013378899220014,1.94
8578,group_reduced_formula,cosine,10732,0.08831538832289643,2.84
8602,group_reduced_formula,cosine,8935,0.08831538832289654,1.5
8605,group_reduced_formula,cosine,1943,0.15484574527148354,0.74
8630,group_reduced_formula,cosine,8352,0.15484574527148354,2.24
8640,group_reduced_formula,cosine,14000,0.08831538832289643,0.38
8656,group_reduced_formula,cosine,11081,0.08013378899220025,1.94
8659,group_reduced_formula,cosine,9808,0.15484574527148354,1.78
8684,group_reduced_formula,cosine,7089,0.08013378899220025,2.46
8686,group_reduced_formula,cosine,2038,0.08831538832289654,2.76
8691,group_reduced_formula,cosine,223,0.15484574527148354,1.18
8712,group_reduced_formula,cosine,821,0.15484574527148354,1.32
8726,group_reduced_formula,cosine,2247,0.08013378899220025,0.76
8741,group_reduced_formula,cosine,4793,0.15484574527148354,1.38
8754,group_reduced_formula,cosine,16804,0.08831538832289654,1.22
8757,group_reduced_formula,cosine,6910,0.15484574527148354,0.9
8758,group_reduced_formula,cosine,3439,0.11808289631180324,1.88
8766,group_reduced_formula,cosine,5373,0.08831538832289643,1.6
8793,group_reduced_formula,cosine,427,0.08013378899220025,1.26
8798,group_reduced_formula,cosine,11720,0.08013378899220025,1.44
8804,group_reduced_formula,cosine,4647,0.11808289631180324,1.86
8808,group_reduced_formula,cosine,17366,0.08013378899220025,1.82
8852,group_reduced_formula,cosine,12805,0.08831538832289654,1.24
8859,group_reduced_formula,cosine,12839,0.08013378899220014,1.54
8869,group_reduced_formula,cosine,9051,0.08013378899220025,1.08
8871,group_reduced_formula,cosine,7891,0.08013378899220025,2.02
8879,group_reduced_formula,cosine,6557,0.08013378899220025,1.32
8886,group_reduced_formula,cosine,9758,0.08831538832289654,1.04
8891,group_reduced_formula,cosine,11465,0.08831538832289654,0.9
8902,group_reduced_formula,cosine,7988,0.08831538832289643,0.98
8905,group_reduced_formula,cosine,1756,0.15484574527148354,1.18
8910,group_reduced_formula,cosine,597,0.08831538832289643,1.52
8911,group_reduced_formula,cosine,2810,0.08831538832289643,1.56
8917,group_reduced_formula,cosine,11174,0.08831538832289654,2.64
8943,group_reduced_formula,cosine,6557,0.08013378899220025,0.36
8947,group_reduced_formula,cosine,7460,0.07549967295795157,0.86
8952,group_reduced_formula,cosine,1097,0.11808289631180324,1.4
8956,group_reduced_formula,cosine,10094,0.08831538832289654,1.18
8978,group_reduced_formula,cosine,103,0.08831538832289643,0.74
8995,group_reduced_formula,cosine,3383,0.15484574527148354,1.06
8996,group_reduced_formula,cosine,14663,0.08831538832289643,1.86
9005,group_reduced_formula,cosine,1662,0.08831538832289654,1.58
9008,group_reduced_formula,cosine,9435,0.15484574527148354,1.7
9022,group_reduced_formula,cosine,9023,0.08013378899220014,2.62
9033,group_reduced_formula,cosine,11596,0.08831538832289654,0.46
9043,group_reduced_formula,cosine,6047,0.08831538832289654,2.74
9049,group_reduced_formula,cosine,16721,0.08013378899220014,0.78
9053,group_reduced_formula,cosine,1625,0.08013378899220025,1.22
9062,group_reduced_formula,cosine,3540,0.08831538832289654,1.14
9088,group_reduced_formula,cosine,9051,0.08013378899220014,1.6
9096,group_reduced_formula,cosine,16427,0.11808289631180324,1.1
9115,group_reduced_formula,cosine,12401,0.08013378899220025,0.54
9132,group_reduced_formula,cosine,1569,0.08831538832289654,0.58
9137,group_reduced_formula,cosine,7946,0.08831538832289654,2.32
9155,group_reduced_formula,cosine,3171,0.08013378899220025,0.8
9158,group_reduced_formula,cosine,12401,0.07549967295795157,1.56
9181,group_reduced_formula,cosine,7946,0.08831538832289654,1.76
9189,group_reduced_formula,cosine,10123,0.08831538832289654,1.02
9190,group_reduced_formula,cosine,650,0.08013378899220025,2.96
9191,group_reduced_formula,cosine,10897,0.11808289631180324,1.64
9215,group_reduced_formula,cosine,10294,0.08831538832289643,0.96
9218,group_reduced_formula,cosine,1443,0.08831538832289643,1.1
9219,group_reduced_formula,cosine,16219,0.07549967295795157,2.12
9229,group_reduced_formula,cosine,2424,0.08013378899220025,2.68
9231,group_reduced_formula,cosine,68,0.15484574527148354,1.54
9249,group_reduced_formula,cosine,986,0.08831538832289654,1.76
9255,group_reduced_formula,cosine,14898,0.08831538832289654,1.88
9258,group_reduced_formula,cosine,2301,0.08013378899220025,3.0
9276,group_reduced_formula,cosine,10117,0.08013378899220025,0.28
9278,group_reduced_formula,cosine,4299,0.08013378899220025,1.16
9296,group_reduced_formula,cosine,17782,0.11808289631180324,1.58
9306,group_reduced_formula,cosine,8450,0.11111111111111116,0.62
9316,group_reduced_formula,cosine,1364,0.15484574527148354,2.82
9325,group_reduced_formula,cosine,1914,0.08831538832289643,1.72
9333,group_reduced_formula,cosine,9212,0.08013378899220014,1.26
9355,group_reduced_formula,cosine,4286,0.08831538832289654,2.1
9366,group_reduced_formula,cosine,101,0.08013378899220025,2.3
9367,group_reduced_formula,cosine,10677,0.08831538832289643,2.5
9376,group_reduced_formula,cosine,3521,0.11808289631180324,1.98
9378,group_reduced_formula,cosine,12592,0.08831538832289654,0.58
9404,group_reduced_formula,cosine,2080,0.08831538832289643,1.86
9416,group_reduced_formula,cosine,3171,0.07549967295795157,0.84
9417,group_reduced_formula,cosine,298,0.08831538832289643,1.42
9428,group_reduced_formula,cosine,9223,0.08831538832289654,1.98
9437,group_reduced_formula,cosine,14778,0.08831538832289654,2.14
9439,group_reduced_formula,cosine,365,0.08831538832289654,0.92
9441,group_reduced_formula,cosine,12954,0.08831538832289643,1.02
9453,group_reduced_formula,cosine,834,0.15484574527148354,1.98
9461,group_reduced_formula,cosine,11537,0.11808289631180324,1.16
9475,group_reduced_formula,cosine,460,0.08831538832289654,1.56
9476,group_reduced_formula,cosine,2444,0.15484574527148354,1.32
9487,group_reduced_formula,cosine,6093,0.08831538832289643,1.22
9490,group_reduced_formula,cosine,5131,0.08831538832289643,1.7
9495,group_reduced_formula,cosine,15166,0.08831538832289654,0.58
9524,group_reduced_formula,cosine,2086,0.08831538832289643,1.22
9527,group_reduced_formula,cosine,10370,0.08831538832289654,2.06
9533,group_reduced_formula,cosine,11817,0.08831538832289643,1.64
9557,group_reduced_formula,cosine,15159,0.08013378899220025,1.88
9564,group_reduced_formula,cosine,9188,0.15484574527148354,1.16
9568,group_reduced_formula,cosine,263,0.08831538832289643,1.32
9571,group_reduced_formula,cosine,1517,0.08831538832289643,1.44
9579,group_reduced_formula,cosine,790,0.11808289631180324,1.56
9593,group_reduced_formula,cosine,12264,0.08831538832289643,0.52
9596,group_reduced_formula,cosine,13968,0.08831538832289643,1.64
9604,group_reduced_formula,cosine,1149,0.08013378899220025,3.06
9605,group_reduced_formula,cosine,4299,0.08013378899220025,0.98
9613,group_reduced_formula,cosine,5958,0.07549967295795157,3.56
9614,group_reduced_formula,cosine,840,0.15484574527148354,0.38
9621,group_reduced_formula,cosine,834,0.15484574527148354,1.4
9630,group_reduced_formula,cosine,7541,0.08013378899220025,1.48
9639,group_reduced_formula,cosine,854,0.15484574527148354,0.42
9647,group_reduced_formula,cosine,7460,0.08013378899220025,0.42
9673,group_reduced_formula,cosine,101,0.08013378899220014,1.46
9685,group_reduced_formula,cosine,11691,0.11808289631180324,3.34
9686,group_reduced_formula,cosine,3902,0.08013378899220014,1.68
9696,group_reduced_formula,cosine,6364,0.08831538832289643,0.84
9698,group_reduced_formula,cosine,9433,0.08831538832289643,1.18
9699,group_reduced_formula,cosine,3521,0.11808289631180324,1.14
9711,group_reduced_formula,cosine,3596,0.08831538832289643,0.78
9714,group_reduced_formula,cosine,9023,0.08013378899220014,3.74
9725,group_reduced_formula,cosine,14506,0.08831538832289654,1.86
9732,group_reduced_formula,cosine,1567,0.11808289631180324,0.96
9737,group_reduced_formula,cosine,8834,0.08831538832289654,2.26
9739,group_reduced_formula,cosine,2940,0.08831538832289654,0.96
9772,group_reduced_formula,cosine,85,0.08831538832289654,1.64
9775,group_reduced_formula,cosine,7460,0.08013378899220014,0.94
9794,group_reduced_formula,cosine,11038,0.08013378899220014,1.4
9818,group_reduced_formula,cosine,13781,0.08013378899220025,2.02
9819,group_reduced_formula,cosine,12948,0.11808289631180324,2.12
9835,group_reduced_formula,cosine,7657,0.08831538832289654,1.64
9845,group_reduced_formula,cosine,1571,0.11808289631180324,1.46
9852,group_reduced_formula,cosine,2673,0.08831538832289643,1.72
9862,group_reduced_formula,cosine,5929,0.08831538832289643,2.44
9863,group_reduced_formula,cosine,1087,0.15484574527148354,0.92
9888,group_reduced_formula,cosine,11702,0.08831538832289654,1.22
9893,group_reduced_formula,cosine,2301,0.08013378899220025,1.84
9903,group_reduced_formula,cosine,3689,0.08831538832289654,1.48
9912,group_reduced_formula,cosine,7891,0.08013378899220025,1.46
9922,group_reduced_formula,cosine,1060,0.08831538832289654,3.52
9926,group_reduced_formula,cosine,9609,0.08013378899220025,1.74
9930,group_reduced_formula,cosine,821,0.15484574527148354,1.14
9936,group_reduced_formula,cosine,1423,0.08831538832289654,2.74
9943,group_reduced_formula,cosine,4396,0.08831538832289643,1.7
9948,group_reduced_formula,cosine,7693,0.08831538832289654,0.38
9950,group_reduced_formula,cosine,11869,0.08831538832289643,1.74
9965,group_reduced_formula,cosine,10224,0.08831538832289654,2.0
9968,group_reduced_formula,cosine,1943,0.15484574527148354,4.12
9977,group_reduced_formula,cosine,8447,0.08831538832289654,0.8
9983,group_reduced_formula,cosine,11907,0.08013378899220025,0.72
10037,group_reduced_formula,cosine,4510,0.08013378899220025,0.7
10038,group_reduced_formula,cosine,11408,0.08831538832289654,1.88
10053,group_reduced_formula,cosine,6641,0.08831538832289654,2.0
10058,group_reduced_formula,cosine,12711,0.08831538832289643,1.36
10063,group_reduced_formula,cosine,4763,0.08831538832289654,1.06
10078,group_reduced_formula,cosine,13218,0.08831538832289643,1.4
10081,group_reduced_formula,cosine,14131,0.08831538832289643,0.2
10088,group_reduced_formula,cosine,121,0.15484574527148354,1.8
10113,group_reduced_formula,cosine,15382,0.11808289631180324,2.38
10125,group_reduced_formula,cosine,11465,0.08831538832289654,1.28
10131,group_reduced_formula,cosine,101,0.08013378899220025,2.14
10140,group_reduced_formula,cosine,9609,0.08013378899220025,1.42
10142,group_reduced_formula,cosine,18021,0.11808289631180324,1.18
10151,group_reduced_formula,cosine,221,0.15484574527148354,1.0
10155,group_reduced_formula,cosine,224,0.15484574527148354,0.6
10168,group_reduced_formula,cosine,2236,0.11808289631180324,0.36
10175,group_reduced_formula,cosine,2301,0.07549967295795157,3.54
10183,group_reduced_formula,cosine,10863,0.08831538832289654,1.46
10207,group_reduced_formula,cosine,277,0.15484574527148354,2.1
10209,group_reduced_formula,cosine,5853,0.08831538832289654,1.6
10231,group_reduced_formula,cosine,6047,0.08831538832289654,3.44
10233,group_reduced_formula,cosine,13671,0.08013378899220014,0.38
10240,group_reduced_formula,cosine,3663,0.08831538832289654,1.76
10244,group_reduced_formula,cosine,3025,0.11808289631180324,1.76
10261,group_reduced_formula,cosine,9023,0.08013378899220025,3.82
10292,group_reduced_formula,cosine,68,0.15484574527148354,1.12
10295,group_reduced_formula,cosine,14839,0.11808289631180324,2.02
10296,group_reduced_formula,cosine,6196,0.08831538832289643,2.06
10307,group_reduced_formula,cosine,10029,0.08831538832289643,0.6
10323,group_reduced_formula,cosine,15166,0.08831538832289654,1.4
10327,group_reduced_formula,cosine,5511,0.08831538832289643,1.44
10328,group_reduced_formula,cosine,3437,0.08831538832289654,1.56
10329,group_reduced_formula,cosine,4445,0.08831538832289654,0.68
10330,group_reduced_formula,cosine,101,0.08013378899220025,1.9
10336,group_reduced_formula,cosine,952,0.08831538832289654,0.96
10340,group_reduced_formula,cosine,7407,0.08831538832289643,1.6
10358,group_reduced_formula,cosine,10530,0.08831538832289643,2.48
10364,group_reduced_formula,cosine,8248,0.08013378899220025,1.6
10365,group_reduced_formula,cosine,2382,0.08831538832289654,0.5
10395,group_reduced_formula,cosine,448,0.15484574527148354,1.5
10403,group_reduced_formula,cosine,7089,0.08013378899220025,2.06
10405,group_reduced_formula,cosine,473,0.15484574527148354,2.08
10416,group_reduced_formula,cosine,496,0.15484574527148354,1.78
10422,group_reduced_formula,cosine,13588,0.11808289631180324,1.38
10440,group_reduced_formula,cosine,489,0.15484574527148354,3.14
10476,group_reduced_formula,cosine,13001,0.08831538832289654,1.22
10484,group_reduced_formula,cosine,1863,0.15484574527148354,0.5
10500,group_reduced_formula,cosine,11907,0.07549967295795157,0.9
10503,group_reduced_formula,cosine,574,0.15484574527148354,1.18
10510,group_reduced_formula,cosine,2717,0.08831538832289654,0.58
10534,group_reduced_formula,cosine,1817,0.08831538832289654,1.0
10536,group_reduced_formula,cosine,4453,0.08831538832289654,1.68
10548,group_reduced_formula,cosine,2629,0.08831538832289654,1.88
10552,group_reduced_formula,cosine,9816,0.08831538832289643,1.12
10557,group_reduced_formula,cosine,13671,0.08013378899220014,1.24
10573,group_reduced_formula,cosine,2941,0.08013378899220025,2.02
10597,group_reduced_formula,cosine,3237,0.08831538832289654,1.58
10611,group_reduced_formula,cosine,4647,0.11808289631180324,2.04
10624,group_reduced_formula,cosine,10800,0.08831538832289643,1.34
10627,group_reduced_formula,cosine,578,0.11808289631180324,1.1
10631,group_reduced_formula,cosine,7349,0.08831538832289654,0.98
10633,group_reduced_formula,cosine,14506,0.08831538832289654,1.48
10638,group_reduced_formula,cosine,5025,0.11808289631180324,1.42
10639,group_reduced_formula,cosine,549,0.08013378899220025,-0.16
10643,group_reduced_formula,cosine,7415,0.08831538832289643,0.38
10650,group_reduced_formula,cosine,11596,0.08831538832289654,2.12
10652,group_reduced_formula,cosine,10469,0.07549967295795157,1.58
10657,group_reduced_formula,cosine,7415,0.08831538832289643,3.64
10688,group_reduced_formula,cosine,6720,0.08831538832289643,1.18
10691,group_reduced_formula,cosine,7866,0.08831538832289654,1.06
10695,group_reduced_formula,cosine,9212,0.08013378899220025,2.06
10702,group_reduced_formula,cosine,6139,0.08831538832289654,3.0
10715,group_reduced_formula,cosine,7367,0.08831538832289654,1.02
10716,group_reduced_formula,cosine,10028,0.08831538832289654,2.22
10729,group_reduced_formula,cosine,4660,0.08831538832289654,2.1
10735,group_reduced_formula,cosine,11585,0.08831538832289654,1.02
10745,group_reduced_formula,cosine,9385,0.08831538832289643,1.9
10783,group_reduced_formula,cosine,4730,0.08831538832289643,1.16
10784,group_reduced_formula,cosine,2413,0.08831538832289643,0.64
10790,group_reduced_formula,cosine,171,0.08831538832289643,1.36
10797,group_reduced_formula,cosine,2301,0.08013378899220025,3.88
10801,group_reduced_formula,cosine,9212,0.08013378899220025,1.68
10804,group_reduced_formula,cosine,116,0.08831538832289643,1.42
10827,group_reduced_formula,cosine,3519,0.11808289631180324,1.32
10840,group_reduced_formula,cosine,3299,0.08013378899220025,1.58
10847,group_reduced_formula,cosine,3171,0.08013378899220025,0.28
10857,group_reduced_formula,cosine,6689,0.08013378899220025,1.66
10864,group_reduced_formula,cosine,13781,0.08013378899220025,1.58
10876,group_reduced_formula,cosine,9023,0.08013378899220014,2.02
10880,group_reduced_formula,cosine,5949,0.15484574527148354,1.4
10892,group_reduced_formula,cosine,12318,0.08831538832289654,1.02
10896,group_reduced_formula,cosine,2625,0.08831538832289643,0.58
10928,group_reduced_formula,cosine,4380,0.15484574527148354,0.84
10933,group_reduced_formula,cosine,13911,0.07549967295795157,1.76
10944,group_reduced_formula,cosine,11703,0.08831538832289654,1.32
10952,group_reduced_formula,cosine,154,0.15484574527148354,2.04
10967,group_reduced_formula,cosine,3583,0.08013378899220014,1.8
10978,group_reduced_formula,cosine,549,0.08013378899220025,0.48
10984,group_reduced_formula,cosine,13529,0.08831538832289654,1.84
10991,group_reduced_formula,cosine,6689,0.08013378899220025,0.44
11000,group_reduced_formula,cosine,10800,0.08831538832289643,1.8
11010,group_reduced_formula,cosine,3171,0.08013378899220025,1.64
11021,group_reduced_formula,cosine,650,0.08013378899220025,1.06
11073,group_reduced_formula,cosine,2939,0.08013378899220025,2.08
11080,group_reduced_formula,cosine,11038,0.08013378899220014,0.66
11095,group_reduced_formula,cosine,13671,0.08013378899220025,0.1
11096,group_reduced_formula,cosine,4743,0.08831538832289643,0.34
11098,group_reduced_formula,cosine,9727,0.11808289631180324,4.62
11101,group_reduced_formula,cosine,10772,0.15484574527148354,1.96
11105,group_reduced_formula,cosine,8787,0.08013378899220025,0.82
11115,group_reduced_formula,cosine,10741,0.15484574527148354,1.14
11123,group_reduced_formula,cosine,12476,0.08831538832289654,1.48
11132,group_reduced_formula,cosine,7191,0.08831538832289654,2.08
11143,group_reduced_formula,cosine,1041,0.08831538832289643,0.2
11149,group_reduced_formula,cosine,8411,0.08013378899220025,1.86
11162,group_reduced_formula,cosine,7643,0.08831538832289654,1.12
11172,group_reduced_formula,cosine,2210,0.08831538832289654,3.82
11173,group_reduced_formula,cosine,15063,0.08831538832289654,0.56
11199,group_reduced_formula,cosine,2247,0.08013378899220025,1.16
11205,group_reduced_formula,cosine,4897,0.08831538832289654,1.5
11209,group_reduced_formula,cosine,13781,0.08013378899220025,1.48
11211,group_reduced_formula,cosine,7042,0.08831538832289654,1.68
11232,group_reduced_formula,cosine,7866,0.08831538832289654,0.72
11238,group_reduced_formula,cosine,10059,0.11808289631180324,1.54
11246,group_reduced_formula,cosine,2204,0.15484574527148354,0.78
11252,group_reduced_formula,cosine,13289,0.08831538832289654,2.16
11258,group_reduced_formula,cosine,6939,0.08831538832289654,1.4
11275,group_reduced_formula,cosine,292,0.08831538832289654,0.8
11279,group_reduced_formula,cosine,2217,0.15484574527148354,1.06
11301,group_reduced_formula,cosine,82,0.08831538832289643,1.88
11322,group_reduced_formula,cosine,9120,0.08831538832289654,1.12
11324,group_reduced_formula,cosine,1364,0.15484574527148354,1.9
11326,group_reduced_formula,cosine,365,0.08831538832289654,1.08
11349,group_reduced_formula,cosine,9383,0.08831538832289643,2.2
11359,group_reduced_formula,cosine,2939,0.08013378899220025,0.96
11360,group_reduced_formula,cosine,7507,0.08013378899220025,2.82
11378,group_reduced_formula,cosine,6179,0.08831538832289643,1.84
11382,group_reduced_formula,cosine,3902,0.08013378899220014,1.28
11393,group_reduced_formula,cosine,515,0.08831538832289654,0.72
11409,group_reduced_formula,cosine,4071,0.08831538832289643,1.6
11434,group_reduced_formula,cosine,4207,0.08831538832289654,1.34
11440,group_reduced_formula,cosine,16066,0.08831538832289654,1.52
11444,group_reduced_formula,cosine,10117,0.08013378899220025,1.38
11454,group_reduced_formula,cosine,4743,0.08831538832289643,1.54
11475,group_reduced_formula,cosine,6087,0.08013378899220025,1.72
11485,group_reduced_formula,cosine,14518,0.08013378899220014,1.18
11506,group_reduced_formula,cosine,3801,0.15484574527148365,1.44
11557,group_reduced_formula,cosine,1307,0.15484574527148354,2.36
11561,group_reduced_formula,cosine,1537,0.08831538832289654,1.26
11582,group_reduced_formula,cosine,1619,0.15484574527148354,1.16
11602,group_reduced_formula,cosine,2168,0.08831538832289654,0.56
11606,group_reduced_formula,cosine,2703,0.08831538832289643,1.92
11610,group_reduced_formula,cosine,13119,0.11808289631180324,0.4
11622,group_reduced_formula,cosine,13876,0.08831538832289654,2.96
11626,group_reduced_formula,cosine,8411,0.08013378899220025,1.7
11632,group_reduced_formula,cosine,7430,0.08831538832289643,1.36
11648,group_reduced_formula,cosine,9609,0.08013378899220025,1.62
11662,group_reduced_formula,cosine,7710,0.08831538832289654,1.9
11681,group_reduced_formula,cosine,11072,0.08831538832289654,1.26
11695,group_reduced_formula,cosine,1227,0.08831538832289643,1.24
11708,group_reduced_formula,cosine,6093,0.08831538832289643,1.06
11712,group_reduced_formula,cosine,1031,0.08831538832289643,1.46
11724,group_reduced_formula,cosine,1756,0.15484574527148354,0.76
11741,group_reduced_formula,cosine,1470,0.08831538832289643,3.12
11743,group_reduced_formula,cosine,298,0.08831538832289643,0.98
11762,group_reduced_formula,cosine,657,0.11808289631180324,1.1
11780,group_reduced_formula,cosine,3253,0.11808289631180324,1.22
11816,group_reduced_formula,cosine,12214,0.11808289631180324,2.24
11846,group_reduced_formula,cosine,12318,0.08831538832289654,0.94
11854,group_reduced_formula,cosine,10117,0.08013378899220025,0.74
11884,group_reduced_formula,cosine,4109,0.08831538832289654,1.14
11886,group_reduced_formula,cosine,4510,0.08013378899220025,0.4
11894,group_reduced_formula,cosine,460,0.08831538832289654,0.8
11897,group_reduced_formula,cosine,1230,0.15484574527148354,0.74
11898,group_reduced_formula,cosine,1149,0.08013378899220025,1.92
11899,group_reduced_formula,cosine,9051,0.08013378899220025,1.18
11917,group_reduced_formula,cosine,2424,0.08013378899220025,2.4
11938,group_reduced_formula,cosine,3203,0.11808289631180324,1.54
11964,group_reduced_formula,cosine,6781,0.11808289631180324,1.14
11975,group_reduced_formula,cosine,3117,0.08831538832289643,1.04
11978,group_reduced_formula,cosine,578,0.11808289631180324,1.16
11986,group_reduced_formula,cosine,2424,0.08013378899220025,1.64
11992,group_reduced_formula,cosine,4890,0.08831538832289643,3.5
12004,group_reduced_formula,cosine,18108,0.15484574527148354,0.92
12013,group_reduced_formula,cosine,8606,0.08013378899220025,2.66
12052,group_reduced_formula,cosine,6689,0.08013378899220025,1.08
12068,group_reduced_formula,cosine,3017,0.15484574527148354,2.44
12074,group_reduced_formula,cosine,6380,0.08831538832289643,2.06
12079,group_reduced_formula,cosine,9023,0.08013378899220014,1.36
12081,group_reduced_formula,cosine,5304,0.08831538832289643,1.12
12084,group_reduced_formula,cosine,13144,0.08831538832289654,1.12
12085,group_reduced_formula,cosine,3915,0.08831538832289654,1.38
12110,group_reduced_formula,cosine,512,0.08831538832289643,0.12
12140,group_reduced_formula,cosine,9212,0.08013378899220014,1.2
12160,group_reduced_formula,cosine,427,0.08013378899220025,1.16
12163,group_reduced_formula,cosine,1889,0.08831538832289654,0.54
12174,group_reduced_formula,cosine,12839,0.08013378899220014,1.68
12175,group_reduced_formula,cosine,9433,0.08831538832289643,1.7
12176,group_reduced_formula,cosine,99,0.08831538832289643,2.1
12177,group_reduced_formula,cosine,1296,0.08831538832289643,2.66
12216,group_reduced_formula,cosine,8461,0.08831538832289643,1.48
12219,group_reduced_formula,cosine,14383,0.08831538832289643,1.12
12223,group_reduced_formula,cosine,11030,0.08013378899220025,2.86
12256,group_reduced_formula,cosine,9023,0.08013378899220025,4.18
12269,group_reduced_formula,cosine,6557,0.08013378899220025,0.66
12271,group_reduced_formula,cosine,8661,0.11808289631180324,2.84
12313,group_reduced_formula,cosine,5574,0.08831538832289643,0.56
12315,group_reduced_formula,cosine,15309,0.11808289631180324,1.18
12331,group_reduced_formula,cosine,16889,0.11808289631180324,3.8
12336,group_reduced_formula,cosine,11448,0.08013378899220025,2.36
12340,group_reduced_formula,cosine,3341,0.08831538832289654,0.7
12342,group_reduced_formula,cosine,4771,0.08831538832289643,0.5
12343,group_reduced_formula,cosine,5708,0.08831538832289643,0.64
12346,group_reduced_formula,cosine,2086,0.08831538832289643,1.92
12347,group_reduced_formula,cosine,11030,0.08013378899220025,2.12
12350,group_reduced_formula,cosine,3878,0.15484574527148354,1.24
12355,group_reduced_formula,cosine,4380,0.15484574527148354,1.6
12364,group_reduced_formula,cosine,5019,0.11808289631180324,1.0
12380,group_reduced_formula,cosine,7007,0.08831538832289643,1.92
12392,group_reduced_formula,cosine,7870,0.11808289631180324,0.38
12393,group_reduced_formula,cosine,5833,0.07549967295795157,1.64
12395,group_reduced_formula,cosine,2142,0.08831538832289654,3.14
12407,group_reduced_formula,cosine,3583,0.08013378899220025,1.44
12411,group_reduced_formula,cosine,4336,0.08831538832289643,2.14
12414,group_reduced_formula,cosine,567,0.15484574527148354,1.2
12415,group_reduced_formula,cosine,7657,0.08831538832289654,0.82
12416,group_reduced_formula,cosine,403,0.15484574527148354,0.96
12418,group_reduced_formula,cosine,3364,0.15484574527148354,1.82
12426,group_reduced_formula,cosine,9669,0.08831538832289643,1.22
12427,group_reduced_formula,cosine,4037,0.08831538832289654,0.92
12440,group_reduced_formula,cosine,9047,0.08831538832289654,1.2
12460,group_reduced_formula,cosine,8606,0.08013378899220025,3.9
12463,group_reduced_formula,cosine,12203,0.15484574527148354,0.32
12464,group_reduced_formula,cosine,5703,0.08831538832289643,0.08
12479,group_reduced_formula,cosine,427,0.08013378899220025,1.94
12491,group_reduced_formula,cosine,8061,0.11808289631180324,0.44
12493,group_reduced_formula,cosine,3689,0.08831538832289654,1.98
12510,group_reduced_formula,cosine,5272,0.08831538832289643,1.3
12521,group_reduced_formula,cosine,3203,0.11808289631180324,1.92
12524,group_reduced_formula,cosine,4510,0.08013378899220025,1.34
12562,group_reduced_formula,cosine,3785,0.08831538832289643,1.8
12565,group_reduced_formula,cosine,4657,0.08831538832289654,2.86
12566,group_reduced_formula,cosine,164,0.08831538832289654,1.22
12569,group_reduced_formula,cosine,3663,0.08831538832289654,1.26
12577,group_reduced_formula,cosine,9990,0.08831538832289643,1.26
12596,group_reduced_formula,cosine,3253,0.11111111111111116,1.12
12627,group_reduced_formula,cosine,2424,0.08013378899220025,2.44
12631,group_reduced_formula,cosine,8075,0.08831538832289643,1.56
12651,group_reduced_formula,cosine,6641,0.08831538832289654,1.36
12656,group_reduced_formula,cosine,16889,0.11808289631180324,1.0
12676,group_reduced_formula,cosine,4037,0.08831538832289654,1.26
12677,group_reduced_formula,cosine,223,0.15484574527148354,1.04
12700,group_reduced_formula,cosine,371,0.08831538832289643,0.64
12703,group_reduced_formula,cosine,2424,0.08013378899220025,0.78
12708,group_reduced_formula,cosine,148,0.08831538832289654,1.3
12713,group_reduced_formula,cosine,2444,0.15484574527148354,2.72
12715,group_reduced_formula,cosine,427,0.08013378899220025,1.7
12723,group_reduced_formula,cosine,986,0.08831538832289654,1.6
12727,group_reduced_formula,cosine,7710,0.08831538832289654,1.08
12730,group_reduced_formula,cosine,2133,0.08831538832289643,0.98
12735,group_reduced_formula,cosine,11217,0.08831538832289643,2.38
12752,group_reduced_formula,cosine,10961,0.08831538832289654,1.3
12804,group_reduced_formula,cosine,18541,0.08013378899220014,1.62
12810,group_reduced_formula,cosine,1443,0.08831538832289643,1.08
12812,group_reduced_formula,cosine,14273,0.08831538832289654,2.78
12842,group_reduced_formula,cosine,3519,0.11111111111111116,1.08
12848,group_reduced_formula,cosine,13789,0.08831538832289643,1.22
12864,group_reduced_formula,cosine,403,0.15484574527148354,1.54
12870,group_reduced_formula,cosine,4097,0.08831538832289654,1.4
12893,group_reduced_formula,cosine,3289,0.08831538832289643,0.98
12909,group_reduced_formula,cosine,7891,0.08013378899220025,2.2
12931,group_reduced_formula,cosine,6087,0.08013378899220025,1.1
12939,group_reduced_formula,cosine,514,0.15484574527148354,1.08
12941,group_reduced_formula,cosine,2859,0.08831538832289643,1.88
12944,group_reduced_formula,cosine,101,0.08013378899220014,2.34
12951,group_reduced_formula,cosine,97,0.09090909090909083,1.38
12956,group_reduced_formula,cosine,1054,0.11808289631180324,1.62
12965,group_reduced_formula,cosine,427,0.08013378899220025,4.3
12967,group_reduced_formula,cosine,1423,0.08831538832289654,1.8
12977,group_reduced_formula,cosine,6357,0.11808289631180324,1.58
12978,group_reduced_formula,cosine,567,0.15484574527148354,1.94
12983,group_reduced_formula,cosine,3049,0.08831538832289654,0.92
12991,group_reduced_formula,cosine,10117,0.08013378899220025,0.76
13009,group_reduced_formula,cosine,515,0.08831538832289654,0.72
13019,group_reduced_formula,cosine,650,0.08013378899220025,2.72
13026,group_reduced_formula,cosine,9221,0.08831538832289654,3.16
13044,group_reduced_formula,cosine,8323,0.08831538832289643,1.74
13047,group_reduced_formula,cosine,14131,0.08831538832289643,1.54
13054,group_reduced_formula,cosine,9808,0.15484574527148354,1.22
13060,group_reduced_formula,cosine,821,0.15484574527148354,1.38
13061,group_reduced_formula,cosine,497,0.15484574527148354,1.34
13062,group_reduced_formula,cosine,7691,0.08831538832289654,1.78
13069,group_reduced_formula,cosine,8718,0.08831538832289654,1.24
13074,group_reduced_formula,cosine,9539,0.08831538832289643,0.96
13093,group_reduced_formula,cosine,3641,0.08831538832289654,2.26
13104,group_reduced_formula,cosine,453,0.08831538832289654,1.14
13124,group_reduced_formula,cosine,34,0.14285714285714302,1.04
13126,group_reduced_formula,cosine,13289,0.08831538832289654,1.72
13128,group_reduced_formula,cosine,658,0.08831538832289643,0.9
13132,group_reduced_formula,cosine,17820,0.08013378899220014,1.16
13140,group_reduced_formula,cosine,2941,0.08013378899220025,2.08
13148,group_reduced_formula,cosine,4571,0.08831538832289654,2.22
13162,group_reduced_formula,cosine,2670,0.08831538832289654,1.52
13168,group_reduced_formula,cosine,4299,0.08013378899220025,1.18
13194,group_reduced_formula,cosine,4439,0.15484574527148354,1.76
13208,group_reduced_formula,cosine,3031,0.11808289631180324,3.2
13212,group_reduced_formula,cosine,10068,0.08831538832289643,1.76
13214,group_reduced_formula,cosine,13911,0.08013378899220025,1.8
13215,group_reduced_formula,cosine,427,0.08013378899220025,2.28
13216,group_reduced_formula,cosine,578,0.11808289631180324,1.52
13237,group_reduced_formula,cosine,4510,0.08013378899220025,0.9
13281,group_reduced_formula,cosine,9188,0.15484574527148354,0.82
13300,group_reduced_formula,cosine,11629,0.08831538832289643,0.78
13313,group_reduced_formula,cosine,12954,0.08831538832289643,0.94
13340,group_reduced_formula,cosine,11703,0.08831538832289654,0.3
13344,group_reduced_formula,cosine,549,0.08013378899220025,1.2
13350,group_reduced_formula,cosine,3521,0.11808289631180324,2.06
13356,group_reduced_formula,cosine,464,0.15484574527148354,1.44
13364,group_reduced_formula,cosine,9051,0.08013378899220025,1.22
13376,group_reduced_formula,cosine,512,0.08831538832289643,1.22
13394,group_reduced_formula,cosine,1089,0.08013378899220014,0.18
13409,group_reduced_formula,cosine,14267,0.11808289631180324,1.28
13423,group_reduced_formula,cosine,12264,0.08831538832289643,1.52
13424,group_reduced_formula,cosine,4730,0.08831538832289643,1.34
13442,group_reduced_formula,cosine,2222,0.15484574527148354,2.06
13443,group_reduced_formula,cosine,4697,0.15484574527148354,1.66
13454,group_reduced_formula,cosine,10260,0.08831538832289654,1.72
13458,group_reduced_formula,cosine,4771,0.08831538832289643,1.46
13466,group_reduced_formula,cosine,1762,0.15484574527148365,1.66
13480,group_reduced_formula,cosine,1267,0.15484574527148354,1.18
13515,group_reduced_formula,cosine,11574,0.08013378899220025,1.14
13540,group_reduced_formula,cosine,5025,0.11808289631180324,1.0
13563,group_reduced_formula,cosine,427,0.08013378899220025,2.4
13568,group_reduced_formula,cosine,10677,0.08831538832289643,1.12
13580,group_reduced_formula,cosine,4060,0.11808289631180324,1.34
13584,group_reduced_formula,cosine,6338,0.08831538832289654,1.18
13591,group_reduced_formula,cosine,10772,0.15484574527148354,1.2
13602,group_reduced_formula,cosine,14603,0.08831538832289654,2.68
13627,group_reduced_formula,cosine,10188,0.08831538832289643,0.66
13634,group_reduced_formula,cosine,14518,0.08013378899220014,0.04
13642,group_reduced_formula,cosine,16642,0.08831538832289654,1.62
13656,group_reduced_formula,cosine,12560,0.11808289631180324,1.94
13678,group_reduced_formula,cosine,2247,0.08013378899220025,0.3
13695,group_reduced_formula,cosine,52,0.08831538832289654,0.8
13709,group_reduced_formula,cosine,2941,0.08013378899220025,1.66
13711,group_reduced_formula,cosine,1267,0.15484574527148354,1.08
13717,group_reduced_formula,cosine,10378,0.08831538832289654,0.18
13718,group_reduced_formula,cosine,1149,0.08013378899220025,1.8
13719,group_reduced_formula,cosine,5975,0.11808289631180324,2.16
13728,group_reduced_formula,cosine,1907,0.11808289631180324,1.1
13736,group_reduced_formula,cosine,1396,0.08831538832289643,1.12
13743,group_reduced_formula,cosine,4571,0.08831538832289654,1.12
13745,group_reduced_formula,cosine,5181,0.08831538832289643,0.84
13749,group_reduced_formula,cosine,10608,0.08831538832289643,-0.08
13754,group_reduced_formula,cosine,16006,0.08013378899220025,0.82
13756,group_reduced_formula,cosine,6612,0.08831538832289643,1.6
13758,group_reduced_formula,cosine,1290,0.15484574527148354,2.14
13764,group_reduced_formula,cosine,8066,0.08831538832289654,1.36
13778,group_reduced_formula,cosine,2038,0.08831538832289654,1.4
13779,group_reduced_formula,cosine,12711,0.08831538832289643,0.24
13792,group_reduced_formula,cosine,10316,0.11808289631180324,0.18
13795,group_reduced_formula,cosine,2424,0.08013378899220025,0.54
13811,group_reduced_formula,cosine,15063,0.08831538832289654,0.98
13823,group_reduced_formula,cosine,1068,0.15484574527148354,0.94
13840,group_reduced_formula,cosine,32,0.14285714285714302,1.02
13848,group_reduced_formula,cosine,16721,0.08013378899220025,1.78
13870,group_reduced_formula,cosine,7460,0.08013378899220025,1.34
13889,group_reduced_formula,cosine,5823,0.08831538832289643,0.36
13902,group_reduced_formula,cosine,9435,0.15484574527148354,0.56
13904,group_reduced_formula,cosine,2188,0.08831538832289654,0.38
13910,group_reduced_formula,cosine,5703,0.08831538832289643,1.2
13919,group_reduced_formula,cosine,4733,0.08831538832289654,1.34
13931,group_reduced_formula,cosine,5848,0.08831538832289654,1.48
13932,group_reduced_formula,cosine,5019,0.11808289631180324,1.0
13936,group_reduced_formula,cosine,11702,0.08831538832289654,1.16
13947,group_reduced_formula,cosine,16035,0.08831538832289654,2.02
13950,group_reduced_formula,cosine,1131,0.15484574527148354,1.98
13960,group_reduced_formula,cosine,537,0.08831538832289654,1.12
13962,group_reduced_formula,cosine,82,0.08831538832289643,1.76
13995,group_reduced_formula,cosine,9336,0.08831538832289654,1.68
13999,group_reduced_formula,cosine,15382,0.11808289631180324,1.34
14003,group_reduced_formula,cosine,6557,0.08013378899220025,1.34
14005,group_reduced_formula,cosine,5975,0.11808289631180324,1.34
14012,group_reduced_formula,cosine,922,0.08831538832289654,1.62
14017,group_reduced_formula,cosine,158,0.08013378899220025,2.3
14031,group_reduced_formula,cosine,9212,0.08013378899220025,1.24
14034,group_reduced_formula,cosine,3878,0.15484574527148354,1.52
14037,group_reduced_formula,cosine,3063,0.08831538832289643,0.4
14041,group_reduced_formula,cosine,4879,0.08831538832289654,3.88
14046,group_reduced_formula,cosine,10176,0.11808289631180324,1.22
14054,group_reduced_formula,cosine,389,0.14285714285714302,3.78
14061,group_reduced_formula,cosine,656,0.08831538832289654,1.6
14071,group_reduced_formula,cosine,9318,0.08831538832289643,0.88
14076,group_reduced_formula,cosine,18865,0.11808289631180324,1.2
14080,group_reduced_formula,cosine,4380,0.15484574527148354,2.06
14090,group_reduced_formula,cosine,34,0.14285714285714302,0.98
14093,group_reduced_formula,cosine,635,0.08831538832289654,1.26
14110,group_reduced_formula,cosine,1041,0.08831538832289643,1.62
14135,group_reduced_formula,cosine,17782,0.11808289631180324,0.6
14148,group_reduced_formula,cosine,1708,0.15484574527148354,1.76
14155,group_reduced_formula,cosine,1755,0.15484574527148354,1.9
14163,group_reduced_formula,cosine,1760,0.11808289631180324,2.1
14168,group_reduced_formula,cosine,3812,0.11808289631180324,0.86
14170,group_reduced_formula,cosine,8787,0.08013378899220025,0.94
14196,group_reduced_formula,cosine,1702,0.08831538832289643,1.88
14203,group_reduced_formula,cosine,549,0.08013378899220025,2.02
14205,group_reduced_formula,cosine,821,0.15484574527148354,1.34
14210,group_reduced_formula,cosine,164,0.08831538832289654,1.72
14229,group_reduced_formula,cosine,2439,0.11808289631180324,1.18
14230,group_reduced_formula,cosine,9212,0.08013378899220014,1.14
14248,group_reduced_formula,cosine,12400,0.08831538832289654,1.02
14274,group_reduced_formula,cosine,448,0.15484574527148354,1.68
14277,group_reduced_formula,cosine,6089,0.08831538832289643,1.74
14281,group_reduced_formula,cosine,1227,0.08831538832289643,1.2
14286,group_reduced_formula,cosine,1140,0.08831538832289654,0.74
14294,group_reduced_formula,cosine,2939,0.08013378899220025,1.72
14313,group_reduced_formula,cosine,489,0.15484574527148354,1.28
14323,group_reduced_formula,cosine,528,0.08831538832289643,0.86
14350,group_reduced_formula,cosine,3327,0.08831538832289654,0.06
14376,group_reduced_formula,cosine,8414,0.08831538832289643,1.74
14384,group_reduced_formula,cosine,3171,0.08013378899220025,2.18
14386,group_reduced_formula,cosine,8787,0.08013378899220025,0.82
14389,group_reduced_formula,cosine,7153,0.08831538832289654,1.52
14396,group_reduced_formula,cosine,3519,0.11808289631180324,1.58
14402,group_reduced_formula,cosine,14171,0.08831538832289654,0.88
14404,group_reduced_formula,cosine,1625,0.08013378899220025,1.26
14442,group_reduced_formula,cosine,656,0.08831538832289654,1.3
14446,group_reduced_formula,cosine,6125,0.08831538832289643,0.82
14463,group_reduced_formula,cosine,10367,0.08013378899220025,0.9
14466,group_reduced_formula,cosine,4207,0.08831538832289654,2.38
14475,group_reduced_formula,cosine,5480,0.08831538832289654,0.84
14477,group_reduced_formula,cosine,1738,0.08831538832289643,3.36
14487,group_reduced_formula,cosine,464,0.15484574527148354,2.56
14497,group_reduced_formula,cosine,14789,0.11808289631180324,1.96
14568,group_reduced_formula,cosine,2439,0.11808289631180324,0.98
14584,group_reduced_formula,cosine,9051,0.08013378899220025,0.26
14604,group_reduced_formula,cosine,5858,0.15484574527148354,1.12
14613,group_reduced_formula,cosine,97,0.09090909090909083,2.18
14619,group_reduced_formula,cosine,6113,0.08831538832289643,1.4
14635,group_reduced_formula,cosine,9917,0.08831538832289654,1.94
14640,group_reduced_formula,cosine,10961,0.08831538832289654,1.7
14641,group_reduced_formula,cosine,2142,0.08831538832289654,0.12
14646,group_reduced_formula,cosine,8461,0.08831538832289643,0.58
14652,group_reduced_formula,cosine,8447,0.08831538832289654,1.4
14680,group_reduced_formula,cosine,14518,0.08013378899220014,2.32
14689,group_reduced_formula,cosine,6612,0.08831538832289643,2.14
14691,group_reduced_formula,cosine,6121,0.08831538832289654,0.5
14695,group_reduced_formula,cosine,5960,0.15484574527148354,0.7
14703,group_reduced_formula,cosine,7691,0.08831538832289654,0.32
14705,group_reduced_formula,cosine,10779,0.08831538832289654,2.18
14709,group_reduced_formula,cosine,9051,0.08013378899220014,1.04
14745,group_reduced_formula,cosine,11030,0.08013378899220025,2.24
14750,group_reduced_formula,cosine,10897,0.11808289631180324,1.28
14761,group_reduced_formula,cosine,3865,0.08013378899220025,0.84
14764,group_reduced_formula,cosine,17,0.08831538832289654,2.22
14772,group_reduced_formula,cosine,4625,0.08831538832289654,0.78
14792,group_reduced_formula,cosine,16629,0.08831538832289643,1.3
14798,group_reduced_formula,cosine,1082,0.08831538832289643,1.0
14807,group_reduced_formula,cosine,11881,0.08831538832289643,2.32
14810,group_reduced_formula,cosine,9051,0.08013378899220014,0.02
14832,group_reduced_formula,cosine,497,0.15484574527148354,0.64
14845,group_reduced_formula,cosine,101,0.08013378899220025,1.6
14860,group_reduced_formula,cosine,7128,0.11808289631180324,0.56
14867,group_reduced_formula,cosine,7430,0.08831538832289643,0.8
14868,group_reduced_formula,cosine,6077,0.08831538832289654,1.08
14875,group_reduced_formula,cosine,97,0.08831538832289643,1.6
14879,group_reduced_formula,cosine,5708,0.08831538832289643,1.4
14905,group_reduced_formula,cosine,10741,0.15484574527148354,1.38
14911,group_reduced_formula,cosine,4124,0.08831538832289654,1.5
14937,group_reduced_formula,cosine,1760,0.11808289631180324,1.56
14944,group_reduced_formula,cosine,2424,0.08013378899220025,2.24
14945,group_reduced_formula,cosine,4870,0.08831538832289643,0.84
14947,group_reduced_formula,cosine,5373,0.08831538832289643,2.58
14953,group_reduced_formula,cosine,5016,0.15484574527148354,0.84
14957,group_reduced_formula,cosine,3387,0.08831538832289643,0.5
14961,group_reduced_formula,cosine,1082,0.08831538832289643,2.38
14966,group_reduced_formula,cosine,2204,0.15484574527148354,1.22
14972,group_reduced_formula,cosine,16291,0.08013378899220025,2.06
14975,group_reduced_formula,cosine,13796,0.08831538832289654,1.62
14981,group_reduced_formula,cosine,11907,0.08013378899220025,1.14
14995,group_reduced_formula,cosine,2301,0.08013378899220025,2.88
15001,group_reduced_formula,cosine,6720,0.08831538832289643,2.06
15011,group_reduced_formula,cosine,10467,0.11808289631180324,1.2
15028,group_reduced_formula,cosine,427,0.08013378899220025,1.58
15037,group_reduced_formula,cosine,4124,0.08831538832289654,1.32
15048,group_reduced_formula,cosine,4793,0.15484574527148354,0.52
15070,group_reduced_formula,cosine,2941,0.08013378899220025,2.84
15088,group_reduced_formula,cosine,12560,0.11808289631180324,1.42
15091,group_reduced_formula,cosine,650,0.08013378899220025,2.44
15101,group_reduced_formula,cosine,4763,0.08831538832289654,1.08
15150,group_reduced_formula,cosine,101,0.08013378899220025,1.2
15162,group_reduced_formula,cosine,9051,0.08013378899220014,1.16
15174,group_reduced_formula,cosine,9051,0.08013378899220014,1.72
15194,group_reduced_formula,cosine,4225,0.15484574527148354,0.6
15202,group_reduced_formula,cosine,1760,0.07549967295795157,3.08
15213,group_reduced_formula,cosine,10117,0.08013378899220025,2.04
15215,group_reduced_formula,cosine,13001,0.08831538832289654,1.42
15220,group_reduced_formula,cosine,5269,0.15484574527148354,1.92
15221,group_reduced_formula,cosine,2413,0.08831538832289643,0.76
15224,group_reduced_formula,cosine,7525,0.15484574527148354,1.7
15244,group_reduced_formula,cosine,1472,0.08831538832289643,0.62
15245,group_reduced_formula,cosine,5544,0.08831538832289654,0.3
15260,group_reduced_formula,cosine,2247,0.08013378899220025,0.52
15264,group_reduced_formula,cosine,9609,0.08013378899220025,2.06
15272,group_reduced_formula,cosine,8787,0.07549967295795157,0.66
15301,group_reduced_formula,cosine,1349,0.11808289631180324,1.68
15307,group_reduced_formula,cosine,8696,0.08831538832289654,3.16
15314,group_reduced_formula,cosine,3497,0.08831538832289643,1.7
15330,group_reduced_formula,cosine,4299,0.08013378899220025,1.26
15343,group_reduced_formula,cosine,1907,0.11808289631180324,1.06
15353,group_reduced_formula,cosine,9188,0.15484574527148354,1.28
15376,group_reduced_formula,cosine,8834,0.08831538832289654,0.46
15378,group_reduced_formula,cosine,4380,0.15484574527148354,1.72
15383,group_reduced_formula,cosine,9221,0.08831538832289654,0.92
15390,group_reduced_formula,cosine,11081,0.08013378899220025,1.76
15392,group_reduced_formula,cosine,11574,0.08013378899220025,1.1
15394,group_reduced_formula,cosine,12241,0.08831538832289643,0.28
15400,group_reduced_formula,cosine,11030,0.08013378899220025,0.64
15439,group_reduced_formula,cosine,17782,0.11808289631180324,1.64
15458,group_reduced_formula,cosine,5272,0.08831538832289643,0.78
15461,group_reduced_formula,cosine,5226,0.15484574527148354,1.38
15485,group_reduced_formula,cosine,1046,0.08831538832289643,1.16
15503,group_reduced_formula,cosine,3596,0.08831538832289643,1.22
15524,group_reduced_formula,cosine,6971,0.11808289631180324,1.04
15525,group_reduced_formula,cosine,15666,0.08831538832289643,1.1
15532,group_reduced_formula,cosine,7891,0.08013378899220025,1.84
15535,group_reduced_formula,cosine,549,0.08013378899220025,0.94
15545,group_reduced_formula,cosine,158,0.08013378899220025,2.34
15547,group_reduced_formula,cosine,6557,0.08013378899220025,2.36
15551,group_reduced_formula,cosine,6089,0.08831538832289643,1.84
15552,group_reduced_formula,cosine,9609,0.08013378899220025,0.3
15554,group_reduced_formula,cosine,11038,0.08013378899220014,1.5
15557,group_reduced_formula,cosine,8045,0.08831538832289654,1.18
15569,group_reduced_formula,cosine,2702,0.08831538832289654,2.04
15578,group_reduced_formula,cosine,12438,0.08831538832289654,2.1
15583,group_reduced_formula,cosine,9609,0.08013378899220025,1.98
15593,group_reduced_formula,cosine,549,0.08013378899220025,1.36
15629,group_reduced_formula,cosine,3677,0.15484574527148354,1.26
15657,group_reduced_formula,cosine,9051,0.08013378899220025,1.28
15670,group_reduced_formula,cosine,6939,0.08831538832289654,1.16
15674,group_reduced_formula,cosine,5858,0.15484574527148354,1.3
15693,group_reduced_formula,cosine,6938,0.11808289631180324,1.3
15694,group_reduced_formula,cosine,2762,0.11808289631180324,0.9
15704,group_reduced_formula,cosine,8661,0.11808289631180324,1.66
15715,group_reduced_formula,cosine,1766,0.08831538832289654,2.8
15717,group_reduced_formula,cosine,8412,0.08013378899220025,1.74
15718,group_reduced_formula,cosine,6557,0.08013378899220025,1.4
15738,group_reduced_formula,cosine,6944,0.08831538832289654,0.92
15739,group_reduced_formula,cosine,2151,0.08831538832289654,2.6
15756,group_reduced_formula,cosine,5058,0.11808289631180324,0.5
15763,group_reduced_formula,cosine,3341,0.08831538832289654,2.28
15769,group_reduced_formula,cosine,11072,0.08831538832289654,0.94
15770,group_reduced_formula,cosine,3915,0.08831538832289654,3.08
15771,group_reduced_formula,cosine,2219,0.08831538832289643,1.86
15777,group_reduced_formula,cosine,4510,0.08013378899220025,1.24
15785,group_reduced_formula,cosine,1841,0.08831538832289643,1.94
15797,group_reduced_formula,cosine,5929,0.08831538832289643,1.68
15800,group_reduced_formula,cosine,4126,0.08831538832289643,0.14
15808,group_reduced_formula,cosine,1140,0.08831538832289654,1.48
15809,group_reduced_formula,cosine,6557,0.08013378899220025,1.58
15811,group_reduced_formula,cosine,10927,0.08831538832289643,2.2
15816,group_reduced_formula,cosine,7030,0.15484574527148354,0.68
15817,group_reduced_formula,cosine,12318,0.08831538832289654,1.58
15829,group_reduced_formula,cosine,7045,0.11808289631180324,1.46
15832,group_reduced_formula,cosine,5511,0.08831538832289643,0.7
15839,group_reduced_formula,cosine,1841,0.08831538832289643,1.16
15848,group_reduced_formula,cosine,10333,0.08831538832289654,0.26
15855,group_reduced_formula,cosine,12214,0.11808289631180324,0.68
15876,group_reduced_formula,cosine,7638,0.08831538832289654,1.38
15883,group_reduced_formula,cosine,1625,0.08013378899220025,0.42
15884,group_reduced_formula,cosine,10117,0.08013378899220025,1.66
15886,group_reduced_formula,cosine,3715,0.15484574527148354,1.2
15906,group_reduced_formula,cosine,7996,0.08831538832289643,0.76
15907,group_reduced_formula,cosine,99,0.08831538832289643,1.36
15910,group_reduced_formula,cosine,101,0.08013378899220014,4.48
15912,group_reduced_formula,cosine,11985,0.08831538832289654,0.78
15915,group_reduced_formula,cosine,353,0.08831538832289654,2.68
15916,group_reduced_formula,cosine,5978,0.08013378899220025,1.36
15920,group_reduced_formula,cosine,4574,0.08831538832289654,0.56
15928,group_reduced_formula,cosine,3187,0.08831538832289643,-0.06
15931,group_reduced_formula,cosine,7428,0.08831538832289643,1.94
15934,group_reduced_formula,cosine,13671,0.08013378899220014,0.24
15937,group_reduced_formula,cosine,5480,0.08831538832289654,0.92
15950,group_reduced_formula,cosine,5016,0.15484574527148354,3.68
15955,group_reduced_formula,cosine,4574,0.08831538832289654,2.48
15960,group_reduced_formula,cosine,1472,0.08831538832289643,1.9
15966,group_reduced_formula,cosine,6910,0.15484574527148354,1.3
15973,group_reduced_formula,cosine,7128,0.11808289631180324,1.24
15979,group_reduced_formula,cosine,6087,0.08013378899220025,1.96
15996,group_reduced_formula,cosine,14238,0.08831538832289643,0.54
16024,group_reduced_formula,cosine,3902,0.08013378899220025,1.94
16025,group_reduced_formula,cosine,4011,0.15484574527148354,1.34
16047,group_reduced_formula,cosine,496,0.15484574527148354,1.74
16051,group_reduced_formula,cosine,12401,0.08013378899220025,1.06
16053,group_reduced_formula,cosine,10927,0.08831538832289643,1.58
16058,group_reduced_formula,cosine,12318,0.08831538832289654,1.62
16082,group_reduced_formula,cosine,7525,0.15484574527148354,1.36
16083,group_reduced_formula,cosine,3439,0.11808289631180324,1.98
16122,group_reduced_formula,cosine,85,0.08831538832289654,2.24
16124,group_reduced_formula,cosine,10469,0.08013378899220025,0.68
16125,group_reduced_formula,cosine,12797,0.08831538832289643,1.36
16126,group_reduced_formula,cosine,2283,0.08831538832289643,0.46
16144,group_reduced_formula,cosine,11030,0.08013378899220025,2.1
16154,group_reduced_formula,cosine,6227,0.11808289631180324,1.1
16211,group_reduced_formula,cosine,3814,0.08013378899220014,0.8
16215,group_reduced_formula,cosine,2301,0.08013378899220025,2.26
16217,group_reduced_formula,cosine,650,0.08013378899220025,2.92
16220,group_reduced_formula,cosine,1376,0.15484574527148354,2.88
16237,group_reduced_formula,cosine,10042,0.08831538832289643,0.68
16241,group_reduced_formula,cosine,5269,0.15484574527148354,2.02
16249,group_reduced_formula,cosine,11985,0.08831538832289654,0.32
16252,group_reduced_formula,cosine,2080,0.08831538832289643,1.44
16256,group_reduced_formula,cosine,2717,0.08831538832289654,0.94
16259,group_reduced_formula,cosine,11629,0.08831538832289643,1.06
16266,group_reduced_formula,cosine,7046,0.15484574527148354,2.22
16279,group_reduced_formula,cosine,1097,0.11808289631180324,1.2
16282,group_reduced_formula,cosine,6944,0.08831538832289654,1.08
16288,group_reduced_formula,cosine,13876,0.08831538832289654,1.78
16315,group_reduced_formula,cosine,11448,0.08013378899220025,2.22
16320,group_reduced_formula,cosine,14383,0.08831538832289643,1.1
16330,group_reduced_formula,cosine,9305,0.11808289631180324,1.52
16331,group_reduced_formula,cosine,2941,0.08013378899220025,1.92
16334,group_reduced_formula,cosine,18098,0.11808289631180324,1.12
16350,group_reduced_formula,cosine,931,0.08831538832289643,0.42
16358,group_reduced_formula,cosine,16721,0.08013378899220014,1.16
16373,group_reduced_formula,cosine,5978,0.08013378899220025,0.76
16381,group_reduced_formula,cosine,3203,0.11808289631180324,1.64
16408,group_reduced_formula,cosine,4526,0.11808289631180324,1.86
16418,group_reduced_formula,cosine,12442,0.08831538832289643,2.78
16447,group_reduced_formula,cosine,14307,0.08831538832289643,2.06
16457,group_reduced_formula,cosine,2504,0.08831538832289643,1.4
16480,group_reduced_formula,cosine,5853,0.08831538832289654,1.04
16485,group_reduced_formula,cosine,2939,0.08013378899220025,1.34
16488,group_reduced_formula,cosine,1625,0.08013378899220025,1.62
16499,group_reduced_formula,cosine,3902,0.08013378899220014,2.78
16516,group_reduced_formula,cosine,1925,0.08831538832289654,3.56
16522,group_reduced_formula,cosine,3248,0.08831538832289654,1.82
16526,group_reduced_formula,cosine,2540,0.08831538832289654,0.76
16530,group_reduced_formula,cosine,2783,0.15484574527148354,0.52
16533,group_reduced_formula,cosine,1089,0.08013378899220025,0.64
16541,group_reduced_formula,cosine,3641,0.08831538832289654,1.94
16546,group_reduced_formula,cosine,16196,0.15484574527148354,2.28
16571,group_reduced_formula,cosine,3167,0.11808289631180324,1.72
16575,group_reduced_formula,cosine,4526,0.11808289631180324,3.18
16583,group_reduced_formula,cosine,10316,0.11808289631180324,0.9
16585,group_reduced_formula,cosine,12592,0.08831538832289654,0.96
16587,group_reduced_formula,cosine,7407,0.08831538832289643,0.86
16620,group_reduced_formula,cosine,1830,0.08831538832289643,1.16
16630,group_reduced_formula,cosine,5431,0.08013378899220025,0.96
16645,group_reduced_formula,cosine,1230,0.15484574527148354,1.86
16647,group_reduced_formula,cosine,4879,0.08831538832289654,1.64
16652,group_reduced_formula,cosine,549,0.08013378899220025,0.7
16657,group_reduced_formula,cosine,13671,0.08013378899220025,1.66
16660,group_reduced_formula,cosine,1536,0.08831538832289643,1.74
16677,group_reduced_formula,cosine,9669,0.08831538832289643,1.52
16679,group_reduced_formula,cosine,464,0.15484574527148354,0.82
16681,group_reduced_formula,cosine,7541,0.08013378899220014,1.28
16682,group_reduced_formula,cosine,3017,0.15484574527148354,0.56
16748,group_reduced_formula,cosine,1625,0.08013378899220025,2.48
16751,group_reduced_formula,cosine,7027,0.15484574527148354,3.76
16763,group_reduced_formula,cosine,10608,0.08831538832289643,1.58
16772,group_reduced_formula,cosine,7891,0.08013378899220025,2.3
16788,group_reduced_formula,cosine,16006,0.07549967295795157,1.64
16789,group_reduced_formula,cosine,1046,0.08831538832289643,1.76
16834,group_reduced_formula,cosine,6636,0.08013378899220014,0.46
16836,group_reduced_formula,cosine,11038,0.08013378899220014,1.12
16839,group_reduced_formula,cosine,2940,0.08831538832289654,1.08
16844,group_reduced_formula,cosine,5543,0.15484574527148354,2.38
16853,group_reduced_formula,cosine,9976,0.08831538832289643,1.16
16854,group_reduced_formula,cosine,7698,0.15484574527148354,3.6
16882,group_reduced_formula,cosine,6946,0.08831538832289643,1.8
16893,group_reduced_formula,cosine,11081,0.08013378899220025,2.56
16899,group_reduced_formula,cosine,2941,0.08013378899220025,2.98
16905,group_reduced_formula,cosine,2941,0.08013378899220025,1.68
16913,group_reduced_formula,cosine,12948,0.11808289631180324,2.56
16916,group_reduced_formula,cosine,14279,0.08831538832289654,0.92
16919,group_reduced_formula,cosine,10224,0.08831538832289654,1.0
16924,group_reduced_formula,cosine,3814,0.08013378899220025,1.78
16955,group_reduced_formula,cosine,10372,0.08831538832289643,1.62
16968,group_reduced_formula,cosine,7160,0.08831538832289643,1.24
16970,group_reduced_formula,cosine,2686,0.15484574527148354,1.56
16972,group_reduced_formula,cosine,7996,0.08831538832289643,1.36
16974,group_reduced_formula,cosine,2823,0.08831538832289654,1.32
16997,group_reduced_formula,cosine,4380,0.15484574527148354,1.4
17000,group_reduced_formula,cosine,5670,0.15484574527148354,1.08
17004,group_reduced_formula,cosine,10457,0.08831538832289654,2.74
17010,group_reduced_formula,cosine,6523,0.08831538832289643,1.48
17019,group_reduced_formula,cosine,4047,0.08831538832289643,0.86
17022,group_reduced_formula,cosine,3437,0.08831538832289654,1.26
17023,group_reduced_formula,cosine,8606,0.08013378899220025,0.5
17036,group_reduced_formula,cosine,12401,0.08013378899220025,1.66
17044,group_reduced_formula,cosine,4336,0.08831538832289643,0.04
17048,group_reduced_formula,cosine,2188,0.08831538832289654,1.3
17053,group_reduced_formula,cosine,9227,0.08831538832289654,1.12
17055,group_reduced_formula,cosine,9609,0.08013378899220025,1.22
17081,group_reduced_formula,cosine,5431,0.08013378899220025,1.48
17092,group_reduced_formula,cosine,15159,0.08013378899220025,2.04
17103,group_reduced_formula,cosine,17,0.08831538832289654,1.32
17104,group_reduced_formula,cosine,8412,0.08013378899220025,1.46
17105,group_reduced_formula,cosine,821,0.15484574527148354,1.92
17109,group_reduced_formula,cosine,2247,0.08013378899220014,2.02
17117,group_reduced_formula,cosine,7541,0.08013378899220014,1.58
17133,group_reduced_formula,cosine,2306,0.08831538832289654,0.7
17157,group_reduced_formula,cosine,971,0.11808289631180324,1.52
17192,group_reduced_formula,cosine,11907,0.08013378899220025,1.22
17193,group_reduced_formula,cosine,3650,0.08831538832289643,3.72
17200,group_reduced_formula,cosine,9051,0.08013378899220014,0.46
17207,group_reduced_formula,cosine,2247,0.08013378899220014,0.46
17209,group_reduced_formula,cosine,6636,0.08013378899220025,2.56
17221,group_reduced_formula,cosine,2301,0.08013378899220025,2.32
17241,group_reduced_formula,cosine,794,0.08831538832289654,1.04
17255,group_reduced_formula,cosine,635,0.08831538832289654,3.44
17365,group_reduced_formula,cosine,10294,0.08831538832289643,0.94
17368,group_reduced_formula,cosine,7541,0.08013378899220025,1.04
17389,group_reduced_formula,cosine,3253,0.11808289631180324,1.3
17390,group_reduced_formula,cosine,4697,0.15484574527148354,0.52
17409,group_reduced_formula,cosine,5823,0.08831538832289643,1.88
17416,group_reduced_formula,cosine,10370,0.08831538832289654,0.58
17431,group_reduced_formula,cosine,18541,0.08013378899220014,1.02
17443,group_reduced_formula,cosine,1688,0.08831538832289643,0.9
17444,group_reduced_formula,cosine,1925,0.08831538832289654,2.86
17477,group_reduced_formula,cosine,13588,0.11808289631180324,1.02
17478,group_reduced_formula,cosine,7638,0.08831538832289654,0.96
17484,group_reduced_formula,cosine,116,0.08831538832289643,1.04
17486,group_reduced_formula,cosine,7259,0.08013378899220025,1.58
17508,group_reduced_formula,cosine,5345,0.15484574527148354,1.22
17517,group_reduced_formula,cosine,1089,0.08013378899220014,0.76
17522,group_reduced_formula,cosine,7910,0.11808289631180324,1.88
17527,group_reduced_formula,cosine,16356,0.11808289631180324,1.2
17542,group_reduced_formula,cosine,6275,0.08831538832289654,2.02
17559,group_reduced_formula,cosine,1625,0.08013378899220025,2.34
17562,group_reduced_formula,cosine,14663,0.08831538832289643,0.78
17584,group_reduced_formula,cosine,6952,0.08831538832289643,3.88
17603,group_reduced_formula,cosine,7698,0.15484574527148354,0.94
17625,group_reduced_formula,cosine,1526,0.08831538832289654,1.88
17633,group_reduced_formula,cosine,158,0.08013378899220025,3.4
17640,group_reduced_formula,cosine,2014,0.15484574527148354,1.3
17647,group_reduced_formula,cosine,453,0.08831538832289654,0.18
17650,group_reduced_formula,cosine,7042,0.08831538832289654,0.78
17656,group_reduced_formula,cosine,3667,0.08831538832289654,1.24
17658,group_reduced_formula,cosine,13554,0.08831538832289643,0.5
17659,group_reduced_formula,cosine,2217,0.15484574527148354,1.9
17667,group_reduced_formula,cosine,11031,0.08831538832289643,1.5
17671,group_reduced_formula,cosine,2760,0.08831538832289654,0.62
17683,group_reduced_formula,cosine,13781,0.08013378899220025,1.9
17701,group_reduced_formula,cosine,101,0.08013378899220025,1.24
17702,group_reduced_formula,cosine,2939,0.08013378899220025,1.38
17706,group_reduced_formula,cosine,9212,0.08013378899220014,1.76
17711,group_reduced_formula,cosine,8281,0.08013378899220025,-0.12
17716,group_reduced_formula,cosine,7160,0.08831538832289643,1.62
17727,group_reduced_formula,cosine,12203,0.15484574527148354,2.44
17731,group_reduced_formula,cosine,2686,0.15484574527148354,0.7
17744,group_reduced_formula,cosine,5296,0.15484574527148354,1.98
17748,group_reduced_formula,cosine,8924,0.08831538832289643,1.3
17751,group_reduced_formula,cosine,10094,0.08831538832289654,0.54
17757,group_reduced_formula,cosine,1863,0.15484574527148354,1.08
17768,group_reduced_formula,cosine,11448,0.08013378899220025,1.82
17773,group_reduced_formula,cosine,1273,0.11808289631180324,1.28
17787,group_reduced_formula,cosine,6971,0.11808289631180324,1.14
17797,group_reduced_formula,cosine,7612,0.15484574527148354,1.54
17798,group_reduced_formula,cosine,549,0.08013378899220025,0.86
17802,group_reduced_formula,cosine,11907,0.08013378899220025,0.42
17830,group_reduced_formula,cosine,5131,0.08831538832289643,1.44
17833,group_reduced_formula,cosine,32,0.14285714285714302,2.16
17839,group_reduced_formula,cosine,1108,0.08831538832289643,1.72
17840,group_reduced_formula,cosine,4888,0.15484574527148354,1.32
17843,group_reduced_formula,cosine,13781,0.08013378899220025,2.24
17844,group_reduced_formula,cosine,11574,0.08013378899220025,2.92
17855,group_reduced_formula,cosine,2941,0.08013378899220025,2.14
17864,group_reduced_formula,cosine,8935,0.08831538832289654,0.84
17872,group_reduced_formula,cosine,8579,0.08831538832289654,2.18
17873,group_reduced_formula,cosine,9145,0.15484574527148354,1.0
17880,group_reduced_formula,cosine,1738,0.08831538832289643,1.56
17881,group_reduced_formula,cosine,6557,0.08013378899220025,1.02
17896,group_reduced_formula,cosine,6347,0.15484574527148354,2.38
17897,group_reduced_formula,cosine,12595,0.08831538832289643,1.1
17898,group_reduced_formula,cosine,7089,0.08013378899220025,1.18
17904,group_reduced_formula,cosine,3583,0.08013378899220014,0.56
17906,group_reduced_formula,cosine,597,0.08831538832289643,1.62
17909,group_reduced_formula,cosine,11536,0.11808289631180324,1.42
17919,group_reduced_formula,cosine,6636,0.08013378899220014,2.5
17920,group_reduced_formula,cosine,8248,0.08013378899220025,0.8
17925,group_reduced_formula,cosine,4693,0.15484574527148354,2.02
17935,group_reduced_formula,cosine,4037,0.08831538832289654,0.98
17937,group_reduced_formula,cosine,7541,0.08013378899220014,0.68
17968,group_reduced_formula,cosine,7428,0.08831538832289643,1.16
17978,group_reduced_formula,cosine,14518,0.08013378899220014,1.26
17996,group_reduced_formula,cosine,10316,0.11808289631180324,1.24
18002,group_reduced_formula,cosine,9408,0.08831538832289643,2.54
18006,group_reduced_formula,cosine,17912,0.08013378899220025,1.96
18008,group_reduced_formula,cosine,7191,0.08831538832289654,1.14
18009,group_reduced_formula,cosine,427,0.08013378899220025,2.14
18025,group_reduced_formula,cosine,9667,0.07549967295795157,0.62
18036,group_reduced_formula,cosine,1588,0.08831538832289643,1.1
18058,group_reduced_formula,cosine,1889,0.08831538832289654,1.42
18062,group_reduced_formula,cosine,7766,0.08831538832289643,1.62
18091,group_reduced_formula,cosine,389,0.14285714285714302,2.52
18100,group_reduced_formula,cosine,4380,0.15484574527148354,2.4
18127,group_reduced_formula,cosine,5459,0.11808289631180324,0.72
18147,group_reduced_formula,cosine,11031,0.08831538832289643,0.6
18151,group_reduced_formula,cosine,3117,0.08831538832289643,1.06
18165,group_reduced_formula,cosine,6357,0.11808289631180324,1.06
18207,group_reduced_formula,cosine,10094,0.08831538832289654,0.9
18213,group_reduced_formula,cosine,3382,0.08831538832289654,1.2
18221,group_reduced_formula,cosine,101,0.08013378899220025,1.64
18224,group_reduced_formula,cosine,5019,0.11808289631180324,1.42
18226,group_reduced_formula,cosine,8281,0.08013378899220025,0.76
18229,group_reduced_formula,cosine,7422,0.08831538832289654,1.1
18236,group_reduced_formula,cosine,277,0.15484574527148354,1.7
18242,group_reduced_formula,cosine,14898,0.08831538832289654,0.92
18243,group_reduced_formula,cosine,931,0.08831538832289643,1.4
18248,group_reduced_formula,cosine,3853,0.08831538832289643,1.18
18251,group_reduced_formula,cosine,7460,0.08013378899220025,0.42
18252,group_reduced_formula,cosine,1702,0.08831538832289643,2.46
18258,group_reduced_formula,cosine,11574,0.08013378899220025,1.22
18269,group_reduced_formula,cosine,11081,0.08013378899220025,2.58
18270,group_reduced_formula,cosine,6560,0.15484574527148354,0.88
18272,group_reduced_formula,cosine,1517,0.08831538832289643,1.18
18274,group_reduced_formula,cosine,11596,0.08831538832289654,1.08
18277,group_reduced_formula,cosine,15159,0.08013378899220025,2.12
18289,group_reduced_formula,cosine,17820,0.08013378899220014,1.62
18290,group_reduced_formula,cosine,6968,0.11808289631180324,1.28
18296,group_reduced_formula,cosine,17912,0.08013378899220025,1.78
18298,group_reduced_formula,cosine,8088,0.08831538832289654,0.9
18299,group_reduced_formula,cosine,7891,0.08013378899220025,2.3
18300,group_reduced_formula,cosine,14267,0.11808289631180324,0.54
18311,group_reduced_formula,cosine,9667,0.08013378899220025,1.22
18321,group_reduced_formula,cosine,9520,0.08831538832289643,0.86
18324,group_reduced_formula,cosine,4890,0.08831538832289643,1.96
18325,group_reduced_formula,cosine,4510,0.08013378899220025,1.66
18335,group_reduced_formula,cosine,821,0.15484574527148354,1.22
18350,group_reduced_formula,cosine,427,0.08013378899220025,2.06
18354,group_reduced_formula,cosine,549,0.08013378899220025,0.2
18360,group_reduced_formula,cosine,16291,0.08013378899220025,0.84
18362,group_reduced_formula,cosine,42,0.08831538832289654,0.72
18387,group_reduced_formula,cosine,5373,0.08831538832289643,1.92
18389,group_reduced_formula,cosine,5431,0.08013378899220025,2.18
18393,group_reduced_formula,cosine,9051,0.08013378899220014,0.94
18414,group_reduced_formula,cosine,6673,0.11808289631180324,1.1
18435,group_reduced_formula,cosine,13119,0.11808289631180324,0.72
18439,group_reduced_formula,cosine,3187,0.08831538832289643,2.42
18447,group_reduced_formula,cosine,650,0.08013378899220025,1.84
18459,group_reduced_formula,cosine,17106,0.08831538832289654,0.58
18466,group_reduced_formula,cosine,16196,0.15484574527148354,1.4
18468,group_reduced_formula,cosine,1239,0.15484574527148354,1.68
18472,group_reduced_formula,cosine,537,0.08831538832289654,1.76
18497,group_reduced_formula,cosine,13781,0.08013378899220025,1.22
18509,group_reduced_formula,cosine,158,0.08013378899220025,1.58
18514,group_reduced_formula,cosine,10123,0.08831538832289654,1.08
18519,group_reduced_formula,cosine,273,0.08831538832289654,1.36
18557,group_reduced_formula,cosine,10372,0.08831538832289643,-0.08
18583,group_reduced_formula,cosine,8411,0.08013378899220025,1.3
18588,group_reduced_formula,cosine,11106,0.08831538832289643,2.52
18606,group_reduced_formula,cosine,8787,0.08013378899220025,0.78
18607,group_reduced_formula,cosine,6357,0.11808289631180324,1.6
18615,group_reduced_formula,cosine,17553,0.08013378899220025,2.06
18620,group_reduced_formula,cosine,9318,0.08831538832289643,0.68
18634,group_reduced_formula,cosine,2038,0.08831538832289654,2.96
18639,group_reduced_formula,cosine,3785,0.08831538832289643,1.3
18641,group_reduced_formula,cosine,7891,0.08013378899220025,1.62
18648,group_reduced_formula,cosine,5459,0.11808289631180324,1.32
18662,group_reduced_formula,cosine,1108,0.08831538832289643,1.56
18668,group_reduced_formula,cosine,4510,0.08013378899220025,1.44
18669,group_reduced_formula,cosine,3171,0.07549967295795157,0.6
18673,group_reduced_formula,cosine,8618,0.08831538832289654,2.62
18686,group_reduced_formula,cosine,1470,0.08831538832289643,0.3
18709,group_reduced_formula,cosine,5543,0.15484574527148354,1.24
18715,group_reduced_formula,cosine,7640,0.08831538832289643,1.82
18730,group_reduced_formula,cosine,7541,0.08013378899220014,1.12
18734,group_reduced_formula,cosine,1230,0.15484574527148354,1.42
18736,group_reduced_formula,cosine,362,0.08831538832289654,0.56
18737,group_reduced_formula,cosine,5058,0.11808289631180324,1.58
18753,group_reduced_formula,cosine,8088,0.08831538832289654,1.32
18756,group_reduced_formula,cosine,5058,0.11808289631180324,1.44
18757,group_reduced_formula,cosine,2149,0.08831538832289654,0.94
18794,group_reduced_formula,cosine,11030,0.08013378899220025,1.98
18795,group_reduced_formula,cosine,10333,0.08831538832289654,0.98
18796,group_reduced_formula,cosine,14219,0.08831538832289654,1.54
18805,group_reduced_formula,cosine,158,0.08013378899220025,2.0
18806,group_reduced_formula,cosine,9051,0.08013378899220025,-0.24
18808,group_reduced_formula,cosine,18541,0.08013378899220014,1.5
18825,group_reduced_formula,cosine,13911,0.08013378899220025,0.68
18840,group_reduced_formula,cosine,4037,0.08831538832289654,0.9
18843,group_reduced_formula,cosine,5879,0.08831538832289654,1.14
18848,group_reduced_formula,cosine,1054,0.11808289631180324,1.76
18874,group_reduced_formula,cosine,13147,0.08831538832289643,0.86
18876,group_reduced_formula,cosine,650,0.08013378899220025,1.48
18888,group_reduced_formula,cosine,15199,0.08831538832289654,1.28
18901,group_reduced_formula,cosine,952,0.08831538832289654,0.76
18904,group_reduced_formula,cosine,8248,0.08013378899220025,2.36
18922,group_reduced_formula,cosine,2540,0.08831538832289654,1.78
18923,group_reduced_formula,cosine,11691,0.11808289631180324,1.66
18925,group_reduced_formula,cosine,4761,0.15484574527148354,1.5
5,group_reduced_formula,euclidean,347,0.282842712474619,1.48
19,group_reduced_formula,euclidean,340,0.282842712474619,0.46
48,group_reduced_formula,euclidean,2808,0.2828427124746191,2.84
55,group_reduced_formula,euclidean,13,0.28284271247461895,1.36
56,group_reduced_formula,euclidean,282,0.28284271247461895,1.78
59,group_reduced_formula,euclidean,15,0.28284271247461895,0.64
70,group_reduced_formula,euclidean,291,0.28284271247461895,1.08
83,group_reduced_formula,euclidean,68,0.28284271247461895,0.96
91,group_reduced_formula,euclidean,164,0.2828427124746191,1.32
114,group_reduced_formula,euclidean,89,0.28284271247461895,1.3
127,group_reduced_formula,euclidean,179,0.28284271247461895,0.48
133,group_reduced_formula,euclidean,505,0.28284271247461895,1.14
150,group_reduced_formula,euclidean,348,0.28284271247461895,1.26
204,group_reduced_formula,euclidean,168,0.28284271247461895,4.18
220,group_reduced_formula,euclidean,443,0.28284271247461895,0.92
222,group_reduced_formula,euclidean,10,0.2828427124746191,1.16
225,group_reduced_formula,euclidean,345,0.28284271247461895,1.22
233,group_reduced_formula,euclidean,158,0.28284271247461906,0.98
242,group_reduced_formula,euclidean,1149,0.2828427124746191,1.98
252,group_reduced_formula,euclidean,20,0.28284271247461895,1.16
256,group_reduced_formula,euclidean,153,0.28284271247461895,1.08
261,group_reduced_formula,euclidean,4,0.28284271247461895,0.92
275,group_reduced_formula,euclidean,3727,0.2828427124746191,1.14
279,group_reduced_formula,euclidean,1149,0.28284271247461906,1.7
283,group_reduced_formula,euclidean,514,0.282842712474619,1.66
289,group_reduced_formula,euclidean,64,0.28284271247461895,1.02
295,group_reduced_formula,euclidean,166,0.28284271247461895,1.2
311,group_reduced_formula,euclidean,84,0.28284271247461895,3.84
314,group_reduced_formula,euclidean,6567,0.282842712474619,1.26
316,group_reduced_formula,euclidean,58,0.28284271247461895,0.3
319,group_reduced_formula,euclidean,217,0.28284271247461895,0.4
321,group_reduced_formula,euclidean,189,0.28284271247461895,1.74
327,group_reduced_formula,euclidean,88,0.28284271247461906,1.18
336,group_reduced_formula,euclidean,101,0.2828427124746191,1.84
341,group_reduced_formula,euclidean,653,0.28284271247461895,1.08
361,group_reduced_formula,euclidean,3915,0.28284271247461906,0.8
366,group_reduced_formula,euclidean,26,0.28284271247461895,0.5
378,group_reduced_formula,euclidean,175,0.28284271247461895,2.44
382,group_reduced_formula,euclidean,266,0.28284271247461895,1.96
387,group_reduced_formula,euclidean,374,0.28284271247461895,2.02
399,group_reduced_formula,euclidean,45,0.28284271247461895,1.02
422,group_reduced_formula,euclidean,6,0.28284271247461895,1.36
424,group_reduced_formula,euclidean,291,0.28284271247461895,1.9
445,group_reduced_formula,euclidean,1454,0.28284271247461906,2.3
452,group_reduced_formula,euclidean,4,0.28284271247461895,1.44
478,group_reduced_formula,euclidean,154,0.282842712474619,1.88
490,group_reduced_formula,euclidean,38,0.28284271247461895,1.36
494,group_reduced_formula,euclidean,190,0.28284271247461895,3.42
518,group_reduced_formula,euclidean,75,0.2828427124746191,0.84
524,group_reduced_formula,euclidean,27,0.28284271247461895,1.1
535,group_reduced_formula,euclidean,39,0.282842712474619,1.16
559,group_reduced_formula,euclidean,443,0.28284271247461895,2.6
573,group_reduced_formula,euclidean,76,0.28284271247461895,1.22
589,group_reduced_formula,euclidean,143,0.28284271247461895,1.1
600,group_reduced_formula,euclidean,101,0.28284271247461906,1.8
602,group_reduced_formula,euclidean,26,0.28284271247461895,1.52
605,group_reduced_formula,euclidean,54,0.2828427124746191,1.04
617,group_reduced_formula,euclidean,2,0.28284271247461895,0.76
627,group_reduced_formula,euclidean,849,0.28284271247461906,1.44
629,group_reduced_formula,euclidean,1290,0.282842712474619,0.6
630,group_reduced_formula,euclidean,104,0.28284271247461895,1.84
636,group_reduced_formula,euclidean,398,0.28284271247461895,1.88
638,group_reduced_formula,euclidean,86,0.28284271247461895,0.94
649,group_reduced_formula,euclidean,20,0.28284271247461895,0.68
664,group_reduced_formula,euclidean,427,0.28284271247461906,1.82
667,group_reduced_formula,euclidean,158,0.2828427124746191,2.02
670,group_reduced_formula,euclidean,88,0.28284271247461906,0.62
689,group_reduced_formula,euclidean,88,0.28284271247461895,1.18
692,group_reduced_formula,euclidean,415,0.28284271247461895,1.94
693,group_reduced_formula,euclidean,21,0.28284271247461895,0.52
695,group_reduced_formula,euclidean,389,0.2828427124746191,2.46
699,group_reduced_formula,euclidean,104,0.28284271247461895,1.18
704,group_reduced_formula,euclidean,54,0.28284271247461895,1.14
709,group_reduced_formula,euclidean,144,0.28284271247461895,2.0
719,group_reduced_formula,euclidean,8474,0.2828427124746191,1.9
721,group_reduced_formula,euclidean,1068,0.282842712474619,2.1
753,group_reduced_formula,euclidean,86,0.28284271247461895,0.52
754,group_reduced_formula,euclidean,1022,0.282842712474619,1.3
793,group_reduced_formula,euclidean,1184,0.2828427124746191,1.24
796,group_reduced_formula,euclidean,2939,0.2828427124746191,1.2
812,group_reduced_formula,euclidean,1131,0.282842712474619,0.48
818,group_reduced_formula,euclidean,44,0.28284271247461895,1.08
832,group_reduced_formula,euclidean,190,0.28284271247461895,1.24
882,group_reduced_formula,euclidean,158,0.28284271247461906,1.96
890,group_reduced_formula,euclidean,4,0.28284271247461895,0.56
892,group_reduced_formula,euclidean,178,0.28284271247461895,1.46
899,group_reduced_formula,euclidean,365,0.28284271247461906,0.66
904,group_reduced_formula,euclidean,603,0.282842712474619,1.66
945,group_reduced_formula,euclidean,4,0.28284271247461895,2.02
958,group_reduced_formula,euclidean,4,0.28284271247461895,1.4
959,group_reduced_formula,euclidean,6,0.28284271247461895,1.04
970,group_reduced_formula,euclidean,678,0.282842712474619,1.28
985,group_reduced_formula,euclidean,722,0.28284271247461906,2.66
992,group_reduced_formula,euclidean,139,0.28284271247461895,2.46
996,group_reduced_formula,euclidean,86,0.28284271247461895,1.28
997,group_reduced_formula,euclidean,6,0.28284271247461895,1.4
1004,group_reduced_formula,euclidean,38,0.28284271247461895,0.72
1020,group_reduced_formula,euclidean,94,0.28284271247461895,0.72
1027,group_reduced_formula,euclidean,40,0.28284271247461895,1.38
1032,group_reduced_formula,euclidean,135,0.28284271247461895,0.84
1037,group_reduced_formula,euclidean,53,0.28284271247461895,2.62
1047,group_reduced_formula,euclidean,163,0.28284271247461895,1.04
1058,group_reduced_formula,euclidean,822,0.28284271247461906,1.2
1059,group_reduced_formula,euclidean,4109,0.28284271247461906,0.96
1070,group_reduced_formula,euclidean,156,0.28284271247461895,0.78
1078,group_reduced_formula,euclidean,7,0.28284271247461895,1.74
1106,group_reduced_formula,euclidean,79,0.28284271247461895,1.42
1112,group_reduced_formula,euclidean,9870,0.282842712474619,1.02
1125,group_reduced_formula,euclidean,191,0.28284271247461895,0.56
1129,group_reduced_formula,euclidean,123,0.28284271247461895,2.06
1135,group_reduced_formula,euclidean,64,0.28284271247461895,0.6
1159,group_reduced_formula,euclidean,2453,0.2828427124746191,1.86
1180,group_reduced_formula,euclidean,118,0.28284271247461895,0.98
1181,group_reduced_formula,euclidean,1044,0.28284271247461906,1.04
1204,group_reduced_formula,euclidean,3915,0.2828427124746191,2.16
1220,group_reduced_formula,euclidean,486,0.28284271247461895,0.76
1221,group_reduced_formula,euclidean,1495,0.282842712474619,2.44
1240,group_reduced_formula,euclidean,40,0.28284271247461895,1.7
1247,group_reduced_formula,euclidean,20,0.28284271247461895,1.9
1248,group_reduced_formula,euclidean,45,0.28284271247461895,2.28
1274,group_reduced_formula,euclidean,208,0.28284271247461895,1.18
1330,group_reduced_formula,euclidean,9870,0.282842712474619,1.02
1331,group_reduced_formula,euclidean,821,0.282842712474619,1.4
1342,group_reduced_formula,euclidean,34,0.28284271247461895,0.42
1343,group_reduced_formula,euclidean,365,0.28284271247461906,2.02
1357,group_reduced_formula,euclidean,1031,0.2828427124746191,1.92
1371,group_reduced_formula,euclidean,120,0.28284271247461895,1.26
1377,group_reduced_formula,euclidean,75,0.28284271247461895,1.34
1393,group_reduced_formula,euclidean,1626,0.282842712474619,1.24
1404,group_reduced_formula,euclidean,143,0.28284271247461895,1.68
1405,group_reduced_formula,euclidean,78,0.28284271247461895,1.46
1408,group_reduced_formula,euclidean,74,0.28284271247461895,0.9
1414,group_reduced_formula,euclidean,4,0.28284271247461895,0.54
1415,group_reduced_formula,euclidean,1762,0.282842712474619,0.88
1421,group_reduced_formula,euclidean,113,0.28284271247461895,1.04
1430,group_reduced_formula,euclidean,148,0.28284271247461906,0.62
1453,group_reduced_formula,euclidean,1472,0.28284271247461906,0.78
1464,group_reduced_formula,euclidean,26,0.28284271247461895,1.52
1465,group_reduced_formula,euclidean,40,0.28284271247461895,1.42
1492,group_reduced_formula,euclidean,95,0.28284271247461895,1.14
1507,group_reduced_formula,euclidean,389,0.28284271247461895,1.92
1510,group_reduced_formula,euclidean,8,0.28284271247461895,1.84
1513,group_reduced_formula,euclidean,6,0.28284271247461895,1.52
1516,group_reduced_formula,euclidean,650,0.28284271247461906,2.64
1519,group_reduced_formula,euclidean,547,0.28284271247461895,0.74
1520,group_reduced_formula,euclidean,44,0.28284271247461895,1.64
1522,group_reduced_formula,euclidean,1177,0.282842712474619,0.94
1533,group_reduced_formula,euclidean,203,0.28284271247461895,0.46
1541,group_reduced_formula,euclidean,6,0.28284271247461895,2.1
1552,group_reduced_formula,euclidean,3226,0.2828427124746191,2.88
1560,group_reduced_formula,euclidean,1313,0.282842712474619,1.46
1578,group_reduced_formula,euclidean,58,0.28284271247461895,1.58
1581,group_reduced_formula,euclidean,282,0.28284271247461895,2.04
1589,group_reduced_formula,euclidean,11090,0.282842712474619,3.06
1597,group_reduced_formula,euclidean,74,0.28284271247461895,1.1
1598,group_reduced_formula,euclidean,1239,0.282842712474619,0.98
1601,group_reduced_formula,euclidean,101,0.2828427124746191,1.46
1607,group_reduced_formula,euclidean,191,0.28284271247461895,1.42
1609,group_reduced_formula,euclidean,147,0.28284271247461895,2.22
1628,group_reduced_formula,euclidean,1183,0.2828427124746191,3.2
1648,group_reduced_formula,euclidean,141,0.28284271247461895,1.62
1652,group_reduced_formula,euclidean,1275,0.282842712474619,1.24
1663,group_reduced_formula,euclidean,101,0.2828427124746191,1.18
1683,group_reduced_formula,euclidean,701,0.28284271247461895,1.94
1692,group_reduced_formula,euclidean,479,0.28284271247461895,1.1
1707,group_reduced_formula,euclidean,123,0.28284271247461895,2.0
1711,group_reduced_formula,euclidean,49,0.28284271247461895,1.14
1723,group_reduced_formula,euclidean,214,0.28284271247461895,1.36
1725,group_reduced_formula,euclidean,1262,0.28284271247461906,1.84
1727,group_reduced_formula,euclidean,123,0.28284271247461895,1.76
1734,group_reduced_formula,euclidean,106,0.28284271247461895,0.98
1770,group_reduced_formula,euclidean,317,0.28284271247461906,0.96
1783,group_reduced_formula,euclidean,1472,0.28284271247461906,1.68
1792,group_reduced_formula,euclidean,144,0.28284271247461895,1.6
1821,group_reduced_formula,euclidean,1313,0.282842712474619,1.46
1822,group_reduced_formula,euclidean,107,0.28284271247461895,0.18
1833,group_reduced_formula,euclidean,427,0.28284271247461906,1.44
1848,group_reduced_formula,euclidean,62,0.28284271247461895,2.92
1856,group_reduced_formula,euclidean,164,0.2828427124746191,2.0
1868,group_reduced_formula,euclidean,75,0.28284271247461895,1.04
1875,group_reduced_formula,euclidean,143,0.28284271247461895,1.88
1881,group_reduced_formula,euclidean,840,0.282842712474619,2.1
1891,group_reduced_formula,euclidean,75,0.2828427124746191,1.74
1898,group_reduced_formula,euclidean,106,0.28284271247461895,0.94
1900,group_reduced_formula,euclidean,4,0.28284271247461895,1.34
1906,group_reduced_formula,euclidean,2162,0.282842712474619,0.78
1909,group_reduced_formula,euclidean,207,0.28284271247461895,1.72
1919,group_reduced_formula,euclidean,1889,0.28284271247461906,1.04
1923,group_reduced_formula,euclidean,653,0.28284271247461895,0.98
1928,group_reduced_formula,euclidean,1044,0.28284271247461906,1.78
1940,group_reduced_formula,euclidean,94,0.28284271247461895,2.08
1948,group_reduced_formula,euclidean,93,0.28284271247461895,2.04
1949,group_reduced_formula,euclidean,13,0.28284271247461895,1.2
1957,group_reduced_formula,euclidean,166,0.28284271247461895,2.22
1963,group_reduced_formula,euclidean,2941,0.28284271247461906,1.16
1981,group_reduced_formula,euclidean,6,0.28284271247461895,1.96
2016,group_reduced_formula,euclidean,2,0.28284271247461906,1.44
2025,group_reduced_formula,euclidean,179,0.28284271247461895,2.64
2039,group_reduced_formula,euclidean,6052,0.2828427124746191,1.28
2040,group_reduced_formula,euclidean,89,0.28284271247461895,1.2
2052,group_reduced_formula,euclidean,2345,0.282842712474619,1.18
2053,group_reduced_formula,euclidean,3456,0.28284271247461906,3.36
2072,group_reduced_formula,euclidean,21,0.28284271247461895,1.32
2089,group_reduced_formula,euclidean,317,0.28284271247461906,1.9
2091,group_reduced_formula,euclidean,654,0.2828427124746191,1.3
2092,group_reduced_formula,euclidean,106,0.28284271247461895,0.62
2121,group_reduced_formula,euclidean,168,0.28284271247461895,1.7
2132,group_reduced_formula,euclidean,653,0.28284271247461895,1.56
2139,group_reduced_formula,euclidean,293,0.28284271247461895,0.98
2146,group_reduced_formula,euclidean,120,0.28284271247461895,0.22
2159,group_reduced_formula,euclidean,143,0.28284271247461895,2.72
2184,group_reduced_formula,euclidean,653,0.28284271247461906,2.34
2189,group_reduced_formula,euclidean,156,0.28284271247461895,1.44
2198,group_reduced_formula,euclidean,1870,0.282842712474619,1.26
2205,group_reduced_formula,euclidean,178,0.28284271247461895,0.5
2231,group_reduced_formula,euclidean,76,0.28284271247461895,1.0
2253,group_reduced_formula,euclidean,1276,0.28284271247461906,0.96
2258,group_reduced_formula,euclidean,54,0.28284271247461895,1.58
2259,group_reduced_formula,euclidean,164,0.28284271247461895,1.82
2266,group_reduced_formula,euclidean,2280,0.28284271247461906,1.88
2276,group_reduced_formula,euclidean,79,0.28284271247461895,1.52
2281,group_reduced_formula,euclidean,108,0.28284271247461895,1.98
2282,group_reduced_formula,euclidean,2926,0.28284271247461906,3.26
2284,group_reduced_formula,euclidean,15,0.28284271247461895,1.76
2287,group_reduced_formula,euclidean,1857,0.2828427124746191,2.64
2296,group_reduced_formula,euclidean,32,0.28284271247461895,1.36
2297,group_reduced_formula,euclidean,2376,0.2828427124746191,1.5
2302,group_reduced_formula,euclidean,62,0.28284271247461895,2.02
2315,group_reduced_formula,euclidean,15,0.28284271247461895,0.82
2326,group_reduced_formula,euclidean,7,0.28284271247461895,1.34
2334,group_reduced_formula,euclidean,203,0.28284271247461895,0.38
2340,group_reduced_formula,euclidean,1108,0.28284271247461906,2.28
2342,group_reduced_formula,euclidean,266,0.28284271247461895,1.18
2351,group_reduced_formula,euclidean,6087,0.2828427124746191,1.4
2383,group_reduced_formula,euclidean,2014,0.282842712474619,1.24
2391,group_reduced_formula,euclidean,88,0.28284271247461906,0.1
2440,group_reduced_formula,euclidean,367,0.28284271247461895,1.26
2451,group_reduced_formula,euclidean,8474,0.2828427124746191,2.0
2462,group_reduced_formula,euclidean,257,0.28284271247461895,1.1
2466,group_reduced_formula,euclidean,104,0.28284271247461895,2.14
2471,group_reduced_formula,euclidean,27,0.28284271247461895,0.68
2474,group_reduced_formula,euclidean,1197,0.2828427124746191,2.92
2476,group_reduced_formula,euclidean,505,0.28284271247461895,0.82
2481,group_reduced_formula,euclidean,505,0.28284271247461895,1.02
2503,group_reduced_formula,euclidean,2783,0.282842712474619,1.2
2516,group_reduced_formula,euclidean,101,0.28284271247461906,1.24
2544,group_reduced_formula,euclidean,1918,0.2828427124746191,1.54
2556,group_reduced_formula,euclidean,1857,0.2828427124746191,2.68
2557,group_reduced_formula,euclidean,3171,0.2828427124746191,1.04
2595,group_reduced_formula,euclidean,1649,0.2828427124746191,0.98
2600,group_reduced_formula,euclidean,110,0.28284271247461895,1.56
2617,group_reduced_formula,euclidean,185,0.28284271247461895,2.58
2618,group_reduced_formula,euclidean,6,0.28284271247461895,1.54
2636,group_reduced_formula,euclidean,1870,0.282842712474619,2.18
2643,group_reduced_formula,euclidean,2956,0.282842712474619,2.6
2666,group_reduced_formula,euclidean,21,0.28284271247461895,1.04
2683,group_reduced_formula,euclidean,179,0.28284271247461895,1.42
2687,group_reduced_formula,euclidean,203,0.28284271247461895,1.44
2704,group_reduced_formula,euclidean,794,0.2828427124746191,1.24
2707,group_reduced_formula,euclidean,3169,0.2828427124746191,2.76
2710,group_reduced_formula,euclidean,27,0.28284271247461895,0.92
2713,group_reduced_formula,euclidean,2437,0.282842712474619,1.66
2721,group_reduced_formula,euclidean,367,0.28284271247461895,1.6
2723,group_reduced_formula,euclidean,94,0.28284271247461895,0.78
2729,group_reduced_formula,euclidean,464,0.282842712474619,2.34
2734,group_reduced_formula,euclidean,144,0.28284271247461895,1.36
2740,group_reduced_formula,euclidean,653,0.28284271247461906,1.16
2741,group_reduced_formula,euclidean,2398,0.282842712474619,0.9
2748,group_reduced_formula,euclidean,148,0.28284271247461895,1.6
2773,group_reduced_formula,euclidean,347,0.282842712474619,1.56
2775,group_reduced_formula,euclidean,93,0.28284271247461895,1.84
2792,group_reduced_formula,euclidean,1184,0.2828427124746191,2.1
2797,group_reduced_formula,euclidean,34,0.28284271247461895,1.14
2814,group_reduced_formula,euclidean,34,0.28284271247461895,1.42
2829,group_reduced_formula,euclidean,86,0.28284271247461895,1.64
2831,group_reduced_formula,euclidean,40,0.28284271247461895,0.88
2835,group_reduced_formula,euclidean,549,0.2828427124746191,0.52
2839,group_reduced_formula,euclidean,1108,0.28284271247461906,0.92
2841,group_reduced_formula,euclidean,234,0.28284271247461895,1.7
2845,group_reduced_formula,euclidean,3237,0.28284271247461906,2.2
2861,group_reduced_formula,euclidean,32,0.28284271247461895,1.2
2884,group_reduced_formula,euclidean,179,0.28284271247461895,3.54
2887,group_reduced_formula,euclidean,141,0.28284271247461895,1.94
2897,group_reduced_formula,euclidean,141,0.28284271247461895,1.82
2909,group_reduced_formula,euclidean,2010,0.282842712474619,3.46
2927,group_reduced_formula,euclidean,113,0.28284271247461895,1.14
2933,group_reduced_formula,euclidean,4380,0.282842712474619,1.2
2942,group_reduced_formula,euclidean,164,0.28284271247461895,2.16
2943,group_reduced_formula,euclidean,119,0.28284271247461895,1.72
2947,group_reduced_formula,euclidean,982,0.28284271247461906,0.44
2952,group_reduced_formula,euclidean,44,0.28284271247461895,1.1
2953,group_reduced_formula,euclidean,95,0.28284271247461895,1.48
2959,group_reduced_formula,euclidean,2381,0.28284271247461906,1.54
2964,group_reduced_formula,euclidean,1283,0.28284271247461906,1.68
2968,group_reduced_formula,euclidean,650,0.28284271247461906,2.42
2989,group_reduced_formula,euclidean,2409,0.2828427124746191,0.92
2996,group_reduced_formula,euclidean,4,0.28284271247461895,0.58
3004,group_reduced_formula,euclidean,58,0.28284271247461895,0.26
3021,group_reduced_formula,euclidean,121,0.28284271247461895,0.38
3022,group_reduced_formula,euclidean,794,0.2828427124746191,1.26
3041,group_reduced_formula,euclidean,95,0.28284271247461895,1.82
3045,group_reduced_formula,euclidean,144,0.28284271247461895,2.86
3054,group_reduced_formula,euclidean,185,0.28284271247461895,0.78
3082,group_reduced_formula,euclidean,2280,0.28284271247461906,1.46
3093,group_reduced_formula,euclidean,266,0.28284271247461895,1.1
3128,group_reduced_formula,euclidean,3383,0.282842712474619,1.34
3149,group_reduced_formula,euclidean,1461,0.2828427124746191,1.34
3158,group_reduced_formula,euclidean,166,0.28284271247461895,1.52
3164,group_reduced_formula,euclidean,32,0.28284271247461895,0.72
3181,group_reduced_formula,euclidean,89,0.28284271247461895,0.68
3184,group_reduced_formula,euclidean,27,0.28284271247461895,0.92
3195,group_reduced_formula,euclidean,203,0.28284271247461895,0.98
3220,group_reduced_formula,euclidean,3727,0.2828427124746191,0.82
3222,group_reduced_formula,euclidean,3609,0.282842712474619,0.84
3223,group_reduced_formula,euclidean,15,0.28284271247461895,2.0
3238,group_reduced_formula,euclidean,5670,0.282842712474619,1.54
3244,group_reduced_formula,euclidean,1742,0.2828427124746191,0.78
3252,group_reduced_formula,euclidean,3237,0.2828427124746191,1.24
3258,group_reduced_formula,euclidean,68,0.28284271247461895,1.08
3272,group_reduced_formula,euclidean,443,0.28284271247461895,2.32
3275,group_reduced_formula,euclidean,325,0.28284271247461895,1.04
3278,group_reduced_formula,euclidean,2652,0.2828427124746191,3.68
3281,group_reduced_formula,euclidean,1223,0.28284271247461906,1.8
3298,group_reduced_formula,euclidean,6,0.28284271247461895,0.42
3324,group_reduced_formula,euclidean,158,0.2828427124746191,2.18
3331,group_reduced_formula,euclidean,340,0.282842712474619,2.7
3350,group_reduced_formula,euclidean,1283,0.28284271247461906,1.6
3353,group_reduced_formula,euclidean,207,0.28284271247461895,0.34
3373,group_reduced_formula,euclidean,506,0.28284271247461895,0.48
3378,group_reduced_formula,euclidean,427,0.28284271247461906,2.84
3381,group_reduced_formula,euclidean,1044,0.28284271247461906,1.2
3385,group_reduced_formula,euclidean,10,0.28284271247461895,0.94
3389,group_reduced_formula,euclidean,68,0.28284271247461895,1.28
3391,group_reduced_formula,euclidean,473,0.282842712474619,0.56
3404,group_reduced_formula,euclidean,27,0.28284271247461895,0.76
3413,group_reduced_formula,euclidean,20,0.28284271247461895,0.56
3417,group_reduced_formula,euclidean,26,0.28284271247461895,1.02
3418,group_reduced_formula,euclidean,38,0.28284271247461895,0.86
3429,group_reduced_formula,euclidean,101,0.28284271247461906,1.7
3442,group_reduced_formula,euclidean,163,0.28284271247461895,0.94
3451,group_reduced_formula,euclidean,3080,0.282842712474619,1.34
3454,group_reduced_formula,euclidean,118,0.28284271247461895,0.98
3461,group_reduced_formula,euclidean,121,0.28284271247461895,2.12
3490,group_reduced_formula,euclidean,435,0.28284271247461906,0.48
3491,group_reduced_formula,euclidean,7030,0.282842712474619,1.74
3492,group_reduced_formula,euclidean,1688,0.28284271247461906,0.6
3493,group_reduced_formula,euclidean,1044,0.28284271247461895,0.78
3502,group_reduced_formula,euclidean,75,0.28284271247461895,1.6
3504,group_reduced_formula,euclidean,1223,0.2828427124746191,1.94
3522,group_reduced_formula,euclidean,206,0.28284271247461906,3.58
3530,group_reduced_formula,euclidean,189,0.28284271247461895,2.78
3541,group_reduced_formula,euclidean,3169,0.2828427124746191,2.28
3558,group_reduced_formula,euclidean,26,0.28284271247461895,0.78
3562,group_reduced_formula,euclidean,20,0.28284271247461895,1.38
3569,group_reduced_formula,euclidean,86,0.28284271247461895,1.42
3580,group_reduced_formula,euclidean,1918,0.2828427124746191,1.74
3581,group_reduced_formula,euclidean,2686,0.282842712474619,0.94
3592,group_reduced_formula,euclidean,75,0.2828427124746191,1.46
3614,group_reduced_formula,euclidean,198,0.28284271247461895,1.0
3642,group_reduced_formula,euclidean,203,0.28284271247461895,0.96
3679,group_reduced_formula,euclidean,21,0.28284271247461895,1.9
3681,group_reduced_formula,euclidean,4,0.28284271247461895,1.34
3690,group_reduced_formula,euclidean,574,0.282842712474619,1.58
3701,group_reduced_formula,euclidean,135,0.28284271247461895,1.18
3712,group_reduced_formula,euclidean,2941,0.2828427124746191,2.7
3714,group_reduced_formula,euclidean,2030,0.28284271247461906,3.48
3738,group_reduced_formula,euclidean,4011,0.282842712474619,1.54
3747,group_reduced_formula,euclidean,13,0.28284271247461895,1.4
3749,group_reduced_formula,euclidean,77,0.28284271247461895,1.12
3750,group_reduced_formula,euclidean,168,0.28284271247461895,2.88
3759,group_reduced_formula,euclidean,113,0.28284271247461895,3.22
3771,group_reduced_formula,euclidean,1108,0.28284271247461895,1.06
3778,group_reduced_formula,euclidean,164,0.28284271247461895,1.72
3781,group_reduced_formula,euclidean,348,0.28284271247461895,1.28
3784,group_reduced_formula,euclidean,903,0.282842712474619,0.96
3795,group_reduced_formula,euclidean,2,0.28284271247461906,1.06
3799,group_reduced_formula,euclidean,68,0.28284271247461895,0.92
3820,group_reduced_formula,euclidean,1262,0.28284271247461906,1.2
3830,group_reduced_formula,euclidean,113,0.28284271247461895,1.0
3843,group_reduced_formula,euclidean,141,0.28284271247461895,1.96
3845,group_reduced_formula,euclidean,234,0.28284271247461895,0.98
3862,group_reduced_formula,euclidean,3902,0.2828427124746191,1.88
3885,group_reduced_formula,euclidean,495,0.282842712474619,1.8
3894,group_reduced_formula,euclidean,33,0.28284271247461895,0.4
3895,group_reduced_formula,euclidean,224,0.282842712474619,2.42
3903,group_reduced_formula,euclidean,1034,0.2828427124746191,1.86
3912,group_reduced_formula,euclidean,11126,0.282842712474619,1.34
3913,group_reduced_formula,euclidean,3677,0.282842712474619,3.3
3949,group_reduced_formula,euclidean,13,0.28284271247461895,0.9
3961,group_reduced_formula,euclidean,365,0.28284271247461906,-0.1
4014,group_reduced_formula,euclidean,3715,0.282842712474619,1.5
4016,group_reduced_formula,euclidean,1619,0.282842712474619,1.54
4020,group_reduced_formula,euclidean,317,0.2828427124746191,1.42
4032,group_reduced_formula,euclidean,10,0.28284271247461895,2.3
4059,group_reduced_formula,euclidean,348,0.28284271247461895,2.62
4078,group_reduced_formula,euclidean,2941,0.2828427124746191,3.72
4084,group_reduced_formula,euclidean,1034,0.2828427124746191,0.36
4113,group_reduced_formula,euclidean,4045,0.2828427124746191,1.0
4122,group_reduced_formula,euclidean,84,0.28284271247461895,2.68
4125,group_reduced_formula,euclidean,3576,0.28284271247461906,0.3
4128,group_reduced_formula,euclidean,45,0.28284271247461895,1.46
4134,group_reduced_formula,euclidean,7,0.28284271247461895,1.74
4138,group_reduced_formula,euclidean,185,0.28284271247461895,1.8
4144,group_reduced_formula,euclidean,7,0.28284271247461895,0.98
4151,group_reduced_formula,euclidean,4473,0.28284271247461895,0.78
4159,group_reduced_formula,euclidean,3237,0.2828427124746191,-0.32
4163,group_reduced_formula,euclidean,74,0.28284271247461895,1.2
4175,group_reduced_formula,euclidean,8474,0.28284271247461895,1.82
4192,group_reduced_formula,euclidean,45,0.28284271247461895,0.42
4194,group_reduced_formula,euclidean,107,0.28284271247461895,2.86
4231,group_reduced_formula,euclidean,86,0.28284271247461895,1.2
4232,group_reduced_formula,euclidean,13,0.28284271247461895,0.56
4233,group_reduced_formula,euclidean,15,0.28284271247461895,1.0
4235,group_reduced_formula,euclidean,1275,0.282842712474619,2.8
4236,group_reduced_formula,euclidean,190,0.28284271247461895,1.58
4244,group_reduced_formula,euclidean,64,0.28284271247461895,0.24
4246,group_reduced_formula,euclidean,2345,0.282842712474619,1.34
4248,group_reduced_formula,euclidean,2850,0.28284271247461906,0.92
4257,group_reduced_formula,euclidean,1688,0.28284271247461906,1.34
4258,group_reduced_formula,euclidean,3915,0.28284271247461895,1.08
4307,group_reduced_formula,euclidean,203,0.28284271247461895,1.98
4312,group_reduced_formula,euclidean,21,0.28284271247461895,1.52
4317,group_reduced_formula,euclidean,158,0.28284271247461906,1.82
4343,group_reduced_formula,euclidean,635,0.28284271247461906,1.42
4355,group_reduced_formula,euclidean,3500,0.2828427124746191,1.88
4358,group_reduced_formula,euclidean,1742,0.2828427124746191,0.66
4365,group_reduced_formula,euclidean,1275,0.282842712474619,1.5
4366,group_reduced_formula,euclidean,26,0.28284271247461895,0.86
4367,group_reduced_formula,euclidean,3801,0.282842712474619,0.76
4368,group_reduced_formula,euclidean,257,0.28284271247461895,2.72
4385,group_reduced_formula,euclidean,185,0.28284271247461895,1.14
4386,group_reduced_formula,euclidean,398,0.28284271247461895,2.98
4389,group_reduced_formula,euclidean,1498,0.2828427124746191,1.74
4398,group_reduced_formula,euclidean,94,0.28284271247461895,2.88
4401,group_reduced_formula,euclidean,50,0.28284271247461895,1.0
4418,group_reduced_formula,euclidean,191,0.28284271247461895,0.62
4422,group_reduced_formula,euclidean,1275,0.282842712474619,2.32
4487,group_reduced_formula,euclidean,982,0.28284271247461906,0.66
4490,group_reduced_formula,euclidean,794,0.28284271247461906,1.5
4500,group_reduced_formula,euclidean,398,0.28284271247461895,1.58
4502,group_reduced_formula,euclidean,4225,0.282842712474619,2.4
4512,group_reduced_formula,euclidean,49,0.28284271247461895,1.34
4522,group_reduced_formula,euclidean,95,0.28284271247461895,1.38
4534,group_reduced_formula,euclidean,11126,0.282842712474619,1.2
4539,group_reduced_formula,euclidean,11090,0.282842712474619,1.12
4545,group_reduced_formula,euclidean,152,0.28284271247461895,0.8
4556,group_reduced_formula,euclidean,4193,0.282842712474619,0.9
4558,group_reduced_formula,euclidean,4320,0.282842712474619,1.16
4576,group_reduced_formula,euclidean,1472,0.28284271247461906,1.84
4583,group_reduced_formula,euclidean,33,0.28284271247461895,0.8
4594,group_reduced_formula,euclidean,213,0.28284271247461895,0.36
4599,group_reduced_formula,euclidean,325,0.28284271247461895,1.68
4641,group_reduced_formula,euclidean,64,0.28284271247461895,0.82
4674,group_reduced_formula,euclidean,68,0.28284271247461895,0.94
4687,group_reduced_formula,euclidean,95,0.28284271247461895,0.96
4702,group_reduced_formula,euclidean,113,0.28284271247461895,1.12
4717,group_reduced_formula,euclidean,403,0.28284271247461895,1.72
4725,group_reduced_formula,euclidean,982,0.2828427124746191,1.54
4749,group_reduced_formula,euclidean,62,0.28284271247461895,1.44
4753,group_reduced_formula,euclidean,13,0.28284271247461895,1.2
4757,group_reduced_formula,euclidean,1863,0.282842712474619,0.86
4760,group_reduced_formula,euclidean,119,0.28284271247461895,0.42
4767,group_reduced_formula,euclidean,1022,0.282842712474619,1.8
4781,group_reduced_formula,euclidean,549,0.2828427124746191,0.86
4786,group_reduced_formula,euclidean,310,0.28284271247461895,0.14
4788,group_reduced_formula,euclidean,10,0.28284271247461895,1.64
4794,group_reduced_formula,euclidean,143,0.28284271247461895,3.18
4839,group_reduced_formula,euclidean,317,0.2828427124746191,1.8
4853,group_reduced_formula,euclidean,151,0.28284271247461895,0.2
4881,group_reduced_formula,euclidean,88,0.28284271247461906,0.44
4886,group_reduced_formula,euclidean,1365,0.2828427124746191,0.68
4903,group_reduced_formula,euclidean,554,0.282842712474619,1.58
4904,group_reduced_formula,euclidean,5371,0.2828427124746191,2.12
4905,group_reduced_formula,euclidean,3500,0.2828427124746191,0.04
4910,group_reduced_formula,euclidean,635,0.2828427124746191,0.64
4913,group_reduced_formula,euclidean,168,0.28284271247461895,2.0
4922,group_reduced_formula,euclidean,120,0.28284271247461895,1.56
4927,group_reduced_formula,euclidean,650,0.28284271247461906,2.88
4937,group_reduced_formula,euclidean,8,0.28284271247461895,1.7
4951,group_reduced_formula,euclidean,93,0.28284271247461895,1.72
4957,group_reduced_formula,euclidean,20,0.28284271247461895,1.72
4965,group_reduced_formula,euclidean,6052,0.2828427124746191,1.22
4978,group_reduced_formula,euclidean,206,0.28284271247461895,1.82
4985,group_reduced_formula,euclidean,1149,0.2828427124746191,1.92
5006,group_reduced_formula,euclidean,1223,0.28284271247461906,2.48
5024,group_reduced_formula,euclidean,1857,0.2828427124746191,3.56
5032,group_reduced_formula,euclidean,2,0.28284271247461895,2.68
5035,group_reduced_formula,euclidean,5158,0.282842712474619,1.18
5039,group_reduced_formula,euclidean,123,0.28284271247461895,1.62
5041,group_reduced_formula,euclidean,8,0.28284271247461895,1.8
5044,group_reduced_formula,euclidean,1461,0.2828427124746191,1.08
5047,group_reduced_formula,euclidean,40,0.28284271247461895,0.78
5051,group_reduced_formula,euclidean,74,0.28284271247461895,1.88
5059,group_reduced_formula,euclidean,794,0.2828427124746191,0.94
5061,group_reduced_formula,euclidean,1197,0.2828427124746191,0.76
5076,group_reduced_formula,euclidean,122,0.28284271247461895,0.7
5078,group_reduced_formula,euclidean,179,0.28284271247461895,0.82
5082,group_reduced_formula,euclidean,398,0.28284271247461895,2.1
5084,group_reduced_formula,euclidean,427,0.28284271247461906,1.78
5086,group_reduced_formula,euclidean,77,0.28284271247461895,0.72
5103,group_reduced_formula,euclidean,1789,0.2828427124746191,2.5
5110,group_reduced_formula,euclidean,4045,0.2828427124746191,0.94
5116,group_reduced_formula,euclidean,4,0.28284271247461895,0.16
5122,group_reduced_formula,euclidean,4822,0.282842712474619,0.74
5133,group_reduced_formula,euclidean,175,0.28284271247461895,3.42
5137,group_reduced_formula,euclidean,635,0.28284271247461906,-0.16
5144,group_reduced_formula,euclidean,6,0.28284271247461895,0.54
5152,group_reduced_formula,euclidean,191,0.28284271247461895,2.76
5157,group_reduced_formula,euclidean,95,0.28284271247461895,1.86
5166,group_reduced_formula,euclidean,169,0.28284271247461895,0.96
5168,group_reduced_formula,euclidean,8,0.28284271247461895,1.14
5175,group_reduced_formula,euclidean,982,0.28284271247461906,1.96
5192,group_reduced_formula,euclidean,21,0.28284271247461895,1.32
5195,group_reduced_formula,euclidean,3136,0.282842712474619,1.76
5201,group_reduced_formula,euclidean,15,0.28284271247461895,0.62
5211,group_reduced_formula,euclidean,190,0.28284271247461895,1.3
5230,group_reduced_formula,euclidean,10,0.28284271247461895,1.06
5232,group_reduced_formula,euclidean,4,0.28284271247461895,1.36
5233,group_reduced_formula,euclidean,58,0.28284271247461895,0.96
5239,group_reduced_formula,euclidean,135,0.28284271247461895,1.92
5243,group_reduced_formula,euclidean,1223,0.28284271247461906,1.24
5244,group_reduced_formula,euclidean,68,0.28284271247461895,1.36
5257,group_reduced_formula,euclidean,33,0.28284271247461895,2.24
5273,group_reduced_formula,euclidean,4822,0.282842712474619,1.66
5281,group_reduced_formula,euclidean,136,0.28284271247461895,1.9
5286,group_reduced_formula,euclidean,206,0.28284271247461906,1.14
5289,group_reduced_formula,euclidean,1498,0.28284271247461906,2.08
5294,group_reduced_formula,euclidean,1230,0.282842712474619,0.52
5298,group_reduced_formula,euclidean,635,0.28284271247461906,1.5
5308,group_reduced_formula,euclidean,20,0.28284271247461895,1.98
5321,group_reduced_formula,euclidean,88,0.28284271247461895,1.02
5326,group_reduced_formula,euclidean,3878,0.282842712474619,1.2
5341,group_reduced_formula,euclidean,33,0.28284271247461895,0.9
5350,group_reduced_formula,euclidean,58,0.28284271247461895,0.42
5364,group_reduced_formula,euclidean,6,0.28284271247461895,3.34
5384,group_reduced_formula,euclidean,653,0.28284271247461895,1.52
5412,group_reduced_formula,euclidean,169,0.28284271247461895,0.72
5430,group_reduced_formula,euclidean,3878,0.282842712474619,1.44
5446,group_reduced_formula,euclidean,144,0.28284271247461895,1.32
5448,group_reduced_formula,euclidean,258,0.28284271247461895,0.74
5454,group_reduced_formula,euclidean,104,0.28284271247461895,2.28
5456,group_reduced_formula,euclidean,86,0.28284271247461895,1.26
5496,group_reduced_formula,euclidean,21,0.28284271247461895,0.5
5507,group_reduced_formula,euclidean,62,0.28284271247461895,1.82
5517,group_reduced_formula,euclidean,1688,0.28284271247461906,1.18
5518,group_reduced_formula,euclidean,64,0.28284271247461895,3.3
5545,group_reduced_formula,euclidean,3583,0.2828427124746191,0.84
5548,group_reduced_formula,euclidean,148,0.28284271247461906,2.1
5557,group_reduced_formula,euclidean,86,0.28284271247461895,0.9
5587,group_reduced_formula,euclidean,722,0.28284271247461906,2.66
5598,group_reduced_formula,euclidean,8606,0.2828427124746191,3.92
5600,group_reduced_formula,euclidean,653,0.28284271247461906,2.38
5606,group_reduced_formula,euclidean,908,0.282842712474619,1.66
5608,group_reduced_formula,euclidean,5949,0.282842712474619,2.1
5615,group_reduced_formula,euclidean,118,0.28284271247461895,1.02
5632,group_reduced_formula,euclidean,415,0.28284271247461895,1.96
5638,group_reduced_formula,euclidean,175,0.28284271247461895,1.82
5652,group_reduced_formula,euclidean,45,0.28284271247461895,1.3
5653,group_reduced_formula,euclidean,8,0.28284271247461895,1.8
5677,group_reduced_formula,euclidean,40,0.28284271247461895,1.38
5691,group_reduced_formula,euclidean,94,0.28284271247461895,0.94
5693,group_reduced_formula,euclidean,13,0.28284271247461895,0.42
5695,group_reduced_formula,euclidean,6,0.28284271247461895,0.32
5717,group_reduced_formula,euclidean,203,0.28284271247461895,0.8
5720,group_reduced_formula,euclidean,999,0.2828427124746191,1.86
5724,group_reduced_formula,euclidean,1498,0.28284271247461906,1.28
5728,group_reduced_formula,euclidean,315,0.282842712474619,1.08
5738,group_reduced_formula,euclidean,1136,0.28284271247461906,0.34
5757,group_reduced_formula,euclidean,1755,0.282842712474619,1.38
5760,group_reduced_formula,euclidean,6087,0.2828427124746191,1.98
5773,group_reduced_formula,euclidean,3080,0.282842712474619,1.9
5788,group_reduced_formula,euclidean,2926,0.28284271247461906,1.86
5792,group_reduced_formula,euclidean,11,0.28284271247461895,1.88
5813,group_reduced_formula,euclidean,3576,0.28284271247461906,1.4
5867,group_reduced_formula,euclidean,498,0.282842712474619,1.88
5868,group_reduced_formula,euclidean,1055,0.2828427124746191,2.3
5881,group_reduced_formula,euclidean,3237,0.28284271247461906,1.32
5887,group_reduced_formula,euclidean,427,0.2828427124746191,1.88
5895,group_reduced_formula,euclidean,3500,0.2828427124746191,0.96
5904,group_reduced_formula,euclidean,6,0.28284271247461895,2.34
5910,group_reduced_formula,euclidean,323,0.2828427124746191,0.3
5913,group_reduced_formula,euclidean,26,0.28284271247461895,1.16
5915,group_reduced_formula,euclidean,64,0.28284271247461895,0.64
5944,group_reduced_formula,euclidean,999,0.2828427124746191,1.8
5947,group_reduced_formula,euclidean,365,0.2828427124746191,0.62
5957,group_reduced_formula,euclidean,2686,0.282842712474619,1.92
5973,group_reduced_formula,euclidean,6334,0.282842712474619,1.44
5977,group_reduced_formula,euclidean,1626,0.282842712474619,0.72
5988,group_reduced_formula,euclidean,549,0.28284271247461906,1.1
5991,group_reduced_formula,euclidean,4,0.28284271247461895,1.16
5995,group_reduced_formula,euclidean,20,0.28284271247461895,1.52
6002,group_reduced_formula,euclidean,88,0.28284271247461906,0.68
6006,group_reduced_formula,euclidean,54,0.28284271247461895,1.14
6014,group_reduced_formula,euclidean,118,0.28284271247461895,0.98
6023,group_reduced_formula,euclidean,191,0.28284271247461895,1.18
6062,group_reduced_formula,euclidean,653,0.28284271247461906,1.96
6063,group_reduced_formula,euclidean,3576,0.28284271247461906,1.32
6088,group_reduced_formula,euclidean,32,0.28284271247461895,2.24
6090,group_reduced_formula,euclidean,62,0.28284271247461895,1.14
6095,group_reduced_formula,euclidean,113,0.28284271247461895,1.06
6097,group_reduced_formula,euclidean,6347,0.282842712474619,0.76
6105,group_reduced_formula,euclidean,175,0.28284271247461895,1.6
6112,group_reduced_formula,euclidean,3169,0.28284271247461906,4.86
6115,group_reduced_formula,euclidean,308,0.28284271247461906,2.04
6120,group_reduced_formula,euclidean,141,0.28284271247461895,1.02
6131,group_reduced_formula,euclidean,75,0.2828427124746191,0.48
6132,group_reduced_formula,euclidean,205,0.28284271247461895,1.46
6135,group_reduced_formula,euclidean,2222,0.282842712474619,1.48
6142,group_reduced_formula,euclidean,64,0.28284271247461895,0.68
6164,group_reduced_formula,euclidean,209,0.28284271247461895,1.12
6171,group_reduced_formula,euclidean,68,0.28284271247461895,1.38
6175,group_reduced_formula,euclidean,1688,0.28284271247461906,1.78
6183,group_reduced_formula,euclidean,221,0.282842712474619,1.66
6197,group_reduced_formula,euclidean,21,0.28284271247461895,0.88
6203,group_reduced_formula,euclidean,549,0.28284271247461906,0.98
6205,group_reduced_formula,euclidean,6220,0.282842712474619,1.0
6221,group_reduced_formula,euclidean,40,0.28284271247461895,0.32
6235,group_reduced_formula,euclidean,177,0.28284271247461895,1.1
6238,group_reduced_formula,euclidean,1149,0.28284271247461906,1.62
6255,group_reduced_formula,euclidean,27,0.28284271247461895,0.98
6289,group_reduced_formula,euclidean,982,0.28284271247461906,1.56
6322,group_reduced_formula,euclidean,2956,0.282842712474619,0.38
6331,group_reduced_formula,euclidean,4193,0.282842712474619,0.88
6345,group_reduced_formula,euclidean,68,0.28284271247461895,0.6
6350,group_reduced_formula,euclidean,20,0.28284271247461895,1.76
6369,group_reduced_formula,euclidean,15,0.28284271247461895,0.48
6385,group_reduced_formula,euclidean,38,0.28284271247461895,0.9
6388,group_reduced_formula,euclidean,144,0.28284271247461895,1.62
6399,group_reduced_formula,euclidean,293,0.28284271247461895,1.0
6439,group_reduced_formula,euclidean,367,0.28284271247461895,1.7
6440,group_reduced_formula,euclidean,9713,0.282842712474619,1.5
6445,group_reduced_formula,euclidean,215,0.28284271247461895,1.32
6455,group_reduced_formula,euclidean,121,0.28284271247461895,1.0
6465,group_reduced_formula,euclidean,496,0.2828427124746191,1.56
6472,group_reduced_formula,euclidean,108,0.28284271247461895,0.62
6476,group_reduced_formula,euclidean,282,0.28284271247461895,1.72
6483,group_reduced_formula,euclidean,75,0.28284271247461895,1.58
6487,group_reduced_formula,euclidean,175,0.28284271247461895,1.82
6492,group_reduced_formula,euclidean,345,0.28284271247461895,0.86
6494,group_reduced_formula,euclidean,151,0.28284271247461895,1.14
6499,group_reduced_formula,euclidean,2769,0.28284271247461906,0.86
6500,group_reduced_formula,euclidean,293,0.28284271247461895,1.22
6501,group_reduced_formula,euclidean,206,0.28284271247461895,1.32
6524,group_reduced_formula,euclidean,77,0.28284271247461895,1.56
6530,group_reduced_formula,euclidean,2686,0.282842712474619,0.5
6544,group_reduced_formula,euclidean,205,0.28284271247461895,2.26
6545,group_reduced_formula,euclidean,64,0.28284271247461895,2.8
6553,group_reduced_formula,euclidean,208,0.28284271247461895,1.44
6584,group_reduced_formula,euclidean,2652,0.2828427124746191,2.84
6601,group_reduced_formula,euclidean,34,0.28284271247461895,0.86
6609,group_reduced_formula,euclidean,6846,0.282842712474619,1.1
6613,group_reduced_formula,euclidean,68,0.28284271247461895,2.9
6644,group_reduced_formula,euclidean,185,0.28284271247461895,1.14
6645,group_reduced_formula,euclidean,88,0.28284271247461906,0.6
6647,group_reduced_formula,euclidean,7,0.28284271247461895,1.48
6654,group_reduced_formula,euclidean,84,0.28284271247461895,3.32
6655,group_reduced_formula,euclidean,74,0.28284271247461895,0.66
6660,group_reduced_formula,euclidean,7,0.28284271247461895,0.54
6690,group_reduced_formula,euclidean,365,0.28284271247461906,1.24
6692,group_reduced_formula,euclidean,185,0.28284271247461895,0.94
6695,group_reduced_formula,euclidean,5423,0.282842712474619,1.18
6710,group_reduced_formula,euclidean,101,0.28284271247461906,1.34
6713,group_reduced_formula,euclidean,33,0.28284271247461895,3.08
6725,group_reduced_formula,euclidean,11,0.28284271247461895,2.56
6726,group_reduced_formula,euclidean,6990,0.282842712474619,1.04
6740,group_reduced_formula,euclidean,5371,0.2828427124746191,0.96
6755,group_reduced_formula,euclidean,198,0.28284271247461895,0.72
6758,group_reduced_formula,euclidean,20,0.28284271247461895,1.48
6783,group_reduced_formula,euclidean,77,0.28284271247461895,1.16
6796,group_reduced_formula,euclidean,358,0.28284271247461895,0.88
6812,group_reduced_formula,euclidean,27,0.28284271247461895,1.04
6817,group_reduced_formula,euclidean,13,0.28284271247461895,1.32
6822,group_reduced_formula,euclidean,6929,0.282842712474619,1.7
6836,group_reduced_formula,euclidean,4,0.28284271247461895,0.36
6839,group_reduced_formula,euclidean,2409,0.2828427124746191,0.78
6845,group_reduced_formula,euclidean,75,0.28284271247461895,2.48
6848,group_reduced_formula,euclidean,982,0.28284271247461906,-0.14
6854,group_reduced_formula,euclidean,20,0.28284271247461895,2.4
6870,group_reduced_formula,euclidean,13,0.28284271247461895,0.84
6875,group_reduced_formula,euclidean,367,0.2828427124746191,1.74
6881,group_reduced_formula,euclidean,62,0.28284271247461895,3.28
6887,group_reduced_formula,euclidean,13,0.28284271247461895,0.88
6893,group_reduced_formula,euclidean,45,0.28284271247461895,0.66
6914,group_reduced_formula,euclidean,2,0.28284271247461895,2.58
6917,group_reduced_formula,euclidean,101,0.2828427124746191,2.0
6934,group_reduced_formula,euclidean,1177,0.282842712474619,1.1
6961,group_reduced_formula,euclidean,15,0.28284271247461895,-0.14
6970,group_reduced_formula,euclidean,144,0.28284271247461895,1.76
6987,group_reduced_formula,euclidean,152,0.28284271247461895,1.22
7012,group_reduced_formula,euclidean,185,0.28284271247461895,1.72
7015,group_reduced_formula,euclidean,1044,0.28284271247461906,0.2
7038,group_reduced_formula,euclidean,464,0.282842712474619,1.3
7043,group_reduced_formula,euclidean,163,0.28284271247461895,0.94
7050,group_reduced_formula,euclidean,1604,0.28284271247461895,1.48
7059,group_reduced_formula,euclidean,1472,0.28284271247461906,1.84
7082,group_reduced_formula,euclidean,982,0.2828427124746191,0.66
7138,group_reduced_formula,euclidean,151,0.28284271247461895,1.74
7155,group_reduced_formula,euclidean,317,0.28284271247461906,2.4
7161,group_reduced_formula,euclidean,1742,0.2828427124746191,2.06
7171,group_reduced_formula,euclidean,75,0.2828427124746191,0.64
7180,group_reduced_formula,euclidean,208,0.28284271247461895,1.48
7181,group_reduced_formula,euclidean,4,0.28284271247461895,1.36
7182,group_reduced_formula,euclidean,1149,0.2828427124746191,2.38
7183,group_reduced_formula,euclidean,4,0.28284271247461895,0.58
7194,group_reduced_formula,euclidean,6052,0.2828427124746191,1.44
7203,group_reduced_formula,euclidean,121,0.28284271247461895,1.48
7204,group_reduced_formula,euclidean,119,0.28284271247461895,1.36
7213,group_reduced_formula,euclidean,1472,0.28284271247461906,0.76
7217,group_reduced_formula,euclidean,1108,0.28284271247461906,0.4
7218,group_reduced_formula,euclidean,95,0.28284271247461895,0.78
7223,group_reduced_formula,euclidean,5226,0.282842712474619,0.96
7229,group_reduced_formula,euclidean,45,0.28284271247461895,0.7
7240,group_reduced_formula,euclidean,5296,0.282842712474619,0.64
7261,group_reduced_formula,euclidean,145,0.28284271247461906,1.62
7264,group_reduced_formula,euclidean,2453,0.2828427124746191,1.7
7275,group_reduced_formula,euclidean,13,0.28284271247461895,1.5
7279,group_reduced_formula,euclidean,21,0.28284271247461895,1.02
7280,group_reduced_formula,euclidean,5306,0.282842712474619,0.84
7299,group_reduced_formula,euclidean,119,0.28284271247461895,2.68
7302,group_reduced_formula,euclidean,38,0.28284271247461895,1.98
7317,group_reduced_formula,euclidean,10,0.28284271247461895,1.44
7324,group_reduced_formula,euclidean,9713,0.282842712474619,0.54
7339,group_reduced_formula,euclidean,84,0.28284271247461895,1.52
7350,group_reduced_formula,euclidean,168,0.28284271247461895,2.06
7364,group_reduced_formula,euclidean,549,0.28284271247461906,0.18
7373,group_reduced_formula,euclidean,164,0.2828427124746191,3.24
7384,group_reduced_formula,euclidean,118,0.28284271247461895,1.66
7386,group_reduced_formula,euclidean,1649,0.2828427124746191,0.3
7403,group_reduced_formula,euclidean,1275,0.282842712474619,0.98
7414,group_reduced_formula,euclidean,101,0.2828427124746191,1.9
7420,group_reduced_formula,euclidean,722,0.28284271247461895,1.74
7424,group_reduced_formula,euclidean,58,0.28284271247461895,0.1
7433,group_reduced_formula,euclidean,84,0.28284271247461895,3.6
7434,group_reduced_formula,euclidean,32,0.28284271247461895,1.22
7439,group_reduced_formula,euclidean,464,0.282842712474619,1.04
7442,group_reduced_formula,euclidean,153,0.28284271247461895,1.68
7448,group_reduced_formula,euclidean,1742,0.2828427124746191,1.66
7456,group_reduced_formula,euclidean,3878,0.282842712474619,1.86
7459,group_reduced_formula,euclidean,86,0.28284271247461895,0.56
7474,group_reduced_formula,euclidean,95,0.28284271247461895,1.1
7479,group_reduced_formula,euclidean,21,0.28284271247461895,0.18
7486,group_reduced_formula,euclidean,266,0.28284271247461895,1.04
7509,group_reduced_formula,euclidean,266,0.28284271247461895,1.08
7510,group_reduced_formula,euclidean,506,0.28284271247461895,2.74
7520,group_reduced_formula,euclidean,206,0.28284271247461895,2.36
7523,group_reduced_formula,euclidean,454,0.28284271247461895,1.74
7529,group_reduced_formula,euclidean,62,0.28284271247461895,2.02
7534,group_reduced_formula,euclidean,6990,0.282842712474619,1.98
7542,group_reduced_formula,euclidean,53,0.28284271247461895,1.04
7545,group_reduced_formula,euclidean,123,0.28284271247461895,1.4
7547,group_reduced_formula,euclidean,75,0.28284271247461895,1.52
7570,group_reduced_formula,euclidean,209,0.28284271247461895,0.34
7571,group_reduced_formula,euclidean,13,0.28284271247461895,1.44
7575,group_reduced_formula,euclidean,8954,0.28284271247461906,1.78
7586,group_reduced_formula,euclidean,4109,0.2828427124746191,1.4
7589,group_reduced_formula,euclidean,107,0.28284271247461895,1.28
7591,group_reduced_formula,euclidean,237,0.28284271247461895,1.54
7605,group_reduced_formula,euclidean,1857,0.2828427124746191,2.82
7619,group_reduced_formula,euclidean,101,0.28284271247461906,2.9
7632,group_reduced_formula,euclidean,156,0.28284271247461895,1.36
7639,group_reduced_formula,euclidean,32,0.28284271247461895,0.64
7653,group_reduced_formula,euclidean,88,0.28284271247461906,2.7
7659,group_reduced_formula,euclidean,163,0.28284271247461895,1.38
7666,group_reduced_formula,euclidean,81,0.28284271247461895,1.14
7673,group_reduced_formula,euclidean,206,0.28284271247461906,2.14
7680,group_reduced_formula,euclidean,15,0.28284271247461895,0.98
7686,group_reduced_formula,euclidean,1495,0.282842712474619,1.24
7687,group_reduced_formula,euclidean,854,0.282842712474619,1.64
7694,group_reduced_formula,euclidean,53,0.28284271247461895,2.56
7696,group_reduced_formula,euclidean,32,0.28284271247461895,0.86
7708,group_reduced_formula,euclidean,88,0.28284271247461906,2.58
7723,group_reduced_formula,euclidean,34,0.28284271247461895,1.0
7732,group_reduced_formula,euclidean,77,0.28284271247461895,0.68
7739,group_reduced_formula,euclidean,4045,0.28284271247461906,0.84
7742,group_reduced_formula,euclidean,1223,0.28284271247461906,1.26
7748,group_reduced_formula,euclidean,1742,0.2828427124746191,2.58
7753,group_reduced_formula,euclidean,1223,0.28284271247461906,2.08
7791,group_reduced_formula,euclidean,164,0.28284271247461895,1.58
7813,group_reduced_formula,euclidean,93,0.28284271247461895,1.82
7836,group_reduced_formula,euclidean,4,0.28284271247461895,1.18
7850,group_reduced_formula,euclidean,164,0.2828427124746191,1.72
7856,group_reduced_formula,euclidean,27,0.28284271247461895,0.86
7883,group_reduced_formula,euclidean,1307,0.282842712474619,1.04
7887,group_reduced_formula,euclidean,189,0.28284271247461895,3.46
7892,group_reduced_formula,euclidean,49,0.28284271247461895,1.44
7894,group_reduced_formula,euclidean,45,0.28284271247461895,2.84
7899,group_reduced_formula,euclidean,4098,0.2828427124746191,1.0
7914,group_reduced_formula,euclidean,678,0.282842712474619,1.8
7928,group_reduced_formula,euclidean,479,0.28284271247461895,0.84
7930,group_reduced_formula,euclidean,20,0.28284271247461895,0.5
7952,group_reduced_formula,euclidean,21,0.28284271247461895,2.28
7962,group_reduced_formula,euclidean,34,0.28284271247461895,1.0
7963,group_reduced_formula,euclidean,1275,0.282842712474619,1.24
7969,group_reduced_formula,euclidean,2645,0.28284271247461906,1.14
7972,group_reduced_formula,euclidean,317,0.2828427124746191,1.52
7987,group_reduced_formula,euclidean,313,0.28284271247461895,1.38
8004,group_reduced_formula,euclidean,6846,0.282842712474619,2.64
8035,group_reduced_formula,euclidean,1688,0.2828427124746191,1.54
8040,group_reduced_formula,euclidean,95,0.28284271247461895,2.12
8042,group_reduced_formula,euclidean,2686,0.282842712474619,1.54
8047,group_reduced_formula,euclidean,38,0.28284271247461895,1.02
8055,group_reduced_formula,euclidean,175,0.28284271247461895,1.36
8059,group_reduced_formula,euclidean,38,0.28284271247461895,1.92
8092,group_reduced_formula,euclidean,119,0.28284271247461895,1.34
8104,group_reduced_formula,euclidean,653,0.28284271247461906,1.06
8105,group_reduced_formula,euclidean,603,0.28284271247461895,1.24
8106,group_reduced_formula,euclidean,2398,0.282842712474619,1.62
8125,group_reduced_formula,euclidean,74,0.28284271247461895,2.46
8127,group_reduced_formula,euclidean,79,0.28284271247461895,1.8
8130,group_reduced_formula,euclidean,282,0.28284271247461895,2.24
8151,group_reduced_formula,euclidean,4,0.28284271247461895,0.84
8159,group_reduced_formula,euclidean,208,0.28284271247461895,1.46
8166,group_reduced_formula,euclidean,162,0.28284271247461895,1.1
8170,group_reduced_formula,euclidean,603,0.282842712474619,1.0
8175,group_reduced_formula,euclidean,291,0.28284271247461895,0.48
8190,group_reduced_formula,euclidean,1087,0.282842712474619,1.5
8194,group_reduced_formula,euclidean,3364,0.282842712474619,1.56
8203,group_reduced_formula,euclidean,89,0.28284271247461895,0.94
8205,group_reduced_formula,euclidean,5960,0.282842712474619,3.4
8264,group_reduced_formula,euclidean,6334,0.282842712474619,1.36
8272,group_reduced_formula,euclidean,86,0.28284271247461895,2.0
8274,group_reduced_formula,euclidean,34,0.28284271247461895,1.14
8276,group_reduced_formula,euclidean,1776,0.282842712474619,0.86
8277,group_reduced_formula,euclidean,421,0.2828427124746191,0.82
8298,group_reduced_formula,euclidean,120,0.28284271247461895,1.62
8303,group_reduced_formula,euclidean,567,0.2828427124746191,2.88
8312,group_reduced_formula,euclidean,136,0.28284271247461895,0.5
8315,group_reduced_formula,euclidean,81,0.28284271247461895,1.86
8330,group_reduced_formula,euclidean,77,0.28284271247461895,1.54
8345,group_reduced_formula,euclidean,1055,0.2828427124746191,0.52
8389,group_reduced_formula,euclidean,5079,0.28284271247461895,1.8
8390,group_reduced_formula,euclidean,21,0.28284271247461895,1.18
8399,group_reduced_formula,euclidean,76,0.28284271247461895,1.86
8404,group_reduced_formula,euclidean,206,0.28284271247461906,0.8
8413,group_reduced_formula,euclidean,1262,0.28284271247461906,1.52
8423,group_reduced_formula,euclidean,1108,0.28284271247461906,0.74
8429,group_reduced_formula,euclidean,94,0.28284271247461895,0.9
8430,group_reduced_formula,euclidean,27,0.28284271247461895,0.46
8435,group_reduced_formula,euclidean,174,0.28284271247461895,0.88
8439,group_reduced_formula,euclidean,8352,0.282842712474619,1.3
8451,group_reduced_formula,euclidean,653,0.28284271247461895,1.66
8459,group_reduced_formula,euclidean,32,0.28284271247461895,1.14
8464,group_reduced_formula,euclidean,282,0.28284271247461895,2.94
8483,group_reduced_formula,euclidean,26,0.28284271247461895,0.68
8487,group_reduced_formula,euclidean,20,0.28284271247461895,0.52
8489,group_reduced_formula,euclidean,313,0.28284271247461895,1.22
8499,group_reduced_formula,euclidean,3226,0.2828427124746191,2.52
8529,group_reduced_formula,euclidean,58,0.28284271247461895,1.84
8538,group_reduced_formula,euclidean,121,0.282842712474619,1.38
8574,group_reduced_formula,euclidean,38,0.28284271247461895,1.54
8575,group_reduced_formula,euclidean,206,0.28284271247461906,1.94
8578,group_reduced_formula,euclidean,84,0.28284271247461895,2.84
8602,group_reduced_formula,euclidean,203,0.28284271247461895,1.5
8605,group_reduced_formula,euclidean,895,0.282842712474619,0.74
8630,group_reduced_formula,euclidean,8352,0.282842712474619,2.24
8640,group_reduced_formula,euclidean,203,0.28284271247461895,0.38
8656,group_reduced_formula,euclidean,317,0.2828427124746191,1.94
8659,group_reduced_formula,euclidean,2437,0.282842712474619,1.78
8684,group_reduced_formula,euclidean,1262,0.28284271247461906,2.46
8686,group_reduced_formula,euclidean,74,0.28284271247461895,2.76
8691,group_reduced_formula,euclidean,223,0.282842712474619,1.18
8712,group_reduced_formula,euclidean,821,0.282842712474619,1.32
8726,group_reduced_formula,euclidean,1034,0.28284271247461906,0.76
8741,group_reduced_formula,euclidean,4793,0.282842712474619,1.38
8754,group_reduced_formula,euclidean,32,0.28284271247461895,1.22
8757,group_reduced_formula,euclidean,6435,0.282842712474619,0.9
8758,group_reduced_formula,euclidean,147,0.28284271247461895,1.88
8766,group_reduced_formula,euclidean,6,0.28284271247461895,1.6
8793,group_reduced_formula,euclidean,427,0.28284271247461906,1.26
8798,group_reduced_formula,euclidean,2850,0.28284271247461906,1.44
8804,group_reduced_formula,euclidean,11,0.28284271247461895,1.86
8808,group_reduced_formula,euclidean,2645,0.28284271247461906,1.82
8852,group_reduced_formula,euclidean,21,0.28284271247461895,1.24
8859,group_reduced_formula,euclidean,653,0.28284271247461906,1.54
8869,group_reduced_formula,euclidean,1108,0.28284271247461895,1.08
8871,group_reduced_formula,euclidean,3226,0.2828427124746191,2.02
8879,group_reduced_formula,euclidean,277,0.2828427124746191,1.32
8886,group_reduced_formula,euclidean,62,0.28284271247461895,1.04
8891,group_reduced_formula,euclidean,217,0.28284271247461895,0.9
8902,group_reduced_formula,euclidean,68,0.28284271247461895,0.98
8905,group_reduced_formula,euclidean,1756,0.282842712474619,1.18
8910,group_reduced_formula,euclidean,95,0.28284271247461895,1.52
8911,group_reduced_formula,euclidean,175,0.28284271247461895,1.56
8917,group_reduced_formula,euclidean,547,0.28284271247461895,2.64
8943,group_reduced_formula,euclidean,365,0.28284271247461906,0.36
8947,group_reduced_formula,euclidean,8623,0.28284271247461895,0.86
8952,group_reduced_formula,euclidean,113,0.28284271247461895,1.4
8956,group_reduced_formula,euclidean,10,0.28284271247461895,1.18
8978,group_reduced_formula,euclidean,153,0.28284271247461895,0.74
8995,group_reduced_formula,euclidean,3383,0.282842712474619,1.06
8996,group_reduced_formula,euclidean,135,0.28284271247461895,1.86
9005,group_reduced_formula,euclidean,486,0.28284271247461895,1.58
9008,group_reduced_formula,euclidean,1448,0.282842712474619,1.7
9022,group_reduced_formula,euclidean,3169,0.28284271247461906,2.62
9033,group_reduced_formula,euclidean,62,0.28284271247461895,0.46
9043,group_reduced_formula,euclidean,139,0.28284271247461895,2.74
9049,group_reduced_formula,euclidean,1688,0.28284271247461906,0.78
9053,group_reduced_formula,euclidean,206,0.28284271247461895,1.22
9062,group_reduced_formula,euclidean,95,0.28284271247461895,1.14
9088,group_reduced_formula,euclidean,1108,0.28284271247461906,1.6
9096,group_reduced_formula,euclidean,44,0.28284271247461895,1.1
9115,group_reduced_formula,euclidean,3576,0.28284271247461906,0.54
9132,group_reduced_formula,euclidean,78,0.28284271247461895,0.58
9137,group_reduced_formula,euclidean,8,0.28284271247461895,2.32
9155,group_reduced_formula,euclidean,3171,0.2828427124746191,0.8
9158,group_reduced_formula,euclidean,8809,0.28284271247461895,1.56
9181,group_reduced_formula,euclidean,8,0.28284271247461895,1.76
9189,group_reduced_formula,euclidean,136,0.28284271247461895,1.02
9190,group_reduced_formula,euclidean,650,0.28284271247461906,2.96
9191,group_reduced_formula,euclidean,64,0.28284271247461895,1.64
9215,group_reduced_formula,euclidean,26,0.28284271247461895,0.96
9218,group_reduced_formula,euclidean,54,0.28284271247461895,1.1
9219,group_reduced_formula,euclidean,7045,0.28284271247461895,2.12
9229,group_reduced_formula,euclidean,982,0.2828427124746191,2.68
9231,group_reduced_formula,euclidean,68,0.282842712474619,1.54
9249,group_reduced_formula,euclidean,11,0.28284271247461895,1.76
9255,group_reduced_formula,euclidean,74,0.28284271247461895,1.88
9258,group_reduced_formula,euclidean,1183,0.2828427124746191,3.0
9276,group_reduced_formula,euclidean,75,0.2828427124746191,0.28
9278,group_reduced_formula,euclidean,1215,0.28284271247461906,1.16
9296,group_reduced_formula,euclidean,6,0.28284271247461895,1.58
9306,group_reduced_formula,euclidean,231,0.2828427124746191,0.62
9316,group_reduced_formula,euclidean,1364,0.282842712474619,2.82
9325,group_reduced_formula,euclidean,113,0.28284271247461895,1.72
9333,group_reduced_formula,euclidean,653,0.28284271247461906,1.26
9355,group_reduced_formula,euclidean,403,0.28284271247461895,2.1
9366,group_reduced_formula,euclidean,101,0.2828427124746191,2.3
9367,group_reduced_formula,euclidean,198,0.28284271247461895,2.5
9376,group_reduced_formula,euclidean,62,0.28284271247461895,1.98
9378,group_reduced_formula,euclidean,50,0.28284271247461895,0.58
9404,group_reduced_formula,euclidean,107,0.28284271247461895,1.86
9416,group_reduced_formula,euclidean,477,0.2828427124746191,0.84
9417,group_reduced_formula,euclidean,15,0.28284271247461895,1.42
9428,group_reduced_formula,euclidean,205,0.28284271247461895,1.98
9437,group_reduced_formula,euclidean,119,0.28284271247461895,2.14
9439,group_reduced_formula,euclidean,89,0.28284271247461895,0.92
9441,group_reduced_formula,euclidean,27,0.28284271247461895,1.02
9453,group_reduced_formula,euclidean,834,0.282842712474619,1.98
9461,group_reduced_formula,euclidean,77,0.28284271247461895,1.16
9475,group_reduced_formula,euclidean,7,0.28284271247461895,1.56
9476,group_reduced_formula,euclidean,264,0.282842712474619,1.32
9487,group_reduced_formula,euclidean,4,0.28284271247461895,1.22
9490,group_reduced_formula,euclidean,68,0.28284271247461895,1.7
9495,group_reduced_formula,euclidean,120,0.28284271247461895,0.58
9524,group_reduced_formula,euclidean,15,0.28284271247461895,1.22
9527,group_reduced_formula,euclidean,58,0.28284271247461895,2.06
9533,group_reduced_formula,euclidean,79,0.28284271247461895,1.64
9557,group_reduced_formula,euclidean,1276,0.28284271247461906,1.88
9564,group_reduced_formula,euclidean,774,0.282842712474619,1.16
9568,group_reduced_formula,euclidean,7,0.28284271247461895,1.32
9571,group_reduced_formula,euclidean,147,0.28284271247461895,1.44
9579,group_reduced_formula,euclidean,14,0.282842712474619,1.56
9593,group_reduced_formula,euclidean,93,0.28284271247461895,0.52
9596,group_reduced_formula,euclidean,144,0.28284271247461895,1.64
9604,group_reduced_formula,euclidean,1149,0.2828427124746191,3.06
9605,group_reduced_formula,euclidean,4045,0.28284271247461906,0.98
9613,group_reduced_formula,euclidean,2652,0.28284271247461895,3.56
9614,group_reduced_formula,euclidean,840,0.282842712474619,0.38
9621,group_reduced_formula,euclidean,834,0.282842712474619,1.4
9630,group_reduced_formula,euclidean,206,0.28284271247461895,1.48
9639,group_reduced_formula,euclidean,854,0.282842712474619,0.42
9647,group_reduced_formula,euclidean,1044,0.28284271247461895,0.42
9673,group_reduced_formula,euclidean,101,0.28284271247461906,1.46
9685,group_reduced_formula,euclidean,53,0.28284271247461895,3.34
9686,group_reduced_formula,euclidean,3226,0.28284271247461906,1.68
9696,group_reduced_formula,euclidean,27,0.28284271247461895,0.84
9698,group_reduced_formula,euclidean,217,0.28284271247461895,1.18
9699,group_reduced_formula,euclidean,21,0.28284271247461895,1.14
9711,group_reduced_formula,euclidean,113,0.28284271247461895,0.78
9714,group_reduced_formula,euclidean,1223,0.28284271247461906,3.74
9725,group_reduced_formula,euclidean,151,0.28284271247461895,1.86
9732,group_reduced_formula,euclidean,6,0.28284271247461895,0.96
9737,group_reduced_formula,euclidean,6,0.28284271247461895,2.26
9739,group_reduced_formula,euclidean,201,0.28284271247461895,0.96
9772,group_reduced_formula,euclidean,168,0.28284271247461895,1.64
9775,group_reduced_formula,euclidean,1044,0.28284271247461906,0.94
9794,group_reduced_formula,euclidean,9670,0.28284271247461906,1.4
9818,group_reduced_formula,euclidean,8474,0.2828427124746191,2.02
9819,group_reduced_formula,euclidean,144,0.28284271247461895,2.12
9835,group_reduced_formula,euclidean,166,0.28284271247461895,1.64
9845,group_reduced_formula,euclidean,76,0.28284271247461895,1.46
9852,group_reduced_formula,euclidean,13,0.28284271247461895,1.72
9862,group_reduced_formula,euclidean,147,0.28284271247461895,2.44
9863,group_reduced_formula,euclidean,1087,0.282842712474619,0.92
9888,group_reduced_formula,euclidean,179,0.28284271247461895,1.22
9893,group_reduced_formula,euclidean,1857,0.2828427124746191,1.84
9903,group_reduced_formula,euclidean,86,0.28284271247461895,1.48
9912,group_reduced_formula,euclidean,4098,0.2828427124746191,1.46
9922,group_reduced_formula,euclidean,163,0.28284271247461895,3.52
9926,group_reduced_formula,euclidean,206,0.28284271247461895,1.74
9930,group_reduced_formula,euclidean,821,0.282842712474619,1.14
9936,group_reduced_formula,euclidean,84,0.28284271247461895,2.74
9943,group_reduced_formula,euclidean,398,0.28284271247461895,1.7
9948,group_reduced_formula,euclidean,6,0.28284271247461895,0.38
9950,group_reduced_formula,euclidean,93,0.28284271247461895,1.74
9965,group_reduced_formula,euclidean,234,0.28284271247461895,2.0
9968,group_reduced_formula,euclidean,895,0.282842712474619,4.12
9977,group_reduced_formula,euclidean,144,0.28284271247461895,0.8
9983,group_reduced_formula,euclidean,215,0.2828427124746191,0.72
10037,group_reduced_formula,euclidean,323,0.2828427124746191,0.7
10038,group_reduced_formula,euclidean,178,0.28284271247461895,1.88
10053,group_reduced_formula,euclidean,1604,0.28284271247461906,2.0
10058,group_reduced_formula,euclidean,89,0.28284271247461895,1.36
10063,group_reduced_formula,euclidean,54,0.28284271247461895,1.06
10078,group_reduced_formula,euclidean,53,0.28284271247461895,1.4
10081,group_reduced_formula,euclidean,15,0.28284271247461895,0.2
10088,group_reduced_formula,euclidean,121,0.282842712474619,1.8
10113,group_reduced_formula,euclidean,11,0.28284271247461895,2.38
10125,group_reduced_formula,euclidean,217,0.28284271247461895,1.28
10131,group_reduced_formula,euclidean,101,0.2828427124746191,2.14
10140,group_reduced_formula,euclidean,206,0.28284271247461895,1.42
10142,group_reduced_formula,euclidean,4,0.28284271247461895,1.18
10151,group_reduced_formula,euclidean,221,0.282842712474619,1.0
10155,group_reduced_formula,euclidean,224,0.282842712474619,0.6
10168,group_reduced_formula,euclidean,169,0.28284271247461895,0.36
10175,group_reduced_formula,euclidean,582,0.2828427124746191,3.54
10183,group_reduced_formula,euclidean,217,0.28284271247461895,1.46
10207,group_reduced_formula,euclidean,277,0.282842712474619,2.1
10209,group_reduced_formula,euclidean,136,0.28284271247461895,1.6
10231,group_reduced_formula,euclidean,139,0.28284271247461895,3.44
10233,group_reduced_formula,euclidean,3915,0.28284271247461906,0.38
10240,group_reduced_formula,euclidean,44,0.28284271247461895,1.76
10244,group_reduced_formula,euclidean,93,0.28284271247461895,1.76
10261,group_reduced_formula,euclidean,3169,0.2828427124746191,3.82
10292,group_reduced_formula,euclidean,68,0.282842712474619,1.12
10295,group_reduced_formula,euclidean,95,0.28284271247461895,2.02
10296,group_reduced_formula,euclidean,282,0.28284271247461895,2.06
10307,group_reduced_formula,euclidean,32,0.28284271247461895,0.6
10323,group_reduced_formula,euclidean,120,0.28284271247461895,1.4
10327,group_reduced_formula,euclidean,4,0.28284271247461895,1.44
10328,group_reduced_formula,euclidean,208,0.28284271247461895,1.56
10329,group_reduced_formula,euclidean,106,0.28284271247461895,0.68
10330,group_reduced_formula,euclidean,101,0.2828427124746191,1.9
10336,group_reduced_formula,euclidean,4,0.28284271247461895,0.96
10340,group_reduced_formula,euclidean,10,0.28284271247461895,1.6
10358,group_reduced_formula,euclidean,21,0.28284271247461895,2.48
10364,group_reduced_formula,euclidean,3226,0.2828427124746191,1.6
10365,group_reduced_formula,euclidean,64,0.28284271247461895,0.5
10395,group_reduced_formula,euclidean,448,0.282842712474619,1.5
10403,group_reduced_formula,euclidean,1262,0.28284271247461906,2.06
10405,group_reduced_formula,euclidean,473,0.282842712474619,2.08
10416,group_reduced_formula,euclidean,496,0.282842712474619,1.78
10422,group_reduced_formula,euclidean,32,0.28284271247461895,1.38
10440,group_reduced_formula,euclidean,489,0.282842712474619,3.14
10476,group_reduced_formula,euclidean,26,0.28284271247461895,1.22
10484,group_reduced_formula,euclidean,554,0.282842712474619,0.5
10500,group_reduced_formula,euclidean,215,0.2828427124746191,0.9
10503,group_reduced_formula,euclidean,574,0.282842712474619,1.18
10510,group_reduced_formula,euclidean,34,0.28284271247461895,0.58
10534,group_reduced_formula,euclidean,13,0.28284271247461895,1.0
10536,group_reduced_formula,euclidean,38,0.28284271247461895,1.68
10548,group_reduced_formula,euclidean,389,0.28284271247461895,1.88
10552,group_reduced_formula,euclidean,174,0.28284271247461895,1.12
10557,group_reduced_formula,euclidean,1538,0.28284271247461906,1.24
10573,group_reduced_formula,euclidean,164,0.2828427124746191,2.02
10597,group_reduced_formula,euclidean,104,0.28284271247461895,1.58
10611,group_reduced_formula,euclidean,11,0.28284271247461895,2.04
10624,group_reduced_formula,euclidean,77,0.28284271247461895,1.34
10627,group_reduced_formula,euclidean,8,0.28284271247461895,1.1
10631,group_reduced_formula,euclidean,64,0.28284271247461895,0.98
10633,group_reduced_formula,euclidean,13,0.28284271247461895,1.48
10638,group_reduced_formula,euclidean,121,0.28284271247461895,1.42
10639,group_reduced_formula,euclidean,549,0.2828427124746191,-0.16
10643,group_reduced_formula,euclidean,6,0.28284271247461895,0.38
10650,group_reduced_formula,euclidean,119,0.28284271247461895,2.12
10652,group_reduced_formula,euclidean,221,0.2828427124746191,1.58
10657,group_reduced_formula,euclidean,6,0.28284271247461895,3.64
10688,group_reduced_formula,euclidean,77,0.28284271247461895,1.18
10691,group_reduced_formula,euclidean,266,0.28284271247461895,1.06
10695,group_reduced_formula,euclidean,2376,0.2828427124746191,2.06
10702,group_reduced_formula,euclidean,11,0.28284271247461895,3.0
10715,group_reduced_formula,euclidean,13,0.28284271247461895,1.02
10716,group_reduced_formula,euclidean,282,0.28284271247461895,2.22
10729,group_reduced_formula,euclidean,64,0.28284271247461895,2.1
10735,group_reduced_formula,euclidean,4,0.28284271247461895,1.02
10745,group_reduced_formula,euclidean,34,0.28284271247461895,1.9
10783,group_reduced_formula,euclidean,79,0.28284271247461895,1.16
10784,group_reduced_formula,euclidean,659,0.28284271247461895,0.64
10790,group_reduced_formula,euclidean,121,0.28284271247461895,1.36
10797,group_reduced_formula,euclidean,1857,0.2828427124746191,3.88
10801,group_reduced_formula,euclidean,6052,0.2828427124746191,1.68
10804,group_reduced_formula,euclidean,160,0.28284271247461895,1.42
10827,group_reduced_formula,euclidean,10,0.28284271247461895,1.32
10840,group_reduced_formula,euclidean,722,0.28284271247461895,1.58
10847,group_reduced_formula,euclidean,3171,0.2828427124746191,0.28
10857,group_reduced_formula,euclidean,2769,0.28284271247461906,1.66
10864,group_reduced_formula,euclidean,12428,0.2828427124746191,1.58
10876,group_reduced_formula,euclidean,3169,0.28284271247461906,2.02
10880,group_reduced_formula,euclidean,5949,0.282842712474619,1.4
10892,group_reduced_formula,euclidean,293,0.28284271247461895,1.02
10896,group_reduced_formula,euclidean,4,0.28284271247461895,0.58
10928,group_reduced_formula,euclidean,1901,0.282842712474619,0.84
10933,group_reduced_formula,euclidean,40,0.2828427124746191,1.76
10944,group_reduced_formula,euclidean,318,0.28284271247461895,1.32
10952,group_reduced_formula,euclidean,154,0.282842712474619,2.04
10967,group_reduced_formula,euclidean,3237,0.28284271247461906,1.8
10978,group_reduced_formula,euclidean,549,0.28284271247461906,0.48
10984,group_reduced_formula,euclidean,95,0.28284271247461895,1.84
10991,group_reduced_formula,euclidean,4109,0.28284271247461906,0.44
11000,group_reduced_formula,euclidean,77,0.28284271247461895,1.8
11010,group_reduced_formula,euclidean,3171,0.2828427124746191,1.64
11021,group_reduced_formula,euclidean,650,0.28284271247461906,1.06
11073,group_reduced_formula,euclidean,141,0.28284271247461895,2.08
11080,group_reduced_formula,euclidean,9670,0.28284271247461906,0.66
11095,group_reduced_formula,euclidean,635,0.2828427124746191,0.1
11096,group_reduced_formula,euclidean,33,0.28284271247461895,0.34
11098,group_reduced_formula,euclidean,175,0.28284271247461895,4.62
11101,group_reduced_formula,euclidean,2357,0.282842712474619,1.96
11105,group_reduced_formula,euclidean,365,0.28284271247461906,0.82
11115,group_reduced_formula,euclidean,10741,0.282842712474619,1.14
11123,group_reduced_formula,euclidean,203,0.28284271247461895,1.48
11132,group_reduced_formula,euclidean,168,0.28284271247461895,2.08
11143,group_reduced_formula,euclidean,755,0.28284271247461895,0.2
11149,group_reduced_formula,euclidean,148,0.28284271247461906,1.86
11162,group_reduced_formula,euclidean,62,0.28284271247461895,1.12
11172,group_reduced_formula,euclidean,62,0.28284271247461895,3.82
11173,group_reduced_formula,euclidean,15,0.28284271247461895,0.56
11199,group_reduced_formula,euclidean,1044,0.28284271247461895,1.16
11205,group_reduced_formula,euclidean,139,0.28284271247461895,1.5
11209,group_reduced_formula,euclidean,2948,0.28284271247461906,1.48
11211,group_reduced_formula,euclidean,203,0.28284271247461895,1.68
11232,group_reduced_formula,euclidean,266,0.28284271247461895,0.72
11238,group_reduced_formula,euclidean,6,0.28284271247461895,1.54
11246,group_reduced_formula,euclidean,2204,0.282842712474619,0.78
11252,group_reduced_formula,euclidean,398,0.28284271247461895,2.16
11258,group_reduced_formula,euclidean,106,0.28284271247461895,1.4
11275,group_reduced_formula,euclidean,44,0.28284271247461895,0.8
11279,group_reduced_formula,euclidean,2217,0.282842712474619,1.06
11301,group_reduced_formula,euclidean,389,0.28284271247461895,1.88
11322,group_reduced_formula,euclidean,20,0.28284271247461895,1.12
11324,group_reduced_formula,euclidean,1364,0.282842712474619,1.9
11326,group_reduced_formula,euclidean,89,0.28284271247461895,1.08
11349,group_reduced_formula,euclidean,168,0.28284271247461895,2.2
11359,group_reduced_formula,euclidean,148,0.28284271247461906,0.96
11360,group_reduced_formula,euclidean,1223,0.2828427124746191,2.82
11378,group_reduced_formula,euclidean,258,0.28284271247461895,1.84
11382,group_reduced_formula,euclidean,849,0.28284271247461906,1.28
11393,group_reduced_formula,euclidean,201,0.28284271247461895,0.72
11409,group_reduced_formula,euclidean,49,0.28284271247461895,1.6
11434,group_reduced_formula,euclidean,7,0.28284271247461895,1.34
11440,group_reduced_formula,euclidean,77,0.28284271247461895,1.52
11444,group_reduced_formula,euclidean,75,0.2828427124746191,1.38
11454,group_reduced_formula,euclidean,33,0.28284271247461895,1.54
11475,group_reduced_formula,euclidean,6087,0.2828427124746191,1.72
11485,group_reduced_formula,euclidean,5185,0.28284271247461906,1.18
11506,group_reduced_formula,euclidean,3801,0.282842712474619,1.44
11557,group_reduced_formula,euclidean,1307,0.282842712474619,2.36
11561,group_reduced_formula,euclidean,27,0.28284271247461895,1.26
11582,group_reduced_formula,euclidean,1619,0.282842712474619,1.16
11602,group_reduced_formula,euclidean,40,0.28284271247461895,0.56
11606,group_reduced_formula,euclidean,79,0.28284271247461895,1.92
11610,group_reduced_formula,euclidean,217,0.28284271247461895,0.4
11622,group_reduced_formula,euclidean,189,0.28284271247461895,2.96
11626,group_reduced_formula,euclidean,496,0.2828427124746191,1.7
11632,group_reduced_formula,euclidean,27,0.28284271247461895,1.36
11648,group_reduced_formula,euclidean,206,0.28284271247461895,1.62
11662,group_reduced_formula,euclidean,234,0.28284271247461895,1.9
11681,group_reduced_formula,euclidean,11,0.28284271247461895,1.26
11695,group_reduced_formula,euclidean,258,0.28284271247461895,1.24
11708,group_reduced_formula,euclidean,7,0.28284271247461895,1.06
11712,group_reduced_formula,euclidean,74,0.28284271247461895,1.46
11724,group_reduced_formula,euclidean,1756,0.282842712474619,0.76
11741,group_reduced_formula,euclidean,45,0.28284271247461895,3.12
11743,group_reduced_formula,euclidean,15,0.28284271247461895,0.98
11762,group_reduced_formula,euclidean,325,0.28284271247461895,1.1
11780,group_reduced_formula,euclidean,166,0.28284271247461895,1.22
11816,group_reduced_formula,euclidean,141,0.28284271247461895,2.24
11846,group_reduced_formula,euclidean,603,0.28284271247461895,0.94
11854,group_reduced_formula,euclidean,75,0.2828427124746191,0.74
11884,group_reduced_formula,euclidean,38,0.28284271247461895,1.14
11886,group_reduced_formula,euclidean,747,0.2828427124746191,0.4
11894,group_reduced_formula,euclidean,7,0.28284271247461895,0.8
11897,group_reduced_formula,euclidean,679,0.282842712474619,0.74
11898,group_reduced_formula,euclidean,1149,0.2828427124746191,1.92
11899,group_reduced_formula,euclidean,1108,0.28284271247461906,1.18
11917,group_reduced_formula,euclidean,982,0.2828427124746191,2.4
11938,group_reduced_formula,euclidean,248,0.282842712474619,1.54
11964,group_reduced_formula,euclidean,266,0.28284271247461895,1.14
11975,group_reduced_formula,euclidean,755,0.28284271247461895,1.04
11978,group_reduced_formula,euclidean,199,0.282842712474619,1.16
11986,group_reduced_formula,euclidean,982,0.28284271247461906,1.64
11992,group_reduced_formula,euclidean,200,0.28284271247461895,3.5
12004,group_reduced_formula,euclidean,2162,0.282842712474619,0.92
12013,group_reduced_formula,euclidean,317,0.2828427124746191,2.66
12052,group_reduced_formula,euclidean,4109,0.2828427124746191,1.08
12068,group_reduced_formula,euclidean,797,0.282842712474619,2.44
12074,group_reduced_formula,euclidean,398,0.28284271247461895,2.06
12079,group_reduced_formula,euclidean,3169,0.28284271247461906,1.36
12081,group_reduced_formula,euclidean,175,0.28284271247461895,1.12
12084,group_reduced_formula,euclidean,603,0.28284271247461895,1.12
12085,group_reduced_formula,euclidean,107,0.28284271247461895,1.38
12110,group_reduced_formula,euclidean,119,0.28284271247461895,0.12
12140,group_reduced_formula,euclidean,8954,0.28284271247461906,1.2
12160,group_reduced_formula,euclidean,427,0.2828427124746191,1.16
12163,group_reduced_formula,euclidean,141,0.28284271247461895,0.54
12174,group_reduced_formula,euclidean,427,0.28284271247461906,1.68
12175,group_reduced_formula,euclidean,217,0.28284271247461895,1.7
12176,group_reduced_formula,euclidean,86,0.28284271247461895,2.1
12177,group_reduced_formula,euclidean,175,0.28284271247461895,2.66
12216,group_reduced_formula,euclidean,45,0.28284271247461895,1.48
12219,group_reduced_formula,euclidean,7,0.28284271247461895,1.12
12223,group_reduced_formula,euclidean,317,0.28284271247461906,2.86
12256,group_reduced_formula,euclidean,3169,0.2828427124746191,4.18
12269,group_reduced_formula,euclidean,794,0.28284271247461906,0.66
12271,group_reduced_formula,euclidean,108,0.28284271247461895,2.84
12313,group_reduced_formula,euclidean,348,0.28284271247461895,0.56
12315,group_reduced_formula,euclidean,6,0.28284271247461895,1.18
12331,group_reduced_formula,euclidean,58,0.28284271247461895,3.8
12336,group_reduced_formula,euclidean,3237,0.28284271247461906,2.36
12340,group_reduced_formula,euclidean,44,0.28284271247461895,0.7
12342,group_reduced_formula,euclidean,40,0.28284271247461895,0.5
12343,group_reduced_formula,euclidean,135,0.28284271247461895,0.64
12346,group_reduced_formula,euclidean,40,0.28284271247461895,1.92
12347,group_reduced_formula,euclidean,317,0.28284271247461906,2.12
12350,group_reduced_formula,euclidean,903,0.282842712474619,1.24
12355,group_reduced_formula,euclidean,908,0.282842712474619,1.6
12364,group_reduced_formula,euclidean,123,0.28284271247461895,1.0
12380,group_reduced_formula,euclidean,257,0.28284271247461895,1.92
12392,group_reduced_formula,euclidean,291,0.28284271247461895,0.38
12393,group_reduced_formula,euclidean,10351,0.28284271247461895,1.64
12395,group_reduced_formula,euclidean,221,0.28284271247461895,3.14
12407,group_reduced_formula,euclidean,3583,0.2828427124746191,1.44
12411,group_reduced_formula,euclidean,231,0.28284271247461895,2.14
12414,group_reduced_formula,euclidean,567,0.282842712474619,1.2
12415,group_reduced_formula,euclidean,166,0.28284271247461895,0.82
12416,group_reduced_formula,euclidean,403,0.282842712474619,0.96
12418,group_reduced_formula,euclidean,3364,0.282842712474619,1.82
12426,group_reduced_formula,euclidean,38,0.28284271247461895,1.22
12427,group_reduced_formula,euclidean,26,0.28284271247461895,0.92
12440,group_reduced_formula,euclidean,84,0.28284271247461895,1.2
12460,group_reduced_formula,euclidean,164,0.2828427124746191,3.9
12463,group_reduced_formula,euclidean,12203,0.282842712474619,0.32
12464,group_reduced_formula,euclidean,45,0.28284271247461895,0.08
12479,group_reduced_formula,euclidean,427,0.28284271247461906,1.94
12491,group_reduced_formula,euclidean,191,0.28284271247461895,0.44
12493,group_reduced_formula,euclidean,86,0.28284271247461895,1.98
12510,group_reduced_formula,euclidean,13,0.28284271247461895,1.3
12521,group_reduced_formula,euclidean,160,0.28284271247461895,1.92
12524,group_reduced_formula,euclidean,54,0.2828427124746191,1.34
12562,group_reduced_formula,euclidean,108,0.28284271247461895,1.8
12565,group_reduced_formula,euclidean,58,0.28284271247461895,2.86
12566,group_reduced_formula,euclidean,94,0.28284271247461895,1.22
12569,group_reduced_formula,euclidean,44,0.28284271247461895,1.26
12577,group_reduced_formula,euclidean,106,0.28284271247461895,1.26
12596,group_reduced_formula,euclidean,3253,0.28284271247461895,1.12
12627,group_reduced_formula,euclidean,982,0.28284271247461906,2.44
12631,group_reduced_formula,euclidean,113,0.28284271247461895,1.56
12651,group_reduced_formula,euclidean,1604,0.28284271247461906,1.36
12656,group_reduced_formula,euclidean,58,0.28284271247461895,1.0
12676,group_reduced_formula,euclidean,207,0.28284271247461895,1.26
12677,group_reduced_formula,euclidean,223,0.282842712474619,1.04
12700,group_reduced_formula,euclidean,2,0.28284271247461895,0.64
12703,group_reduced_formula,euclidean,982,0.2828427124746191,0.78
12708,group_reduced_formula,euclidean,148,0.28284271247461895,1.3
12713,group_reduced_formula,euclidean,264,0.282842712474619,2.72
12715,group_reduced_formula,euclidean,427,0.28284271247461906,1.7
12723,group_reduced_formula,euclidean,11,0.28284271247461895,1.6
12727,group_reduced_formula,euclidean,234,0.28284271247461895,1.08
12730,group_reduced_formula,euclidean,45,0.28284271247461895,0.98
12735,group_reduced_formula,euclidean,175,0.28284271247461895,2.38
12752,group_reduced_formula,euclidean,79,0.28284271247461895,1.3
12804,group_reduced_formula,euclidean,2381,0.28284271247461906,1.62
12810,group_reduced_formula,euclidean,54,0.28284271247461895,1.08
12812,group_reduced_formula,euclidean,203,0.28284271247461895,2.78
12842,group_reduced_formula,euclidean,113,0.2828427124746191,1.08
12848,group_reduced_formula,euclidean,156,0.28284271247461895,1.22
12864,group_reduced_formula,euclidean,403,0.282842712474619,1.54
12870,group_reduced_formula,euclidean,7,0.28284271247461895,1.4
12893,group_reduced_formula,euclidean,26,0.28284271247461895,0.98
12909,group_reduced_formula,euclidean,2652,0.2828427124746191,2.2
12931,group_reduced_formula,euclidean,1454,0.28284271247461906,1.1
12939,group_reduced_formula,euclidean,514,0.282842712474619,1.08
12941,group_reduced_formula,euclidean,189,0.28284271247461895,1.88
12944,group_reduced_formula,euclidean,101,0.28284271247461906,2.34
12951,group_reduced_formula,euclidean,9828,0.28284271247461906,1.38
12956,group_reduced_formula,euclidean,160,0.28284271247461895,1.62
12965,group_reduced_formula,euclidean,427,0.2828427124746191,4.3
12967,group_reduced_formula,euclidean,84,0.28284271247461895,1.8
12977,group_reduced_formula,euclidean,13,0.28284271247461895,1.58
12978,group_reduced_formula,euclidean,567,0.282842712474619,1.94
12983,group_reduced_formula,euclidean,701,0.28284271247461895,0.92
12991,group_reduced_formula,euclidean,75,0.2828427124746191,0.76
13009,group_reduced_formula,euclidean,201,0.28284271247461895,0.72
13019,group_reduced_formula,euclidean,650,0.28284271247461895,2.72
13026,group_reduced_formula,euclidean,58,0.28284271247461895,3.16
13044,group_reduced_formula,euclidean,108,0.28284271247461895,1.74
13047,group_reduced_formula,euclidean,15,0.28284271247461895,1.54
13054,group_reduced_formula,euclidean,495,0.282842712474619,1.22
13060,group_reduced_formula,euclidean,498,0.282842712474619,1.38
13061,group_reduced_formula,euclidean,497,0.282842712474619,1.34
13062,group_reduced_formula,euclidean,58,0.28284271247461895,1.78
13069,group_reduced_formula,euclidean,177,0.28284271247461895,1.24
13074,group_reduced_formula,euclidean,20,0.28284271247461895,0.96
13093,group_reduced_formula,euclidean,1223,0.2828427124746191,2.26
13104,group_reduced_formula,euclidean,40,0.28284271247461895,1.14
13124,group_reduced_formula,euclidean,34,0.28284271247461895,1.04
13126,group_reduced_formula,euclidean,398,0.28284271247461895,1.72
13128,group_reduced_formula,euclidean,86,0.28284271247461895,0.9
13132,group_reduced_formula,euclidean,206,0.28284271247461906,1.16
13140,group_reduced_formula,euclidean,2941,0.28284271247461906,2.08
13148,group_reduced_formula,euclidean,185,0.28284271247461895,2.22
13162,group_reduced_formula,euclidean,21,0.28284271247461895,1.52
13168,group_reduced_formula,euclidean,317,0.28284271247461906,1.18
13194,group_reduced_formula,euclidean,1776,0.282842712474619,1.76
13208,group_reduced_formula,euclidean,189,0.28284271247461895,3.2
13212,group_reduced_formula,euclidean,8474,0.2828427124746191,1.76
13214,group_reduced_formula,euclidean,148,0.2828427124746191,1.8
13215,group_reduced_formula,euclidean,164,0.28284271247461895,2.28
13216,group_reduced_formula,euclidean,8,0.28284271247461895,1.52
13237,group_reduced_formula,euclidean,4510,0.2828427124746191,0.9
13281,group_reduced_formula,euclidean,2010,0.282842712474619,0.82
13300,group_reduced_formula,euclidean,27,0.28284271247461895,0.78
13313,group_reduced_formula,euclidean,27,0.28284271247461895,0.94
13340,group_reduced_formula,euclidean,318,0.28284271247461895,0.3
13344,group_reduced_formula,euclidean,549,0.2828427124746191,1.2
13350,group_reduced_formula,euclidean,62,0.28284271247461895,2.06
13356,group_reduced_formula,euclidean,464,0.282842712474619,1.44
13364,group_reduced_formula,euclidean,1108,0.28284271247461895,1.22
13376,group_reduced_formula,euclidean,119,0.28284271247461895,1.22
13394,group_reduced_formula,euclidean,88,0.28284271247461895,0.18
13409,group_reduced_formula,euclidean,185,0.28284271247461895,1.28
13423,group_reduced_formula,euclidean,93,0.28284271247461895,1.52
13424,group_reduced_formula,euclidean,79,0.28284271247461895,1.34
13442,group_reduced_formula,euclidean,2222,0.282842712474619,2.06
13443,group_reduced_formula,euclidean,2225,0.282842712474619,1.66
13454,group_reduced_formula,euclidean,15,0.28284271247461895,1.72
13458,group_reduced_formula,euclidean,40,0.28284271247461895,1.46
13466,group_reduced_formula,euclidean,1762,0.282842712474619,1.66
13480,group_reduced_formula,euclidean,1267,0.282842712474619,1.18
13515,group_reduced_formula,euclidean,3915,0.2828427124746191,1.14
13540,group_reduced_formula,euclidean,107,0.28284271247461895,1.0
13563,group_reduced_formula,euclidean,427,0.2828427124746191,2.4
13568,group_reduced_formula,euclidean,198,0.28284271247461895,1.12
13580,group_reduced_formula,euclidean,20,0.28284271247461895,1.34
13584,group_reduced_formula,euclidean,32,0.28284271247461895,1.18
13591,group_reduced_formula,euclidean,2357,0.282842712474619,1.2
13602,group_reduced_formula,euclidean,107,0.28284271247461895,2.68
13627,group_reduced_formula,euclidean,122,0.28284271247461895,0.66
13634,group_reduced_formula,euclidean,1566,0.28284271247461906,0.04
13642,group_reduced_formula,euclidean,64,0.28284271247461895,1.62
13656,group_reduced_formula,euclidean,156,0.28284271247461895,1.94
13678,group_reduced_formula,euclidean,1044,0.28284271247461906,0.3
13695,group_reduced_formula,euclidean,86,0.28284271247461895,0.8
13709,group_reduced_formula,euclidean,2941,0.28284271247461906,1.66
13711,group_reduced_formula,euclidean,1267,0.282842712474619,1.08
13717,group_reduced_formula,euclidean,77,0.28284271247461895,0.18
13718,group_reduced_formula,euclidean,1149,0.2828427124746191,1.8
13719,group_reduced_formula,euclidean,215,0.28284271247461895,2.16
13728,group_reduced_formula,euclidean,54,0.28284271247461895,1.1
13736,group_reduced_formula,euclidean,151,0.28284271247461895,1.12
13743,group_reduced_formula,euclidean,185,0.28284271247461895,1.12
13745,group_reduced_formula,euclidean,505,0.28284271247461895,0.84
13749,group_reduced_formula,euclidean,15,0.28284271247461895,-0.08
13754,group_reduced_formula,euclidean,1031,0.2828427124746191,0.82
13756,group_reduced_formula,euclidean,81,0.28284271247461895,1.6
13758,group_reduced_formula,euclidean,1290,0.282842712474619,2.14
13764,group_reduced_formula,euclidean,32,0.28284271247461895,1.36
13778,group_reduced_formula,euclidean,38,0.28284271247461895,1.4
13779,group_reduced_formula,euclidean,89,0.28284271247461895,0.24
13792,group_reduced_formula,euclidean,34,0.28284271247461895,0.18
13795,group_reduced_formula,euclidean,982,0.2828427124746191,0.54
13811,group_reduced_formula,euclidean,15,0.28284271247461895,0.98
13823,group_reduced_formula,euclidean,1068,0.282842712474619,0.94
13840,group_reduced_formula,euclidean,32,0.28284271247461895,1.02
13848,group_reduced_formula,euclidean,1688,0.2828427124746191,1.78
13870,group_reduced_formula,euclidean,1044,0.28284271247461895,1.34
13889,group_reduced_formula,euclidean,33,0.28284271247461895,0.36
13902,group_reduced_formula,euclidean,1448,0.282842712474619,0.56
13904,group_reduced_formula,euclidean,15,0.28284271247461895,0.38
13910,group_reduced_formula,euclidean,45,0.28284271247461895,1.2
13919,group_reduced_formula,euclidean,293,0.28284271247461895,1.34
13931,group_reduced_formula,euclidean,20,0.28284271247461895,1.48
13932,group_reduced_formula,euclidean,123,0.28284271247461895,1.0
13936,group_reduced_formula,euclidean,179,0.28284271247461895,1.16
13947,group_reduced_formula,euclidean,107,0.28284271247461895,2.02
13950,group_reduced_formula,euclidean,1131,0.282842712474619,1.98
13960,group_reduced_formula,euclidean,11,0.28284271247461895,1.12
13962,group_reduced_formula,euclidean,389,0.28284271247461895,1.76
13995,group_reduced_formula,euclidean,4,0.28284271247461895,1.68
13999,group_reduced_formula,euclidean,11,0.28284271247461895,1.34
14003,group_reduced_formula,euclidean,277,0.2828427124746191,1.34
14005,group_reduced_formula,euclidean,443,0.28284271247461895,1.34
14012,group_reduced_formula,euclidean,104,0.28284271247461895,1.62
14017,group_reduced_formula,euclidean,158,0.2828427124746191,2.3
14031,group_reduced_formula,euclidean,164,0.28284271247461895,1.24
14034,group_reduced_formula,euclidean,3878,0.282842712474619,1.52
14037,group_reduced_formula,euclidean,178,0.28284271247461895,0.4
14041,group_reduced_formula,euclidean,217,0.28284271247461895,3.88
14046,group_reduced_formula,euclidean,185,0.28284271247461895,1.22
14054,group_reduced_formula,euclidean,175,0.28284271247461895,3.78
14061,group_reduced_formula,euclidean,44,0.28284271247461895,1.6
14071,group_reduced_formula,euclidean,217,0.28284271247461895,0.88
14076,group_reduced_formula,euclidean,8,0.28284271247461895,1.2
14080,group_reduced_formula,euclidean,4380,0.282842712474619,2.06
14090,group_reduced_formula,euclidean,34,0.28284271247461895,0.98
14093,group_reduced_formula,euclidean,64,0.28284271247461895,1.26
14110,group_reduced_formula,euclidean,755,0.28284271247461895,1.62
14135,group_reduced_formula,euclidean,6,0.28284271247461895,0.6
14148,group_reduced_formula,euclidean,1275,0.282842712474619,1.76
14155,group_reduced_formula,euclidean,1755,0.282842712474619,1.9
14163,group_reduced_formula,euclidean,23,0.282842712474619,2.1
14168,group_reduced_formula,euclidean,27,0.28284271247461895,0.86
14170,group_reduced_formula,euclidean,88,0.28284271247461906,0.94
14196,group_reduced_formula,euclidean,8,0.28284271247461895,1.88
14203,group_reduced_formula,euclidean,549,0.2828427124746191,2.02
14205,group_reduced_formula,euclidean,821,0.282842712474619,1.34
14210,group_reduced_formula,euclidean,94,0.28284271247461895,1.72
14229,group_reduced_formula,euclidean,207,0.28284271247461895,1.18
14230,group_reduced_formula,euclidean,145,0.28284271247461906,1.14
14248,group_reduced_formula,euclidean,38,0.28284271247461895,1.02
14274,group_reduced_formula,euclidean,448,0.282842712474619,1.68
14277,group_reduced_formula,euclidean,123,0.28284271247461895,1.74
14281,group_reduced_formula,euclidean,258,0.28284271247461895,1.2
14286,group_reduced_formula,euclidean,78,0.28284271247461895,0.74
14294,group_reduced_formula,euclidean,2939,0.28284271247461906,1.72
14313,group_reduced_formula,euclidean,489,0.282842712474619,1.28
14323,group_reduced_formula,euclidean,26,0.28284271247461895,0.86
14350,group_reduced_formula,euclidean,45,0.28284271247461895,0.06
14376,group_reduced_formula,euclidean,49,0.28284271247461895,1.74
14384,group_reduced_formula,euclidean,75,0.28284271247461895,2.18
14386,group_reduced_formula,euclidean,88,0.28284271247461906,0.82
14389,group_reduced_formula,euclidean,64,0.28284271247461895,1.52
14396,group_reduced_formula,euclidean,10,0.28284271247461895,1.58
14402,group_reduced_formula,euclidean,38,0.28284271247461895,0.88
14404,group_reduced_formula,euclidean,88,0.28284271247461906,1.26
14442,group_reduced_formula,euclidean,44,0.28284271247461895,1.3
14446,group_reduced_formula,euclidean,156,0.28284271247461895,0.82
14463,group_reduced_formula,euclidean,88,0.28284271247461895,0.9
14466,group_reduced_formula,euclidean,7,0.28284271247461895,2.38
14475,group_reduced_formula,euclidean,26,0.28284271247461895,0.84
14477,group_reduced_formula,euclidean,95,0.28284271247461895,3.36
14487,group_reduced_formula,euclidean,464,0.282842712474619,2.56
14497,group_reduced_formula,euclidean,6,0.28284271247461895,1.96
14568,group_reduced_formula,euclidean,207,0.28284271247461895,0.98
14584,group_reduced_formula,euclidean,1108,0.28284271247461895,0.26
14604,group_reduced_formula,euclidean,5858,0.282842712474619,1.12
14613,group_reduced_formula,euclidean,9828,0.28284271247461906,2.18
14619,group_reduced_formula,euclidean,162,0.28284271247461895,1.4
14635,group_reduced_formula,euclidean,4,0.28284271247461895,1.94
14640,group_reduced_formula,euclidean,79,0.28284271247461895,1.7
14641,group_reduced_formula,euclidean,221,0.28284271247461895,0.12
14646,group_reduced_formula,euclidean,45,0.28284271247461895,0.58
14652,group_reduced_formula,euclidean,144,0.28284271247461895,1.4
14680,group_reduced_formula,euclidean,5185,0.28284271247461906,2.32
14689,group_reduced_formula,euclidean,81,0.28284271247461895,2.14
14691,group_reduced_formula,euclidean,479,0.28284271247461895,0.5
14695,group_reduced_formula,euclidean,5960,0.282842712474619,0.7
14703,group_reduced_formula,euclidean,58,0.28284271247461895,0.32
14705,group_reduced_formula,euclidean,74,0.28284271247461895,2.18
14709,group_reduced_formula,euclidean,794,0.28284271247461906,1.04
14745,group_reduced_formula,euclidean,1498,0.2828427124746191,2.24
14750,group_reduced_formula,euclidean,15,0.28284271247461895,1.28
14761,group_reduced_formula,euclidean,75,0.28284271247461895,0.84
14764,group_reduced_formula,euclidean,234,0.28284271247461895,2.22
14772,group_reduced_formula,euclidean,27,0.28284271247461895,0.78
14792,group_reduced_formula,euclidean,198,0.28284271247461895,1.3
14798,group_reduced_formula,euclidean,151,0.28284271247461895,1.0
14807,group_reduced_formula,euclidean,123,0.28284271247461895,2.32
14810,group_reduced_formula,euclidean,365,0.28284271247461906,0.02
14832,group_reduced_formula,euclidean,497,0.282842712474619,0.64
14845,group_reduced_formula,euclidean,101,0.2828427124746191,1.6
14860,group_reduced_formula,euclidean,120,0.28284271247461895,0.56
14867,group_reduced_formula,euclidean,27,0.28284271247461895,0.8
14868,group_reduced_formula,euclidean,27,0.28284271247461895,1.08
14875,group_reduced_formula,euclidean,144,0.28284271247461895,1.6
14879,group_reduced_formula,euclidean,135,0.28284271247461895,1.4
14905,group_reduced_formula,euclidean,10741,0.282842712474619,1.38
14911,group_reduced_formula,euclidean,198,0.28284271247461895,1.5
14937,group_reduced_formula,euclidean,94,0.28284271247461895,1.56
14944,group_reduced_formula,euclidean,982,0.28284271247461906,2.24
14945,group_reduced_formula,euclidean,76,0.28284271247461895,0.84
14947,group_reduced_formula,euclidean,214,0.28284271247461895,2.58
14953,group_reduced_formula,euclidean,5016,0.282842712474619,0.84
14957,group_reduced_formula,euclidean,110,0.28284271247461895,0.5
14961,group_reduced_formula,euclidean,151,0.28284271247461895,2.38
14966,group_reduced_formula,euclidean,2204,0.282842712474619,1.22
14972,group_reduced_formula,euclidean,1030,0.28284271247461906,2.06
14975,group_reduced_formula,euclidean,95,0.28284271247461895,1.62
14981,group_reduced_formula,euclidean,215,0.2828427124746191,1.14
14995,group_reduced_formula,euclidean,722,0.28284271247461906,2.88
15001,group_reduced_formula,euclidean,77,0.28284271247461895,2.06
15011,group_reduced_formula,euclidean,175,0.28284271247461895,1.2
15028,group_reduced_formula,euclidean,427,0.28284271247461906,1.58
15037,group_reduced_formula,euclidean,198,0.28284271247461895,1.32
15048,group_reduced_formula,euclidean,4793,0.282842712474619,0.52
15070,group_reduced_formula,euclidean,2808,0.2828427124746191,2.84
15088,group_reduced_formula,euclidean,156,0.28284271247461895,1.42
15091,group_reduced_formula,euclidean,650,0.28284271247461906,2.44
15101,group_reduced_formula,euclidean,54,0.28284271247461895,1.08
15150,group_reduced_formula,euclidean,101,0.28284271247461906,1.2
15162,group_reduced_formula,euclidean,365,0.28284271247461906,1.16
15174,group_reduced_formula,euclidean,206,0.28284271247461906,1.72
15194,group_reduced_formula,euclidean,4225,0.282842712474619,0.6
15202,group_reduced_formula,euclidean,9828,0.28284271247461895,3.08
15213,group_reduced_formula,euclidean,75,0.2828427124746191,2.04
15215,group_reduced_formula,euclidean,26,0.28284271247461895,1.42
15220,group_reduced_formula,euclidean,5269,0.282842712474619,1.92
15221,group_reduced_formula,euclidean,659,0.28284271247461895,0.76
15224,group_reduced_formula,euclidean,7525,0.282842712474619,1.7
15244,group_reduced_formula,euclidean,205,0.28284271247461895,0.62
15245,group_reduced_formula,euclidean,49,0.28284271247461895,0.3
15260,group_reduced_formula,euclidean,1034,0.28284271247461906,0.52
15264,group_reduced_formula,euclidean,206,0.28284271247461895,2.06
15272,group_reduced_formula,euclidean,119,0.2828427124746191,0.66
15301,group_reduced_formula,euclidean,153,0.28284271247461895,1.68
15307,group_reduced_formula,euclidean,74,0.28284271247461895,3.16
15314,group_reduced_formula,euclidean,147,0.28284271247461895,1.7
15330,group_reduced_formula,euclidean,1215,0.28284271247461906,1.26
15343,group_reduced_formula,euclidean,54,0.28284271247461895,1.06
15353,group_reduced_formula,euclidean,774,0.282842712474619,1.28
15376,group_reduced_formula,euclidean,6,0.28284271247461895,0.46
15378,group_reduced_formula,euclidean,4320,0.282842712474619,1.72
15383,group_reduced_formula,euclidean,58,0.28284271247461895,0.92
15390,group_reduced_formula,euclidean,317,0.2828427124746191,1.76
15392,group_reduced_formula,euclidean,3783,0.28284271247461906,1.1
15394,group_reduced_formula,euclidean,21,0.28284271247461895,0.28
15400,group_reduced_formula,euclidean,1472,0.28284271247461906,0.64
15439,group_reduced_formula,euclidean,58,0.28284271247461895,1.64
15458,group_reduced_formula,euclidean,13,0.28284271247461895,0.78
15461,group_reduced_formula,euclidean,5226,0.282842712474619,1.38
15485,group_reduced_formula,euclidean,44,0.28284271247461895,1.16
15503,group_reduced_formula,euclidean,113,0.28284271247461895,1.22
15524,group_reduced_formula,euclidean,160,0.28284271247461895,1.04
15525,group_reduced_formula,euclidean,86,0.28284271247461895,1.1
15532,group_reduced_formula,euclidean,654,0.2828427124746191,1.84
15535,group_reduced_formula,euclidean,549,0.2828427124746191,0.94
15545,group_reduced_formula,euclidean,158,0.2828427124746191,2.34
15547,group_reduced_formula,euclidean,794,0.28284271247461906,2.36
15551,group_reduced_formula,euclidean,123,0.28284271247461895,1.84
15552,group_reduced_formula,euclidean,206,0.28284271247461895,0.3
15554,group_reduced_formula,euclidean,10351,0.28284271247461906,1.5
15557,group_reduced_formula,euclidean,141,0.28284271247461895,1.18
15569,group_reduced_formula,euclidean,2,0.28284271247461895,2.04
15578,group_reduced_formula,euclidean,205,0.28284271247461895,2.1
15583,group_reduced_formula,euclidean,206,0.28284271247461895,1.98
15593,group_reduced_formula,euclidean,206,0.28284271247461895,1.36
15629,group_reduced_formula,euclidean,3677,0.282842712474619,1.26
15657,group_reduced_formula,euclidean,1108,0.28284271247461906,1.28
15670,group_reduced_formula,euclidean,106,0.28284271247461895,1.16
15674,group_reduced_formula,euclidean,5858,0.282842712474619,1.3
15693,group_reduced_formula,euclidean,86,0.28284271247461895,1.3
15694,group_reduced_formula,euclidean,62,0.28284271247461895,0.9
15704,group_reduced_formula,euclidean,20,0.28284271247461895,1.66
15715,group_reduced_formula,euclidean,185,0.28284271247461895,2.8
15717,group_reduced_formula,euclidean,3456,0.28284271247461906,1.74
15718,group_reduced_formula,euclidean,794,0.2828427124746191,1.4
15738,group_reduced_formula,euclidean,34,0.28284271247461895,0.92
15739,group_reduced_formula,euclidean,179,0.28284271247461895,2.6
15756,group_reduced_formula,euclidean,89,0.28284271247461895,0.5
15763,group_reduced_formula,euclidean,44,0.28284271247461895,2.28
15769,group_reduced_formula,euclidean,11,0.28284271247461895,0.94
15770,group_reduced_formula,euclidean,107,0.28284271247461895,3.08
15771,group_reduced_formula,euclidean,95,0.28284271247461895,1.86
15777,group_reduced_formula,euclidean,75,0.2828427124746191,1.24
15785,group_reduced_formula,euclidean,44,0.28284271247461895,1.94
15797,group_reduced_formula,euclidean,147,0.28284271247461895,1.68
15800,group_reduced_formula,euclidean,135,0.28284271247461895,0.14
15808,group_reduced_formula,euclidean,78,0.28284271247461895,1.48
15809,group_reduced_formula,euclidean,635,0.2828427124746191,1.58
15811,group_reduced_formula,euclidean,151,0.28284271247461895,2.2
15816,group_reduced_formula,euclidean,7030,0.282842712474619,0.68
15817,group_reduced_formula,euclidean,603,0.28284271247461895,1.58
15829,group_reduced_formula,euclidean,229,0.282842712474619,1.46
15832,group_reduced_formula,euclidean,374,0.28284271247461895,0.7
15839,group_reduced_formula,euclidean,44,0.28284271247461895,1.16
15848,group_reduced_formula,euclidean,45,0.28284271247461895,0.26
15855,group_reduced_formula,euclidean,141,0.28284271247461895,0.68
15876,group_reduced_formula,euclidean,50,0.28284271247461895,1.38
15883,group_reduced_formula,euclidean,1625,0.2828427124746191,0.42
15884,group_reduced_formula,euclidean,75,0.2828427124746191,1.66
15886,group_reduced_formula,euclidean,3715,0.282842712474619,1.2
15906,group_reduced_formula,euclidean,20,0.28284271247461895,0.76
15907,group_reduced_formula,euclidean,86,0.28284271247461895,1.36
15910,group_reduced_formula,euclidean,101,0.28284271247461906,4.48
15912,group_reduced_formula,euclidean,106,0.28284271247461895,0.78
15915,group_reduced_formula,euclidean,27,0.28284271247461895,2.68
15916,group_reduced_formula,euclidean,1184,0.2828427124746191,1.36
15920,group_reduced_formula,euclidean,74,0.28284271247461895,0.56
15928,group_reduced_formula,euclidean,21,0.28284271247461895,-0.06
15931,group_reduced_formula,euclidean,77,0.28284271247461895,1.94
15934,group_reduced_formula,euclidean,1538,0.28284271247461906,0.24
15937,group_reduced_formula,euclidean,26,0.28284271247461895,0.92
15950,group_reduced_formula,euclidean,5016,0.282842712474619,3.68
15955,group_reduced_formula,euclidean,74,0.28284271247461895,2.48
15960,group_reduced_formula,euclidean,205,0.28284271247461895,1.9
15966,group_reduced_formula,euclidean,6435,0.282842712474619,1.3
15973,group_reduced_formula,euclidean,120,0.28284271247461895,1.24
15979,group_reduced_formula,euclidean,6087,0.2828427124746191,1.96
15996,group_reduced_formula,euclidean,257,0.28284271247461895,0.54
16024,group_reduced_formula,euclidean,3902,0.2828427124746191,1.94
16025,group_reduced_formula,euclidean,4011,0.282842712474619,1.34
16047,group_reduced_formula,euclidean,496,0.282842712474619,1.74
16051,group_reduced_formula,euclidean,3576,0.28284271247461906,1.06
16053,group_reduced_formula,euclidean,13,0.28284271247461895,1.58
16058,group_reduced_formula,euclidean,293,0.28284271247461895,1.62
16082,group_reduced_formula,euclidean,7525,0.282842712474619,1.36
16083,group_reduced_formula,euclidean,147,0.28284271247461895,1.98
16122,group_reduced_formula,euclidean,168,0.28284271247461895,2.24
16124,group_reduced_formula,euclidean,1184,0.2828427124746191,0.68
16125,group_reduced_formula,euclidean,166,0.28284271247461895,1.36
16126,group_reduced_formula,euclidean,479,0.28284271247461895,0.46
16144,group_reduced_formula,euclidean,1472,0.28284271247461906,2.1
16154,group_reduced_formula,euclidean,66,0.282842712474619,1.1
16211,group_reduced_formula,euclidean,653,0.28284271247461906,0.8
16215,group_reduced_formula,euclidean,1857,0.2828427124746191,2.26
16217,group_reduced_formula,euclidean,650,0.28284271247461895,2.92
16220,group_reduced_formula,euclidean,1275,0.282842712474619,2.88
16237,group_reduced_formula,euclidean,191,0.28284271247461895,0.68
16241,group_reduced_formula,euclidean,5269,0.282842712474619,2.02
16249,group_reduced_formula,euclidean,21,0.28284271247461895,0.32
16252,group_reduced_formula,euclidean,107,0.28284271247461895,1.44
16256,group_reduced_formula,euclidean,191,0.28284271247461895,0.94
16259,group_reduced_formula,euclidean,27,0.28284271247461895,1.06
16266,group_reduced_formula,euclidean,6929,0.282842712474619,2.22
16279,group_reduced_formula,euclidean,113,0.28284271247461895,1.2
16282,group_reduced_formula,euclidean,34,0.28284271247461895,1.08
16288,group_reduced_formula,euclidean,189,0.28284271247461895,1.78
16315,group_reduced_formula,euclidean,1031,0.2828427124746191,2.22
16320,group_reduced_formula,euclidean,32,0.28284271247461895,1.1
16330,group_reduced_formula,euclidean,10,0.28284271247461895,1.52
16331,group_reduced_formula,euclidean,653,0.28284271247461906,1.92
16334,group_reduced_formula,euclidean,143,0.28284271247461895,1.12
16350,group_reduced_formula,euclidean,10,0.28284271247461895,0.42
16358,group_reduced_formula,euclidean,1688,0.28284271247461906,1.16
16373,group_reduced_formula,euclidean,822,0.28284271247461906,0.76
16381,group_reduced_formula,euclidean,160,0.28284271247461895,1.64
16408,group_reduced_formula,euclidean,123,0.28284271247461895,1.86
16418,group_reduced_formula,euclidean,13,0.28284271247461895,2.78
16447,group_reduced_formula,euclidean,68,0.28284271247461895,2.06
16457,group_reduced_formula,euclidean,38,0.28284271247461895,1.4
16480,group_reduced_formula,euclidean,136,0.28284271247461895,1.04
16485,group_reduced_formula,euclidean,2939,0.28284271247461906,1.34
16488,group_reduced_formula,euclidean,88,0.28284271247461906,1.62
16499,group_reduced_formula,euclidean,3226,0.28284271247461906,2.78
16516,group_reduced_formula,euclidean,108,0.28284271247461895,3.56
16522,group_reduced_formula,euclidean,68,0.28284271247461895,1.82
16526,group_reduced_formula,euclidean,76,0.28284271247461895,0.76
16530,group_reduced_formula,euclidean,2783,0.282842712474619,0.52
16533,group_reduced_formula,euclidean,88,0.28284271247461906,0.64
16541,group_reduced_formula,euclidean,1223,0.2828427124746191,1.94
16546,group_reduced_formula,euclidean,2401,0.282842712474619,2.28
16571,group_reduced_formula,euclidean,282,0.28284271247461895,1.72
16575,group_reduced_formula,euclidean,123,0.28284271247461895,3.18
16583,group_reduced_formula,euclidean,34,0.28284271247461895,0.9
16585,group_reduced_formula,euclidean,50,0.28284271247461895,0.96
16587,group_reduced_formula,euclidean,10,0.28284271247461895,0.86
16620,group_reduced_formula,euclidean,40,0.28284271247461895,1.16
16630,group_reduced_formula,euclidean,1579,0.2828427124746191,0.96
16645,group_reduced_formula,euclidean,1230,0.282842712474619,1.86
16647,group_reduced_formula,euclidean,217,0.28284271247461895,1.64
16652,group_reduced_formula,euclidean,549,0.2828427124746191,0.7
16657,group_reduced_formula,euclidean,635,0.2828427124746191,1.66
16660,group_reduced_formula,euclidean,156,0.28284271247461895,1.74
16677,group_reduced_formula,euclidean,38,0.28284271247461895,1.52
16679,group_reduced_formula,euclidean,464,0.282842712474619,0.82
16681,group_reduced_formula,euclidean,365,0.28284271247461906,1.28
16682,group_reduced_formula,euclidean,797,0.282842712474619,0.56
16748,group_reduced_formula,euclidean,1625,0.2828427124746191,2.48
16751,group_reduced_formula,euclidean,5423,0.282842712474619,3.76
16763,group_reduced_formula,euclidean,15,0.28284271247461895,1.58
16772,group_reduced_formula,euclidean,308,0.28284271247461906,2.3
16788,group_reduced_formula,euclidean,74,0.2828427124746191,1.64
16789,group_reduced_formula,euclidean,44,0.28284271247461895,1.76
16834,group_reduced_formula,euclidean,653,0.28284271247461895,0.46
16836,group_reduced_formula,euclidean,10351,0.28284271247461906,1.12
16839,group_reduced_formula,euclidean,201,0.28284271247461895,1.08
16844,group_reduced_formula,euclidean,5543,0.282842712474619,2.38
16853,group_reduced_formula,euclidean,44,0.28284271247461895,1.16
16854,group_reduced_formula,euclidean,2401,0.282842712474619,3.6
16882,group_reduced_formula,euclidean,77,0.28284271247461895,1.8
16893,group_reduced_formula,euclidean,317,0.28284271247461906,2.56
16899,group_reduced_formula,euclidean,2941,0.28284271247461906,2.98
16905,group_reduced_formula,euclidean,2941,0.2828427124746191,1.68
16913,group_reduced_formula,euclidean,144,0.28284271247461895,2.56
16916,group_reduced_formula,euclidean,118,0.28284271247461895,0.92
16919,group_reduced_formula,euclidean,234,0.28284271247461895,1.0
16924,group_reduced_formula,euclidean,653,0.28284271247461906,1.78
16955,group_reduced_formula,euclidean,169,0.28284271247461895,1.62
16968,group_reduced_formula,euclidean,54,0.28284271247461895,1.24
16970,group_reduced_formula,euclidean,2686,0.282842712474619,1.56
16972,group_reduced_formula,euclidean,20,0.28284271247461895,1.36
16974,group_reduced_formula,euclidean,54,0.28284271247461895,1.32
16997,group_reduced_formula,euclidean,3609,0.282842712474619,1.4
17000,group_reduced_formula,euclidean,5670,0.282842712474619,1.08
17004,group_reduced_formula,euclidean,20,0.28284271247461895,2.74
17010,group_reduced_formula,euclidean,454,0.28284271247461895,1.48
17019,group_reduced_formula,euclidean,20,0.28284271247461895,0.86
17022,group_reduced_formula,euclidean,208,0.28284271247461895,1.26
17023,group_reduced_formula,euclidean,8606,0.2828427124746191,0.5
17036,group_reduced_formula,euclidean,3576,0.28284271247461906,1.66
17044,group_reduced_formula,euclidean,231,0.28284271247461895,0.04
17048,group_reduced_formula,euclidean,13,0.28284271247461895,1.3
17053,group_reduced_formula,euclidean,203,0.28284271247461895,1.12
17055,group_reduced_formula,euclidean,206,0.28284271247461895,1.22
17081,group_reduced_formula,euclidean,1365,0.2828427124746191,1.48
17092,group_reduced_formula,euclidean,722,0.28284271247461906,2.04
17103,group_reduced_formula,euclidean,234,0.28284271247461895,1.32
17104,group_reduced_formula,euclidean,2030,0.28284271247461906,1.46
17105,group_reduced_formula,euclidean,821,0.282842712474619,1.92
17109,group_reduced_formula,euclidean,148,0.28284271247461906,2.02
17117,group_reduced_formula,euclidean,206,0.28284271247461906,1.58
17133,group_reduced_formula,euclidean,6,0.28284271247461895,0.7
17157,group_reduced_formula,euclidean,398,0.28284271247461895,1.52
17192,group_reduced_formula,euclidean,1531,0.2828427124746191,1.22
17193,group_reduced_formula,euclidean,2652,0.2828427124746191,3.72
17200,group_reduced_formula,euclidean,794,0.28284271247461906,0.46
17207,group_reduced_formula,euclidean,148,0.28284271247461906,0.46
17209,group_reduced_formula,euclidean,317,0.28284271247461906,2.56
17221,group_reduced_formula,euclidean,1857,0.2828427124746191,2.32
17241,group_reduced_formula,euclidean,141,0.28284271247461895,1.04
17255,group_reduced_formula,euclidean,64,0.28284271247461895,3.44
17365,group_reduced_formula,euclidean,26,0.28284271247461895,0.94
17368,group_reduced_formula,euclidean,1034,0.2828427124746191,1.04
17389,group_reduced_formula,euclidean,166,0.28284271247461895,1.3
17390,group_reduced_formula,euclidean,2225,0.282842712474619,0.52
17409,group_reduced_formula,euclidean,33,0.28284271247461895,1.88
17416,group_reduced_formula,euclidean,58,0.28284271247461895,0.58
17431,group_reduced_formula,euclidean,176,0.28284271247461906,1.02
17443,group_reduced_formula,euclidean,94,0.28284271247461895,0.9
17444,group_reduced_formula,euclidean,108,0.28284271247461895,2.86
17477,group_reduced_formula,euclidean,32,0.28284271247461895,1.02
17478,group_reduced_formula,euclidean,50,0.28284271247461895,0.96
17484,group_reduced_formula,euclidean,160,0.28284271247461895,1.04
17486,group_reduced_formula,euclidean,1742,0.2828427124746191,1.58
17508,group_reduced_formula,euclidean,5158,0.282842712474619,1.22
17517,group_reduced_formula,euclidean,88,0.28284271247461895,0.76
17522,group_reduced_formula,euclidean,84,0.28284271247461895,1.88
17527,group_reduced_formula,euclidean,163,0.28284271247461895,1.2
17542,group_reduced_formula,euclidean,144,0.28284271247461895,2.02
17559,group_reduced_formula,euclidean,206,0.28284271247461895,2.34
17562,group_reduced_formula,euclidean,135,0.28284271247461895,0.78
17584,group_reduced_formula,euclidean,50,0.28284271247461895,3.88
17603,group_reduced_formula,euclidean,2401,0.282842712474619,0.94
17625,group_reduced_formula,euclidean,203,0.28284271247461895,1.88
17633,group_reduced_formula,euclidean,158,0.28284271247461906,3.4
17640,group_reduced_formula,euclidean,2014,0.282842712474619,1.3
17647,group_reduced_formula,euclidean,40,0.28284271247461895,0.18
17650,group_reduced_formula,euclidean,203,0.28284271247461895,0.78
17656,group_reduced_formula,euclidean,367,0.28284271247461895,1.24
17658,group_reduced_formula,euclidean,237,0.28284271247461895,0.5
17659,group_reduced_formula,euclidean,2217,0.282842712474619,1.9
17667,group_reduced_formula,euclidean,26,0.28284271247461895,1.5
17671,group_reduced_formula,euclidean,89,0.28284271247461895,0.62
17683,group_reduced_formula,euclidean,1789,0.2828427124746191,1.9
17701,group_reduced_formula,euclidean,101,0.2828427124746191,1.24
17702,group_reduced_formula,euclidean,2939,0.2828427124746191,1.38
17706,group_reduced_formula,euclidean,653,0.28284271247461906,1.76
17711,group_reduced_formula,euclidean,365,0.2828427124746191,-0.12
17716,group_reduced_formula,euclidean,54,0.28284271247461895,1.62
17727,group_reduced_formula,euclidean,12203,0.282842712474619,2.44
17731,group_reduced_formula,euclidean,2686,0.282842712474619,0.7
17744,group_reduced_formula,euclidean,5296,0.282842712474619,1.98
17748,group_reduced_formula,euclidean,33,0.28284271247461895,1.3
17751,group_reduced_formula,euclidean,10,0.28284271247461895,0.54
17757,group_reduced_formula,euclidean,1863,0.282842712474619,1.08
17768,group_reduced_formula,euclidean,1031,0.2828427124746191,1.82
17773,group_reduced_formula,euclidean,179,0.28284271247461895,1.28
17787,group_reduced_formula,euclidean,160,0.28284271247461895,1.14
17797,group_reduced_formula,euclidean,5306,0.282842712474619,1.54
17798,group_reduced_formula,euclidean,549,0.2828427124746191,0.86
17802,group_reduced_formula,euclidean,1531,0.2828427124746191,0.42
17830,group_reduced_formula,euclidean,68,0.28284271247461895,1.44
17833,group_reduced_formula,euclidean,32,0.28284271247461895,2.16
17839,group_reduced_formula,euclidean,169,0.28284271247461895,1.72
17840,group_reduced_formula,euclidean,3136,0.282842712474619,1.32
17843,group_reduced_formula,euclidean,12428,0.2828427124746191,2.24
17844,group_reduced_formula,euclidean,3500,0.2828427124746191,2.92
17855,group_reduced_formula,euclidean,2941,0.2828427124746191,2.14
17864,group_reduced_formula,euclidean,203,0.28284271247461895,0.84
17872,group_reduced_formula,euclidean,398,0.28284271247461895,2.18
17873,group_reduced_formula,euclidean,6567,0.282842712474619,1.0
17880,group_reduced_formula,euclidean,95,0.28284271247461895,1.56
17881,group_reduced_formula,euclidean,794,0.28284271247461906,1.02
17896,group_reduced_formula,euclidean,6347,0.282842712474619,2.38
17897,group_reduced_formula,euclidean,113,0.28284271247461895,1.1
17898,group_reduced_formula,euclidean,1262,0.28284271247461906,1.18
17904,group_reduced_formula,euclidean,206,0.28284271247461906,0.56
17906,group_reduced_formula,euclidean,95,0.28284271247461895,1.62
17909,group_reduced_formula,euclidean,214,0.28284271247461895,1.42
17919,group_reduced_formula,euclidean,653,0.28284271247461895,2.5
17920,group_reduced_formula,euclidean,1472,0.28284271247461906,0.8
17925,group_reduced_formula,euclidean,1275,0.282842712474619,2.02
17935,group_reduced_formula,euclidean,207,0.28284271247461895,0.98
17937,group_reduced_formula,euclidean,365,0.28284271247461906,0.68
17968,group_reduced_formula,euclidean,77,0.28284271247461895,1.16
17978,group_reduced_formula,euclidean,1566,0.28284271247461906,1.26
17996,group_reduced_formula,euclidean,34,0.28284271247461895,1.24
18002,group_reduced_formula,euclidean,213,0.28284271247461895,2.54
18006,group_reduced_formula,euclidean,5998,0.28284271247461906,1.96
18008,group_reduced_formula,euclidean,168,0.28284271247461895,1.14
18009,group_reduced_formula,euclidean,427,0.28284271247461906,2.14
18025,group_reduced_formula,euclidean,505,0.2828427124746191,0.62
18036,group_reduced_formula,euclidean,79,0.28284271247461895,1.1
18058,group_reduced_formula,euclidean,141,0.28284271247461895,1.42
18062,group_reduced_formula,euclidean,27,0.28284271247461895,1.62
18091,group_reduced_formula,euclidean,175,0.28284271247461895,2.52
18100,group_reduced_formula,euclidean,1901,0.282842712474619,2.4
18127,group_reduced_formula,euclidean,4,0.28284271247461895,0.72
18147,group_reduced_formula,euclidean,26,0.28284271247461895,0.6
18151,group_reduced_formula,euclidean,755,0.28284271247461895,1.06
18165,group_reduced_formula,euclidean,13,0.28284271247461895,1.06
18207,group_reduced_formula,euclidean,45,0.28284271247461895,0.9
18213,group_reduced_formula,euclidean,185,0.28284271247461895,1.2
18221,group_reduced_formula,euclidean,101,0.28284271247461906,1.64
18224,group_reduced_formula,euclidean,94,0.28284271247461895,1.42
18226,group_reduced_formula,euclidean,365,0.2828427124746191,0.76
18229,group_reduced_formula,euclidean,45,0.28284271247461895,1.1
18236,group_reduced_formula,euclidean,277,0.282842712474619,1.7
18242,group_reduced_formula,euclidean,74,0.28284271247461895,0.92
18243,group_reduced_formula,euclidean,10,0.28284271247461895,1.4
18248,group_reduced_formula,euclidean,198,0.28284271247461895,1.18
18251,group_reduced_formula,euclidean,435,0.28284271247461906,0.42
18252,group_reduced_formula,euclidean,8,0.28284271247461895,2.46
18258,group_reduced_formula,euclidean,3783,0.28284271247461906,1.22
18269,group_reduced_formula,euclidean,317,0.2828427124746191,2.58
18270,group_reduced_formula,euclidean,6220,0.282842712474619,0.88
18272,group_reduced_formula,euclidean,147,0.28284271247461895,1.18
18274,group_reduced_formula,euclidean,119,0.28284271247461895,1.08
18277,group_reduced_formula,euclidean,722,0.28284271247461906,2.12
18289,group_reduced_formula,euclidean,206,0.28284271247461906,1.62
18290,group_reduced_formula,euclidean,165,0.282842712474619,1.28
18296,group_reduced_formula,euclidean,5998,0.28284271247461906,1.78
18298,group_reduced_formula,euclidean,77,0.28284271247461895,0.9
18299,group_reduced_formula,euclidean,567,0.2828427124746191,2.3
18300,group_reduced_formula,euclidean,185,0.28284271247461895,0.54
18311,group_reduced_formula,euclidean,1136,0.28284271247461906,1.22
18321,group_reduced_formula,euclidean,58,0.28284271247461895,0.86
18324,group_reduced_formula,euclidean,200,0.28284271247461895,1.96
18325,group_reduced_formula,euclidean,747,0.2828427124746191,1.66
18335,group_reduced_formula,euclidean,821,0.282842712474619,1.22
18350,group_reduced_formula,euclidean,317,0.2828427124746191,2.06
18354,group_reduced_formula,euclidean,88,0.28284271247461906,0.2
18360,group_reduced_formula,euclidean,1030,0.28284271247461906,0.84
18362,group_reduced_formula,euclidean,15,0.28284271247461895,0.72
18387,group_reduced_formula,euclidean,214,0.28284271247461895,1.92
18389,group_reduced_formula,euclidean,1579,0.2828427124746191,2.18
18393,group_reduced_formula,euclidean,1108,0.28284271247461906,0.94
18414,group_reduced_formula,euclidean,4,0.28284271247461895,1.1
18435,group_reduced_formula,euclidean,217,0.28284271247461895,0.72
18439,group_reduced_formula,euclidean,21,0.28284271247461895,2.42
18447,group_reduced_formula,euclidean,650,0.28284271247461895,1.84
18459,group_reduced_formula,euclidean,2,0.28284271247461895,0.58
18466,group_reduced_formula,euclidean,2401,0.282842712474619,1.4
18468,group_reduced_formula,euclidean,1239,0.282842712474619,1.68
18472,group_reduced_formula,euclidean,11,0.28284271247461895,1.76
18497,group_reduced_formula,euclidean,2948,0.28284271247461906,1.22
18509,group_reduced_formula,euclidean,158,0.2828427124746191,1.58
18514,group_reduced_formula,euclidean,136,0.28284271247461895,1.08
18519,group_reduced_formula,euclidean,32,0.28284271247461895,1.36
18557,group_reduced_formula,euclidean,169,0.28284271247461895,-0.08
18583,group_reduced_formula,euclidean,1034,0.2828427124746191,1.3
18588,group_reduced_formula,euclidean,6,0.28284271247461895,2.52
18606,group_reduced_formula,euclidean,365,0.2828427124746191,0.78
18607,group_reduced_formula,euclidean,13,0.28284271247461895,1.6
18615,group_reduced_formula,euclidean,653,0.28284271247461906,2.06
18620,group_reduced_formula,euclidean,217,0.28284271247461895,0.68
18634,group_reduced_formula,euclidean,38,0.28284271247461895,2.96
18639,group_reduced_formula,euclidean,108,0.28284271247461895,1.3
18641,group_reduced_formula,euclidean,1498,0.2828427124746191,1.62
18648,group_reduced_formula,euclidean,4,0.28284271247461895,1.32
18662,group_reduced_formula,euclidean,179,0.28284271247461895,1.56
18668,group_reduced_formula,euclidean,4510,0.2828427124746191,1.44
18669,group_reduced_formula,euclidean,185,0.2828427124746191,0.6
18673,group_reduced_formula,euclidean,325,0.28284271247461895,2.62
18686,group_reduced_formula,euclidean,45,0.28284271247461895,0.3
18709,group_reduced_formula,euclidean,5543,0.282842712474619,1.24
18715,group_reduced_formula,euclidean,310,0.28284271247461895,1.82
18730,group_reduced_formula,euclidean,1889,0.28284271247461906,1.12
18734,group_reduced_formula,euclidean,679,0.282842712474619,1.42
18736,group_reduced_formula,euclidean,38,0.28284271247461895,0.56
18737,group_reduced_formula,euclidean,89,0.28284271247461895,1.58
18753,group_reduced_formula,euclidean,77,0.28284271247461895,1.32
18756,group_reduced_formula,euclidean,89,0.28284271247461895,1.44
18757,group_reduced_formula,euclidean,189,0.28284271247461895,0.94
18794,group_reduced_formula,euclidean,1498,0.2828427124746191,1.98
18795,group_reduced_formula,euclidean,45,0.28284271247461895,0.98
18796,group_reduced_formula,euclidean,113,0.28284271247461895,1.54
18805,group_reduced_formula,euclidean,158,0.2828427124746191,2.0
18806,group_reduced_formula,euclidean,635,0.28284271247461906,-0.24
18808,group_reduced_formula,euclidean,176,0.28284271247461906,1.5
18825,group_reduced_formula,euclidean,148,0.2828427124746191,0.68
18840,group_reduced_formula,euclidean,26,0.28284271247461895,0.9
18843,group_reduced_formula,euclidean,11,0.28284271247461895,1.14
18848,group_reduced_formula,euclidean,160,0.28284271247461895,1.76
18874,group_reduced_formula,euclidean,358,0.28284271247461895,0.86
18876,group_reduced_formula,euclidean,650,0.28284271247461895,1.48
18888,group_reduced_formula,euclidean,94,0.28284271247461895,1.28
18901,group_reduced_formula,euclidean,4,0.28284271247461895,0.76
18904,group_reduced_formula,euclidean,722,0.28284271247461906,2.36
18922,group_reduced_formula,euclidean,4,0.28284271247461895,1.78
18923,group_reduced_formula,euclidean,53,0.28284271247461895,1.66
18925,group_reduced_formula,euclidean,1275,0.282842712474619,1.5
26,group_element_set,cosine,1044,0.08831538832289643,1.18
27,group_element_set,cosine,6669,0.08831538832289643,1.24
40,group_element_set,cosine,4453,0.08831538832289654,1.16
45,group_element_set,cosine,3212,0.08831538832289654,0.6
69,group_element_set,cosine,10280,0.15484574527148354,3.34
72,group_element_set,cosine,6087,0.08013378899220025,0.82
103,group_element_set,cosine,7050,0.08013378899220025,0.42
115,group_element_set,cosine,9667,0.08013378899220025,1.04
134,group_element_set,cosine,503,0.15484574527148354,0.56
136,group_element_set,cosine,3503,0.08831538832289654,1.5
137,group_element_set,cosine,1869,0.11808289631180324,1.6
155,group_element_set,cosine,8787,0.08013378899220025,1.28
158,group_element_set,cosine,233,0.08013378899220025,2.48
169,group_element_set,cosine,5933,0.08831538832289654,-0.04
171,group_element_set,cosine,6557,0.08013378899220025,0.72
179,group_element_set,cosine,1348,0.08831538832289643,3.44
183,group_element_set,cosine,3095,0.08831538832289643,2.02
188,group_element_set,cosine,6929,0.15484574527148365,2.54
199,group_element_set,cosine,11978,0.15484574527148354,1.48
206,group_element_set,cosine,9609,0.08013378899220025,1.1
211,group_element_set,cosine,1625,0.08013378899220025,2.1
212,group_element_set,cosine,250,0.08831538832289643,1.46
220,group_element_set,cosine,5185,0.08831538832289643,0.92
221,group_element_set,cosine,990,0.08831538832289643,0.58
224,group_element_set,cosine,3203,0.11808289631180324,0.64
228,group_element_set,cosine,327,0.08831538832289654,0.82
249,group_element_set,cosine,2970,0.08831538832289654,1.74
255,group_element_set,cosine,4168,0.08831538832289654,2.14
258,group_element_set,cosine,8270,0.08831538832289643,1.2
266,group_element_set,cosine,5462,0.08831538832289643,1.04
301,group_element_set,cosine,7460,0.08013378899220025,0.86
305,group_element_set,cosine,10469,0.08013378899220025,0.8
322,group_element_set,cosine,16965,0.11808289631180324,1.62
324,group_element_set,cosine,7429,0.08831538832289654,1.16
337,group_element_set,cosine,4758,0.08831538832289654,0.78
338,group_element_set,cosine,8825,0.08831538832289643,1.72
345,group_element_set,cosine,11221,0.11808289631180324,1.22
362,group_element_set,cosine,6288,0.08013378899220025,0.38
364,group_element_set,cosine,11030,0.08013378899220025,1.54
366,group_element_set,cosine,106,0.14285714285714302,0.5
372,group_element_set,cosine,114,0.15484574527148354,1.48
374,group_element_set,cosine,952,0.08831538832289654,1.28
376,group_element_set,cosine,16219,0.08013378899220025,1.9
380,group_element_set,cosine,89,0.15484574527148354,2.28
387,group_element_set,cosine,5511,0.08831538832289643,2.02
393,group_element_set,cosine,10367,0.08013378899220025,1.12
417,group_element_set,cosine,70,0.15484574527148354,1.5
418,group_element_set,cosine,4747,0.08831538832289654,1.26
433,group_element_set,cosine,801,0.08831538832289643,2.32
438,group_element_set,cosine,6904,0.08831538832289643,1.3
442,group_element_set,cosine,6122,0.08831538832289654,1.9
451,group_element_set,cosine,8248,0.08013378899220025,2.44
455,group_element_set,cosine,186,0.15484574527148354,2.9
458,group_element_set,cosine,10367,0.08013378899220025,1.22
466,group_element_set,cosine,6559,0.08831538832289643,1.66
470,group_element_set,cosine,151,0.15484574527148354,0.84
472,group_element_set,cosine,306,0.08831538832289654,0.84
476,group_element_set,cosine,6557,0.08013378899220025,0.72
505,group_element_set,cosine,11372,0.08831538832289643,1.26
511,group_element_set,cosine,821,0.15484574527148354,1.24
512,group_element_set,cosine,8787,0.08013378899220025,-0.2
515,group_element_set,cosine,8281,0.08013378899220025,0.32
521,group_element_set,cosine,14462,0.08013378899220025,1.3
532,group_element_set,cosine,6018,0.08831538832289643,1.78
559,group_element_set,cosine,7827,0.08831538832289654,2.6
564,group_element_set,cosine,1230,0.15484574527148354,1.26
578,group_element_set,cosine,7089,0.07549967295795157,1.28
583,group_element_set,cosine,7050,0.08013378899220025,0.88
591,group_element_set,cosine,253,0.08831538832289643,0.4
595,group_element_set,cosine,3036,0.08831538832289654,1.66
598,group_element_set,cosine,13671,0.08013378899220014,2.08
614,group_element_set,cosine,9613,0.08013378899220025,2.66
616,group_element_set,cosine,7693,0.08831538832289654,-0.06
626,group_element_set,cosine,6288,0.08013378899220025,1.52
649,group_element_set,cosine,233,0.08831538832289654,0.68
668,group_element_set,cosine,11408,0.08831538832289654,1.28
675,group_element_set,cosine,7076,0.08831538832289654,3.02
678,group_element_set,cosine,10353,0.08831538832289643,0.9
688,group_element_set,cosine,222,0.11808289631180324,0.76
730,group_element_set,cosine,1080,0.15484574527148354,1.68
732,group_element_set,cosine,8787,0.08013378899220025,0.4
734,group_element_set,cosine,1070,0.15484574527148354,1.32
735,group_element_set,cosine,24,0.08831538832289643,0.8
743,group_element_set,cosine,1038,0.15484574527148354,1.64
766,group_element_set,cosine,7871,0.08831538832289654,1.88
767,group_element_set,cosine,1863,0.15484574527148354,1.58
778,group_element_set,cosine,1953,0.08831538832289654,1.04
787,group_element_set,cosine,1863,0.15484574527148354,3.56
788,group_element_set,cosine,1145,0.15484574527148354,3.04
790,group_element_set,cosine,2939,0.07549967295795157,2.16
816,group_element_set,cosine,17820,0.08013378899220014,1.06
817,group_element_set,cosine,8097,0.08831538832289643,0.56
818,group_element_set,cosine,4297,0.08831538832289654,1.08
849,group_element_set,cosine,627,0.08831538832289643,1.38
863,group_element_set,cosine,1209,0.08831538832289654,1.58
868,group_element_set,cosine,9816,0.08831538832289643,1.2
872,group_element_set,cosine,6557,0.08013378899220025,0.8
891,group_element_set,cosine,10833,0.08831538832289654,1.02
894,group_element_set,cosine,6557,0.08013378899220025,1.58
905,group_element_set,cosine,2008,0.08831538832289643,1.48
913,group_element_set,cosine,610,0.15484574527148354,1.18
921,group_element_set,cosine,15136,0.11808289631180324,1.9
922,group_element_set,cosine,1625,0.08013378899220025,2.58
940,group_element_set,cosine,541,0.08831538832289643,0.72
950,group_element_set,cosine,7460,0.08013378899220025,1.0
955,group_element_set,cosine,5398,0.08831538832289654,1.32
995,group_element_set,cosine,5933,0.08831538832289654,0.68
1004,group_element_set,cosine,657,0.11808289631180324,0.72
1010,group_element_set,cosine,3095,0.08831538832289643,2.3
1011,group_element_set,cosine,17553,0.08013378899220025,3.42
1012,group_element_set,cosine,1587,0.08831538832289654,1.02
1018,group_element_set,cosine,581,0.08831538832289654,1.52
1058,group_element_set,cosine,5978,0.08013378899220025,1.2
1059,group_element_set,cosine,6689,0.08013378899220025,0.96
1061,group_element_set,cosine,14709,0.08831538832289643,0.7
1065,group_element_set,cosine,720,0.15484574527148354,1.46
1069,group_element_set,cosine,15703,0.08831538832289643,0.74
1074,group_element_set,cosine,5833,0.11808289631180324,1.42
1098,group_element_set,cosine,3490,0.08831538832289654,0.8
1114,group_element_set,cosine,222,0.11808289631180324,1.02
1116,group_element_set,cosine,290,0.08831538832289654,1.58
1122,group_element_set,cosine,11537,0.11808289631180324,0.48
1125,group_element_set,cosine,2717,0.08831538832289654,0.56
1133,group_element_set,cosine,8436,0.08831538832289643,0.64
1137,group_element_set,cosine,2926,0.08013378899220025,1.26
1151,group_element_set,cosine,806,0.15484574527148354,1.44
1153,group_element_set,cosine,10467,0.11808289631180324,0.72
1159,group_element_set,cosine,13781,0.08013378899220025,1.86
1161,group_element_set,cosine,6148,0.11808289631180324,1.28
1176,group_element_set,cosine,6608,0.08831538832289643,1.6
1177,group_element_set,cosine,4449,0.08831538832289643,0.46
1185,group_element_set,cosine,10367,0.08013378899220025,2.14
1203,group_element_set,cosine,9435,0.15484574527148354,1.18
1207,group_element_set,cosine,2850,0.08831538832289654,0.46
1223,group_element_set,cosine,13813,0.08013378899220025,2.22
1235,group_element_set,cosine,2926,0.08013378899220025,1.6
1252,group_element_set,cosine,14986,0.15484574527148354,1.84
1268,group_element_set,cosine,4797,0.08013378899220025,1.34
1270,group_element_set,cosine,15092,0.08831538832289643,1.5
1283,group_element_set,cosine,3299,0.08013378899220014,2.4
1296,group_element_set,cosine,3299,0.08013378899220014,1.86
1297,group_element_set,cosine,1007,0.11808289631180324,1.48
1309,group_element_set,cosine,4750,0.08831538832289654,1.84
1324,group_element_set,cosine,4490,0.08831538832289643,1.22
1335,group_element_set,cosine,1155,0.08831538832289654,1.76
1343,group_element_set,cosine,5978,0.08013378899220025,2.02
1365,group_element_set,cosine,4886,0.08831538832289654,2.2
1373,group_element_set,cosine,1230,0.15484574527148354,0.64
1378,group_element_set,cosine,222,0.11808289631180324,2.1
1381,group_element_set,cosine,5672,0.08831538832289654,1.9
1382,group_element_set,cosine,13298,0.08831538832289643,2.36
1391,group_element_set,cosine,689,0.08013378899220025,1.92
1406,group_element_set,cosine,2980,0.08831538832289654,1.58
1419,group_element_set,cosine,101,0.08013378899220014,1.4
1432,group_element_set,cosine,8787,0.08013378899220025,0.98
1433,group_element_set,cosine,11720,0.08013378899220025,1.36
1436,group_element_set,cosine,6018,0.08831538832289643,2.5
1452,group_element_set,cosine,1733,0.15484574527148354,0.84
1473,group_element_set,cosine,6963,0.11808289631180324,1.0
1479,group_element_set,cosine,821,0.15484574527148354,1.1
1488,group_element_set,cosine,4858,0.08831538832289643,1.04
1492,group_element_set,cosine,3540,0.08831538832289654,1.14
1499,group_element_set,cosine,17820,0.08013378899220014,2.24
1500,group_element_set,cosine,17227,0.15484574527148354,2.02
1525,group_element_set,cosine,3902,0.08013378899220014,1.24
1534,group_element_set,cosine,11978,0.15484574527148354,1.4
1548,group_element_set,cosine,5778,0.08831538832289643,1.12
1555,group_element_set,cosine,7815,0.08831538832289654,1.3
1565,group_element_set,cosine,1281,0.15484574527148354,1.34
1599,group_element_set,cosine,16721,0.08013378899220014,1.02
1604,group_element_set,cosine,7050,0.08013378899220025,0.26
1612,group_element_set,cosine,1241,0.15484574527148354,2.44
1630,group_element_set,cosine,1401,0.15484574527148354,0.58
1631,group_element_set,cosine,8097,0.08831538832289643,1.36
1635,group_element_set,cosine,6060,0.08831538832289654,0.38
1637,group_element_set,cosine,1812,0.08831538832289654,1.38
1659,group_element_set,cosine,6280,0.08831538832289654,1.34
1664,group_element_set,cosine,1953,0.08831538832289654,2.8
1673,group_element_set,cosine,2570,0.08013378899220025,0.4
1676,group_element_set,cosine,6301,0.08831538832289643,1.0
1678,group_element_set,cosine,1339,0.08831538832289654,0.96
1689,group_element_set,cosine,464,0.15484574527148354,1.46
1709,group_element_set,cosine,561,0.08831538832289643,0.6
1716,group_element_set,cosine,6282,0.08831538832289643,2.34
1720,group_element_set,cosine,11372,0.08831538832289643,1.68
1744,group_element_set,cosine,194,0.08831538832289654,2.12
1746,group_element_set,cosine,3814,0.08013378899220025,1.7
1760,group_element_set,cosine,15202,0.07549967295795157,2.98
1763,group_element_set,cosine,1078,0.15484574527148354,0.88
1770,group_element_set,cosine,6636,0.08013378899220025,0.96
1773,group_element_set,cosine,3539,0.08831538832289654,1.94
1806,group_element_set,cosine,1625,0.08013378899220025,0.94
1811,group_element_set,cosine,7050,0.08013378899220025,0.98
1815,group_element_set,cosine,8771,0.08831538832289643,2.02
1825,group_element_set,cosine,13231,0.08831538832289654,1.4
1831,group_element_set,cosine,859,0.15484574527148354,0.72
1842,group_element_set,cosine,6063,0.08831538832289643,0.94
1844,group_element_set,cosine,1041,0.08831538832289643,1.02
1849,group_element_set,cosine,2220,0.15484574527148354,1.24
1852,group_element_set,cosine,10280,0.15484574527148354,0.36
1881,group_element_set,cosine,840,0.15484574527148354,2.1
1882,group_element_set,cosine,2179,0.15484574527148354,1.8
1907,group_element_set,cosine,11574,0.07549967295795157,1.22
1912,group_element_set,cosine,674,0.15484574527148354,1.26
1924,group_element_set,cosine,657,0.11808289631180324,2.0
1925,group_element_set,cosine,9023,0.08013378899220025,3.26
1929,group_element_set,cosine,2294,0.15484574527148354,0.5
1944,group_element_set,cosine,1044,0.08831538832289643,0.62
1956,group_element_set,cosine,844,0.08831538832289654,1.36
1967,group_element_set,cosine,11182,0.08831538832289654,1.1
1977,group_element_set,cosine,2941,0.08013378899220025,1.76
1983,group_element_set,cosine,8045,0.08831538832289654,1.16
1993,group_element_set,cosine,5504,0.11808289631180324,1.76
1999,group_element_set,cosine,549,0.08013378899220025,1.22
2007,group_element_set,cosine,9051,0.08013378899220014,-0.26
2009,group_element_set,cosine,5402,0.11808289631180324,1.1
2045,group_element_set,cosine,13119,0.11808289631180324,0.96
2072,group_element_set,cosine,11985,0.08831538832289654,1.32
2077,group_element_set,cosine,4510,0.08013378899220025,0.76
2090,group_element_set,cosine,2850,0.08831538832289654,0.66
2120,group_element_set,cosine,11448,0.08013378899220025,0.72
2131,group_element_set,cosine,6148,0.11808289631180324,0.18
2134,group_element_set,cosine,11030,0.08013378899220025,3.18
2145,group_element_set,cosine,6901,0.08831538832289643,1.6
2153,group_element_set,cosine,650,0.08013378899220025,2.0
2161,group_element_set,cosine,9518,0.08831538832289643,3.44
2166,group_element_set,cosine,13781,0.08013378899220025,1.46
2167,group_element_set,cosine,1733,0.15484574527148354,2.98
2197,group_element_set,cosine,3664,0.08831538832289643,3.1
2229,group_element_set,cosine,5360,0.08831538832289643,1.0
2235,group_element_set,cosine,2625,0.08831538832289643,0.78
2237,group_element_set,cosine,1981,0.15484574527148354,2.22
2254,group_element_set,cosine,15875,0.11808289631180324,1.24
2262,group_element_set,cosine,25,0.14285714285714302,1.22
2298,group_element_set,cosine,16788,0.11808289631180324,1.52
2301,group_element_set,cosine,10175,0.07549967295795157,4.0
2305,group_element_set,cosine,3226,0.08831538832289654,2.84
2310,group_element_set,cosine,9444,0.08831538832289654,0.24
2322,group_element_set,cosine,2945,0.08831538832289643,1.22
2335,group_element_set,cosine,114,0.15484574527148354,1.68
2345,group_element_set,cosine,3608,0.08831538832289643,0.84
2349,group_element_set,cosine,2046,0.15484574527148354,0.62
2357,group_element_set,cosine,7540,0.08831538832289654,0.94
2360,group_element_set,cosine,3903,0.08831538832289654,1.82
2363,group_element_set,cosine,549,0.08013378899220025,1.2
2380,group_element_set,cosine,2247,0.08013378899220014,2.3
2385,group_element_set,cosine,10738,0.11111111111111116,1.78
2386,group_element_set,cosine,1227,0.08831538832289643,1.12
2396,group_element_set,cosine,3329,0.08831538832289654,0.94
2397,group_element_set,cosine,3299,0.08013378899220014,1.1
2408,group_element_set,cosine,1118,0.08831538832289654,1.26
2412,group_element_set,cosine,5245,0.08831538832289654,0.78
2414,group_element_set,cosine,6833,0.08831538832289654,0.76
2424,group_element_set,cosine,17634,0.07549967295795157,1.3
2453,group_element_set,cosine,695,0.11808289631180324,3.1
2485,group_element_set,cosine,10072,0.15484574527148354,2.82
2509,group_element_set,cosine,3299,0.08013378899220014,0.7
2527,group_element_set,cosine,1230,0.15484574527148354,1.28
2554,group_element_set,cosine,2686,0.15484574527148354,3.26
2569,group_element_set,cosine,9281,0.08831538832289643,0.96
2590,group_element_set,cosine,11081,0.08013378899220025,1.08
2623,group_element_set,cosine,14486,0.08013378899220014,2.0
2630,group_element_set,cosine,7551,0.08831538832289643,1.0
2632,group_element_set,cosine,2966,0.15484574527148354,2.36
2635,group_element_set,cosine,4890,0.08831538832289643,2.18
2647,group_element_set,cosine,10853,0.08831538832289643,1.0
2657,group_element_set,cosine,16219,0.08013378899220025,2.44
2665,group_element_set,cosine,3095,0.08831538832289643,0.76
2690,group_element_set,cosine,468,0.08831538832289643,1.96
2705,group_element_set,cosine,549,0.08013378899220025,0.6
2715,group_element_set,cosine,2435,0.15484574527148354,2.16
2747,group_element_set,cosine,253,0.08831538832289643,1.34
2752,group_element_set,cosine,3902,0.08013378899220014,1.44
2764,group_element_set,cosine,5728,0.15484574527148354,0.88
2767,group_element_set,cosine,16006,0.08013378899220025,1.68
2777,group_element_set,cosine,299,0.08831538832289654,1.94
2782,group_element_set,cosine,800,0.08831538832289643,1.24
2792,group_element_set,cosine,8389,0.08013378899220025,2.1
2799,group_element_set,cosine,821,0.15484574527148354,1.16
2800,group_element_set,cosine,9347,0.08831538832289643,2.26
2809,group_element_set,cosine,2484,0.15484574527148354,1.64
2812,group_element_set,cosine,13671,0.08013378899220014,-0.58
2826,group_element_set,cosine,988,0.08831538832289654,1.3
2836,group_element_set,cosine,12839,0.08013378899220025,2.6
2837,group_element_set,cosine,2476,0.15484574527148354,1.1
2843,group_element_set,cosine,2375,0.08831538832289643,1.88
2849,group_element_set,cosine,1007,0.11808289631180324,1.2
2854,group_element_set,cosine,1230,0.15484574527148354,1.88
2856,group_element_set,cosine,2621,0.15484574527148354,1.4
2864,group_element_set,cosine,6786,0.08831538832289654,1.82
2872,group_element_set,cosine,6288,0.08013378899220025,-0.06
2881,group_element_set,cosine,7815,0.08831538832289654,1.26
2882,group_element_set,cosine,15309,0.11808289631180324,1.08
2886,group_element_set,cosine,7541,0.08013378899220014,0.94
2887,group_element_set,cosine,12214,0.11808289631180324,1.94
2912,group_element_set,cosine,16721,0.08013378899220014,0.6
2916,group_element_set,cosine,2609,0.08831538832289643,1.56
2928,group_element_set,cosine,16006,0.08013378899220025,1.46
2935,group_element_set,cosine,2970,0.08831538832289654,1.48
2957,group_element_set,cosine,12906,0.15484574527148354,1.06
2972,group_element_set,cosine,3341,0.08831538832289654,0.1
2975,group_element_set,cosine,7460,0.08013378899220014,0.56
2976,group_element_set,cosine,9920,0.11808289631180324,1.06
2993,group_element_set,cosine,11978,0.15484574527148354,1.58
2997,group_element_set,cosine,4415,0.08831538832289643,0.5
3002,group_element_set,cosine,15202,0.08013378899220025,2.16
3012,group_element_set,cosine,7259,0.08013378899220014,0.9
3025,group_element_set,cosine,8412,0.07549967295795157,2.42
3037,group_element_set,cosine,148,0.08831538832289654,1.48
3048,group_element_set,cosine,3329,0.08831538832289654,0.48
3050,group_element_set,cosine,7007,0.08831538832289643,1.32
3063,group_element_set,cosine,9051,0.08013378899220014,1.28
3106,group_element_set,cosine,5703,0.08831538832289643,0.42
3115,group_element_set,cosine,5667,0.11808289631180324,1.6
3127,group_element_set,cosine,9385,0.08831538832289643,1.04
3129,group_element_set,cosine,2926,0.08013378899220025,2.04
3130,group_element_set,cosine,763,0.15484574527148354,2.76
3141,group_element_set,cosine,5206,0.11808289631180324,0.74
3143,group_element_set,cosine,672,0.08831538832289654,1.82
3186,group_element_set,cosine,11923,0.15484574527148354,1.62
3207,group_element_set,cosine,10972,0.08831538832289654,1.38
3238,group_element_set,cosine,5670,0.15484574527148354,1.54
3240,group_element_set,cosine,1869,0.11808289631180324,1.08
3253,group_element_set,cosine,689,0.07549967295795157,1.56
3255,group_element_set,cosine,6349,0.08831538832289654,0.2
3272,group_element_set,cosine,5185,0.08831538832289643,2.32
3286,group_element_set,cosine,3730,0.08831538832289643,0.7
3293,group_element_set,cosine,6117,0.08831538832289654,1.5
3296,group_element_set,cosine,1552,0.08831538832289654,1.52
3309,group_element_set,cosine,9972,0.07549967295795157,0.64
3310,group_element_set,cosine,3915,0.08831538832289654,0.94
3314,group_element_set,cosine,1139,0.11808289631180324,1.4
3342,group_element_set,cosine,916,0.08831538832289654,0.78
3356,group_element_set,cosine,18214,0.11808289631180324,0.76
3359,group_element_set,cosine,14986,0.15484574527148354,0.5
3360,group_element_set,cosine,821,0.15484574527148354,1.26
3362,group_element_set,cosine,8473,0.08831538832289654,0.92
3374,group_element_set,cosine,5431,0.08013378899220025,0.84
3389,group_element_set,cosine,3248,0.08831538832289654,1.28
3390,group_element_set,cosine,5048,0.08831538832289654,0.82
3400,group_element_set,cosine,3099,0.15484574527148354,1.18
3402,group_element_set,cosine,13601,0.08831538832289654,0.96
3407,group_element_set,cosine,4493,0.08831538832289643,1.04
3423,group_element_set,cosine,16123,0.08831538832289643,1.32
3430,group_element_set,cosine,3036,0.08831538832289654,3.12
3434,group_element_set,cosine,10964,0.08831538832289643,1.52
3465,group_element_set,cosine,2268,0.08831538832289643,1.8
3498,group_element_set,cosine,13853,0.11808289631180324,1.08
3532,group_element_set,cosine,4369,0.08831538832289643,1.06
3557,group_element_set,cosine,3095,0.08831538832289643,0.6
3558,group_element_set,cosine,106,0.14285714285714302,0.78
3569,group_element_set,cosine,15666,0.08831538832289643,1.42
3570,group_element_set,cosine,1230,0.15484574527148354,2.66
3582,group_element_set,cosine,3583,0.08013378899220014,1.68
3584,group_element_set,cosine,7551,0.08831538832289643,1.16
3585,group_element_set,cosine,3230,0.15484574527148354,2.34
3627,group_element_set,cosine,232,0.11808289631180324,1.34
3647,group_element_set,cosine,8441,0.08831538832289654,2.0
3653,group_element_set,cosine,12954,0.08831538832289643,0.66
3662,group_element_set,cosine,5431,0.08013378899220025,3.2
3671,group_element_set,cosine,5978,0.08013378899220025,1.22
3684,group_element_set,cosine,1230,0.15484574527148354,0.36
3685,group_element_set,cosine,1323,0.08831538832289643,1.54
3686,group_element_set,cosine,17724,0.08013378899220025,1.16
3687,group_element_set,cosine,468,0.08831538832289643,2.08
3688,group_element_set,cosine,720,0.15484574527148354,1.38
3689,group_element_set,cosine,15789,0.08013378899220025,1.7
3691,group_element_set,cosine,7050,0.08013378899220025,0.7
3696,group_element_set,cosine,101,0.08013378899220025,1.58
3714,group_element_set,cosine,12393,0.08013378899220014,3.48
3717,group_element_set,cosine,13813,0.08013378899220025,2.54
3721,group_element_set,cosine,7873,0.08831538832289643,1.94
3725,group_element_set,cosine,9778,0.08831538832289654,2.88
3734,group_element_set,cosine,1145,0.15484574527148354,1.22
3741,group_element_set,cosine,5504,0.11808289631180324,1.48
3742,group_element_set,cosine,4608,0.11808289631180324,2.3
3750,group_element_set,cosine,9383,0.08831538832289643,2.88
3756,group_element_set,cosine,7089,0.08013378899220025,2.14
3768,group_element_set,cosine,13648,0.08831538832289643,1.14
3770,group_element_set,cosine,3814,0.08013378899220025,0.74
3800,group_element_set,cosine,1149,0.08013378899220025,0.82
3822,group_element_set,cosine,1359,0.08831538832289654,2.2
3823,group_element_set,cosine,7827,0.08831538832289654,1.7
3837,group_element_set,cosine,612,0.08831538832289654,0.78
3839,group_element_set,cosine,10738,0.11808289631180324,0.94
3856,group_element_set,cosine,1041,0.08831538832289643,1.34
3865,group_element_set,cosine,6875,0.07549967295795157,1.94
3892,group_element_set,cosine,2572,0.11808289631180324,1.12
3904,group_element_set,cosine,6673,0.11808289631180324,1.2
3914,group_element_set,cosine,2188,0.08831538832289654,0.48
3923,group_element_set,cosine,140,0.08831538832289643,2.4
3927,group_element_set,cosine,1625,0.08013378899220025,1.3
3948,group_element_set,cosine,11448,0.07549967295795157,1.78
3961,group_element_set,cosine,5978,0.08013378899220025,-0.1
3962,group_element_set,cosine,6338,0.08831538832289654,1.72
3984,group_element_set,cosine,1230,0.15484574527148354,1.2
3995,group_element_set,cosine,4415,0.08831538832289643,1.36
4000,group_element_set,cosine,9195,0.08831538832289654,1.2
4005,group_element_set,cosine,10469,0.08013378899220014,1.62
4021,group_element_set,cosine,1349,0.11808289631180324,1.32
4043,group_element_set,cosine,5703,0.08831538832289643,2.9
4044,group_element_set,cosine,7050,0.08013378899220025,0.8
4050,group_element_set,cosine,142,0.08831538832289654,2.0
4057,group_element_set,cosine,3831,0.15484574527148354,1.52
4073,group_element_set,cosine,12024,0.08013378899220025,1.98
4074,group_element_set,cosine,10608,0.08831538832289643,0.6
4075,group_element_set,cosine,4747,0.08831538832289654,1.62
4083,group_element_set,cosine,2047,0.08831538832289643,0.98
4106,group_element_set,cosine,13721,0.08831538832289654,1.44
4135,group_element_set,cosine,1943,0.15484574527148354,1.04
4144,group_element_set,cosine,4608,0.11808289631180324,0.98
4202,group_element_set,cosine,14267,0.11808289631180324,1.22
4211,group_element_set,cosine,4521,0.15484574527148354,1.18
4221,group_element_set,cosine,3244,0.08831538832289654,0.94
4227,group_element_set,cosine,9023,0.08013378899220025,3.98
4238,group_element_set,cosine,6559,0.08831538832289643,1.04
4244,group_element_set,cosine,10897,0.11808289631180324,0.24
4255,group_element_set,cosine,3814,0.08013378899220025,1.16
4256,group_element_set,cosine,989,0.08831538832289654,1.64
4257,group_element_set,cosine,16721,0.08013378899220014,1.34
4277,group_element_set,cosine,9671,0.08831538832289643,2.26
4281,group_element_set,cosine,10005,0.08831538832289654,2.34
4284,group_element_set,cosine,2179,0.15484574527148354,0.7
4289,group_element_set,cosine,13298,0.08831538832289643,3.66
4346,group_element_set,cosine,5431,0.08013378899220025,2.1
4349,group_element_set,cosine,4023,0.08831538832289643,1.4
4352,group_element_set,cosine,2939,0.08013378899220025,1.8
4376,group_element_set,cosine,11081,0.08013378899220025,2.62
4412,group_element_set,cosine,7460,0.08013378899220014,0.18
4429,group_element_set,cosine,7089,0.08013378899220025,2.0
4438,group_element_set,cosine,8975,0.08831538832289654,3.22
4440,group_element_set,cosine,1943,0.15484574527148354,1.18
4444,group_element_set,cosine,6608,0.08831538832289643,1.42
4445,group_element_set,cosine,8281,0.08013378899220025,0.48
4458,group_element_set,cosine,11790,0.08831538832289654,1.36
4467,group_element_set,cosine,650,0.08013378899220025,3.02
4472,group_element_set,cosine,15337,0.08831538832289654,2.24
4482,group_element_set,cosine,3608,0.08831538832289643,1.1
4491,group_element_set,cosine,8281,0.08013378899220025,1.02
4504,group_element_set,cosine,3230,0.15484574527148354,1.62
4512,group_element_set,cosine,13807,0.11808289631180324,1.34
4520,group_element_set,cosine,9306,0.11808289631180324,1.52
4522,group_element_set,cosine,5299,0.08831538832289643,1.38
4526,group_element_set,cosine,12839,0.07549967295795157,1.84
4535,group_element_set,cosine,7460,0.08013378899220025,0.74
4545,group_element_set,cosine,10738,0.11808289631180324,0.8
4547,group_element_set,cosine,6729,0.08831538832289654,0.44
4551,group_element_set,cosine,7540,0.08831538832289654,1.32
4555,group_element_set,cosine,3903,0.08831538832289654,0.94
4569,group_element_set,cosine,882,0.08831538832289654,1.64
4573,group_element_set,cosine,1863,0.15484574527148354,1.04
4574,group_element_set,cosine,689,0.08013378899220025,0.38
4581,group_element_set,cosine,320,0.08831538832289654,1.96
4615,group_element_set,cosine,9276,0.08831538832289654,2.3
4631,group_element_set,cosine,1943,0.15484574527148354,1.74
4632,group_element_set,cosine,4473,0.11808289631180324,0.84
4642,group_element_set,cosine,5048,0.08831538832289654,0.84
4671,group_element_set,cosine,612,0.08831538832289654,1.02
4673,group_element_set,cosine,12944,0.08831538832289643,4.34
4676,group_element_set,cosine,5911,0.11808289631180324,0.68
4677,group_element_set,cosine,6301,0.08831538832289643,1.42
4684,group_element_set,cosine,8266,0.08831538832289643,1.08
4720,group_element_set,cosine,12039,0.11808289631180324,3.54
4724,group_element_set,cosine,15789,0.08013378899220025,1.8
4730,group_element_set,cosine,689,0.08013378899220025,1.54
4744,group_element_set,cosine,6729,0.08831538832289654,1.96
4753,group_element_set,cosine,17715,0.11808289631180324,1.2
4754,group_element_set,cosine,10738,0.11808289631180324,1.36
4769,group_element_set,cosine,801,0.08831538832289643,1.42
4781,group_element_set,cosine,549,0.08013378899220025,0.86
4795,group_element_set,cosine,240,0.08831538832289654,1.06
4802,group_element_set,cosine,15444,0.08831538832289643,1.56
4806,group_element_set,cosine,10833,0.08831538832289654,1.52
4812,group_element_set,cosine,11476,0.08831538832289654,0.6
4814,group_element_set,cosine,4241,0.08831538832289654,1.66
4828,group_element_set,cosine,689,0.08013378899220025,1.78
4830,group_element_set,cosine,8248,0.08013378899220025,2.1
4873,group_element_set,cosine,3902,0.08013378899220014,2.58
4877,group_element_set,cosine,11923,0.15484574527148354,2.32
4894,group_element_set,cosine,15745,0.08013378899220025,1.18
4899,group_element_set,cosine,8577,0.08831538832289654,1.08
4901,group_element_set,cosine,9051,0.08013378899220025,0.96
4903,group_element_set,cosine,1863,0.15484574527148354,1.58
4908,group_element_set,cosine,1181,0.08831538832289643,1.02
4919,group_element_set,cosine,9023,0.07549967295795157,3.86
4932,group_element_set,cosine,3299,0.08013378899220025,2.0
4937,group_element_set,cosine,695,0.11808289631180324,1.7
4941,group_element_set,cosine,260,0.11808289631180324,1.68
4945,group_element_set,cosine,24,0.08831538832289643,3.12
4947,group_element_set,cosine,1227,0.08831538832289643,1.24
4965,group_element_set,cosine,15789,0.08013378899220025,1.22
4982,group_element_set,cosine,3503,0.08831538832289654,0.58
4983,group_element_set,cosine,11081,0.08013378899220025,2.7
4997,group_element_set,cosine,5359,0.15484574527148354,1.28
5001,group_element_set,cosine,4380,0.15484574527148354,1.42
5010,group_element_set,cosine,9051,0.08013378899220014,2.52
5012,group_element_set,cosine,4258,0.08013378899220025,1.58
5025,group_element_set,cosine,13671,0.07549967295795157,1.04
5041,group_element_set,cosine,695,0.11808289631180324,1.8
5043,group_element_set,cosine,12393,0.08013378899220014,1.08
5057,group_element_set,cosine,2435,0.15484574527148354,1.44
5058,group_element_set,cosine,8787,0.07549967295795157,0.7
5064,group_element_set,cosine,1230,0.15484574527148354,1.28
5096,group_element_set,cosine,3299,0.08013378899220014,4.36
5097,group_element_set,cosine,650,0.08013378899220025,2.5
5101,group_element_set,cosine,16788,0.11808289631180324,3.74
5108,group_element_set,cosine,4838,0.15484574527148354,1.22
5152,group_element_set,cosine,385,0.08831538832289654,2.76
5156,group_element_set,cosine,2980,0.08831538832289654,1.4
5167,group_element_set,cosine,5447,0.08831538832289654,0.56
5176,group_element_set,cosine,1741,0.15484574527148354,1.46
5182,group_element_set,cosine,2926,0.08013378899220025,2.68
5184,group_element_set,cosine,1910,0.08831538832289654,1.18
5197,group_element_set,cosine,7050,0.08013378899220025,1.74
5208,group_element_set,cosine,15745,0.08013378899220025,1.14
5213,group_element_set,cosine,5587,0.08831538832289654,2.1
5216,group_element_set,cosine,13853,0.11808289631180324,2.08
5218,group_element_set,cosine,9972,0.08013378899220025,0.62
5219,group_element_set,cosine,11030,0.08013378899220025,2.18
5258,group_element_set,cosine,8564,0.08831538832289643,0.86
5268,group_element_set,cosine,2484,0.15484574527148354,1.58
5275,group_element_set,cosine,16788,0.11808289631180324,0.46
5279,group_element_set,cosine,6507,0.08831538832289654,2.48
5282,group_element_set,cosine,1943,0.15484574527148354,2.06
5288,group_element_set,cosine,8975,0.08831538832289654,2.68
5295,group_element_set,cosine,28,0.08831538832289643,1.04
5298,group_element_set,cosine,9051,0.08013378899220025,1.5
5331,group_element_set,cosine,25,0.14285714285714302,1.56
5335,group_element_set,cosine,2977,0.15484574527148354,0.62
5339,group_element_set,cosine,3378,0.08831538832289643,2.64
5348,group_element_set,cosine,535,0.15484574527148354,1.68
5350,group_element_set,cosine,1181,0.08831538832289643,0.42
5356,group_element_set,cosine,1082,0.08831538832289643,1.84
5372,group_element_set,cosine,9023,0.08013378899220014,2.42
5389,group_element_set,cosine,6117,0.08831538832289654,0.96
5393,group_element_set,cosine,16219,0.08013378899220025,3.0
5403,group_element_set,cosine,16026,0.08831538832289654,1.9
5409,group_element_set,cosine,1981,0.15484574527148354,0.66
5412,group_element_set,cosine,1108,0.08831538832289643,0.72
5415,group_element_set,cosine,5431,0.08013378899220025,2.38
5455,group_element_set,cosine,89,0.15484574527148354,1.04
5481,group_element_set,cosine,1863,0.15484574527148354,1.56
5491,group_element_set,cosine,9891,0.08831538832289643,1.12
5492,group_element_set,cosine,1273,0.11808289631180324,1.88
5493,group_element_set,cosine,1082,0.08831538832289643,1.46
5497,group_element_set,cosine,1241,0.15484574527148354,0.9
5503,group_element_set,cosine,8248,0.08013378899220025,1.48
5509,group_element_set,cosine,7276,0.08831538832289643,1.22
5512,group_element_set,cosine,14518,0.08013378899220014,1.18
5514,group_element_set,cosine,15309,0.11808289631180324,1.48
5535,group_element_set,cosine,9302,0.11808289631180324,1.34
5574,group_element_set,cosine,6087,0.08013378899220025,1.62
5599,group_element_set,cosine,18022,0.11808289631180324,1.32
5602,group_element_set,cosine,3664,0.08831538832289643,0.68
5616,group_element_set,cosine,6203,0.08831538832289654,1.02
5617,group_element_set,cosine,10367,0.08013378899220025,0.92
5635,group_element_set,cosine,2247,0.08013378899220025,1.08
5669,group_element_set,cosine,6938,0.11808289631180324,2.6
5680,group_element_set,cosine,7460,0.08013378899220014,0.34
5688,group_element_set,cosine,3814,0.08013378899220014,1.4
5706,group_element_set,cosine,18108,0.15484574527148354,0.74
5727,group_element_set,cosine,8411,0.08013378899220025,0.3
5729,group_element_set,cosine,7460,0.08013378899220014,1.08
5748,group_element_set,cosine,657,0.11808289631180324,1.12
5757,group_element_set,cosine,5508,0.15484574527148354,1.38
5769,group_element_set,cosine,2128,0.08831538832289643,0.94
5822,group_element_set,cosine,1139,0.11808289631180324,1.02
5839,group_element_set,cosine,12985,0.08831538832289643,0.88
5842,group_element_set,cosine,6408,0.08831538832289654,2.62
5857,group_element_set,cosine,326,0.14285714285714302,1.44
5868,group_element_set,cosine,11448,0.08013378899220025,2.3
5883,group_element_set,cosine,2247,0.08013378899220025,1.5
5905,group_element_set,cosine,13369,0.08831538832289654,1.3
5906,group_element_set,cosine,16672,0.08831538832289643,3.06
5909,group_element_set,cosine,8389,0.08013378899220025,1.16
5910,group_element_set,cosine,4510,0.08013378899220025,0.3
5930,group_element_set,cosine,11448,0.08013378899220025,2.4
5939,group_element_set,cosine,2609,0.08831538832289643,1.06
5950,group_element_set,cosine,15745,0.08013378899220025,0.4
5960,group_element_set,cosine,3327,0.08831538832289654,0.32
5996,group_element_set,cosine,6305,0.15484574527148354,0.5
6002,group_element_set,cosine,549,0.08013378899220025,0.68
6009,group_element_set,cosine,3248,0.08831538832289654,1.72
6015,group_element_set,cosine,14462,0.08013378899220025,2.98
6021,group_element_set,cosine,1007,0.11808289631180324,0.68
6052,group_element_set,cosine,16512,0.08013378899220025,1.52
6056,group_element_set,cosine,9371,0.08831538832289643,1.8
6057,group_element_set,cosine,1794,0.08831538832289643,2.42
6062,group_element_set,cosine,5384,0.08013378899220014,1.96
6065,group_element_set,cosine,8793,0.08831538832289643,1.42
6081,group_element_set,cosine,6944,0.08831538832289654,1.18
6092,group_element_set,cosine,9347,0.08831538832289643,0.54
6103,group_element_set,cosine,2029,0.08831538832289643,1.46
6106,group_element_set,cosine,12839,0.08013378899220025,1.1
6114,group_element_set,cosine,2974,0.08831538832289643,1.94
6121,group_element_set,cosine,9667,0.08013378899220025,0.86
6123,group_element_set,cosine,6786,0.08831538832289654,1.58
6137,group_element_set,cosine,9671,0.08831538832289643,0.62
6142,group_element_set,cosine,4660,0.08831538832289654,0.68
6156,group_element_set,cosine,7460,0.08013378899220014,0.7
6164,group_element_set,cosine,10059,0.11808289631180324,1.12
6167,group_element_set,cosine,1606,0.15484574527148354,1.5
6177,group_element_set,cosine,8362,0.08831538832289643,2.68
6189,group_element_set,cosine,689,0.08013378899220025,1.02
6192,group_element_set,cosine,3348,0.08831538832289654,0.54
6220,group_element_set,cosine,6542,0.11808289631180324,1.14
6234,group_element_set,cosine,15531,0.11808289631180324,1.38
6268,group_element_set,cosine,15798,0.15484574527148354,0.82
6281,group_element_set,cosine,2717,0.08831538832289654,0.76
6285,group_element_set,cosine,10042,0.08831538832289643,0.8
6293,group_element_set,cosine,6060,0.08831538832289654,1.36
6294,group_element_set,cosine,2247,0.08013378899220014,0.74
6295,group_element_set,cosine,4062,0.08831538832289654,1.78
6314,group_element_set,cosine,2537,0.08831538832289654,1.12
6324,group_element_set,cosine,65,0.15484574527148365,2.0
6343,group_element_set,cosine,9232,0.08831538832289643,1.82
6352,group_element_set,cosine,10072,0.15484574527148354,1.08
6354,group_element_set,cosine,13145,0.08831538832289643,2.1
6357,group_element_set,cosine,11720,0.07549967295795157,1.46
6358,group_element_set,cosine,5462,0.08831538832289643,1.08
6403,group_element_set,cosine,6280,0.08831538832289654,1.6
6407,group_element_set,cosine,672,0.08831538832289654,2.7
6415,group_element_set,cosine,1575,0.08831538832289654,1.76
6420,group_element_set,cosine,464,0.15484574527148354,1.16
6421,group_element_set,cosine,6337,0.08831538832289654,1.64
6432,group_element_set,cosine,16721,0.08013378899220014,0.8
6444,group_element_set,cosine,5778,0.08831538832289643,0.48
6448,group_element_set,cosine,4797,0.08013378899220025,2.88
6451,group_element_set,cosine,3341,0.08831538832289654,1.3
6453,group_element_set,cosine,14294,0.08831538832289643,1.0
6466,group_element_set,cosine,9667,0.08013378899220025,0.36
6471,group_element_set,cosine,5359,0.15484574527148354,1.44
6472,group_element_set,cosine,8323,0.08831538832289643,0.62
6476,group_element_set,cosine,3024,0.08831538832289643,1.72
6480,group_element_set,cosine,6876,0.08831538832289643,1.38
6483,group_element_set,cosine,75,0.08831538832289654,1.58
6488,group_element_set,cosine,8771,0.08831538832289643,1.44
6493,group_element_set,cosine,6262,0.15484574527148354,1.98
6497,group_element_set,cosine,8210,0.15484574527148354,1.9
6506,group_element_set,cosine,5511,0.08831538832289643,0.62
6508,group_element_set,cosine,9891,0.08831538832289643,0.78
6511,group_element_set,cosine,2658,0.08831538832289654,0.84
6512,group_element_set,cosine,689,0.08013378899220025,1.72
6514,group_element_set,cosine,250,0.08831538832289643,0.62
6516,group_element_set,cosine,14462,0.08013378899220025,2.78
6541,group_element_set,cosine,2941,0.08013378899220025,2.48
6586,group_element_set,cosine,5384,0.08013378899220025,0.56
6590,group_element_set,cosine,3187,0.08831538832289643,0.22
6630,group_element_set,cosine,6944,0.08831538832289654,1.66
6631,group_element_set,cosine,7460,0.08013378899220014,0.88
6646,group_element_set,cosine,4449,0.08831538832289643,0.96
6647,group_element_set,cosine,4608,0.11808289631180324,1.48
6665,group_element_set,cosine,4299,0.08013378899220025,2.22
6680,group_element_set,cosine,821,0.15484574527148354,1.66
6708,group_element_set,cosine,10964,0.08831538832289643,1.2
6734,group_element_set,cosine,13751,0.11808289631180324,2.22
6741,group_element_set,cosine,8100,0.11808289631180324,1.78
6746,group_element_set,cosine,1360,0.08831538832289643,0.66
6750,group_element_set,cosine,3915,0.08831538832289654,2.52
6753,group_element_set,cosine,8795,0.08831538832289654,1.3
6761,group_element_set,cosine,11746,0.08831538832289654,1.5
6769,group_element_set,cosine,7102,0.15484574527148354,2.16
6810,group_element_set,cosine,8385,0.08831538832289643,2.5
6824,group_element_set,cosine,11177,0.08831538832289643,1.22
6826,group_element_set,cosine,186,0.15484574527148354,0.38
6829,group_element_set,cosine,7259,0.08013378899220025,1.42
6836,group_element_set,cosine,5511,0.08831538832289643,0.36
6842,group_element_set,cosine,1625,0.08013378899220025,1.88
6846,group_element_set,cosine,4910,0.08831538832289654,0.56
6850,group_element_set,cosine,9276,0.08831538832289654,0.66
6871,group_element_set,cosine,1118,0.08831538832289654,1.94
6884,group_element_set,cosine,1007,0.11808289631180324,0.96
6913,group_element_set,cosine,10620,0.08831538832289643,1.5
6925,group_element_set,cosine,11081,0.08013378899220025,2.38
6940,group_element_set,cosine,17131,0.15484574527148354,3.4
6955,group_element_set,cosine,15272,0.11808289631180324,0.92
6975,group_element_set,cosine,6262,0.15484574527148354,1.38
6987,group_element_set,cosine,10738,0.11808289631180324,1.22
7010,group_element_set,cosine,1571,0.11808289631180324,1.48
7017,group_element_set,cosine,1230,0.15484574527148354,0.92
7027,group_element_set,cosine,272,0.08831538832289643,0.66
7035,group_element_set,cosine,7507,0.08013378899220025,2.26
7058,group_element_set,cosine,12442,0.08831538832289643,2.1
7061,group_element_set,cosine,1863,0.15484574527148354,0.7
7065,group_element_set,cosine,10546,0.08831538832289654,1.78
7067,group_element_set,cosine,4625,0.08831538832289654,1.16
7069,group_element_set,cosine,13119,0.11808289631180324,2.08
7073,group_element_set,cosine,7429,0.08831538832289654,2.4
7074,group_element_set,cosine,14486,0.08013378899220014,0.76
7088,group_element_set,cosine,5447,0.08831538832289654,0.94
7128,group_element_set,cosine,16721,0.07549967295795157,0.46
7166,group_element_set,cosine,11978,0.15484574527148354,1.14
7178,group_element_set,cosine,9188,0.15484574527148354,1.5
7193,group_element_set,cosine,4387,0.08831538832289654,2.14
7194,group_element_set,cosine,15789,0.08013378899220025,1.44
7209,group_element_set,cosine,1230,0.15484574527148354,2.06
7218,group_element_set,cosine,5299,0.08831538832289643,0.78
7221,group_element_set,cosine,260,0.11808289631180324,0.0
7234,group_element_set,cosine,4387,0.08831538832289654,1.36
7255,group_element_set,cosine,9023,0.08013378899220025,3.12
7256,group_element_set,cosine,1339,0.08831538832289654,0.46
7257,group_element_set,cosine,14462,0.08013378899220025,0.16
7264,group_element_set,cosine,13781,0.08013378899220025,1.7
7265,group_element_set,cosine,1943,0.15484574527148354,2.1
7281,group_element_set,cosine,1625,0.08013378899220025,1.08
7282,group_element_set,cosine,5690,0.08831538832289654,0.76
7285,group_element_set,cosine,16721,0.08013378899220025,0.84
7293,group_element_set,cosine,6771,0.15484574527148354,1.0
7297,group_element_set,cosine,15829,0.15484574527148354,2.26
7303,group_element_set,cosine,3583,0.07549967295795157,2.3
7320,group_element_set,cosine,615,0.08831538832289643,0.94
7334,group_element_set,cosine,13252,0.08831538832289643,1.2
7342,group_element_set,cosine,988,0.08831538832289654,2.34
7346,group_element_set,cosine,7677,0.15484574527148354,2.84
7347,group_element_set,cosine,8233,0.08831538832289654,1.78
7349,group_element_set,cosine,6288,0.08013378899220025,1.4
7359,group_element_set,cosine,11411,0.08831538832289643,1.84
7365,group_element_set,cosine,383,0.08831538832289654,1.26
7375,group_element_set,cosine,3902,0.08013378899220014,1.96
7396,group_element_set,cosine,2939,0.08013378899220025,1.82
7405,group_element_set,cosine,19,0.20000000000000007,1.6
7410,group_element_set,cosine,882,0.08831538832289654,1.76
7415,group_element_set,cosine,3583,0.08013378899220025,-0.24
7425,group_element_set,cosine,11537,0.11808289631180324,0.26
7456,group_element_set,cosine,3878,0.15484574527148354,1.86
7458,group_element_set,cosine,13252,0.08831538832289643,1.38
7469,group_element_set,cosine,3694,0.08831538832289643,1.98
7482,group_element_set,cosine,1325,0.08831538832289643,1.14
7500,group_element_set,cosine,12839,0.08013378899220014,1.36
7516,group_element_set,cosine,11038,0.08013378899220025,1.44
7543,group_element_set,cosine,3539,0.08831538832289654,1.7
7547,group_element_set,cosine,75,0.08831538832289654,1.52
7549,group_element_set,cosine,11177,0.08831538832289643,1.5
7560,group_element_set,cosine,13813,0.08013378899220025,2.36
7570,group_element_set,cosine,10059,0.11808289631180324,0.34
7571,group_element_set,cosine,12969,0.08831538832289643,1.44
7591,group_element_set,cosine,13554,0.08831538832289643,1.54
7598,group_element_set,cosine,11182,0.08831538832289654,1.0
7603,group_element_set,cosine,8441,0.08831538832289654,1.82
7608,group_element_set,cosine,4797,0.08013378899220025,1.44
7617,group_element_set,cosine,7102,0.15484574527148354,1.18
7621,group_element_set,cosine,2136,0.08831538832289654,1.5
7643,group_element_set,cosine,549,0.08013378899220025,1.02
7652,group_element_set,cosine,313,0.08831538832289654,1.48
7664,group_element_set,cosine,5728,0.15484574527148354,1.54
7670,group_element_set,cosine,11691,0.11808289631180324,1.54
7679,group_element_set,cosine,6217,0.08831538832289654,3.62
7690,group_element_set,cosine,7089,0.08013378899220025,1.7
7725,group_element_set,cosine,9921,0.08013378899220025,1.12
7728,group_element_set,cosine,2274,0.08831538832289654,1.34
7729,group_element_set,cosine,9023,0.08013378899220025,1.48
7737,group_element_set,cosine,464,0.15484574527148354,0.84
7745,group_element_set,cosine,821,0.15484574527148354,1.5
7747,group_element_set,cosine,12039,0.11808289631180324,1.2
7752,group_element_set,cosine,10469,0.08013378899220014,1.68
7773,group_element_set,cosine,273,0.08831538832289654,1.26
7777,group_element_set,cosine,3192,0.08831538832289654,1.28
7780,group_element_set,cosine,8182,0.08831538832289643,1.64
7791,group_element_set,cosine,427,0.08013378899220025,1.58
7803,group_element_set,cosine,6926,0.08831538832289643,1.1
7812,group_element_set,cosine,11448,0.08013378899220025,1.58
7828,group_element_set,cosine,7838,0.08831538832289643,1.84
7830,group_element_set,cosine,5483,0.15484574527148354,1.76
7870,group_element_set,cosine,6557,0.07549967295795157,1.08
7890,group_element_set,cosine,10176,0.11808289631180324,1.38
7891,group_element_set,cosine,4060,0.07549967295795157,1.98
7894,group_element_set,cosine,3327,0.08831538832289654,2.84
7898,group_element_set,cosine,1536,0.08831538832289643,1.04
7899,group_element_set,cosine,9921,0.08013378899220025,1.0
7908,group_element_set,cosine,1869,0.11808289631180324,0.8
7924,group_element_set,cosine,4253,0.08831538832289654,0.88
7927,group_element_set,cosine,3694,0.08831538832289643,1.48
7929,group_element_set,cosine,12635,0.08831538832289643,1.34
7941,group_element_set,cosine,11978,0.15484574527148354,0.76
7955,group_element_set,cosine,821,0.15484574527148354,1.54
7966,group_element_set,cosine,290,0.08831538832289654,1.08
7973,group_element_set,cosine,8256,0.15484574527148354,1.8
7982,group_element_set,cosine,12839,0.08013378899220014,1.72
8022,group_element_set,cosine,695,0.11808289631180324,3.26
8025,group_element_set,cosine,7541,0.08013378899220025,2.32
8028,group_element_set,cosine,17017,0.08831538832289654,1.32
8035,group_element_set,cosine,16721,0.08013378899220025,1.54
8060,group_element_set,cosine,5958,0.11808289631180324,1.26
8068,group_element_set,cosine,10608,0.08831538832289643,2.3
8073,group_element_set,cosine,16965,0.11808289631180324,0.94
8074,group_element_set,cosine,15745,0.08013378899220025,0.8
8086,group_element_set,cosine,4592,0.08831538832289654,0.9
8094,group_element_set,cosine,274,0.08831538832289654,2.98
8108,group_element_set,cosine,12643,0.15484574527148365,1.56
8125,group_element_set,cosine,12214,0.11808289631180324,2.46
8146,group_element_set,cosine,326,0.14285714285714302,0.5
8148,group_element_set,cosine,8924,0.08831538832289643,1.42
8180,group_element_set,cosine,5555,0.08831538832289654,1.94
8183,group_element_set,cosine,13781,0.08013378899220025,1.84
8187,group_element_set,cosine,10353,0.08831538832289643,1.52
8189,group_element_set,cosine,5978,0.08013378899220025,2.32
8197,group_element_set,cosine,10005,0.08831538832289654,1.48
8207,group_element_set,cosine,12442,0.08831538832289643,0.76
8227,group_element_set,cosine,9158,0.11808289631180324,1.88
8229,group_element_set,cosine,1625,0.08013378899220025,1.66
8242,group_element_set,cosine,547,0.15484574527148354,1.24
8246,group_element_set,cosine,4910,0.08831538832289654,2.04
8263,group_element_set,cosine,7259,0.08013378899220014,1.66
8269,group_element_set,cosine,9416,0.11808289631180324,1.3
8276,group_element_set,cosine,535,0.15484574527148354,0.86
8289,group_element_set,cosine,8281,0.08013378899220025,0.86
8296,group_element_set,cosine,2941,0.08013378899220025,2.66
8299,group_element_set,cosine,825,0.08831538832289643,1.7
8313,group_element_set,cosine,214,0.15484574527148354,4.04
8329,group_element_set,cosine,3299,0.08013378899220014,1.46
8335,group_element_set,cosine,3099,0.15484574527148354,1.94
8343,group_element_set,cosine,1155,0.08831538832289654,0.7
8345,group_element_set,cosine,11448,0.08013378899220025,0.52
8350,group_element_set,cosine,13560,0.08831538832289654,2.2
8359,group_element_set,cosine,101,0.08013378899220025,1.88
8367,group_element_set,cosine,10294,0.08831538832289643,0.62
8377,group_element_set,cosine,689,0.08013378899220025,0.66
8387,group_element_set,cosine,7716,0.08831538832289654,1.42
8402,group_element_set,cosine,952,0.08831538832289654,0.96
8409,group_element_set,cosine,2132,0.08831538832289643,1.32
8414,group_element_set,cosine,689,0.08013378899220025,1.38
8422,group_element_set,cosine,2613,0.15484574527148354,1.0
8446,group_element_set,cosine,11030,0.08013378899220025,2.52
8455,group_element_set,cosine,1863,0.15484574527148354,0.7
8457,group_element_set,cosine,14486,0.08013378899220014,0.56
8458,group_element_set,cosine,2432,0.08831538832289643,1.32
8464,group_element_set,cosine,3024,0.08831538832289643,2.94
8487,group_element_set,cosine,4047,0.08831538832289643,0.52
8508,group_element_set,cosine,6321,0.08831538832289643,0.76
8511,group_element_set,cosine,828,0.08831538832289654,1.3
8517,group_element_set,cosine,14677,0.08831538832289643,1.54
8537,group_element_set,cosine,9609,0.08013378899220025,2.18
8538,group_element_set,cosine,121,0.15484574527148354,1.38
8568,group_element_set,cosine,395,0.15484574527148354,1.86
8586,group_element_set,cosine,10469,0.08013378899220025,1.82
8608,group_element_set,cosine,12635,0.08831538832289643,1.16
8610,group_element_set,cosine,8716,0.08831538832289654,0.54
8615,group_element_set,cosine,15309,0.11808289631180324,0.34
8618,group_element_set,cosine,5431,0.08013378899220025,1.98
8620,group_element_set,cosine,3918,0.08831538832289654,1.84
8634,group_element_set,cosine,6507,0.08831538832289654,1.68
8636,group_element_set,cosine,7045,0.11808289631180324,1.32
8663,group_element_set,cosine,535,0.15484574527148354,1.76
8678,group_element_set,cosine,4758,0.08831538832289654,1.92
8682,group_element_set,cosine,612,0.08831538832289654,0.92
8683,group_element_set,cosine,2047,0.08831538832289643,0.36
8695,group_element_set,cosine,6790,0.08831538832289643,0.86
8697,group_element_set,cosine,195,0.08831538832289654,1.38
8708,group_element_set,cosine,9371,0.08831538832289643,1.3
8712,group_element_set,cosine,821,0.15484574527148354,1.32
8713,group_element_set,cosine,12934,0.11808289631180324,0.1
8718,group_element_set,cosine,1625,0.08013378899220025,1.14
8720,group_element_set,cosine,4890,0.08831538832289643,1.48
8723,group_element_set,cosine,2116,0.08831538832289643,0.9
8738,group_element_set,cosine,11448,0.08013378899220025,0.82
8744,group_element_set,cosine,6669,0.08831538832289643,0.76
8746,group_element_set,cosine,5836,0.08831538832289643,0.22
8768,group_element_set,cosine,13648,0.08831538832289643,1.76
8779,group_element_set,cosine,7076,0.08831538832289654,3.88
8782,group_element_set,cosine,142,0.08831538832289654,2.46
8783,group_element_set,cosine,628,0.15484574527148354,2.8
8785,group_element_set,cosine,5431,0.08013378899220025,1.56
8797,group_element_set,cosine,5837,0.08831538832289643,0.12
8814,group_element_set,cosine,7120,0.08831538832289654,2.56
8843,group_element_set,cosine,3187,0.08831538832289643,1.52
8868,group_element_set,cosine,13813,0.08013378899220025,1.18
8878,group_element_set,cosine,8499,0.08831538832289654,1.72
8916,group_element_set,cosine,7951,0.08831538832289643,1.22
8923,group_element_set,cosine,3814,0.08013378899220025,1.42
8925,group_element_set,cosine,1457,0.08831538832289654,3.94
8927,group_element_set,cosine,14898,0.08831538832289654,1.34
8948,group_element_set,cosine,14267,0.11808289631180324,1.26
8953,group_element_set,cosine,8061,0.11808289631180324,1.66
8973,group_element_set,cosine,9667,0.08013378899220025,1.3
8984,group_element_set,cosine,14709,0.08831538832289643,1.12
8986,group_element_set,cosine,2116,0.08831538832289643,1.02
8992,group_element_set,cosine,4797,0.08013378899220025,1.48
9003,group_element_set,cosine,9921,0.08013378899220025,2.14
9012,group_element_set,cosine,16512,0.08013378899220025,1.38
9013,group_element_set,cosine,612,0.08831538832289654,0.88
9032,group_element_set,cosine,5833,0.11808289631180324,1.72
9038,group_element_set,cosine,11536,0.11808289631180324,1.9
9045,group_element_set,cosine,1794,0.08831538832289643,1.28
9049,group_element_set,cosine,16721,0.08013378899220014,0.78
9062,group_element_set,cosine,3540,0.08831538832289654,1.14
9065,group_element_set,cosine,8240,0.15484574527148354,2.76
9080,group_element_set,cosine,828,0.08831538832289654,1.34
9096,group_element_set,cosine,4297,0.08831538832289654,1.1
9100,group_element_set,cosine,10853,0.08831538832289643,2.8
9105,group_element_set,cosine,19,0.20000000000000007,1.2
9113,group_element_set,cosine,1080,0.15484574527148354,1.38
9115,group_element_set,cosine,12401,0.08013378899220025,0.54
9124,group_element_set,cosine,9232,0.08831538832289643,0.72
9129,group_element_set,cosine,16512,0.08013378899220025,3.7
9139,group_element_set,cosine,7541,0.08013378899220014,1.0
9154,group_element_set,cosine,3252,0.08831538832289654,1.78
9191,group_element_set,cosine,10897,0.11808289631180324,1.64
9196,group_element_set,cosine,3519,0.11808289631180324,1.72
9207,group_element_set,cosine,9876,0.08831538832289643,3.52
9212,group_element_set,cosine,6938,0.07549967295795157,1.36
9221,group_element_set,cosine,3583,0.08013378899220025,0.92
9238,group_element_set,cosine,3774,0.08831538832289643,1.22
9240,group_element_set,cosine,2642,0.08831538832289643,1.84
9242,group_element_set,cosine,2926,0.08013378899220025,4.08
9254,group_element_set,cosine,2274,0.08831538832289654,2.2
9277,group_element_set,cosine,1218,0.08831538832289654,0.42
9283,group_element_set,cosine,15745,0.08013378899220025,0.14
9285,group_element_set,cosine,17912,0.08013378899220025,2.48
9294,group_element_set,cosine,7050,0.08013378899220025,1.84
9296,group_element_set,cosine,9158,0.11808289631180324,1.58
9307,group_element_set,cosine,14462,0.08013378899220025,0.7
9312,group_element_set,cosine,6564,0.08831538832289654,2.3
9322,group_element_set,cosine,12241,0.08831538832289643,2.1
9340,group_element_set,cosine,15798,0.15484574527148354,2.3
9341,group_element_set,cosine,8002,0.08831538832289654,1.8
9351,group_element_set,cosine,313,0.08831538832289654,1.12
9352,group_element_set,cosine,15202,0.08013378899220025,2.14
9353,group_element_set,cosine,12906,0.15484574527148354,3.02
9356,group_element_set,cosine,4858,0.08831538832289643,1.12
9357,group_element_set,cosine,11978,0.15484574527148354,0.82
9376,group_element_set,cosine,14677,0.08831538832289643,1.98
9377,group_element_set,cosine,9577,0.08831538832289643,2.26
9396,group_element_set,cosine,17634,0.11808289631180324,0.82
9397,group_element_set,cosine,9613,0.08013378899220025,4.24
9422,group_element_set,cosine,9765,0.08831538832289643,1.7
9425,group_element_set,cosine,16219,0.08013378899220025,2.4
9432,group_element_set,cosine,9972,0.08013378899220025,0.68
9438,group_element_set,cosine,3348,0.08831538832289654,2.58
9439,group_element_set,cosine,365,0.08831538832289654,0.92
9440,group_element_set,cosine,3226,0.08831538832289654,1.22
9465,group_element_set,cosine,7089,0.08013378899220025,1.72
9480,group_element_set,cosine,327,0.08831538832289654,2.14
9481,group_element_set,cosine,14451,0.08831538832289654,2.92
9506,group_element_set,cosine,12546,0.08831538832289654,1.52
9508,group_element_set,cosine,13853,0.11808289631180324,2.16
9519,group_element_set,cosine,274,0.08831538832289654,1.58
9520,group_element_set,cosine,7050,0.08013378899220025,1.28
9522,group_element_set,cosine,740,0.15484574527148354,2.18
9529,group_element_set,cosine,1625,0.08013378899220025,0.68
9535,group_element_set,cosine,7507,0.08013378899220025,1.78
9536,group_element_set,cosine,9195,0.08831538832289654,1.16
9538,group_element_set,cosine,763,0.15484574527148354,0.56
9561,group_element_set,cosine,1623,0.08831538832289654,1.7
9572,group_element_set,cosine,4084,0.08831538832289654,1.28
9576,group_element_set,cosine,1007,0.11808289631180324,1.58
9601,group_element_set,cosine,549,0.08013378899220025,1.4
9602,group_element_set,cosine,1457,0.08831538832289654,1.92
9607,group_element_set,cosine,2717,0.08831538832289654,0.2
9608,group_element_set,cosine,16006,0.08013378899220025,0.12
9610,group_element_set,cosine,4608,0.11808289631180324,0.46
9614,group_element_set,cosine,840,0.15484574527148354,0.38
9615,group_element_set,cosine,16721,0.08013378899220025,1.86
9623,group_element_set,cosine,14462,0.08013378899220025,1.52
9635,group_element_set,cosine,859,0.15484574527148354,1.94
9638,group_element_set,cosine,535,0.15484574527148354,1.96
9647,group_element_set,cosine,7050,0.08013378899220025,0.42
9657,group_element_set,cosine,4241,0.08831538832289654,1.64
9694,group_element_set,cosine,648,0.15484574527148354,2.66
9722,group_element_set,cosine,7089,0.08013378899220025,2.82
9734,group_element_set,cosine,674,0.15484574527148354,1.26
9773,group_element_set,cosine,4473,0.11808289631180324,0.62
9781,group_element_set,cosine,998,0.15484574527148354,2.1
9800,group_element_set,cosine,3490,0.08831538832289654,0.86
9803,group_element_set,cosine,1863,0.15484574527148354,0.64
9808,group_element_set,cosine,157,0.15484574527148354,1.78
9809,group_element_set,cosine,16154,0.15484574527148365,2.34
9812,group_element_set,cosine,11886,0.08831538832289643,0.82
9826,group_element_set,cosine,1078,0.15484574527148354,1.8
9832,group_element_set,cosine,7541,0.08013378899220014,2.5
9835,group_element_set,cosine,7657,0.08831538832289654,1.64
9837,group_element_set,cosine,6217,0.08831538832289654,1.38
9842,group_element_set,cosine,1322,0.08831538832289643,1.1
9852,group_element_set,cosine,17715,0.11808289631180324,1.72
9861,group_element_set,cosine,3511,0.08831538832289643,1.6
9871,group_element_set,cosine,8256,0.15484574527148354,1.26
9888,group_element_set,cosine,11702,0.08831538832289654,1.22
9903,group_element_set,cosine,6963,0.11808289631180324,1.48
9906,group_element_set,cosine,1209,0.08831538832289654,1.78
9908,group_element_set,cosine,1273,0.11808289631180324,0.66
9912,group_element_set,cosine,9921,0.08013378899220025,1.46
9933,group_element_set,cosine,648,0.15484574527148354,1.92
9936,group_element_set,cosine,1423,0.08831538832289654,2.74
10000,group_element_set,cosine,5511,0.08831538832289643,1.9
10009,group_element_set,cosine,952,0.08831538832289654,1.14
10019,group_element_set,cosine,2247,0.08013378899220025,0.68
10020,group_element_set,cosine,318,0.15484574527148354,0.56
10033,group_element_set,cosine,5836,0.08831538832289643,1.36
10037,group_element_set,cosine,4510,0.08013378899220025,0.7
10057,group_element_set,cosine,8281,0.08013378899220025,0.24
10077,group_element_set,cosine,13912,0.08831538832289654,0.66
10079,group_element_set,cosine,9584,0.08831538832289654,2.1
10084,group_element_set,cosine,6305,0.15484574527148354,1.32
10087,group_element_set,cosine,8248,0.08013378899220025,2.54
10088,group_element_set,cosine,121,0.15484574527148354,1.8
10095,group_element_set,cosine,1625,0.08013378899220025,2.16
10096,group_element_set,cosine,6831,0.08831538832289654,1.66
10103,group_element_set,cosine,1322,0.08831538832289643,2.58
10123,group_element_set,cosine,2939,0.08013378899220025,1.7
10135,group_element_set,cosine,821,0.15484574527148354,1.8
10138,group_element_set,cosine,801,0.08831538832289643,2.0
10146,group_element_set,cosine,15981,0.08013378899220025,1.16
10158,group_element_set,cosine,3511,0.08831538832289643,0.64
10160,group_element_set,cosine,214,0.15484574527148354,2.1
10163,group_element_set,cosine,6876,0.08831538832289643,1.86
10169,group_element_set,cosine,7827,0.08831538832289654,2.36
10173,group_element_set,cosine,4168,0.08831538832289654,1.5
10174,group_element_set,cosine,11502,0.08831538832289654,1.9
10191,group_element_set,cosine,6673,0.11808289631180324,2.38
10199,group_element_set,cosine,825,0.08831538832289643,0.52
10208,group_element_set,cosine,11502,0.08831538832289654,1.14
10211,group_element_set,cosine,8844,0.08831538832289654,0.98
10212,group_element_set,cosine,3583,0.08013378899220014,2.48
10216,group_element_set,cosine,9348,0.08831538832289654,1.54
10218,group_element_set,cosine,5384,0.08013378899220025,2.34
10258,group_element_set,cosine,10992,0.08831538832289654,1.78
10259,group_element_set,cosine,17229,0.08831538832289643,1.62
10282,group_element_set,cosine,4369,0.08831538832289643,0.62
10284,group_element_set,cosine,6618,0.08831538832289643,1.82
10305,group_element_set,cosine,3862,0.08831538832289654,2.18
10306,group_element_set,cosine,83,0.15484574527148354,0.98
10318,group_element_set,cosine,7276,0.08831538832289643,0.5
10326,group_element_set,cosine,12393,0.08013378899220014,1.52
10327,group_element_set,cosine,5511,0.08831538832289643,1.44
10331,group_element_set,cosine,18072,0.08013378899220025,1.3
10340,group_element_set,cosine,222,0.11808289631180324,1.6
10348,group_element_set,cosine,3405,0.08831538832289643,1.88
10350,group_element_set,cosine,12934,0.11808289631180324,1.3
10351,group_element_set,cosine,12393,0.08013378899220025,1.66
10374,group_element_set,cosine,5431,0.08013378899220025,0.92
10377,group_element_set,cosine,1007,0.11111111111111116,1.04
10384,group_element_set,cosine,1273,0.11808289631180324,0.8
10389,group_element_set,cosine,7460,0.08013378899220014,0.7
10400,group_element_set,cosine,627,0.08831538832289643,1.6
10420,group_element_set,cosine,12546,0.08831538832289654,1.42
10423,group_element_set,cosine,7259,0.07549967295795157,1.48
10428,group_element_set,cosine,494,0.15484574527148354,3.4
10461,group_element_set,cosine,12080,0.08013378899220025,0.9
10484,group_element_set,cosine,1863,0.15484574527148354,0.5
10491,group_element_set,cosine,547,0.15484574527148354,3.32
10505,group_element_set,cosine,1149,0.08013378899220025,2.26
10514,group_element_set,cosine,5185,0.08831538832289643,1.54
10515,group_element_set,cosine,535,0.15484574527148354,0.84
10543,group_element_set,cosine,318,0.15484574527148354,2.42
10580,group_element_set,cosine,3299,0.08013378899220025,1.3
10591,group_element_set,cosine,12393,0.08013378899220014,1.52
10594,group_element_set,cosine,9670,0.08831538832289654,0.82
10600,group_element_set,cosine,2974,0.08831538832289643,0.8
10605,group_element_set,cosine,8499,0.08831538832289654,2.26
10610,group_element_set,cosine,9302,0.11808289631180324,1.86
10614,group_element_set,cosine,406,0.15484574527148354,1.3
10618,group_element_set,cosine,7452,0.08831538832289654,3.44
10619,group_element_set,cosine,395,0.15484574527148354,1.16
10627,group_element_set,cosine,4060,0.11808289631180324,1.1
10632,group_element_set,cosine,7951,0.08831538832289643,0.8
10634,group_element_set,cosine,5555,0.08831538832289654,3.68
10639,group_element_set,cosine,549,0.08013378899220025,-0.16
10644,group_element_set,cosine,8834,0.08831538832289654,2.6
10647,group_element_set,cosine,549,0.08013378899220025,1.38
10654,group_element_set,cosine,4060,0.11808289631180324,2.0
10659,group_element_set,cosine,12755,0.08831538832289643,1.6
10660,group_element_set,cosine,13876,0.08831538832289654,2.32
10665,group_element_set,cosine,8061,0.11808289631180324,1.6
10666,group_element_set,cosine,6282,0.08831538832289643,0.18
10667,group_element_set,cosine,2116,0.08831538832289643,1.14
10707,group_element_set,cosine,7541,0.08013378899220014,0.96
10725,group_element_set,cosine,15309,0.11808289631180324,1.2
10729,group_element_set,cosine,4660,0.08831538832289654,2.1
10742,group_element_set,cosine,7838,0.08831538832289643,2.48
10761,group_element_set,cosine,11030,0.08013378899220025,2.82
10780,group_element_set,cosine,8793,0.08831538832289643,1.98
10823,group_element_set,cosine,549,0.08013378899220025,1.48
10826,group_element_set,cosine,9306,0.11808289631180324,2.72
10841,group_element_set,cosine,6148,0.11808289631180324,0.9
10846,group_element_set,cosine,2999,0.08831538832289654,1.02
10851,group_element_set,cosine,6971,0.11808289631180324,1.28
10854,group_element_set,cosine,195,0.08831538832289654,0.3
10866,group_element_set,cosine,9023,0.08013378899220014,4.18
10868,group_element_set,cosine,2941,0.08013378899220025,2.14
10873,group_element_set,cosine,15424,0.08831538832289654,1.22
10894,group_element_set,cosine,13145,0.08831538832289643,1.58
10902,group_element_set,cosine,11278,0.15484574527148354,2.8
10912,group_element_set,cosine,11408,0.08831538832289654,0.22
10925,group_element_set,cosine,6564,0.08831538832289654,1.56
10926,group_element_set,cosine,1894,0.08831538832289654,0.48
10927,group_element_set,cosine,13671,0.08013378899220014,0.28
10956,group_element_set,cosine,689,0.08013378899220025,1.24
10971,group_element_set,cosine,10469,0.08013378899220025,2.1
10977,group_element_set,cosine,4493,0.08831538832289643,1.2
10983,group_element_set,cosine,464,0.15484574527148354,2.3
10987,group_element_set,cosine,2046,0.15484574527148354,1.42
10991,group_element_set,cosine,6689,0.08013378899220025,0.44
10996,group_element_set,cosine,5402,0.11808289631180324,0.64
11031,group_element_set,cosine,7460,0.08013378899220014,0.56
11033,group_element_set,cosine,2280,0.15484574527148354,1.62
11035,group_element_set,cosine,11092,0.08831538832289654,0.94
11037,group_element_set,cosine,6301,0.08831538832289643,1.54
11040,group_element_set,cosine,12214,0.11808289631180324,1.26
11042,group_element_set,cosine,6542,0.11808289631180324,1.04
11044,group_element_set,cosine,4062,0.08831538832289654,1.02
11065,group_element_set,cosine,9765,0.08831538832289643,0.94
11082,group_element_set,cosine,2348,0.15484574527148354,1.22
11095,group_element_set,cosine,13671,0.08013378899220025,0.1
11102,group_element_set,cosine,15092,0.08831538832289643,0.4
11107,group_element_set,cosine,13351,0.11808289631180324,0.48
11109,group_element_set,cosine,7050,0.08013378899220025,1.64
11113,group_element_set,cosine,522,0.08831538832289654,1.2
11115,group_element_set,cosine,10741,0.15484574527148354,1.14
11148,group_element_set,cosine,12024,0.08013378899220025,1.36
11163,group_element_set,cosine,8248,0.08013378899220025,2.8
11190,group_element_set,cosine,11030,0.08013378899220025,1.64
11196,group_element_set,cosine,2148,0.15484574527148354,1.04
11201,group_element_set,cosine,3539,0.08831538832289654,1.54
11212,group_element_set,cosine,17553,0.08013378899220025,2.6
11227,group_element_set,cosine,15765,0.15484574527148354,3.36
11230,group_element_set,cosine,4764,0.08831538832289643,0.12
11231,group_element_set,cosine,11489,0.11808289631180324,1.38
11267,group_element_set,cosine,12643,0.15484574527148365,0.78
11268,group_element_set,cosine,4510,0.08013378899220025,-0.04
11274,group_element_set,cosine,4592,0.08831538832289654,1.64
11277,group_element_set,cosine,406,0.15484574527148354,1.2
11285,group_element_set,cosine,1139,0.11808289631180324,1.36
11289,group_element_set,cosine,16512,0.08013378899220025,1.94
11301,group_element_set,cosine,82,0.08831538832289643,1.88
11311,group_element_set,cosine,2926,0.08013378899220025,1.88
11323,group_element_set,cosine,5833,0.11808289631180324,1.5
11326,group_element_set,cosine,365,0.08831538832289654,1.08
11332,group_element_set,cosine,6501,0.08831538832289643,1.46
11334,group_element_set,cosine,1360,0.08831538832289643,1.74
11342,group_element_set,cosine,17634,0.11808289631180324,2.16
11349,group_element_set,cosine,9383,0.08831538832289643,2.2
11362,group_element_set,cosine,7089,0.08013378899220025,1.92
11368,group_element_set,cosine,2311,0.11808289631180324,0.76
11385,group_element_set,cosine,1395,0.08831538832289643,1.54
11387,group_element_set,cosine,15136,0.11808289631180324,0.66
11390,group_element_set,cosine,5870,0.08831538832289654,1.46
11398,group_element_set,cosine,18214,0.11808289631180324,0.98
11417,group_element_set,cosine,1466,0.15484574527148354,1.66
11418,group_element_set,cosine,16123,0.08831538832289643,1.86
11433,group_element_set,cosine,10557,0.08831538832289643,0.46
11443,group_element_set,cosine,17192,0.08831538832289654,0.48
11451,group_element_set,cosine,8389,0.08013378899220025,1.24
11452,group_element_set,cosine,15789,0.08013378899220025,2.02
11456,group_element_set,cosine,17913,0.08831538832289643,1.04
11458,group_element_set,cosine,1206,0.15484574527148354,0.8
11466,group_element_set,cosine,2570,0.08013378899220025,2.54
11468,group_element_set,cosine,14813,0.08831538832289654,1.88
11472,group_element_set,cosine,5245,0.08831538832289654,2.96
11482,group_element_set,cosine,689,0.08013378899220025,0.86
11484,group_element_set,cosine,1225,0.15484574527148354,1.52
11487,group_element_set,cosine,2572,0.11808289631180324,1.04
11490,group_element_set,cosine,464,0.15484574527148354,1.62
11500,group_element_set,cosine,13721,0.08831538832289654,0.74
11515,group_element_set,cosine,1258,0.15484574527148354,0.66
11516,group_element_set,cosine,9518,0.08831538832289643,1.34
11519,group_element_set,cosine,4065,0.08831538832289654,1.62
11520,group_element_set,cosine,4886,0.08831538832289654,0.58
11527,group_element_set,cosine,16315,0.08831538832289654,2.8
11529,group_element_set,cosine,650,0.08013378899220025,2.7
11538,group_element_set,cosine,9051,0.08013378899220025,0.46
11540,group_element_set,cosine,3902,0.08013378899220014,2.1
11589,group_element_set,cosine,464,0.15484574527148354,1.06
11592,group_element_set,cosine,7050,0.08013378899220025,1.14
11593,group_element_set,cosine,9217,0.08831538832289643,1.42
11601,group_element_set,cosine,9667,0.08013378899220025,0.52
11614,group_element_set,cosine,561,0.08831538832289643,1.2
11621,group_element_set,cosine,12755,0.08831538832289643,1.02
11624,group_element_set,cosine,11307,0.15484574527148354,1.44
11628,group_element_set,cosine,2116,0.08831538832289643,1.5
11634,group_element_set,cosine,11221,0.11808289631180324,0.96
11639,group_element_set,cosine,1587,0.08831538832289654,1.0
11649,group_element_set,cosine,17017,0.08831538832289654,1.2
11659,group_element_set,cosine,464,0.15484574527148354,2.4
11661,group_element_set,cosine,12576,0.08831538832289654,1.66
11665,group_element_set,cosine,535,0.15484574527148354,1.5
11669,group_element_set,cosine,6579,0.08831538832289643,1.2
11696,group_element_set,cosine,306,0.08831538832289654,2.64
11697,group_element_set,cosine,9385,0.08831538832289643,2.12
11699,group_element_set,cosine,1741,0.15484574527148354,1.3
11712,group_element_set,cosine,12214,0.11808289631180324,1.46
11714,group_element_set,cosine,6557,0.08013378899220025,0.68
11725,group_element_set,cosine,12214,0.11808289631180324,0.8
11753,group_element_set,cosine,5398,0.08831538832289654,1.04
11760,group_element_set,cosine,101,0.08013378899220014,1.14
11769,group_element_set,cosine,13351,0.11808289631180324,1.74
11780,group_element_set,cosine,5321,0.08831538832289643,1.22
11786,group_element_set,cosine,1527,0.15484574527148354,1.1
11792,group_element_set,cosine,16356,0.11808289631180324,3.62
11793,group_element_set,cosine,3154,0.08831538832289643,1.12
11795,group_element_set,cosine,6971,0.11808289631180324,1.64
11806,group_element_set,cosine,3814,0.08013378899220014,1.68
11821,group_element_set,cosine,13231,0.08831538832289654,1.1
11824,group_element_set,cosine,3583,0.08013378899220014,1.12
11826,group_element_set,cosine,6618,0.08831538832289643,0.48
11827,group_element_set,cosine,1258,0.15484574527148354,2.36
11828,group_element_set,cosine,149,0.08831538832289643,1.78
11876,group_element_set,cosine,3664,0.08831538832289643,1.48
11877,group_element_set,cosine,101,0.08013378899220014,3.02
11910,group_element_set,cosine,4510,0.08013378899220025,0.6
11919,group_element_set,cosine,4838,0.15484574527148354,1.36
11921,group_element_set,cosine,3814,0.08013378899220025,1.22
11953,group_element_set,cosine,13911,0.08013378899220025,1.02
11956,group_element_set,cosine,10367,0.08013378899220025,1.58
11971,group_element_set,cosine,17227,0.15484574527148354,2.6
11979,group_element_set,cosine,8233,0.08831538832289654,1.96
12011,group_element_set,cosine,9435,0.15484574527148354,1.4
12021,group_element_set,cosine,628,0.15484574527148354,1.2
12028,group_element_set,cosine,5672,0.08831538832289654,0.8
12042,group_element_set,cosine,1281,0.15484574527148354,1.28
12044,group_element_set,cosine,7507,0.08013378899220025,3.0
12063,group_element_set,cosine,70,0.15484574527148354,0.72
12065,group_element_set,cosine,8787,0.08013378899220025,0.84
12093,group_element_set,cosine,1625,0.08013378899220025,2.08
12118,group_element_set,cosine,6408,0.08831538832289654,1.18
12120,group_element_set,cosine,1621,0.08831538832289654,0.84
12121,group_element_set,cosine,650,0.08013378899220025,1.8
12130,group_element_set,cosine,18,0.08831538832289654,1.08
12136,group_element_set,cosine,15789,0.08013378899220025,1.9
12149,group_element_set,cosine,5360,0.08831538832289643,1.26
12153,group_element_set,cosine,13912,0.08831538832289654,1.06
12162,group_element_set,cosine,10992,0.08831538832289654,1.88
12166,group_element_set,cosine,7507,0.08013378899220025,5.16
12168,group_element_set,cosine,657,0.11808289631180324,1.4
12173,group_element_set,cosine,5431,0.08013378899220025,2.62
12178,group_element_set,cosine,16356,0.11808289631180324,1.46
12191,group_element_set,cosine,3248,0.08831538832289654,0.68
12203,group_element_set,cosine,8120,0.08831538832289643,-0.02
12208,group_element_set,cosine,2686,0.15484574527148354,0.44
12216,group_element_set,cosine,8461,0.08831538832289643,1.48
12217,group_element_set,cosine,6148,0.11808289631180324,-0.02
12225,group_element_set,cosine,1943,0.15484574527148354,1.68
12264,group_element_set,cosine,11081,0.08013378899220025,1.86
12273,group_element_set,cosine,6203,0.08831538832289654,0.52
12276,group_element_set,cosine,11720,0.08013378899220025,1.18
12279,group_element_set,cosine,971,0.11808289631180324,1.48
12310,group_element_set,cosine,5185,0.08831538832289643,3.04
12317,group_element_set,cosine,2762,0.11808289631180324,0.76
12367,group_element_set,cosine,12222,0.08013378899220025,1.42
12398,group_element_set,cosine,535,0.15484574527148354,1.24
12406,group_element_set,cosine,7050,0.08013378899220025,1.66
12412,group_element_set,cosine,148,0.08831538832289654,1.72
12415,group_element_set,cosine,7657,0.08831538832289654,0.82
12420,group_element_set,cosine,2857,0.08831538832289643,1.1
12452,group_element_set,cosine,464,0.15484574527148354,1.5
12454,group_element_set,cosine,1230,0.15484574527148354,0.76
12474,group_element_set,cosine,14462,0.08013378899220025,2.26
12476,group_element_set,cosine,18097,0.08013378899220025,1.34
12482,group_element_set,cosine,5088,0.08831538832289643,0.96
12491,group_element_set,cosine,385,0.08831538832289654,0.44
12493,group_element_set,cosine,6963,0.11808289631180324,1.98
12509,group_element_set,cosine,12023,0.08831538832289643,1.42
12521,group_element_set,cosine,7520,0.08831538832289654,1.92
12551,group_element_set,cosine,6971,0.11808289631180324,1.18
12554,group_element_set,cosine,2247,0.08013378899220025,0.46
12562,group_element_set,cosine,3785,0.08831538832289643,1.8
12583,group_element_set,cosine,2613,0.15484574527148354,1.38
12600,group_element_set,cosine,503,0.15484574527148354,1.0
12638,group_element_set,cosine,14451,0.08831538832289654,2.92
12646,group_element_set,cosine,6063,0.08831538832289643,0.78
12662,group_element_set,cosine,695,0.11808289631180324,1.6
12663,group_element_set,cosine,4750,0.08831538832289654,3.32
12667,group_element_set,cosine,7045,0.11808289631180324,2.14
12685,group_element_set,cosine,7259,0.08013378899220014,1.5
12687,group_element_set,cosine,689,0.08013378899220025,0.86
12702,group_element_set,cosine,15337,0.08831538832289654,0.52
12717,group_element_set,cosine,610,0.15484574527148354,0.74
12724,group_element_set,cosine,988,0.08831538832289654,1.52
12729,group_element_set,cosine,16219,0.08013378899220025,3.2
12734,group_element_set,cosine,101,0.08013378899220025,4.42
12736,group_element_set,cosine,9023,0.08013378899220025,1.68
12737,group_element_set,cosine,12080,0.08013378899220025,1.6
12754,group_element_set,cosine,16026,0.08831538832289654,2.84
12756,group_element_set,cosine,6901,0.08831538832289643,2.02
12760,group_element_set,cosine,16512,0.08013378899220025,1.72
12789,group_element_set,cosine,15765,0.15484574527148354,1.28
12791,group_element_set,cosine,5088,0.08831538832289643,1.44
12798,group_element_set,cosine,6926,0.08831538832289643,1.58
12809,group_element_set,cosine,6790,0.08831538832289643,1.26
12815,group_element_set,cosine,2537,0.08831538832289654,1.68
12817,group_element_set,cosine,2132,0.08831538832289643,0.86
12821,group_element_set,cosine,10583,0.08831538832289654,0.8
12837,group_element_set,cosine,11208,0.08831538832289654,1.06
12847,group_element_set,cosine,2128,0.08831538832289643,2.6
12851,group_element_set,cosine,14462,0.08013378899220025,0.42
12852,group_element_set,cosine,15424,0.08831538832289654,0.82
12858,group_element_set,cosine,3816,0.08831538832289654,4.32
12862,group_element_set,cosine,7089,0.08013378899220025,1.86
12863,group_element_set,cosine,4380,0.15484574527148354,1.26
12891,group_element_set,cosine,11081,0.08013378899220025,2.14
12917,group_element_set,cosine,2977,0.15484574527148354,2.42
12946,group_element_set,cosine,18052,0.08831538832289643,1.14
12957,group_element_set,cosine,2148,0.15484574527148354,1.28
12967,group_element_set,cosine,1423,0.08831538832289654,1.8
12977,group_element_set,cosine,12969,0.08831538832289643,1.58
12994,group_element_set,cosine,3774,0.08831538832289643,1.16
12998,group_element_set,cosine,2857,0.08831538832289643,1.32
13011,group_element_set,cosine,4253,0.08831538832289654,1.14
13020,group_element_set,cosine,16512,0.07549967295795157,1.14
13032,group_element_set,cosine,5048,0.08831538832289654,0.78
13035,group_element_set,cosine,9745,0.08831538832289654,0.72
13043,group_element_set,cosine,5728,0.15484574527148354,1.52
13044,group_element_set,cosine,8323,0.08831538832289643,1.74
13056,group_element_set,cosine,6148,0.11808289631180324,1.5
13059,group_element_set,cosine,17912,0.08013378899220025,0.74
13073,group_element_set,cosine,1625,0.08013378899220025,0.92
13085,group_element_set,cosine,7007,0.08831538832289643,1.46
13090,group_element_set,cosine,9348,0.08831538832289654,1.56
13108,group_element_set,cosine,14294,0.08831538832289643,1.64
13109,group_element_set,cosine,17812,0.08013378899220025,1.14
13113,group_element_set,cosine,11208,0.08831538832289654,1.58
13120,group_element_set,cosine,13648,0.08831538832289643,1.42
13125,group_element_set,cosine,3814,0.08013378899220025,1.18
13139,group_element_set,cosine,3299,0.08013378899220025,1.12
13143,group_element_set,cosine,10367,0.08013378899220025,1.86
13159,group_element_set,cosine,12755,0.08831538832289643,1.5
13163,group_element_set,cosine,2236,0.11808289631180324,0.42
13179,group_element_set,cosine,1792,0.15484574527148354,1.62
13194,group_element_set,cosine,535,0.15484574527148354,1.76
13203,group_element_set,cosine,801,0.08831538832289643,0.94
13206,group_element_set,cosine,5206,0.11808289631180324,0.76
13215,group_element_set,cosine,427,0.08013378899220025,2.28
13216,group_element_set,cosine,4060,0.11808289631180324,1.52
13234,group_element_set,cosine,4182,0.08831538832289654,1.34
13236,group_element_set,cosine,6337,0.08831538832289654,0.72
13240,group_element_set,cosine,4060,0.11808289631180324,1.84
13242,group_element_set,cosine,3831,0.15484574527148354,1.2
13243,group_element_set,cosine,2432,0.08831538832289643,1.96
13246,group_element_set,cosine,1139,0.11808289631180324,1.6
13262,group_element_set,cosine,4797,0.08013378899220025,4.0
13280,group_element_set,cosine,18022,0.11808289631180324,2.24
13311,group_element_set,cosine,1863,0.15484574527148354,0.48
13326,group_element_set,cosine,4023,0.08831538832289643,1.46
13337,group_element_set,cosine,140,0.08831538832289643,0.1
13338,group_element_set,cosine,4523,0.08831538832289654,2.92
13344,group_element_set,cosine,549,0.08013378899220025,1.2
13350,group_element_set,cosine,14677,0.08831538832289643,2.06
13354,group_element_set,cosine,2999,0.08831538832289654,1.42
13358,group_element_set,cosine,16721,0.08013378899220014,1.94
13361,group_element_set,cosine,7716,0.08831538832289654,2.74
13363,group_element_set,cosine,9921,0.08013378899220025,1.68
13391,group_element_set,cosine,1206,0.15484574527148354,1.44
13395,group_element_set,cosine,8864,0.08831538832289643,1.54
13413,group_element_set,cosine,5338,0.08831538832289643,2.0
13436,group_element_set,cosine,9281,0.08831538832289643,1.36
13480,group_element_set,cosine,1267,0.15484574527148354,1.18
13485,group_element_set,cosine,1812,0.08831538832289654,1.32
13487,group_element_set,cosine,689,0.08013378899220025,1.52
13493,group_element_set,cosine,7800,0.08831538832289654,1.1
13499,group_element_set,cosine,3902,0.08013378899220014,1.42
13500,group_element_set,cosine,18097,0.08013378899220025,1.5
13503,group_element_set,cosine,4084,0.08831538832289654,0.32
13510,group_element_set,cosine,6929,0.15484574527148365,1.32
13519,group_element_set,cosine,10042,0.08831538832289643,0.68
13537,group_element_set,cosine,10176,0.11808289631180324,1.36
13544,group_element_set,cosine,1323,0.08831538832289643,1.42
13549,group_element_set,cosine,4510,0.08013378899220025,0.44
13561,group_element_set,cosine,15745,0.08013378899220025,0.2
13588,group_element_set,cosine,11448,0.07549967295795157,1.8
13589,group_element_set,cosine,6064,0.08831538832289654,1.24
13592,group_element_set,cosine,3011,0.08831538832289643,0.42
13593,group_element_set,cosine,5895,0.08831538832289654,0.7
13596,group_element_set,cosine,1910,0.08831538832289654,1.14
13609,group_element_set,cosine,1527,0.15484574527148354,3.66
13621,group_element_set,cosine,2926,0.08013378899220025,2.22
13644,group_element_set,cosine,9650,0.08831538832289643,1.48
13661,group_element_set,cosine,7120,0.08831538832289654,1.92
13670,group_element_set,cosine,149,0.08831538832289643,1.58
13674,group_element_set,cosine,14535,0.08831538832289654,1.58
13685,group_element_set,cosine,12546,0.08831538832289654,0.1
13686,group_element_set,cosine,9920,0.11808289631180324,1.08
13693,group_element_set,cosine,14486,0.08013378899220014,0.52
13696,group_element_set,cosine,5933,0.08831538832289654,2.12
13707,group_element_set,cosine,7148,0.08831538832289654,1.74
13710,group_element_set,cosine,7050,0.08013378899220025,1.34
13711,group_element_set,cosine,1267,0.15484574527148354,1.08
13713,group_element_set,cosine,650,0.08013378899220025,3.94
13714,group_element_set,cosine,12944,0.08831538832289643,2.18
13728,group_element_set,cosine,1204,0.08831538832289654,1.1
13752,group_element_set,cosine,11038,0.08013378899220014,1.92
13761,group_element_set,cosine,12223,0.08831538832289643,1.8
13768,group_element_set,cosine,1183,0.15484574527148354,1.88
13770,group_element_set,cosine,13671,0.08013378899220014,1.58
13780,group_element_set,cosine,1625,0.08013378899220025,1.04
13783,group_element_set,cosine,689,0.08013378899220025,1.42
13798,group_element_set,cosine,9526,0.08831538832289643,0.58
13814,group_element_set,cosine,14486,0.08013378899220025,0.36
13824,group_element_set,cosine,3203,0.11808289631180324,2.8
13829,group_element_set,cosine,17812,0.08013378899220025,1.52
13838,group_element_set,cosine,6636,0.08013378899220014,1.32
13839,group_element_set,cosine,8248,0.08013378899220025,2.14
13846,group_element_set,cosine,5141,0.08831538832289643,1.74
13848,group_element_set,cosine,16721,0.08013378899220025,1.78
13861,group_element_set,cosine,4608,0.11808289631180324,1.42
13865,group_element_set,cosine,4299,0.08013378899220025,1.3
13870,group_element_set,cosine,7050,0.08013378899220025,1.34
13880,group_element_set,cosine,12596,0.11808289631180324,1.0
13881,group_element_set,cosine,5833,0.11808289631180324,1.56
13893,group_element_set,cosine,8844,0.08831538832289654,1.56
13896,group_element_set,cosine,8436,0.08831538832289643,0.36
13903,group_element_set,cosine,6557,0.08013378899220025,1.56
13909,group_element_set,cosine,5870,0.08831538832289654,0.44
13920,group_element_set,cosine,6501,0.08831538832289643,1.56
13928,group_element_set,cosine,3722,0.15484574527148354,1.06
13930,group_element_set,cosine,2686,0.15484574527148354,1.94
13933,group_element_set,cosine,12546,0.08831538832289654,0.84
13934,group_element_set,cosine,1869,0.11808289631180324,1.4
13936,group_element_set,cosine,11702,0.08831538832289654,1.16
13941,group_element_set,cosine,3878,0.15484574527148354,1.0
13945,group_element_set,cosine,5933,0.08831538832289654,1.74
13952,group_element_set,cosine,222,0.11808289631180324,1.3
13955,group_element_set,cosine,15272,0.11808289631180324,1.9
13961,group_element_set,cosine,10738,0.11808289631180324,0.96
13962,group_element_set,cosine,82,0.08831538832289643,1.76
13969,group_element_set,cosine,8100,0.11808289631180324,1.94
13970,group_element_set,cosine,9444,0.08831538832289654,1.94
13980,group_element_set,cosine,8864,0.08831538832289643,0.42
13988,group_element_set,cosine,6301,0.08831538832289643,1.78
13996,group_element_set,cosine,11790,0.08831538832289654,0.78
14000,group_element_set,cosine,549,0.08013378899220025,0.64
14005,group_element_set,cosine,7827,0.08831538832289654,1.34
14009,group_element_set,cosine,9305,0.07549967295795157,0.5
14010,group_element_set,cosine,12755,0.08831538832289643,1.24
14016,group_element_set,cosine,4182,0.08831538832289654,1.26
14017,group_element_set,cosine,8248,0.08013378899220025,2.3
14018,group_element_set,cosine,2476,0.15484574527148354,1.14
14020,group_element_set,cosine,9217,0.08831538832289643,1.06
14028,group_element_set,cosine,1606,0.15484574527148354,2.42
14030,group_element_set,cosine,16420,0.11808289631180324,1.64
14034,group_element_set,cosine,3878,0.15484574527148354,1.52
14062,group_element_set,cosine,17506,0.11808289631180324,0.12
14079,group_element_set,cosine,2268,0.08831538832289643,0.94
14086,group_element_set,cosine,3212,0.08831538832289654,0.34
14092,group_element_set,cosine,9051,0.08013378899220014,0.42
14104,group_element_set,cosine,1262,0.08831538832289643,1.5
14114,group_element_set,cosine,3011,0.08831538832289643,2.52
14130,group_element_set,cosine,3203,0.11808289631180324,1.14
14132,group_element_set,cosine,6148,0.11808289631180324,0.7
14135,group_element_set,cosine,9158,0.11808289631180324,0.6
14153,group_element_set,cosine,13369,0.08831538832289654,0.82
14155,group_element_set,cosine,5508,0.15484574527148354,1.9
14166,group_element_set,cosine,15309,0.11808289631180324,1.7
14169,group_element_set,cosine,5431,0.08013378899220025,0.76
14171,group_element_set,cosine,549,0.08013378899220025,0.58
14174,group_element_set,cosine,427,0.08013378899220025,1.46
14179,group_element_set,cosine,3878,0.15484574527148354,1.06
14201,group_element_set,cosine,1149,0.08013378899220025,1.98
14205,group_element_set,cosine,821,0.15484574527148354,1.34
14206,group_element_set,cosine,3154,0.08831538832289643,1.6
14229,group_element_set,cosine,1019,0.08831538832289654,1.18
14241,group_element_set,cosine,5048,0.08831538832289654,0.92
14255,group_element_set,cosine,15981,0.08013378899220025,1.82
14269,group_element_set,cosine,14677,0.08831538832289643,1.8
14292,group_element_set,cosine,14535,0.08831538832289654,1.36
14298,group_element_set,cosine,5728,0.15484574527148354,1.26
14305,group_element_set,cosine,1038,0.15484574527148354,1.32
14318,group_element_set,cosine,12222,0.08013378899220025,0.28
14320,group_element_set,cosine,67,0.08831538832289654,1.42
14340,group_element_set,cosine,1943,0.15484574527148354,1.5
14343,group_element_set,cosine,5515,0.08831538832289654,0.82
14346,group_element_set,cosine,2686,0.15484574527148354,1.06
14350,group_element_set,cosine,3327,0.08831538832289654,0.06
14351,group_element_set,cosine,9023,0.08013378899220025,4.26
14376,group_element_set,cosine,13807,0.11808289631180324,1.74
14392,group_element_set,cosine,1621,0.08831538832289654,1.94
14395,group_element_set,cosine,9306,0.11808289631180324,0.9
14397,group_element_set,cosine,7693,0.08831538832289654,1.44
14402,group_element_set,cosine,657,0.11808289631180324,0.88
14413,group_element_set,cosine,5431,0.08013378899220025,2.74
14417,group_element_set,cosine,6542,0.11808289631180324,1.32
14418,group_element_set,cosine,10467,0.11808289631180324,0.78
14425,group_element_set,cosine,8834,0.08831538832289654,0.66
14433,group_element_set,cosine,6971,0.11808289631180324,1.54
14440,group_element_set,cosine,3918,0.08831538832289654,2.6
14441,group_element_set,cosine,4490,0.08831538832289643,1.56
14448,group_element_set,cosine,12241,0.08831538832289643,0.68
14459,group_element_set,cosine,3814,0.08013378899220014,1.68
14483,group_element_set,cosine,1552,0.08831538832289654,2.52
14492,group_element_set,cosine,3388,0.08831538832289643,1.04
14495,group_element_set,cosine,9876,0.08831538832289643,2.06
14517,group_element_set,cosine,2220,0.15484574527148354,1.22
14524,group_element_set,cosine,8825,0.08831538832289643,2.08
14534,group_element_set,cosine,5483,0.15484574527148354,1.14
14552,group_element_set,cosine,5498,0.15484574527148354,0.72
14553,group_element_set,cosine,16006,0.08013378899220025,2.82
14561,group_element_set,cosine,4124,0.08831538832289654,1.46
14563,group_element_set,cosine,8266,0.08831538832289643,1.54
14565,group_element_set,cosine,9306,0.11808289631180324,0.88
14567,group_element_set,cosine,5333,0.08831538832289643,1.72
14568,group_element_set,cosine,1019,0.08831538832289654,0.98
14569,group_element_set,cosine,6636,0.08013378899220014,2.72
14571,group_element_set,cosine,1311,0.08831538832289643,1.54
14581,group_element_set,cosine,1359,0.08831538832289654,1.78
14621,group_element_set,cosine,650,0.08013378899220025,1.74
14646,group_element_set,cosine,8461,0.08831538832289643,0.58
14654,group_element_set,cosine,5374,0.08831538832289643,0.68
14665,group_element_set,cosine,3244,0.08831538832289654,2.8
14700,group_element_set,cosine,14462,0.08013378899220025,0.44
14710,group_element_set,cosine,8924,0.08831538832289643,0.78
14714,group_element_set,cosine,1638,0.08831538832289654,1.2
14724,group_element_set,cosine,11038,0.08013378899220025,1.54
14726,group_element_set,cosine,9416,0.11808289631180324,0.52
14732,group_element_set,cosine,7452,0.08831538832289654,0.82
14734,group_element_set,cosine,11886,0.08831538832289643,1.34
14749,group_element_set,cosine,4124,0.08831538832289654,1.88
14757,group_element_set,cosine,1070,0.15484574527148354,1.26
14777,group_element_set,cosine,2029,0.08831538832289643,0.86
14779,group_element_set,cosine,101,0.08013378899220014,1.42
14780,group_element_set,cosine,7089,0.08013378899220025,1.6
14788,group_element_set,cosine,14486,0.08013378899220025,0.58
14793,group_element_set,cosine,3065,0.08831538832289654,0.94
14812,group_element_set,cosine,9158,0.11808289631180324,0.88
14816,group_element_set,cosine,14486,0.08013378899220014,1.12
14847,group_element_set,cosine,5206,0.11111111111111116,0.7
14849,group_element_set,cosine,5958,0.11808289631180324,3.9
14852,group_element_set,cosine,2642,0.08831538832289643,1.16
14869,group_element_set,cosine,8270,0.08831538832289643,1.06
14887,group_element_set,cosine,1625,0.08013378899220025,1.34
14901,group_element_set,cosine,2348,0.15484574527148354,1.4
14905,group_element_set,cosine,10741,0.15484574527148354,1.38
14908,group_element_set,cosine,8061,0.11808289631180324,1.14
14918,group_element_set,cosine,715,0.08831538832289654,2.3
14924,group_element_set,cosine,1575,0.08831538832289654,1.54
14925,group_element_set,cosine,1349,0.11808289631180324,1.56
14951,group_element_set,cosine,7460,0.08013378899220014,0.14
14959,group_element_set,cosine,2073,0.08831538832289654,0.22
14970,group_element_set,cosine,9672,0.08831538832289654,1.6
14978,group_element_set,cosine,9023,0.08013378899220014,2.72
14980,group_element_set,cosine,1181,0.08831538832289643,0.56
14983,group_element_set,cosine,3664,0.08831538832289643,0.88
14985,group_element_set,cosine,8594,0.08831538832289643,0.5
14992,group_element_set,cosine,222,0.11808289631180324,1.02
15000,group_element_set,cosine,4308,0.08831538832289654,1.3
15015,group_element_set,cosine,1262,0.08831538832289643,1.28
15030,group_element_set,cosine,5431,0.08013378899220025,1.88
15039,group_element_set,cosine,13751,0.11808289631180324,2.58
15042,group_element_set,cosine,7089,0.08013378899220025,1.96
15044,group_element_set,cosine,13751,0.07549967295795157,2.46
15056,group_element_set,cosine,4625,0.08831538832289654,1.0
15058,group_element_set,cosine,3378,0.08831538832289643,1.56
15076,group_element_set,cosine,657,0.11808289631180324,0.9
15077,group_element_set,cosine,8061,0.11808289631180324,2.84
15089,group_element_set,cosine,6579,0.08831538832289643,1.82
15093,group_element_set,cosine,240,0.08831538832289654,1.14
15103,group_element_set,cosine,3878,0.15484574527148354,1.18
15130,group_element_set,cosine,7541,0.08013378899220025,0.68
15151,group_element_set,cosine,5947,0.08831538832289654,0.44
15154,group_element_set,cosine,1273,0.11808289631180324,0.6
15171,group_element_set,cosine,6087,0.08013378899220025,0.98
15187,group_element_set,cosine,2088,0.08831538832289654,1.76
15201,group_element_set,cosine,5244,0.15484574527148354,1.58
15218,group_element_set,cosine,427,0.08013378899220025,3.58
15259,group_element_set,cosine,7871,0.08831538832289654,0.9
15278,group_element_set,cosine,3388,0.08831538832289643,1.48
15281,group_element_set,cosine,4065,0.08831538832289654,2.1
15323,group_element_set,cosine,14486,0.08013378899220014,0.34
15324,group_element_set,cosine,13560,0.08831538832289654,1.32
15331,group_element_set,cosine,6904,0.08831538832289643,1.18
15343,group_element_set,cosine,1204,0.08831538832289654,1.06
15349,group_element_set,cosine,7259,0.08013378899220025,1.56
15350,group_element_set,cosine,1863,0.15484574527148354,1.08
15352,group_element_set,cosine,2236,0.11808289631180324,0.98
15370,group_element_set,cosine,9672,0.08831538832289654,1.48
15377,group_element_set,cosine,6831,0.08831538832289654,2.04
15379,group_element_set,cosine,14813,0.08831538832289654,1.24
15414,group_element_set,cosine,5159,0.15484574527148354,1.14
15418,group_element_set,cosine,7259,0.08013378899220014,1.52
15430,group_element_set,cosine,1395,0.08831538832289643,0.96
15439,group_element_set,cosine,1181,0.08831538832289643,1.64
15455,group_element_set,cosine,5322,0.08831538832289643,2.88
15456,group_element_set,cosine,18,0.08831538832289654,1.04
15463,group_element_set,cosine,8716,0.08831538832289654,0.92
15464,group_element_set,cosine,494,0.15484574527148354,1.42
15471,group_element_set,cosine,11038,0.08013378899220014,1.3
15492,group_element_set,cosine,5322,0.08831538832289643,0.86
15500,group_element_set,cosine,10467,0.07549967295795157,0.74
15505,group_element_set,cosine,7460,0.08013378899220025,1.06
15525,group_element_set,cosine,15666,0.08831538832289643,1.1
15535,group_element_set,cosine,549,0.08013378899220025,0.94
15540,group_element_set,cosine,6771,0.15484574527148354,0.62
15543,group_element_set,cosine,5947,0.08831538832289654,0.96
15545,group_element_set,cosine,8248,0.08013378899220025,2.34
15546,group_element_set,cosine,998,0.15484574527148354,1.16
15555,group_element_set,cosine,9778,0.08831538832289654,1.0
15560,group_element_set,cosine,11746,0.08831538832289654,1.98
15567,group_element_set,cosine,5338,0.08831538832289643,0.26
15572,group_element_set,cosine,5837,0.08831538832289643,2.24
15587,group_element_set,cosine,6805,0.15484574527148354,0.86
15597,group_element_set,cosine,16512,0.08013378899220025,1.34
15603,group_element_set,cosine,12442,0.08831538832289643,2.12
15632,group_element_set,cosine,101,0.08013378899220025,2.24
15633,group_element_set,cosine,3814,0.08013378899220014,1.28
15634,group_element_set,cosine,15875,0.11808289631180324,1.52
15645,group_element_set,cosine,8373,0.08831538832289643,1.56
15669,group_element_set,cosine,16818,0.08831538832289654,1.04
15683,group_element_set,cosine,194,0.08831538832289654,2.32
15684,group_element_set,cosine,1225,0.15484574527148354,0.88
15704,group_element_set,cosine,233,0.08831538832289654,1.66
15711,group_element_set,cosine,1894,0.08831538832289654,0.96
15713,group_element_set,cosine,5431,0.08013378899220025,0.4
15723,group_element_set,cosine,3519,0.11808289631180324,1.46
15729,group_element_set,cosine,15202,0.08013378899220025,2.16
15730,group_element_set,cosine,7050,0.08013378899220025,2.46
15733,group_element_set,cosine,13449,0.08831538832289654,1.2
15760,group_element_set,cosine,1943,0.15484574527148354,1.14
15784,group_element_set,cosine,2136,0.08831538832289654,1.68
15792,group_element_set,cosine,17506,0.11808289631180324,2.96
15821,group_element_set,cosine,989,0.08831538832289654,1.44
15824,group_element_set,cosine,299,0.08831538832289654,0.98
15832,group_element_set,cosine,5511,0.08831538832289643,0.7
15864,group_element_set,cosine,1863,0.15484574527148354,2.56
15891,group_element_set,cosine,5159,0.15484574527148354,1.64
15902,group_element_set,cosine,2762,0.11808289631180324,3.18
15911,group_element_set,cosine,650,0.08013378899220025,2.38
15917,group_element_set,cosine,1230,0.15484574527148354,2.02
15919,group_element_set,cosine,6689,0.08013378899220025,0.58
15920,group_element_set,cosine,12332,0.11808289631180324,0.56
15929,group_element_set,cosine,17913,0.08831538832289643,1.74
15941,group_element_set,cosine,2280,0.15484574527148354,1.98
15954,group_element_set,cosine,8594,0.08831538832289643,1.72
15955,group_element_set,cosine,12332,0.11808289631180324,2.48
15974,group_element_set,cosine,2294,0.15484574527148354,1.66
15987,group_element_set,cosine,8564,0.08831538832289643,1.32
15989,group_element_set,cosine,5333,0.08831538832289643,0.66
16002,group_element_set,cosine,11030,0.08013378899220025,3.1
16027,group_element_set,cosine,5690,0.08831538832289654,1.0
16029,group_element_set,cosine,13876,0.08831538832289654,0.96
16033,group_element_set,cosine,5206,0.11808289631180324,3.64
16044,group_element_set,cosine,15202,0.08013378899220025,2.16
16052,group_element_set,cosine,8002,0.08831538832289654,1.44
16074,group_element_set,cosine,15444,0.08831538832289643,1.36
16092,group_element_set,cosine,990,0.08831538832289643,1.54
16101,group_element_set,cosine,83,0.15484574527148354,1.34
16108,group_element_set,cosine,13911,0.08013378899220025,1.24
16109,group_element_set,cosine,10333,0.08831538832289654,1.0
16110,group_element_set,cosine,1218,0.08831538832289654,1.16
16124,group_element_set,cosine,8389,0.08013378899220025,0.68
16128,group_element_set,cosine,10620,0.08831538832289643,1.16
16139,group_element_set,cosine,16219,0.08013378899220025,1.24
16140,group_element_set,cosine,2939,0.08013378899220025,1.98
16152,group_element_set,cosine,821,0.15484574527148354,1.32
16156,group_element_set,cosine,12576,0.08831538832289654,2.46
16162,group_element_set,cosine,2311,0.11808289631180324,0.7
16164,group_element_set,cosine,3878,0.15484574527148354,2.44
16170,group_element_set,cosine,9526,0.08831538832289643,1.56
16183,group_element_set,cosine,4258,0.08013378899220025,0.82
16197,group_element_set,cosine,4805,0.08831538832289654,1.3
16206,group_element_set,cosine,17192,0.08831538832289654,1.28
16238,group_element_set,cosine,3151,0.08831538832289654,1.08
16249,group_element_set,cosine,11985,0.08831538832289654,0.32
16256,group_element_set,cosine,2717,0.08831538832289654,0.94
16268,group_element_set,cosine,8281,0.08013378899220025,0.32
16273,group_element_set,cosine,4453,0.08831538832289654,0.68
16280,group_element_set,cosine,18097,0.08013378899220025,1.06
16285,group_element_set,cosine,17812,0.08013378899220025,1.78
16302,group_element_set,cosine,7760,0.08831538832289643,0.46
16324,group_element_set,cosine,3583,0.08013378899220025,1.88
16331,group_element_set,cosine,5384,0.08013378899220014,1.92
16335,group_element_set,cosine,9158,0.11808289631180324,1.54
16373,group_element_set,cosine,5978,0.08013378899220025,0.76
16381,group_element_set,cosine,7520,0.08831538832289654,1.64
16382,group_element_set,cosine,28,0.08831538832289643,0.58
16406,group_element_set,cosine,7541,0.08013378899220014,1.74
16416,group_element_set,cosine,12985,0.08831538832289643,0.58
16424,group_element_set,cosine,1466,0.15484574527148354,2.6
16425,group_element_set,cosine,222,0.11808289631180324,2.62
16427,group_element_set,cosine,10367,0.07549967295795157,0.96
16429,group_element_set,cosine,695,0.11808289631180324,2.22
16430,group_element_set,cosine,1625,0.08013378899220025,1.14
16440,group_element_set,cosine,1897,0.08831538832289654,2.02
16455,group_element_set,cosine,5498,0.15484574527148354,1.68
16461,group_element_set,cosine,4473,0.11808289631180324,1.04
16468,group_element_set,cosine,8045,0.08831538832289654,0.98
16508,group_element_set,cosine,6963,0.11808289631180324,1.76
16522,group_element_set,cosine,3248,0.08831538832289654,1.82
16544,group_element_set,cosine,3878,0.15484574527148354,1.52
16545,group_element_set,cosine,6064,0.08831538832289654,0.7
16547,group_element_set,cosine,5895,0.08831538832289654,2.62
16555,group_element_set,cosine,9670,0.08831538832289654,1.7
16568,group_element_set,cosine,5244,0.15484574527148354,0.74
16569,group_element_set,cosine,9745,0.08831538832289654,1.08
16584,group_element_set,cosine,4308,0.08831538832289654,0.72
16586,group_element_set,cosine,17812,0.08013378899220025,0.56
16587,group_element_set,cosine,222,0.11808289631180324,0.86
16592,group_element_set,cosine,2939,0.08013378899220025,1.12
16598,group_element_set,cosine,2621,0.15484574527148354,2.18
16603,group_element_set,cosine,8795,0.08831538832289654,1.02
16611,group_element_set,cosine,9023,0.08013378899220014,4.2
16612,group_element_set,cosine,11307,0.15484574527148354,2.2
16626,group_element_set,cosine,10738,0.11808289631180324,1.26
16628,group_element_set,cosine,15531,0.11808289631180324,1.34
16643,group_element_set,cosine,12442,0.08831538832289643,1.14
16650,group_element_set,cosine,3192,0.08831538832289654,0.9
16657,group_element_set,cosine,13671,0.08013378899220025,1.66
16659,group_element_set,cosine,1183,0.15484574527148354,2.26
16669,group_element_set,cosine,549,0.08013378899220025,0.54
16687,group_element_set,cosine,11081,0.08013378899220025,0.9
16693,group_element_set,cosine,7873,0.08831538832289643,2.06
16700,group_element_set,cosine,3405,0.08831538832289643,1.96
16717,group_element_set,cosine,131,0.08831538832289643,0.9
16723,group_element_set,cosine,7551,0.08831538832289643,0.46
16725,group_element_set,cosine,16420,0.11808289631180324,1.3
16728,group_element_set,cosine,222,0.11808289631180324,1.98
16738,group_element_set,cosine,1625,0.08013378899220025,0.92
16739,group_element_set,cosine,9158,0.11808289631180324,1.94
16747,group_element_set,cosine,3252,0.08831538832289654,0.46
16752,group_element_set,cosine,15309,0.11808289631180324,0.54
16760,group_element_set,cosine,8362,0.08831538832289643,0.46
16761,group_element_set,cosine,2945,0.08831538832289643,2.02
16787,group_element_set,cosine,7050,0.08013378899220025,2.02
16795,group_element_set,cosine,916,0.08831538832289654,0.66
16807,group_element_set,cosine,13601,0.08831538832289654,1.28
16811,group_element_set,cosine,3299,0.08013378899220025,1.14
16813,group_element_set,cosine,3730,0.08831538832289643,1.86
16831,group_element_set,cosine,1230,0.15484574527148354,1.06
16841,group_element_set,cosine,8577,0.08831538832289654,1.46
16846,group_element_set,cosine,12393,0.08013378899220014,1.62
16848,group_element_set,cosine,11691,0.11808289631180324,1.54
16852,group_element_set,cosine,11092,0.08831538832289654,0.66
16872,group_element_set,cosine,2088,0.08831538832289654,0.98
16876,group_element_set,cosine,16154,0.15484574527148365,1.08
16879,group_element_set,cosine,12080,0.08013378899220025,0.92
16898,group_element_set,cosine,715,0.08831538832289654,1.26
16930,group_element_set,cosine,7800,0.08831538832289654,0.64
16933,group_element_set,cosine,3151,0.08831538832289654,0.6
16946,group_element_set,cosine,7460,0.08013378899220025,1.2
16949,group_element_set,cosine,8210,0.15484574527148354,1.58
16954,group_element_set,cosine,3327,0.08831538832289654,2.96
16956,group_element_set,cosine,6636,0.07549967295795157,0.4
16960,group_element_set,cosine,549,0.08013378899220025,1.02
16981,group_element_set,cosine,12023,0.08831538832289643,1.74
16982,group_element_set,cosine,8240,0.15484574527148354,0.34
16984,group_element_set,cosine,3816,0.08831538832289654,1.6
16989,group_element_set,cosine,272,0.08831538832289643,3.24
16993,group_element_set,cosine,6938,0.11808289631180324,1.3
17000,group_element_set,cosine,5670,0.15484574527148354,1.08
17001,group_element_set,cosine,18108,0.15484574527148354,1.68
17006,group_element_set,cosine,4805,0.08831538832289654,1.08
17019,group_element_set,cosine,4047,0.08831538832289643,0.86
17036,group_element_set,cosine,12401,0.08013378899220025,1.66
17051,group_element_set,cosine,18052,0.08831538832289643,0.74
17063,group_element_set,cosine,2850,0.08831538832289654,1.62
17068,group_element_set,cosine,7760,0.08831538832289643,1.68
17073,group_element_set,cosine,1311,0.08831538832289643,0.9
17074,group_element_set,cosine,11038,0.08013378899220014,0.78
17104,group_element_set,cosine,12393,0.08013378899220014,1.46
17105,group_element_set,cosine,821,0.15484574527148354,1.92
17107,group_element_set,cosine,14518,0.08013378899220014,0.2
17121,group_element_set,cosine,10294,0.08831538832289643,0.78
17129,group_element_set,cosine,1401,0.15484574527148354,1.46
17142,group_element_set,cosine,5374,0.08831538832289643,1.52
17147,group_element_set,cosine,17131,0.15484574527148354,1.18
17152,group_element_set,cosine,2625,0.08831538832289643,1.24
17155,group_element_set,cosine,13853,0.11808289631180324,0.68
17194,group_element_set,cosine,6044,0.08831538832289643,1.22
17206,group_element_set,cosine,1273,0.11808289631180324,1.52
17209,group_element_set,cosine,6636,0.08013378899220025,2.56
17219,group_element_set,cosine,2570,0.08013378899220025,0.26
17241,group_element_set,cosine,12214,0.11808289631180324,1.04
17263,group_element_set,cosine,1325,0.08831538832289643,0.94
17287,group_element_set,cosine,11536,0.11808289631180324,3.1
17291,group_element_set,cosine,2188,0.08831538832289654,1.32
17303,group_element_set,cosine,383,0.08831538832289654,1.28
17311,group_element_set,cosine,17724,0.08013378899220025,1.28
17313,group_element_set,cosine,3203,0.11808289631180324,2.36
17314,group_element_set,cosine,2966,0.15484574527148354,1.82
17320,group_element_set,cosine,1623,0.08831538832289654,1.32
17324,group_element_set,cosine,8385,0.08831538832289643,4.66
17335,group_element_set,cosine,1897,0.08831538832289654,1.72
17340,group_element_set,cosine,2828,0.08831538832289643,0.54
17346,group_element_set,cosine,615,0.08831538832289643,0.8
17354,group_element_set,cosine,13252,0.08831538832289643,1.36
17356,group_element_set,cosine,15829,0.15484574527148354,1.14
17375,group_element_set,cosine,9667,0.08013378899220025,1.0
17377,group_element_set,cosine,2850,0.08831538832289654,1.08
17389,group_element_set,cosine,5321,0.08831538832289643,1.3
17392,group_element_set,cosine,8281,0.08013378899220025,0.36
17406,group_element_set,cosine,4523,0.08831538832289654,2.14
17418,group_element_set,cosine,3539,0.08831538832289654,0.92
17457,group_element_set,cosine,8120,0.08831538832289643,2.08
17466,group_element_set,cosine,67,0.08831538832289654,1.8
17489,group_element_set,cosine,5141,0.08831538832289643,1.04
17491,group_element_set,cosine,1536,0.08831538832289643,1.06
17519,group_element_set,cosine,2658,0.08831538832289654,1.28
17525,group_element_set,cosine,5911,0.11808289631180324,0.88
17528,group_element_set,cosine,1260,0.08831538832289643,3.76
17529,group_element_set,cosine,7460,0.08013378899220025,0.64
17540,group_element_set,cosine,9921,0.08013378899220025,0.92
17545,group_element_set,cosine,7551,0.08831538832289643,0.92
17554,group_element_set,cosine,1149,0.08013378899220025,1.8
17558,group_element_set,cosine,3722,0.15484574527148354,1.08
17572,group_element_set,cosine,800,0.08831538832289643,1.62
17575,group_element_set,cosine,5206,0.11808289631180324,0.34
17589,group_element_set,cosine,6805,0.15484574527148354,0.74
17599,group_element_set,cosine,988,0.08831538832289654,2.04
17607,group_element_set,cosine,13252,0.08831538832289643,1.26
17611,group_element_set,cosine,2008,0.08831538832289643,1.44
17615,group_element_set,cosine,10469,0.08013378899220025,1.74
17618,group_element_set,cosine,8411,0.08013378899220025,1.08
17626,group_element_set,cosine,7148,0.08831538832289654,2.18
17631,group_element_set,cosine,131,0.08831538832289643,1.8
17632,group_element_set,cosine,541,0.08831538832289643,1.38
17645,group_element_set,cosine,5667,0.11808289631180324,0.76
17658,group_element_set,cosine,13554,0.08831538832289643,0.5
17661,group_element_set,cosine,5881,0.08831538832289643,1.48
17690,group_element_set,cosine,1230,0.15484574527148354,1.58
17697,group_element_set,cosine,12596,0.11808289631180324,0.8
17700,group_element_set,cosine,7541,0.08013378899220014,1.66
17708,group_element_set,cosine,5515,0.08831538832289654,2.18
17713,group_element_set,cosine,101,0.08013378899220014,1.94
17730,group_element_set,cosine,11081,0.08013378899220025,2.12
17775,group_element_set,cosine,549,0.08013378899220025,1.46
17776,group_element_set,cosine,4473,0.11808289631180324,1.34
17779,group_element_set,cosine,11030,0.08013378899220025,3.66
17788,group_element_set,cosine,6349,0.08831538832289654,2.54
17796,group_element_set,cosine,7507,0.08013378899220025,1.82
17803,group_element_set,cosine,6338,0.08831538832289654,1.78
17804,group_element_set,cosine,4764,0.08831538832289643,1.84
17824,group_element_set,cosine,16818,0.08831538832289654,1.06
17829,group_element_set,cosine,10546,0.08831538832289654,1.6
17832,group_element_set,cosine,2939,0.08013378899220025,1.7
17839,group_element_set,cosine,1108,0.08831538832289643,1.72
17859,group_element_set,cosine,12080,0.08013378899220025,1.1
17863,group_element_set,cosine,9584,0.08831538832289654,0.56
17886,group_element_set,cosine,13449,0.08831538832289654,1.34
17910,group_element_set,cosine,11489,0.11808289631180324,0.58
17922,group_element_set,cosine,14898,0.08831538832289654,2.64
17943,group_element_set,cosine,6087,0.08013378899220025,1.64
17965,group_element_set,cosine,10333,0.08831538832289654,1.22
17987,group_element_set,cosine,1260,0.08831538832289643,1.84
17988,group_element_set,cosine,1348,0.08831538832289643,0.84
17995,group_element_set,cosine,952,0.08831538832289654,0.84
17998,group_element_set,cosine,11278,0.15484574527148354,1.96
18005,group_element_set,cosine,1007,0.11808289631180324,1.7
18010,group_element_set,cosine,1230,0.15484574527148354,1.1
18011,group_element_set,cosine,4797,0.08013378899220025,1.22
18023,group_element_set,cosine,8373,0.08831538832289643,0.38
18029,group_element_set,cosine,9816,0.08831538832289643,0.92
18043,group_element_set,cosine,17229,0.08831538832289643,1.56
18045,group_element_set,cosine,3583,0.08013378899220025,1.86
18048,group_element_set,cosine,7677,0.15484574527148354,1.56
18049,group_element_set,cosine,8182,0.08831538832289643,1.04
18057,group_element_set,cosine,12393,0.08013378899220025,1.3
18059,group_element_set,cosine,15703,0.08831538832289643,1.32
18064,group_element_set,cosine,7089,0.08013378899220025,1.6
18075,group_element_set,cosine,13648,0.08831538832289643,1.48
18076,group_element_set,cosine,11030,0.08013378899220025,1.68
18093,group_element_set,cosine,6288,0.08013378899220025,1.06
18096,group_element_set,cosine,3583,0.08013378899220014,-0.14
18105,group_element_set,cosine,821,0.15484574527148354,1.9
18114,group_element_set,cosine,7460,0.08013378899220014,0.58
18116,group_element_set,cosine,5881,0.08831538832289643,1.46
18119,group_element_set,cosine,8281,0.08013378899220025,0.38
18121,group_element_set,cosine,1230,0.15484574527148354,1.42
18137,group_element_set,cosine,7050,0.08013378899220025,0.62
18169,group_element_set,cosine,6288,0.08013378899220025,0.88
18175,group_element_set,cosine,2828,0.08831538832289643,1.38
18196,group_element_set,cosine,12223,0.08831538832289643,2.02
18216,group_element_set,cosine,1863,0.15484574527148354,2.76
18220,group_element_set,cosine,16788,0.11808289631180324,1.36
18223,group_element_set,cosine,2375,0.08831538832289643,1.24
18230,group_element_set,cosine,1273,0.11808289631180324,0.58
18232,group_element_set,cosine,6122,0.08831538832289654,1.42
18233,group_element_set,cosine,806,0.15484574527148354,1.6
18264,group_element_set,cosine,273,0.08831538832289654,0.68
18268,group_element_set,cosine,5587,0.08831538832289654,2.38
18271,group_element_set,cosine,320,0.08831538832289654,1.74
18280,group_element_set,cosine,18072,0.08013378899220025,0.68
18283,group_element_set,cosine,7507,0.08013378899220025,3.08
18302,group_element_set,cosine,844,0.08831538832289654,1.08
18305,group_element_set,cosine,3878,0.15484574527148354,2.02
18309,group_element_set,cosine,6321,0.08831538832289643,1.36
18333,group_element_set,cosine,2570,0.08013378899220025,1.06
18335,group_element_set,cosine,821,0.15484574527148354,1.22
18354,group_element_set,cosine,549,0.08013378899220025,0.2
18356,group_element_set,cosine,11476,0.08831538832289654,1.92
18364,group_element_set,cosine,14462,0.08013378899220025,1.68
18370,group_element_set,cosine,11038,0.08013378899220014,1.24
18381,group_element_set,cosine,232,0.11808289631180324,1.02
18410,group_element_set,cosine,740,0.15484574527148354,0.56
18432,group_element_set,cosine,1638,0.08831538832289654,0.98
18449,group_element_set,cosine,8473,0.08831538832289654,1.94
18452,group_element_set,cosine,9650,0.08831538832289643,0.72
18463,group_element_set,cosine,3065,0.08831538832289654,1.06
18500,group_element_set,cosine,9577,0.08831538832289643,1.94
18510,group_element_set,cosine,689,0.08013378899220025,2.56
18527,group_element_set,cosine,11030,0.08013378899220025,1.96
18530,group_element_set,cosine,10557,0.08831538832289643,1.46
18537,group_element_set,cosine,4608,0.11808289631180324,1.36
18541,group_element_set,cosine,10738,0.07549967295795157,1.74
18543,group_element_set,cosine,15159,0.08013378899220025,2.3
18576,group_element_set,cosine,1571,0.11808289631180324,1.16
18580,group_element_set,cosine,1863,0.15484574527148354,0.78
18581,group_element_set,cosine,15159,0.08013378899220025,2.3
18589,group_element_set,cosine,16315,0.08831538832289654,2.44
18603,group_element_set,cosine,101,0.08013378899220014,2.64
18611,group_element_set,cosine,6833,0.08831538832289654,1.08
18616,group_element_set,cosine,9188,0.15484574527148354,1.42
18630,group_element_set,cosine,11411,0.08831538832289643,1.64
18639,group_element_set,cosine,3785,0.08831538832289643,1.3
18642,group_element_set,cosine,2073,0.08831538832289654,0.72
18658,group_element_set,cosine,151,0.15484574527148354,2.08
18665,group_element_set,cosine,10583,0.08831538832289654,1.48
18691,group_element_set,cosine,1792,0.15484574527148354,2.26
18693,group_element_set,cosine,12954,0.08831538832289643,1.4
18706,group_element_set,cosine,6044,0.08831538832289643,1.32
18719,group_element_set,cosine,18097,0.08013378899220025,0.94
18732,group_element_set,cosine,522,0.08831538832289654,1.0
18759,group_element_set,cosine,581,0.08831538832289654,1.98
18775,group_element_set,cosine,10972,0.08831538832289654,3.36
18776,group_element_set,cosine,16672,0.08831538832289643,2.0
18806,group_element_set,cosine,9051,0.08013378899220025,-0.24
18846,group_element_set,cosine,4521,0.15484574527148354,1.74
18847,group_element_set,cosine,222,0.11808289631180324,1.52
18851,group_element_set,cosine,6689,0.08013378899220025,1.06
18862,group_element_set,cosine,9667,0.07549967295795157,0.68
18870,group_element_set,cosine,2926,0.08013378899220025,2.78
18891,group_element_set,cosine,8787,0.08013378899220025,0.9
18899,group_element_set,cosine,3862,0.08831538832289654,1.82
26,group_element_set,euclidean,130,0.28284271247461895,1.18
27,group_element_set,euclidean,9,0.28284271247461895,1.24
40,group_element_set,euclidean,237,0.28284271247461895,1.16
45,group_element_set,euclidean,151,0.28284271247461895,0.6
69,group_element_set,euclidean,10280,0.282842712474619,3.34
72,group_element_set,euclidean,3499,0.2828427124746191,0.82
103,group_element_set,euclidean,2274,0.28284271247461906,0.42
115,group_element_set,euclidean,1889,0.28284271247461906,1.04
134,group_element_set,euclidean,20,0.282842712474619,0.56
136,group_element_set,euclidean,173,0.28284271247461895,1.5
137,group_element_set,euclidean,156,0.28284271247461895,1.6
155,group_element_set,euclidean,269,0.28284271247461906,1.28
158,group_element_set,euclidean,5495,0.28284271247461895,2.48
169,group_element_set,euclidean,173,0.28284271247461895,-0.04
171,group_element_set,euclidean,988,0.28284271247461906,0.72
179,group_element_set,euclidean,9,0.28284271247461895,3.44
183,group_element_set,euclidean,55,0.28284271247461895,2.02
188,group_element_set,euclidean,6929,0.282842712474619,2.54
199,group_element_set,euclidean,424,0.282842712474619,1.48
206,group_element_set,euclidean,365,0.28284271247461895,1.1
211,group_element_set,euclidean,1625,0.2828427124746191,2.1
212,group_element_set,euclidean,127,0.28284271247461895,1.46
220,group_element_set,euclidean,422,0.28284271247461895,0.92
221,group_element_set,euclidean,78,0.28284271247461895,0.58
224,group_element_set,euclidean,391,0.28284271247461895,0.64
228,group_element_set,euclidean,64,0.28284271247461895,0.82
249,group_element_set,euclidean,213,0.28284271247461895,1.74
255,group_element_set,euclidean,166,0.28284271247461895,2.14
258,group_element_set,euclidean,219,0.28284271247461895,1.2
266,group_element_set,euclidean,201,0.28284271247461895,1.04
301,group_element_set,euclidean,1044,0.28284271247461895,0.86
305,group_element_set,euclidean,10469,0.2828427124746191,0.8
322,group_element_set,euclidean,76,0.28284271247461895,1.62
324,group_element_set,euclidean,114,0.28284271247461895,1.16
337,group_element_set,euclidean,11,0.28284271247461895,0.78
338,group_element_set,euclidean,104,0.28284271247461895,1.72
345,group_element_set,euclidean,54,0.28284271247461895,1.22
362,group_element_set,euclidean,4109,0.2828427124746191,0.38
364,group_element_set,euclidean,3969,0.2828427124746191,1.54
366,group_element_set,euclidean,106,0.28284271247461895,0.5
372,group_element_set,euclidean,114,0.282842712474619,1.48
374,group_element_set,euclidean,64,0.28284271247461895,1.28
376,group_element_set,euclidean,722,0.28284271247461906,1.9
380,group_element_set,euclidean,89,0.282842712474619,2.28
387,group_element_set,euclidean,251,0.28284271247461895,2.02
393,group_element_set,euclidean,2328,0.28284271247461906,1.12
417,group_element_set,euclidean,70,0.282842712474619,1.5
418,group_element_set,euclidean,120,0.28284271247461895,1.26
433,group_element_set,euclidean,114,0.28284271247461895,2.32
438,group_element_set,euclidean,147,0.28284271247461895,1.3
442,group_element_set,euclidean,86,0.28284271247461895,1.9
451,group_element_set,euclidean,982,0.28284271247461906,2.44
455,group_element_set,euclidean,186,0.282842712474619,2.9
458,group_element_set,euclidean,2328,0.28284271247461906,1.22
466,group_element_set,euclidean,3,0.28284271247461895,1.66
470,group_element_set,euclidean,151,0.282842712474619,0.84
472,group_element_set,euclidean,3,0.28284271247461895,0.84
476,group_element_set,euclidean,88,0.28284271247461906,0.72
505,group_element_set,euclidean,133,0.28284271247461895,1.26
511,group_element_set,euclidean,190,0.282842712474619,1.24
512,group_element_set,euclidean,365,0.28284271247461906,-0.2
515,group_element_set,euclidean,1889,0.2828427124746191,0.32
521,group_element_set,euclidean,635,0.28284271247461906,1.3
532,group_element_set,euclidean,38,0.28284271247461895,1.78
559,group_element_set,euclidean,422,0.28284271247461895,2.6
564,group_element_set,euclidean,1230,0.282842712474619,1.26
578,group_element_set,euclidean,465,0.28284271247461906,1.28
583,group_element_set,euclidean,635,0.28284271247461906,0.88
591,group_element_set,euclidean,226,0.28284271247461895,0.4
595,group_element_set,euclidean,55,0.28284271247461895,1.66
598,group_element_set,euclidean,2956,0.28284271247461906,2.08
614,group_element_set,euclidean,9613,0.2828427124746191,2.66
616,group_element_set,euclidean,15,0.28284271247461895,-0.06
626,group_element_set,euclidean,4109,0.2828427124746191,1.52
649,group_element_set,euclidean,20,0.28284271247461895,0.68
668,group_element_set,euclidean,173,0.28284271247461895,1.28
675,group_element_set,euclidean,11,0.28284271247461895,3.02
678,group_element_set,euclidean,21,0.28284271247461895,0.9
688,group_element_set,euclidean,10,0.28284271247461895,0.76
730,group_element_set,euclidean,1080,0.282842712474619,1.68
732,group_element_set,euclidean,269,0.28284271247461906,0.4
734,group_element_set,euclidean,1070,0.282842712474619,1.32
735,group_element_set,euclidean,41,0.28284271247461895,0.8
743,group_element_set,euclidean,1038,0.282842712474619,1.64
766,group_element_set,euclidean,94,0.28284271247461895,1.88
767,group_element_set,euclidean,1863,0.282842712474619,1.58
778,group_element_set,euclidean,108,0.28284271247461895,1.04
787,group_element_set,euclidean,1006,0.282842712474619,3.56
788,group_element_set,euclidean,1145,0.282842712474619,3.04
790,group_element_set,euclidean,506,0.2828427124746191,2.16
816,group_element_set,euclidean,2814,0.28284271247461906,1.06
817,group_element_set,euclidean,135,0.28284271247461895,0.56
818,group_element_set,euclidean,118,0.28284271247461895,1.08
849,group_element_set,euclidean,11,0.28284271247461895,1.38
863,group_element_set,euclidean,11,0.28284271247461895,1.58
868,group_element_set,euclidean,25,0.28284271247461895,1.2
872,group_element_set,euclidean,88,0.28284271247461906,0.8
891,group_element_set,euclidean,2,0.28284271247461895,1.02
894,group_element_set,euclidean,988,0.28284271247461906,1.58
905,group_element_set,euclidean,2,0.28284271247461895,1.48
913,group_element_set,euclidean,145,0.282842712474619,1.18
921,group_element_set,euclidean,21,0.28284271247461895,1.9
922,group_element_set,euclidean,369,0.2828427124746191,2.58
940,group_element_set,euclidean,62,0.28284271247461895,0.72
950,group_element_set,euclidean,1044,0.28284271247461906,1.0
955,group_element_set,euclidean,60,0.28284271247461895,1.32
995,group_element_set,euclidean,127,0.28284271247461895,0.68
1004,group_element_set,euclidean,38,0.28284271247461895,0.72
1010,group_element_set,euclidean,41,0.28284271247461895,2.3
1011,group_element_set,euclidean,3803,0.2828427124746191,3.42
1012,group_element_set,euclidean,11,0.28284271247461895,1.02
1018,group_element_set,euclidean,11,0.28284271247461895,1.52
1058,group_element_set,euclidean,822,0.28284271247461906,1.2
1059,group_element_set,euclidean,4109,0.28284271247461906,0.96
1061,group_element_set,euclidean,121,0.28284271247461895,0.7
1065,group_element_set,euclidean,720,0.282842712474619,1.46
1069,group_element_set,euclidean,55,0.28284271247461895,0.74
1074,group_element_set,euclidean,11,0.28284271247461895,1.42
1098,group_element_set,euclidean,104,0.28284271247461895,0.8
1114,group_element_set,euclidean,10,0.28284271247461895,1.02
1116,group_element_set,euclidean,56,0.28284271247461895,1.58
1122,group_element_set,euclidean,58,0.28284271247461895,0.48
1125,group_element_set,euclidean,57,0.28284271247461895,0.56
1133,group_element_set,euclidean,135,0.28284271247461895,0.64
1137,group_element_set,euclidean,2517,0.2828427124746191,1.26
1151,group_element_set,euclidean,806,0.282842712474619,1.44
1153,group_element_set,euclidean,150,0.28284271247461895,0.72
1159,group_element_set,euclidean,8853,0.2828427124746191,1.86
1161,group_element_set,euclidean,21,0.28284271247461895,1.28
1176,group_element_set,euclidean,93,0.28284271247461895,1.6
1177,group_element_set,euclidean,151,0.28284271247461895,0.46
1185,group_element_set,euclidean,2328,0.28284271247461906,2.14
1203,group_element_set,euclidean,643,0.282842712474619,1.18
1207,group_element_set,euclidean,21,0.28284271247461895,0.46
1223,group_element_set,euclidean,164,0.28284271247461895,2.22
1235,group_element_set,euclidean,2517,0.2828427124746191,1.6
1252,group_element_set,euclidean,1578,0.282842712474619,1.84
1268,group_element_set,euclidean,1355,0.2828427124746191,1.34
1270,group_element_set,euclidean,198,0.28284271247461895,1.5
1283,group_element_set,euclidean,341,0.28284271247461895,2.4
1296,group_element_set,euclidean,341,0.28284271247461906,1.86
1297,group_element_set,euclidean,269,0.28284271247461895,1.48
1309,group_element_set,euclidean,84,0.28284271247461895,1.84
1324,group_element_set,euclidean,81,0.28284271247461895,1.22
1335,group_element_set,euclidean,219,0.28284271247461895,1.76
1343,group_element_set,euclidean,365,0.28284271247461906,2.02
1365,group_element_set,euclidean,4,0.28284271247461895,2.2
1373,group_element_set,euclidean,1230,0.282842712474619,0.64
1378,group_element_set,euclidean,10,0.28284271247461895,2.1
1381,group_element_set,euclidean,95,0.28284271247461895,1.9
1382,group_element_set,euclidean,175,0.28284271247461895,2.36
1391,group_element_set,euclidean,75,0.28284271247461906,1.92
1406,group_element_set,euclidean,166,0.28284271247461895,1.58
1419,group_element_set,euclidean,101,0.28284271247461906,1.4
1432,group_element_set,euclidean,365,0.28284271247461906,0.98
1433,group_element_set,euclidean,1619,0.28284271247461906,1.36
1436,group_element_set,euclidean,38,0.28284271247461895,2.5
1452,group_element_set,euclidean,1733,0.282842712474619,0.84
1473,group_element_set,euclidean,86,0.28284271247461895,1.0
1479,group_element_set,euclidean,821,0.282842712474619,1.1
1488,group_element_set,euclidean,32,0.28284271247461895,1.04
1492,group_element_set,euclidean,95,0.28284271247461895,1.14
1499,group_element_set,euclidean,2814,0.28284271247461906,2.24
1500,group_element_set,euclidean,611,0.282842712474619,2.02
1525,group_element_set,euclidean,653,0.28284271247461906,1.24
1534,group_element_set,euclidean,1172,0.282842712474619,1.4
1548,group_element_set,euclidean,86,0.28284271247461895,1.12
1555,group_element_set,euclidean,7,0.28284271247461895,1.3
1565,group_element_set,euclidean,819,0.282842712474619,1.34
1599,group_element_set,euclidean,1688,0.28284271247461906,1.02
1604,group_element_set,euclidean,88,0.28284271247461895,0.26
1612,group_element_set,euclidean,1241,0.282842712474619,2.44
1630,group_element_set,euclidean,1401,0.282842712474619,0.58
1631,group_element_set,euclidean,135,0.28284271247461895,1.36
1635,group_element_set,euclidean,257,0.28284271247461895,0.38
1637,group_element_set,euclidean,98,0.28284271247461895,1.38
1659,group_element_set,euclidean,160,0.28284271247461895,1.34
1664,group_element_set,euclidean,108,0.28284271247461895,2.8
1673,group_element_set,euclidean,1051,0.2828427124746191,0.4
1676,group_element_set,euclidean,34,0.28284271247461895,1.0
1678,group_element_set,euclidean,225,0.28284271247461895,0.96
1689,group_element_set,euclidean,464,0.282842712474619,1.46
1709,group_element_set,euclidean,382,0.28284271247461895,0.6
1716,group_element_set,euclidean,20,0.28284271247461895,2.34
1720,group_element_set,euclidean,133,0.28284271247461895,1.68
1744,group_element_set,euclidean,205,0.28284271247461895,2.12
1746,group_element_set,euclidean,317,0.28284271247461906,1.7
1760,group_element_set,euclidean,94,0.2828427124746191,2.98
1763,group_element_set,euclidean,1078,0.282842712474619,0.88
1770,group_element_set,euclidean,317,0.28284271247461906,0.96
1773,group_element_set,euclidean,64,0.28284271247461895,1.94
1806,group_element_set,euclidean,1625,0.2828427124746191,0.94
1811,group_element_set,euclidean,365,0.28284271247461906,0.98
1815,group_element_set,euclidean,2,0.28284271247461895,2.02
1825,group_element_set,euclidean,20,0.28284271247461895,1.4
1831,group_element_set,euclidean,859,0.282842712474619,0.72
1842,group_element_set,euclidean,3,0.28284271247461895,0.94
1844,group_element_set,euclidean,7,0.28284271247461895,1.02
1849,group_element_set,euclidean,2220,0.282842712474619,1.24
1852,group_element_set,euclidean,10280,0.282842712474619,0.36
1881,group_element_set,euclidean,840,0.282842712474619,2.1
1882,group_element_set,euclidean,2179,0.282842712474619,1.8
1907,group_element_set,euclidean,54,0.2828427124746191,1.22
1912,group_element_set,euclidean,674,0.282842712474619,1.26
1924,group_element_set,euclidean,160,0.28284271247461895,2.0
1925,group_element_set,euclidean,3169,0.2828427124746191,3.26
1929,group_element_set,euclidean,2294,0.282842712474619,0.5
1944,group_element_set,euclidean,130,0.28284271247461895,0.62
1956,group_element_set,euclidean,121,0.28284271247461895,1.36
1967,group_element_set,euclidean,34,0.28284271247461895,1.1
1977,group_element_set,euclidean,2101,0.2828427124746191,1.76
1983,group_element_set,euclidean,198,0.28284271247461895,1.16
1993,group_element_set,euclidean,53,0.28284271247461895,1.76
1999,group_element_set,euclidean,549,0.2828427124746191,1.22
2007,group_element_set,euclidean,1108,0.28284271247461906,-0.26
2009,group_element_set,euclidean,21,0.28284271247461895,1.1
2045,group_element_set,euclidean,143,0.28284271247461895,0.96
2072,group_element_set,euclidean,21,0.28284271247461895,1.32
2077,group_element_set,euclidean,1115,0.2828427124746191,0.76
2090,group_element_set,euclidean,106,0.28284271247461895,0.66
2120,group_element_set,euclidean,7184,0.28284271247461906,0.72
2131,group_element_set,euclidean,21,0.28284271247461895,0.18
2134,group_element_set,euclidean,2259,0.2828427124746191,3.18
2145,group_element_set,euclidean,56,0.28284271247461895,1.6
2153,group_element_set,euclidean,650,0.28284271247461906,2.0
2161,group_element_set,euclidean,53,0.28284271247461895,3.44
2166,group_element_set,euclidean,164,0.2828427124746191,1.46
2167,group_element_set,euclidean,1733,0.282842712474619,2.98
2197,group_element_set,euclidean,64,0.28284271247461895,3.1
2229,group_element_set,euclidean,130,0.28284271247461895,1.0
2235,group_element_set,euclidean,312,0.28284271247461895,0.78
2237,group_element_set,euclidean,1275,0.282842712474619,2.22
2254,group_element_set,euclidean,54,0.28284271247461895,1.24
2262,group_element_set,euclidean,25,0.28284271247461895,1.22
2298,group_element_set,euclidean,74,0.28284271247461895,1.52
2301,group_element_set,euclidean,1857,0.28284271247461895,4.0
2305,group_element_set,euclidean,94,0.28284271247461895,2.84
2310,group_element_set,euclidean,186,0.28284271247461895,0.24
2322,group_element_set,euclidean,147,0.28284271247461895,1.22
2335,group_element_set,euclidean,114,0.282842712474619,1.68
2345,group_element_set,euclidean,70,0.28284271247461895,0.84
2349,group_element_set,euclidean,2046,0.282842712474619,0.62
2357,group_element_set,euclidean,123,0.28284271247461895,0.94
2360,group_element_set,euclidean,10,0.28284271247461895,1.82
2363,group_element_set,euclidean,549,0.28284271247461906,1.2
2380,group_element_set,euclidean,1044,0.28284271247461906,2.3
2385,group_element_set,euclidean,38,0.2828427124746191,1.78
2386,group_element_set,euclidean,122,0.28284271247461895,1.12
2396,group_element_set,euclidean,98,0.28284271247461895,0.94
2397,group_element_set,euclidean,341,0.28284271247461906,1.1
2408,group_element_set,euclidean,108,0.28284271247461895,1.26
2412,group_element_set,euclidean,282,0.28284271247461895,0.78
2414,group_element_set,euclidean,282,0.28284271247461895,0.76
2424,group_element_set,euclidean,982,0.28284271247461895,1.3
2453,group_element_set,euclidean,389,0.28284271247461895,3.1
2485,group_element_set,euclidean,10072,0.282842712474619,2.82
2509,group_element_set,euclidean,341,0.28284271247461895,0.7
2527,group_element_set,euclidean,1230,0.282842712474619,1.28
2554,group_element_set,euclidean,944,0.282842712474619,3.26
2569,group_element_set,euclidean,74,0.28284271247461895,0.96
2590,group_element_set,euclidean,317,0.28284271247461906,1.08
2623,group_element_set,euclidean,1420,0.28284271247461906,2.0
2630,group_element_set,euclidean,34,0.28284271247461895,1.0
2632,group_element_set,euclidean,2966,0.282842712474619,2.36
2635,group_element_set,euclidean,198,0.28284271247461895,2.18
2647,group_element_set,euclidean,310,0.28284271247461895,1.0
2657,group_element_set,euclidean,722,0.28284271247461906,2.44
2665,group_element_set,euclidean,55,0.28284271247461895,0.76
2690,group_element_set,euclidean,60,0.28284271247461895,1.96
2705,group_element_set,euclidean,549,0.28284271247461906,0.6
2715,group_element_set,euclidean,2435,0.282842712474619,2.16
2747,group_element_set,euclidean,226,0.28284271247461895,1.34
2752,group_element_set,euclidean,3902,0.28284271247461906,1.44
2764,group_element_set,euclidean,5728,0.282842712474619,0.88
2767,group_element_set,euclidean,401,0.28284271247461906,1.68
2777,group_element_set,euclidean,81,0.28284271247461895,1.94
2782,group_element_set,euclidean,25,0.28284271247461895,1.24
2792,group_element_set,euclidean,1445,0.2828427124746191,2.1
2799,group_element_set,euclidean,821,0.282842712474619,1.16
2800,group_element_set,euclidean,74,0.28284271247461895,2.26
2809,group_element_set,euclidean,2484,0.282842712474619,1.64
2812,group_element_set,euclidean,2956,0.28284271247461906,-0.58
2826,group_element_set,euclidean,70,0.28284271247461895,1.3
2836,group_element_set,euclidean,1498,0.2828427124746191,2.6
2837,group_element_set,euclidean,1561,0.282842712474619,1.1
2843,group_element_set,euclidean,217,0.28284271247461895,1.88
2849,group_element_set,euclidean,234,0.28284271247461895,1.2
2854,group_element_set,euclidean,1230,0.282842712474619,1.88
2856,group_element_set,euclidean,2621,0.282842712474619,1.4
2864,group_element_set,euclidean,108,0.28284271247461895,1.82
2872,group_element_set,euclidean,207,0.2828427124746191,-0.06
2881,group_element_set,euclidean,7,0.28284271247461895,1.26
2882,group_element_set,euclidean,70,0.28284271247461895,1.08
2886,group_element_set,euclidean,2119,0.28284271247461906,0.94
2887,group_element_set,euclidean,70,0.28284271247461895,1.94
2912,group_element_set,euclidean,1688,0.28284271247461906,0.6
2916,group_element_set,euclidean,94,0.28284271247461895,1.56
2928,group_element_set,euclidean,75,0.28284271247461895,1.46
2935,group_element_set,euclidean,213,0.28284271247461895,1.48
2957,group_element_set,euclidean,10567,0.282842712474619,1.06
2972,group_element_set,euclidean,15,0.28284271247461895,0.1
2975,group_element_set,euclidean,1044,0.28284271247461906,0.56
2976,group_element_set,euclidean,333,0.28284271247461895,1.06
2993,group_element_set,euclidean,9597,0.282842712474619,1.58
2997,group_element_set,euclidean,160,0.28284271247461895,0.5
3002,group_element_set,euclidean,8474,0.2828427124746191,2.16
3012,group_element_set,euclidean,1742,0.2828427124746191,0.9
3025,group_element_set,euclidean,582,0.2828427124746191,2.42
3037,group_element_set,euclidean,148,0.28284271247461895,1.48
3048,group_element_set,euclidean,98,0.28284271247461895,0.48
3050,group_element_set,euclidean,160,0.28284271247461895,1.32
3063,group_element_set,euclidean,892,0.28284271247461906,1.28
3106,group_element_set,euclidean,64,0.28284271247461895,0.42
3115,group_element_set,euclidean,76,0.28284271247461895,1.6
3127,group_element_set,euclidean,209,0.28284271247461895,1.04
3129,group_element_set,euclidean,317,0.2828427124746191,2.04
3130,group_element_set,euclidean,763,0.282842712474619,2.76
3141,group_element_set,euclidean,98,0.28284271247461895,0.74
3143,group_element_set,euclidean,53,0.28284271247461895,1.82
3186,group_element_set,euclidean,9764,0.282842712474619,1.62
3207,group_element_set,euclidean,60,0.28284271247461895,1.38
3238,group_element_set,euclidean,5670,0.282842712474619,1.54
3240,group_element_set,euclidean,156,0.28284271247461895,1.08
3253,group_element_set,euclidean,12332,0.28284271247461895,1.56
3255,group_element_set,euclidean,33,0.28284271247461895,0.2
3272,group_element_set,euclidean,422,0.28284271247461895,2.32
3286,group_element_set,euclidean,94,0.28284271247461895,0.7
3293,group_element_set,euclidean,15,0.28284271247461895,1.5
3296,group_element_set,euclidean,60,0.28284271247461895,1.52
3309,group_element_set,euclidean,326,0.2828427124746191,0.64
3310,group_element_set,euclidean,422,0.28284271247461895,0.94
3314,group_element_set,euclidean,74,0.28284271247461895,1.4
3342,group_element_set,euclidean,122,0.28284271247461895,0.78
3356,group_element_set,euclidean,33,0.28284271247461895,0.76
3359,group_element_set,euclidean,1578,0.282842712474619,0.5
3360,group_element_set,euclidean,821,0.282842712474619,1.26
3362,group_element_set,euclidean,56,0.28284271247461895,0.92
3374,group_element_set,euclidean,2027,0.2828427124746191,0.84
3389,group_element_set,euclidean,312,0.28284271247461895,1.28
3390,group_element_set,euclidean,78,0.28284271247461895,0.82
3400,group_element_set,euclidean,1275,0.282842712474619,1.18
3402,group_element_set,euclidean,56,0.28284271247461895,0.96
3407,group_element_set,euclidean,225,0.28284271247461895,1.04
3423,group_element_set,euclidean,15,0.28284271247461895,1.32
3430,group_element_set,euclidean,55,0.28284271247461895,3.12
3434,group_element_set,euclidean,95,0.28284271247461895,1.52
3465,group_element_set,euclidean,10,0.28284271247461895,1.8
3498,group_element_set,euclidean,237,0.28284271247461895,1.08
3532,group_element_set,euclidean,130,0.28284271247461895,1.06
3557,group_element_set,euclidean,41,0.28284271247461895,0.6
3558,group_element_set,euclidean,106,0.28284271247461895,0.78
3569,group_element_set,euclidean,86,0.28284271247461895,1.42
3570,group_element_set,euclidean,1230,0.282842712474619,2.66
3582,group_element_set,euclidean,462,0.28284271247461906,1.68
3584,group_element_set,euclidean,4,0.28284271247461895,1.16
3585,group_element_set,euclidean,3230,0.282842712474619,2.34
3627,group_element_set,euclidean,32,0.28284271247461895,1.34
3647,group_element_set,euclidean,56,0.28284271247461895,2.0
3653,group_element_set,euclidean,7,0.28284271247461895,0.66
3662,group_element_set,euclidean,148,0.2828427124746191,3.2
3671,group_element_set,euclidean,75,0.28284271247461895,1.22
3684,group_element_set,euclidean,1230,0.282842712474619,0.36
3685,group_element_set,euclidean,54,0.28284271247461895,1.54
3686,group_element_set,euclidean,88,0.28284271247461906,1.16
3687,group_element_set,euclidean,60,0.28284271247461895,2.08
3688,group_element_set,euclidean,720,0.282842712474619,1.38
3689,group_element_set,euclidean,722,0.28284271247461906,1.7
3691,group_element_set,euclidean,365,0.28284271247461906,0.7
3696,group_element_set,euclidean,101,0.2828427124746191,1.58
3714,group_element_set,euclidean,2030,0.28284271247461906,3.48
3717,group_element_set,euclidean,13813,0.2828427124746191,2.54
3721,group_element_set,euclidean,94,0.28284271247461895,1.94
3725,group_element_set,euclidean,70,0.28284271247461895,2.88
3734,group_element_set,euclidean,1145,0.282842712474619,1.22
3741,group_element_set,euclidean,53,0.28284271247461895,1.48
3742,group_element_set,euclidean,81,0.28284271247461895,2.3
3750,group_element_set,euclidean,60,0.28284271247461895,2.88
3756,group_element_set,euclidean,1262,0.28284271247461906,2.14
3768,group_element_set,euclidean,269,0.28284271247461895,1.14
3770,group_element_set,euclidean,341,0.28284271247461906,0.74
3800,group_element_set,euclidean,1149,0.28284271247461906,0.82
3822,group_element_set,euclidean,6,0.28284271247461895,2.2
3823,group_element_set,euclidean,83,0.28284271247461895,1.7
3837,group_element_set,euclidean,6,0.28284271247461895,0.78
3839,group_element_set,euclidean,89,0.28284271247461895,0.94
3856,group_element_set,euclidean,7,0.28284271247461895,1.34
3865,group_element_set,euclidean,75,0.28284271247461895,1.94
3892,group_element_set,euclidean,34,0.28284271247461895,1.12
3904,group_element_set,euclidean,114,0.28284271247461895,1.2
3914,group_element_set,euclidean,6,0.28284271247461895,0.48
3923,group_element_set,euclidean,33,0.28284271247461895,2.4
3927,group_element_set,euclidean,1044,0.28284271247461906,1.3
3948,group_element_set,euclidean,81,0.2828427124746191,1.78
3961,group_element_set,euclidean,365,0.28284271247461906,-0.1
3962,group_element_set,euclidean,81,0.28284271247461895,1.72
3984,group_element_set,euclidean,1023,0.282842712474619,1.2
3995,group_element_set,euclidean,160,0.28284271247461895,1.36
4000,group_element_set,euclidean,118,0.28284271247461895,1.2
4005,group_element_set,euclidean,75,0.28284271247461895,1.62
4021,group_element_set,euclidean,3,0.28284271247461895,1.32
4043,group_element_set,euclidean,64,0.28284271247461895,2.9
4044,group_element_set,euclidean,75,0.28284271247461906,0.8
4050,group_element_set,euclidean,11,0.28284271247461895,2.0
4057,group_element_set,euclidean,1275,0.282842712474619,1.52
4073,group_element_set,euclidean,5495,0.2828427124746191,1.98
4074,group_element_set,euclidean,6,0.28284271247461895,0.6
4075,group_element_set,euclidean,120,0.28284271247461895,1.62
4083,group_element_set,euclidean,25,0.28284271247461895,0.98
4106,group_element_set,euclidean,3,0.28284271247461895,1.44
4135,group_element_set,euclidean,1943,0.282842712474619,1.04
4144,group_element_set,euclidean,7,0.28284271247461895,0.98
4202,group_element_set,euclidean,104,0.28284271247461895,1.22
4211,group_element_set,euclidean,4521,0.282842712474619,1.18
4221,group_element_set,euclidean,213,0.28284271247461895,0.94
4227,group_element_set,euclidean,3169,0.2828427124746191,3.98
4238,group_element_set,euclidean,3,0.28284271247461895,1.04
4244,group_element_set,euclidean,64,0.28284271247461895,0.24
4255,group_element_set,euclidean,341,0.28284271247461906,1.16
4256,group_element_set,euclidean,56,0.28284271247461895,1.64
4257,group_element_set,euclidean,1688,0.28284271247461906,1.34
4277,group_element_set,euclidean,333,0.28284271247461895,2.26
4281,group_element_set,euclidean,56,0.28284271247461895,2.34
4284,group_element_set,euclidean,2179,0.282842712474619,0.7
4289,group_element_set,euclidean,175,0.28284271247461895,3.66
4346,group_element_set,euclidean,2859,0.2828427124746191,2.1
4349,group_element_set,euclidean,55,0.28284271247461895,1.4
4352,group_element_set,euclidean,635,0.2828427124746191,1.8
4376,group_element_set,euclidean,317,0.2828427124746191,2.62
4412,group_element_set,euclidean,1044,0.28284271247461906,0.18
4429,group_element_set,euclidean,1262,0.28284271247461906,2.0
4438,group_element_set,euclidean,143,0.28284271247461895,3.22
4440,group_element_set,euclidean,1943,0.282842712474619,1.18
4444,group_element_set,euclidean,93,0.28284271247461895,1.42
4445,group_element_set,euclidean,708,0.2828427124746191,0.48
4458,group_element_set,euclidean,33,0.28284271247461895,1.36
4467,group_element_set,euclidean,650,0.28284271247461906,3.02
4472,group_element_set,euclidean,203,0.28284271247461895,2.24
4482,group_element_set,euclidean,70,0.28284271247461895,1.1
4491,group_element_set,euclidean,75,0.2828427124746191,1.02
4504,group_element_set,euclidean,3230,0.282842712474619,1.62
4512,group_element_set,euclidean,49,0.28284271247461895,1.34
4520,group_element_set,euclidean,186,0.28284271247461895,1.52
4522,group_element_set,euclidean,95,0.28284271247461895,1.38
4526,group_element_set,euclidean,60,0.2828427124746191,1.84
4535,group_element_set,euclidean,75,0.28284271247461906,0.74
4545,group_element_set,euclidean,133,0.28284271247461895,0.8
4547,group_element_set,euclidean,4,0.28284271247461895,0.44
4551,group_element_set,euclidean,123,0.28284271247461895,1.32
4555,group_element_set,euclidean,10,0.28284271247461895,0.94
4569,group_element_set,euclidean,108,0.28284271247461895,1.64
4573,group_element_set,euclidean,1863,0.282842712474619,1.04
4574,group_element_set,euclidean,88,0.28284271247461906,0.38
4581,group_element_set,euclidean,114,0.28284271247461895,1.96
4615,group_element_set,euclidean,76,0.28284271247461895,2.3
4631,group_element_set,euclidean,1943,0.282842712474619,1.74
4632,group_element_set,euclidean,118,0.28284271247461895,0.84
4642,group_element_set,euclidean,201,0.28284271247461895,0.84
4671,group_element_set,euclidean,54,0.28284271247461895,1.02
4673,group_element_set,euclidean,95,0.28284271247461895,4.34
4676,group_element_set,euclidean,51,0.28284271247461895,0.68
4677,group_element_set,euclidean,34,0.28284271247461895,1.42
4684,group_element_set,euclidean,11,0.28284271247461895,1.08
4720,group_element_set,euclidean,143,0.28284271247461895,3.54
4724,group_element_set,euclidean,722,0.28284271247461906,1.8
4730,group_element_set,euclidean,88,0.28284271247461906,1.54
4744,group_element_set,euclidean,4,0.28284271247461895,1.96
4753,group_element_set,euclidean,55,0.28284271247461895,1.2
4754,group_element_set,euclidean,152,0.28284271247461895,1.36
4769,group_element_set,euclidean,107,0.28284271247461895,1.42
4781,group_element_set,euclidean,549,0.2828427124746191,0.86
4795,group_element_set,euclidean,11,0.28284271247461895,1.06
4802,group_element_set,euclidean,10,0.28284271247461895,1.56
4806,group_element_set,euclidean,2,0.28284271247461895,1.52
4812,group_element_set,euclidean,4,0.28284271247461895,0.6
4814,group_element_set,euclidean,107,0.28284271247461895,1.66
4828,group_element_set,euclidean,88,0.28284271247461906,1.78
4830,group_element_set,euclidean,317,0.2828427124746191,2.1
4873,group_element_set,euclidean,653,0.28284271247461906,2.58
4877,group_element_set,euclidean,9764,0.282842712474619,2.32
4894,group_element_set,euclidean,2419,0.28284271247461906,1.18
4899,group_element_set,euclidean,4,0.28284271247461895,1.08
4901,group_element_set,euclidean,1108,0.28284271247461906,0.96
4903,group_element_set,euclidean,554,0.282842712474619,1.58
4908,group_element_set,euclidean,25,0.28284271247461895,1.02
4919,group_element_set,euclidean,175,0.2828427124746191,3.86
4932,group_element_set,euclidean,164,0.28284271247461895,2.0
4937,group_element_set,euclidean,389,0.28284271247461895,1.7
4941,group_element_set,euclidean,186,0.28284271247461895,1.68
4945,group_element_set,euclidean,41,0.28284271247461895,3.12
4947,group_element_set,euclidean,122,0.28284271247461895,1.24
4965,group_element_set,euclidean,15789,0.2828427124746191,1.22
4982,group_element_set,euclidean,173,0.28284271247461895,0.58
4983,group_element_set,euclidean,317,0.2828427124746191,2.7
4997,group_element_set,euclidean,5359,0.282842712474619,1.28
5001,group_element_set,euclidean,405,0.282842712474619,1.42
5010,group_element_set,euclidean,1108,0.28284271247461906,2.52
5012,group_element_set,euclidean,3915,0.2828427124746191,1.58
5025,group_element_set,euclidean,573,0.2828427124746191,1.04
5041,group_element_set,euclidean,389,0.28284271247461895,1.8
5043,group_element_set,euclidean,427,0.28284271247461906,1.08
5057,group_element_set,euclidean,2435,0.282842712474619,1.44
5058,group_element_set,euclidean,89,0.2828427124746191,0.7
5064,group_element_set,euclidean,1230,0.282842712474619,1.28
5096,group_element_set,euclidean,341,0.28284271247461906,4.36
5097,group_element_set,euclidean,650,0.28284271247461906,2.5
5101,group_element_set,euclidean,74,0.28284271247461895,3.74
5108,group_element_set,euclidean,4838,0.282842712474619,1.22
5152,group_element_set,euclidean,57,0.28284271247461895,2.76
5156,group_element_set,euclidean,166,0.28284271247461895,1.4
5167,group_element_set,euclidean,106,0.28284271247461895,0.56
5176,group_element_set,euclidean,1275,0.282842712474619,1.46
5182,group_element_set,euclidean,1857,0.2828427124746191,2.68
5184,group_element_set,euclidean,32,0.28284271247461895,1.18
5197,group_element_set,euclidean,88,0.28284271247461895,1.74
5208,group_element_set,euclidean,57,0.28284271247461906,1.14
5213,group_element_set,euclidean,144,0.28284271247461895,2.1
5216,group_element_set,euclidean,237,0.28284271247461895,2.08
5218,group_element_set,euclidean,568,0.28284271247461906,0.62
5219,group_element_set,euclidean,3969,0.2828427124746191,2.18
5258,group_element_set,euclidean,58,0.28284271247461895,0.86
5268,group_element_set,euclidean,2484,0.282842712474619,1.58
5275,group_element_set,euclidean,74,0.28284271247461895,0.46
5279,group_element_set,euclidean,84,0.28284271247461895,2.48
5282,group_element_set,euclidean,1943,0.282842712474619,2.06
5288,group_element_set,euclidean,143,0.28284271247461895,2.68
5295,group_element_set,euclidean,98,0.28284271247461895,1.04
5298,group_element_set,euclidean,635,0.28284271247461906,1.5
5331,group_element_set,euclidean,25,0.28284271247461895,1.56
5335,group_element_set,euclidean,330,0.282842712474619,0.62
5339,group_element_set,euclidean,144,0.28284271247461895,2.64
5348,group_element_set,euclidean,535,0.282842712474619,1.68
5350,group_element_set,euclidean,41,0.28284271247461895,0.42
5356,group_element_set,euclidean,107,0.28284271247461895,1.84
5372,group_element_set,euclidean,1498,0.28284271247461906,2.42
5389,group_element_set,euclidean,15,0.28284271247461895,0.96
5393,group_element_set,euclidean,722,0.28284271247461906,3.0
5403,group_element_set,euclidean,32,0.28284271247461895,1.9
5409,group_element_set,euclidean,1275,0.282842712474619,0.66
5412,group_element_set,euclidean,92,0.28284271247461895,0.72
5415,group_element_set,euclidean,1618,0.2828427124746191,2.38
5455,group_element_set,euclidean,89,0.282842712474619,1.04
5481,group_element_set,euclidean,1049,0.282842712474619,1.56
5491,group_element_set,euclidean,25,0.28284271247461895,1.12
5492,group_element_set,euclidean,127,0.28284271247461895,1.88
5493,group_element_set,euclidean,107,0.28284271247461895,1.46
5497,group_element_set,euclidean,1241,0.282842712474619,0.9
5503,group_element_set,euclidean,982,0.28284271247461906,1.48
5509,group_element_set,euclidean,151,0.28284271247461895,1.22
5512,group_element_set,euclidean,2411,0.28284271247461906,1.18
5514,group_element_set,euclidean,70,0.28284271247461895,1.48
5535,group_element_set,euclidean,93,0.28284271247461895,1.34
5574,group_element_set,euclidean,150,0.2828427124746191,1.62
5599,group_element_set,euclidean,251,0.28284271247461895,1.32
5602,group_element_set,euclidean,64,0.28284271247461895,0.68
5616,group_element_set,euclidean,209,0.28284271247461895,1.02
5617,group_element_set,euclidean,2328,0.28284271247461906,0.92
5635,group_element_set,euclidean,635,0.28284271247461906,1.08
5669,group_element_set,euclidean,86,0.28284271247461895,2.6
5680,group_element_set,euclidean,1044,0.28284271247461895,0.34
5688,group_element_set,euclidean,341,0.28284271247461906,1.4
5706,group_element_set,euclidean,5422,0.282842712474619,0.74
5727,group_element_set,euclidean,21,0.28284271247461906,0.3
5729,group_element_set,euclidean,1044,0.28284271247461906,1.08
5748,group_element_set,euclidean,160,0.28284271247461895,1.12
5757,group_element_set,euclidean,3136,0.282842712474619,1.38
5769,group_element_set,euclidean,78,0.28284271247461895,0.94
5822,group_element_set,euclidean,4,0.28284271247461895,1.02
5839,group_element_set,euclidean,58,0.28284271247461895,0.88
5842,group_element_set,euclidean,81,0.28284271247461895,2.62
5857,group_element_set,euclidean,219,0.28284271247461895,1.44
5868,group_element_set,euclidean,7184,0.2828427124746191,2.3
5883,group_element_set,euclidean,1044,0.28284271247461906,1.5
5905,group_element_set,euclidean,76,0.28284271247461895,1.3
5906,group_element_set,euclidean,214,0.28284271247461895,3.06
5909,group_element_set,euclidean,3755,0.2828427124746191,1.16
5910,group_element_set,euclidean,323,0.2828427124746191,0.3
5930,group_element_set,euclidean,5340,0.2828427124746191,2.4
5939,group_element_set,euclidean,94,0.28284271247461895,1.06
5950,group_element_set,euclidean,1173,0.28284271247461906,0.4
5960,group_element_set,euclidean,33,0.28284271247461895,0.32
5996,group_element_set,euclidean,5306,0.282842712474619,0.5
6002,group_element_set,euclidean,88,0.28284271247461906,0.68
6009,group_element_set,euclidean,257,0.28284271247461895,1.72
6015,group_element_set,euclidean,635,0.2828427124746191,2.98
6021,group_element_set,euclidean,269,0.28284271247461895,0.68
6052,group_element_set,euclidean,164,0.28284271247461895,1.52
6056,group_element_set,euclidean,107,0.28284271247461895,1.8
6057,group_element_set,euclidean,152,0.28284271247461895,2.42
6062,group_element_set,euclidean,653,0.28284271247461906,1.96
6065,group_element_set,euclidean,498,0.28284271247461895,1.42
6081,group_element_set,euclidean,234,0.28284271247461895,1.18
6092,group_element_set,euclidean,74,0.28284271247461895,0.54
6103,group_element_set,euclidean,33,0.28284271247461895,1.46
6106,group_element_set,euclidean,1498,0.2828427124746191,1.1
6114,group_element_set,euclidean,33,0.28284271247461895,1.94
6121,group_element_set,euclidean,1692,0.2828427124746191,0.86
6123,group_element_set,euclidean,108,0.28284271247461895,1.58
6137,group_element_set,euclidean,333,0.28284271247461895,0.62
6142,group_element_set,euclidean,64,0.28284271247461895,0.68
6156,group_element_set,euclidean,1044,0.28284271247461895,0.7
6164,group_element_set,euclidean,209,0.28284271247461895,1.12
6167,group_element_set,euclidean,1606,0.282842712474619,1.5
6177,group_element_set,euclidean,70,0.28284271247461895,2.68
6189,group_element_set,euclidean,88,0.28284271247461906,1.02
6192,group_element_set,euclidean,62,0.28284271247461895,0.54
6220,group_element_set,euclidean,157,0.282842712474619,1.14
6234,group_element_set,euclidean,133,0.28284271247461895,1.38
6268,group_element_set,euclidean,14550,0.282842712474619,0.82
6281,group_element_set,euclidean,21,0.28284271247461895,0.76
6285,group_element_set,euclidean,21,0.28284271247461895,0.8
6293,group_element_set,euclidean,257,0.28284271247461895,1.36
6294,group_element_set,euclidean,1044,0.28284271247461906,0.74
6295,group_element_set,euclidean,7,0.28284271247461895,1.78
6314,group_element_set,euclidean,107,0.28284271247461895,1.12
6324,group_element_set,euclidean,65,0.282842712474619,2.0
6343,group_element_set,euclidean,143,0.28284271247461895,1.82
6352,group_element_set,euclidean,10072,0.282842712474619,1.08
6354,group_element_set,euclidean,120,0.28284271247461895,2.1
6357,group_element_set,euclidean,55,0.2828427124746191,1.46
6358,group_element_set,euclidean,201,0.28284271247461895,1.08
6403,group_element_set,euclidean,160,0.28284271247461895,1.6
6407,group_element_set,euclidean,53,0.28284271247461895,2.7
6415,group_element_set,euclidean,62,0.28284271247461895,1.76
6420,group_element_set,euclidean,464,0.282842712474619,1.16
6421,group_element_set,euclidean,150,0.28284271247461895,1.64
6432,group_element_set,euclidean,1688,0.28284271247461906,0.8
6444,group_element_set,euclidean,86,0.28284271247461895,0.48
6448,group_element_set,euclidean,144,0.2828427124746191,2.88
6451,group_element_set,euclidean,15,0.28284271247461895,1.3
6453,group_element_set,euclidean,333,0.28284271247461895,1.0
6466,group_element_set,euclidean,1692,0.2828427124746191,0.36
6471,group_element_set,euclidean,5359,0.282842712474619,1.44
6472,group_element_set,euclidean,108,0.28284271247461895,0.62
6476,group_element_set,euclidean,56,0.28284271247461895,1.72
6480,group_element_set,euclidean,144,0.28284271247461895,1.38
6483,group_element_set,euclidean,75,0.28284271247461895,1.58
6488,group_element_set,euclidean,2,0.28284271247461895,1.44
6493,group_element_set,euclidean,6262,0.282842712474619,1.98
6497,group_element_set,euclidean,5804,0.282842712474619,1.9
6506,group_element_set,euclidean,34,0.28284271247461895,0.62
6508,group_element_set,euclidean,25,0.28284271247461895,0.78
6511,group_element_set,euclidean,86,0.28284271247461895,0.84
6512,group_element_set,euclidean,88,0.28284271247461906,1.72
6514,group_element_set,euclidean,127,0.28284271247461895,0.62
6516,group_element_set,euclidean,148,0.2828427124746191,2.78
6541,group_element_set,euclidean,2101,0.2828427124746191,2.48
6586,group_element_set,euclidean,653,0.28284271247461906,0.56
6590,group_element_set,euclidean,57,0.28284271247461895,0.22
6630,group_element_set,euclidean,234,0.28284271247461895,1.66
6631,group_element_set,euclidean,1044,0.28284271247461906,0.88
6646,group_element_set,euclidean,151,0.28284271247461895,0.96
6647,group_element_set,euclidean,7,0.28284271247461895,1.48
6665,group_element_set,euclidean,722,0.28284271247461906,2.22
6680,group_element_set,euclidean,821,0.282842712474619,1.66
6708,group_element_set,euclidean,95,0.28284271247461895,1.2
6734,group_element_set,euclidean,439,0.28284271247461895,2.22
6741,group_element_set,euclidean,15,0.28284271247461895,1.78
6746,group_element_set,euclidean,70,0.28284271247461895,0.66
6750,group_element_set,euclidean,422,0.28284271247461895,2.52
6753,group_element_set,euclidean,326,0.28284271247461895,1.3
6761,group_element_set,euclidean,144,0.28284271247461895,1.5
6769,group_element_set,euclidean,7102,0.282842712474619,2.16
6810,group_element_set,euclidean,84,0.28284271247461895,2.5
6824,group_element_set,euclidean,163,0.28284271247461895,1.22
6826,group_element_set,euclidean,186,0.282842712474619,0.38
6829,group_element_set,euclidean,148,0.2828427124746191,1.42
6836,group_element_set,euclidean,4,0.28284271247461895,0.36
6842,group_element_set,euclidean,1625,0.2828427124746191,1.88
6846,group_element_set,euclidean,70,0.28284271247461895,0.56
6850,group_element_set,euclidean,76,0.28284271247461895,0.66
6871,group_element_set,euclidean,108,0.28284271247461895,1.94
6884,group_element_set,euclidean,34,0.28284271247461895,0.96
6913,group_element_set,euclidean,7,0.28284271247461895,1.5
6925,group_element_set,euclidean,317,0.28284271247461906,2.38
6940,group_element_set,euclidean,5826,0.282842712474619,3.4
6955,group_element_set,euclidean,234,0.28284271247461895,0.92
6975,group_element_set,euclidean,6262,0.282842712474619,1.38
6987,group_element_set,euclidean,133,0.28284271247461895,1.22
7010,group_element_set,euclidean,7,0.28284271247461895,1.48
7017,group_element_set,euclidean,1230,0.282842712474619,0.92
7027,group_element_set,euclidean,58,0.28284271247461895,0.66
7035,group_element_set,euclidean,3969,0.2828427124746191,2.26
7058,group_element_set,euclidean,325,0.28284271247461895,2.1
7061,group_element_set,euclidean,1863,0.282842712474619,0.7
7065,group_element_set,euclidean,144,0.28284271247461895,1.78
7067,group_element_set,euclidean,2,0.28284271247461895,1.16
7069,group_element_set,euclidean,143,0.28284271247461895,2.08
7073,group_element_set,euclidean,114,0.28284271247461895,2.4
7074,group_element_set,euclidean,1868,0.28284271247461906,0.76
7088,group_element_set,euclidean,106,0.28284271247461895,0.94
7128,group_element_set,euclidean,135,0.2828427124746191,0.46
7166,group_element_set,euclidean,1172,0.282842712474619,1.14
7178,group_element_set,euclidean,6186,0.282842712474619,1.5
7193,group_element_set,euclidean,234,0.28284271247461895,2.14
7194,group_element_set,euclidean,15789,0.2828427124746191,1.44
7209,group_element_set,euclidean,1230,0.282842712474619,2.06
7218,group_element_set,euclidean,95,0.28284271247461895,0.78
7221,group_element_set,euclidean,186,0.28284271247461895,0.0
7234,group_element_set,euclidean,234,0.28284271247461895,1.36
7255,group_element_set,euclidean,3169,0.2828427124746191,3.12
7256,group_element_set,euclidean,225,0.28284271247461895,0.46
7257,group_element_set,euclidean,148,0.2828427124746191,0.16
7264,group_element_set,euclidean,8853,0.2828427124746191,1.7
7265,group_element_set,euclidean,1943,0.282842712474619,2.1
7281,group_element_set,euclidean,1625,0.2828427124746191,1.08
7282,group_element_set,euclidean,130,0.28284271247461895,0.76
7285,group_element_set,euclidean,1688,0.2828427124746191,0.84
7293,group_element_set,euclidean,6771,0.282842712474619,1.0
7297,group_element_set,euclidean,5002,0.282842712474619,2.26
7303,group_element_set,euclidean,53,0.2828427124746191,2.3
7320,group_element_set,euclidean,86,0.28284271247461895,0.94
7334,group_element_set,euclidean,77,0.28284271247461895,1.2
7342,group_element_set,euclidean,70,0.28284271247461895,2.34
7346,group_element_set,euclidean,1275,0.282842712474619,2.84
7347,group_element_set,euclidean,20,0.28284271247461895,1.78
7349,group_element_set,euclidean,64,0.2828427124746191,1.4
7359,group_element_set,euclidean,60,0.28284271247461895,1.84
7365,group_element_set,euclidean,7,0.28284271247461895,1.26
7375,group_element_set,euclidean,1327,0.28284271247461906,1.96
7396,group_element_set,euclidean,2939,0.28284271247461906,1.82
7405,group_element_set,euclidean,19,0.28284271247461906,1.6
7410,group_element_set,euclidean,108,0.28284271247461895,1.76
7415,group_element_set,euclidean,3493,0.28284271247461906,-0.24
7425,group_element_set,euclidean,58,0.28284271247461895,0.26
7456,group_element_set,euclidean,1609,0.282842712474619,1.86
7458,group_element_set,euclidean,77,0.28284271247461895,1.38
7469,group_element_set,euclidean,11,0.28284271247461895,1.98
7482,group_element_set,euclidean,107,0.28284271247461895,1.14
7500,group_element_set,euclidean,1498,0.28284271247461906,1.36
7516,group_element_set,euclidean,8474,0.2828427124746191,1.44
7543,group_element_set,euclidean,64,0.28284271247461895,1.7
7547,group_element_set,euclidean,75,0.28284271247461895,1.52
7549,group_element_set,euclidean,163,0.28284271247461895,1.5
7560,group_element_set,euclidean,13813,0.2828427124746191,2.36
7570,group_element_set,euclidean,209,0.28284271247461895,0.34
7571,group_element_set,euclidean,51,0.28284271247461895,1.44
7591,group_element_set,euclidean,237,0.28284271247461895,1.54
7598,group_element_set,euclidean,34,0.28284271247461895,1.0
7603,group_element_set,euclidean,56,0.28284271247461895,1.82
7608,group_element_set,euclidean,1355,0.2828427124746191,1.44
7617,group_element_set,euclidean,7102,0.282842712474619,1.18
7621,group_element_set,euclidean,107,0.28284271247461895,1.5
7643,group_element_set,euclidean,549,0.2828427124746191,1.02
7652,group_element_set,euclidean,151,0.28284271247461895,1.48
7664,group_element_set,euclidean,5728,0.282842712474619,1.54
7670,group_element_set,euclidean,51,0.28284271247461895,1.54
7679,group_element_set,euclidean,139,0.28284271247461895,3.62
7690,group_element_set,euclidean,888,0.28284271247461906,1.7
7725,group_element_set,euclidean,143,0.2828427124746191,1.12
7728,group_element_set,euclidean,219,0.28284271247461895,1.34
7729,group_element_set,euclidean,3169,0.2828427124746191,1.48
7737,group_element_set,euclidean,464,0.282842712474619,0.84
7745,group_element_set,euclidean,821,0.282842712474619,1.5
7747,group_element_set,euclidean,143,0.28284271247461895,1.2
7752,group_element_set,euclidean,75,0.28284271247461895,1.68
7773,group_element_set,euclidean,21,0.28284271247461895,1.26
7777,group_element_set,euclidean,74,0.28284271247461895,1.28
7780,group_element_set,euclidean,208,0.28284271247461895,1.64
7791,group_element_set,euclidean,164,0.28284271247461895,1.58
7803,group_element_set,euclidean,49,0.28284271247461895,1.1
7812,group_element_set,euclidean,7184,0.28284271247461906,1.58
7828,group_element_set,euclidean,252,0.28284271247461895,1.84
7830,group_element_set,euclidean,5483,0.282842712474619,1.76
7870,group_element_set,euclidean,70,0.2828427124746191,1.08
7890,group_element_set,euclidean,55,0.28284271247461895,1.38
7891,group_element_set,euclidean,4098,0.28284271247461895,1.98
7894,group_element_set,euclidean,74,0.28284271247461895,2.84
7898,group_element_set,euclidean,310,0.28284271247461895,1.04
7899,group_element_set,euclidean,4098,0.2828427124746191,1.0
7908,group_element_set,euclidean,156,0.28284271247461895,0.8
7924,group_element_set,euclidean,41,0.28284271247461895,0.88
7927,group_element_set,euclidean,11,0.28284271247461895,1.48
7929,group_element_set,euclidean,86,0.28284271247461895,1.34
7941,group_element_set,euclidean,424,0.282842712474619,0.76
7955,group_element_set,euclidean,821,0.282842712474619,1.54
7966,group_element_set,euclidean,56,0.28284271247461895,1.08
7973,group_element_set,euclidean,7709,0.282842712474619,1.8
7982,group_element_set,euclidean,1498,0.28284271247461906,1.72
8022,group_element_set,euclidean,389,0.28284271247461895,3.26
8025,group_element_set,euclidean,635,0.2828427124746191,2.32
8028,group_element_set,euclidean,86,0.28284271247461895,1.32
8035,group_element_set,euclidean,1688,0.2828427124746191,1.54
8060,group_element_set,euclidean,20,0.28284271247461895,1.26
8068,group_element_set,euclidean,6,0.28284271247461895,2.3
8073,group_element_set,euclidean,76,0.28284271247461895,0.94
8074,group_element_set,euclidean,57,0.28284271247461906,0.8
8086,group_element_set,euclidean,156,0.28284271247461895,0.9
8094,group_element_set,euclidean,205,0.28284271247461895,2.98
8108,group_element_set,euclidean,12643,0.282842712474619,1.56
8125,group_element_set,euclidean,74,0.28284271247461895,2.46
8146,group_element_set,euclidean,219,0.28284271247461895,0.5
8148,group_element_set,euclidean,163,0.28284271247461895,1.42
8180,group_element_set,euclidean,297,0.28284271247461895,1.94
8183,group_element_set,euclidean,164,0.2828427124746191,1.84
8187,group_element_set,euclidean,21,0.28284271247461895,1.52
8189,group_element_set,euclidean,75,0.28284271247461895,2.32
8197,group_element_set,euclidean,56,0.28284271247461895,1.48
8207,group_element_set,euclidean,62,0.28284271247461895,0.76
8227,group_element_set,euclidean,6,0.28284271247461895,1.88
8229,group_element_set,euclidean,1625,0.2828427124746191,1.66
8242,group_element_set,euclidean,547,0.282842712474619,1.24
8246,group_element_set,euclidean,70,0.28284271247461895,2.04
8263,group_element_set,euclidean,1742,0.2828427124746191,1.66
8269,group_element_set,euclidean,25,0.28284271247461895,1.3
8276,group_element_set,euclidean,535,0.282842712474619,0.86
8289,group_element_set,euclidean,555,0.2828427124746191,0.86
8296,group_element_set,euclidean,722,0.28284271247461906,2.66
8299,group_element_set,euclidean,104,0.28284271247461895,1.7
8313,group_element_set,euclidean,214,0.282842712474619,4.04
8329,group_element_set,euclidean,341,0.28284271247461906,1.46
8335,group_element_set,euclidean,1275,0.282842712474619,1.94
8343,group_element_set,euclidean,219,0.28284271247461895,0.7
8345,group_element_set,euclidean,7184,0.2828427124746191,0.52
8350,group_element_set,euclidean,62,0.28284271247461895,2.2
8359,group_element_set,euclidean,101,0.2828427124746191,1.88
8367,group_element_set,euclidean,41,0.28284271247461895,0.62
8377,group_element_set,euclidean,88,0.28284271247461906,0.66
8387,group_element_set,euclidean,20,0.28284271247461895,1.42
8402,group_element_set,euclidean,64,0.28284271247461895,0.96
8409,group_element_set,euclidean,217,0.28284271247461895,1.32
8414,group_element_set,euclidean,88,0.28284271247461895,1.38
8422,group_element_set,euclidean,95,0.282842712474619,1.0
8446,group_element_set,euclidean,3969,0.2828427124746191,2.52
8455,group_element_set,euclidean,1863,0.282842712474619,0.7
8457,group_element_set,euclidean,88,0.28284271247461906,0.56
8458,group_element_set,euclidean,122,0.28284271247461895,1.32
8464,group_element_set,euclidean,56,0.28284271247461895,2.94
8487,group_element_set,euclidean,20,0.28284271247461895,0.52
8508,group_element_set,euclidean,3,0.28284271247461895,0.76
8511,group_element_set,euclidean,217,0.28284271247461895,1.3
8517,group_element_set,euclidean,98,0.28284271247461895,1.54
8537,group_element_set,euclidean,365,0.28284271247461895,2.18
8538,group_element_set,euclidean,121,0.282842712474619,1.38
8568,group_element_set,euclidean,395,0.282842712474619,1.86
8586,group_element_set,euclidean,10469,0.2828427124746191,1.82
8608,group_element_set,euclidean,86,0.28284271247461895,1.16
8610,group_element_set,euclidean,38,0.28284271247461895,0.54
8615,group_element_set,euclidean,70,0.28284271247461895,0.34
8618,group_element_set,euclidean,1889,0.2828427124746191,1.98
8620,group_element_set,euclidean,164,0.2828427124746191,1.84
8634,group_element_set,euclidean,84,0.28284271247461895,1.68
8636,group_element_set,euclidean,166,0.28284271247461895,1.32
8663,group_element_set,euclidean,535,0.282842712474619,1.76
8678,group_element_set,euclidean,11,0.28284271247461895,1.92
8682,group_element_set,euclidean,6,0.28284271247461895,0.92
8683,group_element_set,euclidean,25,0.28284271247461895,0.36
8695,group_element_set,euclidean,70,0.28284271247461895,0.86
8697,group_element_set,euclidean,350,0.28284271247461895,1.38
8708,group_element_set,euclidean,107,0.28284271247461895,1.3
8712,group_element_set,euclidean,821,0.282842712474619,1.32
8713,group_element_set,euclidean,64,0.28284271247461895,0.1
8718,group_element_set,euclidean,1625,0.2828427124746191,1.14
8720,group_element_set,euclidean,198,0.28284271247461895,1.48
8723,group_element_set,euclidean,98,0.28284271247461895,0.9
8738,group_element_set,euclidean,5340,0.2828427124746191,0.82
8744,group_element_set,euclidean,9,0.28284271247461895,0.76
8746,group_element_set,euclidean,21,0.28284271247461895,0.22
8768,group_element_set,euclidean,506,0.28284271247461895,1.76
8779,group_element_set,euclidean,11,0.28284271247461895,3.88
8782,group_element_set,euclidean,11,0.28284271247461895,2.46
8783,group_element_set,euclidean,628,0.282842712474619,2.8
8785,group_element_set,euclidean,2859,0.2828427124746191,1.56
8797,group_element_set,euclidean,173,0.28284271247461895,0.12
8814,group_element_set,euclidean,139,0.28284271247461895,2.56
8843,group_element_set,euclidean,57,0.28284271247461895,1.52
8868,group_element_set,euclidean,164,0.28284271247461895,1.18
8878,group_element_set,euclidean,20,0.28284271247461895,1.72
8916,group_element_set,euclidean,257,0.28284271247461895,1.22
8923,group_element_set,euclidean,341,0.28284271247461906,1.42
8925,group_element_set,euclidean,9,0.28284271247461895,3.94
8927,group_element_set,euclidean,177,0.28284271247461895,1.34
8948,group_element_set,euclidean,104,0.28284271247461895,1.26
8953,group_element_set,euclidean,200,0.28284271247461895,1.66
8973,group_element_set,euclidean,1889,0.28284271247461906,1.3
8984,group_element_set,euclidean,121,0.28284271247461895,1.12
8986,group_element_set,euclidean,70,0.28284271247461895,1.02
8992,group_element_set,euclidean,144,0.2828427124746191,1.48
9003,group_element_set,euclidean,143,0.2828427124746191,2.14
9012,group_element_set,euclidean,164,0.28284271247461895,1.38
9013,group_element_set,euclidean,54,0.28284271247461895,0.88
9032,group_element_set,euclidean,94,0.28284271247461895,1.72
9038,group_element_set,euclidean,214,0.28284271247461895,1.9
9045,group_element_set,euclidean,152,0.28284271247461895,1.28
9049,group_element_set,euclidean,1688,0.28284271247461906,0.78
9062,group_element_set,euclidean,95,0.28284271247461895,1.14
9065,group_element_set,euclidean,5700,0.282842712474619,2.76
9080,group_element_set,euclidean,217,0.28284271247461895,1.34
9096,group_element_set,euclidean,118,0.28284271247461895,1.1
9100,group_element_set,euclidean,310,0.28284271247461895,2.8
9105,group_element_set,euclidean,19,0.28284271247461906,1.2
9113,group_element_set,euclidean,1080,0.282842712474619,1.38
9115,group_element_set,euclidean,3493,0.28284271247461906,0.54
9124,group_element_set,euclidean,143,0.28284271247461895,0.72
9129,group_element_set,euclidean,164,0.28284271247461895,3.7
9139,group_element_set,euclidean,2869,0.28284271247461906,1.0
9154,group_element_set,euclidean,104,0.28284271247461895,1.78
9191,group_element_set,euclidean,64,0.28284271247461895,1.64
9196,group_element_set,euclidean,83,0.28284271247461895,1.72
9207,group_element_set,euclidean,20,0.28284271247461895,3.52
9212,group_element_set,euclidean,2259,0.28284271247461895,1.36
9221,group_element_set,euclidean,2515,0.2828427124746191,0.92
9238,group_element_set,euclidean,219,0.28284271247461895,1.22
9240,group_element_set,euclidean,2,0.28284271247461895,1.84
9242,group_element_set,euclidean,1857,0.2828427124746191,4.08
9254,group_element_set,euclidean,219,0.28284271247461895,2.2
9277,group_element_set,euclidean,186,0.28284271247461895,0.42
9283,group_element_set,euclidean,2419,0.28284271247461906,0.14
9285,group_element_set,euclidean,120,0.2828427124746191,2.48
9294,group_element_set,euclidean,81,0.28284271247461906,1.84
9296,group_element_set,euclidean,6,0.28284271247461895,1.58
9307,group_element_set,euclidean,635,0.2828427124746191,0.7
9312,group_element_set,euclidean,213,0.28284271247461895,2.3
9322,group_element_set,euclidean,32,0.28284271247461895,2.1
9340,group_element_set,euclidean,14550,0.282842712474619,2.3
9341,group_element_set,euclidean,20,0.28284271247461895,1.8
9351,group_element_set,euclidean,151,0.28284271247461895,1.12
9352,group_element_set,euclidean,4098,0.2828427124746191,2.14
9353,group_element_set,euclidean,10567,0.282842712474619,3.02
9356,group_element_set,euclidean,32,0.28284271247461895,1.12
9357,group_element_set,euclidean,9597,0.282842712474619,0.82
9376,group_element_set,euclidean,62,0.28284271247461895,1.98
9377,group_element_set,euclidean,94,0.28284271247461895,2.26
9396,group_element_set,euclidean,120,0.28284271247461895,0.82
9397,group_element_set,euclidean,9613,0.2828427124746191,4.24
9422,group_element_set,euclidean,3,0.28284271247461895,1.7
9425,group_element_set,euclidean,722,0.28284271247461906,2.4
9432,group_element_set,euclidean,568,0.28284271247461906,0.68
9438,group_element_set,euclidean,62,0.28284271247461895,2.58
9439,group_element_set,euclidean,89,0.28284271247461895,0.92
9440,group_element_set,euclidean,94,0.28284271247461895,1.22
9465,group_element_set,euclidean,1262,0.28284271247461906,1.72
9480,group_element_set,euclidean,64,0.28284271247461895,2.14
9481,group_element_set,euclidean,11,0.28284271247461895,2.92
9506,group_element_set,euclidean,203,0.28284271247461895,1.52
9508,group_element_set,euclidean,2,0.28284271247461895,2.16
9519,group_element_set,euclidean,205,0.28284271247461895,1.58
9520,group_element_set,euclidean,1868,0.28284271247461906,1.28
9522,group_element_set,euclidean,740,0.282842712474619,2.18
9529,group_element_set,euclidean,369,0.2828427124746191,0.68
9535,group_element_set,euclidean,1606,0.2828427124746191,1.78
9536,group_element_set,euclidean,118,0.28284271247461895,1.16
9538,group_element_set,euclidean,763,0.282842712474619,0.56
9561,group_element_set,euclidean,56,0.28284271247461895,1.7
9572,group_element_set,euclidean,4,0.28284271247461895,1.28
9576,group_element_set,euclidean,234,0.28284271247461895,1.58
9601,group_element_set,euclidean,549,0.2828427124746191,1.4
9602,group_element_set,euclidean,9,0.28284271247461895,1.92
9607,group_element_set,euclidean,21,0.28284271247461895,0.2
9608,group_element_set,euclidean,401,0.28284271247461906,0.12
9610,group_element_set,euclidean,81,0.28284271247461895,0.46
9614,group_element_set,euclidean,840,0.282842712474619,0.38
9615,group_element_set,euclidean,1688,0.2828427124746191,1.86
9623,group_element_set,euclidean,635,0.2828427124746191,1.52
9635,group_element_set,euclidean,859,0.282842712474619,1.94
9638,group_element_set,euclidean,535,0.282842712474619,1.96
9647,group_element_set,euclidean,1044,0.28284271247461895,0.42
9657,group_element_set,euclidean,107,0.28284271247461895,1.64
9694,group_element_set,euclidean,648,0.282842712474619,2.66
9722,group_element_set,euclidean,1262,0.28284271247461906,2.82
9734,group_element_set,euclidean,674,0.282842712474619,1.26
9773,group_element_set,euclidean,130,0.28284271247461895,0.62
9781,group_element_set,euclidean,998,0.282842712474619,2.1
9800,group_element_set,euclidean,104,0.28284271247461895,0.86
9803,group_element_set,euclidean,1049,0.282842712474619,0.64
9808,group_element_set,euclidean,157,0.282842712474619,1.78
9809,group_element_set,euclidean,16154,0.282842712474619,2.34
9812,group_element_set,euclidean,64,0.28284271247461895,0.82
9826,group_element_set,euclidean,1078,0.282842712474619,1.8
9832,group_element_set,euclidean,2869,0.28284271247461906,2.5
9835,group_element_set,euclidean,83,0.28284271247461895,1.64
9837,group_element_set,euclidean,139,0.28284271247461895,1.38
9842,group_element_set,euclidean,15,0.28284271247461895,1.1
9852,group_element_set,euclidean,55,0.28284271247461895,1.72
9861,group_element_set,euclidean,74,0.28284271247461895,1.6
9871,group_element_set,euclidean,7709,0.282842712474619,1.26
9888,group_element_set,euclidean,127,0.28284271247461895,1.22
9903,group_element_set,euclidean,86,0.28284271247461895,1.48
9906,group_element_set,euclidean,11,0.28284271247461895,1.78
9908,group_element_set,euclidean,127,0.28284271247461895,0.66
9912,group_element_set,euclidean,4098,0.2828427124746191,1.46
9933,group_element_set,euclidean,648,0.282842712474619,1.92
9936,group_element_set,euclidean,84,0.28284271247461895,2.74
10000,group_element_set,euclidean,34,0.28284271247461895,1.9
10009,group_element_set,euclidean,34,0.28284271247461895,1.14
10019,group_element_set,euclidean,1044,0.28284271247461906,0.68
10020,group_element_set,euclidean,318,0.282842712474619,0.56
10033,group_element_set,euclidean,21,0.28284271247461895,1.36
10037,group_element_set,euclidean,323,0.2828427124746191,0.7
10057,group_element_set,euclidean,708,0.2828427124746191,0.24
10077,group_element_set,euclidean,237,0.28284271247461895,0.66
10079,group_element_set,euclidean,55,0.28284271247461895,2.1
10084,group_element_set,euclidean,5306,0.282842712474619,1.32
10087,group_element_set,euclidean,2222,0.28284271247461906,2.54
10088,group_element_set,euclidean,121,0.282842712474619,1.8
10095,group_element_set,euclidean,1625,0.2828427124746191,2.16
10096,group_element_set,euclidean,84,0.28284271247461895,1.66
10103,group_element_set,euclidean,15,0.28284271247461895,2.58
10123,group_element_set,euclidean,2274,0.28284271247461906,1.7
10135,group_element_set,euclidean,190,0.282842712474619,1.8
10138,group_element_set,euclidean,107,0.28284271247461895,2.0
10146,group_element_set,euclidean,1688,0.2828427124746191,1.16
10158,group_element_set,euclidean,74,0.28284271247461895,0.64
10160,group_element_set,euclidean,214,0.282842712474619,2.1
10163,group_element_set,euclidean,144,0.28284271247461895,1.86
10169,group_element_set,euclidean,83,0.28284271247461895,2.36
10173,group_element_set,euclidean,166,0.28284271247461895,1.5
10174,group_element_set,euclidean,114,0.28284271247461895,1.9
10191,group_element_set,euclidean,114,0.28284271247461895,2.38
10199,group_element_set,euclidean,104,0.28284271247461895,0.52
10208,group_element_set,euclidean,114,0.28284271247461895,1.14
10211,group_element_set,euclidean,219,0.28284271247461895,0.98
10212,group_element_set,euclidean,2447,0.28284271247461906,2.48
10216,group_element_set,euclidean,104,0.28284271247461895,1.54
10218,group_element_set,euclidean,653,0.28284271247461906,2.34
10258,group_element_set,euclidean,81,0.28284271247461895,1.78
10259,group_element_set,euclidean,62,0.28284271247461895,1.62
10282,group_element_set,euclidean,130,0.28284271247461895,0.62
10284,group_element_set,euclidean,89,0.28284271247461895,1.82
10305,group_element_set,euclidean,175,0.28284271247461895,2.18
10306,group_element_set,euclidean,83,0.282842712474619,0.98
10318,group_element_set,euclidean,151,0.28284271247461895,0.5
10326,group_element_set,euclidean,11963,0.28284271247461906,1.52
10327,group_element_set,euclidean,4,0.28284271247461895,1.44
10331,group_element_set,euclidean,75,0.2828427124746191,1.3
10340,group_element_set,euclidean,10,0.28284271247461895,1.6
10348,group_element_set,euclidean,94,0.28284271247461895,1.88
10350,group_element_set,euclidean,64,0.28284271247461895,1.3
10351,group_element_set,euclidean,164,0.28284271247461895,1.66
10374,group_element_set,euclidean,148,0.2828427124746191,0.92
10377,group_element_set,euclidean,76,0.2828427124746191,1.04
10384,group_element_set,euclidean,127,0.28284271247461895,0.8
10389,group_element_set,euclidean,1044,0.28284271247461906,0.7
10400,group_element_set,euclidean,11,0.28284271247461895,1.6
10420,group_element_set,euclidean,156,0.28284271247461895,1.42
10423,group_element_set,euclidean,441,0.2828427124746191,1.48
10428,group_element_set,euclidean,494,0.282842712474619,3.4
10461,group_element_set,euclidean,164,0.28284271247461895,0.9
10484,group_element_set,euclidean,554,0.282842712474619,0.5
10491,group_element_set,euclidean,547,0.282842712474619,3.32
10505,group_element_set,euclidean,1083,0.2828427124746191,2.26
10514,group_element_set,euclidean,49,0.28284271247461895,1.54
10515,group_element_set,euclidean,535,0.282842712474619,0.84
10543,group_element_set,euclidean,318,0.282842712474619,2.42
10580,group_element_set,euclidean,341,0.28284271247461906,1.3
10591,group_element_set,euclidean,11963,0.28284271247461906,1.52
10594,group_element_set,euclidean,94,0.28284271247461895,0.82
10600,group_element_set,euclidean,33,0.28284271247461895,0.8
10605,group_element_set,euclidean,20,0.28284271247461895,2.26
10610,group_element_set,euclidean,93,0.28284271247461895,1.86
10614,group_element_set,euclidean,406,0.282842712474619,1.3
10618,group_element_set,euclidean,74,0.28284271247461895,3.44
10619,group_element_set,euclidean,395,0.282842712474619,1.16
10627,group_element_set,euclidean,20,0.28284271247461895,1.1
10632,group_element_set,euclidean,257,0.28284271247461895,0.8
10634,group_element_set,euclidean,297,0.28284271247461895,3.68
10639,group_element_set,euclidean,549,0.2828427124746191,-0.16
10644,group_element_set,euclidean,3,0.28284271247461895,2.6
10647,group_element_set,euclidean,549,0.2828427124746191,1.38
10654,group_element_set,euclidean,20,0.28284271247461895,2.0
10659,group_element_set,euclidean,2,0.28284271247461895,1.6
10660,group_element_set,euclidean,62,0.28284271247461895,2.32
10665,group_element_set,euclidean,494,0.28284271247461895,1.6
10666,group_element_set,euclidean,20,0.28284271247461895,0.18
10667,group_element_set,euclidean,98,0.28284271247461895,1.14
10707,group_element_set,euclidean,2119,0.28284271247461906,0.96
10725,group_element_set,euclidean,70,0.28284271247461895,1.2
10729,group_element_set,euclidean,64,0.28284271247461895,2.1
10742,group_element_set,euclidean,252,0.28284271247461895,2.48
10761,group_element_set,euclidean,3969,0.2828427124746191,2.82
10780,group_element_set,euclidean,498,0.28284271247461895,1.98
10823,group_element_set,euclidean,549,0.2828427124746191,1.48
10826,group_element_set,euclidean,62,0.28284271247461895,2.72
10841,group_element_set,euclidean,21,0.28284271247461895,0.9
10846,group_element_set,euclidean,81,0.28284271247461895,1.02
10851,group_element_set,euclidean,7,0.28284271247461895,1.28
10854,group_element_set,euclidean,350,0.28284271247461895,0.3
10866,group_element_set,euclidean,1498,0.28284271247461906,4.18
10868,group_element_set,euclidean,722,0.28284271247461906,2.14
10873,group_element_set,euclidean,234,0.28284271247461895,1.22
10894,group_element_set,euclidean,120,0.28284271247461895,1.58
10902,group_element_set,euclidean,11278,0.282842712474619,2.8
10912,group_element_set,euclidean,173,0.28284271247461895,0.22
10925,group_element_set,euclidean,213,0.28284271247461895,1.56
10926,group_element_set,euclidean,21,0.28284271247461895,0.48
10927,group_element_set,euclidean,4853,0.28284271247461906,0.28
10956,group_element_set,euclidean,75,0.28284271247461906,1.24
10971,group_element_set,euclidean,3276,0.2828427124746191,2.1
10977,group_element_set,euclidean,225,0.28284271247461895,1.2
10983,group_element_set,euclidean,464,0.282842712474619,2.3
10987,group_element_set,euclidean,2046,0.282842712474619,1.42
10991,group_element_set,euclidean,4109,0.28284271247461906,0.44
10996,group_element_set,euclidean,21,0.28284271247461895,0.64
11031,group_element_set,euclidean,1044,0.28284271247461906,0.56
11033,group_element_set,euclidean,2280,0.282842712474619,1.62
11035,group_element_set,euclidean,25,0.28284271247461895,0.94
11037,group_element_set,euclidean,506,0.28284271247461895,1.54
11040,group_element_set,euclidean,4,0.28284271247461895,1.26
11042,group_element_set,euclidean,203,0.28284271247461895,1.04
11044,group_element_set,euclidean,7,0.28284271247461895,1.02
11065,group_element_set,euclidean,3,0.28284271247461895,0.94
11082,group_element_set,euclidean,2348,0.282842712474619,1.22
11095,group_element_set,euclidean,635,0.2828427124746191,0.1
11102,group_element_set,euclidean,198,0.28284271247461895,0.4
11107,group_element_set,euclidean,93,0.28284271247461895,0.48
11109,group_element_set,euclidean,635,0.28284271247461906,1.64
11113,group_element_set,euclidean,20,0.28284271247461895,1.2
11115,group_element_set,euclidean,10741,0.282842712474619,1.14
11148,group_element_set,euclidean,5495,0.2828427124746191,1.36
11163,group_element_set,euclidean,2222,0.28284271247461906,2.8
11190,group_element_set,euclidean,1015,0.28284271247461906,1.64
11196,group_element_set,euclidean,510,0.282842712474619,1.04
11201,group_element_set,euclidean,62,0.28284271247461895,1.54
11212,group_element_set,euclidean,3803,0.2828427124746191,2.6
11227,group_element_set,euclidean,175,0.282842712474619,3.36
11230,group_element_set,euclidean,291,0.28284271247461895,0.12
11231,group_element_set,euclidean,147,0.28284271247461895,1.38
11267,group_element_set,euclidean,12643,0.282842712474619,0.78
11268,group_element_set,euclidean,1115,0.2828427124746191,-0.04
11274,group_element_set,euclidean,156,0.28284271247461895,1.64
11277,group_element_set,euclidean,406,0.282842712474619,1.2
11285,group_element_set,euclidean,74,0.28284271247461895,1.36
11289,group_element_set,euclidean,164,0.28284271247461906,1.94
11301,group_element_set,euclidean,56,0.28284271247461895,1.88
11311,group_element_set,euclidean,317,0.2828427124746191,1.88
11323,group_element_set,euclidean,94,0.28284271247461895,1.5
11326,group_element_set,euclidean,89,0.28284271247461895,1.08
11332,group_element_set,euclidean,550,0.28284271247461895,1.46
11334,group_element_set,euclidean,70,0.28284271247461895,1.74
11342,group_element_set,euclidean,120,0.28284271247461895,2.16
11349,group_element_set,euclidean,60,0.28284271247461895,2.2
11362,group_element_set,euclidean,1262,0.28284271247461906,1.92
11368,group_element_set,euclidean,95,0.28284271247461895,0.76
11385,group_element_set,euclidean,217,0.28284271247461895,1.54
11387,group_element_set,euclidean,21,0.28284271247461895,0.66
11390,group_element_set,euclidean,4,0.28284271247461895,1.46
11398,group_element_set,euclidean,33,0.28284271247461895,0.98
11417,group_element_set,euclidean,1466,0.282842712474619,1.66
11418,group_element_set,euclidean,15,0.28284271247461895,1.86
11433,group_element_set,euclidean,573,0.28284271247461895,0.46
11443,group_element_set,euclidean,41,0.28284271247461895,0.48
11451,group_element_set,euclidean,3755,0.2828427124746191,1.24
11452,group_element_set,euclidean,15789,0.2828427124746191,2.02
11456,group_element_set,euclidean,49,0.28284271247461895,1.04
11458,group_element_set,euclidean,1206,0.282842712474619,0.8
11466,group_element_set,euclidean,1076,0.28284271247461906,2.54
11468,group_element_set,euclidean,237,0.28284271247461895,1.88
11472,group_element_set,euclidean,282,0.28284271247461895,2.96
11482,group_element_set,euclidean,88,0.28284271247461895,0.86
11484,group_element_set,euclidean,1225,0.282842712474619,1.52
11487,group_element_set,euclidean,34,0.28284271247461895,1.04
11490,group_element_set,euclidean,464,0.282842712474619,1.62
11500,group_element_set,euclidean,3,0.28284271247461895,0.74
11515,group_element_set,euclidean,1258,0.282842712474619,0.66
11516,group_element_set,euclidean,53,0.28284271247461895,1.34
11519,group_element_set,euclidean,107,0.28284271247461895,1.62
11520,group_element_set,euclidean,4,0.28284271247461895,0.58
11527,group_element_set,euclidean,104,0.28284271247461895,2.8
11529,group_element_set,euclidean,650,0.28284271247461906,2.7
11538,group_element_set,euclidean,1108,0.28284271247461906,0.46
11540,group_element_set,euclidean,1327,0.28284271247461906,2.1
11589,group_element_set,euclidean,464,0.282842712474619,1.06
11592,group_element_set,euclidean,2274,0.28284271247461906,1.14
11593,group_element_set,euclidean,200,0.28284271247461895,1.42
11601,group_element_set,euclidean,555,0.28284271247461906,0.52
11614,group_element_set,euclidean,382,0.28284271247461895,1.2
11621,group_element_set,euclidean,3,0.28284271247461895,1.02
11624,group_element_set,euclidean,11225,0.282842712474619,1.44
11628,group_element_set,euclidean,70,0.28284271247461895,1.5
11634,group_element_set,euclidean,54,0.28284271247461895,0.96
11639,group_element_set,euclidean,11,0.28284271247461895,1.0
11649,group_element_set,euclidean,86,0.28284271247461895,1.2
11659,group_element_set,euclidean,464,0.282842712474619,2.4
11661,group_element_set,euclidean,133,0.28284271247461895,1.66
11665,group_element_set,euclidean,535,0.282842712474619,1.5
11669,group_element_set,euclidean,123,0.28284271247461895,1.2
11696,group_element_set,euclidean,3,0.28284271247461895,2.64
11697,group_element_set,euclidean,209,0.28284271247461895,2.12
11699,group_element_set,euclidean,1275,0.282842712474619,1.3
11712,group_element_set,euclidean,74,0.28284271247461895,1.46
11714,group_element_set,euclidean,988,0.28284271247461906,0.68
11725,group_element_set,euclidean,4,0.28284271247461895,0.8
11753,group_element_set,euclidean,60,0.28284271247461895,1.04
11760,group_element_set,euclidean,101,0.28284271247461906,1.14
11769,group_element_set,euclidean,93,0.28284271247461895,1.74
11780,group_element_set,euclidean,166,0.28284271247461895,1.22
11786,group_element_set,euclidean,1527,0.282842712474619,1.1
11792,group_element_set,euclidean,9,0.28284271247461895,3.62
11793,group_element_set,euclidean,84,0.28284271247461895,1.12
11795,group_element_set,euclidean,7,0.28284271247461895,1.64
11806,group_element_set,euclidean,341,0.28284271247461906,1.68
11821,group_element_set,euclidean,20,0.28284271247461895,1.1
11824,group_element_set,euclidean,2447,0.28284271247461906,1.12
11826,group_element_set,euclidean,89,0.28284271247461895,0.48
11827,group_element_set,euclidean,1258,0.282842712474619,2.36
11828,group_element_set,euclidean,217,0.28284271247461895,1.78
11876,group_element_set,euclidean,174,0.28284271247461895,1.48
11877,group_element_set,euclidean,101,0.28284271247461906,3.02
11910,group_element_set,euclidean,216,0.2828427124746191,0.6
11919,group_element_set,euclidean,4838,0.282842712474619,1.36
11921,group_element_set,euclidean,341,0.28284271247461906,1.22
11953,group_element_set,euclidean,4097,0.2828427124746191,1.02
11956,group_element_set,euclidean,2328,0.28284271247461906,1.58
11971,group_element_set,euclidean,611,0.282842712474619,2.6
11979,group_element_set,euclidean,20,0.28284271247461895,1.96
12011,group_element_set,euclidean,643,0.282842712474619,1.4
12021,group_element_set,euclidean,628,0.282842712474619,1.2
12028,group_element_set,euclidean,95,0.28284271247461895,0.8
12042,group_element_set,euclidean,819,0.282842712474619,1.28
12044,group_element_set,euclidean,2960,0.2828427124746191,3.0
12063,group_element_set,euclidean,70,0.282842712474619,0.72
12065,group_element_set,euclidean,365,0.28284271247461906,0.84
12093,group_element_set,euclidean,1625,0.2828427124746191,2.08
12118,group_element_set,euclidean,81,0.28284271247461895,1.18
12120,group_element_set,euclidean,51,0.28284271247461895,0.84
12121,group_element_set,euclidean,650,0.28284271247461906,1.8
12130,group_element_set,euclidean,174,0.28284271247461895,1.08
12136,group_element_set,euclidean,15789,0.2828427124746191,1.9
12149,group_element_set,euclidean,130,0.28284271247461895,1.26
12153,group_element_set,euclidean,237,0.28284271247461895,1.06
12162,group_element_set,euclidean,81,0.28284271247461895,1.88
12166,group_element_set,euclidean,2960,0.2828427124746191,5.16
12168,group_element_set,euclidean,122,0.28284271247461895,1.4
12173,group_element_set,euclidean,2859,0.2828427124746191,2.62
12178,group_element_set,euclidean,9,0.28284271247461895,1.46
12191,group_element_set,euclidean,257,0.28284271247461895,0.68
12203,group_element_set,euclidean,70,0.28284271247461895,-0.02
12208,group_element_set,euclidean,944,0.282842712474619,0.44
12216,group_element_set,euclidean,173,0.28284271247461895,1.48
12217,group_element_set,euclidean,21,0.28284271247461895,-0.02
12225,group_element_set,euclidean,1943,0.282842712474619,1.68
12264,group_element_set,euclidean,317,0.28284271247461906,1.86
12273,group_element_set,euclidean,209,0.28284271247461895,0.52
12276,group_element_set,euclidean,1619,0.28284271247461906,1.18
12279,group_element_set,euclidean,229,0.282842712474619,1.48
12310,group_element_set,euclidean,49,0.28284271247461895,3.04
12317,group_element_set,euclidean,62,0.28284271247461895,0.76
12367,group_element_set,euclidean,635,0.28284271247461906,1.42
12398,group_element_set,euclidean,535,0.282842712474619,1.24
12406,group_element_set,euclidean,2274,0.28284271247461906,1.66
12412,group_element_set,euclidean,148,0.28284271247461895,1.72
12415,group_element_set,euclidean,83,0.28284271247461895,0.82
12420,group_element_set,euclidean,54,0.28284271247461895,1.1
12452,group_element_set,euclidean,464,0.282842712474619,1.5
12454,group_element_set,euclidean,1023,0.282842712474619,0.76
12474,group_element_set,euclidean,635,0.28284271247461906,2.26
12476,group_element_set,euclidean,75,0.2828427124746191,1.34
12482,group_element_set,euclidean,147,0.28284271247461895,0.96
12491,group_element_set,euclidean,57,0.28284271247461895,0.44
12493,group_element_set,euclidean,86,0.28284271247461895,1.98
12509,group_element_set,euclidean,20,0.28284271247461895,1.42
12521,group_element_set,euclidean,160,0.28284271247461895,1.92
12551,group_element_set,euclidean,81,0.28284271247461895,1.18
12554,group_element_set,euclidean,635,0.28284271247461906,0.46
12562,group_element_set,euclidean,60,0.28284271247461895,1.8
12583,group_element_set,euclidean,95,0.282842712474619,1.38
12600,group_element_set,euclidean,20,0.282842712474619,1.0
12638,group_element_set,euclidean,11,0.28284271247461895,2.92
12646,group_element_set,euclidean,3,0.28284271247461895,0.78
12662,group_element_set,euclidean,389,0.28284271247461895,1.6
12663,group_element_set,euclidean,84,0.28284271247461895,3.32
12667,group_element_set,euclidean,166,0.28284271247461895,2.14
12685,group_element_set,euclidean,1742,0.2828427124746191,1.5
12687,group_element_set,euclidean,88,0.28284271247461895,0.86
12702,group_element_set,euclidean,203,0.28284271247461895,0.52
12717,group_element_set,euclidean,145,0.282842712474619,0.74
12724,group_element_set,euclidean,121,0.28284271247461895,1.52
12729,group_element_set,euclidean,722,0.28284271247461906,3.2
12734,group_element_set,euclidean,101,0.2828427124746191,4.42
12736,group_element_set,euclidean,3169,0.2828427124746191,1.68
12737,group_element_set,euclidean,12080,0.2828427124746191,1.6
12754,group_element_set,euclidean,32,0.28284271247461895,2.84
12756,group_element_set,euclidean,56,0.28284271247461895,2.02
12760,group_element_set,euclidean,164,0.28284271247461906,1.72
12789,group_element_set,euclidean,175,0.282842712474619,1.28
12791,group_element_set,euclidean,147,0.28284271247461895,1.44
12798,group_element_set,euclidean,49,0.28284271247461895,1.58
12809,group_element_set,euclidean,70,0.28284271247461895,1.26
12815,group_element_set,euclidean,107,0.28284271247461895,1.68
12817,group_element_set,euclidean,217,0.28284271247461895,0.86
12821,group_element_set,euclidean,57,0.28284271247461895,0.8
12837,group_element_set,euclidean,41,0.28284271247461895,1.06
12847,group_element_set,euclidean,78,0.28284271247461895,2.6
12851,group_element_set,euclidean,635,0.2828427124746191,0.42
12852,group_element_set,euclidean,234,0.28284271247461895,0.82
12858,group_element_set,euclidean,139,0.28284271247461895,4.32
12862,group_element_set,euclidean,1262,0.28284271247461906,1.86
12863,group_element_set,euclidean,405,0.282842712474619,1.26
12891,group_element_set,euclidean,317,0.2828427124746191,2.14
12917,group_element_set,euclidean,330,0.282842712474619,2.42
12946,group_element_set,euclidean,208,0.28284271247461895,1.14
12957,group_element_set,euclidean,510,0.282842712474619,1.28
12967,group_element_set,euclidean,84,0.28284271247461895,1.8
12977,group_element_set,euclidean,51,0.28284271247461895,1.58
12994,group_element_set,euclidean,219,0.28284271247461895,1.16
12998,group_element_set,euclidean,54,0.28284271247461895,1.32
13011,group_element_set,euclidean,41,0.28284271247461895,1.14
13020,group_element_set,euclidean,94,0.2828427124746191,1.14
13032,group_element_set,euclidean,201,0.28284271247461895,0.78
13035,group_element_set,euclidean,32,0.28284271247461895,0.72
13043,group_element_set,euclidean,5728,0.282842712474619,1.52
13044,group_element_set,euclidean,108,0.28284271247461895,1.74
13056,group_element_set,euclidean,21,0.28284271247461895,1.5
13059,group_element_set,euclidean,120,0.2828427124746191,0.74
13073,group_element_set,euclidean,1625,0.2828427124746191,0.92
13085,group_element_set,euclidean,160,0.28284271247461895,1.46
13090,group_element_set,euclidean,104,0.28284271247461895,1.56
13108,group_element_set,euclidean,333,0.28284271247461895,1.64
13109,group_element_set,euclidean,1472,0.28284271247461906,1.14
13113,group_element_set,euclidean,41,0.28284271247461895,1.58
13120,group_element_set,euclidean,506,0.28284271247461895,1.42
13125,group_element_set,euclidean,317,0.28284271247461906,1.18
13139,group_element_set,euclidean,164,0.28284271247461895,1.12
13143,group_element_set,euclidean,2328,0.28284271247461906,1.86
13159,group_element_set,euclidean,2,0.28284271247461895,1.5
13163,group_element_set,euclidean,173,0.28284271247461895,0.42
13179,group_element_set,euclidean,1792,0.282842712474619,1.62
13194,group_element_set,euclidean,535,0.282842712474619,1.76
13203,group_element_set,euclidean,114,0.28284271247461895,0.94
13206,group_element_set,euclidean,9,0.28284271247461895,0.76
13215,group_element_set,euclidean,164,0.28284271247461895,2.28
13216,group_element_set,euclidean,20,0.28284271247461895,1.52
13234,group_element_set,euclidean,120,0.28284271247461895,1.34
13236,group_element_set,euclidean,150,0.28284271247461895,0.72
13240,group_element_set,euclidean,20,0.28284271247461895,1.84
13242,group_element_set,euclidean,1275,0.282842712474619,1.2
13243,group_element_set,euclidean,122,0.28284271247461895,1.96
13246,group_element_set,euclidean,4,0.28284271247461895,1.6
13262,group_element_set,euclidean,1355,0.2828427124746191,4.0
13280,group_element_set,euclidean,251,0.28284271247461895,2.24
13311,group_element_set,euclidean,1863,0.282842712474619,0.48
13326,group_element_set,euclidean,55,0.28284271247461895,1.46
13337,group_element_set,euclidean,33,0.28284271247461895,0.1
13338,group_element_set,euclidean,120,0.28284271247461895,2.92
13344,group_element_set,euclidean,549,0.2828427124746191,1.2
13350,group_element_set,euclidean,62,0.28284271247461895,2.06
13354,group_element_set,euclidean,81,0.28284271247461895,1.42
13358,group_element_set,euclidean,1688,0.28284271247461906,1.94
13361,group_element_set,euclidean,20,0.28284271247461895,2.74
13363,group_element_set,euclidean,3466,0.2828427124746191,1.68
13391,group_element_set,euclidean,1206,0.282842712474619,1.44
13395,group_element_set,euclidean,127,0.28284271247461895,1.54
13413,group_element_set,euclidean,49,0.28284271247461895,2.0
13436,group_element_set,euclidean,74,0.28284271247461895,1.36
13480,group_element_set,euclidean,1267,0.282842712474619,1.18
13485,group_element_set,euclidean,98,0.28284271247461895,1.32
13487,group_element_set,euclidean,88,0.28284271247461895,1.52
13493,group_element_set,euclidean,106,0.28284271247461895,1.1
13499,group_element_set,euclidean,3902,0.28284271247461906,1.42
13500,group_element_set,euclidean,555,0.2828427124746191,1.5
13503,group_element_set,euclidean,4,0.28284271247461895,0.32
13510,group_element_set,euclidean,6929,0.282842712474619,1.32
13519,group_element_set,euclidean,21,0.28284271247461895,0.68
13537,group_element_set,euclidean,55,0.28284271247461895,1.36
13544,group_element_set,euclidean,54,0.28284271247461895,1.42
13549,group_element_set,euclidean,216,0.2828427124746191,0.44
13561,group_element_set,euclidean,1173,0.28284271247461906,0.2
13588,group_element_set,euclidean,104,0.2828427124746191,1.8
13589,group_element_set,euclidean,83,0.28284271247461895,1.24
13592,group_element_set,euclidean,49,0.28284271247461895,0.42
13593,group_element_set,euclidean,6,0.28284271247461895,0.7
13596,group_element_set,euclidean,32,0.28284271247461895,1.14
13609,group_element_set,euclidean,1527,0.282842712474619,3.66
13621,group_element_set,euclidean,2926,0.28284271247461906,2.22
13644,group_element_set,euclidean,571,0.28284271247461895,1.48
13661,group_element_set,euclidean,139,0.28284271247461895,1.92
13670,group_element_set,euclidean,217,0.28284271247461895,1.58
13674,group_element_set,euclidean,56,0.28284271247461895,1.58
13685,group_element_set,euclidean,203,0.28284271247461895,0.1
13686,group_element_set,euclidean,333,0.28284271247461895,1.08
13693,group_element_set,euclidean,1868,0.28284271247461906,0.52
13696,group_element_set,euclidean,127,0.28284271247461895,2.12
13707,group_element_set,euclidean,56,0.28284271247461895,1.74
13710,group_element_set,euclidean,81,0.28284271247461906,1.34
13711,group_element_set,euclidean,1267,0.282842712474619,1.08
13713,group_element_set,euclidean,650,0.28284271247461906,3.94
13714,group_element_set,euclidean,95,0.28284271247461895,2.18
13728,group_element_set,euclidean,54,0.28284271247461895,1.1
13752,group_element_set,euclidean,9756,0.28284271247461906,1.92
13761,group_element_set,euclidean,93,0.28284271247461895,1.8
13768,group_element_set,euclidean,1183,0.282842712474619,1.88
13770,group_element_set,euclidean,4853,0.28284271247461906,1.58
13780,group_element_set,euclidean,1044,0.28284271247461906,1.04
13783,group_element_set,euclidean,88,0.28284271247461906,1.42
13798,group_element_set,euclidean,135,0.28284271247461895,0.58
13814,group_element_set,euclidean,2526,0.2828427124746191,0.36
13824,group_element_set,euclidean,391,0.28284271247461895,2.8
13829,group_element_set,euclidean,1472,0.28284271247461906,1.52
13838,group_element_set,euclidean,1454,0.28284271247461906,1.32
13839,group_element_set,euclidean,317,0.2828427124746191,2.14
13846,group_element_set,euclidean,33,0.28284271247461895,1.74
13848,group_element_set,euclidean,1688,0.2828427124746191,1.78
13861,group_element_set,euclidean,10,0.28284271247461895,1.42
13865,group_element_set,euclidean,722,0.28284271247461906,1.3
13870,group_element_set,euclidean,1044,0.28284271247461895,1.34
13880,group_element_set,euclidean,127,0.28284271247461895,1.0
13881,group_element_set,euclidean,11,0.28284271247461895,1.56
13893,group_element_set,euclidean,219,0.28284271247461895,1.56
13896,group_element_set,euclidean,135,0.28284271247461895,0.36
13903,group_element_set,euclidean,988,0.28284271247461906,1.56
13909,group_element_set,euclidean,4,0.28284271247461895,0.44
13920,group_element_set,euclidean,550,0.28284271247461895,1.56
13928,group_element_set,euclidean,1321,0.282842712474619,1.06
13930,group_element_set,euclidean,1329,0.282842712474619,1.94
13933,group_element_set,euclidean,156,0.28284271247461895,0.84
13934,group_element_set,euclidean,156,0.28284271247461895,1.4
13936,group_element_set,euclidean,127,0.28284271247461895,1.16
13941,group_element_set,euclidean,3878,0.282842712474619,1.0
13945,group_element_set,euclidean,173,0.28284271247461895,1.74
13952,group_element_set,euclidean,10,0.28284271247461895,1.3
13955,group_element_set,euclidean,234,0.28284271247461895,1.9
13961,group_element_set,euclidean,152,0.28284271247461895,0.96
13962,group_element_set,euclidean,56,0.28284271247461895,1.76
13969,group_element_set,euclidean,15,0.28284271247461895,1.94
13970,group_element_set,euclidean,186,0.28284271247461895,1.94
13980,group_element_set,euclidean,127,0.28284271247461895,0.42
13988,group_element_set,euclidean,506,0.28284271247461895,1.78
13996,group_element_set,euclidean,33,0.28284271247461895,0.78
14000,group_element_set,euclidean,549,0.2828427124746191,0.64
14005,group_element_set,euclidean,422,0.28284271247461895,1.34
14009,group_element_set,euclidean,2944,0.28284271247461895,0.5
14010,group_element_set,euclidean,3,0.28284271247461895,1.24
14016,group_element_set,euclidean,120,0.28284271247461895,1.26
14017,group_element_set,euclidean,2281,0.2828427124746191,2.3
14018,group_element_set,euclidean,1561,0.282842712474619,1.14
14020,group_element_set,euclidean,200,0.28284271247461895,1.06
14028,group_element_set,euclidean,1606,0.282842712474619,2.42
14030,group_element_set,euclidean,2,0.28284271247461895,1.64
14034,group_element_set,euclidean,1609,0.282842712474619,1.52
14062,group_element_set,euclidean,58,0.28284271247461895,0.12
14079,group_element_set,euclidean,10,0.28284271247461895,0.94
14086,group_element_set,euclidean,151,0.28284271247461895,0.34
14092,group_element_set,euclidean,892,0.28284271247461906,0.42
14104,group_element_set,euclidean,271,0.28284271247461895,1.5
14114,group_element_set,euclidean,49,0.28284271247461895,2.52
14130,group_element_set,euclidean,10,0.28284271247461895,1.14
14132,group_element_set,euclidean,21,0.28284271247461895,0.7
14135,group_element_set,euclidean,6,0.28284271247461895,0.6
14153,group_element_set,euclidean,76,0.28284271247461895,0.82
14155,group_element_set,euclidean,3136,0.282842712474619,1.9
14166,group_element_set,euclidean,70,0.28284271247461895,1.7
14169,group_element_set,euclidean,1889,0.2828427124746191,0.76
14171,group_element_set,euclidean,549,0.2828427124746191,0.58
14174,group_element_set,euclidean,427,0.28284271247461906,1.46
14179,group_element_set,euclidean,1765,0.282842712474619,1.06
14201,group_element_set,euclidean,1149,0.28284271247461906,1.98
14205,group_element_set,euclidean,821,0.282842712474619,1.34
14206,group_element_set,euclidean,84,0.28284271247461895,1.6
14229,group_element_set,euclidean,186,0.28284271247461895,1.18
14241,group_element_set,euclidean,78,0.28284271247461895,0.92
14255,group_element_set,euclidean,1688,0.2828427124746191,1.82
14269,group_element_set,euclidean,98,0.28284271247461895,1.8
14292,group_element_set,euclidean,56,0.28284271247461895,1.36
14298,group_element_set,euclidean,5728,0.282842712474619,1.26
14305,group_element_set,euclidean,1038,0.282842712474619,1.32
14318,group_element_set,euclidean,635,0.28284271247461906,0.28
14320,group_element_set,euclidean,405,0.28284271247461895,1.42
14340,group_element_set,euclidean,1943,0.282842712474619,1.5
14343,group_element_set,euclidean,33,0.28284271247461895,0.82
14346,group_element_set,euclidean,1329,0.282842712474619,1.06
14350,group_element_set,euclidean,74,0.28284271247461895,0.06
14351,group_element_set,euclidean,3169,0.2828427124746191,4.26
14376,group_element_set,euclidean,49,0.28284271247461895,1.74
14392,group_element_set,euclidean,51,0.28284271247461895,1.94
14395,group_element_set,euclidean,62,0.28284271247461895,0.9
14397,group_element_set,euclidean,15,0.28284271247461895,1.44
14402,group_element_set,euclidean,38,0.28284271247461895,0.88
14413,group_element_set,euclidean,2027,0.2828427124746191,2.74
14417,group_element_set,euclidean,203,0.28284271247461895,1.32
14418,group_element_set,euclidean,150,0.28284271247461895,0.78
14425,group_element_set,euclidean,3,0.28284271247461895,0.66
14433,group_element_set,euclidean,81,0.28284271247461895,1.54
14440,group_element_set,euclidean,164,0.2828427124746191,2.6
14441,group_element_set,euclidean,81,0.28284271247461895,1.56
14448,group_element_set,euclidean,32,0.28284271247461895,0.68
14459,group_element_set,euclidean,341,0.28284271247461906,1.68
14483,group_element_set,euclidean,60,0.28284271247461895,2.52
14492,group_element_set,euclidean,38,0.28284271247461895,1.04
14495,group_element_set,euclidean,20,0.28284271247461895,2.06
14517,group_element_set,euclidean,2220,0.282842712474619,1.22
14524,group_element_set,euclidean,104,0.28284271247461895,2.08
14534,group_element_set,euclidean,5483,0.282842712474619,1.14
14552,group_element_set,euclidean,5498,0.282842712474619,0.72
14553,group_element_set,euclidean,75,0.28284271247461895,2.82
14561,group_element_set,euclidean,152,0.28284271247461895,1.46
14563,group_element_set,euclidean,11,0.28284271247461895,1.54
14565,group_element_set,euclidean,186,0.28284271247461895,0.88
14567,group_element_set,euclidean,118,0.28284271247461895,1.72
14568,group_element_set,euclidean,186,0.28284271247461895,0.98
14569,group_element_set,euclidean,1454,0.28284271247461906,2.72
14571,group_element_set,euclidean,38,0.28284271247461895,1.54
14581,group_element_set,euclidean,6,0.28284271247461895,1.78
14621,group_element_set,euclidean,650,0.28284271247461906,1.74
14646,group_element_set,euclidean,173,0.28284271247461895,0.58
14654,group_element_set,euclidean,60,0.28284271247461895,0.68
14665,group_element_set,euclidean,213,0.28284271247461895,2.8
14700,group_element_set,euclidean,635,0.28284271247461906,0.44
14710,group_element_set,euclidean,163,0.28284271247461895,0.78
14714,group_element_set,euclidean,498,0.28284271247461895,1.2
14724,group_element_set,euclidean,8474,0.2828427124746191,1.54
14726,group_element_set,euclidean,25,0.28284271247461895,0.52
14732,group_element_set,euclidean,74,0.28284271247461895,0.82
14734,group_element_set,euclidean,64,0.28284271247461895,1.34
14749,group_element_set,euclidean,152,0.28284271247461895,1.88
14757,group_element_set,euclidean,1070,0.282842712474619,1.26
14777,group_element_set,euclidean,33,0.28284271247461895,0.86
14779,group_element_set,euclidean,101,0.28284271247461906,1.42
14780,group_element_set,euclidean,1262,0.28284271247461906,1.6
14788,group_element_set,euclidean,2526,0.2828427124746191,0.58
14793,group_element_set,euclidean,10,0.28284271247461895,0.94
14812,group_element_set,euclidean,6,0.28284271247461895,0.88
14816,group_element_set,euclidean,1420,0.28284271247461906,1.12
14847,group_element_set,euclidean,5206,0.28284271247461895,0.7
14849,group_element_set,euclidean,20,0.28284271247461895,3.9
14852,group_element_set,euclidean,2,0.28284271247461895,1.16
14869,group_element_set,euclidean,219,0.28284271247461895,1.06
14887,group_element_set,euclidean,1625,0.2828427124746191,1.34
14901,group_element_set,euclidean,2348,0.282842712474619,1.4
14905,group_element_set,euclidean,10741,0.282842712474619,1.38
14908,group_element_set,euclidean,494,0.28284271247461895,1.14
14918,group_element_set,euclidean,7,0.28284271247461895,2.3
14924,group_element_set,euclidean,62,0.28284271247461895,1.54
14925,group_element_set,euclidean,3,0.28284271247461895,1.56
14951,group_element_set,euclidean,1044,0.28284271247461906,0.14
14959,group_element_set,euclidean,58,0.28284271247461895,0.22
14970,group_element_set,euclidean,56,0.28284271247461895,1.6
14978,group_element_set,euclidean,3169,0.28284271247461906,2.72
14980,group_element_set,euclidean,25,0.28284271247461895,0.56
14983,group_element_set,euclidean,174,0.28284271247461895,0.88
14985,group_element_set,euclidean,33,0.28284271247461895,0.5
14992,group_element_set,euclidean,10,0.28284271247461895,1.02
15000,group_element_set,euclidean,21,0.28284271247461895,1.3
15015,group_element_set,euclidean,271,0.28284271247461895,1.28
15030,group_element_set,euclidean,2859,0.2828427124746191,1.88
15039,group_element_set,euclidean,439,0.28284271247461895,2.58
15042,group_element_set,euclidean,888,0.28284271247461906,1.96
15044,group_element_set,euclidean,164,0.28284271247461895,2.46
15056,group_element_set,euclidean,2,0.28284271247461895,1.0
15058,group_element_set,euclidean,144,0.28284271247461895,1.56
15076,group_element_set,euclidean,122,0.28284271247461895,0.9
15077,group_element_set,euclidean,200,0.28284271247461895,2.84
15089,group_element_set,euclidean,123,0.28284271247461895,1.82
15093,group_element_set,euclidean,11,0.28284271247461895,1.14
15103,group_element_set,euclidean,3878,0.282842712474619,1.18
15130,group_element_set,euclidean,635,0.2828427124746191,0.68
15151,group_element_set,euclidean,89,0.28284271247461895,0.44
15154,group_element_set,euclidean,127,0.28284271247461895,0.6
15171,group_element_set,euclidean,150,0.2828427124746191,0.98
15187,group_element_set,euclidean,20,0.28284271247461895,1.76
15201,group_element_set,euclidean,5244,0.282842712474619,1.58
15218,group_element_set,euclidean,427,0.28284271247461906,3.58
15259,group_element_set,euclidean,94,0.28284271247461895,0.9
15278,group_element_set,euclidean,38,0.28284271247461895,1.48
15281,group_element_set,euclidean,107,0.28284271247461895,2.1
15323,group_element_set,euclidean,88,0.28284271247461906,0.34
15324,group_element_set,euclidean,62,0.28284271247461895,1.32
15331,group_element_set,euclidean,147,0.28284271247461895,1.18
15343,group_element_set,euclidean,54,0.28284271247461895,1.06
15349,group_element_set,euclidean,148,0.2828427124746191,1.56
15350,group_element_set,euclidean,1863,0.282842712474619,1.08
15352,group_element_set,euclidean,173,0.28284271247461895,0.98
15370,group_element_set,euclidean,56,0.28284271247461895,1.48
15377,group_element_set,euclidean,84,0.28284271247461895,2.04
15379,group_element_set,euclidean,237,0.28284271247461895,1.24
15414,group_element_set,euclidean,5159,0.282842712474619,1.14
15418,group_element_set,euclidean,1742,0.2828427124746191,1.52
15430,group_element_set,euclidean,217,0.28284271247461895,0.96
15439,group_element_set,euclidean,41,0.28284271247461895,1.64
15455,group_element_set,euclidean,53,0.28284271247461895,2.88
15456,group_element_set,euclidean,174,0.28284271247461895,1.04
15463,group_element_set,euclidean,38,0.28284271247461895,0.92
15464,group_element_set,euclidean,494,0.282842712474619,1.42
15471,group_element_set,euclidean,5337,0.28284271247461906,1.3
15492,group_element_set,euclidean,53,0.28284271247461895,0.86
15500,group_element_set,euclidean,4045,0.28284271247461895,0.74
15505,group_element_set,euclidean,75,0.28284271247461906,1.06
15525,group_element_set,euclidean,86,0.28284271247461895,1.1
15535,group_element_set,euclidean,549,0.2828427124746191,0.94
15540,group_element_set,euclidean,6771,0.282842712474619,0.62
15543,group_element_set,euclidean,89,0.28284271247461895,0.96
15545,group_element_set,euclidean,2281,0.2828427124746191,2.34
15546,group_element_set,euclidean,998,0.282842712474619,1.16
15555,group_element_set,euclidean,70,0.28284271247461895,1.0
15560,group_element_set,euclidean,144,0.28284271247461895,1.98
15567,group_element_set,euclidean,49,0.28284271247461895,0.26
15572,group_element_set,euclidean,173,0.28284271247461895,2.24
15587,group_element_set,euclidean,5153,0.282842712474619,0.86
15597,group_element_set,euclidean,164,0.28284271247461895,1.34
15603,group_element_set,euclidean,62,0.28284271247461895,2.12
15632,group_element_set,euclidean,101,0.2828427124746191,2.24
15633,group_element_set,euclidean,341,0.28284271247461906,1.28
15634,group_element_set,euclidean,54,0.28284271247461895,1.52
15645,group_element_set,euclidean,226,0.28284271247461895,1.56
15669,group_element_set,euclidean,234,0.28284271247461895,1.04
15683,group_element_set,euclidean,205,0.28284271247461895,2.32
15684,group_element_set,euclidean,1225,0.282842712474619,0.88
15704,group_element_set,euclidean,20,0.28284271247461895,1.66
15711,group_element_set,euclidean,21,0.28284271247461895,0.96
15713,group_element_set,euclidean,1618,0.2828427124746191,0.4
15723,group_element_set,euclidean,83,0.28284271247461895,1.46
15729,group_element_set,euclidean,8474,0.2828427124746191,2.16
15730,group_element_set,euclidean,2274,0.28284271247461906,2.46
15733,group_element_set,euclidean,56,0.28284271247461895,1.2
15760,group_element_set,euclidean,1943,0.282842712474619,1.14
15784,group_element_set,euclidean,107,0.28284271247461895,1.68
15792,group_element_set,euclidean,58,0.28284271247461895,2.96
15821,group_element_set,euclidean,56,0.28284271247461895,1.44
15824,group_element_set,euclidean,81,0.28284271247461895,0.98
15832,group_element_set,euclidean,251,0.28284271247461895,0.7
15864,group_element_set,euclidean,1863,0.282842712474619,2.56
15891,group_element_set,euclidean,5159,0.282842712474619,1.64
15902,group_element_set,euclidean,62,0.28284271247461895,3.18
15911,group_element_set,euclidean,650,0.28284271247461906,2.38
15917,group_element_set,euclidean,1230,0.282842712474619,2.02
15919,group_element_set,euclidean,1745,0.2828427124746191,0.58
15920,group_element_set,euclidean,74,0.28284271247461895,0.56
15929,group_element_set,euclidean,49,0.28284271247461895,1.74
15941,group_element_set,euclidean,2280,0.282842712474619,1.98
15954,group_element_set,euclidean,33,0.28284271247461895,1.72
15955,group_element_set,euclidean,74,0.28284271247461895,2.48
15974,group_element_set,euclidean,2294,0.282842712474619,1.66
15987,group_element_set,euclidean,58,0.28284271247461895,1.32
15989,group_element_set,euclidean,118,0.28284271247461895,0.66
16002,group_element_set,euclidean,3969,0.2828427124746191,3.1
16027,group_element_set,euclidean,130,0.28284271247461895,1.0
16029,group_element_set,euclidean,62,0.28284271247461895,0.96
16033,group_element_set,euclidean,9,0.28284271247461895,3.64
16044,group_element_set,euclidean,4098,0.2828427124746191,2.16
16052,group_element_set,euclidean,20,0.28284271247461895,1.44
16074,group_element_set,euclidean,10,0.28284271247461895,1.36
16092,group_element_set,euclidean,78,0.28284271247461895,1.54
16101,group_element_set,euclidean,83,0.282842712474619,1.34
16108,group_element_set,euclidean,4097,0.2828427124746191,1.24
16109,group_element_set,euclidean,201,0.28284271247461895,1.0
16110,group_element_set,euclidean,186,0.28284271247461895,1.16
16124,group_element_set,euclidean,1445,0.2828427124746191,0.68
16128,group_element_set,euclidean,7,0.28284271247461895,1.16
16139,group_element_set,euclidean,722,0.28284271247461906,1.24
16140,group_element_set,euclidean,2939,0.28284271247461906,1.98
16152,group_element_set,euclidean,821,0.282842712474619,1.32
16156,group_element_set,euclidean,133,0.28284271247461895,2.46
16162,group_element_set,euclidean,95,0.28284271247461895,0.7
16164,group_element_set,euclidean,1765,0.282842712474619,2.44
16170,group_element_set,euclidean,135,0.28284271247461895,1.56
16183,group_element_set,euclidean,3915,0.2828427124746191,0.82
16197,group_element_set,euclidean,15,0.28284271247461895,1.3
16206,group_element_set,euclidean,41,0.28284271247461895,1.28
16238,group_element_set,euclidean,60,0.28284271247461895,1.08
16249,group_element_set,euclidean,21,0.28284271247461895,0.32
16256,group_element_set,euclidean,57,0.28284271247461895,0.94
16268,group_element_set,euclidean,75,0.2828427124746191,0.32
16273,group_element_set,euclidean,237,0.28284271247461895,0.68
16280,group_element_set,euclidean,75,0.2828427124746191,1.06
16285,group_element_set,euclidean,1472,0.28284271247461906,1.78
16302,group_element_set,euclidean,316,0.28284271247461895,0.46
16324,group_element_set,euclidean,3493,0.28284271247461906,1.88
16331,group_element_set,euclidean,653,0.28284271247461906,1.92
16335,group_element_set,euclidean,6,0.28284271247461895,1.54
16373,group_element_set,euclidean,822,0.28284271247461906,0.76
16381,group_element_set,euclidean,160,0.28284271247461895,1.64
16382,group_element_set,euclidean,98,0.28284271247461895,0.58
16406,group_element_set,euclidean,988,0.28284271247461906,1.74
16416,group_element_set,euclidean,58,0.28284271247461895,0.58
16424,group_element_set,euclidean,1466,0.282842712474619,2.6
16425,group_element_set,euclidean,10,0.28284271247461895,2.62
16427,group_element_set,euclidean,7045,0.28284271247461895,0.96
16429,group_element_set,euclidean,389,0.28284271247461895,2.22
16430,group_element_set,euclidean,1625,0.2828427124746191,1.14
16440,group_element_set,euclidean,60,0.28284271247461895,2.02
16455,group_element_set,euclidean,5498,0.282842712474619,1.68
16461,group_element_set,euclidean,118,0.28284271247461895,1.04
16468,group_element_set,euclidean,198,0.28284271247461895,0.98
16508,group_element_set,euclidean,86,0.28284271247461895,1.76
16522,group_element_set,euclidean,312,0.28284271247461895,1.82
16544,group_element_set,euclidean,3878,0.282842712474619,1.52
16545,group_element_set,euclidean,83,0.28284271247461895,0.7
16547,group_element_set,euclidean,6,0.28284271247461895,2.62
16555,group_element_set,euclidean,94,0.28284271247461895,1.7
16568,group_element_set,euclidean,5244,0.282842712474619,0.74
16569,group_element_set,euclidean,32,0.28284271247461895,1.08
16584,group_element_set,euclidean,21,0.28284271247461895,0.72
16586,group_element_set,euclidean,1472,0.28284271247461906,0.56
16587,group_element_set,euclidean,10,0.28284271247461895,0.86
16592,group_element_set,euclidean,635,0.2828427124746191,1.12
16598,group_element_set,euclidean,2621,0.282842712474619,2.18
16603,group_element_set,euclidean,326,0.28284271247461895,1.02
16611,group_element_set,euclidean,3169,0.28284271247461906,4.2
16612,group_element_set,euclidean,11225,0.282842712474619,2.2
16626,group_element_set,euclidean,89,0.28284271247461895,1.26
16628,group_element_set,euclidean,133,0.28284271247461895,1.34
16643,group_element_set,euclidean,325,0.28284271247461895,1.14
16650,group_element_set,euclidean,74,0.28284271247461895,0.9
16657,group_element_set,euclidean,635,0.2828427124746191,1.66
16659,group_element_set,euclidean,1183,0.282842712474619,2.26
16669,group_element_set,euclidean,549,0.2828427124746191,0.54
16687,group_element_set,euclidean,317,0.28284271247461906,0.9
16693,group_element_set,euclidean,94,0.28284271247461895,2.06
16700,group_element_set,euclidean,94,0.28284271247461895,1.96
16717,group_element_set,euclidean,147,0.28284271247461895,0.9
16723,group_element_set,euclidean,4,0.28284271247461895,0.46
16725,group_element_set,euclidean,2,0.28284271247461895,1.3
16728,group_element_set,euclidean,10,0.28284271247461895,1.98
16738,group_element_set,euclidean,1625,0.2828427124746191,0.92
16739,group_element_set,euclidean,6,0.28284271247461895,1.94
16747,group_element_set,euclidean,104,0.28284271247461895,0.46
16752,group_element_set,euclidean,70,0.28284271247461895,0.54
16760,group_element_set,euclidean,70,0.28284271247461895,0.46
16761,group_element_set,euclidean,147,0.28284271247461895,2.02
16787,group_element_set,euclidean,75,0.28284271247461906,2.02
16795,group_element_set,euclidean,122,0.28284271247461895,0.66
16807,group_element_set,euclidean,56,0.28284271247461895,1.28
16811,group_element_set,euclidean,341,0.28284271247461906,1.14
16813,group_element_set,euclidean,94,0.28284271247461895,1.86
16831,group_element_set,euclidean,1230,0.282842712474619,1.06
16841,group_element_set,euclidean,4,0.28284271247461895,1.46
16846,group_element_set,euclidean,427,0.28284271247461906,1.62
16848,group_element_set,euclidean,51,0.28284271247461895,1.54
16852,group_element_set,euclidean,25,0.28284271247461895,0.66
16872,group_element_set,euclidean,20,0.28284271247461895,0.98
16876,group_element_set,euclidean,16154,0.282842712474619,1.08
16879,group_element_set,euclidean,12080,0.2828427124746191,0.92
16898,group_element_set,euclidean,7,0.28284271247461895,1.26
16930,group_element_set,euclidean,106,0.28284271247461895,0.64
16933,group_element_set,euclidean,60,0.28284271247461895,0.6
16946,group_element_set,euclidean,1044,0.28284271247461906,1.2
16949,group_element_set,euclidean,5804,0.282842712474619,1.58
16954,group_element_set,euclidean,33,0.28284271247461895,2.96
16956,group_element_set,euclidean,20,0.28284271247461906,0.4
16960,group_element_set,euclidean,549,0.2828427124746191,1.02
16981,group_element_set,euclidean,20,0.28284271247461895,1.74
16982,group_element_set,euclidean,5700,0.282842712474619,0.34
16984,group_element_set,euclidean,139,0.28284271247461895,1.6
16989,group_element_set,euclidean,58,0.28284271247461895,3.24
16993,group_element_set,euclidean,86,0.28284271247461895,1.3
17000,group_element_set,euclidean,5670,0.282842712474619,1.08
17001,group_element_set,euclidean,5422,0.282842712474619,1.68
17006,group_element_set,euclidean,15,0.28284271247461895,1.08
17019,group_element_set,euclidean,20,0.28284271247461895,0.86
17036,group_element_set,euclidean,3493,0.28284271247461906,1.66
17051,group_element_set,euclidean,208,0.28284271247461895,0.74
17063,group_element_set,euclidean,21,0.28284271247461895,1.62
17068,group_element_set,euclidean,316,0.28284271247461895,1.68
17073,group_element_set,euclidean,38,0.28284271247461895,0.9
17074,group_element_set,euclidean,5337,0.28284271247461906,0.78
17104,group_element_set,euclidean,2030,0.28284271247461906,1.46
17105,group_element_set,euclidean,821,0.282842712474619,1.92
17107,group_element_set,euclidean,2411,0.28284271247461906,0.2
17121,group_element_set,euclidean,41,0.28284271247461895,0.78
17129,group_element_set,euclidean,1401,0.282842712474619,1.46
17142,group_element_set,euclidean,60,0.28284271247461895,1.52
17147,group_element_set,euclidean,5826,0.282842712474619,1.18
17152,group_element_set,euclidean,312,0.28284271247461895,1.24
17155,group_element_set,euclidean,2,0.28284271247461895,0.68
17194,group_element_set,euclidean,164,0.28284271247461906,1.22
17206,group_element_set,euclidean,127,0.28284271247461895,1.52
17209,group_element_set,euclidean,317,0.28284271247461906,2.56
17219,group_element_set,euclidean,1076,0.28284271247461906,0.26
17241,group_element_set,euclidean,70,0.28284271247461895,1.04
17263,group_element_set,euclidean,107,0.28284271247461895,0.94
17287,group_element_set,euclidean,214,0.28284271247461895,3.1
17291,group_element_set,euclidean,6,0.28284271247461895,1.32
17303,group_element_set,euclidean,7,0.28284271247461895,1.28
17311,group_element_set,euclidean,88,0.28284271247461906,1.28
17313,group_element_set,euclidean,10,0.28284271247461895,2.36
17314,group_element_set,euclidean,2966,0.282842712474619,1.82
17320,group_element_set,euclidean,56,0.28284271247461895,1.32
17324,group_element_set,euclidean,84,0.28284271247461895,4.66
17335,group_element_set,euclidean,60,0.28284271247461895,1.72
17340,group_element_set,euclidean,20,0.28284271247461895,0.54
17346,group_element_set,euclidean,86,0.28284271247461895,0.8
17354,group_element_set,euclidean,25,0.28284271247461895,1.36
17356,group_element_set,euclidean,5002,0.282842712474619,1.14
17375,group_element_set,euclidean,555,0.28284271247461906,1.0
17377,group_element_set,euclidean,106,0.28284271247461895,1.08
17389,group_element_set,euclidean,166,0.28284271247461895,1.3
17392,group_element_set,euclidean,1889,0.2828427124746191,0.36
17406,group_element_set,euclidean,120,0.28284271247461895,2.14
17418,group_element_set,euclidean,62,0.28284271247461895,0.92
17457,group_element_set,euclidean,70,0.28284271247461895,2.08
17466,group_element_set,euclidean,405,0.28284271247461895,1.8
17489,group_element_set,euclidean,33,0.28284271247461895,1.04
17491,group_element_set,euclidean,310,0.28284271247461895,1.06
17519,group_element_set,euclidean,86,0.28284271247461895,1.28
17525,group_element_set,euclidean,51,0.28284271247461895,0.88
17528,group_element_set,euclidean,86,0.28284271247461895,3.76
17529,group_element_set,euclidean,1044,0.28284271247461895,0.64
17540,group_element_set,euclidean,3466,0.2828427124746191,0.92
17545,group_element_set,euclidean,34,0.28284271247461895,0.92
17554,group_element_set,euclidean,1083,0.2828427124746191,1.8
17558,group_element_set,euclidean,1321,0.282842712474619,1.08
17572,group_element_set,euclidean,25,0.28284271247461895,1.62
17575,group_element_set,euclidean,98,0.28284271247461895,0.34
17589,group_element_set,euclidean,5153,0.282842712474619,0.74
17599,group_element_set,euclidean,121,0.28284271247461895,2.04
17607,group_element_set,euclidean,25,0.28284271247461895,1.26
17611,group_element_set,euclidean,2,0.28284271247461895,1.44
17615,group_element_set,euclidean,3276,0.2828427124746191,1.74
17618,group_element_set,euclidean,21,0.28284271247461906,1.08
17626,group_element_set,euclidean,56,0.28284271247461895,2.18
17631,group_element_set,euclidean,147,0.28284271247461895,1.8
17632,group_element_set,euclidean,62,0.28284271247461895,1.38
17645,group_element_set,euclidean,76,0.28284271247461895,0.76
17658,group_element_set,euclidean,237,0.28284271247461895,0.5
17661,group_element_set,euclidean,104,0.28284271247461895,1.48
17690,group_element_set,euclidean,1230,0.282842712474619,1.58
17697,group_element_set,euclidean,127,0.28284271247461895,0.8
17700,group_element_set,euclidean,988,0.28284271247461906,1.66
17708,group_element_set,euclidean,33,0.28284271247461895,2.18
17713,group_element_set,euclidean,101,0.28284271247461906,1.94
17730,group_element_set,euclidean,317,0.2828427124746191,2.12
17775,group_element_set,euclidean,549,0.2828427124746191,1.46
17776,group_element_set,euclidean,130,0.28284271247461895,1.34
17779,group_element_set,euclidean,1015,0.28284271247461906,3.66
17788,group_element_set,euclidean,33,0.28284271247461895,2.54
17796,group_element_set,euclidean,1606,0.2828427124746191,1.82
17803,group_element_set,euclidean,81,0.28284271247461895,1.78
17804,group_element_set,euclidean,291,0.28284271247461895,1.84
17824,group_element_set,euclidean,234,0.28284271247461895,1.06
17829,group_element_set,euclidean,144,0.28284271247461895,1.6
17832,group_element_set,euclidean,2274,0.28284271247461906,1.7
17839,group_element_set,euclidean,92,0.28284271247461895,1.72
17859,group_element_set,euclidean,164,0.28284271247461895,1.1
17863,group_element_set,euclidean,55,0.28284271247461895,0.56
17886,group_element_set,euclidean,56,0.28284271247461895,1.34
17910,group_element_set,euclidean,147,0.28284271247461895,0.58
17922,group_element_set,euclidean,177,0.28284271247461895,2.64
17943,group_element_set,euclidean,3499,0.2828427124746191,1.64
17965,group_element_set,euclidean,201,0.28284271247461895,1.22
17987,group_element_set,euclidean,86,0.28284271247461895,1.84
17988,group_element_set,euclidean,9,0.28284271247461895,0.84
17995,group_element_set,euclidean,34,0.28284271247461895,0.84
17998,group_element_set,euclidean,11278,0.282842712474619,1.96
18005,group_element_set,euclidean,34,0.28284271247461895,1.7
18010,group_element_set,euclidean,1230,0.282842712474619,1.1
18011,group_element_set,euclidean,1355,0.2828427124746191,1.22
18023,group_element_set,euclidean,226,0.28284271247461895,0.38
18029,group_element_set,euclidean,25,0.28284271247461895,0.92
18043,group_element_set,euclidean,62,0.28284271247461895,1.56
18045,group_element_set,euclidean,2515,0.2828427124746191,1.86
18048,group_element_set,euclidean,1275,0.282842712474619,1.56
18049,group_element_set,euclidean,208,0.28284271247461895,1.04
18057,group_element_set,euclidean,164,0.28284271247461895,1.3
18059,group_element_set,euclidean,55,0.28284271247461895,1.32
18064,group_element_set,euclidean,1262,0.28284271247461906,1.6
18075,group_element_set,euclidean,269,0.28284271247461895,1.48
18076,group_element_set,euclidean,2259,0.2828427124746191,1.68
18093,group_element_set,euclidean,207,0.2828427124746191,1.06
18096,group_element_set,euclidean,462,0.28284271247461906,-0.14
18105,group_element_set,euclidean,821,0.282842712474619,1.9
18114,group_element_set,euclidean,1044,0.28284271247461906,0.58
18116,group_element_set,euclidean,104,0.28284271247461895,1.46
18119,group_element_set,euclidean,555,0.2828427124746191,0.38
18121,group_element_set,euclidean,1230,0.282842712474619,1.42
18137,group_element_set,euclidean,1868,0.28284271247461906,0.62
18169,group_element_set,euclidean,64,0.2828427124746191,0.88
18175,group_element_set,euclidean,20,0.28284271247461895,1.38
18196,group_element_set,euclidean,93,0.28284271247461895,2.02
18216,group_element_set,euclidean,1863,0.282842712474619,2.76
18220,group_element_set,euclidean,74,0.28284271247461895,1.36
18223,group_element_set,euclidean,217,0.28284271247461895,1.24
18230,group_element_set,euclidean,127,0.28284271247461895,0.58
18232,group_element_set,euclidean,86,0.28284271247461895,1.42
18233,group_element_set,euclidean,806,0.282842712474619,1.6
18264,group_element_set,euclidean,21,0.28284271247461895,0.68
18268,group_element_set,euclidean,144,0.28284271247461895,2.38
18271,group_element_set,euclidean,114,0.28284271247461895,1.74
18280,group_element_set,euclidean,75,0.2828427124746191,0.68
18283,group_element_set,euclidean,3969,0.2828427124746191,3.08
18302,group_element_set,euclidean,121,0.28284271247461895,1.08
18305,group_element_set,euclidean,3878,0.282842712474619,2.02
18309,group_element_set,euclidean,3,0.28284271247461895,1.36
18333,group_element_set,euclidean,1051,0.2828427124746191,1.06
18335,group_element_set,euclidean,821,0.282842712474619,1.22
18354,group_element_set,euclidean,88,0.28284271247461906,0.2
18356,group_element_set,euclidean,4,0.28284271247461895,1.92
18364,group_element_set,euclidean,635,0.28284271247461906,1.68
18370,group_element_set,euclidean,9756,0.28284271247461906,1.24
18381,group_element_set,euclidean,32,0.28284271247461895,1.02
18410,group_element_set,euclidean,740,0.282842712474619,0.56
18432,group_element_set,euclidean,498,0.28284271247461895,0.98
18449,group_element_set,euclidean,56,0.28284271247461895,1.94
18452,group_element_set,euclidean,571,0.28284271247461895,0.72
18463,group_element_set,euclidean,10,0.28284271247461895,1.06
18500,group_element_set,euclidean,94,0.28284271247461895,1.94
18510,group_element_set,euclidean,88,0.28284271247461906,2.56
18527,group_element_set,euclidean,3969,0.2828427124746191,1.96
18530,group_element_set,euclidean,573,0.28284271247461895,1.46
18537,group_element_set,euclidean,10,0.28284271247461895,1.36
18541,group_element_set,euclidean,15169,0.28284271247461895,1.74
18543,group_element_set,euclidean,164,0.2828427124746191,2.3
18576,group_element_set,euclidean,7,0.28284271247461895,1.16
18580,group_element_set,euclidean,1006,0.282842712474619,0.78
18581,group_element_set,euclidean,164,0.2828427124746191,2.3
18589,group_element_set,euclidean,104,0.28284271247461895,2.44
18603,group_element_set,euclidean,101,0.28284271247461906,2.64
18611,group_element_set,euclidean,282,0.28284271247461895,1.08
18616,group_element_set,euclidean,6186,0.282842712474619,1.42
18630,group_element_set,euclidean,60,0.28284271247461895,1.64
18639,group_element_set,euclidean,60,0.28284271247461895,1.3
18642,group_element_set,euclidean,58,0.28284271247461895,0.72
18658,group_element_set,euclidean,151,0.282842712474619,2.08
18665,group_element_set,euclidean,57,0.28284271247461895,1.48
18691,group_element_set,euclidean,1792,0.282842712474619,2.26
18693,group_element_set,euclidean,7,0.28284271247461895,1.4
18706,group_element_set,euclidean,164,0.28284271247461906,1.32
18719,group_element_set,euclidean,555,0.2828427124746191,0.94
18732,group_element_set,euclidean,20,0.28284271247461895,1.0
18759,group_element_set,euclidean,11,0.28284271247461895,1.98
18775,group_element_set,euclidean,60,0.28284271247461895,3.36
18776,group_element_set,euclidean,214,0.28284271247461895,2.0
18806,group_element_set,euclidean,635,0.28284271247461906,-0.24
18846,group_element_set,euclidean,4521,0.282842712474619,1.74
18847,group_element_set,euclidean,10,0.28284271247461895,1.52
18851,group_element_set,euclidean,1745,0.2828427124746191,1.06
18862,group_element_set,euclidean,382,0.2828427124746191,0.68
18870,group_element_set,euclidean,2926,0.28284271247461906,2.78
18891,group_element_set,euclidean,365,0.28284271247461906,0.9
18899,group_element_set,euclidean,175,0.28284271247461895,1.82
